dataset_release,db_version,source_database_reproducible_identity,source_alias_paths,log_id,log_name,db_file,vehicle_name,source_split,map_location,map_version,log_date,log_timestamp_us,lidar_timestamp_min_us,lidar_timestamp_max_us,runnable_timestamp_min_us,runnable_timestamp_max_us,scene_count,lidar_pc_count,runnable_scenario_token_count,runnable_scenario_token_min,runnable_scenario_token_max,runnable_scenario_token_set_sha256,runnable_scenario_type_family_counts_json,runnable_tagged_distinct_token_count,runnability_rule,materialization_level,historical_token_matches_in_log,historical_log_excluded
nuplan-v1.1_LOCAL_PATH_CONVENTION,sqlite:3.53.1;schema_sha256:6cc76ba986501f0b50b3f30be4fe99285f7fd664299483d0b028e4d7ec3a07a4;page_count:2234;page_size:4096,path:/Users/liuqing/Projects/01_E2E_QA_Code/nuplan/dataset/data/cache/train_pittsburgh/2021.08.17.18.11.12_veh-08_01622_01709.db;size:9150464;mtime_ns:1663912188000000000,/Users/liuqing/Projects/01_E2E_QA_Code/nuplan/dataset/data/cache/train_pittsburgh/2021.08.17.18.11.12_veh-08_01622_01709.db,1dadf9ffee195bc9,2021.08.17.18.11.12_veh-08_01622_01709,2021.08.17.18.11.12_veh-08_01622_01709.db,veh-08,train_pittsburgh,us-pa-pittsburgh-hazelwood,us-pa-pittsburgh-hazelwood,2021-08-17,1629223982350069,1629225604650053,1629225691600338,1629225642349542,1629225662299821,5,1740,400,000e9f81c0275c27,ffe53ea6ab715634,befcd9ca562c139c97d23013c4c668de1f2ffabc37a2b076296184e842e763ba,"{""stationary"":{""distinct_tokens"":343,""tag_rows"":343}}",343,official-compatible scene rank: ROW_NUMBER(scene ORDER BY name)>=3 and <scene_count-1,ONE_ROW_PER_LOG; complete sorted runnable-token set bound by count/min/max/SHA256,0,false
nuplan-v1.1_LOCAL_PATH_CONVENTION,sqlite:3.53.1;schema_sha256:6cc76ba986501f0b50b3f30be4fe99285f7fd664299483d0b028e4d7ec3a07a4;page_count:3028;page_size:4096,path:/Users/liuqing/Projects/01_E2E_QA_Code/nuplan/dataset/data/cache/train_pittsburgh/2021.08.17.18.43.12_veh-43_02784_02851.db;size:12402688;mtime_ns:1663911019000000000,/Users/liuqing/Projects/01_E2E_QA_Code/nuplan/dataset/data/cache/train_pittsburgh/2021.08.17.18.43.12_veh-43_02784_02851.db,2d57eb0e89a65c05,2021.08.17.18.43.12_veh-43_02784_02851,2021.08.17.18.43.12_veh-43_02784_02851.db,veh-43,train_pittsburgh,us-pa-pittsburgh-hazelwood,us-pa-pittsburgh-hazelwood,2021-08-17,1629225899349482,1629228684049777,1629228750999685,,,4,1340,0,,,e3b0c44298fc1c149afbf4c8996fb92427ae41e4649b934ca495991b7852b855,{},0,official-compatible scene rank: ROW_NUMBER(scene ORDER BY name)>=3 and <scene_count-1,ONE_ROW_PER_LOG; complete sorted runnable-token set bound by count/min/max/SHA256,0,false
nuplan-v1.1_LOCAL_PATH_CONVENTION,sqlite:3.53.1;schema_sha256:6cc76ba986501f0b50b3f30be4fe99285f7fd664299483d0b028e4d7ec3a07a4;page_count:973;page_size:4096,path:/Users/liuqing/Projects/01_E2E_QA_Code/nuplan/dataset/data/cache/train_pittsburgh/2021.08.17.19.18.39_veh-08_00118_00178.db;size:3985408;mtime_ns:1663912189000000000,/Users/liuqing/Projects/01_E2E_QA_Code/nuplan/dataset/data/cache/train_pittsburgh/2021.08.17.19.18.39_veh-08_00118_00178.db,cbb6d615713a50c1,2021.08.17.19.18.39_veh-08_00118_00178,2021.08.17.19.18.39_veh-08_00118_00178.db,veh-08,train_pittsburgh,us-pa-pittsburgh-hazelwood,us-pa-pittsburgh-hazelwood,2021-08-17,1629227985450059,1629228103850178,1629228163800215,,,4,1200,0,,,e3b0c44298fc1c149afbf4c8996fb92427ae41e4649b934ca495991b7852b855,{},0,official-compatible scene rank: ROW_NUMBER(scene ORDER BY name)>=3 and <scene_count-1,ONE_ROW_PER_LOG; complete sorted runnable-token set bound by count/min/max/SHA256,0,false
nuplan-v1.1_LOCAL_PATH_CONVENTION,sqlite:3.53.1;schema_sha256:6cc76ba986501f0b50b3f30be4fe99285f7fd664299483d0b028e4d7ec3a07a4;page_count:1966;page_size:4096,path:/Users/liuqing/Projects/01_E2E_QA_Code/nuplan/dataset/data/cache/train_pittsburgh/2021.08.19.15.03.05_veh-45_01660_01736.db;size:8052736;mtime_ns:1663912190000000000,/Users/liuqing/Projects/01_E2E_QA_Code/nuplan/dataset/data/cache/train_pittsburgh/2021.08.19.15.03.05_veh-45_01660_01736.db,0e42c1c5dbb75a4c,2021.08.19.15.03.05_veh-45_01660_01736,2021.08.19.15.03.05_veh-45_01660_01736.db,veh-45,train_pittsburgh,us-pa-pittsburgh-hazelwood,us-pa-pittsburgh-hazelwood,2021-08-19,1629385605899609,1629387266549854,1629387342499687,,,4,1520,0,,,e3b0c44298fc1c149afbf4c8996fb92427ae41e4649b934ca495991b7852b855,{},0,official-compatible scene rank: ROW_NUMBER(scene ORDER BY name)>=3 and <scene_count-1,ONE_ROW_PER_LOG; complete sorted runnable-token set bound by count/min/max/SHA256,0,false
nuplan-v1.1_LOCAL_PATH_CONVENTION,sqlite:3.53.1;schema_sha256:6cc76ba986501f0b50b3f30be4fe99285f7fd664299483d0b028e4d7ec3a07a4;page_count:984;page_size:4096,path:/Users/liuqing/Projects/01_E2E_QA_Code/nuplan/dataset/data/cache/train_pittsburgh/2021.08.19.18.08.28_veh-45_00342_00404.db;size:4030464;mtime_ns:1663912191000000000,/Users/liuqing/Projects/01_E2E_QA_Code/nuplan/dataset/data/cache/train_pittsburgh/2021.08.19.18.08.28_veh-45_00342_00404.db,a474f178f1485061,2021.08.19.18.08.28_veh-45_00342_00404,2021.08.19.18.08.28_veh-45_00342_00404.db,veh-45,train_pittsburgh,us-pa-pittsburgh-hazelwood,us-pa-pittsburgh-hazelwood,2021-08-19,1629396577349480,1629396919999904,1629396981950267,,,4,1240,0,,,e3b0c44298fc1c149afbf4c8996fb92427ae41e4649b934ca495991b7852b855,{},0,official-compatible scene rank: ROW_NUMBER(scene ORDER BY name)>=3 and <scene_count-1,ONE_ROW_PER_LOG; complete sorted runnable-token set bound by count/min/max/SHA256,0,false
nuplan-v1.1_LOCAL_PATH_CONVENTION,sqlite:3.53.1;schema_sha256:6cc76ba986501f0b50b3f30be4fe99285f7fd664299483d0b028e4d7ec3a07a4;page_count:1581;page_size:4096,path:/Users/liuqing/Projects/01_E2E_QA_Code/nuplan/dataset/data/cache/train_pittsburgh/2021.08.19.19.22.25_veh-08_00016_00108.db;size:6475776;mtime_ns:1663912191000000000,/Users/liuqing/Projects/01_E2E_QA_Code/nuplan/dataset/data/cache/train_pittsburgh/2021.08.19.19.22.25_veh-08_00016_00108.db,10aa05385bb65906,2021.08.19.19.22.25_veh-08_00016_00108,2021.08.19.19.22.25_veh-08_00016_00108.db,veh-08,train_pittsburgh,us-pa-pittsburgh-hazelwood,us-pa-pittsburgh-hazelwood,2021-08-19,1629401017899712,1629401034149741,1629401126100022,1629401057900334,1629401097900013,6,1840,801,00cc0d7463a45321,fe9419fdba985a78,0d57f753580f5ce5ccb93891ea6fccf9d34f4ca1bbf19df843ed32a981de5d20,"{""stationary"":{""distinct_tokens"":787,""tag_rows"":787}}",787,official-compatible scene rank: ROW_NUMBER(scene ORDER BY name)>=3 and <scene_count-1,ONE_ROW_PER_LOG; complete sorted runnable-token set bound by count/min/max/SHA256,0,false
nuplan-v1.1_LOCAL_PATH_CONVENTION,sqlite:3.53.1;schema_sha256:6cc76ba986501f0b50b3f30be4fe99285f7fd664299483d0b028e4d7ec3a07a4;page_count:2613;page_size:4096,path:/Users/liuqing/Projects/01_E2E_QA_Code/nuplan/dataset/data/cache/train_pittsburgh/2021.08.20.12.28.52_veh-42_01164_01236.db;size:10702848;mtime_ns:1663912191000000000,/Users/liuqing/Projects/01_E2E_QA_Code/nuplan/dataset/data/cache/train_pittsburgh/2021.08.20.12.28.52_veh-42_01164_01236.db,e36554b95c8e53f4,2021.08.20.12.28.52_veh-42_01164_01236,2021.08.20.12.28.52_veh-42_01164_01236.db,veh-42,train_pittsburgh,us-pa-pittsburgh-hazelwood,us-pa-pittsburgh-hazelwood,2021-08-20,1629462736350038,1629463901399717,1629463973350025,,,4,1440,0,,,e3b0c44298fc1c149afbf4c8996fb92427ae41e4649b934ca495991b7852b855,{},0,official-compatible scene rank: ROW_NUMBER(scene ORDER BY name)>=3 and <scene_count-1,ONE_ROW_PER_LOG; complete sorted runnable-token set bound by count/min/max/SHA256,0,false
nuplan-v1.1_LOCAL_PATH_CONVENTION,sqlite:3.53.1;schema_sha256:6cc76ba986501f0b50b3f30be4fe99285f7fd664299483d0b028e4d7ec3a07a4;page_count:1282;page_size:4096,path:/Users/liuqing/Projects/01_E2E_QA_Code/nuplan/dataset/data/cache/train_pittsburgh/2021.08.20.13.02.56_veh-42_01642_01706.db;size:5251072;mtime_ns:1663912192000000000,/Users/liuqing/Projects/01_E2E_QA_Code/nuplan/dataset/data/cache/train_pittsburgh/2021.08.20.13.02.56_veh-42_01642_01706.db,e24338355ba15215,2021.08.20.13.02.56_veh-42_01642_01706,2021.08.20.13.02.56_veh-42_01642_01706.db,veh-42,train_pittsburgh,us-pa-pittsburgh-hazelwood,us-pa-pittsburgh-hazelwood,2021-08-20,1629464743099749,1629466385949613,1629466449899704,,,4,1280,0,,,e3b0c44298fc1c149afbf4c8996fb92427ae41e4649b934ca495991b7852b855,{},0,official-compatible scene rank: ROW_NUMBER(scene ORDER BY name)>=3 and <scene_count-1,ONE_ROW_PER_LOG; complete sorted runnable-token set bound by count/min/max/SHA256,0,false
nuplan-v1.1_LOCAL_PATH_CONVENTION,sqlite:3.53.1;schema_sha256:6cc76ba986501f0b50b3f30be4fe99285f7fd664299483d0b028e4d7ec3a07a4;page_count:1617;page_size:4096,path:/Users/liuqing/Projects/01_E2E_QA_Code/nuplan/dataset/data/cache/train_pittsburgh/2021.08.20.13.34.11_veh-45_01652_01717.db;size:6623232;mtime_ns:1663912192000000000,/Users/liuqing/Projects/01_E2E_QA_Code/nuplan/dataset/data/cache/train_pittsburgh/2021.08.20.13.34.11_veh-45_01652_01717.db,1b56eb719f1d57eb,2021.08.20.13.34.11_veh-45_01652_01717,2021.08.20.13.34.11_veh-45_01652_01717.db,veh-45,train_pittsburgh,us-pa-pittsburgh-hazelwood,us-pa-pittsburgh-hazelwood,2021-08-20,1629466584500341,1629468237049683,1629468302000104,,,4,1300,0,,,e3b0c44298fc1c149afbf4c8996fb92427ae41e4649b934ca495991b7852b855,{},0,official-compatible scene rank: ROW_NUMBER(scene ORDER BY name)>=3 and <scene_count-1,ONE_ROW_PER_LOG; complete sorted runnable-token set bound by count/min/max/SHA256,0,false
nuplan-v1.1_LOCAL_PATH_CONVENTION,sqlite:3.53.1;schema_sha256:6cc76ba986501f0b50b3f30be4fe99285f7fd664299483d0b028e4d7ec3a07a4;page_count:1985;page_size:4096,path:/Users/liuqing/Projects/01_E2E_QA_Code/nuplan/dataset/data/cache/train_pittsburgh/2021.08.20.13.55.47_veh-08_01236_01299.db;size:8130560;mtime_ns:1663911020000000000,/Users/liuqing/Projects/01_E2E_QA_Code/nuplan/dataset/data/cache/train_pittsburgh/2021.08.20.13.55.47_veh-08_01236_01299.db,b34fac39b8a15f3c,2021.08.20.13.55.47_veh-08_01236_01299,2021.08.20.13.55.47_veh-08_01236_01299.db,veh-08,train_pittsburgh,us-pa-pittsburgh-hazelwood,us-pa-pittsburgh-hazelwood,2021-08-20,1629467955950432,1629469192449753,1629469255400242,,,4,1260,0,,,e3b0c44298fc1c149afbf4c8996fb92427ae41e4649b934ca495991b7852b855,{},0,official-compatible scene rank: ROW_NUMBER(scene ORDER BY name)>=3 and <scene_count-1,ONE_ROW_PER_LOG; complete sorted runnable-token set bound by count/min/max/SHA256,0,false
nuplan-v1.1_LOCAL_PATH_CONVENTION,sqlite:3.53.1;schema_sha256:6cc76ba986501f0b50b3f30be4fe99285f7fd664299483d0b028e4d7ec3a07a4;page_count:5687;page_size:4096,path:/Users/liuqing/Projects/01_E2E_QA_Code/nuplan/dataset/data/cache/train_pittsburgh/2021.08.20.13.55.47_veh-08_02119_02235.db;size:23293952;mtime_ns:1663911020000000000,/Users/liuqing/Projects/01_E2E_QA_Code/nuplan/dataset/data/cache/train_pittsburgh/2021.08.20.13.55.47_veh-08_02119_02235.db,3a5c92dfc3ef55b5,2021.08.20.13.55.47_veh-08_02119_02235,2021.08.20.13.55.47_veh-08_02119_02235.db,veh-08,train_pittsburgh,us-pa-pittsburgh-hazelwood,us-pa-pittsburgh-hazelwood,2021-08-20,1629467955950432,1629470075450207,1629470191400249,1629470095949959,1629470155900470,7,2320,1200,00376a028d6d5501,ffb1442be3ff51ca,9aca9df287c5001dfb5e77241c98b10a61c5e4ae8986370f276f041d1618cc4f,{},0,official-compatible scene rank: ROW_NUMBER(scene ORDER BY name)>=3 and <scene_count-1,ONE_ROW_PER_LOG; complete sorted runnable-token set bound by count/min/max/SHA256,0,false
nuplan-v1.1_LOCAL_PATH_CONVENTION,sqlite:3.53.1;schema_sha256:6cc76ba986501f0b50b3f30be4fe99285f7fd664299483d0b028e4d7ec3a07a4;page_count:906;page_size:4096,path:/Users/liuqing/Projects/01_E2E_QA_Code/nuplan/dataset/data/cache/train_pittsburgh/2021.08.20.14.28.03_veh-45_03203_03263.db;size:3710976;mtime_ns:1663912192000000000,/Users/liuqing/Projects/01_E2E_QA_Code/nuplan/dataset/data/cache/train_pittsburgh/2021.08.20.14.28.03_veh-45_03203_03263.db,9384fd1838985b97,2021.08.20.14.28.03_veh-45_03203_03263,2021.08.20.14.28.03_veh-45_03203_03263.db,veh-45,train_pittsburgh,us-pa-pittsburgh-hazelwood,us-pa-pittsburgh-hazelwood,2021-08-20,1629469794549786,1629472997650846,1629473057600572,,,4,1200,0,,,e3b0c44298fc1c149afbf4c8996fb92427ae41e4649b934ca495991b7852b855,{},0,official-compatible scene rank: ROW_NUMBER(scene ORDER BY name)>=3 and <scene_count-1,ONE_ROW_PER_LOG; complete sorted runnable-token set bound by count/min/max/SHA256,0,false
nuplan-v1.1_LOCAL_PATH_CONVENTION,sqlite:3.53.1;schema_sha256:6cc76ba986501f0b50b3f30be4fe99285f7fd664299483d0b028e4d7ec3a07a4;page_count:1030;page_size:4096,path:/Users/liuqing/Projects/01_E2E_QA_Code/nuplan/dataset/data/cache/train_pittsburgh/2021.08.20.16.54.30_veh-08_00228_00289.db;size:4218880;mtime_ns:1663912192000000000,/Users/liuqing/Projects/01_E2E_QA_Code/nuplan/dataset/data/cache/train_pittsburgh/2021.08.20.16.54.30_veh-08_00228_00289.db,a30cb89d9a865fdc,2021.08.20.16.54.30_veh-08_00228_00289,2021.08.20.16.54.30_veh-08_00228_00289.db,veh-08,train_pittsburgh,us-pa-pittsburgh-hazelwood,us-pa-pittsburgh-hazelwood,2021-08-20,1629478576649483,1629478805649882,1629478866599445,,,4,1220,0,,,e3b0c44298fc1c149afbf4c8996fb92427ae41e4649b934ca495991b7852b855,{},0,official-compatible scene rank: ROW_NUMBER(scene ORDER BY name)>=3 and <scene_count-1,ONE_ROW_PER_LOG; complete sorted runnable-token set bound by count/min/max/SHA256,0,false
nuplan-v1.1_LOCAL_PATH_CONVENTION,sqlite:3.53.1;schema_sha256:6cc76ba986501f0b50b3f30be4fe99285f7fd664299483d0b028e4d7ec3a07a4;page_count:1072;page_size:4096,path:/Users/liuqing/Projects/01_E2E_QA_Code/nuplan/dataset/data/cache/train_pittsburgh/2021.08.20.16.54.30_veh-08_02610_02673.db;size:4390912;mtime_ns:1663912192000000000,/Users/liuqing/Projects/01_E2E_QA_Code/nuplan/dataset/data/cache/train_pittsburgh/2021.08.20.16.54.30_veh-08_02610_02673.db,b04f107bb2135821,2021.08.20.16.54.30_veh-08_02610_02673,2021.08.20.16.54.30_veh-08_02610_02673.db,veh-08,train_pittsburgh,us-pa-pittsburgh-hazelwood,us-pa-pittsburgh-hazelwood,2021-08-20,1629478576649483,1629481187649741,1629481250599533,,,4,1260,0,,,e3b0c44298fc1c149afbf4c8996fb92427ae41e4649b934ca495991b7852b855,{},0,official-compatible scene rank: ROW_NUMBER(scene ORDER BY name)>=3 and <scene_count-1,ONE_ROW_PER_LOG; complete sorted runnable-token set bound by count/min/max/SHA256,0,false
nuplan-v1.1_LOCAL_PATH_CONVENTION,sqlite:3.53.1;schema_sha256:6cc76ba986501f0b50b3f30be4fe99285f7fd664299483d0b028e4d7ec3a07a4;page_count:2132;page_size:4096,path:/Users/liuqing/Projects/01_E2E_QA_Code/nuplan/dataset/data/cache/train_pittsburgh/2021.08.20.17.54.47_veh-45_00482_00549.db;size:8732672;mtime_ns:1663912193000000000,/Users/liuqing/Projects/01_E2E_QA_Code/nuplan/dataset/data/cache/train_pittsburgh/2021.08.20.17.54.47_veh-45_00482_00549.db,5c8a9edc9d195e30,2021.08.20.17.54.47_veh-45_00482_00549,2021.08.20.17.54.47_veh-45_00482_00549.db,veh-45,train_pittsburgh,us-pa-pittsburgh-hazelwood,us-pa-pittsburgh-hazelwood,2021-08-20,1629482181499790,1629482664350225,1629482731300202,,,4,1340,0,,,e3b0c44298fc1c149afbf4c8996fb92427ae41e4649b934ca495991b7852b855,{},0,official-compatible scene rank: ROW_NUMBER(scene ORDER BY name)>=3 and <scene_count-1,ONE_ROW_PER_LOG; complete sorted runnable-token set bound by count/min/max/SHA256,0,false
nuplan-v1.1_LOCAL_PATH_CONVENTION,sqlite:3.53.1;schema_sha256:6cc76ba986501f0b50b3f30be4fe99285f7fd664299483d0b028e4d7ec3a07a4;page_count:969;page_size:4096,path:/Users/liuqing/Projects/01_E2E_QA_Code/nuplan/dataset/data/cache/train_pittsburgh/2021.08.20.17.54.47_veh-45_03050_03111.db;size:3969024;mtime_ns:1663912193000000000,/Users/liuqing/Projects/01_E2E_QA_Code/nuplan/dataset/data/cache/train_pittsburgh/2021.08.20.17.54.47_veh-45_03050_03111.db,560fd58d2cc05029,2021.08.20.17.54.47_veh-45_03050_03111,2021.08.20.17.54.47_veh-45_03050_03111.db,veh-45,train_pittsburgh,us-pa-pittsburgh-hazelwood,us-pa-pittsburgh-hazelwood,2021-08-20,1629482181499790,1629485232349523,1629485293300182,,,4,1220,0,,,e3b0c44298fc1c149afbf4c8996fb92427ae41e4649b934ca495991b7852b855,{},0,official-compatible scene rank: ROW_NUMBER(scene ORDER BY name)>=3 and <scene_count-1,ONE_ROW_PER_LOG; complete sorted runnable-token set bound by count/min/max/SHA256,0,false
nuplan-v1.1_LOCAL_PATH_CONVENTION,sqlite:3.53.1;schema_sha256:6cc76ba986501f0b50b3f30be4fe99285f7fd664299483d0b028e4d7ec3a07a4;page_count:2993;page_size:4096,path:/Users/liuqing/Projects/01_E2E_QA_Code/nuplan/dataset/data/cache/train_pittsburgh/2021.08.23.12.33.24_veh-42_01929_02029.db;size:12259328;mtime_ns:1663912194000000000,/Users/liuqing/Projects/01_E2E_QA_Code/nuplan/dataset/data/cache/train_pittsburgh/2021.08.23.12.33.24_veh-42_01929_02029.db,0ea74841eeef5893,2021.08.23.12.33.24_veh-42_01929_02029,2021.08.23.12.33.24_veh-42_01929_02029.db,veh-42,train_pittsburgh,us-pa-pittsburgh-hazelwood,us-pa-pittsburgh-hazelwood,2021-08-23,1629722087549750,1629724017099603,1629724117050632,1629724047549917,1629724087499636,6,2000,800,001f6bf54a055dc5,ffe5a4dfa27b5f13,ed8117159c4a9a859388639b4a7f89b75e050ca4fbdb105c795e0ce3583b53c9,"{""stationary"":{""distinct_tokens"":800,""tag_rows"":800}}",800,official-compatible scene rank: ROW_NUMBER(scene ORDER BY name)>=3 and <scene_count-1,ONE_ROW_PER_LOG; complete sorted runnable-token set bound by count/min/max/SHA256,0,false
nuplan-v1.1_LOCAL_PATH_CONVENTION,sqlite:3.53.1;schema_sha256:6cc76ba986501f0b50b3f30be4fe99285f7fd664299483d0b028e4d7ec3a07a4;page_count:1966;page_size:4096,path:/Users/liuqing/Projects/01_E2E_QA_Code/nuplan/dataset/data/cache/train_pittsburgh/2021.08.23.12.37.38_veh-45_01111_01182.db;size:8052736;mtime_ns:1663912194000000000,/Users/liuqing/Projects/01_E2E_QA_Code/nuplan/dataset/data/cache/train_pittsburgh/2021.08.23.12.37.38_veh-45_01111_01182.db,23029c9b36485d22,2021.08.23.12.37.38_veh-45_01111_01182,2021.08.23.12.37.38_veh-45_01111_01182.db,veh-45,train_pittsburgh,us-pa-pittsburgh-hazelwood,us-pa-pittsburgh-hazelwood,2021-08-23,1629722336499386,1629723447699485,1629723518650636,1629723476499387,1629723496449354,5,1420,400,0074fa0bfb3a5491,ff106480dfe15da7,10103a049396ac11cd023b2364ae3eaf1b0fbbcb7696c8ebffa367f7fe791b12,"{""stationary"":{""distinct_tokens"":400,""tag_rows"":400}}",400,official-compatible scene rank: ROW_NUMBER(scene ORDER BY name)>=3 and <scene_count-1,ONE_ROW_PER_LOG; complete sorted runnable-token set bound by count/min/max/SHA256,0,false
nuplan-v1.1_LOCAL_PATH_CONVENTION,sqlite:3.53.1;schema_sha256:6cc76ba986501f0b50b3f30be4fe99285f7fd664299483d0b028e4d7ec3a07a4;page_count:1045;page_size:4096,path:/Users/liuqing/Projects/01_E2E_QA_Code/nuplan/dataset/data/cache/train_pittsburgh/2021.08.23.13.17.08_veh-42_00863_00924.db;size:4280320;mtime_ns:1663912194000000000,/Users/liuqing/Projects/01_E2E_QA_Code/nuplan/dataset/data/cache/train_pittsburgh/2021.08.23.13.17.08_veh-42_00863_00924.db,b5a490a1321f5dca,2021.08.23.13.17.08_veh-42_00863_00924,2021.08.23.13.17.08_veh-42_00863_00924.db,veh-42,train_pittsburgh,us-pa-pittsburgh-hazelwood,us-pa-pittsburgh-hazelwood,2021-08-23,1629724704799528,1629725568750064,1629725629699482,,,4,1220,0,,,e3b0c44298fc1c149afbf4c8996fb92427ae41e4649b934ca495991b7852b855,{},0,official-compatible scene rank: ROW_NUMBER(scene ORDER BY name)>=3 and <scene_count-1,ONE_ROW_PER_LOG; complete sorted runnable-token set bound by count/min/max/SHA256,0,false
nuplan-v1.1_LOCAL_PATH_CONVENTION,sqlite:3.53.1;schema_sha256:6cc76ba986501f0b50b3f30be4fe99285f7fd664299483d0b028e4d7ec3a07a4;page_count:3406;page_size:4096,path:/Users/liuqing/Projects/01_E2E_QA_Code/nuplan/dataset/data/cache/train_pittsburgh/2021.08.23.13.28.21_veh-08_01965_02031.db;size:13950976;mtime_ns:1663912194000000000,/Users/liuqing/Projects/01_E2E_QA_Code/nuplan/dataset/data/cache/train_pittsburgh/2021.08.23.13.28.21_veh-08_01965_02031.db,d695fdeacddf58f1,2021.08.23.13.28.21_veh-08_01965_02031,2021.08.23.13.28.21_veh-08_01965_02031.db,veh-08,train_pittsburgh,us-pa-pittsburgh-hazelwood,us-pa-pittsburgh-hazelwood,2021-08-23,1629725669150059,1629727634749873,1629727700700017,,,4,1320,0,,,e3b0c44298fc1c149afbf4c8996fb92427ae41e4649b934ca495991b7852b855,{},0,official-compatible scene rank: ROW_NUMBER(scene ORDER BY name)>=3 and <scene_count-1,ONE_ROW_PER_LOG; complete sorted runnable-token set bound by count/min/max/SHA256,0,false
nuplan-v1.1_LOCAL_PATH_CONVENTION,sqlite:3.53.1;schema_sha256:6cc76ba986501f0b50b3f30be4fe99285f7fd664299483d0b028e4d7ec3a07a4;page_count:3420;page_size:4096,path:/Users/liuqing/Projects/01_E2E_QA_Code/nuplan/dataset/data/cache/train_pittsburgh/2021.08.23.14.02.02_veh-42_00654_00738.db;size:14008320;mtime_ns:1663912194000000000,/Users/liuqing/Projects/01_E2E_QA_Code/nuplan/dataset/data/cache/train_pittsburgh/2021.08.23.14.02.02_veh-42_00654_00738.db,f2d3aeb4f65351ea,2021.08.23.14.02.02_veh-42_00654_00738,2021.08.23.14.02.02_veh-42_00654_00738.db,veh-42,train_pittsburgh,us-pa-pittsburgh-hazelwood,us-pa-pittsburgh-hazelwood,2021-08-23,1629727398150254,1629728052199603,1629728136149462,1629728078149515,1629728098100060,5,1680,400,0045c6fbf27e5a89,ffa51749bcbd5c27,b2f6214916636077fe2a62dec2a235a28742d4854fe5404c7bf9ac9c24159de7,"{""on_carpark"":{""distinct_tokens"":400,""tag_rows"":400},""stationary"":{""distinct_tokens"":400,""tag_rows"":400}}",400,official-compatible scene rank: ROW_NUMBER(scene ORDER BY name)>=3 and <scene_count-1,ONE_ROW_PER_LOG; complete sorted runnable-token set bound by count/min/max/SHA256,0,false
nuplan-v1.1_LOCAL_PATH_CONVENTION,sqlite:3.53.1;schema_sha256:6cc76ba986501f0b50b3f30be4fe99285f7fd664299483d0b028e4d7ec3a07a4;page_count:3112;page_size:4096,path:/Users/liuqing/Projects/01_E2E_QA_Code/nuplan/dataset/data/cache/train_pittsburgh/2021.08.23.14.02.02_veh-42_01042_01130.db;size:12746752;mtime_ns:1663912194000000000,/Users/liuqing/Projects/01_E2E_QA_Code/nuplan/dataset/data/cache/train_pittsburgh/2021.08.23.14.02.02_veh-42_01042_01130.db,dfc3ccb604755e3e,2021.08.23.14.02.02_veh-42_01042_01130,2021.08.23.14.02.02_veh-42_01042_01130.db,veh-42,train_pittsburgh,us-pa-pittsburgh-hazelwood,us-pa-pittsburgh-hazelwood,2021-08-23,1629727398150254,1629728440200130,1629728528149616,1629728478149791,1629728498099662,5,1760,400,008fcccda0d85a98,ffcc6fcd15cf5da2,f6ee905f99d5a9cdac50ae40ae8926aa84251be79738aa2340c994babb2f5896,"{""low_magnitude_speed"":{""distinct_tokens"":34,""tag_rows"":34},""on_carpark"":{""distinct_tokens"":400,""tag_rows"":400},""stationary"":{""distinct_tokens"":287,""tag_rows"":287}}",400,official-compatible scene rank: ROW_NUMBER(scene ORDER BY name)>=3 and <scene_count-1,ONE_ROW_PER_LOG; complete sorted runnable-token set bound by count/min/max/SHA256,0,false
nuplan-v1.1_LOCAL_PATH_CONVENTION,sqlite:3.53.1;schema_sha256:6cc76ba986501f0b50b3f30be4fe99285f7fd664299483d0b028e4d7ec3a07a4;page_count:1233;page_size:4096,path:/Users/liuqing/Projects/01_E2E_QA_Code/nuplan/dataset/data/cache/train_pittsburgh/2021.08.23.14.27.31_veh-45_00034_00095.db;size:5050368;mtime_ns:1663912195000000000,/Users/liuqing/Projects/01_E2E_QA_Code/nuplan/dataset/data/cache/train_pittsburgh/2021.08.23.14.27.31_veh-45_00034_00095.db,8c779f51dbbd5d3c,2021.08.23.14.27.31_veh-45_00034_00095,2021.08.23.14.27.31_veh-45_00034_00095.db,veh-45,train_pittsburgh,us-pa-pittsburgh-hazelwood,us-pa-pittsburgh-hazelwood,2021-08-23,1629728977149827,1629729012149403,1629729073099807,,,4,1220,0,,,e3b0c44298fc1c149afbf4c8996fb92427ae41e4649b934ca495991b7852b855,{},0,official-compatible scene rank: ROW_NUMBER(scene ORDER BY name)>=3 and <scene_count-1,ONE_ROW_PER_LOG; complete sorted runnable-token set bound by count/min/max/SHA256,0,false
nuplan-v1.1_LOCAL_PATH_CONVENTION,sqlite:3.53.1;schema_sha256:6cc76ba986501f0b50b3f30be4fe99285f7fd664299483d0b028e4d7ec3a07a4;page_count:1064;page_size:4096,path:/Users/liuqing/Projects/01_E2E_QA_Code/nuplan/dataset/data/cache/train_pittsburgh/2021.08.23.15.14.44_veh-08_00025_00097.db;size:4358144;mtime_ns:1663912195000000000,/Users/liuqing/Projects/01_E2E_QA_Code/nuplan/dataset/data/cache/train_pittsburgh/2021.08.23.15.14.44_veh-08_00025_00097.db,d7eaccfbe02f50fb,2021.08.23.15.14.44_veh-08_00025_00097,2021.08.23.15.14.44_veh-08_00025_00097.db,veh-08,train_pittsburgh,us-pa-pittsburgh-hazelwood,us-pa-pittsburgh-hazelwood,2021-08-23,1629731805999767,1629731831400246,1629731903350169,,,4,1440,0,,,e3b0c44298fc1c149afbf4c8996fb92427ae41e4649b934ca495991b7852b855,{},0,official-compatible scene rank: ROW_NUMBER(scene ORDER BY name)>=3 and <scene_count-1,ONE_ROW_PER_LOG; complete sorted runnable-token set bound by count/min/max/SHA256,0,false
nuplan-v1.1_LOCAL_PATH_CONVENTION,sqlite:3.53.1;schema_sha256:6cc76ba986501f0b50b3f30be4fe99285f7fd664299483d0b028e4d7ec3a07a4;page_count:1058;page_size:4096,path:/Users/liuqing/Projects/01_E2E_QA_Code/nuplan/dataset/data/cache/train_pittsburgh/2021.08.23.15.14.44_veh-08_01602_01663.db;size:4333568;mtime_ns:1663912195000000000,/Users/liuqing/Projects/01_E2E_QA_Code/nuplan/dataset/data/cache/train_pittsburgh/2021.08.23.15.14.44_veh-08_01602_01663.db,6ca8a348f62b587b,2021.08.23.15.14.44_veh-08_01602_01663,2021.08.23.15.14.44_veh-08_01602_01663.db,veh-08,train_pittsburgh,us-pa-pittsburgh-hazelwood,us-pa-pittsburgh-hazelwood,2021-08-23,1629731805999767,1629733408399946,1629733469350195,,,4,1220,0,,,e3b0c44298fc1c149afbf4c8996fb92427ae41e4649b934ca495991b7852b855,{},0,official-compatible scene rank: ROW_NUMBER(scene ORDER BY name)>=3 and <scene_count-1,ONE_ROW_PER_LOG; complete sorted runnable-token set bound by count/min/max/SHA256,0,false
nuplan-v1.1_LOCAL_PATH_CONVENTION,sqlite:3.53.1;schema_sha256:6cc76ba986501f0b50b3f30be4fe99285f7fd664299483d0b028e4d7ec3a07a4;page_count:1193;page_size:4096,path:/Users/liuqing/Projects/01_E2E_QA_Code/nuplan/dataset/data/cache/train_pittsburgh/2021.08.23.16.32.43_veh-45_00157_00218.db;size:4886528;mtime_ns:1663912195000000000,/Users/liuqing/Projects/01_E2E_QA_Code/nuplan/dataset/data/cache/train_pittsburgh/2021.08.23.16.32.43_veh-45_00157_00218.db,6c1e81e43f145281,2021.08.23.16.32.43_veh-45_00157_00218,2021.08.23.16.32.43_veh-45_00157_00218.db,veh-45,train_pittsburgh,us-pa-pittsburgh-hazelwood,us-pa-pittsburgh-hazelwood,2021-08-23,1629736460449558,1629736617549823,1629736678499050,,,4,1220,0,,,e3b0c44298fc1c149afbf4c8996fb92427ae41e4649b934ca495991b7852b855,{},0,official-compatible scene rank: ROW_NUMBER(scene ORDER BY name)>=3 and <scene_count-1,ONE_ROW_PER_LOG; complete sorted runnable-token set bound by count/min/max/SHA256,0,false
nuplan-v1.1_LOCAL_PATH_CONVENTION,sqlite:3.53.1;schema_sha256:6cc76ba986501f0b50b3f30be4fe99285f7fd664299483d0b028e4d7ec3a07a4;page_count:1143;page_size:4096,path:/Users/liuqing/Projects/01_E2E_QA_Code/nuplan/dataset/data/cache/train_pittsburgh/2021.08.23.16.32.43_veh-45_00804_00872.db;size:4681728;mtime_ns:1663912195000000000,/Users/liuqing/Projects/01_E2E_QA_Code/nuplan/dataset/data/cache/train_pittsburgh/2021.08.23.16.32.43_veh-45_00804_00872.db,705e465ae6225461,2021.08.23.16.32.43_veh-45_00804_00872,2021.08.23.16.32.43_veh-45_00804_00872.db,veh-45,train_pittsburgh,us-pa-pittsburgh-hazelwood,us-pa-pittsburgh-hazelwood,2021-08-23,1629736460449558,1629737264549513,1629737332500482,,,4,1360,0,,,e3b0c44298fc1c149afbf4c8996fb92427ae41e4649b934ca495991b7852b855,{},0,official-compatible scene rank: ROW_NUMBER(scene ORDER BY name)>=3 and <scene_count-1,ONE_ROW_PER_LOG; complete sorted runnable-token set bound by count/min/max/SHA256,0,false
nuplan-v1.1_LOCAL_PATH_CONVENTION,sqlite:3.53.1;schema_sha256:6cc76ba986501f0b50b3f30be4fe99285f7fd664299483d0b028e4d7ec3a07a4;page_count:2880;page_size:4096,path:/Users/liuqing/Projects/01_E2E_QA_Code/nuplan/dataset/data/cache/train_pittsburgh/2021.08.23.16.32.43_veh-45_01604_01698.db;size:11796480;mtime_ns:1663912195000000000,/Users/liuqing/Projects/01_E2E_QA_Code/nuplan/dataset/data/cache/train_pittsburgh/2021.08.23.16.32.43_veh-45_01604_01698.db,0217dd1a7fb754e4,2021.08.23.16.32.43_veh-45_01604_01698,2021.08.23.16.32.43_veh-45_01604_01698.db,veh-45,train_pittsburgh,us-pa-pittsburgh-hazelwood,us-pa-pittsburgh-hazelwood,2021-08-23,1629736460449558,1629738064550264,1629738158500032,1629738100449418,1629738120449321,5,1880,401,0086dd739b5f5df9,ff5aeadf460156a3,6d8ac67639315630c8706a20488fa31741b9cfc63b48a54c1188f8ad4867f6c3,"{""stationary"":{""distinct_tokens"":401,""tag_rows"":401}}",401,official-compatible scene rank: ROW_NUMBER(scene ORDER BY name)>=3 and <scene_count-1,ONE_ROW_PER_LOG; complete sorted runnable-token set bound by count/min/max/SHA256,0,false
nuplan-v1.1_LOCAL_PATH_CONVENTION,sqlite:3.53.1;schema_sha256:6cc76ba986501f0b50b3f30be4fe99285f7fd664299483d0b028e4d7ec3a07a4;page_count:1478;page_size:4096,path:/Users/liuqing/Projects/01_E2E_QA_Code/nuplan/dataset/data/cache/train_pittsburgh/2021.08.23.16.53.37_veh-08_01751_01825.db;size:6053888;mtime_ns:1663912195000000000,/Users/liuqing/Projects/01_E2E_QA_Code/nuplan/dataset/data/cache/train_pittsburgh/2021.08.23.16.53.37_veh-08_01751_01825.db,a5c04e2ca6f15b05,2021.08.23.16.53.37_veh-08_01751_01825,2021.08.23.16.53.37_veh-08_01751_01825.db,veh-08,train_pittsburgh,us-pa-pittsburgh-hazelwood,us-pa-pittsburgh-hazelwood,2021-08-23,1629737732899670,1629739484100201,1629739558049807,1629739512899781,1629739532900256,5,1480,401,002dbfe6eb185101,ffaf41a877c351fe,b8b3c4662ebcf234410feb968b03161025ac9829e63050c151923cf1f5b3beff,"{""on_stopline_traffic_light"":{""distinct_tokens"":401,""tag_rows"":401},""stationary"":{""distinct_tokens"":401,""tag_rows"":401},""stationary_at_traffic_light_without_lead"":{""distinct_tokens"":401,""tag_rows"":401}}",401,official-compatible scene rank: ROW_NUMBER(scene ORDER BY name)>=3 and <scene_count-1,ONE_ROW_PER_LOG; complete sorted runnable-token set bound by count/min/max/SHA256,0,false
nuplan-v1.1_LOCAL_PATH_CONVENTION,sqlite:3.53.1;schema_sha256:6cc76ba986501f0b50b3f30be4fe99285f7fd664299483d0b028e4d7ec3a07a4;page_count:1594;page_size:4096,path:/Users/liuqing/Projects/01_E2E_QA_Code/nuplan/dataset/data/cache/train_pittsburgh/2021.08.23.17.33.08_veh-08_02683_02743.db;size:6529024;mtime_ns:1663912196000000000,/Users/liuqing/Projects/01_E2E_QA_Code/nuplan/dataset/data/cache/train_pittsburgh/2021.08.23.17.33.08_veh-08_02683_02743.db,3dd19068d22b558b,2021.08.23.17.33.08_veh-08_02683_02743,2021.08.23.17.33.08_veh-08_02683_02743.db,veh-08,train_pittsburgh,us-pa-pittsburgh-hazelwood,us-pa-pittsburgh-hazelwood,2021-08-23,1629740166649877,1629742850299676,1629742910249817,,,4,1200,0,,,e3b0c44298fc1c149afbf4c8996fb92427ae41e4649b934ca495991b7852b855,{},0,official-compatible scene rank: ROW_NUMBER(scene ORDER BY name)>=3 and <scene_count-1,ONE_ROW_PER_LOG; complete sorted runnable-token set bound by count/min/max/SHA256,0,false
nuplan-v1.1_LOCAL_PATH_CONVENTION,sqlite:3.53.1;schema_sha256:6cc76ba986501f0b50b3f30be4fe99285f7fd664299483d0b028e4d7ec3a07a4;page_count:991;page_size:4096,path:/Users/liuqing/Projects/01_E2E_QA_Code/nuplan/dataset/data/cache/train_pittsburgh/2021.08.23.19.12.30_veh-45_01511_01572.db;size:4059136;mtime_ns:1663912197000000000,/Users/liuqing/Projects/01_E2E_QA_Code/nuplan/dataset/data/cache/train_pittsburgh/2021.08.23.19.12.30_veh-45_01511_01572.db,f9d0943389aa5df5,2021.08.23.19.12.30_veh-45_01511_01572,2021.08.23.19.12.30_veh-45_01511_01572.db,veh-45,train_pittsburgh,us-pa-pittsburgh-hazelwood,us-pa-pittsburgh-hazelwood,2021-08-23,1629746063000039,1629747574099535,1629747635049715,,,4,1220,0,,,e3b0c44298fc1c149afbf4c8996fb92427ae41e4649b934ca495991b7852b855,{},0,official-compatible scene rank: ROW_NUMBER(scene ORDER BY name)>=3 and <scene_count-1,ONE_ROW_PER_LOG; complete sorted runnable-token set bound by count/min/max/SHA256,0,false
nuplan-v1.1_LOCAL_PATH_CONVENTION,sqlite:3.53.1;schema_sha256:6cc76ba986501f0b50b3f30be4fe99285f7fd664299483d0b028e4d7ec3a07a4;page_count:1906;page_size:4096,path:/Users/liuqing/Projects/01_E2E_QA_Code/nuplan/dataset/data/cache/train_pittsburgh/2021.08.23.19.47.22_veh-42_01486_01554.db;size:7806976;mtime_ns:1663912197000000000,/Users/liuqing/Projects/01_E2E_QA_Code/nuplan/dataset/data/cache/train_pittsburgh/2021.08.23.19.47.22_veh-42_01486_01554.db,37bd4a75dd795834,2021.08.23.19.47.22_veh-42_01486_01554,2021.08.23.19.47.22_veh-42_01486_01554.db,veh-42,train_pittsburgh,us-pa-pittsburgh-hazelwood,us-pa-pittsburgh-hazelwood,2021-08-23,1629748167150011,1629749653499545,1629749721450025,,,4,1360,0,,,e3b0c44298fc1c149afbf4c8996fb92427ae41e4649b934ca495991b7852b855,{},0,official-compatible scene rank: ROW_NUMBER(scene ORDER BY name)>=3 and <scene_count-1,ONE_ROW_PER_LOG; complete sorted runnable-token set bound by count/min/max/SHA256,0,false
nuplan-v1.1_LOCAL_PATH_CONVENTION,sqlite:3.53.1;schema_sha256:6cc76ba986501f0b50b3f30be4fe99285f7fd664299483d0b028e4d7ec3a07a4;page_count:1027;page_size:4096,path:/Users/liuqing/Projects/01_E2E_QA_Code/nuplan/dataset/data/cache/train_pittsburgh/2021.08.25.14.46.50_veh-45_02207_02269.db;size:4206592;mtime_ns:1663912200000000000,/Users/liuqing/Projects/01_E2E_QA_Code/nuplan/dataset/data/cache/train_pittsburgh/2021.08.25.14.46.50_veh-45_02207_02269.db,bb65b33f13595a0a,2021.08.25.14.46.50_veh-45_02207_02269,2021.08.25.14.46.50_veh-45_02207_02269.db,veh-45,train_pittsburgh,us-pa-pittsburgh-hazelwood,us-pa-pittsburgh-hazelwood,2021-08-25,1629902907600222,1629905115400143,1629905177349414,,,4,1240,0,,,e3b0c44298fc1c149afbf4c8996fb92427ae41e4649b934ca495991b7852b855,{},0,official-compatible scene rank: ROW_NUMBER(scene ORDER BY name)>=3 and <scene_count-1,ONE_ROW_PER_LOG; complete sorted runnable-token set bound by count/min/max/SHA256,0,false
nuplan-v1.1_LOCAL_PATH_CONVENTION,sqlite:3.53.1;schema_sha256:6cc76ba986501f0b50b3f30be4fe99285f7fd664299483d0b028e4d7ec3a07a4;page_count:939;page_size:4096,path:/Users/liuqing/Projects/01_E2E_QA_Code/nuplan/dataset/data/cache/train_pittsburgh/2021.08.25.18.07.15_veh-45_02926_02990.db;size:3846144;mtime_ns:1663912201000000000,/Users/liuqing/Projects/01_E2E_QA_Code/nuplan/dataset/data/cache/train_pittsburgh/2021.08.25.18.07.15_veh-45_02926_02990.db,28a9f8284b9f5bbc,2021.08.25.18.07.15_veh-45_02926_02990,2021.08.25.18.07.15_veh-45_02926_02990.db,veh-45,train_pittsburgh,us-pa-pittsburgh-hazelwood,us-pa-pittsburgh-hazelwood,2021-08-25,1629914984849562,1629917911200265,1629917975149799,,,4,1280,0,,,e3b0c44298fc1c149afbf4c8996fb92427ae41e4649b934ca495991b7852b855,{},0,official-compatible scene rank: ROW_NUMBER(scene ORDER BY name)>=3 and <scene_count-1,ONE_ROW_PER_LOG; complete sorted runnable-token set bound by count/min/max/SHA256,0,false
nuplan-v1.1_LOCAL_PATH_CONVENTION,sqlite:3.53.1;schema_sha256:6cc76ba986501f0b50b3f30be4fe99285f7fd664299483d0b028e4d7ec3a07a4;page_count:989;page_size:4096,path:/Users/liuqing/Projects/01_E2E_QA_Code/nuplan/dataset/data/cache/train_pittsburgh/2021.08.25.19.15.01_veh-45_01176_01238.db;size:4050944;mtime_ns:1663912201000000000,/Users/liuqing/Projects/01_E2E_QA_Code/nuplan/dataset/data/cache/train_pittsburgh/2021.08.25.19.15.01_veh-45_01176_01238.db,9b7d6d37d92e549b,2021.08.25.19.15.01_veh-45_01176_01238,2021.08.25.19.15.01_veh-45_01176_01238.db,veh-45,train_pittsburgh,us-pa-pittsburgh-hazelwood,us-pa-pittsburgh-hazelwood,2021-08-25,1629918953400027,1629920130250282,1629920192199436,,,4,1240,0,,,e3b0c44298fc1c149afbf4c8996fb92427ae41e4649b934ca495991b7852b855,{},0,official-compatible scene rank: ROW_NUMBER(scene ORDER BY name)>=3 and <scene_count-1,ONE_ROW_PER_LOG; complete sorted runnable-token set bound by count/min/max/SHA256,0,false
nuplan-v1.1_LOCAL_PATH_CONVENTION,sqlite:3.53.1;schema_sha256:6cc76ba986501f0b50b3f30be4fe99285f7fd664299483d0b028e4d7ec3a07a4;page_count:1128;page_size:4096,path:/Users/liuqing/Projects/01_E2E_QA_Code/nuplan/dataset/data/cache/train_pittsburgh/2021.08.25.20.03.37_veh-45_01408_01468.db;size:4620288;mtime_ns:1663912202000000000,/Users/liuqing/Projects/01_E2E_QA_Code/nuplan/dataset/data/cache/train_pittsburgh/2021.08.25.20.03.37_veh-45_01408_01468.db,a0c62a03ae11568b,2021.08.25.20.03.37_veh-45_01408_01468,2021.08.25.20.03.37_veh-45_01408_01468.db,veh-45,train_pittsburgh,us-pa-pittsburgh-hazelwood,us-pa-pittsburgh-hazelwood,2021-08-25,1629921871599942,1629923280400597,1629923340350534,,,4,1200,0,,,e3b0c44298fc1c149afbf4c8996fb92427ae41e4649b934ca495991b7852b855,{},0,official-compatible scene rank: ROW_NUMBER(scene ORDER BY name)>=3 and <scene_count-1,ONE_ROW_PER_LOG; complete sorted runnable-token set bound by count/min/max/SHA256,0,false
nuplan-v1.1_LOCAL_PATH_CONVENTION,sqlite:3.53.1;schema_sha256:6cc76ba986501f0b50b3f30be4fe99285f7fd664299483d0b028e4d7ec3a07a4;page_count:1010;page_size:4096,path:/Users/liuqing/Projects/01_E2E_QA_Code/nuplan/dataset/data/cache/train_pittsburgh/2021.08.25.20.20.58_veh-42_00015_00077.db;size:4136960;mtime_ns:1663911021000000000,/Users/liuqing/Projects/01_E2E_QA_Code/nuplan/dataset/data/cache/train_pittsburgh/2021.08.25.20.20.58_veh-42_00015_00077.db,d16f5e4ee22a584e,2021.08.25.20.20.58_veh-42_00015_00077,2021.08.25.20.20.58_veh-42_00015_00077.db,veh-42,train_pittsburgh,us-pa-pittsburgh-hazelwood,us-pa-pittsburgh-hazelwood,2021-08-25,1629922926050142,1629922941599602,1629923003549701,,,4,1240,0,,,e3b0c44298fc1c149afbf4c8996fb92427ae41e4649b934ca495991b7852b855,{},0,official-compatible scene rank: ROW_NUMBER(scene ORDER BY name)>=3 and <scene_count-1,ONE_ROW_PER_LOG; complete sorted runnable-token set bound by count/min/max/SHA256,0,false
nuplan-v1.1_LOCAL_PATH_CONVENTION,sqlite:3.53.1;schema_sha256:6cc76ba986501f0b50b3f30be4fe99285f7fd664299483d0b028e4d7ec3a07a4;page_count:1760;page_size:4096,path:/Users/liuqing/Projects/01_E2E_QA_Code/nuplan/dataset/data/cache/train_pittsburgh/2021.08.26.14.34.54_veh-08_01440_01502.db;size:7208960;mtime_ns:1663912202000000000,/Users/liuqing/Projects/01_E2E_QA_Code/nuplan/dataset/data/cache/train_pittsburgh/2021.08.26.14.34.54_veh-08_01440_01502.db,dc7876e573525ce8,2021.08.26.14.34.54_veh-08_01440_01502,2021.08.26.14.34.54_veh-08_01440_01502.db,veh-08,train_pittsburgh,us-pa-pittsburgh-hazelwood,us-pa-pittsburgh-hazelwood,2021-08-26,1629988641449665,1629990081999948,1629990143949609,,,4,1240,0,,,e3b0c44298fc1c149afbf4c8996fb92427ae41e4649b934ca495991b7852b855,{},0,official-compatible scene rank: ROW_NUMBER(scene ORDER BY name)>=3 and <scene_count-1,ONE_ROW_PER_LOG; complete sorted runnable-token set bound by count/min/max/SHA256,0,false
nuplan-v1.1_LOCAL_PATH_CONVENTION,sqlite:3.53.1;schema_sha256:6cc76ba986501f0b50b3f30be4fe99285f7fd664299483d0b028e4d7ec3a07a4;page_count:953;page_size:4096,path:/Users/liuqing/Projects/01_E2E_QA_Code/nuplan/dataset/data/cache/train_pittsburgh/2021.08.26.15.12.21_veh-42_00102_00169.db;size:3903488;mtime_ns:1663912202000000000,/Users/liuqing/Projects/01_E2E_QA_Code/nuplan/dataset/data/cache/train_pittsburgh/2021.08.26.15.12.21_veh-42_00102_00169.db,912c7c62ba5d5824,2021.08.26.15.12.21_veh-42_00102_00169,2021.08.26.15.12.21_veh-42_00102_00169.db,veh-42,train_pittsburgh,us-pa-pittsburgh-hazelwood,us-pa-pittsburgh-hazelwood,2021-08-26,1629990823600136,1629990926149685,1629990993099429,,,4,1340,0,,,e3b0c44298fc1c149afbf4c8996fb92427ae41e4649b934ca495991b7852b855,{},0,official-compatible scene rank: ROW_NUMBER(scene ORDER BY name)>=3 and <scene_count-1,ONE_ROW_PER_LOG; complete sorted runnable-token set bound by count/min/max/SHA256,0,false
nuplan-v1.1_LOCAL_PATH_CONVENTION,sqlite:3.53.1;schema_sha256:6cc76ba986501f0b50b3f30be4fe99285f7fd664299483d0b028e4d7ec3a07a4;page_count:1966;page_size:4096,path:/Users/liuqing/Projects/01_E2E_QA_Code/nuplan/dataset/data/cache/train_pittsburgh/2021.08.26.15.12.21_veh-42_00303_00378.db;size:8052736;mtime_ns:1663912202000000000,/Users/liuqing/Projects/01_E2E_QA_Code/nuplan/dataset/data/cache/train_pittsburgh/2021.08.26.15.12.21_veh-42_00303_00378.db,361106ef4ce752e3,2021.08.26.15.12.21_veh-42_00303_00378,2021.08.26.15.12.21_veh-42_00303_00378.db,veh-42,train_pittsburgh,us-pa-pittsburgh-hazelwood,us-pa-pittsburgh-hazelwood,2021-08-26,1629990823600136,1629991127149736,1629991202099759,,,4,1500,0,,,e3b0c44298fc1c149afbf4c8996fb92427ae41e4649b934ca495991b7852b855,{},0,official-compatible scene rank: ROW_NUMBER(scene ORDER BY name)>=3 and <scene_count-1,ONE_ROW_PER_LOG; complete sorted runnable-token set bound by count/min/max/SHA256,0,false
nuplan-v1.1_LOCAL_PATH_CONVENTION,sqlite:3.53.1;schema_sha256:6cc76ba986501f0b50b3f30be4fe99285f7fd664299483d0b028e4d7ec3a07a4;page_count:1531;page_size:4096,path:/Users/liuqing/Projects/01_E2E_QA_Code/nuplan/dataset/data/cache/train_pittsburgh/2021.08.26.15.12.21_veh-42_01870_01936.db;size:6270976;mtime_ns:1663912202000000000,/Users/liuqing/Projects/01_E2E_QA_Code/nuplan/dataset/data/cache/train_pittsburgh/2021.08.26.15.12.21_veh-42_01870_01936.db,0e4a2809f0935829,2021.08.26.15.12.21_veh-42_01870_01936,2021.08.26.15.12.21_veh-42_01870_01936.db,veh-42,train_pittsburgh,us-pa-pittsburgh-hazelwood,us-pa-pittsburgh-hazelwood,2021-08-26,1629990823600136,1629992694150188,1629992760099649,,,4,1320,0,,,e3b0c44298fc1c149afbf4c8996fb92427ae41e4649b934ca495991b7852b855,{},0,official-compatible scene rank: ROW_NUMBER(scene ORDER BY name)>=3 and <scene_count-1,ONE_ROW_PER_LOG; complete sorted runnable-token set bound by count/min/max/SHA256,0,false
nuplan-v1.1_LOCAL_PATH_CONVENTION,sqlite:3.53.1;schema_sha256:6cc76ba986501f0b50b3f30be4fe99285f7fd664299483d0b028e4d7ec3a07a4;page_count:1371;page_size:4096,path:/Users/liuqing/Projects/01_E2E_QA_Code/nuplan/dataset/data/cache/train_pittsburgh/2021.08.27.13.48.56_veh-08_00390_00458.db;size:5615616;mtime_ns:1663912204000000000,/Users/liuqing/Projects/01_E2E_QA_Code/nuplan/dataset/data/cache/train_pittsburgh/2021.08.27.13.48.56_veh-08_00390_00458.db,f44bae5b9f9453f8,2021.08.27.13.48.56_veh-08_00390_00458,2021.08.27.13.48.56_veh-08_00390_00458.db,veh-08,train_pittsburgh,us-pa-pittsburgh-hazelwood,us-pa-pittsburgh-hazelwood,2021-08-27,1630072222399585,1630072613149746,1630072681099887,,,4,1360,0,,,e3b0c44298fc1c149afbf4c8996fb92427ae41e4649b934ca495991b7852b855,{},0,official-compatible scene rank: ROW_NUMBER(scene ORDER BY name)>=3 and <scene_count-1,ONE_ROW_PER_LOG; complete sorted runnable-token set bound by count/min/max/SHA256,0,false
nuplan-v1.1_LOCAL_PATH_CONVENTION,sqlite:3.53.1;schema_sha256:6cc76ba986501f0b50b3f30be4fe99285f7fd664299483d0b028e4d7ec3a07a4;page_count:1180;page_size:4096,path:/Users/liuqing/Projects/01_E2E_QA_Code/nuplan/dataset/data/cache/train_pittsburgh/2021.08.27.13.48.56_veh-08_01902_01978.db;size:4833280;mtime_ns:1663912205000000000,/Users/liuqing/Projects/01_E2E_QA_Code/nuplan/dataset/data/cache/train_pittsburgh/2021.08.27.13.48.56_veh-08_01902_01978.db,895018a276315c2f,2021.08.27.13.48.56_veh-08_01902_01978,2021.08.27.13.48.56_veh-08_01902_01978.db,veh-08,train_pittsburgh,us-pa-pittsburgh-hazelwood,us-pa-pittsburgh-hazelwood,2021-08-27,1630072222399585,1630074125150436,1630074201099799,,,4,1520,0,,,e3b0c44298fc1c149afbf4c8996fb92427ae41e4649b934ca495991b7852b855,{},0,official-compatible scene rank: ROW_NUMBER(scene ORDER BY name)>=3 and <scene_count-1,ONE_ROW_PER_LOG; complete sorted runnable-token set bound by count/min/max/SHA256,0,false
nuplan-v1.1_LOCAL_PATH_CONVENTION,sqlite:3.53.1;schema_sha256:6cc76ba986501f0b50b3f30be4fe99285f7fd664299483d0b028e4d7ec3a07a4;page_count:996;page_size:4096,path:/Users/liuqing/Projects/01_E2E_QA_Code/nuplan/dataset/data/cache/train_pittsburgh/2021.08.27.14.37.47_veh-08_00786_00850.db;size:4079616;mtime_ns:1663912205000000000,/Users/liuqing/Projects/01_E2E_QA_Code/nuplan/dataset/data/cache/train_pittsburgh/2021.08.27.14.37.47_veh-08_00786_00850.db,35fc8b3fcdaa5531,2021.08.27.14.37.47_veh-08_00786_00850,2021.08.27.14.37.47_veh-08_00786_00850.db,veh-08,train_pittsburgh,us-pa-pittsburgh-hazelwood,us-pa-pittsburgh-hazelwood,2021-08-27,1630075176550109,1630075963250070,1630076027199606,,,4,1280,0,,,e3b0c44298fc1c149afbf4c8996fb92427ae41e4649b934ca495991b7852b855,{},0,official-compatible scene rank: ROW_NUMBER(scene ORDER BY name)>=3 and <scene_count-1,ONE_ROW_PER_LOG; complete sorted runnable-token set bound by count/min/max/SHA256,0,false
nuplan-v1.1_LOCAL_PATH_CONVENTION,sqlite:3.53.1;schema_sha256:6cc76ba986501f0b50b3f30be4fe99285f7fd664299483d0b028e4d7ec3a07a4;page_count:9304;page_size:4096,path:/Users/liuqing/Projects/01_E2E_QA_Code/nuplan/dataset/data/cache/train_pittsburgh/2021.08.27.14.37.47_veh-08_02015_02177.db;size:38109184;mtime_ns:1663912205000000000,/Users/liuqing/Projects/01_E2E_QA_Code/nuplan/dataset/data/cache/train_pittsburgh/2021.08.27.14.37.47_veh-08_02015_02177.db,e6ad3f74b22f53d4,2021.08.27.14.37.47_veh-08_02015_02177,2021.08.27.14.37.47_veh-08_02015_02177.db,veh-08,train_pittsburgh,us-pa-pittsburgh-hazelwood,us-pa-pittsburgh-hazelwood,2021-08-27,1630075176550109,1630077192249685,1630077354199858,1630077216550377,1630077316500487,9,3240,2000,00038035721e5c3e,ff93a3d2212a5017,5c89b20855c748136880a5bbcf88eac44b73ee8596aa80fb4871eb0153f20efc,"{""on_carpark"":{""distinct_tokens"":2000,""tag_rows"":2000},""stationary"":{""distinct_tokens"":2000,""tag_rows"":2000}}",2000,official-compatible scene rank: ROW_NUMBER(scene ORDER BY name)>=3 and <scene_count-1,ONE_ROW_PER_LOG; complete sorted runnable-token set bound by count/min/max/SHA256,0,false
nuplan-v1.1_LOCAL_PATH_CONVENTION,sqlite:3.53.1;schema_sha256:6cc76ba986501f0b50b3f30be4fe99285f7fd664299483d0b028e4d7ec3a07a4;page_count:1138;page_size:4096,path:/Users/liuqing/Projects/01_E2E_QA_Code/nuplan/dataset/data/cache/train_pittsburgh/2021.08.27.16.43.13_veh-08_01263_01337.db;size:4661248;mtime_ns:1663912205000000000,/Users/liuqing/Projects/01_E2E_QA_Code/nuplan/dataset/data/cache/train_pittsburgh/2021.08.27.16.43.13_veh-08_01263_01337.db,f952bd8a588753f1,2021.08.27.16.43.13_veh-08_01263_01337,2021.08.27.16.43.13_veh-08_01263_01337.db,veh-08,train_pittsburgh,us-pa-pittsburgh-hazelwood,us-pa-pittsburgh-hazelwood,2021-08-27,1630082705649925,1630083969650022,1630084043600132,,,4,1480,0,,,e3b0c44298fc1c149afbf4c8996fb92427ae41e4649b934ca495991b7852b855,{},0,official-compatible scene rank: ROW_NUMBER(scene ORDER BY name)>=3 and <scene_count-1,ONE_ROW_PER_LOG; complete sorted runnable-token set bound by count/min/max/SHA256,0,false
nuplan-v1.1_LOCAL_PATH_CONVENTION,sqlite:3.53.1;schema_sha256:6cc76ba986501f0b50b3f30be4fe99285f7fd664299483d0b028e4d7ec3a07a4;page_count:1155;page_size:4096,path:/Users/liuqing/Projects/01_E2E_QA_Code/nuplan/dataset/data/cache/train_pittsburgh/2021.08.30.13.47.20_veh-08_00060_00127.db;size:4730880;mtime_ns:1663912207000000000,/Users/liuqing/Projects/01_E2E_QA_Code/nuplan/dataset/data/cache/train_pittsburgh/2021.08.30.13.47.20_veh-08_00060_00127.db,00a0eb4b9a1d5a3d,2021.08.30.13.47.20_veh-08_00060_00127,2021.08.30.13.47.20_veh-08_00060_00127.db,veh-08,train_pittsburgh,us-pa-pittsburgh-hazelwood,us-pa-pittsburgh-hazelwood,2021-08-30,1630331319799614,1630331380699844,1630331447649789,,,4,1340,0,,,e3b0c44298fc1c149afbf4c8996fb92427ae41e4649b934ca495991b7852b855,{},0,official-compatible scene rank: ROW_NUMBER(scene ORDER BY name)>=3 and <scene_count-1,ONE_ROW_PER_LOG; complete sorted runnable-token set bound by count/min/max/SHA256,0,false
nuplan-v1.1_LOCAL_PATH_CONVENTION,sqlite:3.53.1;schema_sha256:6cc76ba986501f0b50b3f30be4fe99285f7fd664299483d0b028e4d7ec3a07a4;page_count:1539;page_size:4096,path:/Users/liuqing/Projects/01_E2E_QA_Code/nuplan/dataset/data/cache/train_pittsburgh/2021.08.30.14.29.08_veh-45_02418_02502.db;size:6303744;mtime_ns:1663912207000000000,/Users/liuqing/Projects/01_E2E_QA_Code/nuplan/dataset/data/cache/train_pittsburgh/2021.08.30.14.29.08_veh-45_02418_02502.db,bc5a228b04b558fd,2021.08.30.14.29.08_veh-45_02418_02502,2021.08.30.14.29.08_veh-45_02418_02502.db,veh-45,train_pittsburgh,us-pa-pittsburgh-hazelwood,us-pa-pittsburgh-hazelwood,2021-08-30,1630333960399821,1630336378599738,1630336462550239,1630336400400018,1630336440400027,6,1680,801,002ccc7c5efc52e5,ff6c6753e15e58a7,eba80b20e0cf4e177921abc26e67e69b085d4aefec0833c50854b46ddf42990c,"{""stationary"":{""distinct_tokens"":801,""tag_rows"":801}}",801,official-compatible scene rank: ROW_NUMBER(scene ORDER BY name)>=3 and <scene_count-1,ONE_ROW_PER_LOG; complete sorted runnable-token set bound by count/min/max/SHA256,0,false
nuplan-v1.1_LOCAL_PATH_CONVENTION,sqlite:3.53.1;schema_sha256:6cc76ba986501f0b50b3f30be4fe99285f7fd664299483d0b028e4d7ec3a07a4;page_count:1002;page_size:4096,path:/Users/liuqing/Projects/01_E2E_QA_Code/nuplan/dataset/data/cache/train_pittsburgh/2021.08.30.15.12.56_veh-08_00022_00084.db;size:4104192;mtime_ns:1663912207000000000,/Users/liuqing/Projects/01_E2E_QA_Code/nuplan/dataset/data/cache/train_pittsburgh/2021.08.30.15.12.56_veh-08_00022_00084.db,d190186124715aa8,2021.08.30.15.12.56_veh-08_00022_00084,2021.08.30.15.12.56_veh-08_00022_00084.db,veh-08,train_pittsburgh,us-pa-pittsburgh-hazelwood,us-pa-pittsburgh-hazelwood,2021-08-30,1630336527500386,1630336550449878,1630336612399957,,,4,1240,0,,,e3b0c44298fc1c149afbf4c8996fb92427ae41e4649b934ca495991b7852b855,{},0,official-compatible scene rank: ROW_NUMBER(scene ORDER BY name)>=3 and <scene_count-1,ONE_ROW_PER_LOG; complete sorted runnable-token set bound by count/min/max/SHA256,0,false
nuplan-v1.1_LOCAL_PATH_CONVENTION,sqlite:3.53.1;schema_sha256:6cc76ba986501f0b50b3f30be4fe99285f7fd664299483d0b028e4d7ec3a07a4;page_count:1063;page_size:4096,path:/Users/liuqing/Projects/01_E2E_QA_Code/nuplan/dataset/data/cache/train_pittsburgh/2021.08.30.15.12.56_veh-08_01706_01772.db;size:4354048;mtime_ns:1663912207000000000,/Users/liuqing/Projects/01_E2E_QA_Code/nuplan/dataset/data/cache/train_pittsburgh/2021.08.30.15.12.56_veh-08_01706_01772.db,bfea4409aa7b53fc,2021.08.30.15.12.56_veh-08_01706_01772,2021.08.30.15.12.56_veh-08_01706_01772.db,veh-08,train_pittsburgh,us-pa-pittsburgh-hazelwood,us-pa-pittsburgh-hazelwood,2021-08-30,1630336527500386,1630338234450120,1630338300399800,,,4,1320,0,,,e3b0c44298fc1c149afbf4c8996fb92427ae41e4649b934ca495991b7852b855,{},0,official-compatible scene rank: ROW_NUMBER(scene ORDER BY name)>=3 and <scene_count-1,ONE_ROW_PER_LOG; complete sorted runnable-token set bound by count/min/max/SHA256,0,false
nuplan-v1.1_LOCAL_PATH_CONVENTION,sqlite:3.53.1;schema_sha256:6cc76ba986501f0b50b3f30be4fe99285f7fd664299483d0b028e4d7ec3a07a4;page_count:1290;page_size:4096,path:/Users/liuqing/Projects/01_E2E_QA_Code/nuplan/dataset/data/cache/train_pittsburgh/2021.08.30.16.39.44_veh-45_01506_01569.db;size:5283840;mtime_ns:1663912208000000000,/Users/liuqing/Projects/01_E2E_QA_Code/nuplan/dataset/data/cache/train_pittsburgh/2021.08.30.16.39.44_veh-45_01506_01569.db,c31b09a6d903579a,2021.08.30.16.39.44_veh-45_01506_01569,2021.08.30.16.39.44_veh-45_01506_01569.db,veh-45,train_pittsburgh,us-pa-pittsburgh-hazelwood,us-pa-pittsburgh-hazelwood,2021-08-30,1630341854299875,1630343360949685,1630343423899770,,,4,1260,0,,,e3b0c44298fc1c149afbf4c8996fb92427ae41e4649b934ca495991b7852b855,{},0,official-compatible scene rank: ROW_NUMBER(scene ORDER BY name)>=3 and <scene_count-1,ONE_ROW_PER_LOG; complete sorted runnable-token set bound by count/min/max/SHA256,0,false
nuplan-v1.1_LOCAL_PATH_CONVENTION,sqlite:3.53.1;schema_sha256:6cc76ba986501f0b50b3f30be4fe99285f7fd664299483d0b028e4d7ec3a07a4;page_count:1080;page_size:4096,path:/Users/liuqing/Projects/01_E2E_QA_Code/nuplan/dataset/data/cache/train_pittsburgh/2021.08.30.16.39.44_veh-45_02438_02499.db;size:4423680;mtime_ns:1663912208000000000,/Users/liuqing/Projects/01_E2E_QA_Code/nuplan/dataset/data/cache/train_pittsburgh/2021.08.30.16.39.44_veh-45_02438_02499.db,9295a451e0d55446,2021.08.30.16.39.44_veh-45_02438_02499,2021.08.30.16.39.44_veh-45_02438_02499.db,veh-45,train_pittsburgh,us-pa-pittsburgh-hazelwood,us-pa-pittsburgh-hazelwood,2021-08-30,1630341854299875,1630344292949467,1630344353899735,,,4,1220,0,,,e3b0c44298fc1c149afbf4c8996fb92427ae41e4649b934ca495991b7852b855,{},0,official-compatible scene rank: ROW_NUMBER(scene ORDER BY name)>=3 and <scene_count-1,ONE_ROW_PER_LOG; complete sorted runnable-token set bound by count/min/max/SHA256,0,false
nuplan-v1.1_LOCAL_PATH_CONVENTION,sqlite:3.53.1;schema_sha256:6cc76ba986501f0b50b3f30be4fe99285f7fd664299483d0b028e4d7ec3a07a4;page_count:1223;page_size:4096,path:/Users/liuqing/Projects/01_E2E_QA_Code/nuplan/dataset/data/cache/train_pittsburgh/2021.08.30.19.47.46_veh-45_02191_02255.db;size:5009408;mtime_ns:1663912209000000000,/Users/liuqing/Projects/01_E2E_QA_Code/nuplan/dataset/data/cache/train_pittsburgh/2021.08.30.19.47.46_veh-45_02191_02255.db,dbb278ec4c3054ca,2021.08.30.19.47.46_veh-45_02191_02255,2021.08.30.19.47.46_veh-45_02191_02255.db,veh-45,train_pittsburgh,us-pa-pittsburgh-hazelwood,us-pa-pittsburgh-hazelwood,2021-08-30,1630352973700202,1630355165549369,1630355229499473,,,4,1280,0,,,e3b0c44298fc1c149afbf4c8996fb92427ae41e4649b934ca495991b7852b855,{},0,official-compatible scene rank: ROW_NUMBER(scene ORDER BY name)>=3 and <scene_count-1,ONE_ROW_PER_LOG; complete sorted runnable-token set bound by count/min/max/SHA256,0,false
nuplan-v1.1_LOCAL_PATH_CONVENTION,sqlite:3.53.1;schema_sha256:6cc76ba986501f0b50b3f30be4fe99285f7fd664299483d0b028e4d7ec3a07a4;page_count:1164;page_size:4096,path:/Users/liuqing/Projects/01_E2E_QA_Code/nuplan/dataset/data/cache/train_pittsburgh/2021.09.02.12.54.17_veh-08_00129_00198.db;size:4767744;mtime_ns:1663912213000000000,/Users/liuqing/Projects/01_E2E_QA_Code/nuplan/dataset/data/cache/train_pittsburgh/2021.09.02.12.54.17_veh-08_00129_00198.db,cdf62218487c5268,2021.09.02.12.54.17_veh-08_00129_00198,2021.09.02.12.54.17_veh-08_00129_00198.db,veh-08,train_pittsburgh,us-pa-pittsburgh-hazelwood,us-pa-pittsburgh-hazelwood,2021-09-02,1630587309949805,1630587439500238,1630587508449792,,,4,1380,0,,,e3b0c44298fc1c149afbf4c8996fb92427ae41e4649b934ca495991b7852b855,{},0,official-compatible scene rank: ROW_NUMBER(scene ORDER BY name)>=3 and <scene_count-1,ONE_ROW_PER_LOG; complete sorted runnable-token set bound by count/min/max/SHA256,0,false
nuplan-v1.1_LOCAL_PATH_CONVENTION,sqlite:3.53.1;schema_sha256:6cc76ba986501f0b50b3f30be4fe99285f7fd664299483d0b028e4d7ec3a07a4;page_count:4282;page_size:4096,path:/Users/liuqing/Projects/01_E2E_QA_Code/nuplan/dataset/data/cache/train_pittsburgh/2021.09.02.14.10.27_veh-08_02851_02977.db;size:17539072;mtime_ns:1663912214000000000,/Users/liuqing/Projects/01_E2E_QA_Code/nuplan/dataset/data/cache/train_pittsburgh/2021.09.02.14.10.27_veh-08_02851_02977.db,25cd928b0d3155ad,2021.09.02.14.10.27_veh-08_02851_02977,2021.09.02.14.10.27_veh-08_02851_02977.db,veh-08,train_pittsburgh,us-pa-pittsburgh-hazelwood,us-pa-pittsburgh-hazelwood,2021-09-02,1630591871100603,1630594723000226,1630594848949888,1630594751100116,1630594811050227,7,2520,1200,002e0fbcd5b555d0,ff9938d210cf514e,e12adff7b53a47d1a669f09029f7c5a9b0b67e37697720e09c22a4ed3d2e9adf,"{""stationary"":{""distinct_tokens"":1194,""tag_rows"":1194}}",1194,official-compatible scene rank: ROW_NUMBER(scene ORDER BY name)>=3 and <scene_count-1,ONE_ROW_PER_LOG; complete sorted runnable-token set bound by count/min/max/SHA256,0,false
nuplan-v1.1_LOCAL_PATH_CONVENTION,sqlite:3.53.1;schema_sha256:6cc76ba986501f0b50b3f30be4fe99285f7fd664299483d0b028e4d7ec3a07a4;page_count:1459;page_size:4096,path:/Users/liuqing/Projects/01_E2E_QA_Code/nuplan/dataset/data/cache/train_pittsburgh/2021.09.02.15.07.50_veh-08_01667_01731.db;size:5976064;mtime_ns:1663912214000000000,/Users/liuqing/Projects/01_E2E_QA_Code/nuplan/dataset/data/cache/train_pittsburgh/2021.09.02.15.07.50_veh-08_01667_01731.db,865b0e7ee6405a46,2021.09.02.15.07.50_veh-08_01667_01731,2021.09.02.15.07.50_veh-08_01667_01731.db,veh-08,train_pittsburgh,us-pa-pittsburgh-hazelwood,us-pa-pittsburgh-hazelwood,2021-09-02,1630595364600095,1630597031949468,1630597095900080,,,4,1280,0,,,e3b0c44298fc1c149afbf4c8996fb92427ae41e4649b934ca495991b7852b855,{},0,official-compatible scene rank: ROW_NUMBER(scene ORDER BY name)>=3 and <scene_count-1,ONE_ROW_PER_LOG; complete sorted runnable-token set bound by count/min/max/SHA256,0,false
nuplan-v1.1_LOCAL_PATH_CONVENTION,sqlite:3.53.1;schema_sha256:6cc76ba986501f0b50b3f30be4fe99285f7fd664299483d0b028e4d7ec3a07a4;page_count:1180;page_size:4096,path:/Users/liuqing/Projects/01_E2E_QA_Code/nuplan/dataset/data/cache/train_pittsburgh/2021.09.02.17.04.02_veh-08_00027_00091.db;size:4833280;mtime_ns:1663911021000000000,/Users/liuqing/Projects/01_E2E_QA_Code/nuplan/dataset/data/cache/train_pittsburgh/2021.09.02.17.04.02_veh-08_00027_00091.db,79524f0447955adc,2021.09.02.17.04.02_veh-08_00027_00091,2021.09.02.17.04.02_veh-08_00027_00091.db,veh-08,train_pittsburgh,us-pa-pittsburgh-hazelwood,us-pa-pittsburgh-hazelwood,2021-09-02,1630602302200322,1630602329299753,1630602393249843,,,4,1280,0,,,e3b0c44298fc1c149afbf4c8996fb92427ae41e4649b934ca495991b7852b855,{},0,official-compatible scene rank: ROW_NUMBER(scene ORDER BY name)>=3 and <scene_count-1,ONE_ROW_PER_LOG; complete sorted runnable-token set bound by count/min/max/SHA256,0,false
nuplan-v1.1_LOCAL_PATH_CONVENTION,sqlite:3.53.1;schema_sha256:6cc76ba986501f0b50b3f30be4fe99285f7fd664299483d0b028e4d7ec3a07a4;page_count:1404;page_size:4096,path:/Users/liuqing/Projects/01_E2E_QA_Code/nuplan/dataset/data/cache/train_pittsburgh/2021.09.09.16.51.32_veh-42_01586_01647.db;size:5750784;mtime_ns:1663912226000000000,/Users/liuqing/Projects/01_E2E_QA_Code/nuplan/dataset/data/cache/train_pittsburgh/2021.09.09.16.51.32_veh-42_01586_01647.db,b986664a9b345e1b,2021.09.09.16.51.32_veh-42_01586_01647,2021.09.09.16.51.32_veh-42_01586_01647.db,veh-42,train_pittsburgh,us-pa-pittsburgh-hazelwood,us-pa-pittsburgh-hazelwood,2021-09-09,1631206493800287,1631208080450081,1631208141399904,,,4,1220,0,,,e3b0c44298fc1c149afbf4c8996fb92427ae41e4649b934ca495991b7852b855,{},0,official-compatible scene rank: ROW_NUMBER(scene ORDER BY name)>=3 and <scene_count-1,ONE_ROW_PER_LOG; complete sorted runnable-token set bound by count/min/max/SHA256,0,false
nuplan-v1.1_LOCAL_PATH_CONVENTION,sqlite:3.53.1;schema_sha256:6cc76ba986501f0b50b3f30be4fe99285f7fd664299483d0b028e4d7ec3a07a4;page_count:1723;page_size:4096,path:/Users/liuqing/Projects/01_E2E_QA_Code/nuplan/dataset/data/cache/train_pittsburgh/2021.09.09.18.47.17_veh-45_00653_00715.db;size:7057408;mtime_ns:1663912227000000000,/Users/liuqing/Projects/01_E2E_QA_Code/nuplan/dataset/data/cache/train_pittsburgh/2021.09.09.18.47.17_veh-45_00653_00715.db,51b62426586a511a,2021.09.09.18.47.17_veh-45_00653_00715,2021.09.09.18.47.17_veh-45_00653_00715.db,veh-45,train_pittsburgh,us-pa-pittsburgh-hazelwood,us-pa-pittsburgh-hazelwood,2021-09-09,1631213304250398,1631213958000496,1631214019949788,,,4,1240,0,,,e3b0c44298fc1c149afbf4c8996fb92427ae41e4649b934ca495991b7852b855,{},0,official-compatible scene rank: ROW_NUMBER(scene ORDER BY name)>=3 and <scene_count-1,ONE_ROW_PER_LOG; complete sorted runnable-token set bound by count/min/max/SHA256,0,false
nuplan-v1.1_LOCAL_PATH_CONVENTION,sqlite:3.53.1;schema_sha256:6cc76ba986501f0b50b3f30be4fe99285f7fd664299483d0b028e4d7ec3a07a4;page_count:1714;page_size:4096,path:/Users/liuqing/Projects/01_E2E_QA_Code/nuplan/dataset/data/cache/train_pittsburgh/2021.09.09.18.47.17_veh-45_02016_02078.db;size:7020544;mtime_ns:1663912227000000000,/Users/liuqing/Projects/01_E2E_QA_Code/nuplan/dataset/data/cache/train_pittsburgh/2021.09.09.18.47.17_veh-45_02016_02078.db,de9ef451960c55f2,2021.09.09.18.47.17_veh-45_02016_02078,2021.09.09.18.47.17_veh-45_02016_02078.db,veh-45,train_pittsburgh,us-pa-pittsburgh-hazelwood,us-pa-pittsburgh-hazelwood,2021-09-09,1631213304250398,1631215321000578,1631215382949852,,,4,1240,0,,,e3b0c44298fc1c149afbf4c8996fb92427ae41e4649b934ca495991b7852b855,{},0,official-compatible scene rank: ROW_NUMBER(scene ORDER BY name)>=3 and <scene_count-1,ONE_ROW_PER_LOG; complete sorted runnable-token set bound by count/min/max/SHA256,0,false
nuplan-v1.1_LOCAL_PATH_CONVENTION,sqlite:3.53.1;schema_sha256:6cc76ba986501f0b50b3f30be4fe99285f7fd664299483d0b028e4d7ec3a07a4;page_count:1344;page_size:4096,path:/Users/liuqing/Projects/01_E2E_QA_Code/nuplan/dataset/data/cache/train_pittsburgh/2021.09.09.18.47.17_veh-45_03147_03223.db;size:5505024;mtime_ns:1663912227000000000,/Users/liuqing/Projects/01_E2E_QA_Code/nuplan/dataset/data/cache/train_pittsburgh/2021.09.09.18.47.17_veh-45_03147_03223.db,30ba603d19995b36,2021.09.09.18.47.17_veh-45_03147_03223,2021.09.09.18.47.17_veh-45_03147_03223.db,veh-45,train_pittsburgh,us-pa-pittsburgh-hazelwood,us-pa-pittsburgh-hazelwood,2021-09-09,1631213304250398,1631216452000754,1631216527950536,1631216484250765,1631216504200759,5,1520,400,001d6bd2aa465bbc,fffbc9d7d36e5a1d,145e905a5a3de86690c2e4384a8a670be3fdad85109ae5ed04bc85dbf9485acf,"{""stationary"":{""distinct_tokens"":400,""tag_rows"":400}}",400,official-compatible scene rank: ROW_NUMBER(scene ORDER BY name)>=3 and <scene_count-1,ONE_ROW_PER_LOG; complete sorted runnable-token set bound by count/min/max/SHA256,0,false
nuplan-v1.1_LOCAL_PATH_CONVENTION,sqlite:3.53.1;schema_sha256:6cc76ba986501f0b50b3f30be4fe99285f7fd664299483d0b028e4d7ec3a07a4;page_count:1184;page_size:4096,path:/Users/liuqing/Projects/01_E2E_QA_Code/nuplan/dataset/data/cache/train_pittsburgh/2021.09.09.20.07.29_veh-42_00015_00076.db;size:4849664;mtime_ns:1663912227000000000,/Users/liuqing/Projects/01_E2E_QA_Code/nuplan/dataset/data/cache/train_pittsburgh/2021.09.09.20.07.29_veh-42_00015_00076.db,eaccb34470fb58c2,2021.09.09.20.07.29_veh-42_00015_00076,2021.09.09.20.07.29_veh-42_00015_00076.db,veh-42,train_pittsburgh,us-pa-pittsburgh-hazelwood,us-pa-pittsburgh-hazelwood,2021-09-09,1631218161049373,1631218176749322,1631218237699407,,,4,1220,0,,,e3b0c44298fc1c149afbf4c8996fb92427ae41e4649b934ca495991b7852b855,{},0,official-compatible scene rank: ROW_NUMBER(scene ORDER BY name)>=3 and <scene_count-1,ONE_ROW_PER_LOG; complete sorted runnable-token set bound by count/min/max/SHA256,0,false
nuplan-v1.1_LOCAL_PATH_CONVENTION,sqlite:3.53.1;schema_sha256:6cc76ba986501f0b50b3f30be4fe99285f7fd664299483d0b028e4d7ec3a07a4;page_count:2487;page_size:4096,path:/Users/liuqing/Projects/01_E2E_QA_Code/nuplan/dataset/data/cache/train_pittsburgh/2021.09.09.20.07.29_veh-42_00233_00302.db;size:10186752;mtime_ns:1663912227000000000,/Users/liuqing/Projects/01_E2E_QA_Code/nuplan/dataset/data/cache/train_pittsburgh/2021.09.09.20.07.29_veh-42_00233_00302.db,172aad63c3855c91,2021.09.09.20.07.29_veh-42_00233_00302,2021.09.09.20.07.29_veh-42_00233_00302.db,veh-42,train_pittsburgh,us-pa-pittsburgh-hazelwood,us-pa-pittsburgh-hazelwood,2021-09-09,1631218161049373,1631218394749514,1631218463699270,1631218421049746,1631218440999309,5,1380,400,0010d9a5a4895895,ffa0fdbef7625ab3,8031b7581f863a58be396800a6e918914a99e38e62047863e124aa82147651ce,"{""stationary"":{""distinct_tokens"":400,""tag_rows"":400},""stationary_at_traffic_light_with_lead"":{""distinct_tokens"":400,""tag_rows"":400}}",400,official-compatible scene rank: ROW_NUMBER(scene ORDER BY name)>=3 and <scene_count-1,ONE_ROW_PER_LOG; complete sorted runnable-token set bound by count/min/max/SHA256,0,false
nuplan-v1.1_LOCAL_PATH_CONVENTION,sqlite:3.53.1;schema_sha256:6cc76ba986501f0b50b3f30be4fe99285f7fd664299483d0b028e4d7ec3a07a4;page_count:2980;page_size:4096,path:/Users/liuqing/Projects/01_E2E_QA_Code/nuplan/dataset/data/cache/train_pittsburgh/2021.09.09.20.07.29_veh-42_00374_00455.db;size:12206080;mtime_ns:1663912227000000000,/Users/liuqing/Projects/01_E2E_QA_Code/nuplan/dataset/data/cache/train_pittsburgh/2021.09.09.20.07.29_veh-42_00374_00455.db,1e1e176df8dc594c,2021.09.09.20.07.29_veh-42_00374_00455,2021.09.09.20.07.29_veh-42_00374_00455.db,veh-42,train_pittsburgh,us-pa-pittsburgh-hazelwood,us-pa-pittsburgh-hazelwood,2021-09-09,1631218161049373,1631218535749717,1631218616699414,1631218561049398,1631218581049885,5,1620,401,01f2b76571ff509b,ff70023cb97d52a4,394cefbe7b46901a5be10d6b1683664c26893d8ce0d45dd95c255219a9de36c7,"{""on_intersection"":{""distinct_tokens"":401,""tag_rows"":401},""on_traffic_light_intersection"":{""distinct_tokens"":401,""tag_rows"":401},""stationary"":{""distinct_tokens"":401,""tag_rows"":401}}",401,official-compatible scene rank: ROW_NUMBER(scene ORDER BY name)>=3 and <scene_count-1,ONE_ROW_PER_LOG; complete sorted runnable-token set bound by count/min/max/SHA256,0,false
nuplan-v1.1_LOCAL_PATH_CONVENTION,sqlite:3.53.1;schema_sha256:6cc76ba986501f0b50b3f30be4fe99285f7fd664299483d0b028e4d7ec3a07a4;page_count:3312;page_size:4096,path:/Users/liuqing/Projects/01_E2E_QA_Code/nuplan/dataset/data/cache/train_pittsburgh/2021.09.09.20.07.29_veh-42_00902_00962.db;size:13565952;mtime_ns:1663912228000000000,/Users/liuqing/Projects/01_E2E_QA_Code/nuplan/dataset/data/cache/train_pittsburgh/2021.09.09.20.07.29_veh-42_00902_00962.db,c3e189ea49e55ec6,2021.09.09.20.07.29_veh-42_00902_00962,2021.09.09.20.07.29_veh-42_00902_00962.db,veh-42,train_pittsburgh,us-pa-pittsburgh-hazelwood,us-pa-pittsburgh-hazelwood,2021-09-09,1631218161049373,1631219063749560,1631219123699578,,,4,1200,0,,,e3b0c44298fc1c149afbf4c8996fb92427ae41e4649b934ca495991b7852b855,{},0,official-compatible scene rank: ROW_NUMBER(scene ORDER BY name)>=3 and <scene_count-1,ONE_ROW_PER_LOG; complete sorted runnable-token set bound by count/min/max/SHA256,0,false
nuplan-v1.1_LOCAL_PATH_CONVENTION,sqlite:3.53.1;schema_sha256:6cc76ba986501f0b50b3f30be4fe99285f7fd664299483d0b028e4d7ec3a07a4;page_count:4111;page_size:4096,path:/Users/liuqing/Projects/01_E2E_QA_Code/nuplan/dataset/data/cache/train_pittsburgh/2021.09.09.20.07.29_veh-42_01059_01133.db;size:16838656;mtime_ns:1663912227000000000,/Users/liuqing/Projects/01_E2E_QA_Code/nuplan/dataset/data/cache/train_pittsburgh/2021.09.09.20.07.29_veh-42_01059_01133.db,2617ae5473bd5ed0,2021.09.09.20.07.29_veh-42_01059_01133,2021.09.09.20.07.29_veh-42_01059_01133.db,veh-42,train_pittsburgh,us-pa-pittsburgh-hazelwood,us-pa-pittsburgh-hazelwood,2021-09-09,1631218161049373,1631219220749543,1631219294700112,1631219241049429,1631219260999498,5,1480,400,00cb53a794b4529d,ff7208ed3d4150d7,9e101962d0ad9c2dcd7575dfe1eb99c56dfdeb10149e3163e7098c7c3a3ea00a,"{""low_magnitude_speed"":{""distinct_tokens"":145,""tag_rows"":145},""stationary"":{""distinct_tokens"":200,""tag_rows"":200}}",345,official-compatible scene rank: ROW_NUMBER(scene ORDER BY name)>=3 and <scene_count-1,ONE_ROW_PER_LOG; complete sorted runnable-token set bound by count/min/max/SHA256,0,false
nuplan-v1.1_LOCAL_PATH_CONVENTION,sqlite:3.53.1;schema_sha256:6cc76ba986501f0b50b3f30be4fe99285f7fd664299483d0b028e4d7ec3a07a4;page_count:3729;page_size:4096,path:/Users/liuqing/Projects/01_E2E_QA_Code/nuplan/dataset/data/cache/train_pittsburgh/2021.09.09.20.07.29_veh-42_01411_01488.db;size:15273984;mtime_ns:1663912228000000000,/Users/liuqing/Projects/01_E2E_QA_Code/nuplan/dataset/data/cache/train_pittsburgh/2021.09.09.20.07.29_veh-42_01411_01488.db,8523a9853c2751f6,2021.09.09.20.07.29_veh-42_01411_01488,2021.09.09.20.07.29_veh-42_01411_01488.db,veh-42,train_pittsburgh,us-pa-pittsburgh-hazelwood,us-pa-pittsburgh-hazelwood,2021-09-09,1631218161049373,1631219572749352,1631219649699486,1631219601049932,1631219620999676,5,1540,400,00847f6f5ba65d34,ff4e154b6b065704,bbf6f88ea3a8ac163398434c60b01e1a1a7fb3ae916f9367f336e5a1a83ca2ef,"{""low_magnitude_speed"":{""distinct_tokens"":17,""tag_rows"":17},""stationary"":{""distinct_tokens"":343,""tag_rows"":343},""stationary_at_traffic_light_with_lead"":{""distinct_tokens"":343,""tag_rows"":343}}",360,official-compatible scene rank: ROW_NUMBER(scene ORDER BY name)>=3 and <scene_count-1,ONE_ROW_PER_LOG; complete sorted runnable-token set bound by count/min/max/SHA256,0,false
nuplan-v1.1_LOCAL_PATH_CONVENTION,sqlite:3.53.1;schema_sha256:6cc76ba986501f0b50b3f30be4fe99285f7fd664299483d0b028e4d7ec3a07a4;page_count:4079;page_size:4096,path:/Users/liuqing/Projects/01_E2E_QA_Code/nuplan/dataset/data/cache/train_pittsburgh/2021.09.10.13.58.49_veh-42_02466_02539.db;size:16707584;mtime_ns:1663912229000000000,/Users/liuqing/Projects/01_E2E_QA_Code/nuplan/dataset/data/cache/train_pittsburgh/2021.09.10.13.58.49_veh-42_02466_02539.db,cb7ea39cf1015339,2021.09.10.13.58.49_veh-42_02466_02539,2021.09.10.13.58.49_veh-42_02466_02539.db,veh-42,train_pittsburgh,us-pa-pittsburgh-hazelwood,us-pa-pittsburgh-hazelwood,2021-09-10,1631282405049313,1631284871449935,1631284944400232,,,4,1460,0,,,e3b0c44298fc1c149afbf4c8996fb92427ae41e4649b934ca495991b7852b855,{},0,official-compatible scene rank: ROW_NUMBER(scene ORDER BY name)>=3 and <scene_count-1,ONE_ROW_PER_LOG; complete sorted runnable-token set bound by count/min/max/SHA256,0,false
nuplan-v1.1_LOCAL_PATH_CONVENTION,sqlite:3.53.1;schema_sha256:6cc76ba986501f0b50b3f30be4fe99285f7fd664299483d0b028e4d7ec3a07a4;page_count:1038;page_size:4096,path:/Users/liuqing/Projects/01_E2E_QA_Code/nuplan/dataset/data/cache/train_pittsburgh/2021.09.10.14.26.51_veh-45_01229_01296.db;size:4251648;mtime_ns:1663912229000000000,/Users/liuqing/Projects/01_E2E_QA_Code/nuplan/dataset/data/cache/train_pittsburgh/2021.09.10.14.26.51_veh-45_01229_01296.db,c3aef653761a5460,2021.09.10.14.26.51_veh-45_01229_01296,2021.09.10.14.26.51_veh-45_01229_01296.db,veh-45,train_pittsburgh,us-pa-pittsburgh-hazelwood,us-pa-pittsburgh-hazelwood,2021-09-10,1631284330050960,1631285559150190,1631285626099730,,,4,1340,0,,,e3b0c44298fc1c149afbf4c8996fb92427ae41e4649b934ca495991b7852b855,{},0,official-compatible scene rank: ROW_NUMBER(scene ORDER BY name)>=3 and <scene_count-1,ONE_ROW_PER_LOG; complete sorted runnable-token set bound by count/min/max/SHA256,0,false
nuplan-v1.1_LOCAL_PATH_CONVENTION,sqlite:3.53.1;schema_sha256:6cc76ba986501f0b50b3f30be4fe99285f7fd664299483d0b028e4d7ec3a07a4;page_count:906;page_size:4096,path:/Users/liuqing/Projects/01_E2E_QA_Code/nuplan/dataset/data/cache/train_pittsburgh/2021.09.10.14.44.55_veh-42_02410_02472.db;size:3710976;mtime_ns:1663912229000000000,/Users/liuqing/Projects/01_E2E_QA_Code/nuplan/dataset/data/cache/train_pittsburgh/2021.09.10.14.44.55_veh-42_02410_02472.db,4e735dc1a8a454ff,2021.09.10.14.44.55_veh-42_02410_02472,2021.09.10.14.44.55_veh-42_02410_02472.db,veh-42,train_pittsburgh,us-pa-pittsburgh-hazelwood,us-pa-pittsburgh-hazelwood,2021-09-10,1631285214149783,1631287624349775,1631287686299592,,,4,1240,0,,,e3b0c44298fc1c149afbf4c8996fb92427ae41e4649b934ca495991b7852b855,{},0,official-compatible scene rank: ROW_NUMBER(scene ORDER BY name)>=3 and <scene_count-1,ONE_ROW_PER_LOG; complete sorted runnable-token set bound by count/min/max/SHA256,0,false
nuplan-v1.1_LOCAL_PATH_CONVENTION,sqlite:3.53.1;schema_sha256:6cc76ba986501f0b50b3f30be4fe99285f7fd664299483d0b028e4d7ec3a07a4;page_count:1065;page_size:4096,path:/Users/liuqing/Projects/01_E2E_QA_Code/nuplan/dataset/data/cache/train_pittsburgh/2021.09.10.14.44.55_veh-42_02529_02595.db;size:4362240;mtime_ns:1663912229000000000,/Users/liuqing/Projects/01_E2E_QA_Code/nuplan/dataset/data/cache/train_pittsburgh/2021.09.10.14.44.55_veh-42_02529_02595.db,2c104da652f65c4b,2021.09.10.14.44.55_veh-42_02529_02595,2021.09.10.14.44.55_veh-42_02529_02595.db,veh-42,train_pittsburgh,us-pa-pittsburgh-hazelwood,us-pa-pittsburgh-hazelwood,2021-09-10,1631285214149783,1631287743349804,1631287809300096,,,4,1320,0,,,e3b0c44298fc1c149afbf4c8996fb92427ae41e4649b934ca495991b7852b855,{},0,official-compatible scene rank: ROW_NUMBER(scene ORDER BY name)>=3 and <scene_count-1,ONE_ROW_PER_LOG; complete sorted runnable-token set bound by count/min/max/SHA256,0,false
nuplan-v1.1_LOCAL_PATH_CONVENTION,sqlite:3.53.1;schema_sha256:6cc76ba986501f0b50b3f30be4fe99285f7fd664299483d0b028e4d7ec3a07a4;page_count:1024;page_size:4096,path:/Users/liuqing/Projects/01_E2E_QA_Code/nuplan/dataset/data/cache/train_pittsburgh/2021.09.13.18.55.23_veh-45_01374_01434.db;size:4194304;mtime_ns:1663912233000000000,/Users/liuqing/Projects/01_E2E_QA_Code/nuplan/dataset/data/cache/train_pittsburgh/2021.09.13.18.55.23_veh-45_01374_01434.db,5c97930aae0859ef,2021.09.13.18.55.23_veh-45_01374_01434,2021.09.13.18.55.23_veh-45_01374_01434.db,veh-45,train_pittsburgh,us-pa-pittsburgh-hazelwood,us-pa-pittsburgh-hazelwood,2021-09-13,1631559416150215,1631560790599916,1631560850550368,,,4,1200,0,,,e3b0c44298fc1c149afbf4c8996fb92427ae41e4649b934ca495991b7852b855,{},0,official-compatible scene rank: ROW_NUMBER(scene ORDER BY name)>=3 and <scene_count-1,ONE_ROW_PER_LOG; complete sorted runnable-token set bound by count/min/max/SHA256,0,false
nuplan-v1.1_LOCAL_PATH_CONVENTION,sqlite:3.53.1;schema_sha256:6cc76ba986501f0b50b3f30be4fe99285f7fd664299483d0b028e4d7ec3a07a4;page_count:903;page_size:4096,path:/Users/liuqing/Projects/01_E2E_QA_Code/nuplan/dataset/data/cache/train_pittsburgh/2021.09.13.19.54.06_veh-45_00781_00843.db;size:3698688;mtime_ns:1663912233000000000,/Users/liuqing/Projects/01_E2E_QA_Code/nuplan/dataset/data/cache/train_pittsburgh/2021.09.13.19.54.06_veh-45_00781_00843.db,7c7913812d8053b6,2021.09.13.19.54.06_veh-45_00781_00843,2021.09.13.19.54.06_veh-45_00781_00843.db,veh-45,train_pittsburgh,us-pa-pittsburgh-hazelwood,us-pa-pittsburgh-hazelwood,2021-09-13,1631562916350195,1631563698350071,1631563760299904,,,4,1240,0,,,e3b0c44298fc1c149afbf4c8996fb92427ae41e4649b934ca495991b7852b855,{},0,official-compatible scene rank: ROW_NUMBER(scene ORDER BY name)>=3 and <scene_count-1,ONE_ROW_PER_LOG; complete sorted runnable-token set bound by count/min/max/SHA256,0,false
nuplan-v1.1_LOCAL_PATH_CONVENTION,sqlite:3.53.1;schema_sha256:6cc76ba986501f0b50b3f30be4fe99285f7fd664299483d0b028e4d7ec3a07a4;page_count:2484;page_size:4096,path:/Users/liuqing/Projects/01_E2E_QA_Code/nuplan/dataset/data/cache/train_pittsburgh/2021.09.13.21.07.09_veh-45_00809_00895.db;size:10174464;mtime_ns:1663912233000000000,/Users/liuqing/Projects/01_E2E_QA_Code/nuplan/dataset/data/cache/train_pittsburgh/2021.09.13.21.07.09_veh-45_00809_00895.db,8276ef00668c5060,2021.09.13.21.07.09_veh-45_00809_00895,2021.09.13.21.07.09_veh-45_00809_00895.db,veh-45,train_pittsburgh,us-pa-pittsburgh-hazelwood,us-pa-pittsburgh-hazelwood,2021-09-13,1631567292500183,1631568102449967,1631568188400162,1631568132500303,1631568152450407,5,1720,400,00de483e6cfc5617,ff10bd621c8a5883,249a0db19ea3af3820edd2225b74a6a8c59bdd4f5c91eb906428e1b5f16719d2,"{""stationary"":{""distinct_tokens"":384,""tag_rows"":384},""stationary_at_traffic_light_with_lead"":{""distinct_tokens"":24,""tag_rows"":24}}",384,official-compatible scene rank: ROW_NUMBER(scene ORDER BY name)>=3 and <scene_count-1,ONE_ROW_PER_LOG; complete sorted runnable-token set bound by count/min/max/SHA256,0,false
nuplan-v1.1_LOCAL_PATH_CONVENTION,sqlite:3.53.1;schema_sha256:6cc76ba986501f0b50b3f30be4fe99285f7fd664299483d0b028e4d7ec3a07a4;page_count:1423;page_size:4096,path:/Users/liuqing/Projects/01_E2E_QA_Code/nuplan/dataset/data/cache/train_pittsburgh/2021.09.15.12.49.18_veh-45_01823_01896.db;size:5828608;mtime_ns:1663912238000000000,/Users/liuqing/Projects/01_E2E_QA_Code/nuplan/dataset/data/cache/train_pittsburgh/2021.09.15.12.49.18_veh-45_01823_01896.db,b0466bf6ca7a55b8,2021.09.15.12.49.18_veh-45_01823_01896,2021.09.15.12.49.18_veh-45_01823_01896.db,veh-45,train_pittsburgh,us-pa-pittsburgh-hazelwood,us-pa-pittsburgh-hazelwood,2021-09-15,1631710317799687,1631712141449830,1631712214399580,,,4,1460,0,,,e3b0c44298fc1c149afbf4c8996fb92427ae41e4649b934ca495991b7852b855,{},0,official-compatible scene rank: ROW_NUMBER(scene ORDER BY name)>=3 and <scene_count-1,ONE_ROW_PER_LOG; complete sorted runnable-token set bound by count/min/max/SHA256,0,false
nuplan-v1.1_LOCAL_PATH_CONVENTION,sqlite:3.53.1;schema_sha256:6cc76ba986501f0b50b3f30be4fe99285f7fd664299483d0b028e4d7ec3a07a4;page_count:1173;page_size:4096,path:/Users/liuqing/Projects/01_E2E_QA_Code/nuplan/dataset/data/cache/train_pittsburgh/2021.09.15.13.06.21_veh-42_03263_03326.db;size:4804608;mtime_ns:1663912238000000000,/Users/liuqing/Projects/01_E2E_QA_Code/nuplan/dataset/data/cache/train_pittsburgh/2021.09.15.13.06.21_veh-42_03263_03326.db,bda29f1390e55643,2021.09.15.13.06.21_veh-42_03263_03326,2021.09.15.13.06.21_veh-42_03263_03326.db,veh-42,train_pittsburgh,us-pa-pittsburgh-hazelwood,us-pa-pittsburgh-hazelwood,2021-09-15,1631711267999146,1631714531199932,1631714594149727,,,4,1260,0,,,e3b0c44298fc1c149afbf4c8996fb92427ae41e4649b934ca495991b7852b855,{},0,official-compatible scene rank: ROW_NUMBER(scene ORDER BY name)>=3 and <scene_count-1,ONE_ROW_PER_LOG; complete sorted runnable-token set bound by count/min/max/SHA256,0,false
nuplan-v1.1_LOCAL_PATH_CONVENTION,sqlite:3.53.1;schema_sha256:6cc76ba986501f0b50b3f30be4fe99285f7fd664299483d0b028e4d7ec3a07a4;page_count:1299;page_size:4096,path:/Users/liuqing/Projects/01_E2E_QA_Code/nuplan/dataset/data/cache/train_pittsburgh/2021.09.15.14.30.33_veh-42_00503_00575.db;size:5320704;mtime_ns:1663912239000000000,/Users/liuqing/Projects/01_E2E_QA_Code/nuplan/dataset/data/cache/train_pittsburgh/2021.09.15.14.30.33_veh-42_00503_00575.db,95f18cf0f0035f03,2021.09.15.14.30.33_veh-42_00503_00575,2021.09.15.14.30.33_veh-42_00503_00575.db,veh-42,train_pittsburgh,us-pa-pittsburgh-hazelwood,us-pa-pittsburgh-hazelwood,2021-09-15,1631716296849382,1631716800449336,1631716872399157,,,4,1440,0,,,e3b0c44298fc1c149afbf4c8996fb92427ae41e4649b934ca495991b7852b855,{},0,official-compatible scene rank: ROW_NUMBER(scene ORDER BY name)>=3 and <scene_count-1,ONE_ROW_PER_LOG; complete sorted runnable-token set bound by count/min/max/SHA256,0,false
nuplan-v1.1_LOCAL_PATH_CONVENTION,sqlite:3.53.1;schema_sha256:6cc76ba986501f0b50b3f30be4fe99285f7fd664299483d0b028e4d7ec3a07a4;page_count:3181;page_size:4096,path:/Users/liuqing/Projects/01_E2E_QA_Code/nuplan/dataset/data/cache/train_pittsburgh/2021.09.17.12.58.10_veh-45_01052_01117.db;size:13029376;mtime_ns:1663912244000000000,/Users/liuqing/Projects/01_E2E_QA_Code/nuplan/dataset/data/cache/train_pittsburgh/2021.09.17.12.58.10_veh-45_01052_01117.db,bc59a2c6542e5ca5,2021.09.17.12.58.10_veh-45_01052_01117,2021.09.17.12.58.10_veh-45_01052_01117.db,veh-45,train_pittsburgh,us-pa-pittsburgh-hazelwood,us-pa-pittsburgh-hazelwood,2021-09-17,1631883574649764,1631884626999472,1631884691949587,,,4,1300,0,,,e3b0c44298fc1c149afbf4c8996fb92427ae41e4649b934ca495991b7852b855,{},0,official-compatible scene rank: ROW_NUMBER(scene ORDER BY name)>=3 and <scene_count-1,ONE_ROW_PER_LOG; complete sorted runnable-token set bound by count/min/max/SHA256,0,false
nuplan-v1.1_LOCAL_PATH_CONVENTION,sqlite:3.53.1;schema_sha256:6cc76ba986501f0b50b3f30be4fe99285f7fd664299483d0b028e4d7ec3a07a4;page_count:1110;page_size:4096,path:/Users/liuqing/Projects/01_E2E_QA_Code/nuplan/dataset/data/cache/train_pittsburgh/2021.09.17.14.16.10_veh-42_00206_00278.db;size:4546560;mtime_ns:1663912245000000000,/Users/liuqing/Projects/01_E2E_QA_Code/nuplan/dataset/data/cache/train_pittsburgh/2021.09.17.14.16.10_veh-42_00206_00278.db,916d69edd1e95817,2021.09.17.14.16.10_veh-42_00206_00278,2021.09.17.14.16.10_veh-42_00206_00278.db,veh-42,train_pittsburgh,us-pa-pittsburgh-hazelwood,us-pa-pittsburgh-hazelwood,2021-09-17,1631888231649468,1631888438149973,1631888510099877,,,4,1440,0,,,e3b0c44298fc1c149afbf4c8996fb92427ae41e4649b934ca495991b7852b855,{},0,official-compatible scene rank: ROW_NUMBER(scene ORDER BY name)>=3 and <scene_count-1,ONE_ROW_PER_LOG; complete sorted runnable-token set bound by count/min/max/SHA256,0,false
nuplan-v1.1_LOCAL_PATH_CONVENTION,sqlite:3.53.1;schema_sha256:6cc76ba986501f0b50b3f30be4fe99285f7fd664299483d0b028e4d7ec3a07a4;page_count:1577;page_size:4096,path:/Users/liuqing/Projects/01_E2E_QA_Code/nuplan/dataset/data/cache/train_pittsburgh/2021.09.17.16.35.20_veh-45_00031_00099.db;size:6459392;mtime_ns:1663912245000000000,/Users/liuqing/Projects/01_E2E_QA_Code/nuplan/dataset/data/cache/train_pittsburgh/2021.09.17.16.35.20_veh-45_00031_00099.db,704a23fb26905919,2021.09.17.16.35.20_veh-45_00031_00099,2021.09.17.16.35.20_veh-45_00031_00099.db,veh-45,train_pittsburgh,us-pa-pittsburgh-hazelwood,us-pa-pittsburgh-hazelwood,2021-09-17,1631896653549319,1631896684649891,1631896752599903,,,4,1360,0,,,e3b0c44298fc1c149afbf4c8996fb92427ae41e4649b934ca495991b7852b855,{},0,official-compatible scene rank: ROW_NUMBER(scene ORDER BY name)>=3 and <scene_count-1,ONE_ROW_PER_LOG; complete sorted runnable-token set bound by count/min/max/SHA256,0,false
nuplan-v1.1_LOCAL_PATH_CONVENTION,sqlite:3.53.1;schema_sha256:6cc76ba986501f0b50b3f30be4fe99285f7fd664299483d0b028e4d7ec3a07a4;page_count:2457;page_size:4096,path:/Users/liuqing/Projects/01_E2E_QA_Code/nuplan/dataset/data/cache/train_pittsburgh/2021.09.17.16.35.20_veh-45_01400_01477.db;size:10063872;mtime_ns:1663912245000000000,/Users/liuqing/Projects/01_E2E_QA_Code/nuplan/dataset/data/cache/train_pittsburgh/2021.09.17.16.35.20_veh-45_01400_01477.db,855deb4706a35eda,2021.09.17.16.35.20_veh-45_01400_01477,2021.09.17.16.35.20_veh-45_01400_01477.db,veh-45,train_pittsburgh,us-pa-pittsburgh-hazelwood,us-pa-pittsburgh-hazelwood,2021-09-17,1631896653549319,1631898053649142,1631898130599691,,,4,1540,0,,,e3b0c44298fc1c149afbf4c8996fb92427ae41e4649b934ca495991b7852b855,{},0,official-compatible scene rank: ROW_NUMBER(scene ORDER BY name)>=3 and <scene_count-1,ONE_ROW_PER_LOG; complete sorted runnable-token set bound by count/min/max/SHA256,0,false
nuplan-v1.1_LOCAL_PATH_CONVENTION,sqlite:3.53.1;schema_sha256:6cc76ba986501f0b50b3f30be4fe99285f7fd664299483d0b028e4d7ec3a07a4;page_count:2421;page_size:4096,path:/Users/liuqing/Projects/01_E2E_QA_Code/nuplan/dataset/data/cache/train_pittsburgh/2021.09.17.16.35.20_veh-45_02942_03004.db;size:9916416;mtime_ns:1663912245000000000,/Users/liuqing/Projects/01_E2E_QA_Code/nuplan/dataset/data/cache/train_pittsburgh/2021.09.17.16.35.20_veh-45_02942_03004.db,8c62422030f25e6c,2021.09.17.16.35.20_veh-45_02942_03004,2021.09.17.16.35.20_veh-45_02942_03004.db,veh-45,train_pittsburgh,us-pa-pittsburgh-hazelwood,us-pa-pittsburgh-hazelwood,2021-09-17,1631896653549319,1631899595649487,1631899657599483,,,4,1240,0,,,e3b0c44298fc1c149afbf4c8996fb92427ae41e4649b934ca495991b7852b855,{},0,official-compatible scene rank: ROW_NUMBER(scene ORDER BY name)>=3 and <scene_count-1,ONE_ROW_PER_LOG; complete sorted runnable-token set bound by count/min/max/SHA256,0,false
nuplan-v1.1_LOCAL_PATH_CONVENTION,sqlite:3.53.1;schema_sha256:6cc76ba986501f0b50b3f30be4fe99285f7fd664299483d0b028e4d7ec3a07a4;page_count:1762;page_size:4096,path:/Users/liuqing/Projects/01_E2E_QA_Code/nuplan/dataset/data/cache/train_pittsburgh/2021.09.17.19.20.02_veh-45_00427_00498.db;size:7217152;mtime_ns:1663912246000000000,/Users/liuqing/Projects/01_E2E_QA_Code/nuplan/dataset/data/cache/train_pittsburgh/2021.09.17.19.20.02_veh-45_00427_00498.db,16b11f10c82c5c93,2021.09.17.19.20.02_veh-45_00427_00498,2021.09.17.19.20.02_veh-45_00427_00498.db,veh-45,train_pittsburgh,us-pa-pittsburgh-hazelwood,us-pa-pittsburgh-hazelwood,2021-09-17,1631906458349935,1631906886049659,1631906957000401,,,4,1420,0,,,e3b0c44298fc1c149afbf4c8996fb92427ae41e4649b934ca495991b7852b855,{},0,official-compatible scene rank: ROW_NUMBER(scene ORDER BY name)>=3 and <scene_count-1,ONE_ROW_PER_LOG; complete sorted runnable-token set bound by count/min/max/SHA256,0,false
nuplan-v1.1_LOCAL_PATH_CONVENTION,sqlite:3.53.1;schema_sha256:6cc76ba986501f0b50b3f30be4fe99285f7fd664299483d0b028e4d7ec3a07a4;page_count:991;page_size:4096,path:/Users/liuqing/Projects/01_E2E_QA_Code/nuplan/dataset/data/cache/train_pittsburgh/2021.09.20.13.46.45_veh-42_00252_00316.db;size:4059136;mtime_ns:1663912248000000000,/Users/liuqing/Projects/01_E2E_QA_Code/nuplan/dataset/data/cache/train_pittsburgh/2021.09.20.13.46.45_veh-42_00252_00316.db,173d882c291f5dba,2021.09.20.13.46.45_veh-42_00252_00316,2021.09.20.13.46.45_veh-42_00252_00316.db,veh-42,train_pittsburgh,us-pa-pittsburgh-hazelwood,us-pa-pittsburgh-hazelwood,2021-09-20,1632145734699494,1632145987400028,1632146051349312,,,4,1280,0,,,e3b0c44298fc1c149afbf4c8996fb92427ae41e4649b934ca495991b7852b855,{},0,official-compatible scene rank: ROW_NUMBER(scene ORDER BY name)>=3 and <scene_count-1,ONE_ROW_PER_LOG; complete sorted runnable-token set bound by count/min/max/SHA256,0,false
nuplan-v1.1_LOCAL_PATH_CONVENTION,sqlite:3.53.1;schema_sha256:6cc76ba986501f0b50b3f30be4fe99285f7fd664299483d0b028e4d7ec3a07a4;page_count:1407;page_size:4096,path:/Users/liuqing/Projects/01_E2E_QA_Code/nuplan/dataset/data/cache/train_pittsburgh/2021.09.20.13.46.45_veh-42_02535_02599.db;size:5763072;mtime_ns:1663912248000000000,/Users/liuqing/Projects/01_E2E_QA_Code/nuplan/dataset/data/cache/train_pittsburgh/2021.09.20.13.46.45_veh-42_02535_02599.db,00b8565105f35760,2021.09.20.13.46.45_veh-42_02535_02599,2021.09.20.13.46.45_veh-42_02535_02599.db,veh-42,train_pittsburgh,us-pa-pittsburgh-hazelwood,us-pa-pittsburgh-hazelwood,2021-09-20,1632145734699494,1632148270399465,1632148334349607,,,4,1280,0,,,e3b0c44298fc1c149afbf4c8996fb92427ae41e4649b934ca495991b7852b855,{},0,official-compatible scene rank: ROW_NUMBER(scene ORDER BY name)>=3 and <scene_count-1,ONE_ROW_PER_LOG; complete sorted runnable-token set bound by count/min/max/SHA256,0,false
nuplan-v1.1_LOCAL_PATH_CONVENTION,sqlite:3.53.1;schema_sha256:6cc76ba986501f0b50b3f30be4fe99285f7fd664299483d0b028e4d7ec3a07a4;page_count:1118;page_size:4096,path:/Users/liuqing/Projects/01_E2E_QA_Code/nuplan/dataset/data/cache/train_pittsburgh/2021.09.20.14.04.18_veh-08_00156_00218.db;size:4579328;mtime_ns:1663912248000000000,/Users/liuqing/Projects/01_E2E_QA_Code/nuplan/dataset/data/cache/train_pittsburgh/2021.09.20.14.04.18_veh-08_00156_00218.db,0bc5126595305c3d,2021.09.20.14.04.18_veh-08_00156_00218,2021.09.20.14.04.18_veh-08_00156_00218.db,veh-08,train_pittsburgh,us-pa-pittsburgh-hazelwood,us-pa-pittsburgh-hazelwood,2021-09-20,1632146761099604,1632146917349687,1632146979300291,,,4,1240,0,,,e3b0c44298fc1c149afbf4c8996fb92427ae41e4649b934ca495991b7852b855,{},0,official-compatible scene rank: ROW_NUMBER(scene ORDER BY name)>=3 and <scene_count-1,ONE_ROW_PER_LOG; complete sorted runnable-token set bound by count/min/max/SHA256,0,false
nuplan-v1.1_LOCAL_PATH_CONVENTION,sqlite:3.53.1;schema_sha256:6cc76ba986501f0b50b3f30be4fe99285f7fd664299483d0b028e4d7ec3a07a4;page_count:1450;page_size:4096,path:/Users/liuqing/Projects/01_E2E_QA_Code/nuplan/dataset/data/cache/train_pittsburgh/2021.09.20.14.04.18_veh-08_00245_00313.db;size:5939200;mtime_ns:1663912248000000000,/Users/liuqing/Projects/01_E2E_QA_Code/nuplan/dataset/data/cache/train_pittsburgh/2021.09.20.14.04.18_veh-08_00245_00313.db,11bf85b295af5200,2021.09.20.14.04.18_veh-08_00245_00313,2021.09.20.14.04.18_veh-08_00245_00313.db,veh-08,train_pittsburgh,us-pa-pittsburgh-hazelwood,us-pa-pittsburgh-hazelwood,2021-09-20,1632146761099604,1632147006350076,1632147074299884,,,4,1360,0,,,e3b0c44298fc1c149afbf4c8996fb92427ae41e4649b934ca495991b7852b855,{},0,official-compatible scene rank: ROW_NUMBER(scene ORDER BY name)>=3 and <scene_count-1,ONE_ROW_PER_LOG; complete sorted runnable-token set bound by count/min/max/SHA256,0,false
nuplan-v1.1_LOCAL_PATH_CONVENTION,sqlite:3.53.1;schema_sha256:6cc76ba986501f0b50b3f30be4fe99285f7fd664299483d0b028e4d7ec3a07a4;page_count:1263;page_size:4096,path:/Users/liuqing/Projects/01_E2E_QA_Code/nuplan/dataset/data/cache/train_pittsburgh/2021.09.20.14.38.07_veh-42_00122_00182.db;size:5173248;mtime_ns:1663912248000000000,/Users/liuqing/Projects/01_E2E_QA_Code/nuplan/dataset/data/cache/train_pittsburgh/2021.09.20.14.38.07_veh-42_00122_00182.db,bf6373eaa7cb5dfd,2021.09.20.14.38.07_veh-42_00122_00182,2021.09.20.14.38.07_veh-42_00122_00182.db,veh-42,train_pittsburgh,us-pa-pittsburgh-hazelwood,us-pa-pittsburgh-hazelwood,2021-09-20,1632148778799280,1632148901299629,1632148961249642,,,4,1200,0,,,e3b0c44298fc1c149afbf4c8996fb92427ae41e4649b934ca495991b7852b855,{},0,official-compatible scene rank: ROW_NUMBER(scene ORDER BY name)>=3 and <scene_count-1,ONE_ROW_PER_LOG; complete sorted runnable-token set bound by count/min/max/SHA256,0,false
nuplan-v1.1_LOCAL_PATH_CONVENTION,sqlite:3.53.1;schema_sha256:6cc76ba986501f0b50b3f30be4fe99285f7fd664299483d0b028e4d7ec3a07a4;page_count:8774;page_size:4096,path:/Users/liuqing/Projects/01_E2E_QA_Code/nuplan/dataset/data/cache/train_pittsburgh/2021.09.21.16.42.24_veh-08_01600_01735.db;size:35938304;mtime_ns:1663912251000000000,/Users/liuqing/Projects/01_E2E_QA_Code/nuplan/dataset/data/cache/train_pittsburgh/2021.09.21.16.42.24_veh-08_01600_01735.db,ef68637cf9fa5186,2021.09.21.16.42.24_veh-08_01600_01735,2021.09.21.16.42.24_veh-08_01600_01735.db,veh-08,train_pittsburgh,us-pa-pittsburgh-hazelwood,us-pa-pittsburgh-hazelwood,2021-09-21,1632242622399670,1632244223099944,1632244358049916,1632244262399686,1632244322349657,7,2700,1200,00190270d92a5351,ffde76d1870e5f0a,abe94cb0f9f1f6e13915d44ec5e63c9e8783a976b1f499397dca7d6ccca84e5e,"{""near_pedestrian_on_crosswalk"":{""distinct_tokens"":143,""tag_rows"":143},""stationary"":{""distinct_tokens"":1170,""tag_rows"":1170},""stopping_at_crosswalk"":{""distinct_tokens"":10,""tag_rows"":10}}",1175,official-compatible scene rank: ROW_NUMBER(scene ORDER BY name)>=3 and <scene_count-1,ONE_ROW_PER_LOG; complete sorted runnable-token set bound by count/min/max/SHA256,0,false
nuplan-v1.1_LOCAL_PATH_CONVENTION,sqlite:3.53.1;schema_sha256:6cc76ba986501f0b50b3f30be4fe99285f7fd664299483d0b028e4d7ec3a07a4;page_count:968;page_size:4096,path:/Users/liuqing/Projects/01_E2E_QA_Code/nuplan/dataset/data/cache/train_pittsburgh/2021.09.21.18.07.37_veh-45_00118_00178.db;size:3964928;mtime_ns:1663912251000000000,/Users/liuqing/Projects/01_E2E_QA_Code/nuplan/dataset/data/cache/train_pittsburgh/2021.09.21.18.07.37_veh-45_00118_00178.db,6d2f67eb66065b3d,2021.09.21.18.07.37_veh-45_00118_00178,2021.09.21.18.07.37_veh-45_00118_00178.db,veh-45,train_pittsburgh,us-pa-pittsburgh-hazelwood,us-pa-pittsburgh-hazelwood,2021-09-21,1632247727899719,1632247846450112,1632247906399835,,,4,1200,0,,,e3b0c44298fc1c149afbf4c8996fb92427ae41e4649b934ca495991b7852b855,{},0,official-compatible scene rank: ROW_NUMBER(scene ORDER BY name)>=3 and <scene_count-1,ONE_ROW_PER_LOG; complete sorted runnable-token set bound by count/min/max/SHA256,0,false
nuplan-v1.1_LOCAL_PATH_CONVENTION,sqlite:3.53.1;schema_sha256:6cc76ba986501f0b50b3f30be4fe99285f7fd664299483d0b028e4d7ec3a07a4;page_count:1493;page_size:4096,path:/Users/liuqing/Projects/01_E2E_QA_Code/nuplan/dataset/data/cache/train_pittsburgh/2021.09.21.19.41.31_veh-45_00522_00582.db;size:6115328;mtime_ns:1663912252000000000,/Users/liuqing/Projects/01_E2E_QA_Code/nuplan/dataset/data/cache/train_pittsburgh/2021.09.21.19.41.31_veh-45_00522_00582.db,f8d13621f19f5314,2021.09.21.19.41.31_veh-45_00522_00582,2021.09.21.19.41.31_veh-45_00522_00582.db,veh-45,train_pittsburgh,us-pa-pittsburgh-hazelwood,us-pa-pittsburgh-hazelwood,2021-09-21,1632253367400435,1632253890099648,1632253950050150,,,4,1200,0,,,e3b0c44298fc1c149afbf4c8996fb92427ae41e4649b934ca495991b7852b855,{},0,official-compatible scene rank: ROW_NUMBER(scene ORDER BY name)>=3 and <scene_count-1,ONE_ROW_PER_LOG; complete sorted runnable-token set bound by count/min/max/SHA256,0,false
nuplan-v1.1_LOCAL_PATH_CONVENTION,sqlite:3.53.1;schema_sha256:6cc76ba986501f0b50b3f30be4fe99285f7fd664299483d0b028e4d7ec3a07a4;page_count:1592;page_size:4096,path:/Users/liuqing/Projects/01_E2E_QA_Code/nuplan/dataset/data/cache/train_pittsburgh/2021.09.21.20.04.35_veh-08_03266_03333.db;size:6520832;mtime_ns:1663912252000000000,/Users/liuqing/Projects/01_E2E_QA_Code/nuplan/dataset/data/cache/train_pittsburgh/2021.09.21.20.04.35_veh-08_03266_03333.db,81f209f1fbe858e8,2021.09.21.20.04.35_veh-08_03266_03333,2021.09.21.20.04.35_veh-08_03266_03333.db,veh-08,train_pittsburgh,us-pa-pittsburgh-hazelwood,us-pa-pittsburgh-hazelwood,2021-09-21,1632254773099675,1632258039299796,1632258106249736,,,4,1340,0,,,e3b0c44298fc1c149afbf4c8996fb92427ae41e4649b934ca495991b7852b855,{},0,official-compatible scene rank: ROW_NUMBER(scene ORDER BY name)>=3 and <scene_count-1,ONE_ROW_PER_LOG; complete sorted runnable-token set bound by count/min/max/SHA256,0,false
nuplan-v1.1_LOCAL_PATH_CONVENTION,sqlite:3.53.1;schema_sha256:6cc76ba986501f0b50b3f30be4fe99285f7fd664299483d0b028e4d7ec3a07a4;page_count:1237;page_size:4096,path:/Users/liuqing/Projects/01_E2E_QA_Code/nuplan/dataset/data/cache/train_pittsburgh/2021.09.23.13.54.40_veh-45_02221_02295.db;size:5066752;mtime_ns:1663912260000000000,/Users/liuqing/Projects/01_E2E_QA_Code/nuplan/dataset/data/cache/train_pittsburgh/2021.09.23.13.54.40_veh-45_02221_02295.db,ea3041449e195cf0,2021.09.23.13.54.40_veh-45_02221_02295,2021.09.23.13.54.40_veh-45_02221_02295.db,veh-45,train_pittsburgh,us-pa-pittsburgh-hazelwood,us-pa-pittsburgh-hazelwood,2021-09-23,1632405364349531,1632407585899491,1632407659849639,,,4,1480,0,,,e3b0c44298fc1c149afbf4c8996fb92427ae41e4649b934ca495991b7852b855,{},0,official-compatible scene rank: ROW_NUMBER(scene ORDER BY name)>=3 and <scene_count-1,ONE_ROW_PER_LOG; complete sorted runnable-token set bound by count/min/max/SHA256,0,false
nuplan-v1.1_LOCAL_PATH_CONVENTION,sqlite:3.53.1;schema_sha256:6cc76ba986501f0b50b3f30be4fe99285f7fd664299483d0b028e4d7ec3a07a4;page_count:953;page_size:4096,path:/Users/liuqing/Projects/01_E2E_QA_Code/nuplan/dataset/data/cache/train_pittsburgh/2021.09.23.14.44.24_veh-45_00151_00217.db;size:3903488;mtime_ns:1663912260000000000,/Users/liuqing/Projects/01_E2E_QA_Code/nuplan/dataset/data/cache/train_pittsburgh/2021.09.23.14.44.24_veh-45_00151_00217.db,60a240378e6d568f,2021.09.23.14.44.24_veh-45_00151_00217,2021.09.23.14.44.24_veh-45_00151_00217.db,veh-45,train_pittsburgh,us-pa-pittsburgh-hazelwood,us-pa-pittsburgh-hazelwood,2021-09-23,1632408308199807,1632408460049733,1632408525999906,,,4,1320,0,,,e3b0c44298fc1c149afbf4c8996fb92427ae41e4649b934ca495991b7852b855,{},0,official-compatible scene rank: ROW_NUMBER(scene ORDER BY name)>=3 and <scene_count-1,ONE_ROW_PER_LOG; complete sorted runnable-token set bound by count/min/max/SHA256,0,false
nuplan-v1.1_LOCAL_PATH_CONVENTION,sqlite:3.53.1;schema_sha256:6cc76ba986501f0b50b3f30be4fe99285f7fd664299483d0b028e4d7ec3a07a4;page_count:978;page_size:4096,path:/Users/liuqing/Projects/01_E2E_QA_Code/nuplan/dataset/data/cache/train_pittsburgh/2021.09.23.17.57.13_veh-45_00185_00248.db;size:4005888;mtime_ns:1663912260000000000,/Users/liuqing/Projects/01_E2E_QA_Code/nuplan/dataset/data/cache/train_pittsburgh/2021.09.23.17.57.13_veh-45_00185_00248.db,12fc3404e2965700,2021.09.23.17.57.13_veh-45_00185_00248,2021.09.23.17.57.13_veh-45_00185_00248.db,veh-45,train_pittsburgh,us-pa-pittsburgh-hazelwood,us-pa-pittsburgh-hazelwood,2021-09-23,1632419877000295,1632420062899861,1632420125850294,,,4,1260,0,,,e3b0c44298fc1c149afbf4c8996fb92427ae41e4649b934ca495991b7852b855,{},0,official-compatible scene rank: ROW_NUMBER(scene ORDER BY name)>=3 and <scene_count-1,ONE_ROW_PER_LOG; complete sorted runnable-token set bound by count/min/max/SHA256,0,false
nuplan-v1.1_LOCAL_PATH_CONVENTION,sqlite:3.53.1;schema_sha256:6cc76ba986501f0b50b3f30be4fe99285f7fd664299483d0b028e4d7ec3a07a4;page_count:1636;page_size:4096,path:/Users/liuqing/Projects/01_E2E_QA_Code/nuplan/dataset/data/cache/train_pittsburgh/2021.09.23.19.52.54_veh-45_02051_02116.db;size:6701056;mtime_ns:1663912261000000000,/Users/liuqing/Projects/01_E2E_QA_Code/nuplan/dataset/data/cache/train_pittsburgh/2021.09.23.19.52.54_veh-45_02051_02116.db,09172d9bddb25aca,2021.09.23.19.52.54_veh-45_02051_02116,2021.09.23.19.52.54_veh-45_02051_02116.db,veh-45,train_pittsburgh,us-pa-pittsburgh-hazelwood,us-pa-pittsburgh-hazelwood,2021-09-23,1632426818550000,1632428870550353,1632428935500087,,,4,1300,0,,,e3b0c44298fc1c149afbf4c8996fb92427ae41e4649b934ca495991b7852b855,{},0,official-compatible scene rank: ROW_NUMBER(scene ORDER BY name)>=3 and <scene_count-1,ONE_ROW_PER_LOG; complete sorted runnable-token set bound by count/min/max/SHA256,0,false
nuplan-v1.1_LOCAL_PATH_CONVENTION,sqlite:3.53.1;schema_sha256:6cc76ba986501f0b50b3f30be4fe99285f7fd664299483d0b028e4d7ec3a07a4;page_count:1225;page_size:4096,path:/Users/liuqing/Projects/01_E2E_QA_Code/nuplan/dataset/data/cache/train_pittsburgh/2021.09.23.20.37.33_veh-45_00075_00139.db;size:5017600;mtime_ns:1663912261000000000,/Users/liuqing/Projects/01_E2E_QA_Code/nuplan/dataset/data/cache/train_pittsburgh/2021.09.23.20.37.33_veh-45_00075_00139.db,85db81c467305b27,2021.09.23.20.37.33_veh-45_00075_00139,2021.09.23.20.37.33_veh-45_00075_00139.db,veh-45,train_pittsburgh,us-pa-pittsburgh-hazelwood,us-pa-pittsburgh-hazelwood,2021-09-23,1632429497050472,1632429572150077,1632429636100281,,,4,1280,0,,,e3b0c44298fc1c149afbf4c8996fb92427ae41e4649b934ca495991b7852b855,{},0,official-compatible scene rank: ROW_NUMBER(scene ORDER BY name)>=3 and <scene_count-1,ONE_ROW_PER_LOG; complete sorted runnable-token set bound by count/min/max/SHA256,0,false
nuplan-v1.1_LOCAL_PATH_CONVENTION,sqlite:3.53.1;schema_sha256:6cc76ba986501f0b50b3f30be4fe99285f7fd664299483d0b028e4d7ec3a07a4;page_count:1520;page_size:4096,path:/Users/liuqing/Projects/01_E2E_QA_Code/nuplan/dataset/data/cache/train_pittsburgh/2021.09.27.17.52.47_veh-44_00763_00839.db;size:6225920;mtime_ns:1663912269000000000,/Users/liuqing/Projects/01_E2E_QA_Code/nuplan/dataset/data/cache/train_pittsburgh/2021.09.27.17.52.47_veh-44_00763_00839.db,0299a32d64505f12,2021.09.27.17.52.47_veh-44_00763_00839,2021.09.27.17.52.47_veh-44_00763_00839.db,veh-44,train_pittsburgh,us-pa-pittsburgh-hazelwood,us-pa-pittsburgh-hazelwood,2021-09-27,1632765245549016,1632766009049787,1632766084999304,,,4,1520,0,,,e3b0c44298fc1c149afbf4c8996fb92427ae41e4649b934ca495991b7852b855,{},0,official-compatible scene rank: ROW_NUMBER(scene ORDER BY name)>=3 and <scene_count-1,ONE_ROW_PER_LOG; complete sorted runnable-token set bound by count/min/max/SHA256,0,false
nuplan-v1.1_LOCAL_PATH_CONVENTION,sqlite:3.53.1;schema_sha256:6cc76ba986501f0b50b3f30be4fe99285f7fd664299483d0b028e4d7ec3a07a4;page_count:994;page_size:4096,path:/Users/liuqing/Projects/01_E2E_QA_Code/nuplan/dataset/data/cache/train_pittsburgh/2021.09.28.14.23.32_veh-44_00248_00309.db;size:4071424;mtime_ns:1663912275000000000,/Users/liuqing/Projects/01_E2E_QA_Code/nuplan/dataset/data/cache/train_pittsburgh/2021.09.28.14.23.32_veh-44_00248_00309.db,7e54093d05245688,2021.09.28.14.23.32_veh-44_00248_00309,2021.09.28.14.23.32_veh-44_00248_00309.db,veh-44,train_pittsburgh,us-pa-pittsburgh-hazelwood,us-pa-pittsburgh-hazelwood,2021-09-28,1632839056199801,1632839305099502,1632839366049711,,,4,1220,0,,,e3b0c44298fc1c149afbf4c8996fb92427ae41e4649b934ca495991b7852b855,{},0,official-compatible scene rank: ROW_NUMBER(scene ORDER BY name)>=3 and <scene_count-1,ONE_ROW_PER_LOG; complete sorted runnable-token set bound by count/min/max/SHA256,0,false
nuplan-v1.1_LOCAL_PATH_CONVENTION,sqlite:3.53.1;schema_sha256:6cc76ba986501f0b50b3f30be4fe99285f7fd664299483d0b028e4d7ec3a07a4;page_count:1052;page_size:4096,path:/Users/liuqing/Projects/01_E2E_QA_Code/nuplan/dataset/data/cache/train_pittsburgh/2021.09.28.16.09.49_veh-44_00255_00316.db;size:4308992;mtime_ns:1663912275000000000,/Users/liuqing/Projects/01_E2E_QA_Code/nuplan/dataset/data/cache/train_pittsburgh/2021.09.28.16.09.49_veh-44_00255_00316.db,281b4a320a265c81,2021.09.28.16.09.49_veh-44_00255_00316,2021.09.28.16.09.49_veh-44_00255_00316.db,veh-44,train_pittsburgh,us-pa-pittsburgh-hazelwood,us-pa-pittsburgh-hazelwood,2021-09-28,1632845432900078,1632845688349829,1632845749299929,,,4,1220,0,,,e3b0c44298fc1c149afbf4c8996fb92427ae41e4649b934ca495991b7852b855,{},0,official-compatible scene rank: ROW_NUMBER(scene ORDER BY name)>=3 and <scene_count-1,ONE_ROW_PER_LOG; complete sorted runnable-token set bound by count/min/max/SHA256,0,false
nuplan-v1.1_LOCAL_PATH_CONVENTION,sqlite:3.53.1;schema_sha256:6cc76ba986501f0b50b3f30be4fe99285f7fd664299483d0b028e4d7ec3a07a4;page_count:1062;page_size:4096,path:/Users/liuqing/Projects/01_E2E_QA_Code/nuplan/dataset/data/cache/train_pittsburgh/2021.09.28.16.50.03_veh-44_00421_00483.db;size:4349952;mtime_ns:1663912275000000000,/Users/liuqing/Projects/01_E2E_QA_Code/nuplan/dataset/data/cache/train_pittsburgh/2021.09.28.16.50.03_veh-44_00421_00483.db,d4efec7e163d55ff,2021.09.28.16.50.03_veh-44_00421_00483,2021.09.28.16.50.03_veh-44_00421_00483.db,veh-44,train_pittsburgh,us-pa-pittsburgh-hazelwood,us-pa-pittsburgh-hazelwood,2021-09-28,1632847867899704,1632848288999740,1632848350949631,,,4,1240,0,,,e3b0c44298fc1c149afbf4c8996fb92427ae41e4649b934ca495991b7852b855,{},0,official-compatible scene rank: ROW_NUMBER(scene ORDER BY name)>=3 and <scene_count-1,ONE_ROW_PER_LOG; complete sorted runnable-token set bound by count/min/max/SHA256,0,false
nuplan-v1.1_LOCAL_PATH_CONVENTION,sqlite:3.53.1;schema_sha256:6cc76ba986501f0b50b3f30be4fe99285f7fd664299483d0b028e4d7ec3a07a4;page_count:1004;page_size:4096,path:/Users/liuqing/Projects/01_E2E_QA_Code/nuplan/dataset/data/cache/train_pittsburgh/2021.09.28.19.55.30_veh-44_01613_01679.db;size:4112384;mtime_ns:1663912275000000000,/Users/liuqing/Projects/01_E2E_QA_Code/nuplan/dataset/data/cache/train_pittsburgh/2021.09.28.19.55.30_veh-44_01613_01679.db,db659381077f5fd0,2021.09.28.19.55.30_veh-44_01613_01679,2021.09.28.19.55.30_veh-44_01613_01679.db,veh-44,train_pittsburgh,us-pa-pittsburgh-hazelwood,us-pa-pittsburgh-hazelwood,2021-09-28,1632858975249727,1632860588899726,1632860654849792,,,4,1320,0,,,e3b0c44298fc1c149afbf4c8996fb92427ae41e4649b934ca495991b7852b855,{},0,official-compatible scene rank: ROW_NUMBER(scene ORDER BY name)>=3 and <scene_count-1,ONE_ROW_PER_LOG; complete sorted runnable-token set bound by count/min/max/SHA256,0,false
nuplan-v1.1_LOCAL_PATH_CONVENTION,sqlite:3.53.1;schema_sha256:6cc76ba986501f0b50b3f30be4fe99285f7fd664299483d0b028e4d7ec3a07a4;page_count:1145;page_size:4096,path:/Users/liuqing/Projects/01_E2E_QA_Code/nuplan/dataset/data/cache/train_pittsburgh/2021.09.28.19.55.30_veh-44_01744_01819.db;size:4689920;mtime_ns:1663912276000000000,/Users/liuqing/Projects/01_E2E_QA_Code/nuplan/dataset/data/cache/train_pittsburgh/2021.09.28.19.55.30_veh-44_01744_01819.db,f5b55a1bc1d85805,2021.09.28.19.55.30_veh-44_01744_01819,2021.09.28.19.55.30_veh-44_01744_01819.db,veh-44,train_pittsburgh,us-pa-pittsburgh-hazelwood,us-pa-pittsburgh-hazelwood,2021-09-28,1632858975249727,1632860719899600,1632860794849311,,,4,1500,0,,,e3b0c44298fc1c149afbf4c8996fb92427ae41e4649b934ca495991b7852b855,{},0,official-compatible scene rank: ROW_NUMBER(scene ORDER BY name)>=3 and <scene_count-1,ONE_ROW_PER_LOG; complete sorted runnable-token set bound by count/min/max/SHA256,0,false
nuplan-v1.1_LOCAL_PATH_CONVENTION,sqlite:3.53.1;schema_sha256:6cc76ba986501f0b50b3f30be4fe99285f7fd664299483d0b028e4d7ec3a07a4;page_count:1107;page_size:4096,path:/Users/liuqing/Projects/01_E2E_QA_Code/nuplan/dataset/data/cache/train_pittsburgh/2021.09.28.19.55.30_veh-44_01885_01952.db;size:4534272;mtime_ns:1663912276000000000,/Users/liuqing/Projects/01_E2E_QA_Code/nuplan/dataset/data/cache/train_pittsburgh/2021.09.28.19.55.30_veh-44_01885_01952.db,fa90ca9376ba51ff,2021.09.28.19.55.30_veh-44_01885_01952,2021.09.28.19.55.30_veh-44_01885_01952.db,veh-44,train_pittsburgh,us-pa-pittsburgh-hazelwood,us-pa-pittsburgh-hazelwood,2021-09-28,1632858975249727,1632860860899576,1632860927849596,,,4,1340,0,,,e3b0c44298fc1c149afbf4c8996fb92427ae41e4649b934ca495991b7852b855,{},0,official-compatible scene rank: ROW_NUMBER(scene ORDER BY name)>=3 and <scene_count-1,ONE_ROW_PER_LOG; complete sorted runnable-token set bound by count/min/max/SHA256,0,false
nuplan-v1.1_LOCAL_PATH_CONVENTION,sqlite:3.53.1;schema_sha256:6cc76ba986501f0b50b3f30be4fe99285f7fd664299483d0b028e4d7ec3a07a4;page_count:1168;page_size:4096,path:/Users/liuqing/Projects/01_E2E_QA_Code/nuplan/dataset/data/cache/train_pittsburgh/2021.09.28.19.55.30_veh-44_03475_03538.db;size:4784128;mtime_ns:1663912276000000000,/Users/liuqing/Projects/01_E2E_QA_Code/nuplan/dataset/data/cache/train_pittsburgh/2021.09.28.19.55.30_veh-44_03475_03538.db,70da8090fa8c5622,2021.09.28.19.55.30_veh-44_03475_03538,2021.09.28.19.55.30_veh-44_03475_03538.db,veh-44,train_pittsburgh,us-pa-pittsburgh-hazelwood,us-pa-pittsburgh-hazelwood,2021-09-28,1632858975249727,1632862450899764,1632862513849755,,,4,1260,0,,,e3b0c44298fc1c149afbf4c8996fb92427ae41e4649b934ca495991b7852b855,{},0,official-compatible scene rank: ROW_NUMBER(scene ORDER BY name)>=3 and <scene_count-1,ONE_ROW_PER_LOG; complete sorted runnable-token set bound by count/min/max/SHA256,0,false
nuplan-v1.1_LOCAL_PATH_CONVENTION,sqlite:3.53.1;schema_sha256:6cc76ba986501f0b50b3f30be4fe99285f7fd664299483d0b028e4d7ec3a07a4;page_count:1326;page_size:4096,path:/Users/liuqing/Projects/01_E2E_QA_Code/nuplan/dataset/data/cache/train_pittsburgh/2021.09.30.19.58.06_veh-44_00551_00619.db;size:5431296;mtime_ns:1663911026000000000,/Users/liuqing/Projects/01_E2E_QA_Code/nuplan/dataset/data/cache/train_pittsburgh/2021.09.30.19.58.06_veh-44_00551_00619.db,e088c64a02165580,2021.09.30.19.58.06_veh-44_00551_00619,2021.09.30.19.58.06_veh-44_00551_00619.db,veh-44,train_pittsburgh,us-pa-pittsburgh-hazelwood,us-pa-pittsburgh-hazelwood,2021-09-30,1633032153349268,1633032704649414,1633032772600111,,,4,1360,0,,,e3b0c44298fc1c149afbf4c8996fb92427ae41e4649b934ca495991b7852b855,{},0,official-compatible scene rank: ROW_NUMBER(scene ORDER BY name)>=3 and <scene_count-1,ONE_ROW_PER_LOG; complete sorted runnable-token set bound by count/min/max/SHA256,0,false
nuplan-v1.1_LOCAL_PATH_CONVENTION,sqlite:3.53.1;schema_sha256:6cc76ba986501f0b50b3f30be4fe99285f7fd664299483d0b028e4d7ec3a07a4;page_count:1490;page_size:4096,path:/Users/liuqing/Projects/01_E2E_QA_Code/nuplan/dataset/data/cache/train_pittsburgh/2021.09.30.19.58.06_veh-44_02010_02076.db;size:6103040;mtime_ns:1663911026000000000,/Users/liuqing/Projects/01_E2E_QA_Code/nuplan/dataset/data/cache/train_pittsburgh/2021.09.30.19.58.06_veh-44_02010_02076.db,1f4aba7053a25695,2021.09.30.19.58.06_veh-44_02010_02076,2021.09.30.19.58.06_veh-44_02010_02076.db,veh-44,train_pittsburgh,us-pa-pittsburgh-hazelwood,us-pa-pittsburgh-hazelwood,2021-09-30,1633032153349268,1633034163649841,1633034229599738,,,4,1320,0,,,e3b0c44298fc1c149afbf4c8996fb92427ae41e4649b934ca495991b7852b855,{},0,official-compatible scene rank: ROW_NUMBER(scene ORDER BY name)>=3 and <scene_count-1,ONE_ROW_PER_LOG; complete sorted runnable-token set bound by count/min/max/SHA256,0,false
nuplan-v1.1_LOCAL_PATH_CONVENTION,sqlite:3.53.1;schema_sha256:6cc76ba986501f0b50b3f30be4fe99285f7fd664299483d0b028e4d7ec3a07a4;page_count:1189;page_size:4096,path:/Users/liuqing/Projects/01_E2E_QA_Code/nuplan/dataset/data/cache/train_pittsburgh/2021.09.30.20.55.20_veh-44_00029_00093.db;size:4870144;mtime_ns:1663912285000000000,/Users/liuqing/Projects/01_E2E_QA_Code/nuplan/dataset/data/cache/train_pittsburgh/2021.09.30.20.55.20_veh-44_00029_00093.db,74710893cffd5e62,2021.09.30.20.55.20_veh-44_00029_00093,2021.09.30.20.55.20_veh-44_00029_00093.db,veh-44,train_pittsburgh,us-pa-pittsburgh-hazelwood,us-pa-pittsburgh-hazelwood,2021-09-30,1633035367499626,1633035397000029,1633035460949771,,,4,1280,0,,,e3b0c44298fc1c149afbf4c8996fb92427ae41e4649b934ca495991b7852b855,{},0,official-compatible scene rank: ROW_NUMBER(scene ORDER BY name)>=3 and <scene_count-1,ONE_ROW_PER_LOG; complete sorted runnable-token set bound by count/min/max/SHA256,0,false
nuplan-v1.1_LOCAL_PATH_CONVENTION,sqlite:3.53.1;schema_sha256:6cc76ba986501f0b50b3f30be4fe99285f7fd664299483d0b028e4d7ec3a07a4;page_count:1341;page_size:4096,path:/Users/liuqing/Projects/01_E2E_QA_Code/nuplan/dataset/data/cache/train_pittsburgh/2021.09.30.20.55.20_veh-44_00861_00936.db;size:5492736;mtime_ns:1663912285000000000,/Users/liuqing/Projects/01_E2E_QA_Code/nuplan/dataset/data/cache/train_pittsburgh/2021.09.30.20.55.20_veh-44_00861_00936.db,d911dc8b2e2e5968,2021.09.30.20.55.20_veh-44_00861_00936,2021.09.30.20.55.20_veh-44_00861_00936.db,veh-44,train_pittsburgh,us-pa-pittsburgh-hazelwood,us-pa-pittsburgh-hazelwood,2021-09-30,1633035367499626,1633036228999869,1633036303949423,,,4,1500,0,,,e3b0c44298fc1c149afbf4c8996fb92427ae41e4649b934ca495991b7852b855,{},0,official-compatible scene rank: ROW_NUMBER(scene ORDER BY name)>=3 and <scene_count-1,ONE_ROW_PER_LOG; complete sorted runnable-token set bound by count/min/max/SHA256,0,false
nuplan-v1.1_LOCAL_PATH_CONVENTION,sqlite:3.53.1;schema_sha256:6cc76ba986501f0b50b3f30be4fe99285f7fd664299483d0b028e4d7ec3a07a4;page_count:1644;page_size:4096,path:/Users/liuqing/Projects/01_E2E_QA_Code/nuplan/dataset/data/cache/train_pittsburgh/2021.10.01.12.54.53_veh-44_01642_01719.db;size:6733824;mtime_ns:1663912290000000000,/Users/liuqing/Projects/01_E2E_QA_Code/nuplan/dataset/data/cache/train_pittsburgh/2021.10.01.12.54.53_veh-44_01642_01719.db,55dcffdaf7bd5538,2021.10.01.12.54.53_veh-44_01642_01719,2021.10.01.12.54.53_veh-44_01642_01719.db,veh-44,train_pittsburgh,us-pa-pittsburgh-hazelwood,us-pa-pittsburgh-hazelwood,2021-10-01,1633092970699519,1633094613149804,1633094690099138,,,4,1540,0,,,e3b0c44298fc1c149afbf4c8996fb92427ae41e4649b934ca495991b7852b855,{},0,official-compatible scene rank: ROW_NUMBER(scene ORDER BY name)>=3 and <scene_count-1,ONE_ROW_PER_LOG; complete sorted runnable-token set bound by count/min/max/SHA256,0,false
nuplan-v1.1_LOCAL_PATH_CONVENTION,sqlite:3.53.1;schema_sha256:6cc76ba986501f0b50b3f30be4fe99285f7fd664299483d0b028e4d7ec3a07a4;page_count:1529;page_size:4096,path:/Users/liuqing/Projects/01_E2E_QA_Code/nuplan/dataset/data/cache/train_pittsburgh/2021.10.01.12.54.53_veh-44_02307_02375.db;size:6262784;mtime_ns:1663912290000000000,/Users/liuqing/Projects/01_E2E_QA_Code/nuplan/dataset/data/cache/train_pittsburgh/2021.10.01.12.54.53_veh-44_02307_02375.db,43eeedfc20b15444,2021.10.01.12.54.53_veh-44_02307_02375,2021.10.01.12.54.53_veh-44_02307_02375.db,veh-44,train_pittsburgh,us-pa-pittsburgh-hazelwood,us-pa-pittsburgh-hazelwood,2021-10-01,1633092970699519,1633095278149591,1633095346099038,,,4,1360,0,,,e3b0c44298fc1c149afbf4c8996fb92427ae41e4649b934ca495991b7852b855,{},0,official-compatible scene rank: ROW_NUMBER(scene ORDER BY name)>=3 and <scene_count-1,ONE_ROW_PER_LOG; complete sorted runnable-token set bound by count/min/max/SHA256,0,false
