global_row,shard_id,shard_path,local_row,split
118294,24,/Users/liuqing/Projects/01_E2E_QA_Code/E2E-Evaluation/outputs/waymo_5neighbor_context_laneaware_clean_v1_part_26_39/shards/shard_000006,3846,test
98460,20,/Users/liuqing/Projects/01_E2E_QA_Code/E2E-Evaluation/outputs/waymo_5neighbor_context_laneaware_clean_v1_part_26_39/shards/shard_000002,4033,test
153731,32,/Users/liuqing/Projects/01_E2E_QA_Code/E2E-Evaluation/outputs/waymo_5neighbor_context_laneaware_clean_v1_part_39_51/shards/shard_000005,2460,test
157710,33,/Users/liuqing/Projects/01_E2E_QA_Code/E2E-Evaluation/outputs/waymo_5neighbor_context_laneaware_clean_v1_part_39_51/shards/shard_000006,1438,test
1016,0,/Users/liuqing/Projects/01_E2E_QA_Code/E2E-Evaluation/outputs/waymo_5neighbor_context_laneaware_clean_v1_part_00_13/shards/shard_000000,1016,test
25206,5,/Users/liuqing/Projects/01_E2E_QA_Code/E2E-Evaluation/outputs/waymo_5neighbor_context_laneaware_clean_v1_part_00_13/shards/shard_000005,189,test
133037,28,/Users/liuqing/Projects/01_E2E_QA_Code/E2E-Evaluation/outputs/waymo_5neighbor_context_laneaware_clean_v1_part_39_51/shards/shard_000001,1786,test
60293,12,/Users/liuqing/Projects/01_E2E_QA_Code/E2E-Evaluation/outputs/waymo_5neighbor_context_laneaware_clean_v1_part_13_26/shards/shard_000003,2604,test
110028,23,/Users/liuqing/Projects/01_E2E_QA_Code/E2E-Evaluation/outputs/waymo_5neighbor_context_laneaware_clean_v1_part_26_39/shards/shard_000005,589,test
136351,29,/Users/liuqing/Projects/01_E2E_QA_Code/E2E-Evaluation/outputs/waymo_5neighbor_context_laneaware_clean_v1_part_39_51/shards/shard_000002,98,test
150689,31,/Users/liuqing/Projects/01_E2E_QA_Code/E2E-Evaluation/outputs/waymo_5neighbor_context_laneaware_clean_v1_part_39_51/shards/shard_000004,4419,test
22312,4,/Users/liuqing/Projects/01_E2E_QA_Code/E2E-Evaluation/outputs/waymo_5neighbor_context_laneaware_clean_v1_part_00_13/shards/shard_000004,2306,test
76990,15,/Users/liuqing/Projects/01_E2E_QA_Code/E2E-Evaluation/outputs/waymo_5neighbor_context_laneaware_clean_v1_part_13_26/shards/shard_000006,4269,test
22022,4,/Users/liuqing/Projects/01_E2E_QA_Code/E2E-Evaluation/outputs/waymo_5neighbor_context_laneaware_clean_v1_part_00_13/shards/shard_000004,2016,test
97828,20,/Users/liuqing/Projects/01_E2E_QA_Code/E2E-Evaluation/outputs/waymo_5neighbor_context_laneaware_clean_v1_part_26_39/shards/shard_000002,3401,test
129011,27,/Users/liuqing/Projects/01_E2E_QA_Code/E2E-Evaluation/outputs/waymo_5neighbor_context_laneaware_clean_v1_part_39_51/shards/shard_000000,2761,test
101794,21,/Users/liuqing/Projects/01_E2E_QA_Code/E2E-Evaluation/outputs/waymo_5neighbor_context_laneaware_clean_v1_part_26_39/shards/shard_000003,2363,test
54192,11,/Users/liuqing/Projects/01_E2E_QA_Code/E2E-Evaluation/outputs/waymo_5neighbor_context_laneaware_clean_v1_part_13_26/shards/shard_000002,1505,test
71467,14,/Users/liuqing/Projects/01_E2E_QA_Code/E2E-Evaluation/outputs/waymo_5neighbor_context_laneaware_clean_v1_part_13_26/shards/shard_000005,3757,test
114476,24,/Users/liuqing/Projects/01_E2E_QA_Code/E2E-Evaluation/outputs/waymo_5neighbor_context_laneaware_clean_v1_part_26_39/shards/shard_000006,28,test
42067,8,/Users/liuqing/Projects/01_E2E_QA_Code/E2E-Evaluation/outputs/waymo_5neighbor_context_laneaware_clean_v1_part_00_13/shards/shard_000008,2039,test
667,0,/Users/liuqing/Projects/01_E2E_QA_Code/E2E-Evaluation/outputs/waymo_5neighbor_context_laneaware_clean_v1_part_00_13/shards/shard_000000,667,test
960,0,/Users/liuqing/Projects/01_E2E_QA_Code/E2E-Evaluation/outputs/waymo_5neighbor_context_laneaware_clean_v1_part_00_13/shards/shard_000000,960,test
137112,29,/Users/liuqing/Projects/01_E2E_QA_Code/E2E-Evaluation/outputs/waymo_5neighbor_context_laneaware_clean_v1_part_39_51/shards/shard_000002,859,test
544,0,/Users/liuqing/Projects/01_E2E_QA_Code/E2E-Evaluation/outputs/waymo_5neighbor_context_laneaware_clean_v1_part_00_13/shards/shard_000000,544,test
115054,24,/Users/liuqing/Projects/01_E2E_QA_Code/E2E-Evaluation/outputs/waymo_5neighbor_context_laneaware_clean_v1_part_26_39/shards/shard_000006,606,test
712,0,/Users/liuqing/Projects/01_E2E_QA_Code/E2E-Evaluation/outputs/waymo_5neighbor_context_laneaware_clean_v1_part_00_13/shards/shard_000000,712,test
92353,19,/Users/liuqing/Projects/01_E2E_QA_Code/E2E-Evaluation/outputs/waymo_5neighbor_context_laneaware_clean_v1_part_26_39/shards/shard_000001,2926,test
16063,3,/Users/liuqing/Projects/01_E2E_QA_Code/E2E-Evaluation/outputs/waymo_5neighbor_context_laneaware_clean_v1_part_00_13/shards/shard_000003,1057,test
85256,18,/Users/liuqing/Projects/01_E2E_QA_Code/E2E-Evaluation/outputs/waymo_5neighbor_context_laneaware_clean_v1_part_26_39/shards/shard_000000,833,test
30378,6,/Users/liuqing/Projects/01_E2E_QA_Code/E2E-Evaluation/outputs/waymo_5neighbor_context_laneaware_clean_v1_part_00_13/shards/shard_000006,360,test
92400,19,/Users/liuqing/Projects/01_E2E_QA_Code/E2E-Evaluation/outputs/waymo_5neighbor_context_laneaware_clean_v1_part_26_39/shards/shard_000001,2973,test
12595,2,/Users/liuqing/Projects/01_E2E_QA_Code/E2E-Evaluation/outputs/waymo_5neighbor_context_laneaware_clean_v1_part_00_13/shards/shard_000002,2589,test
53158,11,/Users/liuqing/Projects/01_E2E_QA_Code/E2E-Evaluation/outputs/waymo_5neighbor_context_laneaware_clean_v1_part_13_26/shards/shard_000002,471,test
54760,11,/Users/liuqing/Projects/01_E2E_QA_Code/E2E-Evaluation/outputs/waymo_5neighbor_context_laneaware_clean_v1_part_13_26/shards/shard_000002,2073,test
64442,13,/Users/liuqing/Projects/01_E2E_QA_Code/E2E-Evaluation/outputs/waymo_5neighbor_context_laneaware_clean_v1_part_13_26/shards/shard_000004,1740,test
102591,21,/Users/liuqing/Projects/01_E2E_QA_Code/E2E-Evaluation/outputs/waymo_5neighbor_context_laneaware_clean_v1_part_26_39/shards/shard_000003,3160,test
134757,28,/Users/liuqing/Projects/01_E2E_QA_Code/E2E-Evaluation/outputs/waymo_5neighbor_context_laneaware_clean_v1_part_39_51/shards/shard_000001,3506,test
89350,18,/Users/liuqing/Projects/01_E2E_QA_Code/E2E-Evaluation/outputs/waymo_5neighbor_context_laneaware_clean_v1_part_26_39/shards/shard_000000,4927,test
122122,25,/Users/liuqing/Projects/01_E2E_QA_Code/E2E-Evaluation/outputs/waymo_5neighbor_context_laneaware_clean_v1_part_26_39/shards/shard_000007,2673,test
51795,10,/Users/liuqing/Projects/01_E2E_QA_Code/E2E-Evaluation/outputs/waymo_5neighbor_context_laneaware_clean_v1_part_13_26/shards/shard_000001,4110,test
127858,27,/Users/liuqing/Projects/01_E2E_QA_Code/E2E-Evaluation/outputs/waymo_5neighbor_context_laneaware_clean_v1_part_39_51/shards/shard_000000,1608,test
42873,9,/Users/liuqing/Projects/01_E2E_QA_Code/E2E-Evaluation/outputs/waymo_5neighbor_context_laneaware_clean_v1_part_13_26/shards/shard_000000,201,test
39433,7,/Users/liuqing/Projects/01_E2E_QA_Code/E2E-Evaluation/outputs/waymo_5neighbor_context_laneaware_clean_v1_part_00_13/shards/shard_000007,4414,test
125676,26,/Users/liuqing/Projects/01_E2E_QA_Code/E2E-Evaluation/outputs/waymo_5neighbor_context_laneaware_clean_v1_part_26_39/shards/shard_000008,1223,test
3727,0,/Users/liuqing/Projects/01_E2E_QA_Code/E2E-Evaluation/outputs/waymo_5neighbor_context_laneaware_clean_v1_part_00_13/shards/shard_000000,3727,test
101987,21,/Users/liuqing/Projects/01_E2E_QA_Code/E2E-Evaluation/outputs/waymo_5neighbor_context_laneaware_clean_v1_part_26_39/shards/shard_000003,2556,test
34530,6,/Users/liuqing/Projects/01_E2E_QA_Code/E2E-Evaluation/outputs/waymo_5neighbor_context_laneaware_clean_v1_part_00_13/shards/shard_000006,4512,test
4437,0,/Users/liuqing/Projects/01_E2E_QA_Code/E2E-Evaluation/outputs/waymo_5neighbor_context_laneaware_clean_v1_part_00_13/shards/shard_000000,4437,test
140505,29,/Users/liuqing/Projects/01_E2E_QA_Code/E2E-Evaluation/outputs/waymo_5neighbor_context_laneaware_clean_v1_part_39_51/shards/shard_000002,4252,test
128943,27,/Users/liuqing/Projects/01_E2E_QA_Code/E2E-Evaluation/outputs/waymo_5neighbor_context_laneaware_clean_v1_part_39_51/shards/shard_000000,2693,test
83737,17,/Users/liuqing/Projects/01_E2E_QA_Code/E2E-Evaluation/outputs/waymo_5neighbor_context_laneaware_clean_v1_part_13_26/shards/shard_000008,1007,test
97560,20,/Users/liuqing/Projects/01_E2E_QA_Code/E2E-Evaluation/outputs/waymo_5neighbor_context_laneaware_clean_v1_part_26_39/shards/shard_000002,3133,test
8015,1,/Users/liuqing/Projects/01_E2E_QA_Code/E2E-Evaluation/outputs/waymo_5neighbor_context_laneaware_clean_v1_part_00_13/shards/shard_000001,3013,test
69389,14,/Users/liuqing/Projects/01_E2E_QA_Code/E2E-Evaluation/outputs/waymo_5neighbor_context_laneaware_clean_v1_part_13_26/shards/shard_000005,1679,test
87408,18,/Users/liuqing/Projects/01_E2E_QA_Code/E2E-Evaluation/outputs/waymo_5neighbor_context_laneaware_clean_v1_part_26_39/shards/shard_000000,2985,test
95162,20,/Users/liuqing/Projects/01_E2E_QA_Code/E2E-Evaluation/outputs/waymo_5neighbor_context_laneaware_clean_v1_part_26_39/shards/shard_000002,735,test
114479,24,/Users/liuqing/Projects/01_E2E_QA_Code/E2E-Evaluation/outputs/waymo_5neighbor_context_laneaware_clean_v1_part_26_39/shards/shard_000006,31,test
23096,4,/Users/liuqing/Projects/01_E2E_QA_Code/E2E-Evaluation/outputs/waymo_5neighbor_context_laneaware_clean_v1_part_00_13/shards/shard_000004,3090,test
5469,1,/Users/liuqing/Projects/01_E2E_QA_Code/E2E-Evaluation/outputs/waymo_5neighbor_context_laneaware_clean_v1_part_00_13/shards/shard_000001,467,test
113516,23,/Users/liuqing/Projects/01_E2E_QA_Code/E2E-Evaluation/outputs/waymo_5neighbor_context_laneaware_clean_v1_part_26_39/shards/shard_000005,4077,test
51210,10,/Users/liuqing/Projects/01_E2E_QA_Code/E2E-Evaluation/outputs/waymo_5neighbor_context_laneaware_clean_v1_part_13_26/shards/shard_000001,3525,test
53706,11,/Users/liuqing/Projects/01_E2E_QA_Code/E2E-Evaluation/outputs/waymo_5neighbor_context_laneaware_clean_v1_part_13_26/shards/shard_000002,1019,test
94011,19,/Users/liuqing/Projects/01_E2E_QA_Code/E2E-Evaluation/outputs/waymo_5neighbor_context_laneaware_clean_v1_part_26_39/shards/shard_000001,4584,test
31106,6,/Users/liuqing/Projects/01_E2E_QA_Code/E2E-Evaluation/outputs/waymo_5neighbor_context_laneaware_clean_v1_part_00_13/shards/shard_000006,1088,test
61718,12,/Users/liuqing/Projects/01_E2E_QA_Code/E2E-Evaluation/outputs/waymo_5neighbor_context_laneaware_clean_v1_part_13_26/shards/shard_000003,4029,test
84088,17,/Users/liuqing/Projects/01_E2E_QA_Code/E2E-Evaluation/outputs/waymo_5neighbor_context_laneaware_clean_v1_part_13_26/shards/shard_000008,1358,test
87226,18,/Users/liuqing/Projects/01_E2E_QA_Code/E2E-Evaluation/outputs/waymo_5neighbor_context_laneaware_clean_v1_part_26_39/shards/shard_000000,2803,test
87960,18,/Users/liuqing/Projects/01_E2E_QA_Code/E2E-Evaluation/outputs/waymo_5neighbor_context_laneaware_clean_v1_part_26_39/shards/shard_000000,3537,test
108562,22,/Users/liuqing/Projects/01_E2E_QA_Code/E2E-Evaluation/outputs/waymo_5neighbor_context_laneaware_clean_v1_part_26_39/shards/shard_000004,4130,test
10014,2,/Users/liuqing/Projects/01_E2E_QA_Code/E2E-Evaluation/outputs/waymo_5neighbor_context_laneaware_clean_v1_part_00_13/shards/shard_000002,8,test
164650,34,/Users/liuqing/Projects/01_E2E_QA_Code/E2E-Evaluation/outputs/waymo_5neighbor_context_laneaware_clean_v1_part_39_51/shards/shard_000007,3370,test
95572,20,/Users/liuqing/Projects/01_E2E_QA_Code/E2E-Evaluation/outputs/waymo_5neighbor_context_laneaware_clean_v1_part_26_39/shards/shard_000002,1145,test
85430,18,/Users/liuqing/Projects/01_E2E_QA_Code/E2E-Evaluation/outputs/waymo_5neighbor_context_laneaware_clean_v1_part_26_39/shards/shard_000000,1007,test
44532,9,/Users/liuqing/Projects/01_E2E_QA_Code/E2E-Evaluation/outputs/waymo_5neighbor_context_laneaware_clean_v1_part_13_26/shards/shard_000000,1860,test
12544,2,/Users/liuqing/Projects/01_E2E_QA_Code/E2E-Evaluation/outputs/waymo_5neighbor_context_laneaware_clean_v1_part_00_13/shards/shard_000002,2538,test
105738,22,/Users/liuqing/Projects/01_E2E_QA_Code/E2E-Evaluation/outputs/waymo_5neighbor_context_laneaware_clean_v1_part_26_39/shards/shard_000004,1306,test
49209,10,/Users/liuqing/Projects/01_E2E_QA_Code/E2E-Evaluation/outputs/waymo_5neighbor_context_laneaware_clean_v1_part_13_26/shards/shard_000001,1524,test
162410,34,/Users/liuqing/Projects/01_E2E_QA_Code/E2E-Evaluation/outputs/waymo_5neighbor_context_laneaware_clean_v1_part_39_51/shards/shard_000007,1130,test
95647,20,/Users/liuqing/Projects/01_E2E_QA_Code/E2E-Evaluation/outputs/waymo_5neighbor_context_laneaware_clean_v1_part_26_39/shards/shard_000002,1220,test
69365,14,/Users/liuqing/Projects/01_E2E_QA_Code/E2E-Evaluation/outputs/waymo_5neighbor_context_laneaware_clean_v1_part_13_26/shards/shard_000005,1655,test
154628,32,/Users/liuqing/Projects/01_E2E_QA_Code/E2E-Evaluation/outputs/waymo_5neighbor_context_laneaware_clean_v1_part_39_51/shards/shard_000005,3357,test
99140,20,/Users/liuqing/Projects/01_E2E_QA_Code/E2E-Evaluation/outputs/waymo_5neighbor_context_laneaware_clean_v1_part_26_39/shards/shard_000002,4713,test
23965,4,/Users/liuqing/Projects/01_E2E_QA_Code/E2E-Evaluation/outputs/waymo_5neighbor_context_laneaware_clean_v1_part_00_13/shards/shard_000004,3959,test
124517,26,/Users/liuqing/Projects/01_E2E_QA_Code/E2E-Evaluation/outputs/waymo_5neighbor_context_laneaware_clean_v1_part_26_39/shards/shard_000008,64,test
157712,33,/Users/liuqing/Projects/01_E2E_QA_Code/E2E-Evaluation/outputs/waymo_5neighbor_context_laneaware_clean_v1_part_39_51/shards/shard_000006,1440,test
138277,29,/Users/liuqing/Projects/01_E2E_QA_Code/E2E-Evaluation/outputs/waymo_5neighbor_context_laneaware_clean_v1_part_39_51/shards/shard_000002,2024,test
30500,6,/Users/liuqing/Projects/01_E2E_QA_Code/E2E-Evaluation/outputs/waymo_5neighbor_context_laneaware_clean_v1_part_00_13/shards/shard_000006,482,test
139520,29,/Users/liuqing/Projects/01_E2E_QA_Code/E2E-Evaluation/outputs/waymo_5neighbor_context_laneaware_clean_v1_part_39_51/shards/shard_000002,3267,test
26481,5,/Users/liuqing/Projects/01_E2E_QA_Code/E2E-Evaluation/outputs/waymo_5neighbor_context_laneaware_clean_v1_part_00_13/shards/shard_000005,1464,test
123972,25,/Users/liuqing/Projects/01_E2E_QA_Code/E2E-Evaluation/outputs/waymo_5neighbor_context_laneaware_clean_v1_part_26_39/shards/shard_000007,4523,test
26035,5,/Users/liuqing/Projects/01_E2E_QA_Code/E2E-Evaluation/outputs/waymo_5neighbor_context_laneaware_clean_v1_part_00_13/shards/shard_000005,1018,test
34528,6,/Users/liuqing/Projects/01_E2E_QA_Code/E2E-Evaluation/outputs/waymo_5neighbor_context_laneaware_clean_v1_part_00_13/shards/shard_000006,4510,test
110232,23,/Users/liuqing/Projects/01_E2E_QA_Code/E2E-Evaluation/outputs/waymo_5neighbor_context_laneaware_clean_v1_part_26_39/shards/shard_000005,793,test
164413,34,/Users/liuqing/Projects/01_E2E_QA_Code/E2E-Evaluation/outputs/waymo_5neighbor_context_laneaware_clean_v1_part_39_51/shards/shard_000007,3133,test
47068,9,/Users/liuqing/Projects/01_E2E_QA_Code/E2E-Evaluation/outputs/waymo_5neighbor_context_laneaware_clean_v1_part_13_26/shards/shard_000000,4396,test
52144,10,/Users/liuqing/Projects/01_E2E_QA_Code/E2E-Evaluation/outputs/waymo_5neighbor_context_laneaware_clean_v1_part_13_26/shards/shard_000001,4459,test
148185,31,/Users/liuqing/Projects/01_E2E_QA_Code/E2E-Evaluation/outputs/waymo_5neighbor_context_laneaware_clean_v1_part_39_51/shards/shard_000004,1915,test
58322,12,/Users/liuqing/Projects/01_E2E_QA_Code/E2E-Evaluation/outputs/waymo_5neighbor_context_laneaware_clean_v1_part_13_26/shards/shard_000003,633,test
93505,19,/Users/liuqing/Projects/01_E2E_QA_Code/E2E-Evaluation/outputs/waymo_5neighbor_context_laneaware_clean_v1_part_26_39/shards/shard_000001,4078,test
45896,9,/Users/liuqing/Projects/01_E2E_QA_Code/E2E-Evaluation/outputs/waymo_5neighbor_context_laneaware_clean_v1_part_13_26/shards/shard_000000,3224,test
41568,8,/Users/liuqing/Projects/01_E2E_QA_Code/E2E-Evaluation/outputs/waymo_5neighbor_context_laneaware_clean_v1_part_00_13/shards/shard_000008,1540,test
53702,11,/Users/liuqing/Projects/01_E2E_QA_Code/E2E-Evaluation/outputs/waymo_5neighbor_context_laneaware_clean_v1_part_13_26/shards/shard_000002,1015,test
44944,9,/Users/liuqing/Projects/01_E2E_QA_Code/E2E-Evaluation/outputs/waymo_5neighbor_context_laneaware_clean_v1_part_13_26/shards/shard_000000,2272,test
42266,8,/Users/liuqing/Projects/01_E2E_QA_Code/E2E-Evaluation/outputs/waymo_5neighbor_context_laneaware_clean_v1_part_00_13/shards/shard_000008,2238,test
142495,30,/Users/liuqing/Projects/01_E2E_QA_Code/E2E-Evaluation/outputs/waymo_5neighbor_context_laneaware_clean_v1_part_39_51/shards/shard_000003,1226,test
114535,24,/Users/liuqing/Projects/01_E2E_QA_Code/E2E-Evaluation/outputs/waymo_5neighbor_context_laneaware_clean_v1_part_26_39/shards/shard_000006,87,test
130042,27,/Users/liuqing/Projects/01_E2E_QA_Code/E2E-Evaluation/outputs/waymo_5neighbor_context_laneaware_clean_v1_part_39_51/shards/shard_000000,3792,test
46675,9,/Users/liuqing/Projects/01_E2E_QA_Code/E2E-Evaluation/outputs/waymo_5neighbor_context_laneaware_clean_v1_part_13_26/shards/shard_000000,4003,test
53985,11,/Users/liuqing/Projects/01_E2E_QA_Code/E2E-Evaluation/outputs/waymo_5neighbor_context_laneaware_clean_v1_part_13_26/shards/shard_000002,1298,test
85262,18,/Users/liuqing/Projects/01_E2E_QA_Code/E2E-Evaluation/outputs/waymo_5neighbor_context_laneaware_clean_v1_part_26_39/shards/shard_000000,839,test
12479,2,/Users/liuqing/Projects/01_E2E_QA_Code/E2E-Evaluation/outputs/waymo_5neighbor_context_laneaware_clean_v1_part_00_13/shards/shard_000002,2473,test
6633,1,/Users/liuqing/Projects/01_E2E_QA_Code/E2E-Evaluation/outputs/waymo_5neighbor_context_laneaware_clean_v1_part_00_13/shards/shard_000001,1631,test
33097,6,/Users/liuqing/Projects/01_E2E_QA_Code/E2E-Evaluation/outputs/waymo_5neighbor_context_laneaware_clean_v1_part_00_13/shards/shard_000006,3079,test
147946,31,/Users/liuqing/Projects/01_E2E_QA_Code/E2E-Evaluation/outputs/waymo_5neighbor_context_laneaware_clean_v1_part_39_51/shards/shard_000004,1676,test
144681,30,/Users/liuqing/Projects/01_E2E_QA_Code/E2E-Evaluation/outputs/waymo_5neighbor_context_laneaware_clean_v1_part_39_51/shards/shard_000003,3412,test
83731,17,/Users/liuqing/Projects/01_E2E_QA_Code/E2E-Evaluation/outputs/waymo_5neighbor_context_laneaware_clean_v1_part_13_26/shards/shard_000008,1001,test
8964,1,/Users/liuqing/Projects/01_E2E_QA_Code/E2E-Evaluation/outputs/waymo_5neighbor_context_laneaware_clean_v1_part_00_13/shards/shard_000001,3962,test
25335,5,/Users/liuqing/Projects/01_E2E_QA_Code/E2E-Evaluation/outputs/waymo_5neighbor_context_laneaware_clean_v1_part_00_13/shards/shard_000005,318,test
28587,5,/Users/liuqing/Projects/01_E2E_QA_Code/E2E-Evaluation/outputs/waymo_5neighbor_context_laneaware_clean_v1_part_00_13/shards/shard_000005,3570,test
11144,2,/Users/liuqing/Projects/01_E2E_QA_Code/E2E-Evaluation/outputs/waymo_5neighbor_context_laneaware_clean_v1_part_00_13/shards/shard_000002,1138,test
119483,25,/Users/liuqing/Projects/01_E2E_QA_Code/E2E-Evaluation/outputs/waymo_5neighbor_context_laneaware_clean_v1_part_26_39/shards/shard_000007,34,test
102780,21,/Users/liuqing/Projects/01_E2E_QA_Code/E2E-Evaluation/outputs/waymo_5neighbor_context_laneaware_clean_v1_part_26_39/shards/shard_000003,3349,test
75349,15,/Users/liuqing/Projects/01_E2E_QA_Code/E2E-Evaluation/outputs/waymo_5neighbor_context_laneaware_clean_v1_part_13_26/shards/shard_000006,2628,test
115386,24,/Users/liuqing/Projects/01_E2E_QA_Code/E2E-Evaluation/outputs/waymo_5neighbor_context_laneaware_clean_v1_part_26_39/shards/shard_000006,938,test
164126,34,/Users/liuqing/Projects/01_E2E_QA_Code/E2E-Evaluation/outputs/waymo_5neighbor_context_laneaware_clean_v1_part_39_51/shards/shard_000007,2846,test
54759,11,/Users/liuqing/Projects/01_E2E_QA_Code/E2E-Evaluation/outputs/waymo_5neighbor_context_laneaware_clean_v1_part_13_26/shards/shard_000002,2072,test
12949,2,/Users/liuqing/Projects/01_E2E_QA_Code/E2E-Evaluation/outputs/waymo_5neighbor_context_laneaware_clean_v1_part_00_13/shards/shard_000002,2943,test
160581,33,/Users/liuqing/Projects/01_E2E_QA_Code/E2E-Evaluation/outputs/waymo_5neighbor_context_laneaware_clean_v1_part_39_51/shards/shard_000006,4309,test
34724,6,/Users/liuqing/Projects/01_E2E_QA_Code/E2E-Evaluation/outputs/waymo_5neighbor_context_laneaware_clean_v1_part_00_13/shards/shard_000006,4706,test
12623,2,/Users/liuqing/Projects/01_E2E_QA_Code/E2E-Evaluation/outputs/waymo_5neighbor_context_laneaware_clean_v1_part_00_13/shards/shard_000002,2617,test
18076,3,/Users/liuqing/Projects/01_E2E_QA_Code/E2E-Evaluation/outputs/waymo_5neighbor_context_laneaware_clean_v1_part_00_13/shards/shard_000003,3070,test
155766,32,/Users/liuqing/Projects/01_E2E_QA_Code/E2E-Evaluation/outputs/waymo_5neighbor_context_laneaware_clean_v1_part_39_51/shards/shard_000005,4495,test
98033,20,/Users/liuqing/Projects/01_E2E_QA_Code/E2E-Evaluation/outputs/waymo_5neighbor_context_laneaware_clean_v1_part_26_39/shards/shard_000002,3606,test
2543,0,/Users/liuqing/Projects/01_E2E_QA_Code/E2E-Evaluation/outputs/waymo_5neighbor_context_laneaware_clean_v1_part_00_13/shards/shard_000000,2543,test
27377,5,/Users/liuqing/Projects/01_E2E_QA_Code/E2E-Evaluation/outputs/waymo_5neighbor_context_laneaware_clean_v1_part_00_13/shards/shard_000005,2360,test
99044,20,/Users/liuqing/Projects/01_E2E_QA_Code/E2E-Evaluation/outputs/waymo_5neighbor_context_laneaware_clean_v1_part_26_39/shards/shard_000002,4617,test
151020,31,/Users/liuqing/Projects/01_E2E_QA_Code/E2E-Evaluation/outputs/waymo_5neighbor_context_laneaware_clean_v1_part_39_51/shards/shard_000004,4750,test
59609,12,/Users/liuqing/Projects/01_E2E_QA_Code/E2E-Evaluation/outputs/waymo_5neighbor_context_laneaware_clean_v1_part_13_26/shards/shard_000003,1920,test
148355,31,/Users/liuqing/Projects/01_E2E_QA_Code/E2E-Evaluation/outputs/waymo_5neighbor_context_laneaware_clean_v1_part_39_51/shards/shard_000004,2085,test
105493,22,/Users/liuqing/Projects/01_E2E_QA_Code/E2E-Evaluation/outputs/waymo_5neighbor_context_laneaware_clean_v1_part_26_39/shards/shard_000004,1061,test
128470,27,/Users/liuqing/Projects/01_E2E_QA_Code/E2E-Evaluation/outputs/waymo_5neighbor_context_laneaware_clean_v1_part_39_51/shards/shard_000000,2220,test
124226,25,/Users/liuqing/Projects/01_E2E_QA_Code/E2E-Evaluation/outputs/waymo_5neighbor_context_laneaware_clean_v1_part_26_39/shards/shard_000007,4777,test
60411,12,/Users/liuqing/Projects/01_E2E_QA_Code/E2E-Evaluation/outputs/waymo_5neighbor_context_laneaware_clean_v1_part_13_26/shards/shard_000003,2722,test
89449,19,/Users/liuqing/Projects/01_E2E_QA_Code/E2E-Evaluation/outputs/waymo_5neighbor_context_laneaware_clean_v1_part_26_39/shards/shard_000001,22,test
127142,27,/Users/liuqing/Projects/01_E2E_QA_Code/E2E-Evaluation/outputs/waymo_5neighbor_context_laneaware_clean_v1_part_39_51/shards/shard_000000,892,test
156829,33,/Users/liuqing/Projects/01_E2E_QA_Code/E2E-Evaluation/outputs/waymo_5neighbor_context_laneaware_clean_v1_part_39_51/shards/shard_000006,557,test
140664,29,/Users/liuqing/Projects/01_E2E_QA_Code/E2E-Evaluation/outputs/waymo_5neighbor_context_laneaware_clean_v1_part_39_51/shards/shard_000002,4411,test
23962,4,/Users/liuqing/Projects/01_E2E_QA_Code/E2E-Evaluation/outputs/waymo_5neighbor_context_laneaware_clean_v1_part_00_13/shards/shard_000004,3956,test
48629,10,/Users/liuqing/Projects/01_E2E_QA_Code/E2E-Evaluation/outputs/waymo_5neighbor_context_laneaware_clean_v1_part_13_26/shards/shard_000001,944,test
67234,13,/Users/liuqing/Projects/01_E2E_QA_Code/E2E-Evaluation/outputs/waymo_5neighbor_context_laneaware_clean_v1_part_13_26/shards/shard_000004,4532,test
76577,15,/Users/liuqing/Projects/01_E2E_QA_Code/E2E-Evaluation/outputs/waymo_5neighbor_context_laneaware_clean_v1_part_13_26/shards/shard_000006,3856,test
136186,28,/Users/liuqing/Projects/01_E2E_QA_Code/E2E-Evaluation/outputs/waymo_5neighbor_context_laneaware_clean_v1_part_39_51/shards/shard_000001,4935,test
128517,27,/Users/liuqing/Projects/01_E2E_QA_Code/E2E-Evaluation/outputs/waymo_5neighbor_context_laneaware_clean_v1_part_39_51/shards/shard_000000,2267,test
36125,7,/Users/liuqing/Projects/01_E2E_QA_Code/E2E-Evaluation/outputs/waymo_5neighbor_context_laneaware_clean_v1_part_00_13/shards/shard_000007,1106,test
68139,14,/Users/liuqing/Projects/01_E2E_QA_Code/E2E-Evaluation/outputs/waymo_5neighbor_context_laneaware_clean_v1_part_13_26/shards/shard_000005,429,test
159797,33,/Users/liuqing/Projects/01_E2E_QA_Code/E2E-Evaluation/outputs/waymo_5neighbor_context_laneaware_clean_v1_part_39_51/shards/shard_000006,3525,test
29803,5,/Users/liuqing/Projects/01_E2E_QA_Code/E2E-Evaluation/outputs/waymo_5neighbor_context_laneaware_clean_v1_part_00_13/shards/shard_000005,4786,test
23360,4,/Users/liuqing/Projects/01_E2E_QA_Code/E2E-Evaluation/outputs/waymo_5neighbor_context_laneaware_clean_v1_part_00_13/shards/shard_000004,3354,test
39686,7,/Users/liuqing/Projects/01_E2E_QA_Code/E2E-Evaluation/outputs/waymo_5neighbor_context_laneaware_clean_v1_part_00_13/shards/shard_000007,4667,test
145271,30,/Users/liuqing/Projects/01_E2E_QA_Code/E2E-Evaluation/outputs/waymo_5neighbor_context_laneaware_clean_v1_part_39_51/shards/shard_000003,4002,test
17396,3,/Users/liuqing/Projects/01_E2E_QA_Code/E2E-Evaluation/outputs/waymo_5neighbor_context_laneaware_clean_v1_part_00_13/shards/shard_000003,2390,test
28146,5,/Users/liuqing/Projects/01_E2E_QA_Code/E2E-Evaluation/outputs/waymo_5neighbor_context_laneaware_clean_v1_part_00_13/shards/shard_000005,3129,test
2963,0,/Users/liuqing/Projects/01_E2E_QA_Code/E2E-Evaluation/outputs/waymo_5neighbor_context_laneaware_clean_v1_part_00_13/shards/shard_000000,2963,test
146430,31,/Users/liuqing/Projects/01_E2E_QA_Code/E2E-Evaluation/outputs/waymo_5neighbor_context_laneaware_clean_v1_part_39_51/shards/shard_000004,160,test
148494,31,/Users/liuqing/Projects/01_E2E_QA_Code/E2E-Evaluation/outputs/waymo_5neighbor_context_laneaware_clean_v1_part_39_51/shards/shard_000004,2224,test
102640,21,/Users/liuqing/Projects/01_E2E_QA_Code/E2E-Evaluation/outputs/waymo_5neighbor_context_laneaware_clean_v1_part_26_39/shards/shard_000003,3209,test
60842,12,/Users/liuqing/Projects/01_E2E_QA_Code/E2E-Evaluation/outputs/waymo_5neighbor_context_laneaware_clean_v1_part_13_26/shards/shard_000003,3153,test
59991,12,/Users/liuqing/Projects/01_E2E_QA_Code/E2E-Evaluation/outputs/waymo_5neighbor_context_laneaware_clean_v1_part_13_26/shards/shard_000003,2302,test
48374,10,/Users/liuqing/Projects/01_E2E_QA_Code/E2E-Evaluation/outputs/waymo_5neighbor_context_laneaware_clean_v1_part_13_26/shards/shard_000001,689,test
113674,23,/Users/liuqing/Projects/01_E2E_QA_Code/E2E-Evaluation/outputs/waymo_5neighbor_context_laneaware_clean_v1_part_26_39/shards/shard_000005,4235,test
46493,9,/Users/liuqing/Projects/01_E2E_QA_Code/E2E-Evaluation/outputs/waymo_5neighbor_context_laneaware_clean_v1_part_13_26/shards/shard_000000,3821,test
36333,7,/Users/liuqing/Projects/01_E2E_QA_Code/E2E-Evaluation/outputs/waymo_5neighbor_context_laneaware_clean_v1_part_00_13/shards/shard_000007,1314,test
85140,18,/Users/liuqing/Projects/01_E2E_QA_Code/E2E-Evaluation/outputs/waymo_5neighbor_context_laneaware_clean_v1_part_26_39/shards/shard_000000,717,test
53160,11,/Users/liuqing/Projects/01_E2E_QA_Code/E2E-Evaluation/outputs/waymo_5neighbor_context_laneaware_clean_v1_part_13_26/shards/shard_000002,473,test
55853,11,/Users/liuqing/Projects/01_E2E_QA_Code/E2E-Evaluation/outputs/waymo_5neighbor_context_laneaware_clean_v1_part_13_26/shards/shard_000002,3166,test
75187,15,/Users/liuqing/Projects/01_E2E_QA_Code/E2E-Evaluation/outputs/waymo_5neighbor_context_laneaware_clean_v1_part_13_26/shards/shard_000006,2466,test
99110,20,/Users/liuqing/Projects/01_E2E_QA_Code/E2E-Evaluation/outputs/waymo_5neighbor_context_laneaware_clean_v1_part_26_39/shards/shard_000002,4683,test
23359,4,/Users/liuqing/Projects/01_E2E_QA_Code/E2E-Evaluation/outputs/waymo_5neighbor_context_laneaware_clean_v1_part_00_13/shards/shard_000004,3353,test
137269,29,/Users/liuqing/Projects/01_E2E_QA_Code/E2E-Evaluation/outputs/waymo_5neighbor_context_laneaware_clean_v1_part_39_51/shards/shard_000002,1016,test
148879,31,/Users/liuqing/Projects/01_E2E_QA_Code/E2E-Evaluation/outputs/waymo_5neighbor_context_laneaware_clean_v1_part_39_51/shards/shard_000004,2609,test
149506,31,/Users/liuqing/Projects/01_E2E_QA_Code/E2E-Evaluation/outputs/waymo_5neighbor_context_laneaware_clean_v1_part_39_51/shards/shard_000004,3236,test
11534,2,/Users/liuqing/Projects/01_E2E_QA_Code/E2E-Evaluation/outputs/waymo_5neighbor_context_laneaware_clean_v1_part_00_13/shards/shard_000002,1528,test
150577,31,/Users/liuqing/Projects/01_E2E_QA_Code/E2E-Evaluation/outputs/waymo_5neighbor_context_laneaware_clean_v1_part_39_51/shards/shard_000004,4307,test
150214,31,/Users/liuqing/Projects/01_E2E_QA_Code/E2E-Evaluation/outputs/waymo_5neighbor_context_laneaware_clean_v1_part_39_51/shards/shard_000004,3944,test
103888,21,/Users/liuqing/Projects/01_E2E_QA_Code/E2E-Evaluation/outputs/waymo_5neighbor_context_laneaware_clean_v1_part_26_39/shards/shard_000003,4457,test
26789,5,/Users/liuqing/Projects/01_E2E_QA_Code/E2E-Evaluation/outputs/waymo_5neighbor_context_laneaware_clean_v1_part_00_13/shards/shard_000005,1772,test
88187,18,/Users/liuqing/Projects/01_E2E_QA_Code/E2E-Evaluation/outputs/waymo_5neighbor_context_laneaware_clean_v1_part_26_39/shards/shard_000000,3764,test
116717,24,/Users/liuqing/Projects/01_E2E_QA_Code/E2E-Evaluation/outputs/waymo_5neighbor_context_laneaware_clean_v1_part_26_39/shards/shard_000006,2269,test
127068,27,/Users/liuqing/Projects/01_E2E_QA_Code/E2E-Evaluation/outputs/waymo_5neighbor_context_laneaware_clean_v1_part_39_51/shards/shard_000000,818,test
7608,1,/Users/liuqing/Projects/01_E2E_QA_Code/E2E-Evaluation/outputs/waymo_5neighbor_context_laneaware_clean_v1_part_00_13/shards/shard_000001,2606,test
38841,7,/Users/liuqing/Projects/01_E2E_QA_Code/E2E-Evaluation/outputs/waymo_5neighbor_context_laneaware_clean_v1_part_00_13/shards/shard_000007,3822,test
162348,34,/Users/liuqing/Projects/01_E2E_QA_Code/E2E-Evaluation/outputs/waymo_5neighbor_context_laneaware_clean_v1_part_39_51/shards/shard_000007,1068,test
134115,28,/Users/liuqing/Projects/01_E2E_QA_Code/E2E-Evaluation/outputs/waymo_5neighbor_context_laneaware_clean_v1_part_39_51/shards/shard_000001,2864,test
133678,28,/Users/liuqing/Projects/01_E2E_QA_Code/E2E-Evaluation/outputs/waymo_5neighbor_context_laneaware_clean_v1_part_39_51/shards/shard_000001,2427,test
12648,2,/Users/liuqing/Projects/01_E2E_QA_Code/E2E-Evaluation/outputs/waymo_5neighbor_context_laneaware_clean_v1_part_00_13/shards/shard_000002,2642,test
152641,32,/Users/liuqing/Projects/01_E2E_QA_Code/E2E-Evaluation/outputs/waymo_5neighbor_context_laneaware_clean_v1_part_39_51/shards/shard_000005,1370,test
62661,12,/Users/liuqing/Projects/01_E2E_QA_Code/E2E-Evaluation/outputs/waymo_5neighbor_context_laneaware_clean_v1_part_13_26/shards/shard_000003,4972,test
5729,1,/Users/liuqing/Projects/01_E2E_QA_Code/E2E-Evaluation/outputs/waymo_5neighbor_context_laneaware_clean_v1_part_00_13/shards/shard_000001,727,test
88754,18,/Users/liuqing/Projects/01_E2E_QA_Code/E2E-Evaluation/outputs/waymo_5neighbor_context_laneaware_clean_v1_part_26_39/shards/shard_000000,4331,test
9645,1,/Users/liuqing/Projects/01_E2E_QA_Code/E2E-Evaluation/outputs/waymo_5neighbor_context_laneaware_clean_v1_part_00_13/shards/shard_000001,4643,test
102306,21,/Users/liuqing/Projects/01_E2E_QA_Code/E2E-Evaluation/outputs/waymo_5neighbor_context_laneaware_clean_v1_part_26_39/shards/shard_000003,2875,test
68280,14,/Users/liuqing/Projects/01_E2E_QA_Code/E2E-Evaluation/outputs/waymo_5neighbor_context_laneaware_clean_v1_part_13_26/shards/shard_000005,570,test
97146,20,/Users/liuqing/Projects/01_E2E_QA_Code/E2E-Evaluation/outputs/waymo_5neighbor_context_laneaware_clean_v1_part_26_39/shards/shard_000002,2719,test
56457,11,/Users/liuqing/Projects/01_E2E_QA_Code/E2E-Evaluation/outputs/waymo_5neighbor_context_laneaware_clean_v1_part_13_26/shards/shard_000002,3770,test
54069,11,/Users/liuqing/Projects/01_E2E_QA_Code/E2E-Evaluation/outputs/waymo_5neighbor_context_laneaware_clean_v1_part_13_26/shards/shard_000002,1382,test
149424,31,/Users/liuqing/Projects/01_E2E_QA_Code/E2E-Evaluation/outputs/waymo_5neighbor_context_laneaware_clean_v1_part_39_51/shards/shard_000004,3154,test
4416,0,/Users/liuqing/Projects/01_E2E_QA_Code/E2E-Evaluation/outputs/waymo_5neighbor_context_laneaware_clean_v1_part_00_13/shards/shard_000000,4416,test
49048,10,/Users/liuqing/Projects/01_E2E_QA_Code/E2E-Evaluation/outputs/waymo_5neighbor_context_laneaware_clean_v1_part_13_26/shards/shard_000001,1363,test
71571,14,/Users/liuqing/Projects/01_E2E_QA_Code/E2E-Evaluation/outputs/waymo_5neighbor_context_laneaware_clean_v1_part_13_26/shards/shard_000005,3861,test
160012,33,/Users/liuqing/Projects/01_E2E_QA_Code/E2E-Evaluation/outputs/waymo_5neighbor_context_laneaware_clean_v1_part_39_51/shards/shard_000006,3740,test
81818,16,/Users/liuqing/Projects/01_E2E_QA_Code/E2E-Evaluation/outputs/waymo_5neighbor_context_laneaware_clean_v1_part_13_26/shards/shard_000007,4097,test
102974,21,/Users/liuqing/Projects/01_E2E_QA_Code/E2E-Evaluation/outputs/waymo_5neighbor_context_laneaware_clean_v1_part_26_39/shards/shard_000003,3543,test
53077,11,/Users/liuqing/Projects/01_E2E_QA_Code/E2E-Evaluation/outputs/waymo_5neighbor_context_laneaware_clean_v1_part_13_26/shards/shard_000002,390,test
83310,17,/Users/liuqing/Projects/01_E2E_QA_Code/E2E-Evaluation/outputs/waymo_5neighbor_context_laneaware_clean_v1_part_13_26/shards/shard_000008,580,test
12620,2,/Users/liuqing/Projects/01_E2E_QA_Code/E2E-Evaluation/outputs/waymo_5neighbor_context_laneaware_clean_v1_part_00_13/shards/shard_000002,2614,test
36905,7,/Users/liuqing/Projects/01_E2E_QA_Code/E2E-Evaluation/outputs/waymo_5neighbor_context_laneaware_clean_v1_part_00_13/shards/shard_000007,1886,test
19793,3,/Users/liuqing/Projects/01_E2E_QA_Code/E2E-Evaluation/outputs/waymo_5neighbor_context_laneaware_clean_v1_part_00_13/shards/shard_000003,4787,test
4670,0,/Users/liuqing/Projects/01_E2E_QA_Code/E2E-Evaluation/outputs/waymo_5neighbor_context_laneaware_clean_v1_part_00_13/shards/shard_000000,4670,test
53080,11,/Users/liuqing/Projects/01_E2E_QA_Code/E2E-Evaluation/outputs/waymo_5neighbor_context_laneaware_clean_v1_part_13_26/shards/shard_000002,393,test
35060,7,/Users/liuqing/Projects/01_E2E_QA_Code/E2E-Evaluation/outputs/waymo_5neighbor_context_laneaware_clean_v1_part_00_13/shards/shard_000007,41,test
14102,2,/Users/liuqing/Projects/01_E2E_QA_Code/E2E-Evaluation/outputs/waymo_5neighbor_context_laneaware_clean_v1_part_00_13/shards/shard_000002,4096,test
52654,10,/Users/liuqing/Projects/01_E2E_QA_Code/E2E-Evaluation/outputs/waymo_5neighbor_context_laneaware_clean_v1_part_13_26/shards/shard_000001,4969,test
133031,28,/Users/liuqing/Projects/01_E2E_QA_Code/E2E-Evaluation/outputs/waymo_5neighbor_context_laneaware_clean_v1_part_39_51/shards/shard_000001,1780,test
40304,8,/Users/liuqing/Projects/01_E2E_QA_Code/E2E-Evaluation/outputs/waymo_5neighbor_context_laneaware_clean_v1_part_00_13/shards/shard_000008,276,test
134755,28,/Users/liuqing/Projects/01_E2E_QA_Code/E2E-Evaluation/outputs/waymo_5neighbor_context_laneaware_clean_v1_part_39_51/shards/shard_000001,3504,test
52801,11,/Users/liuqing/Projects/01_E2E_QA_Code/E2E-Evaluation/outputs/waymo_5neighbor_context_laneaware_clean_v1_part_13_26/shards/shard_000002,114,test
48058,10,/Users/liuqing/Projects/01_E2E_QA_Code/E2E-Evaluation/outputs/waymo_5neighbor_context_laneaware_clean_v1_part_13_26/shards/shard_000001,373,test
106856,22,/Users/liuqing/Projects/01_E2E_QA_Code/E2E-Evaluation/outputs/waymo_5neighbor_context_laneaware_clean_v1_part_26_39/shards/shard_000004,2424,test
14872,2,/Users/liuqing/Projects/01_E2E_QA_Code/E2E-Evaluation/outputs/waymo_5neighbor_context_laneaware_clean_v1_part_00_13/shards/shard_000002,4866,test
136284,29,/Users/liuqing/Projects/01_E2E_QA_Code/E2E-Evaluation/outputs/waymo_5neighbor_context_laneaware_clean_v1_part_39_51/shards/shard_000002,31,test
98036,20,/Users/liuqing/Projects/01_E2E_QA_Code/E2E-Evaluation/outputs/waymo_5neighbor_context_laneaware_clean_v1_part_26_39/shards/shard_000002,3609,test
121832,25,/Users/liuqing/Projects/01_E2E_QA_Code/E2E-Evaluation/outputs/waymo_5neighbor_context_laneaware_clean_v1_part_26_39/shards/shard_000007,2383,test
28942,5,/Users/liuqing/Projects/01_E2E_QA_Code/E2E-Evaluation/outputs/waymo_5neighbor_context_laneaware_clean_v1_part_00_13/shards/shard_000005,3925,test
45899,9,/Users/liuqing/Projects/01_E2E_QA_Code/E2E-Evaluation/outputs/waymo_5neighbor_context_laneaware_clean_v1_part_13_26/shards/shard_000000,3227,test
111067,23,/Users/liuqing/Projects/01_E2E_QA_Code/E2E-Evaluation/outputs/waymo_5neighbor_context_laneaware_clean_v1_part_26_39/shards/shard_000005,1628,test
57871,12,/Users/liuqing/Projects/01_E2E_QA_Code/E2E-Evaluation/outputs/waymo_5neighbor_context_laneaware_clean_v1_part_13_26/shards/shard_000003,182,test
82434,16,/Users/liuqing/Projects/01_E2E_QA_Code/E2E-Evaluation/outputs/waymo_5neighbor_context_laneaware_clean_v1_part_13_26/shards/shard_000007,4713,test
124406,25,/Users/liuqing/Projects/01_E2E_QA_Code/E2E-Evaluation/outputs/waymo_5neighbor_context_laneaware_clean_v1_part_26_39/shards/shard_000007,4957,test
62078,12,/Users/liuqing/Projects/01_E2E_QA_Code/E2E-Evaluation/outputs/waymo_5neighbor_context_laneaware_clean_v1_part_13_26/shards/shard_000003,4389,test
153440,32,/Users/liuqing/Projects/01_E2E_QA_Code/E2E-Evaluation/outputs/waymo_5neighbor_context_laneaware_clean_v1_part_39_51/shards/shard_000005,2169,test
100390,21,/Users/liuqing/Projects/01_E2E_QA_Code/E2E-Evaluation/outputs/waymo_5neighbor_context_laneaware_clean_v1_part_26_39/shards/shard_000003,959,test
51209,10,/Users/liuqing/Projects/01_E2E_QA_Code/E2E-Evaluation/outputs/waymo_5neighbor_context_laneaware_clean_v1_part_13_26/shards/shard_000001,3524,test
134112,28,/Users/liuqing/Projects/01_E2E_QA_Code/E2E-Evaluation/outputs/waymo_5neighbor_context_laneaware_clean_v1_part_39_51/shards/shard_000001,2861,test
36065,7,/Users/liuqing/Projects/01_E2E_QA_Code/E2E-Evaluation/outputs/waymo_5neighbor_context_laneaware_clean_v1_part_00_13/shards/shard_000007,1046,test
112171,23,/Users/liuqing/Projects/01_E2E_QA_Code/E2E-Evaluation/outputs/waymo_5neighbor_context_laneaware_clean_v1_part_26_39/shards/shard_000005,2732,test
73686,15,/Users/liuqing/Projects/01_E2E_QA_Code/E2E-Evaluation/outputs/waymo_5neighbor_context_laneaware_clean_v1_part_13_26/shards/shard_000006,965,test
100024,21,/Users/liuqing/Projects/01_E2E_QA_Code/E2E-Evaluation/outputs/waymo_5neighbor_context_laneaware_clean_v1_part_26_39/shards/shard_000003,593,test
155514,32,/Users/liuqing/Projects/01_E2E_QA_Code/E2E-Evaluation/outputs/waymo_5neighbor_context_laneaware_clean_v1_part_39_51/shards/shard_000005,4243,test
81411,16,/Users/liuqing/Projects/01_E2E_QA_Code/E2E-Evaluation/outputs/waymo_5neighbor_context_laneaware_clean_v1_part_13_26/shards/shard_000007,3690,test
129201,27,/Users/liuqing/Projects/01_E2E_QA_Code/E2E-Evaluation/outputs/waymo_5neighbor_context_laneaware_clean_v1_part_39_51/shards/shard_000000,2951,test
160602,33,/Users/liuqing/Projects/01_E2E_QA_Code/E2E-Evaluation/outputs/waymo_5neighbor_context_laneaware_clean_v1_part_39_51/shards/shard_000006,4330,test
108006,22,/Users/liuqing/Projects/01_E2E_QA_Code/E2E-Evaluation/outputs/waymo_5neighbor_context_laneaware_clean_v1_part_26_39/shards/shard_000004,3574,test
149265,31,/Users/liuqing/Projects/01_E2E_QA_Code/E2E-Evaluation/outputs/waymo_5neighbor_context_laneaware_clean_v1_part_39_51/shards/shard_000004,2995,test
36521,7,/Users/liuqing/Projects/01_E2E_QA_Code/E2E-Evaluation/outputs/waymo_5neighbor_context_laneaware_clean_v1_part_00_13/shards/shard_000007,1502,test
99112,20,/Users/liuqing/Projects/01_E2E_QA_Code/E2E-Evaluation/outputs/waymo_5neighbor_context_laneaware_clean_v1_part_26_39/shards/shard_000002,4685,test
114077,23,/Users/liuqing/Projects/01_E2E_QA_Code/E2E-Evaluation/outputs/waymo_5neighbor_context_laneaware_clean_v1_part_26_39/shards/shard_000005,4638,test
29724,5,/Users/liuqing/Projects/01_E2E_QA_Code/E2E-Evaluation/outputs/waymo_5neighbor_context_laneaware_clean_v1_part_00_13/shards/shard_000005,4707,test
105145,22,/Users/liuqing/Projects/01_E2E_QA_Code/E2E-Evaluation/outputs/waymo_5neighbor_context_laneaware_clean_v1_part_26_39/shards/shard_000004,713,test
159294,33,/Users/liuqing/Projects/01_E2E_QA_Code/E2E-Evaluation/outputs/waymo_5neighbor_context_laneaware_clean_v1_part_39_51/shards/shard_000006,3022,test
25279,5,/Users/liuqing/Projects/01_E2E_QA_Code/E2E-Evaluation/outputs/waymo_5neighbor_context_laneaware_clean_v1_part_00_13/shards/shard_000005,262,test
116729,24,/Users/liuqing/Projects/01_E2E_QA_Code/E2E-Evaluation/outputs/waymo_5neighbor_context_laneaware_clean_v1_part_26_39/shards/shard_000006,2281,test
133394,28,/Users/liuqing/Projects/01_E2E_QA_Code/E2E-Evaluation/outputs/waymo_5neighbor_context_laneaware_clean_v1_part_39_51/shards/shard_000001,2143,test
39601,7,/Users/liuqing/Projects/01_E2E_QA_Code/E2E-Evaluation/outputs/waymo_5neighbor_context_laneaware_clean_v1_part_00_13/shards/shard_000007,4582,test
18073,3,/Users/liuqing/Projects/01_E2E_QA_Code/E2E-Evaluation/outputs/waymo_5neighbor_context_laneaware_clean_v1_part_00_13/shards/shard_000003,3067,test
92447,19,/Users/liuqing/Projects/01_E2E_QA_Code/E2E-Evaluation/outputs/waymo_5neighbor_context_laneaware_clean_v1_part_26_39/shards/shard_000001,3020,test
98631,20,/Users/liuqing/Projects/01_E2E_QA_Code/E2E-Evaluation/outputs/waymo_5neighbor_context_laneaware_clean_v1_part_26_39/shards/shard_000002,4204,test
43078,9,/Users/liuqing/Projects/01_E2E_QA_Code/E2E-Evaluation/outputs/waymo_5neighbor_context_laneaware_clean_v1_part_13_26/shards/shard_000000,406,test
158506,33,/Users/liuqing/Projects/01_E2E_QA_Code/E2E-Evaluation/outputs/waymo_5neighbor_context_laneaware_clean_v1_part_39_51/shards/shard_000006,2234,test
118289,24,/Users/liuqing/Projects/01_E2E_QA_Code/E2E-Evaluation/outputs/waymo_5neighbor_context_laneaware_clean_v1_part_26_39/shards/shard_000006,3841,test
8012,1,/Users/liuqing/Projects/01_E2E_QA_Code/E2E-Evaluation/outputs/waymo_5neighbor_context_laneaware_clean_v1_part_00_13/shards/shard_000001,3010,test
69381,14,/Users/liuqing/Projects/01_E2E_QA_Code/E2E-Evaluation/outputs/waymo_5neighbor_context_laneaware_clean_v1_part_13_26/shards/shard_000005,1671,test
60406,12,/Users/liuqing/Projects/01_E2E_QA_Code/E2E-Evaluation/outputs/waymo_5neighbor_context_laneaware_clean_v1_part_13_26/shards/shard_000003,2717,test
132135,28,/Users/liuqing/Projects/01_E2E_QA_Code/E2E-Evaluation/outputs/waymo_5neighbor_context_laneaware_clean_v1_part_39_51/shards/shard_000001,884,test
159872,33,/Users/liuqing/Projects/01_E2E_QA_Code/E2E-Evaluation/outputs/waymo_5neighbor_context_laneaware_clean_v1_part_39_51/shards/shard_000006,3600,test
60286,12,/Users/liuqing/Projects/01_E2E_QA_Code/E2E-Evaluation/outputs/waymo_5neighbor_context_laneaware_clean_v1_part_13_26/shards/shard_000003,2597,test
50903,10,/Users/liuqing/Projects/01_E2E_QA_Code/E2E-Evaluation/outputs/waymo_5neighbor_context_laneaware_clean_v1_part_13_26/shards/shard_000001,3218,test
10782,2,/Users/liuqing/Projects/01_E2E_QA_Code/E2E-Evaluation/outputs/waymo_5neighbor_context_laneaware_clean_v1_part_00_13/shards/shard_000002,776,test
67673,13,/Users/liuqing/Projects/01_E2E_QA_Code/E2E-Evaluation/outputs/waymo_5neighbor_context_laneaware_clean_v1_part_13_26/shards/shard_000004,4971,test
85416,18,/Users/liuqing/Projects/01_E2E_QA_Code/E2E-Evaluation/outputs/waymo_5neighbor_context_laneaware_clean_v1_part_26_39/shards/shard_000000,993,test
13140,2,/Users/liuqing/Projects/01_E2E_QA_Code/E2E-Evaluation/outputs/waymo_5neighbor_context_laneaware_clean_v1_part_00_13/shards/shard_000002,3134,test
116887,24,/Users/liuqing/Projects/01_E2E_QA_Code/E2E-Evaluation/outputs/waymo_5neighbor_context_laneaware_clean_v1_part_26_39/shards/shard_000006,2439,test
103344,21,/Users/liuqing/Projects/01_E2E_QA_Code/E2E-Evaluation/outputs/waymo_5neighbor_context_laneaware_clean_v1_part_26_39/shards/shard_000003,3913,test
31311,6,/Users/liuqing/Projects/01_E2E_QA_Code/E2E-Evaluation/outputs/waymo_5neighbor_context_laneaware_clean_v1_part_00_13/shards/shard_000006,1293,test
194,0,/Users/liuqing/Projects/01_E2E_QA_Code/E2E-Evaluation/outputs/waymo_5neighbor_context_laneaware_clean_v1_part_00_13/shards/shard_000000,194,test
5708,1,/Users/liuqing/Projects/01_E2E_QA_Code/E2E-Evaluation/outputs/waymo_5neighbor_context_laneaware_clean_v1_part_00_13/shards/shard_000001,706,test
147116,31,/Users/liuqing/Projects/01_E2E_QA_Code/E2E-Evaluation/outputs/waymo_5neighbor_context_laneaware_clean_v1_part_39_51/shards/shard_000004,846,test
19528,3,/Users/liuqing/Projects/01_E2E_QA_Code/E2E-Evaluation/outputs/waymo_5neighbor_context_laneaware_clean_v1_part_00_13/shards/shard_000003,4522,test
118801,24,/Users/liuqing/Projects/01_E2E_QA_Code/E2E-Evaluation/outputs/waymo_5neighbor_context_laneaware_clean_v1_part_26_39/shards/shard_000006,4353,test
148503,31,/Users/liuqing/Projects/01_E2E_QA_Code/E2E-Evaluation/outputs/waymo_5neighbor_context_laneaware_clean_v1_part_39_51/shards/shard_000004,2233,test
88593,18,/Users/liuqing/Projects/01_E2E_QA_Code/E2E-Evaluation/outputs/waymo_5neighbor_context_laneaware_clean_v1_part_26_39/shards/shard_000000,4170,test
17759,3,/Users/liuqing/Projects/01_E2E_QA_Code/E2E-Evaluation/outputs/waymo_5neighbor_context_laneaware_clean_v1_part_00_13/shards/shard_000003,2753,test
96085,20,/Users/liuqing/Projects/01_E2E_QA_Code/E2E-Evaluation/outputs/waymo_5neighbor_context_laneaware_clean_v1_part_26_39/shards/shard_000002,1658,test
124186,25,/Users/liuqing/Projects/01_E2E_QA_Code/E2E-Evaluation/outputs/waymo_5neighbor_context_laneaware_clean_v1_part_26_39/shards/shard_000007,4737,test
85214,18,/Users/liuqing/Projects/01_E2E_QA_Code/E2E-Evaluation/outputs/waymo_5neighbor_context_laneaware_clean_v1_part_26_39/shards/shard_000000,791,test
2606,0,/Users/liuqing/Projects/01_E2E_QA_Code/E2E-Evaluation/outputs/waymo_5neighbor_context_laneaware_clean_v1_part_00_13/shards/shard_000000,2606,test
159679,33,/Users/liuqing/Projects/01_E2E_QA_Code/E2E-Evaluation/outputs/waymo_5neighbor_context_laneaware_clean_v1_part_39_51/shards/shard_000006,3407,test
163183,34,/Users/liuqing/Projects/01_E2E_QA_Code/E2E-Evaluation/outputs/waymo_5neighbor_context_laneaware_clean_v1_part_39_51/shards/shard_000007,1903,test
126460,27,/Users/liuqing/Projects/01_E2E_QA_Code/E2E-Evaluation/outputs/waymo_5neighbor_context_laneaware_clean_v1_part_39_51/shards/shard_000000,210,test
78919,16,/Users/liuqing/Projects/01_E2E_QA_Code/E2E-Evaluation/outputs/waymo_5neighbor_context_laneaware_clean_v1_part_13_26/shards/shard_000007,1198,test
91943,19,/Users/liuqing/Projects/01_E2E_QA_Code/E2E-Evaluation/outputs/waymo_5neighbor_context_laneaware_clean_v1_part_26_39/shards/shard_000001,2516,test
61482,12,/Users/liuqing/Projects/01_E2E_QA_Code/E2E-Evaluation/outputs/waymo_5neighbor_context_laneaware_clean_v1_part_13_26/shards/shard_000003,3793,test
158129,33,/Users/liuqing/Projects/01_E2E_QA_Code/E2E-Evaluation/outputs/waymo_5neighbor_context_laneaware_clean_v1_part_39_51/shards/shard_000006,1857,test
116151,24,/Users/liuqing/Projects/01_E2E_QA_Code/E2E-Evaluation/outputs/waymo_5neighbor_context_laneaware_clean_v1_part_26_39/shards/shard_000006,1703,test
30576,6,/Users/liuqing/Projects/01_E2E_QA_Code/E2E-Evaluation/outputs/waymo_5neighbor_context_laneaware_clean_v1_part_00_13/shards/shard_000006,558,test
130674,27,/Users/liuqing/Projects/01_E2E_QA_Code/E2E-Evaluation/outputs/waymo_5neighbor_context_laneaware_clean_v1_part_39_51/shards/shard_000000,4424,test
97663,20,/Users/liuqing/Projects/01_E2E_QA_Code/E2E-Evaluation/outputs/waymo_5neighbor_context_laneaware_clean_v1_part_26_39/shards/shard_000002,3236,test
11552,2,/Users/liuqing/Projects/01_E2E_QA_Code/E2E-Evaluation/outputs/waymo_5neighbor_context_laneaware_clean_v1_part_00_13/shards/shard_000002,1546,test
20294,4,/Users/liuqing/Projects/01_E2E_QA_Code/E2E-Evaluation/outputs/waymo_5neighbor_context_laneaware_clean_v1_part_00_13/shards/shard_000004,288,test
25487,5,/Users/liuqing/Projects/01_E2E_QA_Code/E2E-Evaluation/outputs/waymo_5neighbor_context_laneaware_clean_v1_part_00_13/shards/shard_000005,470,test
14762,2,/Users/liuqing/Projects/01_E2E_QA_Code/E2E-Evaluation/outputs/waymo_5neighbor_context_laneaware_clean_v1_part_00_13/shards/shard_000002,4756,test
134634,28,/Users/liuqing/Projects/01_E2E_QA_Code/E2E-Evaluation/outputs/waymo_5neighbor_context_laneaware_clean_v1_part_39_51/shards/shard_000001,3383,test
163004,34,/Users/liuqing/Projects/01_E2E_QA_Code/E2E-Evaluation/outputs/waymo_5neighbor_context_laneaware_clean_v1_part_39_51/shards/shard_000007,1724,test
8011,1,/Users/liuqing/Projects/01_E2E_QA_Code/E2E-Evaluation/outputs/waymo_5neighbor_context_laneaware_clean_v1_part_00_13/shards/shard_000001,3009,test
29553,5,/Users/liuqing/Projects/01_E2E_QA_Code/E2E-Evaluation/outputs/waymo_5neighbor_context_laneaware_clean_v1_part_00_13/shards/shard_000005,4536,test
146142,30,/Users/liuqing/Projects/01_E2E_QA_Code/E2E-Evaluation/outputs/waymo_5neighbor_context_laneaware_clean_v1_part_39_51/shards/shard_000003,4873,test
127054,27,/Users/liuqing/Projects/01_E2E_QA_Code/E2E-Evaluation/outputs/waymo_5neighbor_context_laneaware_clean_v1_part_39_51/shards/shard_000000,804,test
13219,2,/Users/liuqing/Projects/01_E2E_QA_Code/E2E-Evaluation/outputs/waymo_5neighbor_context_laneaware_clean_v1_part_00_13/shards/shard_000002,3213,test
164125,34,/Users/liuqing/Projects/01_E2E_QA_Code/E2E-Evaluation/outputs/waymo_5neighbor_context_laneaware_clean_v1_part_39_51/shards/shard_000007,2845,test
156957,33,/Users/liuqing/Projects/01_E2E_QA_Code/E2E-Evaluation/outputs/waymo_5neighbor_context_laneaware_clean_v1_part_39_51/shards/shard_000006,685,test
105045,22,/Users/liuqing/Projects/01_E2E_QA_Code/E2E-Evaluation/outputs/waymo_5neighbor_context_laneaware_clean_v1_part_26_39/shards/shard_000004,613,test
34038,6,/Users/liuqing/Projects/01_E2E_QA_Code/E2E-Evaluation/outputs/waymo_5neighbor_context_laneaware_clean_v1_part_00_13/shards/shard_000006,4020,test
19797,3,/Users/liuqing/Projects/01_E2E_QA_Code/E2E-Evaluation/outputs/waymo_5neighbor_context_laneaware_clean_v1_part_00_13/shards/shard_000003,4791,test
22733,4,/Users/liuqing/Projects/01_E2E_QA_Code/E2E-Evaluation/outputs/waymo_5neighbor_context_laneaware_clean_v1_part_00_13/shards/shard_000004,2727,test
54163,11,/Users/liuqing/Projects/01_E2E_QA_Code/E2E-Evaluation/outputs/waymo_5neighbor_context_laneaware_clean_v1_part_13_26/shards/shard_000002,1476,test
153732,32,/Users/liuqing/Projects/01_E2E_QA_Code/E2E-Evaluation/outputs/waymo_5neighbor_context_laneaware_clean_v1_part_39_51/shards/shard_000005,2461,test
14761,2,/Users/liuqing/Projects/01_E2E_QA_Code/E2E-Evaluation/outputs/waymo_5neighbor_context_laneaware_clean_v1_part_00_13/shards/shard_000002,4755,test
121833,25,/Users/liuqing/Projects/01_E2E_QA_Code/E2E-Evaluation/outputs/waymo_5neighbor_context_laneaware_clean_v1_part_26_39/shards/shard_000007,2384,test
148706,31,/Users/liuqing/Projects/01_E2E_QA_Code/E2E-Evaluation/outputs/waymo_5neighbor_context_laneaware_clean_v1_part_39_51/shards/shard_000004,2436,test
104945,22,/Users/liuqing/Projects/01_E2E_QA_Code/E2E-Evaluation/outputs/waymo_5neighbor_context_laneaware_clean_v1_part_26_39/shards/shard_000004,513,test
83161,17,/Users/liuqing/Projects/01_E2E_QA_Code/E2E-Evaluation/outputs/waymo_5neighbor_context_laneaware_clean_v1_part_13_26/shards/shard_000008,431,test
99691,21,/Users/liuqing/Projects/01_E2E_QA_Code/E2E-Evaluation/outputs/waymo_5neighbor_context_laneaware_clean_v1_part_26_39/shards/shard_000003,260,test
87272,18,/Users/liuqing/Projects/01_E2E_QA_Code/E2E-Evaluation/outputs/waymo_5neighbor_context_laneaware_clean_v1_part_26_39/shards/shard_000000,2849,test
65241,13,/Users/liuqing/Projects/01_E2E_QA_Code/E2E-Evaluation/outputs/waymo_5neighbor_context_laneaware_clean_v1_part_13_26/shards/shard_000004,2539,test
30331,6,/Users/liuqing/Projects/01_E2E_QA_Code/E2E-Evaluation/outputs/waymo_5neighbor_context_laneaware_clean_v1_part_00_13/shards/shard_000006,313,test
61170,12,/Users/liuqing/Projects/01_E2E_QA_Code/E2E-Evaluation/outputs/waymo_5neighbor_context_laneaware_clean_v1_part_13_26/shards/shard_000003,3481,test
54164,11,/Users/liuqing/Projects/01_E2E_QA_Code/E2E-Evaluation/outputs/waymo_5neighbor_context_laneaware_clean_v1_part_13_26/shards/shard_000002,1477,test
162350,34,/Users/liuqing/Projects/01_E2E_QA_Code/E2E-Evaluation/outputs/waymo_5neighbor_context_laneaware_clean_v1_part_39_51/shards/shard_000007,1070,test
86966,18,/Users/liuqing/Projects/01_E2E_QA_Code/E2E-Evaluation/outputs/waymo_5neighbor_context_laneaware_clean_v1_part_26_39/shards/shard_000000,2543,test
69911,14,/Users/liuqing/Projects/01_E2E_QA_Code/E2E-Evaluation/outputs/waymo_5neighbor_context_laneaware_clean_v1_part_13_26/shards/shard_000005,2201,test
119706,25,/Users/liuqing/Projects/01_E2E_QA_Code/E2E-Evaluation/outputs/waymo_5neighbor_context_laneaware_clean_v1_part_26_39/shards/shard_000007,257,test
77566,15,/Users/liuqing/Projects/01_E2E_QA_Code/E2E-Evaluation/outputs/waymo_5neighbor_context_laneaware_clean_v1_part_13_26/shards/shard_000006,4845,test
20994,4,/Users/liuqing/Projects/01_E2E_QA_Code/E2E-Evaluation/outputs/waymo_5neighbor_context_laneaware_clean_v1_part_00_13/shards/shard_000004,988,test
91437,19,/Users/liuqing/Projects/01_E2E_QA_Code/E2E-Evaluation/outputs/waymo_5neighbor_context_laneaware_clean_v1_part_26_39/shards/shard_000001,2010,test
41222,8,/Users/liuqing/Projects/01_E2E_QA_Code/E2E-Evaluation/outputs/waymo_5neighbor_context_laneaware_clean_v1_part_00_13/shards/shard_000008,1194,test
101696,21,/Users/liuqing/Projects/01_E2E_QA_Code/E2E-Evaluation/outputs/waymo_5neighbor_context_laneaware_clean_v1_part_26_39/shards/shard_000003,2265,test
93250,19,/Users/liuqing/Projects/01_E2E_QA_Code/E2E-Evaluation/outputs/waymo_5neighbor_context_laneaware_clean_v1_part_26_39/shards/shard_000001,3823,test
134916,28,/Users/liuqing/Projects/01_E2E_QA_Code/E2E-Evaluation/outputs/waymo_5neighbor_context_laneaware_clean_v1_part_39_51/shards/shard_000001,3665,test
116055,24,/Users/liuqing/Projects/01_E2E_QA_Code/E2E-Evaluation/outputs/waymo_5neighbor_context_laneaware_clean_v1_part_26_39/shards/shard_000006,1607,test
151931,32,/Users/liuqing/Projects/01_E2E_QA_Code/E2E-Evaluation/outputs/waymo_5neighbor_context_laneaware_clean_v1_part_39_51/shards/shard_000005,660,test
104104,21,/Users/liuqing/Projects/01_E2E_QA_Code/E2E-Evaluation/outputs/waymo_5neighbor_context_laneaware_clean_v1_part_26_39/shards/shard_000003,4673,test
120664,25,/Users/liuqing/Projects/01_E2E_QA_Code/E2E-Evaluation/outputs/waymo_5neighbor_context_laneaware_clean_v1_part_26_39/shards/shard_000007,1215,test
114023,23,/Users/liuqing/Projects/01_E2E_QA_Code/E2E-Evaluation/outputs/waymo_5neighbor_context_laneaware_clean_v1_part_26_39/shards/shard_000005,4584,test
27380,5,/Users/liuqing/Projects/01_E2E_QA_Code/E2E-Evaluation/outputs/waymo_5neighbor_context_laneaware_clean_v1_part_00_13/shards/shard_000005,2363,test
37751,7,/Users/liuqing/Projects/01_E2E_QA_Code/E2E-Evaluation/outputs/waymo_5neighbor_context_laneaware_clean_v1_part_00_13/shards/shard_000007,2732,test
98755,20,/Users/liuqing/Projects/01_E2E_QA_Code/E2E-Evaluation/outputs/waymo_5neighbor_context_laneaware_clean_v1_part_26_39/shards/shard_000002,4328,test
84384,17,/Users/liuqing/Projects/01_E2E_QA_Code/E2E-Evaluation/outputs/waymo_5neighbor_context_laneaware_clean_v1_part_13_26/shards/shard_000008,1654,test
109524,23,/Users/liuqing/Projects/01_E2E_QA_Code/E2E-Evaluation/outputs/waymo_5neighbor_context_laneaware_clean_v1_part_26_39/shards/shard_000005,85,test
6345,1,/Users/liuqing/Projects/01_E2E_QA_Code/E2E-Evaluation/outputs/waymo_5neighbor_context_laneaware_clean_v1_part_00_13/shards/shard_000001,1343,test
141563,30,/Users/liuqing/Projects/01_E2E_QA_Code/E2E-Evaluation/outputs/waymo_5neighbor_context_laneaware_clean_v1_part_39_51/shards/shard_000003,294,test
163969,34,/Users/liuqing/Projects/01_E2E_QA_Code/E2E-Evaluation/outputs/waymo_5neighbor_context_laneaware_clean_v1_part_39_51/shards/shard_000007,2689,test
92406,19,/Users/liuqing/Projects/01_E2E_QA_Code/E2E-Evaluation/outputs/waymo_5neighbor_context_laneaware_clean_v1_part_26_39/shards/shard_000001,2979,test
33146,6,/Users/liuqing/Projects/01_E2E_QA_Code/E2E-Evaluation/outputs/waymo_5neighbor_context_laneaware_clean_v1_part_00_13/shards/shard_000006,3128,test
147110,31,/Users/liuqing/Projects/01_E2E_QA_Code/E2E-Evaluation/outputs/waymo_5neighbor_context_laneaware_clean_v1_part_39_51/shards/shard_000004,840,test
17256,3,/Users/liuqing/Projects/01_E2E_QA_Code/E2E-Evaluation/outputs/waymo_5neighbor_context_laneaware_clean_v1_part_00_13/shards/shard_000003,2250,test
74400,15,/Users/liuqing/Projects/01_E2E_QA_Code/E2E-Evaluation/outputs/waymo_5neighbor_context_laneaware_clean_v1_part_13_26/shards/shard_000006,1679,test
68279,14,/Users/liuqing/Projects/01_E2E_QA_Code/E2E-Evaluation/outputs/waymo_5neighbor_context_laneaware_clean_v1_part_13_26/shards/shard_000005,569,test
99584,21,/Users/liuqing/Projects/01_E2E_QA_Code/E2E-Evaluation/outputs/waymo_5neighbor_context_laneaware_clean_v1_part_26_39/shards/shard_000003,153,test
92326,19,/Users/liuqing/Projects/01_E2E_QA_Code/E2E-Evaluation/outputs/waymo_5neighbor_context_laneaware_clean_v1_part_26_39/shards/shard_000001,2899,test
110025,23,/Users/liuqing/Projects/01_E2E_QA_Code/E2E-Evaluation/outputs/waymo_5neighbor_context_laneaware_clean_v1_part_26_39/shards/shard_000005,586,test
55518,11,/Users/liuqing/Projects/01_E2E_QA_Code/E2E-Evaluation/outputs/waymo_5neighbor_context_laneaware_clean_v1_part_13_26/shards/shard_000002,2831,test
153940,32,/Users/liuqing/Projects/01_E2E_QA_Code/E2E-Evaluation/outputs/waymo_5neighbor_context_laneaware_clean_v1_part_39_51/shards/shard_000005,2669,test
36902,7,/Users/liuqing/Projects/01_E2E_QA_Code/E2E-Evaluation/outputs/waymo_5neighbor_context_laneaware_clean_v1_part_00_13/shards/shard_000007,1883,test
36654,7,/Users/liuqing/Projects/01_E2E_QA_Code/E2E-Evaluation/outputs/waymo_5neighbor_context_laneaware_clean_v1_part_00_13/shards/shard_000007,1635,test
146604,31,/Users/liuqing/Projects/01_E2E_QA_Code/E2E-Evaluation/outputs/waymo_5neighbor_context_laneaware_clean_v1_part_39_51/shards/shard_000004,334,test
154985,32,/Users/liuqing/Projects/01_E2E_QA_Code/E2E-Evaluation/outputs/waymo_5neighbor_context_laneaware_clean_v1_part_39_51/shards/shard_000005,3714,test
2960,0,/Users/liuqing/Projects/01_E2E_QA_Code/E2E-Evaluation/outputs/waymo_5neighbor_context_laneaware_clean_v1_part_00_13/shards/shard_000000,2960,test
60297,12,/Users/liuqing/Projects/01_E2E_QA_Code/E2E-Evaluation/outputs/waymo_5neighbor_context_laneaware_clean_v1_part_13_26/shards/shard_000003,2608,test
27818,5,/Users/liuqing/Projects/01_E2E_QA_Code/E2E-Evaluation/outputs/waymo_5neighbor_context_laneaware_clean_v1_part_00_13/shards/shard_000005,2801,test
114477,24,/Users/liuqing/Projects/01_E2E_QA_Code/E2E-Evaluation/outputs/waymo_5neighbor_context_laneaware_clean_v1_part_26_39/shards/shard_000006,29,test
71171,14,/Users/liuqing/Projects/01_E2E_QA_Code/E2E-Evaluation/outputs/waymo_5neighbor_context_laneaware_clean_v1_part_13_26/shards/shard_000005,3461,test
32705,6,/Users/liuqing/Projects/01_E2E_QA_Code/E2E-Evaluation/outputs/waymo_5neighbor_context_laneaware_clean_v1_part_00_13/shards/shard_000006,2687,test
133089,28,/Users/liuqing/Projects/01_E2E_QA_Code/E2E-Evaluation/outputs/waymo_5neighbor_context_laneaware_clean_v1_part_39_51/shards/shard_000001,1838,test
70755,14,/Users/liuqing/Projects/01_E2E_QA_Code/E2E-Evaluation/outputs/waymo_5neighbor_context_laneaware_clean_v1_part_13_26/shards/shard_000005,3045,test
148498,31,/Users/liuqing/Projects/01_E2E_QA_Code/E2E-Evaluation/outputs/waymo_5neighbor_context_laneaware_clean_v1_part_39_51/shards/shard_000004,2228,test
58320,12,/Users/liuqing/Projects/01_E2E_QA_Code/E2E-Evaluation/outputs/waymo_5neighbor_context_laneaware_clean_v1_part_13_26/shards/shard_000003,631,test
130675,27,/Users/liuqing/Projects/01_E2E_QA_Code/E2E-Evaluation/outputs/waymo_5neighbor_context_laneaware_clean_v1_part_39_51/shards/shard_000000,4425,test
111203,23,/Users/liuqing/Projects/01_E2E_QA_Code/E2E-Evaluation/outputs/waymo_5neighbor_context_laneaware_clean_v1_part_26_39/shards/shard_000005,1764,test
158510,33,/Users/liuqing/Projects/01_E2E_QA_Code/E2E-Evaluation/outputs/waymo_5neighbor_context_laneaware_clean_v1_part_39_51/shards/shard_000006,2238,test
70166,14,/Users/liuqing/Projects/01_E2E_QA_Code/E2E-Evaluation/outputs/waymo_5neighbor_context_laneaware_clean_v1_part_13_26/shards/shard_000005,2456,test
152389,32,/Users/liuqing/Projects/01_E2E_QA_Code/E2E-Evaluation/outputs/waymo_5neighbor_context_laneaware_clean_v1_part_39_51/shards/shard_000005,1118,test
52438,10,/Users/liuqing/Projects/01_E2E_QA_Code/E2E-Evaluation/outputs/waymo_5neighbor_context_laneaware_clean_v1_part_13_26/shards/shard_000001,4753,test
148715,31,/Users/liuqing/Projects/01_E2E_QA_Code/E2E-Evaluation/outputs/waymo_5neighbor_context_laneaware_clean_v1_part_39_51/shards/shard_000004,2445,test
69939,14,/Users/liuqing/Projects/01_E2E_QA_Code/E2E-Evaluation/outputs/waymo_5neighbor_context_laneaware_clean_v1_part_13_26/shards/shard_000005,2229,test
12561,2,/Users/liuqing/Projects/01_E2E_QA_Code/E2E-Evaluation/outputs/waymo_5neighbor_context_laneaware_clean_v1_part_00_13/shards/shard_000002,2555,test
1509,0,/Users/liuqing/Projects/01_E2E_QA_Code/E2E-Evaluation/outputs/waymo_5neighbor_context_laneaware_clean_v1_part_00_13/shards/shard_000000,1509,test
128474,27,/Users/liuqing/Projects/01_E2E_QA_Code/E2E-Evaluation/outputs/waymo_5neighbor_context_laneaware_clean_v1_part_39_51/shards/shard_000000,2224,test
116149,24,/Users/liuqing/Projects/01_E2E_QA_Code/E2E-Evaluation/outputs/waymo_5neighbor_context_laneaware_clean_v1_part_26_39/shards/shard_000006,1701,test
148515,31,/Users/liuqing/Projects/01_E2E_QA_Code/E2E-Evaluation/outputs/waymo_5neighbor_context_laneaware_clean_v1_part_39_51/shards/shard_000004,2245,test
87994,18,/Users/liuqing/Projects/01_E2E_QA_Code/E2E-Evaluation/outputs/waymo_5neighbor_context_laneaware_clean_v1_part_26_39/shards/shard_000000,3571,test
102729,21,/Users/liuqing/Projects/01_E2E_QA_Code/E2E-Evaluation/outputs/waymo_5neighbor_context_laneaware_clean_v1_part_26_39/shards/shard_000003,3298,test
102086,21,/Users/liuqing/Projects/01_E2E_QA_Code/E2E-Evaluation/outputs/waymo_5neighbor_context_laneaware_clean_v1_part_26_39/shards/shard_000003,2655,test
128516,27,/Users/liuqing/Projects/01_E2E_QA_Code/E2E-Evaluation/outputs/waymo_5neighbor_context_laneaware_clean_v1_part_39_51/shards/shard_000000,2266,test
56233,11,/Users/liuqing/Projects/01_E2E_QA_Code/E2E-Evaluation/outputs/waymo_5neighbor_context_laneaware_clean_v1_part_13_26/shards/shard_000002,3546,test
34711,6,/Users/liuqing/Projects/01_E2E_QA_Code/E2E-Evaluation/outputs/waymo_5neighbor_context_laneaware_clean_v1_part_00_13/shards/shard_000006,4693,test
62191,12,/Users/liuqing/Projects/01_E2E_QA_Code/E2E-Evaluation/outputs/waymo_5neighbor_context_laneaware_clean_v1_part_13_26/shards/shard_000003,4502,test
83288,17,/Users/liuqing/Projects/01_E2E_QA_Code/E2E-Evaluation/outputs/waymo_5neighbor_context_laneaware_clean_v1_part_13_26/shards/shard_000008,558,test
36719,7,/Users/liuqing/Projects/01_E2E_QA_Code/E2E-Evaluation/outputs/waymo_5neighbor_context_laneaware_clean_v1_part_00_13/shards/shard_000007,1700,test
959,0,/Users/liuqing/Projects/01_E2E_QA_Code/E2E-Evaluation/outputs/waymo_5neighbor_context_laneaware_clean_v1_part_00_13/shards/shard_000000,959,test
154199,32,/Users/liuqing/Projects/01_E2E_QA_Code/E2E-Evaluation/outputs/waymo_5neighbor_context_laneaware_clean_v1_part_39_51/shards/shard_000005,2928,test
45852,9,/Users/liuqing/Projects/01_E2E_QA_Code/E2E-Evaluation/outputs/waymo_5neighbor_context_laneaware_clean_v1_part_13_26/shards/shard_000000,3180,test
60848,12,/Users/liuqing/Projects/01_E2E_QA_Code/E2E-Evaluation/outputs/waymo_5neighbor_context_laneaware_clean_v1_part_13_26/shards/shard_000003,3159,test
19416,3,/Users/liuqing/Projects/01_E2E_QA_Code/E2E-Evaluation/outputs/waymo_5neighbor_context_laneaware_clean_v1_part_00_13/shards/shard_000003,4410,test
25485,5,/Users/liuqing/Projects/01_E2E_QA_Code/E2E-Evaluation/outputs/waymo_5neighbor_context_laneaware_clean_v1_part_00_13/shards/shard_000005,468,test
54778,11,/Users/liuqing/Projects/01_E2E_QA_Code/E2E-Evaluation/outputs/waymo_5neighbor_context_laneaware_clean_v1_part_13_26/shards/shard_000002,2091,test
140466,29,/Users/liuqing/Projects/01_E2E_QA_Code/E2E-Evaluation/outputs/waymo_5neighbor_context_laneaware_clean_v1_part_39_51/shards/shard_000002,4213,test
148697,31,/Users/liuqing/Projects/01_E2E_QA_Code/E2E-Evaluation/outputs/waymo_5neighbor_context_laneaware_clean_v1_part_39_51/shards/shard_000004,2427,test
59986,12,/Users/liuqing/Projects/01_E2E_QA_Code/E2E-Evaluation/outputs/waymo_5neighbor_context_laneaware_clean_v1_part_13_26/shards/shard_000003,2297,test
65076,13,/Users/liuqing/Projects/01_E2E_QA_Code/E2E-Evaluation/outputs/waymo_5neighbor_context_laneaware_clean_v1_part_13_26/shards/shard_000004,2374,test
99452,21,/Users/liuqing/Projects/01_E2E_QA_Code/E2E-Evaluation/outputs/waymo_5neighbor_context_laneaware_clean_v1_part_26_39/shards/shard_000003,21,test
84086,17,/Users/liuqing/Projects/01_E2E_QA_Code/E2E-Evaluation/outputs/waymo_5neighbor_context_laneaware_clean_v1_part_13_26/shards/shard_000008,1356,test
113321,23,/Users/liuqing/Projects/01_E2E_QA_Code/E2E-Evaluation/outputs/waymo_5neighbor_context_laneaware_clean_v1_part_26_39/shards/shard_000005,3882,test
10019,2,/Users/liuqing/Projects/01_E2E_QA_Code/E2E-Evaluation/outputs/waymo_5neighbor_context_laneaware_clean_v1_part_00_13/shards/shard_000002,13,test
86203,18,/Users/liuqing/Projects/01_E2E_QA_Code/E2E-Evaluation/outputs/waymo_5neighbor_context_laneaware_clean_v1_part_26_39/shards/shard_000000,1780,test
19413,3,/Users/liuqing/Projects/01_E2E_QA_Code/E2E-Evaluation/outputs/waymo_5neighbor_context_laneaware_clean_v1_part_00_13/shards/shard_000003,4407,test
55852,11,/Users/liuqing/Projects/01_E2E_QA_Code/E2E-Evaluation/outputs/waymo_5neighbor_context_laneaware_clean_v1_part_13_26/shards/shard_000002,3165,test
124513,26,/Users/liuqing/Projects/01_E2E_QA_Code/E2E-Evaluation/outputs/waymo_5neighbor_context_laneaware_clean_v1_part_26_39/shards/shard_000008,60,test
67667,13,/Users/liuqing/Projects/01_E2E_QA_Code/E2E-Evaluation/outputs/waymo_5neighbor_context_laneaware_clean_v1_part_13_26/shards/shard_000004,4965,test
97764,20,/Users/liuqing/Projects/01_E2E_QA_Code/E2E-Evaluation/outputs/waymo_5neighbor_context_laneaware_clean_v1_part_26_39/shards/shard_000002,3337,test
113727,23,/Users/liuqing/Projects/01_E2E_QA_Code/E2E-Evaluation/outputs/waymo_5neighbor_context_laneaware_clean_v1_part_26_39/shards/shard_000005,4288,test
36094,7,/Users/liuqing/Projects/01_E2E_QA_Code/E2E-Evaluation/outputs/waymo_5neighbor_context_laneaware_clean_v1_part_00_13/shards/shard_000007,1075,test
69955,14,/Users/liuqing/Projects/01_E2E_QA_Code/E2E-Evaluation/outputs/waymo_5neighbor_context_laneaware_clean_v1_part_13_26/shards/shard_000005,2245,test
52802,11,/Users/liuqing/Projects/01_E2E_QA_Code/E2E-Evaluation/outputs/waymo_5neighbor_context_laneaware_clean_v1_part_13_26/shards/shard_000002,115,test
84568,18,/Users/liuqing/Projects/01_E2E_QA_Code/E2E-Evaluation/outputs/waymo_5neighbor_context_laneaware_clean_v1_part_26_39/shards/shard_000000,145,test
150234,31,/Users/liuqing/Projects/01_E2E_QA_Code/E2E-Evaluation/outputs/waymo_5neighbor_context_laneaware_clean_v1_part_39_51/shards/shard_000004,3964,test
113199,23,/Users/liuqing/Projects/01_E2E_QA_Code/E2E-Evaluation/outputs/waymo_5neighbor_context_laneaware_clean_v1_part_26_39/shards/shard_000005,3760,test
136854,29,/Users/liuqing/Projects/01_E2E_QA_Code/E2E-Evaluation/outputs/waymo_5neighbor_context_laneaware_clean_v1_part_39_51/shards/shard_000002,601,test
99170,20,/Users/liuqing/Projects/01_E2E_QA_Code/E2E-Evaluation/outputs/waymo_5neighbor_context_laneaware_clean_v1_part_26_39/shards/shard_000002,4743,test
141000,29,/Users/liuqing/Projects/01_E2E_QA_Code/E2E-Evaluation/outputs/waymo_5neighbor_context_laneaware_clean_v1_part_39_51/shards/shard_000002,4747,test
147083,31,/Users/liuqing/Projects/01_E2E_QA_Code/E2E-Evaluation/outputs/waymo_5neighbor_context_laneaware_clean_v1_part_39_51/shards/shard_000004,813,test
51358,10,/Users/liuqing/Projects/01_E2E_QA_Code/E2E-Evaluation/outputs/waymo_5neighbor_context_laneaware_clean_v1_part_13_26/shards/shard_000001,3673,test
108915,22,/Users/liuqing/Projects/01_E2E_QA_Code/E2E-Evaluation/outputs/waymo_5neighbor_context_laneaware_clean_v1_part_26_39/shards/shard_000004,4483,test
85769,18,/Users/liuqing/Projects/01_E2E_QA_Code/E2E-Evaluation/outputs/waymo_5neighbor_context_laneaware_clean_v1_part_26_39/shards/shard_000000,1346,test
86013,18,/Users/liuqing/Projects/01_E2E_QA_Code/E2E-Evaluation/outputs/waymo_5neighbor_context_laneaware_clean_v1_part_26_39/shards/shard_000000,1590,test
150920,31,/Users/liuqing/Projects/01_E2E_QA_Code/E2E-Evaluation/outputs/waymo_5neighbor_context_laneaware_clean_v1_part_39_51/shards/shard_000004,4650,test
88372,18,/Users/liuqing/Projects/01_E2E_QA_Code/E2E-Evaluation/outputs/waymo_5neighbor_context_laneaware_clean_v1_part_26_39/shards/shard_000000,3949,test
127065,27,/Users/liuqing/Projects/01_E2E_QA_Code/E2E-Evaluation/outputs/waymo_5neighbor_context_laneaware_clean_v1_part_39_51/shards/shard_000000,815,test
44900,9,/Users/liuqing/Projects/01_E2E_QA_Code/E2E-Evaluation/outputs/waymo_5neighbor_context_laneaware_clean_v1_part_13_26/shards/shard_000000,2228,test
160322,33,/Users/liuqing/Projects/01_E2E_QA_Code/E2E-Evaluation/outputs/waymo_5neighbor_context_laneaware_clean_v1_part_39_51/shards/shard_000006,4050,test
153921,32,/Users/liuqing/Projects/01_E2E_QA_Code/E2E-Evaluation/outputs/waymo_5neighbor_context_laneaware_clean_v1_part_39_51/shards/shard_000005,2650,test
17090,3,/Users/liuqing/Projects/01_E2E_QA_Code/E2E-Evaluation/outputs/waymo_5neighbor_context_laneaware_clean_v1_part_00_13/shards/shard_000003,2084,test
10417,2,/Users/liuqing/Projects/01_E2E_QA_Code/E2E-Evaluation/outputs/waymo_5neighbor_context_laneaware_clean_v1_part_00_13/shards/shard_000002,411,test
121901,25,/Users/liuqing/Projects/01_E2E_QA_Code/E2E-Evaluation/outputs/waymo_5neighbor_context_laneaware_clean_v1_part_26_39/shards/shard_000007,2452,test
143771,30,/Users/liuqing/Projects/01_E2E_QA_Code/E2E-Evaluation/outputs/waymo_5neighbor_context_laneaware_clean_v1_part_39_51/shards/shard_000003,2502,test
136441,29,/Users/liuqing/Projects/01_E2E_QA_Code/E2E-Evaluation/outputs/waymo_5neighbor_context_laneaware_clean_v1_part_39_51/shards/shard_000002,188,test
103355,21,/Users/liuqing/Projects/01_E2E_QA_Code/E2E-Evaluation/outputs/waymo_5neighbor_context_laneaware_clean_v1_part_26_39/shards/shard_000003,3924,test
50505,10,/Users/liuqing/Projects/01_E2E_QA_Code/E2E-Evaluation/outputs/waymo_5neighbor_context_laneaware_clean_v1_part_13_26/shards/shard_000001,2820,test
55731,11,/Users/liuqing/Projects/01_E2E_QA_Code/E2E-Evaluation/outputs/waymo_5neighbor_context_laneaware_clean_v1_part_13_26/shards/shard_000002,3044,test
162223,34,/Users/liuqing/Projects/01_E2E_QA_Code/E2E-Evaluation/outputs/waymo_5neighbor_context_laneaware_clean_v1_part_39_51/shards/shard_000007,943,test
75250,15,/Users/liuqing/Projects/01_E2E_QA_Code/E2E-Evaluation/outputs/waymo_5neighbor_context_laneaware_clean_v1_part_13_26/shards/shard_000006,2529,test
81443,16,/Users/liuqing/Projects/01_E2E_QA_Code/E2E-Evaluation/outputs/waymo_5neighbor_context_laneaware_clean_v1_part_13_26/shards/shard_000007,3722,test
34353,6,/Users/liuqing/Projects/01_E2E_QA_Code/E2E-Evaluation/outputs/waymo_5neighbor_context_laneaware_clean_v1_part_00_13/shards/shard_000006,4335,test
135996,28,/Users/liuqing/Projects/01_E2E_QA_Code/E2E-Evaluation/outputs/waymo_5neighbor_context_laneaware_clean_v1_part_39_51/shards/shard_000001,4745,test
81052,16,/Users/liuqing/Projects/01_E2E_QA_Code/E2E-Evaluation/outputs/waymo_5neighbor_context_laneaware_clean_v1_part_13_26/shards/shard_000007,3331,test
27521,5,/Users/liuqing/Projects/01_E2E_QA_Code/E2E-Evaluation/outputs/waymo_5neighbor_context_laneaware_clean_v1_part_00_13/shards/shard_000005,2504,test
115332,24,/Users/liuqing/Projects/01_E2E_QA_Code/E2E-Evaluation/outputs/waymo_5neighbor_context_laneaware_clean_v1_part_26_39/shards/shard_000006,884,test
80523,16,/Users/liuqing/Projects/01_E2E_QA_Code/E2E-Evaluation/outputs/waymo_5neighbor_context_laneaware_clean_v1_part_13_26/shards/shard_000007,2802,test
7589,1,/Users/liuqing/Projects/01_E2E_QA_Code/E2E-Evaluation/outputs/waymo_5neighbor_context_laneaware_clean_v1_part_00_13/shards/shard_000001,2587,test
42064,8,/Users/liuqing/Projects/01_E2E_QA_Code/E2E-Evaluation/outputs/waymo_5neighbor_context_laneaware_clean_v1_part_00_13/shards/shard_000008,2036,test
81442,16,/Users/liuqing/Projects/01_E2E_QA_Code/E2E-Evaluation/outputs/waymo_5neighbor_context_laneaware_clean_v1_part_13_26/shards/shard_000007,3721,test
6660,1,/Users/liuqing/Projects/01_E2E_QA_Code/E2E-Evaluation/outputs/waymo_5neighbor_context_laneaware_clean_v1_part_00_13/shards/shard_000001,1658,test
94544,20,/Users/liuqing/Projects/01_E2E_QA_Code/E2E-Evaluation/outputs/waymo_5neighbor_context_laneaware_clean_v1_part_26_39/shards/shard_000002,117,test
118748,24,/Users/liuqing/Projects/01_E2E_QA_Code/E2E-Evaluation/outputs/waymo_5neighbor_context_laneaware_clean_v1_part_26_39/shards/shard_000006,4300,test
135990,28,/Users/liuqing/Projects/01_E2E_QA_Code/E2E-Evaluation/outputs/waymo_5neighbor_context_laneaware_clean_v1_part_39_51/shards/shard_000001,4739,test
69803,14,/Users/liuqing/Projects/01_E2E_QA_Code/E2E-Evaluation/outputs/waymo_5neighbor_context_laneaware_clean_v1_part_13_26/shards/shard_000005,2093,test
157465,33,/Users/liuqing/Projects/01_E2E_QA_Code/E2E-Evaluation/outputs/waymo_5neighbor_context_laneaware_clean_v1_part_39_51/shards/shard_000006,1193,test
195,0,/Users/liuqing/Projects/01_E2E_QA_Code/E2E-Evaluation/outputs/waymo_5neighbor_context_laneaware_clean_v1_part_00_13/shards/shard_000000,195,test
39690,7,/Users/liuqing/Projects/01_E2E_QA_Code/E2E-Evaluation/outputs/waymo_5neighbor_context_laneaware_clean_v1_part_00_13/shards/shard_000007,4671,test
53159,11,/Users/liuqing/Projects/01_E2E_QA_Code/E2E-Evaluation/outputs/waymo_5neighbor_context_laneaware_clean_v1_part_13_26/shards/shard_000002,472,test
66789,13,/Users/liuqing/Projects/01_E2E_QA_Code/E2E-Evaluation/outputs/waymo_5neighbor_context_laneaware_clean_v1_part_13_26/shards/shard_000004,4087,test
126115,26,/Users/liuqing/Projects/01_E2E_QA_Code/E2E-Evaluation/outputs/waymo_5neighbor_context_laneaware_clean_v1_part_26_39/shards/shard_000008,1662,test
3398,0,/Users/liuqing/Projects/01_E2E_QA_Code/E2E-Evaluation/outputs/waymo_5neighbor_context_laneaware_clean_v1_part_00_13/shards/shard_000000,3398,test
32353,6,/Users/liuqing/Projects/01_E2E_QA_Code/E2E-Evaluation/outputs/waymo_5neighbor_context_laneaware_clean_v1_part_00_13/shards/shard_000006,2335,test
9885,1,/Users/liuqing/Projects/01_E2E_QA_Code/E2E-Evaluation/outputs/waymo_5neighbor_context_laneaware_clean_v1_part_00_13/shards/shard_000001,4883,test
133147,28,/Users/liuqing/Projects/01_E2E_QA_Code/E2E-Evaluation/outputs/waymo_5neighbor_context_laneaware_clean_v1_part_39_51/shards/shard_000001,1896,test
1909,0,/Users/liuqing/Projects/01_E2E_QA_Code/E2E-Evaluation/outputs/waymo_5neighbor_context_laneaware_clean_v1_part_00_13/shards/shard_000000,1909,test
164,0,/Users/liuqing/Projects/01_E2E_QA_Code/E2E-Evaluation/outputs/waymo_5neighbor_context_laneaware_clean_v1_part_00_13/shards/shard_000000,164,test
160323,33,/Users/liuqing/Projects/01_E2E_QA_Code/E2E-Evaluation/outputs/waymo_5neighbor_context_laneaware_clean_v1_part_39_51/shards/shard_000006,4051,test
159579,33,/Users/liuqing/Projects/01_E2E_QA_Code/E2E-Evaluation/outputs/waymo_5neighbor_context_laneaware_clean_v1_part_39_51/shards/shard_000006,3307,test
86566,18,/Users/liuqing/Projects/01_E2E_QA_Code/E2E-Evaluation/outputs/waymo_5neighbor_context_laneaware_clean_v1_part_26_39/shards/shard_000000,2143,test
130044,27,/Users/liuqing/Projects/01_E2E_QA_Code/E2E-Evaluation/outputs/waymo_5neighbor_context_laneaware_clean_v1_part_39_51/shards/shard_000000,3794,test
63554,13,/Users/liuqing/Projects/01_E2E_QA_Code/E2E-Evaluation/outputs/waymo_5neighbor_context_laneaware_clean_v1_part_13_26/shards/shard_000004,852,test
111412,23,/Users/liuqing/Projects/01_E2E_QA_Code/E2E-Evaluation/outputs/waymo_5neighbor_context_laneaware_clean_v1_part_26_39/shards/shard_000005,1973,test
76781,15,/Users/liuqing/Projects/01_E2E_QA_Code/E2E-Evaluation/outputs/waymo_5neighbor_context_laneaware_clean_v1_part_13_26/shards/shard_000006,4060,test
964,0,/Users/liuqing/Projects/01_E2E_QA_Code/E2E-Evaluation/outputs/waymo_5neighbor_context_laneaware_clean_v1_part_00_13/shards/shard_000000,964,test
32566,6,/Users/liuqing/Projects/01_E2E_QA_Code/E2E-Evaluation/outputs/waymo_5neighbor_context_laneaware_clean_v1_part_00_13/shards/shard_000006,2548,test
51789,10,/Users/liuqing/Projects/01_E2E_QA_Code/E2E-Evaluation/outputs/waymo_5neighbor_context_laneaware_clean_v1_part_13_26/shards/shard_000001,4104,test
108701,22,/Users/liuqing/Projects/01_E2E_QA_Code/E2E-Evaluation/outputs/waymo_5neighbor_context_laneaware_clean_v1_part_26_39/shards/shard_000004,4269,test
120661,25,/Users/liuqing/Projects/01_E2E_QA_Code/E2E-Evaluation/outputs/waymo_5neighbor_context_laneaware_clean_v1_part_26_39/shards/shard_000007,1212,test
86516,18,/Users/liuqing/Projects/01_E2E_QA_Code/E2E-Evaluation/outputs/waymo_5neighbor_context_laneaware_clean_v1_part_26_39/shards/shard_000000,2093,test
60290,12,/Users/liuqing/Projects/01_E2E_QA_Code/E2E-Evaluation/outputs/waymo_5neighbor_context_laneaware_clean_v1_part_13_26/shards/shard_000003,2601,test
160584,33,/Users/liuqing/Projects/01_E2E_QA_Code/E2E-Evaluation/outputs/waymo_5neighbor_context_laneaware_clean_v1_part_39_51/shards/shard_000006,4312,test
61168,12,/Users/liuqing/Projects/01_E2E_QA_Code/E2E-Evaluation/outputs/waymo_5neighbor_context_laneaware_clean_v1_part_13_26/shards/shard_000003,3479,test
71987,14,/Users/liuqing/Projects/01_E2E_QA_Code/E2E-Evaluation/outputs/waymo_5neighbor_context_laneaware_clean_v1_part_13_26/shards/shard_000005,4277,test
69099,14,/Users/liuqing/Projects/01_E2E_QA_Code/E2E-Evaluation/outputs/waymo_5neighbor_context_laneaware_clean_v1_part_13_26/shards/shard_000005,1389,test
8303,1,/Users/liuqing/Projects/01_E2E_QA_Code/E2E-Evaluation/outputs/waymo_5neighbor_context_laneaware_clean_v1_part_00_13/shards/shard_000001,3301,test
154472,32,/Users/liuqing/Projects/01_E2E_QA_Code/E2E-Evaluation/outputs/waymo_5neighbor_context_laneaware_clean_v1_part_39_51/shards/shard_000005,3201,test
80267,16,/Users/liuqing/Projects/01_E2E_QA_Code/E2E-Evaluation/outputs/waymo_5neighbor_context_laneaware_clean_v1_part_13_26/shards/shard_000007,2546,test
14170,2,/Users/liuqing/Projects/01_E2E_QA_Code/E2E-Evaluation/outputs/waymo_5neighbor_context_laneaware_clean_v1_part_00_13/shards/shard_000002,4164,test
6656,1,/Users/liuqing/Projects/01_E2E_QA_Code/E2E-Evaluation/outputs/waymo_5neighbor_context_laneaware_clean_v1_part_00_13/shards/shard_000001,1654,test
69102,14,/Users/liuqing/Projects/01_E2E_QA_Code/E2E-Evaluation/outputs/waymo_5neighbor_context_laneaware_clean_v1_part_13_26/shards/shard_000005,1392,test
149415,31,/Users/liuqing/Projects/01_E2E_QA_Code/E2E-Evaluation/outputs/waymo_5neighbor_context_laneaware_clean_v1_part_39_51/shards/shard_000004,3145,test
103684,21,/Users/liuqing/Projects/01_E2E_QA_Code/E2E-Evaluation/outputs/waymo_5neighbor_context_laneaware_clean_v1_part_26_39/shards/shard_000003,4253,test
42276,8,/Users/liuqing/Projects/01_E2E_QA_Code/E2E-Evaluation/outputs/waymo_5neighbor_context_laneaware_clean_v1_part_00_13/shards/shard_000008,2248,test
40315,8,/Users/liuqing/Projects/01_E2E_QA_Code/E2E-Evaluation/outputs/waymo_5neighbor_context_laneaware_clean_v1_part_00_13/shards/shard_000008,287,test
52799,11,/Users/liuqing/Projects/01_E2E_QA_Code/E2E-Evaluation/outputs/waymo_5neighbor_context_laneaware_clean_v1_part_13_26/shards/shard_000002,112,test
52437,10,/Users/liuqing/Projects/01_E2E_QA_Code/E2E-Evaluation/outputs/waymo_5neighbor_context_laneaware_clean_v1_part_13_26/shards/shard_000001,4752,test
157694,33,/Users/liuqing/Projects/01_E2E_QA_Code/E2E-Evaluation/outputs/waymo_5neighbor_context_laneaware_clean_v1_part_39_51/shards/shard_000006,1422,test
79401,16,/Users/liuqing/Projects/01_E2E_QA_Code/E2E-Evaluation/outputs/waymo_5neighbor_context_laneaware_clean_v1_part_13_26/shards/shard_000007,1680,test
43935,9,/Users/liuqing/Projects/01_E2E_QA_Code/E2E-Evaluation/outputs/waymo_5neighbor_context_laneaware_clean_v1_part_13_26/shards/shard_000000,1263,test
78966,16,/Users/liuqing/Projects/01_E2E_QA_Code/E2E-Evaluation/outputs/waymo_5neighbor_context_laneaware_clean_v1_part_13_26/shards/shard_000007,1245,test
65074,13,/Users/liuqing/Projects/01_E2E_QA_Code/E2E-Evaluation/outputs/waymo_5neighbor_context_laneaware_clean_v1_part_13_26/shards/shard_000004,2372,test
160835,33,/Users/liuqing/Projects/01_E2E_QA_Code/E2E-Evaluation/outputs/waymo_5neighbor_context_laneaware_clean_v1_part_39_51/shards/shard_000006,4563,test
162021,34,/Users/liuqing/Projects/01_E2E_QA_Code/E2E-Evaluation/outputs/waymo_5neighbor_context_laneaware_clean_v1_part_39_51/shards/shard_000007,741,test
53419,11,/Users/liuqing/Projects/01_E2E_QA_Code/E2E-Evaluation/outputs/waymo_5neighbor_context_laneaware_clean_v1_part_13_26/shards/shard_000002,732,test
36009,7,/Users/liuqing/Projects/01_E2E_QA_Code/E2E-Evaluation/outputs/waymo_5neighbor_context_laneaware_clean_v1_part_00_13/shards/shard_000007,990,test
75245,15,/Users/liuqing/Projects/01_E2E_QA_Code/E2E-Evaluation/outputs/waymo_5neighbor_context_laneaware_clean_v1_part_13_26/shards/shard_000006,2524,test
105500,22,/Users/liuqing/Projects/01_E2E_QA_Code/E2E-Evaluation/outputs/waymo_5neighbor_context_laneaware_clean_v1_part_26_39/shards/shard_000004,1068,test
119284,24,/Users/liuqing/Projects/01_E2E_QA_Code/E2E-Evaluation/outputs/waymo_5neighbor_context_laneaware_clean_v1_part_26_39/shards/shard_000006,4836,test
71982,14,/Users/liuqing/Projects/01_E2E_QA_Code/E2E-Evaluation/outputs/waymo_5neighbor_context_laneaware_clean_v1_part_13_26/shards/shard_000005,4272,test
113200,23,/Users/liuqing/Projects/01_E2E_QA_Code/E2E-Evaluation/outputs/waymo_5neighbor_context_laneaware_clean_v1_part_26_39/shards/shard_000005,3761,test
150213,31,/Users/liuqing/Projects/01_E2E_QA_Code/E2E-Evaluation/outputs/waymo_5neighbor_context_laneaware_clean_v1_part_39_51/shards/shard_000004,3943,test
11259,2,/Users/liuqing/Projects/01_E2E_QA_Code/E2E-Evaluation/outputs/waymo_5neighbor_context_laneaware_clean_v1_part_00_13/shards/shard_000002,1253,test
25474,5,/Users/liuqing/Projects/01_E2E_QA_Code/E2E-Evaluation/outputs/waymo_5neighbor_context_laneaware_clean_v1_part_00_13/shards/shard_000005,457,test
15562,3,/Users/liuqing/Projects/01_E2E_QA_Code/E2E-Evaluation/outputs/waymo_5neighbor_context_laneaware_clean_v1_part_00_13/shards/shard_000003,556,test
57776,12,/Users/liuqing/Projects/01_E2E_QA_Code/E2E-Evaluation/outputs/waymo_5neighbor_context_laneaware_clean_v1_part_13_26/shards/shard_000003,87,test
79098,16,/Users/liuqing/Projects/01_E2E_QA_Code/E2E-Evaluation/outputs/waymo_5neighbor_context_laneaware_clean_v1_part_13_26/shards/shard_000007,1377,test
41215,8,/Users/liuqing/Projects/01_E2E_QA_Code/E2E-Evaluation/outputs/waymo_5neighbor_context_laneaware_clean_v1_part_00_13/shards/shard_000008,1187,test
78760,16,/Users/liuqing/Projects/01_E2E_QA_Code/E2E-Evaluation/outputs/waymo_5neighbor_context_laneaware_clean_v1_part_13_26/shards/shard_000007,1039,test
30383,6,/Users/liuqing/Projects/01_E2E_QA_Code/E2E-Evaluation/outputs/waymo_5neighbor_context_laneaware_clean_v1_part_00_13/shards/shard_000006,365,test
84806,18,/Users/liuqing/Projects/01_E2E_QA_Code/E2E-Evaluation/outputs/waymo_5neighbor_context_laneaware_clean_v1_part_26_39/shards/shard_000000,383,test
94780,20,/Users/liuqing/Projects/01_E2E_QA_Code/E2E-Evaluation/outputs/waymo_5neighbor_context_laneaware_clean_v1_part_26_39/shards/shard_000002,353,test
28105,5,/Users/liuqing/Projects/01_E2E_QA_Code/E2E-Evaluation/outputs/waymo_5neighbor_context_laneaware_clean_v1_part_00_13/shards/shard_000005,3088,test
89661,19,/Users/liuqing/Projects/01_E2E_QA_Code/E2E-Evaluation/outputs/waymo_5neighbor_context_laneaware_clean_v1_part_26_39/shards/shard_000001,234,test
101690,21,/Users/liuqing/Projects/01_E2E_QA_Code/E2E-Evaluation/outputs/waymo_5neighbor_context_laneaware_clean_v1_part_26_39/shards/shard_000003,2259,test
42259,8,/Users/liuqing/Projects/01_E2E_QA_Code/E2E-Evaluation/outputs/waymo_5neighbor_context_laneaware_clean_v1_part_00_13/shards/shard_000008,2231,test
111613,23,/Users/liuqing/Projects/01_E2E_QA_Code/E2E-Evaluation/outputs/waymo_5neighbor_context_laneaware_clean_v1_part_26_39/shards/shard_000005,2174,test
52440,10,/Users/liuqing/Projects/01_E2E_QA_Code/E2E-Evaluation/outputs/waymo_5neighbor_context_laneaware_clean_v1_part_13_26/shards/shard_000001,4755,test
162018,34,/Users/liuqing/Projects/01_E2E_QA_Code/E2E-Evaluation/outputs/waymo_5neighbor_context_laneaware_clean_v1_part_39_51/shards/shard_000007,738,test
26312,5,/Users/liuqing/Projects/01_E2E_QA_Code/E2E-Evaluation/outputs/waymo_5neighbor_context_laneaware_clean_v1_part_00_13/shards/shard_000005,1295,test
51995,10,/Users/liuqing/Projects/01_E2E_QA_Code/E2E-Evaluation/outputs/waymo_5neighbor_context_laneaware_clean_v1_part_13_26/shards/shard_000001,4310,test
37668,7,/Users/liuqing/Projects/01_E2E_QA_Code/E2E-Evaluation/outputs/waymo_5neighbor_context_laneaware_clean_v1_part_00_13/shards/shard_000007,2649,test
157300,33,/Users/liuqing/Projects/01_E2E_QA_Code/E2E-Evaluation/outputs/waymo_5neighbor_context_laneaware_clean_v1_part_39_51/shards/shard_000006,1028,test
133149,28,/Users/liuqing/Projects/01_E2E_QA_Code/E2E-Evaluation/outputs/waymo_5neighbor_context_laneaware_clean_v1_part_39_51/shards/shard_000001,1898,test
163002,34,/Users/liuqing/Projects/01_E2E_QA_Code/E2E-Evaluation/outputs/waymo_5neighbor_context_laneaware_clean_v1_part_39_51/shards/shard_000007,1722,test
43084,9,/Users/liuqing/Projects/01_E2E_QA_Code/E2E-Evaluation/outputs/waymo_5neighbor_context_laneaware_clean_v1_part_13_26/shards/shard_000000,412,test
116736,24,/Users/liuqing/Projects/01_E2E_QA_Code/E2E-Evaluation/outputs/waymo_5neighbor_context_laneaware_clean_v1_part_26_39/shards/shard_000006,2288,test
126875,27,/Users/liuqing/Projects/01_E2E_QA_Code/E2E-Evaluation/outputs/waymo_5neighbor_context_laneaware_clean_v1_part_39_51/shards/shard_000000,625,test
47918,10,/Users/liuqing/Projects/01_E2E_QA_Code/E2E-Evaluation/outputs/waymo_5neighbor_context_laneaware_clean_v1_part_13_26/shards/shard_000001,233,test
99173,20,/Users/liuqing/Projects/01_E2E_QA_Code/E2E-Evaluation/outputs/waymo_5neighbor_context_laneaware_clean_v1_part_26_39/shards/shard_000002,4746,test
73763,15,/Users/liuqing/Projects/01_E2E_QA_Code/E2E-Evaluation/outputs/waymo_5neighbor_context_laneaware_clean_v1_part_13_26/shards/shard_000006,1042,test
78366,16,/Users/liuqing/Projects/01_E2E_QA_Code/E2E-Evaluation/outputs/waymo_5neighbor_context_laneaware_clean_v1_part_13_26/shards/shard_000007,645,test
124551,26,/Users/liuqing/Projects/01_E2E_QA_Code/E2E-Evaluation/outputs/waymo_5neighbor_context_laneaware_clean_v1_part_26_39/shards/shard_000008,98,test
84089,17,/Users/liuqing/Projects/01_E2E_QA_Code/E2E-Evaluation/outputs/waymo_5neighbor_context_laneaware_clean_v1_part_13_26/shards/shard_000008,1359,test
150693,31,/Users/liuqing/Projects/01_E2E_QA_Code/E2E-Evaluation/outputs/waymo_5neighbor_context_laneaware_clean_v1_part_39_51/shards/shard_000004,4423,test
40355,8,/Users/liuqing/Projects/01_E2E_QA_Code/E2E-Evaluation/outputs/waymo_5neighbor_context_laneaware_clean_v1_part_00_13/shards/shard_000008,327,test
11072,2,/Users/liuqing/Projects/01_E2E_QA_Code/E2E-Evaluation/outputs/waymo_5neighbor_context_laneaware_clean_v1_part_00_13/shards/shard_000002,1066,test
10657,2,/Users/liuqing/Projects/01_E2E_QA_Code/E2E-Evaluation/outputs/waymo_5neighbor_context_laneaware_clean_v1_part_00_13/shards/shard_000002,651,test
93252,19,/Users/liuqing/Projects/01_E2E_QA_Code/E2E-Evaluation/outputs/waymo_5neighbor_context_laneaware_clean_v1_part_26_39/shards/shard_000001,3825,test
25586,5,/Users/liuqing/Projects/01_E2E_QA_Code/E2E-Evaluation/outputs/waymo_5neighbor_context_laneaware_clean_v1_part_00_13/shards/shard_000005,569,test
9662,1,/Users/liuqing/Projects/01_E2E_QA_Code/E2E-Evaluation/outputs/waymo_5neighbor_context_laneaware_clean_v1_part_00_13/shards/shard_000001,4660,test
97262,20,/Users/liuqing/Projects/01_E2E_QA_Code/E2E-Evaluation/outputs/waymo_5neighbor_context_laneaware_clean_v1_part_26_39/shards/shard_000002,2835,test
104829,22,/Users/liuqing/Projects/01_E2E_QA_Code/E2E-Evaluation/outputs/waymo_5neighbor_context_laneaware_clean_v1_part_26_39/shards/shard_000004,397,test
44940,9,/Users/liuqing/Projects/01_E2E_QA_Code/E2E-Evaluation/outputs/waymo_5neighbor_context_laneaware_clean_v1_part_13_26/shards/shard_000000,2268,test
126370,27,/Users/liuqing/Projects/01_E2E_QA_Code/E2E-Evaluation/outputs/waymo_5neighbor_context_laneaware_clean_v1_part_39_51/shards/shard_000000,120,test
27374,5,/Users/liuqing/Projects/01_E2E_QA_Code/E2E-Evaluation/outputs/waymo_5neighbor_context_laneaware_clean_v1_part_00_13/shards/shard_000005,2357,test
79399,16,/Users/liuqing/Projects/01_E2E_QA_Code/E2E-Evaluation/outputs/waymo_5neighbor_context_laneaware_clean_v1_part_13_26/shards/shard_000007,1678,test
103277,21,/Users/liuqing/Projects/01_E2E_QA_Code/E2E-Evaluation/outputs/waymo_5neighbor_context_laneaware_clean_v1_part_26_39/shards/shard_000003,3846,test
728,0,/Users/liuqing/Projects/01_E2E_QA_Code/E2E-Evaluation/outputs/waymo_5neighbor_context_laneaware_clean_v1_part_00_13/shards/shard_000000,728,test
136312,29,/Users/liuqing/Projects/01_E2E_QA_Code/E2E-Evaluation/outputs/waymo_5neighbor_context_laneaware_clean_v1_part_39_51/shards/shard_000002,59,test
133016,28,/Users/liuqing/Projects/01_E2E_QA_Code/E2E-Evaluation/outputs/waymo_5neighbor_context_laneaware_clean_v1_part_39_51/shards/shard_000001,1765,test
18427,3,/Users/liuqing/Projects/01_E2E_QA_Code/E2E-Evaluation/outputs/waymo_5neighbor_context_laneaware_clean_v1_part_00_13/shards/shard_000003,3421,test
5472,1,/Users/liuqing/Projects/01_E2E_QA_Code/E2E-Evaluation/outputs/waymo_5neighbor_context_laneaware_clean_v1_part_00_13/shards/shard_000001,470,test
105591,22,/Users/liuqing/Projects/01_E2E_QA_Code/E2E-Evaluation/outputs/waymo_5neighbor_context_laneaware_clean_v1_part_26_39/shards/shard_000004,1159,test
83249,17,/Users/liuqing/Projects/01_E2E_QA_Code/E2E-Evaluation/outputs/waymo_5neighbor_context_laneaware_clean_v1_part_13_26/shards/shard_000008,519,test
124577,26,/Users/liuqing/Projects/01_E2E_QA_Code/E2E-Evaluation/outputs/waymo_5neighbor_context_laneaware_clean_v1_part_26_39/shards/shard_000008,124,test
85421,18,/Users/liuqing/Projects/01_E2E_QA_Code/E2E-Evaluation/outputs/waymo_5neighbor_context_laneaware_clean_v1_part_26_39/shards/shard_000000,998,test
47541,9,/Users/liuqing/Projects/01_E2E_QA_Code/E2E-Evaluation/outputs/waymo_5neighbor_context_laneaware_clean_v1_part_13_26/shards/shard_000000,4869,test
23963,4,/Users/liuqing/Projects/01_E2E_QA_Code/E2E-Evaluation/outputs/waymo_5neighbor_context_laneaware_clean_v1_part_00_13/shards/shard_000004,3957,test
9366,1,/Users/liuqing/Projects/01_E2E_QA_Code/E2E-Evaluation/outputs/waymo_5neighbor_context_laneaware_clean_v1_part_00_13/shards/shard_000001,4364,test
47545,9,/Users/liuqing/Projects/01_E2E_QA_Code/E2E-Evaluation/outputs/waymo_5neighbor_context_laneaware_clean_v1_part_13_26/shards/shard_000000,4873,test
31299,6,/Users/liuqing/Projects/01_E2E_QA_Code/E2E-Evaluation/outputs/waymo_5neighbor_context_laneaware_clean_v1_part_00_13/shards/shard_000006,1281,test
163557,34,/Users/liuqing/Projects/01_E2E_QA_Code/E2E-Evaluation/outputs/waymo_5neighbor_context_laneaware_clean_v1_part_39_51/shards/shard_000007,2277,test
158858,33,/Users/liuqing/Projects/01_E2E_QA_Code/E2E-Evaluation/outputs/waymo_5neighbor_context_laneaware_clean_v1_part_39_51/shards/shard_000006,2586,test
16206,3,/Users/liuqing/Projects/01_E2E_QA_Code/E2E-Evaluation/outputs/waymo_5neighbor_context_laneaware_clean_v1_part_00_13/shards/shard_000003,1200,test
105143,22,/Users/liuqing/Projects/01_E2E_QA_Code/E2E-Evaluation/outputs/waymo_5neighbor_context_laneaware_clean_v1_part_26_39/shards/shard_000004,711,test
131708,28,/Users/liuqing/Projects/01_E2E_QA_Code/E2E-Evaluation/outputs/waymo_5neighbor_context_laneaware_clean_v1_part_39_51/shards/shard_000001,457,test
54071,11,/Users/liuqing/Projects/01_E2E_QA_Code/E2E-Evaluation/outputs/waymo_5neighbor_context_laneaware_clean_v1_part_13_26/shards/shard_000002,1384,test
52430,10,/Users/liuqing/Projects/01_E2E_QA_Code/E2E-Evaluation/outputs/waymo_5neighbor_context_laneaware_clean_v1_part_13_26/shards/shard_000001,4745,test
40823,8,/Users/liuqing/Projects/01_E2E_QA_Code/E2E-Evaluation/outputs/waymo_5neighbor_context_laneaware_clean_v1_part_00_13/shards/shard_000008,795,test
131809,28,/Users/liuqing/Projects/01_E2E_QA_Code/E2E-Evaluation/outputs/waymo_5neighbor_context_laneaware_clean_v1_part_39_51/shards/shard_000001,558,test
114776,24,/Users/liuqing/Projects/01_E2E_QA_Code/E2E-Evaluation/outputs/waymo_5neighbor_context_laneaware_clean_v1_part_26_39/shards/shard_000006,328,test
40098,8,/Users/liuqing/Projects/01_E2E_QA_Code/E2E-Evaluation/outputs/waymo_5neighbor_context_laneaware_clean_v1_part_00_13/shards/shard_000008,70,test
158400,33,/Users/liuqing/Projects/01_E2E_QA_Code/E2E-Evaluation/outputs/waymo_5neighbor_context_laneaware_clean_v1_part_39_51/shards/shard_000006,2128,test
14099,2,/Users/liuqing/Projects/01_E2E_QA_Code/E2E-Evaluation/outputs/waymo_5neighbor_context_laneaware_clean_v1_part_00_13/shards/shard_000002,4093,test
79774,16,/Users/liuqing/Projects/01_E2E_QA_Code/E2E-Evaluation/outputs/waymo_5neighbor_context_laneaware_clean_v1_part_13_26/shards/shard_000007,2053,test
4791,0,/Users/liuqing/Projects/01_E2E_QA_Code/E2E-Evaluation/outputs/waymo_5neighbor_context_laneaware_clean_v1_part_00_13/shards/shard_000000,4791,test
161591,34,/Users/liuqing/Projects/01_E2E_QA_Code/E2E-Evaluation/outputs/waymo_5neighbor_context_laneaware_clean_v1_part_39_51/shards/shard_000007,311,test
97223,20,/Users/liuqing/Projects/01_E2E_QA_Code/E2E-Evaluation/outputs/waymo_5neighbor_context_laneaware_clean_v1_part_26_39/shards/shard_000002,2796,test
57461,11,/Users/liuqing/Projects/01_E2E_QA_Code/E2E-Evaluation/outputs/waymo_5neighbor_context_laneaware_clean_v1_part_13_26/shards/shard_000002,4774,test
136352,29,/Users/liuqing/Projects/01_E2E_QA_Code/E2E-Evaluation/outputs/waymo_5neighbor_context_laneaware_clean_v1_part_39_51/shards/shard_000002,99,test
45891,9,/Users/liuqing/Projects/01_E2E_QA_Code/E2E-Evaluation/outputs/waymo_5neighbor_context_laneaware_clean_v1_part_13_26/shards/shard_000000,3219,test
50896,10,/Users/liuqing/Projects/01_E2E_QA_Code/E2E-Evaluation/outputs/waymo_5neighbor_context_laneaware_clean_v1_part_13_26/shards/shard_000001,3211,test
105311,22,/Users/liuqing/Projects/01_E2E_QA_Code/E2E-Evaluation/outputs/waymo_5neighbor_context_laneaware_clean_v1_part_26_39/shards/shard_000004,879,test
81684,16,/Users/liuqing/Projects/01_E2E_QA_Code/E2E-Evaluation/outputs/waymo_5neighbor_context_laneaware_clean_v1_part_13_26/shards/shard_000007,3963,test
154125,32,/Users/liuqing/Projects/01_E2E_QA_Code/E2E-Evaluation/outputs/waymo_5neighbor_context_laneaware_clean_v1_part_39_51/shards/shard_000005,2854,test
78370,16,/Users/liuqing/Projects/01_E2E_QA_Code/E2E-Evaluation/outputs/waymo_5neighbor_context_laneaware_clean_v1_part_13_26/shards/shard_000007,649,test
40311,8,/Users/liuqing/Projects/01_E2E_QA_Code/E2E-Evaluation/outputs/waymo_5neighbor_context_laneaware_clean_v1_part_00_13/shards/shard_000008,283,test
94934,20,/Users/liuqing/Projects/01_E2E_QA_Code/E2E-Evaluation/outputs/waymo_5neighbor_context_laneaware_clean_v1_part_26_39/shards/shard_000002,507,test
137283,29,/Users/liuqing/Projects/01_E2E_QA_Code/E2E-Evaluation/outputs/waymo_5neighbor_context_laneaware_clean_v1_part_39_51/shards/shard_000002,1030,test
42317,8,/Users/liuqing/Projects/01_E2E_QA_Code/E2E-Evaluation/outputs/waymo_5neighbor_context_laneaware_clean_v1_part_00_13/shards/shard_000008,2289,test
43693,9,/Users/liuqing/Projects/01_E2E_QA_Code/E2E-Evaluation/outputs/waymo_5neighbor_context_laneaware_clean_v1_part_13_26/shards/shard_000000,1021,test
30573,6,/Users/liuqing/Projects/01_E2E_QA_Code/E2E-Evaluation/outputs/waymo_5neighbor_context_laneaware_clean_v1_part_00_13/shards/shard_000006,555,test
40308,8,/Users/liuqing/Projects/01_E2E_QA_Code/E2E-Evaluation/outputs/waymo_5neighbor_context_laneaware_clean_v1_part_00_13/shards/shard_000008,280,test
32710,6,/Users/liuqing/Projects/01_E2E_QA_Code/E2E-Evaluation/outputs/waymo_5neighbor_context_laneaware_clean_v1_part_00_13/shards/shard_000006,2692,test
112295,23,/Users/liuqing/Projects/01_E2E_QA_Code/E2E-Evaluation/outputs/waymo_5neighbor_context_laneaware_clean_v1_part_26_39/shards/shard_000005,2856,test
48373,10,/Users/liuqing/Projects/01_E2E_QA_Code/E2E-Evaluation/outputs/waymo_5neighbor_context_laneaware_clean_v1_part_13_26/shards/shard_000001,688,test
129418,27,/Users/liuqing/Projects/01_E2E_QA_Code/E2E-Evaluation/outputs/waymo_5neighbor_context_laneaware_clean_v1_part_39_51/shards/shard_000000,3168,test
31316,6,/Users/liuqing/Projects/01_E2E_QA_Code/E2E-Evaluation/outputs/waymo_5neighbor_context_laneaware_clean_v1_part_00_13/shards/shard_000006,1298,test
160076,33,/Users/liuqing/Projects/01_E2E_QA_Code/E2E-Evaluation/outputs/waymo_5neighbor_context_laneaware_clean_v1_part_39_51/shards/shard_000006,3804,test
75878,15,/Users/liuqing/Projects/01_E2E_QA_Code/E2E-Evaluation/outputs/waymo_5neighbor_context_laneaware_clean_v1_part_13_26/shards/shard_000006,3157,test
114533,24,/Users/liuqing/Projects/01_E2E_QA_Code/E2E-Evaluation/outputs/waymo_5neighbor_context_laneaware_clean_v1_part_26_39/shards/shard_000006,85,test
72861,15,/Users/liuqing/Projects/01_E2E_QA_Code/E2E-Evaluation/outputs/waymo_5neighbor_context_laneaware_clean_v1_part_13_26/shards/shard_000006,140,test
33674,6,/Users/liuqing/Projects/01_E2E_QA_Code/E2E-Evaluation/outputs/waymo_5neighbor_context_laneaware_clean_v1_part_00_13/shards/shard_000006,3656,test
163838,34,/Users/liuqing/Projects/01_E2E_QA_Code/E2E-Evaluation/outputs/waymo_5neighbor_context_laneaware_clean_v1_part_39_51/shards/shard_000007,2558,test
4672,0,/Users/liuqing/Projects/01_E2E_QA_Code/E2E-Evaluation/outputs/waymo_5neighbor_context_laneaware_clean_v1_part_00_13/shards/shard_000000,4672,test
42236,8,/Users/liuqing/Projects/01_E2E_QA_Code/E2E-Evaluation/outputs/waymo_5neighbor_context_laneaware_clean_v1_part_00_13/shards/shard_000008,2208,test
4415,0,/Users/liuqing/Projects/01_E2E_QA_Code/E2E-Evaluation/outputs/waymo_5neighbor_context_laneaware_clean_v1_part_00_13/shards/shard_000000,4415,test
63566,13,/Users/liuqing/Projects/01_E2E_QA_Code/E2E-Evaluation/outputs/waymo_5neighbor_context_laneaware_clean_v1_part_13_26/shards/shard_000004,864,test
44942,9,/Users/liuqing/Projects/01_E2E_QA_Code/E2E-Evaluation/outputs/waymo_5neighbor_context_laneaware_clean_v1_part_13_26/shards/shard_000000,2270,test
119285,24,/Users/liuqing/Projects/01_E2E_QA_Code/E2E-Evaluation/outputs/waymo_5neighbor_context_laneaware_clean_v1_part_26_39/shards/shard_000006,4837,test
102980,21,/Users/liuqing/Projects/01_E2E_QA_Code/E2E-Evaluation/outputs/waymo_5neighbor_context_laneaware_clean_v1_part_26_39/shards/shard_000003,3549,test
132064,28,/Users/liuqing/Projects/01_E2E_QA_Code/E2E-Evaluation/outputs/waymo_5neighbor_context_laneaware_clean_v1_part_39_51/shards/shard_000001,813,test
16205,3,/Users/liuqing/Projects/01_E2E_QA_Code/E2E-Evaluation/outputs/waymo_5neighbor_context_laneaware_clean_v1_part_00_13/shards/shard_000003,1199,test
85167,18,/Users/liuqing/Projects/01_E2E_QA_Code/E2E-Evaluation/outputs/waymo_5neighbor_context_laneaware_clean_v1_part_26_39/shards/shard_000000,744,test
17134,3,/Users/liuqing/Projects/01_E2E_QA_Code/E2E-Evaluation/outputs/waymo_5neighbor_context_laneaware_clean_v1_part_00_13/shards/shard_000003,2128,test
22767,4,/Users/liuqing/Projects/01_E2E_QA_Code/E2E-Evaluation/outputs/waymo_5neighbor_context_laneaware_clean_v1_part_00_13/shards/shard_000004,2761,test
138327,29,/Users/liuqing/Projects/01_E2E_QA_Code/E2E-Evaluation/outputs/waymo_5neighbor_context_laneaware_clean_v1_part_39_51/shards/shard_000002,2074,test
122450,25,/Users/liuqing/Projects/01_E2E_QA_Code/E2E-Evaluation/outputs/waymo_5neighbor_context_laneaware_clean_v1_part_26_39/shards/shard_000007,3001,test
50057,10,/Users/liuqing/Projects/01_E2E_QA_Code/E2E-Evaluation/outputs/waymo_5neighbor_context_laneaware_clean_v1_part_13_26/shards/shard_000001,2372,test
112185,23,/Users/liuqing/Projects/01_E2E_QA_Code/E2E-Evaluation/outputs/waymo_5neighbor_context_laneaware_clean_v1_part_26_39/shards/shard_000005,2746,test
40534,8,/Users/liuqing/Projects/01_E2E_QA_Code/E2E-Evaluation/outputs/waymo_5neighbor_context_laneaware_clean_v1_part_00_13/shards/shard_000008,506,test
124417,25,/Users/liuqing/Projects/01_E2E_QA_Code/E2E-Evaluation/outputs/waymo_5neighbor_context_laneaware_clean_v1_part_26_39/shards/shard_000007,4968,test
93265,19,/Users/liuqing/Projects/01_E2E_QA_Code/E2E-Evaluation/outputs/waymo_5neighbor_context_laneaware_clean_v1_part_26_39/shards/shard_000001,3838,test
97259,20,/Users/liuqing/Projects/01_E2E_QA_Code/E2E-Evaluation/outputs/waymo_5neighbor_context_laneaware_clean_v1_part_26_39/shards/shard_000002,2832,test
110830,23,/Users/liuqing/Projects/01_E2E_QA_Code/E2E-Evaluation/outputs/waymo_5neighbor_context_laneaware_clean_v1_part_26_39/shards/shard_000005,1391,test
89007,18,/Users/liuqing/Projects/01_E2E_QA_Code/E2E-Evaluation/outputs/waymo_5neighbor_context_laneaware_clean_v1_part_26_39/shards/shard_000000,4584,test
74266,15,/Users/liuqing/Projects/01_E2E_QA_Code/E2E-Evaluation/outputs/waymo_5neighbor_context_laneaware_clean_v1_part_13_26/shards/shard_000006,1545,test
29824,5,/Users/liuqing/Projects/01_E2E_QA_Code/E2E-Evaluation/outputs/waymo_5neighbor_context_laneaware_clean_v1_part_00_13/shards/shard_000005,4807,test
54536,11,/Users/liuqing/Projects/01_E2E_QA_Code/E2E-Evaluation/outputs/waymo_5neighbor_context_laneaware_clean_v1_part_13_26/shards/shard_000002,1849,test
133830,28,/Users/liuqing/Projects/01_E2E_QA_Code/E2E-Evaluation/outputs/waymo_5neighbor_context_laneaware_clean_v1_part_39_51/shards/shard_000001,2579,test
140178,29,/Users/liuqing/Projects/01_E2E_QA_Code/E2E-Evaluation/outputs/waymo_5neighbor_context_laneaware_clean_v1_part_39_51/shards/shard_000002,3925,test
69482,14,/Users/liuqing/Projects/01_E2E_QA_Code/E2E-Evaluation/outputs/waymo_5neighbor_context_laneaware_clean_v1_part_13_26/shards/shard_000005,1772,test
15109,3,/Users/liuqing/Projects/01_E2E_QA_Code/E2E-Evaluation/outputs/waymo_5neighbor_context_laneaware_clean_v1_part_00_13/shards/shard_000003,103,test
164420,34,/Users/liuqing/Projects/01_E2E_QA_Code/E2E-Evaluation/outputs/waymo_5neighbor_context_laneaware_clean_v1_part_39_51/shards/shard_000007,3140,test
140999,29,/Users/liuqing/Projects/01_E2E_QA_Code/E2E-Evaluation/outputs/waymo_5neighbor_context_laneaware_clean_v1_part_39_51/shards/shard_000002,4746,test
105137,22,/Users/liuqing/Projects/01_E2E_QA_Code/E2E-Evaluation/outputs/waymo_5neighbor_context_laneaware_clean_v1_part_26_39/shards/shard_000004,705,test
5099,1,/Users/liuqing/Projects/01_E2E_QA_Code/E2E-Evaluation/outputs/waymo_5neighbor_context_laneaware_clean_v1_part_00_13/shards/shard_000001,97,test
159010,33,/Users/liuqing/Projects/01_E2E_QA_Code/E2E-Evaluation/outputs/waymo_5neighbor_context_laneaware_clean_v1_part_39_51/shards/shard_000006,2738,test
78360,16,/Users/liuqing/Projects/01_E2E_QA_Code/E2E-Evaluation/outputs/waymo_5neighbor_context_laneaware_clean_v1_part_13_26/shards/shard_000007,639,test
54811,11,/Users/liuqing/Projects/01_E2E_QA_Code/E2E-Evaluation/outputs/waymo_5neighbor_context_laneaware_clean_v1_part_13_26/shards/shard_000002,2124,test
30039,6,/Users/liuqing/Projects/01_E2E_QA_Code/E2E-Evaluation/outputs/waymo_5neighbor_context_laneaware_clean_v1_part_00_13/shards/shard_000006,21,test
94942,20,/Users/liuqing/Projects/01_E2E_QA_Code/E2E-Evaluation/outputs/waymo_5neighbor_context_laneaware_clean_v1_part_26_39/shards/shard_000002,515,test
51792,10,/Users/liuqing/Projects/01_E2E_QA_Code/E2E-Evaluation/outputs/waymo_5neighbor_context_laneaware_clean_v1_part_13_26/shards/shard_000001,4107,test
26434,5,/Users/liuqing/Projects/01_E2E_QA_Code/E2E-Evaluation/outputs/waymo_5neighbor_context_laneaware_clean_v1_part_00_13/shards/shard_000005,1417,test
158300,33,/Users/liuqing/Projects/01_E2E_QA_Code/E2E-Evaluation/outputs/waymo_5neighbor_context_laneaware_clean_v1_part_39_51/shards/shard_000006,2028,test
67668,13,/Users/liuqing/Projects/01_E2E_QA_Code/E2E-Evaluation/outputs/waymo_5neighbor_context_laneaware_clean_v1_part_13_26/shards/shard_000004,4966,test
150663,31,/Users/liuqing/Projects/01_E2E_QA_Code/E2E-Evaluation/outputs/waymo_5neighbor_context_laneaware_clean_v1_part_39_51/shards/shard_000004,4393,test
130677,27,/Users/liuqing/Projects/01_E2E_QA_Code/E2E-Evaluation/outputs/waymo_5neighbor_context_laneaware_clean_v1_part_39_51/shards/shard_000000,4427,test
48624,10,/Users/liuqing/Projects/01_E2E_QA_Code/E2E-Evaluation/outputs/waymo_5neighbor_context_laneaware_clean_v1_part_13_26/shards/shard_000001,939,test
40819,8,/Users/liuqing/Projects/01_E2E_QA_Code/E2E-Evaluation/outputs/waymo_5neighbor_context_laneaware_clean_v1_part_00_13/shards/shard_000008,791,test
147088,31,/Users/liuqing/Projects/01_E2E_QA_Code/E2E-Evaluation/outputs/waymo_5neighbor_context_laneaware_clean_v1_part_39_51/shards/shard_000004,818,test
53078,11,/Users/liuqing/Projects/01_E2E_QA_Code/E2E-Evaluation/outputs/waymo_5neighbor_context_laneaware_clean_v1_part_13_26/shards/shard_000002,391,test
111414,23,/Users/liuqing/Projects/01_E2E_QA_Code/E2E-Evaluation/outputs/waymo_5neighbor_context_laneaware_clean_v1_part_26_39/shards/shard_000005,1975,test
133877,28,/Users/liuqing/Projects/01_E2E_QA_Code/E2E-Evaluation/outputs/waymo_5neighbor_context_laneaware_clean_v1_part_39_51/shards/shard_000001,2626,test
118290,24,/Users/liuqing/Projects/01_E2E_QA_Code/E2E-Evaluation/outputs/waymo_5neighbor_context_laneaware_clean_v1_part_26_39/shards/shard_000006,3842,test
118802,24,/Users/liuqing/Projects/01_E2E_QA_Code/E2E-Evaluation/outputs/waymo_5neighbor_context_laneaware_clean_v1_part_26_39/shards/shard_000006,4354,test
60760,12,/Users/liuqing/Projects/01_E2E_QA_Code/E2E-Evaluation/outputs/waymo_5neighbor_context_laneaware_clean_v1_part_13_26/shards/shard_000003,3071,test
547,0,/Users/liuqing/Projects/01_E2E_QA_Code/E2E-Evaluation/outputs/waymo_5neighbor_context_laneaware_clean_v1_part_00_13/shards/shard_000000,547,test
85596,18,/Users/liuqing/Projects/01_E2E_QA_Code/E2E-Evaluation/outputs/waymo_5neighbor_context_laneaware_clean_v1_part_26_39/shards/shard_000000,1173,test
116215,24,/Users/liuqing/Projects/01_E2E_QA_Code/E2E-Evaluation/outputs/waymo_5neighbor_context_laneaware_clean_v1_part_26_39/shards/shard_000006,1767,test
160514,33,/Users/liuqing/Projects/01_E2E_QA_Code/E2E-Evaluation/outputs/waymo_5neighbor_context_laneaware_clean_v1_part_39_51/shards/shard_000006,4242,test
137690,29,/Users/liuqing/Projects/01_E2E_QA_Code/E2E-Evaluation/outputs/waymo_5neighbor_context_laneaware_clean_v1_part_39_51/shards/shard_000002,1437,test
9661,1,/Users/liuqing/Projects/01_E2E_QA_Code/E2E-Evaluation/outputs/waymo_5neighbor_context_laneaware_clean_v1_part_00_13/shards/shard_000001,4659,test
67370,13,/Users/liuqing/Projects/01_E2E_QA_Code/E2E-Evaluation/outputs/waymo_5neighbor_context_laneaware_clean_v1_part_13_26/shards/shard_000004,4668,test
44934,9,/Users/liuqing/Projects/01_E2E_QA_Code/E2E-Evaluation/outputs/waymo_5neighbor_context_laneaware_clean_v1_part_13_26/shards/shard_000000,2262,test
1513,0,/Users/liuqing/Projects/01_E2E_QA_Code/E2E-Evaluation/outputs/waymo_5neighbor_context_laneaware_clean_v1_part_00_13/shards/shard_000000,1513,test
116733,24,/Users/liuqing/Projects/01_E2E_QA_Code/E2E-Evaluation/outputs/waymo_5neighbor_context_laneaware_clean_v1_part_26_39/shards/shard_000006,2285,test
96086,20,/Users/liuqing/Projects/01_E2E_QA_Code/E2E-Evaluation/outputs/waymo_5neighbor_context_laneaware_clean_v1_part_26_39/shards/shard_000002,1659,test
71173,14,/Users/liuqing/Projects/01_E2E_QA_Code/E2E-Evaluation/outputs/waymo_5neighbor_context_laneaware_clean_v1_part_13_26/shards/shard_000005,3463,test
131864,28,/Users/liuqing/Projects/01_E2E_QA_Code/E2E-Evaluation/outputs/waymo_5neighbor_context_laneaware_clean_v1_part_39_51/shards/shard_000001,613,test
54041,11,/Users/liuqing/Projects/01_E2E_QA_Code/E2E-Evaluation/outputs/waymo_5neighbor_context_laneaware_clean_v1_part_13_26/shards/shard_000002,1354,test
61592,12,/Users/liuqing/Projects/01_E2E_QA_Code/E2E-Evaluation/outputs/waymo_5neighbor_context_laneaware_clean_v1_part_13_26/shards/shard_000003,3903,test
8548,1,/Users/liuqing/Projects/01_E2E_QA_Code/E2E-Evaluation/outputs/waymo_5neighbor_context_laneaware_clean_v1_part_00_13/shards/shard_000001,3546,test
103845,21,/Users/liuqing/Projects/01_E2E_QA_Code/E2E-Evaluation/outputs/waymo_5neighbor_context_laneaware_clean_v1_part_26_39/shards/shard_000003,4414,test
3390,0,/Users/liuqing/Projects/01_E2E_QA_Code/E2E-Evaluation/outputs/waymo_5neighbor_context_laneaware_clean_v1_part_00_13/shards/shard_000000,3390,test
112176,23,/Users/liuqing/Projects/01_E2E_QA_Code/E2E-Evaluation/outputs/waymo_5neighbor_context_laneaware_clean_v1_part_26_39/shards/shard_000005,2737,test
133839,28,/Users/liuqing/Projects/01_E2E_QA_Code/E2E-Evaluation/outputs/waymo_5neighbor_context_laneaware_clean_v1_part_39_51/shards/shard_000001,2588,test
134114,28,/Users/liuqing/Projects/01_E2E_QA_Code/E2E-Evaluation/outputs/waymo_5neighbor_context_laneaware_clean_v1_part_39_51/shards/shard_000001,2863,test
81055,16,/Users/liuqing/Projects/01_E2E_QA_Code/E2E-Evaluation/outputs/waymo_5neighbor_context_laneaware_clean_v1_part_13_26/shards/shard_000007,3334,test
65240,13,/Users/liuqing/Projects/01_E2E_QA_Code/E2E-Evaluation/outputs/waymo_5neighbor_context_laneaware_clean_v1_part_13_26/shards/shard_000004,2538,test
154091,32,/Users/liuqing/Projects/01_E2E_QA_Code/E2E-Evaluation/outputs/waymo_5neighbor_context_laneaware_clean_v1_part_39_51/shards/shard_000005,2820,test
52693,11,/Users/liuqing/Projects/01_E2E_QA_Code/E2E-Evaluation/outputs/waymo_5neighbor_context_laneaware_clean_v1_part_13_26/shards/shard_000002,6,test
92357,19,/Users/liuqing/Projects/01_E2E_QA_Code/E2E-Evaluation/outputs/waymo_5neighbor_context_laneaware_clean_v1_part_26_39/shards/shard_000001,2930,test
146915,31,/Users/liuqing/Projects/01_E2E_QA_Code/E2E-Evaluation/outputs/waymo_5neighbor_context_laneaware_clean_v1_part_39_51/shards/shard_000004,645,test
83164,17,/Users/liuqing/Projects/01_E2E_QA_Code/E2E-Evaluation/outputs/waymo_5neighbor_context_laneaware_clean_v1_part_13_26/shards/shard_000008,434,test
66730,13,/Users/liuqing/Projects/01_E2E_QA_Code/E2E-Evaluation/outputs/waymo_5neighbor_context_laneaware_clean_v1_part_13_26/shards/shard_000004,4028,test
87576,18,/Users/liuqing/Projects/01_E2E_QA_Code/E2E-Evaluation/outputs/waymo_5neighbor_context_laneaware_clean_v1_part_26_39/shards/shard_000000,3153,test
26279,5,/Users/liuqing/Projects/01_E2E_QA_Code/E2E-Evaluation/outputs/waymo_5neighbor_context_laneaware_clean_v1_part_00_13/shards/shard_000005,1262,test
21095,4,/Users/liuqing/Projects/01_E2E_QA_Code/E2E-Evaluation/outputs/waymo_5neighbor_context_laneaware_clean_v1_part_00_13/shards/shard_000004,1089,test
157494,33,/Users/liuqing/Projects/01_E2E_QA_Code/E2E-Evaluation/outputs/waymo_5neighbor_context_laneaware_clean_v1_part_39_51/shards/shard_000006,1222,test
67235,13,/Users/liuqing/Projects/01_E2E_QA_Code/E2E-Evaluation/outputs/waymo_5neighbor_context_laneaware_clean_v1_part_13_26/shards/shard_000004,4533,test
128452,27,/Users/liuqing/Projects/01_E2E_QA_Code/E2E-Evaluation/outputs/waymo_5neighbor_context_laneaware_clean_v1_part_39_51/shards/shard_000000,2202,test
137109,29,/Users/liuqing/Projects/01_E2E_QA_Code/E2E-Evaluation/outputs/waymo_5neighbor_context_laneaware_clean_v1_part_39_51/shards/shard_000002,856,test
3666,0,/Users/liuqing/Projects/01_E2E_QA_Code/E2E-Evaluation/outputs/waymo_5neighbor_context_laneaware_clean_v1_part_00_13/shards/shard_000000,3666,test
9884,1,/Users/liuqing/Projects/01_E2E_QA_Code/E2E-Evaluation/outputs/waymo_5neighbor_context_laneaware_clean_v1_part_00_13/shards/shard_000001,4882,test
114480,24,/Users/liuqing/Projects/01_E2E_QA_Code/E2E-Evaluation/outputs/waymo_5neighbor_context_laneaware_clean_v1_part_26_39/shards/shard_000006,32,test
29546,5,/Users/liuqing/Projects/01_E2E_QA_Code/E2E-Evaluation/outputs/waymo_5neighbor_context_laneaware_clean_v1_part_00_13/shards/shard_000005,4529,test
19891,3,/Users/liuqing/Projects/01_E2E_QA_Code/E2E-Evaluation/outputs/waymo_5neighbor_context_laneaware_clean_v1_part_00_13/shards/shard_000003,4885,test
62825,13,/Users/liuqing/Projects/01_E2E_QA_Code/E2E-Evaluation/outputs/waymo_5neighbor_context_laneaware_clean_v1_part_13_26/shards/shard_000004,123,test
71651,14,/Users/liuqing/Projects/01_E2E_QA_Code/E2E-Evaluation/outputs/waymo_5neighbor_context_laneaware_clean_v1_part_13_26/shards/shard_000005,3941,test
130822,27,/Users/liuqing/Projects/01_E2E_QA_Code/E2E-Evaluation/outputs/waymo_5neighbor_context_laneaware_clean_v1_part_39_51/shards/shard_000000,4572,test
64155,13,/Users/liuqing/Projects/01_E2E_QA_Code/E2E-Evaluation/outputs/waymo_5neighbor_context_laneaware_clean_v1_part_13_26/shards/shard_000004,1453,test
94708,20,/Users/liuqing/Projects/01_E2E_QA_Code/E2E-Evaluation/outputs/waymo_5neighbor_context_laneaware_clean_v1_part_26_39/shards/shard_000002,281,test
84632,18,/Users/liuqing/Projects/01_E2E_QA_Code/E2E-Evaluation/outputs/waymo_5neighbor_context_laneaware_clean_v1_part_26_39/shards/shard_000000,209,test
118488,24,/Users/liuqing/Projects/01_E2E_QA_Code/E2E-Evaluation/outputs/waymo_5neighbor_context_laneaware_clean_v1_part_26_39/shards/shard_000006,4040,test
64441,13,/Users/liuqing/Projects/01_E2E_QA_Code/E2E-Evaluation/outputs/waymo_5neighbor_context_laneaware_clean_v1_part_13_26/shards/shard_000004,1739,test
79957,16,/Users/liuqing/Projects/01_E2E_QA_Code/E2E-Evaluation/outputs/waymo_5neighbor_context_laneaware_clean_v1_part_13_26/shards/shard_000007,2236,test
142607,30,/Users/liuqing/Projects/01_E2E_QA_Code/E2E-Evaluation/outputs/waymo_5neighbor_context_laneaware_clean_v1_part_39_51/shards/shard_000003,1338,test
540,0,/Users/liuqing/Projects/01_E2E_QA_Code/E2E-Evaluation/outputs/waymo_5neighbor_context_laneaware_clean_v1_part_00_13/shards/shard_000000,540,test
106558,22,/Users/liuqing/Projects/01_E2E_QA_Code/E2E-Evaluation/outputs/waymo_5neighbor_context_laneaware_clean_v1_part_26_39/shards/shard_000004,2126,test
96806,20,/Users/liuqing/Projects/01_E2E_QA_Code/E2E-Evaluation/outputs/waymo_5neighbor_context_laneaware_clean_v1_part_26_39/shards/shard_000002,2379,test
121039,25,/Users/liuqing/Projects/01_E2E_QA_Code/E2E-Evaluation/outputs/waymo_5neighbor_context_laneaware_clean_v1_part_26_39/shards/shard_000007,1590,test
80573,16,/Users/liuqing/Projects/01_E2E_QA_Code/E2E-Evaluation/outputs/waymo_5neighbor_context_laneaware_clean_v1_part_13_26/shards/shard_000007,2852,test
132781,28,/Users/liuqing/Projects/01_E2E_QA_Code/E2E-Evaluation/outputs/waymo_5neighbor_context_laneaware_clean_v1_part_39_51/shards/shard_000001,1530,test
107091,22,/Users/liuqing/Projects/01_E2E_QA_Code/E2E-Evaluation/outputs/waymo_5neighbor_context_laneaware_clean_v1_part_26_39/shards/shard_000004,2659,test
71825,14,/Users/liuqing/Projects/01_E2E_QA_Code/E2E-Evaluation/outputs/waymo_5neighbor_context_laneaware_clean_v1_part_13_26/shards/shard_000005,4115,test
10655,2,/Users/liuqing/Projects/01_E2E_QA_Code/E2E-Evaluation/outputs/waymo_5neighbor_context_laneaware_clean_v1_part_00_13/shards/shard_000002,649,test
93568,19,/Users/liuqing/Projects/01_E2E_QA_Code/E2E-Evaluation/outputs/waymo_5neighbor_context_laneaware_clean_v1_part_26_39/shards/shard_000001,4141,test
27816,5,/Users/liuqing/Projects/01_E2E_QA_Code/E2E-Evaluation/outputs/waymo_5neighbor_context_laneaware_clean_v1_part_00_13/shards/shard_000005,2799,test
28794,5,/Users/liuqing/Projects/01_E2E_QA_Code/E2E-Evaluation/outputs/waymo_5neighbor_context_laneaware_clean_v1_part_00_13/shards/shard_000005,3777,test
154167,32,/Users/liuqing/Projects/01_E2E_QA_Code/E2E-Evaluation/outputs/waymo_5neighbor_context_laneaware_clean_v1_part_39_51/shards/shard_000005,2896,test
119700,25,/Users/liuqing/Projects/01_E2E_QA_Code/E2E-Evaluation/outputs/waymo_5neighbor_context_laneaware_clean_v1_part_26_39/shards/shard_000007,251,test
150131,31,/Users/liuqing/Projects/01_E2E_QA_Code/E2E-Evaluation/outputs/waymo_5neighbor_context_laneaware_clean_v1_part_39_51/shards/shard_000004,3861,test
160066,33,/Users/liuqing/Projects/01_E2E_QA_Code/E2E-Evaluation/outputs/waymo_5neighbor_context_laneaware_clean_v1_part_39_51/shards/shard_000006,3794,test
147951,31,/Users/liuqing/Projects/01_E2E_QA_Code/E2E-Evaluation/outputs/waymo_5neighbor_context_laneaware_clean_v1_part_39_51/shards/shard_000004,1681,test
154324,32,/Users/liuqing/Projects/01_E2E_QA_Code/E2E-Evaluation/outputs/waymo_5neighbor_context_laneaware_clean_v1_part_39_51/shards/shard_000005,3053,test
147514,31,/Users/liuqing/Projects/01_E2E_QA_Code/E2E-Evaluation/outputs/waymo_5neighbor_context_laneaware_clean_v1_part_39_51/shards/shard_000004,1244,test
18423,3,/Users/liuqing/Projects/01_E2E_QA_Code/E2E-Evaluation/outputs/waymo_5neighbor_context_laneaware_clean_v1_part_00_13/shards/shard_000003,3417,test
41219,8,/Users/liuqing/Projects/01_E2E_QA_Code/E2E-Evaluation/outputs/waymo_5neighbor_context_laneaware_clean_v1_part_00_13/shards/shard_000008,1191,test
89891,19,/Users/liuqing/Projects/01_E2E_QA_Code/E2E-Evaluation/outputs/waymo_5neighbor_context_laneaware_clean_v1_part_26_39/shards/shard_000001,464,test
113724,23,/Users/liuqing/Projects/01_E2E_QA_Code/E2E-Evaluation/outputs/waymo_5neighbor_context_laneaware_clean_v1_part_26_39/shards/shard_000005,4285,test
148183,31,/Users/liuqing/Projects/01_E2E_QA_Code/E2E-Evaluation/outputs/waymo_5neighbor_context_laneaware_clean_v1_part_39_51/shards/shard_000004,1913,test
56447,11,/Users/liuqing/Projects/01_E2E_QA_Code/E2E-Evaluation/outputs/waymo_5neighbor_context_laneaware_clean_v1_part_13_26/shards/shard_000002,3760,test
105505,22,/Users/liuqing/Projects/01_E2E_QA_Code/E2E-Evaluation/outputs/waymo_5neighbor_context_laneaware_clean_v1_part_26_39/shards/shard_000004,1073,test
118401,24,/Users/liuqing/Projects/01_E2E_QA_Code/E2E-Evaluation/outputs/waymo_5neighbor_context_laneaware_clean_v1_part_26_39/shards/shard_000006,3953,test
4432,0,/Users/liuqing/Projects/01_E2E_QA_Code/E2E-Evaluation/outputs/waymo_5neighbor_context_laneaware_clean_v1_part_00_13/shards/shard_000000,4432,test
81871,16,/Users/liuqing/Projects/01_E2E_QA_Code/E2E-Evaluation/outputs/waymo_5neighbor_context_laneaware_clean_v1_part_13_26/shards/shard_000007,4150,test
42874,9,/Users/liuqing/Projects/01_E2E_QA_Code/E2E-Evaluation/outputs/waymo_5neighbor_context_laneaware_clean_v1_part_13_26/shards/shard_000000,202,test
87280,18,/Users/liuqing/Projects/01_E2E_QA_Code/E2E-Evaluation/outputs/waymo_5neighbor_context_laneaware_clean_v1_part_26_39/shards/shard_000000,2857,test
146232,30,/Users/liuqing/Projects/01_E2E_QA_Code/E2E-Evaluation/outputs/waymo_5neighbor_context_laneaware_clean_v1_part_39_51/shards/shard_000003,4963,test
144143,30,/Users/liuqing/Projects/01_E2E_QA_Code/E2E-Evaluation/outputs/waymo_5neighbor_context_laneaware_clean_v1_part_39_51/shards/shard_000003,2874,test
145328,30,/Users/liuqing/Projects/01_E2E_QA_Code/E2E-Evaluation/outputs/waymo_5neighbor_context_laneaware_clean_v1_part_39_51/shards/shard_000003,4059,test
44791,9,/Users/liuqing/Projects/01_E2E_QA_Code/E2E-Evaluation/outputs/waymo_5neighbor_context_laneaware_clean_v1_part_13_26/shards/shard_000000,2119,test
138531,29,/Users/liuqing/Projects/01_E2E_QA_Code/E2E-Evaluation/outputs/waymo_5neighbor_context_laneaware_clean_v1_part_39_51/shards/shard_000002,2278,test
121827,25,/Users/liuqing/Projects/01_E2E_QA_Code/E2E-Evaluation/outputs/waymo_5neighbor_context_laneaware_clean_v1_part_26_39/shards/shard_000007,2378,test
67416,13,/Users/liuqing/Projects/01_E2E_QA_Code/E2E-Evaluation/outputs/waymo_5neighbor_context_laneaware_clean_v1_part_13_26/shards/shard_000004,4714,test
15145,3,/Users/liuqing/Projects/01_E2E_QA_Code/E2E-Evaluation/outputs/waymo_5neighbor_context_laneaware_clean_v1_part_00_13/shards/shard_000003,139,test
110021,23,/Users/liuqing/Projects/01_E2E_QA_Code/E2E-Evaluation/outputs/waymo_5neighbor_context_laneaware_clean_v1_part_26_39/shards/shard_000005,582,test
82435,16,/Users/liuqing/Projects/01_E2E_QA_Code/E2E-Evaluation/outputs/waymo_5neighbor_context_laneaware_clean_v1_part_13_26/shards/shard_000007,4714,test
43083,9,/Users/liuqing/Projects/01_E2E_QA_Code/E2E-Evaluation/outputs/waymo_5neighbor_context_laneaware_clean_v1_part_13_26/shards/shard_000000,411,test
28975,5,/Users/liuqing/Projects/01_E2E_QA_Code/E2E-Evaluation/outputs/waymo_5neighbor_context_laneaware_clean_v1_part_00_13/shards/shard_000005,3958,test
49835,10,/Users/liuqing/Projects/01_E2E_QA_Code/E2E-Evaluation/outputs/waymo_5neighbor_context_laneaware_clean_v1_part_13_26/shards/shard_000001,2150,test
62195,12,/Users/liuqing/Projects/01_E2E_QA_Code/E2E-Evaluation/outputs/waymo_5neighbor_context_laneaware_clean_v1_part_13_26/shards/shard_000003,4506,test
153278,32,/Users/liuqing/Projects/01_E2E_QA_Code/E2E-Evaluation/outputs/waymo_5neighbor_context_laneaware_clean_v1_part_39_51/shards/shard_000005,2007,test
127056,27,/Users/liuqing/Projects/01_E2E_QA_Code/E2E-Evaluation/outputs/waymo_5neighbor_context_laneaware_clean_v1_part_39_51/shards/shard_000000,806,test
114990,24,/Users/liuqing/Projects/01_E2E_QA_Code/E2E-Evaluation/outputs/waymo_5neighbor_context_laneaware_clean_v1_part_26_39/shards/shard_000006,542,test
26037,5,/Users/liuqing/Projects/01_E2E_QA_Code/E2E-Evaluation/outputs/waymo_5neighbor_context_laneaware_clean_v1_part_00_13/shards/shard_000005,1020,test
81067,16,/Users/liuqing/Projects/01_E2E_QA_Code/E2E-Evaluation/outputs/waymo_5neighbor_context_laneaware_clean_v1_part_13_26/shards/shard_000007,3346,test
164409,34,/Users/liuqing/Projects/01_E2E_QA_Code/E2E-Evaluation/outputs/waymo_5neighbor_context_laneaware_clean_v1_part_39_51/shards/shard_000007,3129,test
136745,29,/Users/liuqing/Projects/01_E2E_QA_Code/E2E-Evaluation/outputs/waymo_5neighbor_context_laneaware_clean_v1_part_39_51/shards/shard_000002,492,test
57834,12,/Users/liuqing/Projects/01_E2E_QA_Code/E2E-Evaluation/outputs/waymo_5neighbor_context_laneaware_clean_v1_part_13_26/shards/shard_000003,145,test
148357,31,/Users/liuqing/Projects/01_E2E_QA_Code/E2E-Evaluation/outputs/waymo_5neighbor_context_laneaware_clean_v1_part_39_51/shards/shard_000004,2087,test
44644,9,/Users/liuqing/Projects/01_E2E_QA_Code/E2E-Evaluation/outputs/waymo_5neighbor_context_laneaware_clean_v1_part_13_26/shards/shard_000000,1972,test
37321,7,/Users/liuqing/Projects/01_E2E_QA_Code/E2E-Evaluation/outputs/waymo_5neighbor_context_laneaware_clean_v1_part_00_13/shards/shard_000007,2302,test
51563,10,/Users/liuqing/Projects/01_E2E_QA_Code/E2E-Evaluation/outputs/waymo_5neighbor_context_laneaware_clean_v1_part_13_26/shards/shard_000001,3878,test
17144,3,/Users/liuqing/Projects/01_E2E_QA_Code/E2E-Evaluation/outputs/waymo_5neighbor_context_laneaware_clean_v1_part_00_13/shards/shard_000003,2138,test
81175,16,/Users/liuqing/Projects/01_E2E_QA_Code/E2E-Evaluation/outputs/waymo_5neighbor_context_laneaware_clean_v1_part_13_26/shards/shard_000007,3454,test
111410,23,/Users/liuqing/Projects/01_E2E_QA_Code/E2E-Evaluation/outputs/waymo_5neighbor_context_laneaware_clean_v1_part_26_39/shards/shard_000005,1971,test
12603,2,/Users/liuqing/Projects/01_E2E_QA_Code/E2E-Evaluation/outputs/waymo_5neighbor_context_laneaware_clean_v1_part_00_13/shards/shard_000002,2597,test
26485,5,/Users/liuqing/Projects/01_E2E_QA_Code/E2E-Evaluation/outputs/waymo_5neighbor_context_laneaware_clean_v1_part_00_13/shards/shard_000005,1468,test
10418,2,/Users/liuqing/Projects/01_E2E_QA_Code/E2E-Evaluation/outputs/waymo_5neighbor_context_laneaware_clean_v1_part_00_13/shards/shard_000002,412,test
146429,31,/Users/liuqing/Projects/01_E2E_QA_Code/E2E-Evaluation/outputs/waymo_5neighbor_context_laneaware_clean_v1_part_39_51/shards/shard_000004,159,test
43894,9,/Users/liuqing/Projects/01_E2E_QA_Code/E2E-Evaluation/outputs/waymo_5neighbor_context_laneaware_clean_v1_part_13_26/shards/shard_000000,1222,test
74399,15,/Users/liuqing/Projects/01_E2E_QA_Code/E2E-Evaluation/outputs/waymo_5neighbor_context_laneaware_clean_v1_part_13_26/shards/shard_000006,1678,test
146602,31,/Users/liuqing/Projects/01_E2E_QA_Code/E2E-Evaluation/outputs/waymo_5neighbor_context_laneaware_clean_v1_part_39_51/shards/shard_000004,332,test
137870,29,/Users/liuqing/Projects/01_E2E_QA_Code/E2E-Evaluation/outputs/waymo_5neighbor_context_laneaware_clean_v1_part_39_51/shards/shard_000002,1617,test
89453,19,/Users/liuqing/Projects/01_E2E_QA_Code/E2E-Evaluation/outputs/waymo_5neighbor_context_laneaware_clean_v1_part_26_39/shards/shard_000001,26,test
95310,20,/Users/liuqing/Projects/01_E2E_QA_Code/E2E-Evaluation/outputs/waymo_5neighbor_context_laneaware_clean_v1_part_26_39/shards/shard_000002,883,test
71655,14,/Users/liuqing/Projects/01_E2E_QA_Code/E2E-Evaluation/outputs/waymo_5neighbor_context_laneaware_clean_v1_part_13_26/shards/shard_000005,3945,test
74789,15,/Users/liuqing/Projects/01_E2E_QA_Code/E2E-Evaluation/outputs/waymo_5neighbor_context_laneaware_clean_v1_part_13_26/shards/shard_000006,2068,test
116150,24,/Users/liuqing/Projects/01_E2E_QA_Code/E2E-Evaluation/outputs/waymo_5neighbor_context_laneaware_clean_v1_part_26_39/shards/shard_000006,1702,test
121517,25,/Users/liuqing/Projects/01_E2E_QA_Code/E2E-Evaluation/outputs/waymo_5neighbor_context_laneaware_clean_v1_part_26_39/shards/shard_000007,2068,test
3665,0,/Users/liuqing/Projects/01_E2E_QA_Code/E2E-Evaluation/outputs/waymo_5neighbor_context_laneaware_clean_v1_part_00_13/shards/shard_000000,3665,test
164499,34,/Users/liuqing/Projects/01_E2E_QA_Code/E2E-Evaluation/outputs/waymo_5neighbor_context_laneaware_clean_v1_part_39_51/shards/shard_000007,3219,test
5410,1,/Users/liuqing/Projects/01_E2E_QA_Code/E2E-Evaluation/outputs/waymo_5neighbor_context_laneaware_clean_v1_part_00_13/shards/shard_000001,408,test
97253,20,/Users/liuqing/Projects/01_E2E_QA_Code/E2E-Evaluation/outputs/waymo_5neighbor_context_laneaware_clean_v1_part_26_39/shards/shard_000002,2826,test
59776,12,/Users/liuqing/Projects/01_E2E_QA_Code/E2E-Evaluation/outputs/waymo_5neighbor_context_laneaware_clean_v1_part_13_26/shards/shard_000003,2087,test
64198,13,/Users/liuqing/Projects/01_E2E_QA_Code/E2E-Evaluation/outputs/waymo_5neighbor_context_laneaware_clean_v1_part_13_26/shards/shard_000004,1496,test
141414,30,/Users/liuqing/Projects/01_E2E_QA_Code/E2E-Evaluation/outputs/waymo_5neighbor_context_laneaware_clean_v1_part_39_51/shards/shard_000003,145,test
112325,23,/Users/liuqing/Projects/01_E2E_QA_Code/E2E-Evaluation/outputs/waymo_5neighbor_context_laneaware_clean_v1_part_26_39/shards/shard_000005,2886,test
18612,3,/Users/liuqing/Projects/01_E2E_QA_Code/E2E-Evaluation/outputs/waymo_5neighbor_context_laneaware_clean_v1_part_00_13/shards/shard_000003,3606,test
136555,29,/Users/liuqing/Projects/01_E2E_QA_Code/E2E-Evaluation/outputs/waymo_5neighbor_context_laneaware_clean_v1_part_39_51/shards/shard_000002,302,test
71806,14,/Users/liuqing/Projects/01_E2E_QA_Code/E2E-Evaluation/outputs/waymo_5neighbor_context_laneaware_clean_v1_part_13_26/shards/shard_000005,4096,test
97785,20,/Users/liuqing/Projects/01_E2E_QA_Code/E2E-Evaluation/outputs/waymo_5neighbor_context_laneaware_clean_v1_part_26_39/shards/shard_000002,3358,test
90337,19,/Users/liuqing/Projects/01_E2E_QA_Code/E2E-Evaluation/outputs/waymo_5neighbor_context_laneaware_clean_v1_part_26_39/shards/shard_000001,910,test
66926,13,/Users/liuqing/Projects/01_E2E_QA_Code/E2E-Evaluation/outputs/waymo_5neighbor_context_laneaware_clean_v1_part_13_26/shards/shard_000004,4224,test
5071,1,/Users/liuqing/Projects/01_E2E_QA_Code/E2E-Evaluation/outputs/waymo_5neighbor_context_laneaware_clean_v1_part_00_13/shards/shard_000001,69,test
127014,27,/Users/liuqing/Projects/01_E2E_QA_Code/E2E-Evaluation/outputs/waymo_5neighbor_context_laneaware_clean_v1_part_39_51/shards/shard_000000,764,test
17925,3,/Users/liuqing/Projects/01_E2E_QA_Code/E2E-Evaluation/outputs/waymo_5neighbor_context_laneaware_clean_v1_part_00_13/shards/shard_000003,2919,test
17922,3,/Users/liuqing/Projects/01_E2E_QA_Code/E2E-Evaluation/outputs/waymo_5neighbor_context_laneaware_clean_v1_part_00_13/shards/shard_000003,2916,test
76592,15,/Users/liuqing/Projects/01_E2E_QA_Code/E2E-Evaluation/outputs/waymo_5neighbor_context_laneaware_clean_v1_part_13_26/shards/shard_000006,3871,test
29636,5,/Users/liuqing/Projects/01_E2E_QA_Code/E2E-Evaluation/outputs/waymo_5neighbor_context_laneaware_clean_v1_part_00_13/shards/shard_000005,4619,test
142492,30,/Users/liuqing/Projects/01_E2E_QA_Code/E2E-Evaluation/outputs/waymo_5neighbor_context_laneaware_clean_v1_part_39_51/shards/shard_000003,1223,test
51057,10,/Users/liuqing/Projects/01_E2E_QA_Code/E2E-Evaluation/outputs/waymo_5neighbor_context_laneaware_clean_v1_part_13_26/shards/shard_000001,3372,test
92570,19,/Users/liuqing/Projects/01_E2E_QA_Code/E2E-Evaluation/outputs/waymo_5neighbor_context_laneaware_clean_v1_part_26_39/shards/shard_000001,3143,test
122887,25,/Users/liuqing/Projects/01_E2E_QA_Code/E2E-Evaluation/outputs/waymo_5neighbor_context_laneaware_clean_v1_part_26_39/shards/shard_000007,3438,test
132165,28,/Users/liuqing/Projects/01_E2E_QA_Code/E2E-Evaluation/outputs/waymo_5neighbor_context_laneaware_clean_v1_part_39_51/shards/shard_000001,914,test
98708,20,/Users/liuqing/Projects/01_E2E_QA_Code/E2E-Evaluation/outputs/waymo_5neighbor_context_laneaware_clean_v1_part_26_39/shards/shard_000002,4281,test
134116,28,/Users/liuqing/Projects/01_E2E_QA_Code/E2E-Evaluation/outputs/waymo_5neighbor_context_laneaware_clean_v1_part_39_51/shards/shard_000001,2865,test
86568,18,/Users/liuqing/Projects/01_E2E_QA_Code/E2E-Evaluation/outputs/waymo_5neighbor_context_laneaware_clean_v1_part_26_39/shards/shard_000000,2145,test
74059,15,/Users/liuqing/Projects/01_E2E_QA_Code/E2E-Evaluation/outputs/waymo_5neighbor_context_laneaware_clean_v1_part_13_26/shards/shard_000006,1338,test
127141,27,/Users/liuqing/Projects/01_E2E_QA_Code/E2E-Evaluation/outputs/waymo_5neighbor_context_laneaware_clean_v1_part_39_51/shards/shard_000000,891,test
39190,7,/Users/liuqing/Projects/01_E2E_QA_Code/E2E-Evaluation/outputs/waymo_5neighbor_context_laneaware_clean_v1_part_00_13/shards/shard_000007,4171,test
92742,19,/Users/liuqing/Projects/01_E2E_QA_Code/E2E-Evaluation/outputs/waymo_5neighbor_context_laneaware_clean_v1_part_26_39/shards/shard_000001,3315,test
59771,12,/Users/liuqing/Projects/01_E2E_QA_Code/E2E-Evaluation/outputs/waymo_5neighbor_context_laneaware_clean_v1_part_13_26/shards/shard_000003,2082,test
6638,1,/Users/liuqing/Projects/01_E2E_QA_Code/E2E-Evaluation/outputs/waymo_5neighbor_context_laneaware_clean_v1_part_00_13/shards/shard_000001,1636,test
136855,29,/Users/liuqing/Projects/01_E2E_QA_Code/E2E-Evaluation/outputs/waymo_5neighbor_context_laneaware_clean_v1_part_39_51/shards/shard_000002,602,test
10405,2,/Users/liuqing/Projects/01_E2E_QA_Code/E2E-Evaluation/outputs/waymo_5neighbor_context_laneaware_clean_v1_part_00_13/shards/shard_000002,399,test
18069,3,/Users/liuqing/Projects/01_E2E_QA_Code/E2E-Evaluation/outputs/waymo_5neighbor_context_laneaware_clean_v1_part_00_13/shards/shard_000003,3063,test
64170,13,/Users/liuqing/Projects/01_E2E_QA_Code/E2E-Evaluation/outputs/waymo_5neighbor_context_laneaware_clean_v1_part_13_26/shards/shard_000004,1468,test
83239,17,/Users/liuqing/Projects/01_E2E_QA_Code/E2E-Evaluation/outputs/waymo_5neighbor_context_laneaware_clean_v1_part_13_26/shards/shard_000008,509,test
42372,8,/Users/liuqing/Projects/01_E2E_QA_Code/E2E-Evaluation/outputs/waymo_5neighbor_context_laneaware_clean_v1_part_00_13/shards/shard_000008,2344,test
131847,28,/Users/liuqing/Projects/01_E2E_QA_Code/E2E-Evaluation/outputs/waymo_5neighbor_context_laneaware_clean_v1_part_39_51/shards/shard_000001,596,test
84160,17,/Users/liuqing/Projects/01_E2E_QA_Code/E2E-Evaluation/outputs/waymo_5neighbor_context_laneaware_clean_v1_part_13_26/shards/shard_000008,1430,test
29071,5,/Users/liuqing/Projects/01_E2E_QA_Code/E2E-Evaluation/outputs/waymo_5neighbor_context_laneaware_clean_v1_part_00_13/shards/shard_000005,4054,test
150631,31,/Users/liuqing/Projects/01_E2E_QA_Code/E2E-Evaluation/outputs/waymo_5neighbor_context_laneaware_clean_v1_part_39_51/shards/shard_000004,4361,test
155897,32,/Users/liuqing/Projects/01_E2E_QA_Code/E2E-Evaluation/outputs/waymo_5neighbor_context_laneaware_clean_v1_part_39_51/shards/shard_000005,4626,test
47085,9,/Users/liuqing/Projects/01_E2E_QA_Code/E2E-Evaluation/outputs/waymo_5neighbor_context_laneaware_clean_v1_part_13_26/shards/shard_000000,4413,test
54159,11,/Users/liuqing/Projects/01_E2E_QA_Code/E2E-Evaluation/outputs/waymo_5neighbor_context_laneaware_clean_v1_part_13_26/shards/shard_000002,1472,test
116353,24,/Users/liuqing/Projects/01_E2E_QA_Code/E2E-Evaluation/outputs/waymo_5neighbor_context_laneaware_clean_v1_part_26_39/shards/shard_000006,1905,test
148580,31,/Users/liuqing/Projects/01_E2E_QA_Code/E2E-Evaluation/outputs/waymo_5neighbor_context_laneaware_clean_v1_part_39_51/shards/shard_000004,2310,test
83043,17,/Users/liuqing/Projects/01_E2E_QA_Code/E2E-Evaluation/outputs/waymo_5neighbor_context_laneaware_clean_v1_part_13_26/shards/shard_000008,313,test
95648,20,/Users/liuqing/Projects/01_E2E_QA_Code/E2E-Evaluation/outputs/waymo_5neighbor_context_laneaware_clean_v1_part_26_39/shards/shard_000002,1221,test
6487,1,/Users/liuqing/Projects/01_E2E_QA_Code/E2E-Evaluation/outputs/waymo_5neighbor_context_laneaware_clean_v1_part_00_13/shards/shard_000001,1485,test
119883,25,/Users/liuqing/Projects/01_E2E_QA_Code/E2E-Evaluation/outputs/waymo_5neighbor_context_laneaware_clean_v1_part_26_39/shards/shard_000007,434,test
79097,16,/Users/liuqing/Projects/01_E2E_QA_Code/E2E-Evaluation/outputs/waymo_5neighbor_context_laneaware_clean_v1_part_13_26/shards/shard_000007,1376,test
13098,2,/Users/liuqing/Projects/01_E2E_QA_Code/E2E-Evaluation/outputs/waymo_5neighbor_context_laneaware_clean_v1_part_00_13/shards/shard_000002,3092,test
150938,31,/Users/liuqing/Projects/01_E2E_QA_Code/E2E-Evaluation/outputs/waymo_5neighbor_context_laneaware_clean_v1_part_39_51/shards/shard_000004,4668,test
135439,28,/Users/liuqing/Projects/01_E2E_QA_Code/E2E-Evaluation/outputs/waymo_5neighbor_context_laneaware_clean_v1_part_39_51/shards/shard_000001,4188,test
102891,21,/Users/liuqing/Projects/01_E2E_QA_Code/E2E-Evaluation/outputs/waymo_5neighbor_context_laneaware_clean_v1_part_26_39/shards/shard_000003,3460,test
34702,6,/Users/liuqing/Projects/01_E2E_QA_Code/E2E-Evaluation/outputs/waymo_5neighbor_context_laneaware_clean_v1_part_00_13/shards/shard_000006,4684,test
133835,28,/Users/liuqing/Projects/01_E2E_QA_Code/E2E-Evaluation/outputs/waymo_5neighbor_context_laneaware_clean_v1_part_39_51/shards/shard_000001,2584,test
144670,30,/Users/liuqing/Projects/01_E2E_QA_Code/E2E-Evaluation/outputs/waymo_5neighbor_context_laneaware_clean_v1_part_39_51/shards/shard_000003,3401,test
111686,23,/Users/liuqing/Projects/01_E2E_QA_Code/E2E-Evaluation/outputs/waymo_5neighbor_context_laneaware_clean_v1_part_26_39/shards/shard_000005,2247,test
79888,16,/Users/liuqing/Projects/01_E2E_QA_Code/E2E-Evaluation/outputs/waymo_5neighbor_context_laneaware_clean_v1_part_13_26/shards/shard_000007,2167,test
128321,27,/Users/liuqing/Projects/01_E2E_QA_Code/E2E-Evaluation/outputs/waymo_5neighbor_context_laneaware_clean_v1_part_39_51/shards/shard_000000,2071,test
119916,25,/Users/liuqing/Projects/01_E2E_QA_Code/E2E-Evaluation/outputs/waymo_5neighbor_context_laneaware_clean_v1_part_26_39/shards/shard_000007,467,test
38907,7,/Users/liuqing/Projects/01_E2E_QA_Code/E2E-Evaluation/outputs/waymo_5neighbor_context_laneaware_clean_v1_part_00_13/shards/shard_000007,3888,test
156858,33,/Users/liuqing/Projects/01_E2E_QA_Code/E2E-Evaluation/outputs/waymo_5neighbor_context_laneaware_clean_v1_part_39_51/shards/shard_000006,586,test
51788,10,/Users/liuqing/Projects/01_E2E_QA_Code/E2E-Evaluation/outputs/waymo_5neighbor_context_laneaware_clean_v1_part_13_26/shards/shard_000001,4103,test
135646,28,/Users/liuqing/Projects/01_E2E_QA_Code/E2E-Evaluation/outputs/waymo_5neighbor_context_laneaware_clean_v1_part_39_51/shards/shard_000001,4395,test
127777,27,/Users/liuqing/Projects/01_E2E_QA_Code/E2E-Evaluation/outputs/waymo_5neighbor_context_laneaware_clean_v1_part_39_51/shards/shard_000000,1527,test
105039,22,/Users/liuqing/Projects/01_E2E_QA_Code/E2E-Evaluation/outputs/waymo_5neighbor_context_laneaware_clean_v1_part_26_39/shards/shard_000004,607,test
121818,25,/Users/liuqing/Projects/01_E2E_QA_Code/E2E-Evaluation/outputs/waymo_5neighbor_context_laneaware_clean_v1_part_26_39/shards/shard_000007,2369,test
160065,33,/Users/liuqing/Projects/01_E2E_QA_Code/E2E-Evaluation/outputs/waymo_5neighbor_context_laneaware_clean_v1_part_39_51/shards/shard_000006,3793,test
83244,17,/Users/liuqing/Projects/01_E2E_QA_Code/E2E-Evaluation/outputs/waymo_5neighbor_context_laneaware_clean_v1_part_13_26/shards/shard_000008,514,test
159006,33,/Users/liuqing/Projects/01_E2E_QA_Code/E2E-Evaluation/outputs/waymo_5neighbor_context_laneaware_clean_v1_part_39_51/shards/shard_000006,2734,test
66359,13,/Users/liuqing/Projects/01_E2E_QA_Code/E2E-Evaluation/outputs/waymo_5neighbor_context_laneaware_clean_v1_part_13_26/shards/shard_000004,3657,test
90753,19,/Users/liuqing/Projects/01_E2E_QA_Code/E2E-Evaluation/outputs/waymo_5neighbor_context_laneaware_clean_v1_part_26_39/shards/shard_000001,1326,test
97238,20,/Users/liuqing/Projects/01_E2E_QA_Code/E2E-Evaluation/outputs/waymo_5neighbor_context_laneaware_clean_v1_part_26_39/shards/shard_000002,2811,test
76986,15,/Users/liuqing/Projects/01_E2E_QA_Code/E2E-Evaluation/outputs/waymo_5neighbor_context_laneaware_clean_v1_part_13_26/shards/shard_000006,4265,test
69943,14,/Users/liuqing/Projects/01_E2E_QA_Code/E2E-Evaluation/outputs/waymo_5neighbor_context_laneaware_clean_v1_part_13_26/shards/shard_000005,2233,test
34725,6,/Users/liuqing/Projects/01_E2E_QA_Code/E2E-Evaluation/outputs/waymo_5neighbor_context_laneaware_clean_v1_part_00_13/shards/shard_000006,4707,test
85255,18,/Users/liuqing/Projects/01_E2E_QA_Code/E2E-Evaluation/outputs/waymo_5neighbor_context_laneaware_clean_v1_part_26_39/shards/shard_000000,832,test
99106,20,/Users/liuqing/Projects/01_E2E_QA_Code/E2E-Evaluation/outputs/waymo_5neighbor_context_laneaware_clean_v1_part_26_39/shards/shard_000002,4679,test
97707,20,/Users/liuqing/Projects/01_E2E_QA_Code/E2E-Evaluation/outputs/waymo_5neighbor_context_laneaware_clean_v1_part_26_39/shards/shard_000002,3280,test
58099,12,/Users/liuqing/Projects/01_E2E_QA_Code/E2E-Evaluation/outputs/waymo_5neighbor_context_laneaware_clean_v1_part_13_26/shards/shard_000003,410,test
34686,6,/Users/liuqing/Projects/01_E2E_QA_Code/E2E-Evaluation/outputs/waymo_5neighbor_context_laneaware_clean_v1_part_00_13/shards/shard_000006,4668,test
30326,6,/Users/liuqing/Projects/01_E2E_QA_Code/E2E-Evaluation/outputs/waymo_5neighbor_context_laneaware_clean_v1_part_00_13/shards/shard_000006,308,test
64164,13,/Users/liuqing/Projects/01_E2E_QA_Code/E2E-Evaluation/outputs/waymo_5neighbor_context_laneaware_clean_v1_part_13_26/shards/shard_000004,1462,test
42258,8,/Users/liuqing/Projects/01_E2E_QA_Code/E2E-Evaluation/outputs/waymo_5neighbor_context_laneaware_clean_v1_part_00_13/shards/shard_000008,2230,test
18599,3,/Users/liuqing/Projects/01_E2E_QA_Code/E2E-Evaluation/outputs/waymo_5neighbor_context_laneaware_clean_v1_part_00_13/shards/shard_000003,3593,test
49036,10,/Users/liuqing/Projects/01_E2E_QA_Code/E2E-Evaluation/outputs/waymo_5neighbor_context_laneaware_clean_v1_part_13_26/shards/shard_000001,1351,test
133015,28,/Users/liuqing/Projects/01_E2E_QA_Code/E2E-Evaluation/outputs/waymo_5neighbor_context_laneaware_clean_v1_part_39_51/shards/shard_000001,1764,test
134121,28,/Users/liuqing/Projects/01_E2E_QA_Code/E2E-Evaluation/outputs/waymo_5neighbor_context_laneaware_clean_v1_part_39_51/shards/shard_000001,2870,test
148153,31,/Users/liuqing/Projects/01_E2E_QA_Code/E2E-Evaluation/outputs/waymo_5neighbor_context_laneaware_clean_v1_part_39_51/shards/shard_000004,1883,test
144190,30,/Users/liuqing/Projects/01_E2E_QA_Code/E2E-Evaluation/outputs/waymo_5neighbor_context_laneaware_clean_v1_part_39_51/shards/shard_000003,2921,test
76784,15,/Users/liuqing/Projects/01_E2E_QA_Code/E2E-Evaluation/outputs/waymo_5neighbor_context_laneaware_clean_v1_part_13_26/shards/shard_000006,4063,test
15105,3,/Users/liuqing/Projects/01_E2E_QA_Code/E2E-Evaluation/outputs/waymo_5neighbor_context_laneaware_clean_v1_part_00_13/shards/shard_000003,99,test
111952,23,/Users/liuqing/Projects/01_E2E_QA_Code/E2E-Evaluation/outputs/waymo_5neighbor_context_laneaware_clean_v1_part_26_39/shards/shard_000005,2513,test
89670,19,/Users/liuqing/Projects/01_E2E_QA_Code/E2E-Evaluation/outputs/waymo_5neighbor_context_laneaware_clean_v1_part_26_39/shards/shard_000001,243,test
74796,15,/Users/liuqing/Projects/01_E2E_QA_Code/E2E-Evaluation/outputs/waymo_5neighbor_context_laneaware_clean_v1_part_13_26/shards/shard_000006,2075,test
25453,5,/Users/liuqing/Projects/01_E2E_QA_Code/E2E-Evaluation/outputs/waymo_5neighbor_context_laneaware_clean_v1_part_00_13/shards/shard_000005,436,test
132603,28,/Users/liuqing/Projects/01_E2E_QA_Code/E2E-Evaluation/outputs/waymo_5neighbor_context_laneaware_clean_v1_part_39_51/shards/shard_000001,1352,test
44931,9,/Users/liuqing/Projects/01_E2E_QA_Code/E2E-Evaluation/outputs/waymo_5neighbor_context_laneaware_clean_v1_part_13_26/shards/shard_000000,2259,test
5470,1,/Users/liuqing/Projects/01_E2E_QA_Code/E2E-Evaluation/outputs/waymo_5neighbor_context_laneaware_clean_v1_part_00_13/shards/shard_000001,468,test
69387,14,/Users/liuqing/Projects/01_E2E_QA_Code/E2E-Evaluation/outputs/waymo_5neighbor_context_laneaware_clean_v1_part_13_26/shards/shard_000005,1677,test
23964,4,/Users/liuqing/Projects/01_E2E_QA_Code/E2E-Evaluation/outputs/waymo_5neighbor_context_laneaware_clean_v1_part_00_13/shards/shard_000004,3958,test
102648,21,/Users/liuqing/Projects/01_E2E_QA_Code/E2E-Evaluation/outputs/waymo_5neighbor_context_laneaware_clean_v1_part_26_39/shards/shard_000003,3217,test
126556,27,/Users/liuqing/Projects/01_E2E_QA_Code/E2E-Evaluation/outputs/waymo_5neighbor_context_laneaware_clean_v1_part_39_51/shards/shard_000000,306,test
98706,20,/Users/liuqing/Projects/01_E2E_QA_Code/E2E-Evaluation/outputs/waymo_5neighbor_context_laneaware_clean_v1_part_26_39/shards/shard_000002,4279,test
37644,7,/Users/liuqing/Projects/01_E2E_QA_Code/E2E-Evaluation/outputs/waymo_5neighbor_context_laneaware_clean_v1_part_00_13/shards/shard_000007,2625,test
38318,7,/Users/liuqing/Projects/01_E2E_QA_Code/E2E-Evaluation/outputs/waymo_5neighbor_context_laneaware_clean_v1_part_00_13/shards/shard_000007,3299,test
3679,0,/Users/liuqing/Projects/01_E2E_QA_Code/E2E-Evaluation/outputs/waymo_5neighbor_context_laneaware_clean_v1_part_00_13/shards/shard_000000,3679,test
90298,19,/Users/liuqing/Projects/01_E2E_QA_Code/E2E-Evaluation/outputs/waymo_5neighbor_context_laneaware_clean_v1_part_26_39/shards/shard_000001,871,test
135992,28,/Users/liuqing/Projects/01_E2E_QA_Code/E2E-Evaluation/outputs/waymo_5neighbor_context_laneaware_clean_v1_part_39_51/shards/shard_000001,4741,test
93874,19,/Users/liuqing/Projects/01_E2E_QA_Code/E2E-Evaluation/outputs/waymo_5neighbor_context_laneaware_clean_v1_part_26_39/shards/shard_000001,4447,test
78830,16,/Users/liuqing/Projects/01_E2E_QA_Code/E2E-Evaluation/outputs/waymo_5neighbor_context_laneaware_clean_v1_part_13_26/shards/shard_000007,1109,test
79425,16,/Users/liuqing/Projects/01_E2E_QA_Code/E2E-Evaluation/outputs/waymo_5neighbor_context_laneaware_clean_v1_part_13_26/shards/shard_000007,1704,test
6344,1,/Users/liuqing/Projects/01_E2E_QA_Code/E2E-Evaluation/outputs/waymo_5neighbor_context_laneaware_clean_v1_part_00_13/shards/shard_000001,1342,test
64210,13,/Users/liuqing/Projects/01_E2E_QA_Code/E2E-Evaluation/outputs/waymo_5neighbor_context_laneaware_clean_v1_part_13_26/shards/shard_000004,1508,test
54810,11,/Users/liuqing/Projects/01_E2E_QA_Code/E2E-Evaluation/outputs/waymo_5neighbor_context_laneaware_clean_v1_part_13_26/shards/shard_000002,2123,test
4860,0,/Users/liuqing/Projects/01_E2E_QA_Code/E2E-Evaluation/outputs/waymo_5neighbor_context_laneaware_clean_v1_part_00_13/shards/shard_000000,4860,test
118404,24,/Users/liuqing/Projects/01_E2E_QA_Code/E2E-Evaluation/outputs/waymo_5neighbor_context_laneaware_clean_v1_part_26_39/shards/shard_000006,3956,test
95094,20,/Users/liuqing/Projects/01_E2E_QA_Code/E2E-Evaluation/outputs/waymo_5neighbor_context_laneaware_clean_v1_part_26_39/shards/shard_000002,667,test
124185,25,/Users/liuqing/Projects/01_E2E_QA_Code/E2E-Evaluation/outputs/waymo_5neighbor_context_laneaware_clean_v1_part_26_39/shards/shard_000007,4736,test
83252,17,/Users/liuqing/Projects/01_E2E_QA_Code/E2E-Evaluation/outputs/waymo_5neighbor_context_laneaware_clean_v1_part_13_26/shards/shard_000008,522,test
115470,24,/Users/liuqing/Projects/01_E2E_QA_Code/E2E-Evaluation/outputs/waymo_5neighbor_context_laneaware_clean_v1_part_26_39/shards/shard_000006,1022,test
52800,11,/Users/liuqing/Projects/01_E2E_QA_Code/E2E-Evaluation/outputs/waymo_5neighbor_context_laneaware_clean_v1_part_13_26/shards/shard_000002,113,test
86771,18,/Users/liuqing/Projects/01_E2E_QA_Code/E2E-Evaluation/outputs/waymo_5neighbor_context_laneaware_clean_v1_part_26_39/shards/shard_000000,2348,test
37052,7,/Users/liuqing/Projects/01_E2E_QA_Code/E2E-Evaluation/outputs/waymo_5neighbor_context_laneaware_clean_v1_part_00_13/shards/shard_000007,2033,test
87996,18,/Users/liuqing/Projects/01_E2E_QA_Code/E2E-Evaluation/outputs/waymo_5neighbor_context_laneaware_clean_v1_part_26_39/shards/shard_000000,3573,test
55861,11,/Users/liuqing/Projects/01_E2E_QA_Code/E2E-Evaluation/outputs/waymo_5neighbor_context_laneaware_clean_v1_part_13_26/shards/shard_000002,3174,test
14317,2,/Users/liuqing/Projects/01_E2E_QA_Code/E2E-Evaluation/outputs/waymo_5neighbor_context_laneaware_clean_v1_part_00_13/shards/shard_000002,4311,test
12538,2,/Users/liuqing/Projects/01_E2E_QA_Code/E2E-Evaluation/outputs/waymo_5neighbor_context_laneaware_clean_v1_part_00_13/shards/shard_000002,2532,test
53703,11,/Users/liuqing/Projects/01_E2E_QA_Code/E2E-Evaluation/outputs/waymo_5neighbor_context_laneaware_clean_v1_part_13_26/shards/shard_000002,1016,test
73806,15,/Users/liuqing/Projects/01_E2E_QA_Code/E2E-Evaluation/outputs/waymo_5neighbor_context_laneaware_clean_v1_part_13_26/shards/shard_000006,1085,test
94545,20,/Users/liuqing/Projects/01_E2E_QA_Code/E2E-Evaluation/outputs/waymo_5neighbor_context_laneaware_clean_v1_part_26_39/shards/shard_000002,118,test
115207,24,/Users/liuqing/Projects/01_E2E_QA_Code/E2E-Evaluation/outputs/waymo_5neighbor_context_laneaware_clean_v1_part_26_39/shards/shard_000006,759,test
79366,16,/Users/liuqing/Projects/01_E2E_QA_Code/E2E-Evaluation/outputs/waymo_5neighbor_context_laneaware_clean_v1_part_13_26/shards/shard_000007,1645,test
98638,20,/Users/liuqing/Projects/01_E2E_QA_Code/E2E-Evaluation/outputs/waymo_5neighbor_context_laneaware_clean_v1_part_26_39/shards/shard_000002,4211,test
15762,3,/Users/liuqing/Projects/01_E2E_QA_Code/E2E-Evaluation/outputs/waymo_5neighbor_context_laneaware_clean_v1_part_00_13/shards/shard_000003,756,test
89875,19,/Users/liuqing/Projects/01_E2E_QA_Code/E2E-Evaluation/outputs/waymo_5neighbor_context_laneaware_clean_v1_part_26_39/shards/shard_000001,448,test
57042,11,/Users/liuqing/Projects/01_E2E_QA_Code/E2E-Evaluation/outputs/waymo_5neighbor_context_laneaware_clean_v1_part_13_26/shards/shard_000002,4355,test
100020,21,/Users/liuqing/Projects/01_E2E_QA_Code/E2E-Evaluation/outputs/waymo_5neighbor_context_laneaware_clean_v1_part_26_39/shards/shard_000003,589,test
42105,8,/Users/liuqing/Projects/01_E2E_QA_Code/E2E-Evaluation/outputs/waymo_5neighbor_context_laneaware_clean_v1_part_00_13/shards/shard_000008,2077,test
19888,3,/Users/liuqing/Projects/01_E2E_QA_Code/E2E-Evaluation/outputs/waymo_5neighbor_context_laneaware_clean_v1_part_00_13/shards/shard_000003,4882,test
39657,7,/Users/liuqing/Projects/01_E2E_QA_Code/E2E-Evaluation/outputs/waymo_5neighbor_context_laneaware_clean_v1_part_00_13/shards/shard_000007,4638,test
78455,16,/Users/liuqing/Projects/01_E2E_QA_Code/E2E-Evaluation/outputs/waymo_5neighbor_context_laneaware_clean_v1_part_13_26/shards/shard_000007,734,test
154740,32,/Users/liuqing/Projects/01_E2E_QA_Code/E2E-Evaluation/outputs/waymo_5neighbor_context_laneaware_clean_v1_part_39_51/shards/shard_000005,3469,test
95646,20,/Users/liuqing/Projects/01_E2E_QA_Code/E2E-Evaluation/outputs/waymo_5neighbor_context_laneaware_clean_v1_part_26_39/shards/shard_000002,1219,test
58321,12,/Users/liuqing/Projects/01_E2E_QA_Code/E2E-Evaluation/outputs/waymo_5neighbor_context_laneaware_clean_v1_part_13_26/shards/shard_000003,632,test
34600,6,/Users/liuqing/Projects/01_E2E_QA_Code/E2E-Evaluation/outputs/waymo_5neighbor_context_laneaware_clean_v1_part_00_13/shards/shard_000006,4582,test
38615,7,/Users/liuqing/Projects/01_E2E_QA_Code/E2E-Evaluation/outputs/waymo_5neighbor_context_laneaware_clean_v1_part_00_13/shards/shard_000007,3596,test
95723,20,/Users/liuqing/Projects/01_E2E_QA_Code/E2E-Evaluation/outputs/waymo_5neighbor_context_laneaware_clean_v1_part_26_39/shards/shard_000002,1296,test
131061,27,/Users/liuqing/Projects/01_E2E_QA_Code/E2E-Evaluation/outputs/waymo_5neighbor_context_laneaware_clean_v1_part_39_51/shards/shard_000000,4811,test
156316,33,/Users/liuqing/Projects/01_E2E_QA_Code/E2E-Evaluation/outputs/waymo_5neighbor_context_laneaware_clean_v1_part_39_51/shards/shard_000006,44,test
23927,4,/Users/liuqing/Projects/01_E2E_QA_Code/E2E-Evaluation/outputs/waymo_5neighbor_context_laneaware_clean_v1_part_00_13/shards/shard_000004,3921,test
45895,9,/Users/liuqing/Projects/01_E2E_QA_Code/E2E-Evaluation/outputs/waymo_5neighbor_context_laneaware_clean_v1_part_13_26/shards/shard_000000,3223,test
17994,3,/Users/liuqing/Projects/01_E2E_QA_Code/E2E-Evaluation/outputs/waymo_5neighbor_context_laneaware_clean_v1_part_00_13/shards/shard_000003,2988,test
127063,27,/Users/liuqing/Projects/01_E2E_QA_Code/E2E-Evaluation/outputs/waymo_5neighbor_context_laneaware_clean_v1_part_39_51/shards/shard_000000,813,test
126385,27,/Users/liuqing/Projects/01_E2E_QA_Code/E2E-Evaluation/outputs/waymo_5neighbor_context_laneaware_clean_v1_part_39_51/shards/shard_000000,135,test
718,0,/Users/liuqing/Projects/01_E2E_QA_Code/E2E-Evaluation/outputs/waymo_5neighbor_context_laneaware_clean_v1_part_00_13/shards/shard_000000,718,test
115142,24,/Users/liuqing/Projects/01_E2E_QA_Code/E2E-Evaluation/outputs/waymo_5neighbor_context_laneaware_clean_v1_part_26_39/shards/shard_000006,694,test
116888,24,/Users/liuqing/Projects/01_E2E_QA_Code/E2E-Evaluation/outputs/waymo_5neighbor_context_laneaware_clean_v1_part_26_39/shards/shard_000006,2440,test
67414,13,/Users/liuqing/Projects/01_E2E_QA_Code/E2E-Evaluation/outputs/waymo_5neighbor_context_laneaware_clean_v1_part_13_26/shards/shard_000004,4712,test
17172,3,/Users/liuqing/Projects/01_E2E_QA_Code/E2E-Evaluation/outputs/waymo_5neighbor_context_laneaware_clean_v1_part_00_13/shards/shard_000003,2166,test
114481,24,/Users/liuqing/Projects/01_E2E_QA_Code/E2E-Evaluation/outputs/waymo_5neighbor_context_laneaware_clean_v1_part_26_39/shards/shard_000006,33,test
150324,31,/Users/liuqing/Projects/01_E2E_QA_Code/E2E-Evaluation/outputs/waymo_5neighbor_context_laneaware_clean_v1_part_39_51/shards/shard_000004,4054,test
145900,30,/Users/liuqing/Projects/01_E2E_QA_Code/E2E-Evaluation/outputs/waymo_5neighbor_context_laneaware_clean_v1_part_39_51/shards/shard_000003,4631,test
123974,25,/Users/liuqing/Projects/01_E2E_QA_Code/E2E-Evaluation/outputs/waymo_5neighbor_context_laneaware_clean_v1_part_26_39/shards/shard_000007,4525,test
9171,1,/Users/liuqing/Projects/01_E2E_QA_Code/E2E-Evaluation/outputs/waymo_5neighbor_context_laneaware_clean_v1_part_00_13/shards/shard_000001,4169,test
91394,19,/Users/liuqing/Projects/01_E2E_QA_Code/E2E-Evaluation/outputs/waymo_5neighbor_context_laneaware_clean_v1_part_26_39/shards/shard_000001,1967,test
141289,30,/Users/liuqing/Projects/01_E2E_QA_Code/E2E-Evaluation/outputs/waymo_5neighbor_context_laneaware_clean_v1_part_39_51/shards/shard_000003,20,test
104097,21,/Users/liuqing/Projects/01_E2E_QA_Code/E2E-Evaluation/outputs/waymo_5neighbor_context_laneaware_clean_v1_part_26_39/shards/shard_000003,4666,test
4865,0,/Users/liuqing/Projects/01_E2E_QA_Code/E2E-Evaluation/outputs/waymo_5neighbor_context_laneaware_clean_v1_part_00_13/shards/shard_000000,4865,test
95724,20,/Users/liuqing/Projects/01_E2E_QA_Code/E2E-Evaluation/outputs/waymo_5neighbor_context_laneaware_clean_v1_part_26_39/shards/shard_000002,1297,test
77438,15,/Users/liuqing/Projects/01_E2E_QA_Code/E2E-Evaluation/outputs/waymo_5neighbor_context_laneaware_clean_v1_part_13_26/shards/shard_000006,4717,test
28106,5,/Users/liuqing/Projects/01_E2E_QA_Code/E2E-Evaluation/outputs/waymo_5neighbor_context_laneaware_clean_v1_part_00_13/shards/shard_000005,3089,test
111202,23,/Users/liuqing/Projects/01_E2E_QA_Code/E2E-Evaluation/outputs/waymo_5neighbor_context_laneaware_clean_v1_part_26_39/shards/shard_000005,1763,test
101154,21,/Users/liuqing/Projects/01_E2E_QA_Code/E2E-Evaluation/outputs/waymo_5neighbor_context_laneaware_clean_v1_part_26_39/shards/shard_000003,1723,test
14172,2,/Users/liuqing/Projects/01_E2E_QA_Code/E2E-Evaluation/outputs/waymo_5neighbor_context_laneaware_clean_v1_part_00_13/shards/shard_000002,4166,test
93248,19,/Users/liuqing/Projects/01_E2E_QA_Code/E2E-Evaluation/outputs/waymo_5neighbor_context_laneaware_clean_v1_part_26_39/shards/shard_000001,3821,test
98628,20,/Users/liuqing/Projects/01_E2E_QA_Code/E2E-Evaluation/outputs/waymo_5neighbor_context_laneaware_clean_v1_part_26_39/shards/shard_000002,4201,test
163282,34,/Users/liuqing/Projects/01_E2E_QA_Code/E2E-Evaluation/outputs/waymo_5neighbor_context_laneaware_clean_v1_part_39_51/shards/shard_000007,2002,test
35057,7,/Users/liuqing/Projects/01_E2E_QA_Code/E2E-Evaluation/outputs/waymo_5neighbor_context_laneaware_clean_v1_part_00_13/shards/shard_000007,38,test
144193,30,/Users/liuqing/Projects/01_E2E_QA_Code/E2E-Evaluation/outputs/waymo_5neighbor_context_laneaware_clean_v1_part_39_51/shards/shard_000003,2924,test
56359,11,/Users/liuqing/Projects/01_E2E_QA_Code/E2E-Evaluation/outputs/waymo_5neighbor_context_laneaware_clean_v1_part_13_26/shards/shard_000002,3672,test
62946,13,/Users/liuqing/Projects/01_E2E_QA_Code/E2E-Evaluation/outputs/waymo_5neighbor_context_laneaware_clean_v1_part_13_26/shards/shard_000004,244,test
17363,3,/Users/liuqing/Projects/01_E2E_QA_Code/E2E-Evaluation/outputs/waymo_5neighbor_context_laneaware_clean_v1_part_00_13/shards/shard_000003,2357,test
4433,0,/Users/liuqing/Projects/01_E2E_QA_Code/E2E-Evaluation/outputs/waymo_5neighbor_context_laneaware_clean_v1_part_00_13/shards/shard_000000,4433,test
126442,27,/Users/liuqing/Projects/01_E2E_QA_Code/E2E-Evaluation/outputs/waymo_5neighbor_context_laneaware_clean_v1_part_39_51/shards/shard_000000,192,test
134425,28,/Users/liuqing/Projects/01_E2E_QA_Code/E2E-Evaluation/outputs/waymo_5neighbor_context_laneaware_clean_v1_part_39_51/shards/shard_000001,3174,test
92598,19,/Users/liuqing/Projects/01_E2E_QA_Code/E2E-Evaluation/outputs/waymo_5neighbor_context_laneaware_clean_v1_part_26_39/shards/shard_000001,3171,test
54633,11,/Users/liuqing/Projects/01_E2E_QA_Code/E2E-Evaluation/outputs/waymo_5neighbor_context_laneaware_clean_v1_part_13_26/shards/shard_000002,1946,test
14098,2,/Users/liuqing/Projects/01_E2E_QA_Code/E2E-Evaluation/outputs/waymo_5neighbor_context_laneaware_clean_v1_part_00_13/shards/shard_000002,4092,test
55130,11,/Users/liuqing/Projects/01_E2E_QA_Code/E2E-Evaluation/outputs/waymo_5neighbor_context_laneaware_clean_v1_part_13_26/shards/shard_000002,2443,test
96911,20,/Users/liuqing/Projects/01_E2E_QA_Code/E2E-Evaluation/outputs/waymo_5neighbor_context_laneaware_clean_v1_part_26_39/shards/shard_000002,2484,test
133021,28,/Users/liuqing/Projects/01_E2E_QA_Code/E2E-Evaluation/outputs/waymo_5neighbor_context_laneaware_clean_v1_part_39_51/shards/shard_000001,1770,test
12560,2,/Users/liuqing/Projects/01_E2E_QA_Code/E2E-Evaluation/outputs/waymo_5neighbor_context_laneaware_clean_v1_part_00_13/shards/shard_000002,2554,test
155712,32,/Users/liuqing/Projects/01_E2E_QA_Code/E2E-Evaluation/outputs/waymo_5neighbor_context_laneaware_clean_v1_part_39_51/shards/shard_000005,4441,test
36068,7,/Users/liuqing/Projects/01_E2E_QA_Code/E2E-Evaluation/outputs/waymo_5neighbor_context_laneaware_clean_v1_part_00_13/shards/shard_000007,1049,test
155216,32,/Users/liuqing/Projects/01_E2E_QA_Code/E2E-Evaluation/outputs/waymo_5neighbor_context_laneaware_clean_v1_part_39_51/shards/shard_000005,3945,test
62075,12,/Users/liuqing/Projects/01_E2E_QA_Code/E2E-Evaluation/outputs/waymo_5neighbor_context_laneaware_clean_v1_part_13_26/shards/shard_000003,4386,test
26160,5,/Users/liuqing/Projects/01_E2E_QA_Code/E2E-Evaluation/outputs/waymo_5neighbor_context_laneaware_clean_v1_part_00_13/shards/shard_000005,1143,test
85411,18,/Users/liuqing/Projects/01_E2E_QA_Code/E2E-Evaluation/outputs/waymo_5neighbor_context_laneaware_clean_v1_part_26_39/shards/shard_000000,988,test
52775,11,/Users/liuqing/Projects/01_E2E_QA_Code/E2E-Evaluation/outputs/waymo_5neighbor_context_laneaware_clean_v1_part_13_26/shards/shard_000002,88,test
98010,20,/Users/liuqing/Projects/01_E2E_QA_Code/E2E-Evaluation/outputs/waymo_5neighbor_context_laneaware_clean_v1_part_26_39/shards/shard_000002,3583,test
156070,32,/Users/liuqing/Projects/01_E2E_QA_Code/E2E-Evaluation/outputs/waymo_5neighbor_context_laneaware_clean_v1_part_39_51/shards/shard_000005,4799,test
146426,31,/Users/liuqing/Projects/01_E2E_QA_Code/E2E-Evaluation/outputs/waymo_5neighbor_context_laneaware_clean_v1_part_39_51/shards/shard_000004,156,test
127140,27,/Users/liuqing/Projects/01_E2E_QA_Code/E2E-Evaluation/outputs/waymo_5neighbor_context_laneaware_clean_v1_part_39_51/shards/shard_000000,890,test
155719,32,/Users/liuqing/Projects/01_E2E_QA_Code/E2E-Evaluation/outputs/waymo_5neighbor_context_laneaware_clean_v1_part_39_51/shards/shard_000005,4448,test
44929,9,/Users/liuqing/Projects/01_E2E_QA_Code/E2E-Evaluation/outputs/waymo_5neighbor_context_laneaware_clean_v1_part_13_26/shards/shard_000000,2257,test
43770,9,/Users/liuqing/Projects/01_E2E_QA_Code/E2E-Evaluation/outputs/waymo_5neighbor_context_laneaware_clean_v1_part_13_26/shards/shard_000000,1098,test
29378,5,/Users/liuqing/Projects/01_E2E_QA_Code/E2E-Evaluation/outputs/waymo_5neighbor_context_laneaware_clean_v1_part_00_13/shards/shard_000005,4361,test
119875,25,/Users/liuqing/Projects/01_E2E_QA_Code/E2E-Evaluation/outputs/waymo_5neighbor_context_laneaware_clean_v1_part_26_39/shards/shard_000007,426,test
15151,3,/Users/liuqing/Projects/01_E2E_QA_Code/E2E-Evaluation/outputs/waymo_5neighbor_context_laneaware_clean_v1_part_00_13/shards/shard_000003,145,test
93390,19,/Users/liuqing/Projects/01_E2E_QA_Code/E2E-Evaluation/outputs/waymo_5neighbor_context_laneaware_clean_v1_part_26_39/shards/shard_000001,3963,test
19506,3,/Users/liuqing/Projects/01_E2E_QA_Code/E2E-Evaluation/outputs/waymo_5neighbor_context_laneaware_clean_v1_part_00_13/shards/shard_000003,4500,test
109794,23,/Users/liuqing/Projects/01_E2E_QA_Code/E2E-Evaluation/outputs/waymo_5neighbor_context_laneaware_clean_v1_part_26_39/shards/shard_000005,355,test
81491,16,/Users/liuqing/Projects/01_E2E_QA_Code/E2E-Evaluation/outputs/waymo_5neighbor_context_laneaware_clean_v1_part_13_26/shards/shard_000007,3770,test
55145,11,/Users/liuqing/Projects/01_E2E_QA_Code/E2E-Evaluation/outputs/waymo_5neighbor_context_laneaware_clean_v1_part_13_26/shards/shard_000002,2458,test
89172,18,/Users/liuqing/Projects/01_E2E_QA_Code/E2E-Evaluation/outputs/waymo_5neighbor_context_laneaware_clean_v1_part_26_39/shards/shard_000000,4749,test
42238,8,/Users/liuqing/Projects/01_E2E_QA_Code/E2E-Evaluation/outputs/waymo_5neighbor_context_laneaware_clean_v1_part_00_13/shards/shard_000008,2210,test
12480,2,/Users/liuqing/Projects/01_E2E_QA_Code/E2E-Evaluation/outputs/waymo_5neighbor_context_laneaware_clean_v1_part_00_13/shards/shard_000002,2474,test
96681,20,/Users/liuqing/Projects/01_E2E_QA_Code/E2E-Evaluation/outputs/waymo_5neighbor_context_laneaware_clean_v1_part_26_39/shards/shard_000002,2254,test
90493,19,/Users/liuqing/Projects/01_E2E_QA_Code/E2E-Evaluation/outputs/waymo_5neighbor_context_laneaware_clean_v1_part_26_39/shards/shard_000001,1066,test
55857,11,/Users/liuqing/Projects/01_E2E_QA_Code/E2E-Evaluation/outputs/waymo_5neighbor_context_laneaware_clean_v1_part_13_26/shards/shard_000002,3170,test
130754,27,/Users/liuqing/Projects/01_E2E_QA_Code/E2E-Evaluation/outputs/waymo_5neighbor_context_laneaware_clean_v1_part_39_51/shards/shard_000000,4504,test
143772,30,/Users/liuqing/Projects/01_E2E_QA_Code/E2E-Evaluation/outputs/waymo_5neighbor_context_laneaware_clean_v1_part_39_51/shards/shard_000003,2503,test
97263,20,/Users/liuqing/Projects/01_E2E_QA_Code/E2E-Evaluation/outputs/waymo_5neighbor_context_laneaware_clean_v1_part_26_39/shards/shard_000002,2836,test
152758,32,/Users/liuqing/Projects/01_E2E_QA_Code/E2E-Evaluation/outputs/waymo_5neighbor_context_laneaware_clean_v1_part_39_51/shards/shard_000005,1487,test
32568,6,/Users/liuqing/Projects/01_E2E_QA_Code/E2E-Evaluation/outputs/waymo_5neighbor_context_laneaware_clean_v1_part_00_13/shards/shard_000006,2550,test
138507,29,/Users/liuqing/Projects/01_E2E_QA_Code/E2E-Evaluation/outputs/waymo_5neighbor_context_laneaware_clean_v1_part_39_51/shards/shard_000002,2254,test
30330,6,/Users/liuqing/Projects/01_E2E_QA_Code/E2E-Evaluation/outputs/waymo_5neighbor_context_laneaware_clean_v1_part_00_13/shards/shard_000006,312,test
81032,16,/Users/liuqing/Projects/01_E2E_QA_Code/E2E-Evaluation/outputs/waymo_5neighbor_context_laneaware_clean_v1_part_13_26/shards/shard_000007,3311,test
163404,34,/Users/liuqing/Projects/01_E2E_QA_Code/E2E-Evaluation/outputs/waymo_5neighbor_context_laneaware_clean_v1_part_39_51/shards/shard_000007,2124,test
92740,19,/Users/liuqing/Projects/01_E2E_QA_Code/E2E-Evaluation/outputs/waymo_5neighbor_context_laneaware_clean_v1_part_26_39/shards/shard_000001,3313,test
15561,3,/Users/liuqing/Projects/01_E2E_QA_Code/E2E-Evaluation/outputs/waymo_5neighbor_context_laneaware_clean_v1_part_00_13/shards/shard_000003,555,test
51562,10,/Users/liuqing/Projects/01_E2E_QA_Code/E2E-Evaluation/outputs/waymo_5neighbor_context_laneaware_clean_v1_part_13_26/shards/shard_000001,3877,test
52003,10,/Users/liuqing/Projects/01_E2E_QA_Code/E2E-Evaluation/outputs/waymo_5neighbor_context_laneaware_clean_v1_part_13_26/shards/shard_000001,4318,test
114531,24,/Users/liuqing/Projects/01_E2E_QA_Code/E2E-Evaluation/outputs/waymo_5neighbor_context_laneaware_clean_v1_part_26_39/shards/shard_000006,83,test
133675,28,/Users/liuqing/Projects/01_E2E_QA_Code/E2E-Evaluation/outputs/waymo_5neighbor_context_laneaware_clean_v1_part_39_51/shards/shard_000001,2424,test
18422,3,/Users/liuqing/Projects/01_E2E_QA_Code/E2E-Evaluation/outputs/waymo_5neighbor_context_laneaware_clean_v1_part_00_13/shards/shard_000003,3416,test
84940,18,/Users/liuqing/Projects/01_E2E_QA_Code/E2E-Evaluation/outputs/waymo_5neighbor_context_laneaware_clean_v1_part_26_39/shards/shard_000000,517,test
158131,33,/Users/liuqing/Projects/01_E2E_QA_Code/E2E-Evaluation/outputs/waymo_5neighbor_context_laneaware_clean_v1_part_39_51/shards/shard_000006,1859,test
138528,29,/Users/liuqing/Projects/01_E2E_QA_Code/E2E-Evaluation/outputs/waymo_5neighbor_context_laneaware_clean_v1_part_39_51/shards/shard_000002,2275,test
2605,0,/Users/liuqing/Projects/01_E2E_QA_Code/E2E-Evaluation/outputs/waymo_5neighbor_context_laneaware_clean_v1_part_00_13/shards/shard_000000,2605,test
81441,16,/Users/liuqing/Projects/01_E2E_QA_Code/E2E-Evaluation/outputs/waymo_5neighbor_context_laneaware_clean_v1_part_13_26/shards/shard_000007,3720,test
14081,2,/Users/liuqing/Projects/01_E2E_QA_Code/E2E-Evaluation/outputs/waymo_5neighbor_context_laneaware_clean_v1_part_00_13/shards/shard_000002,4075,test
155714,32,/Users/liuqing/Projects/01_E2E_QA_Code/E2E-Evaluation/outputs/waymo_5neighbor_context_laneaware_clean_v1_part_39_51/shards/shard_000005,4443,test
150720,31,/Users/liuqing/Projects/01_E2E_QA_Code/E2E-Evaluation/outputs/waymo_5neighbor_context_laneaware_clean_v1_part_39_51/shards/shard_000004,4450,test
162270,34,/Users/liuqing/Projects/01_E2E_QA_Code/E2E-Evaluation/outputs/waymo_5neighbor_context_laneaware_clean_v1_part_39_51/shards/shard_000007,990,test
8545,1,/Users/liuqing/Projects/01_E2E_QA_Code/E2E-Evaluation/outputs/waymo_5neighbor_context_laneaware_clean_v1_part_00_13/shards/shard_000001,3543,test
60280,12,/Users/liuqing/Projects/01_E2E_QA_Code/E2E-Evaluation/outputs/waymo_5neighbor_context_laneaware_clean_v1_part_13_26/shards/shard_000003,2591,test
19643,3,/Users/liuqing/Projects/01_E2E_QA_Code/E2E-Evaluation/outputs/waymo_5neighbor_context_laneaware_clean_v1_part_00_13/shards/shard_000003,4637,test
121820,25,/Users/liuqing/Projects/01_E2E_QA_Code/E2E-Evaluation/outputs/waymo_5neighbor_context_laneaware_clean_v1_part_26_39/shards/shard_000007,2371,test
96072,20,/Users/liuqing/Projects/01_E2E_QA_Code/E2E-Evaluation/outputs/waymo_5neighbor_context_laneaware_clean_v1_part_26_39/shards/shard_000002,1645,test
37402,7,/Users/liuqing/Projects/01_E2E_QA_Code/E2E-Evaluation/outputs/waymo_5neighbor_context_laneaware_clean_v1_part_00_13/shards/shard_000007,2383,test
50055,10,/Users/liuqing/Projects/01_E2E_QA_Code/E2E-Evaluation/outputs/waymo_5neighbor_context_laneaware_clean_v1_part_13_26/shards/shard_000001,2370,test
10412,2,/Users/liuqing/Projects/01_E2E_QA_Code/E2E-Evaluation/outputs/waymo_5neighbor_context_laneaware_clean_v1_part_00_13/shards/shard_000002,406,test
95930,20,/Users/liuqing/Projects/01_E2E_QA_Code/E2E-Evaluation/outputs/waymo_5neighbor_context_laneaware_clean_v1_part_26_39/shards/shard_000002,1503,test
114026,23,/Users/liuqing/Projects/01_E2E_QA_Code/E2E-Evaluation/outputs/waymo_5neighbor_context_laneaware_clean_v1_part_26_39/shards/shard_000005,4587,test
19509,3,/Users/liuqing/Projects/01_E2E_QA_Code/E2E-Evaluation/outputs/waymo_5neighbor_context_laneaware_clean_v1_part_00_13/shards/shard_000003,4503,test
48522,10,/Users/liuqing/Projects/01_E2E_QA_Code/E2E-Evaluation/outputs/waymo_5neighbor_context_laneaware_clean_v1_part_13_26/shards/shard_000001,837,test
16204,3,/Users/liuqing/Projects/01_E2E_QA_Code/E2E-Evaluation/outputs/waymo_5neighbor_context_laneaware_clean_v1_part_00_13/shards/shard_000003,1198,test
96275,20,/Users/liuqing/Projects/01_E2E_QA_Code/E2E-Evaluation/outputs/waymo_5neighbor_context_laneaware_clean_v1_part_26_39/shards/shard_000002,1848,test
163832,34,/Users/liuqing/Projects/01_E2E_QA_Code/E2E-Evaluation/outputs/waymo_5neighbor_context_laneaware_clean_v1_part_39_51/shards/shard_000007,2552,test
61174,12,/Users/liuqing/Projects/01_E2E_QA_Code/E2E-Evaluation/outputs/waymo_5neighbor_context_laneaware_clean_v1_part_13_26/shards/shard_000003,3485,test
73192,15,/Users/liuqing/Projects/01_E2E_QA_Code/E2E-Evaluation/outputs/waymo_5neighbor_context_laneaware_clean_v1_part_13_26/shards/shard_000006,471,test
46489,9,/Users/liuqing/Projects/01_E2E_QA_Code/E2E-Evaluation/outputs/waymo_5neighbor_context_laneaware_clean_v1_part_13_26/shards/shard_000000,3817,test
7612,1,/Users/liuqing/Projects/01_E2E_QA_Code/E2E-Evaluation/outputs/waymo_5neighbor_context_laneaware_clean_v1_part_00_13/shards/shard_000001,2610,test
12478,2,/Users/liuqing/Projects/01_E2E_QA_Code/E2E-Evaluation/outputs/waymo_5neighbor_context_laneaware_clean_v1_part_00_13/shards/shard_000002,2472,test
38631,7,/Users/liuqing/Projects/01_E2E_QA_Code/E2E-Evaluation/outputs/waymo_5neighbor_context_laneaware_clean_v1_part_00_13/shards/shard_000007,3612,test
20333,4,/Users/liuqing/Projects/01_E2E_QA_Code/E2E-Evaluation/outputs/waymo_5neighbor_context_laneaware_clean_v1_part_00_13/shards/shard_000004,327,test
81038,16,/Users/liuqing/Projects/01_E2E_QA_Code/E2E-Evaluation/outputs/waymo_5neighbor_context_laneaware_clean_v1_part_13_26/shards/shard_000007,3317,test
143705,30,/Users/liuqing/Projects/01_E2E_QA_Code/E2E-Evaluation/outputs/waymo_5neighbor_context_laneaware_clean_v1_part_39_51/shards/shard_000003,2436,test
126524,27,/Users/liuqing/Projects/01_E2E_QA_Code/E2E-Evaluation/outputs/waymo_5neighbor_context_laneaware_clean_v1_part_39_51/shards/shard_000000,274,test
91438,19,/Users/liuqing/Projects/01_E2E_QA_Code/E2E-Evaluation/outputs/waymo_5neighbor_context_laneaware_clean_v1_part_26_39/shards/shard_000001,2011,test
123599,25,/Users/liuqing/Projects/01_E2E_QA_Code/E2E-Evaluation/outputs/waymo_5neighbor_context_laneaware_clean_v1_part_26_39/shards/shard_000007,4150,test
45639,9,/Users/liuqing/Projects/01_E2E_QA_Code/E2E-Evaluation/outputs/waymo_5neighbor_context_laneaware_clean_v1_part_13_26/shards/shard_000000,2967,test
48574,10,/Users/liuqing/Projects/01_E2E_QA_Code/E2E-Evaluation/outputs/waymo_5neighbor_context_laneaware_clean_v1_part_13_26/shards/shard_000001,889,test
92662,19,/Users/liuqing/Projects/01_E2E_QA_Code/E2E-Evaluation/outputs/waymo_5neighbor_context_laneaware_clean_v1_part_26_39/shards/shard_000001,3235,test
105410,22,/Users/liuqing/Projects/01_E2E_QA_Code/E2E-Evaluation/outputs/waymo_5neighbor_context_laneaware_clean_v1_part_26_39/shards/shard_000004,978,test
124408,25,/Users/liuqing/Projects/01_E2E_QA_Code/E2E-Evaluation/outputs/waymo_5neighbor_context_laneaware_clean_v1_part_26_39/shards/shard_000007,4959,test
127042,27,/Users/liuqing/Projects/01_E2E_QA_Code/E2E-Evaluation/outputs/waymo_5neighbor_context_laneaware_clean_v1_part_39_51/shards/shard_000000,792,test
139471,29,/Users/liuqing/Projects/01_E2E_QA_Code/E2E-Evaluation/outputs/waymo_5neighbor_context_laneaware_clean_v1_part_39_51/shards/shard_000002,3218,test
148497,31,/Users/liuqing/Projects/01_E2E_QA_Code/E2E-Evaluation/outputs/waymo_5neighbor_context_laneaware_clean_v1_part_39_51/shards/shard_000004,2227,test
31307,6,/Users/liuqing/Projects/01_E2E_QA_Code/E2E-Evaluation/outputs/waymo_5neighbor_context_laneaware_clean_v1_part_00_13/shards/shard_000006,1289,test
1511,0,/Users/liuqing/Projects/01_E2E_QA_Code/E2E-Evaluation/outputs/waymo_5neighbor_context_laneaware_clean_v1_part_00_13/shards/shard_000000,1511,test
2476,0,/Users/liuqing/Projects/01_E2E_QA_Code/E2E-Evaluation/outputs/waymo_5neighbor_context_laneaware_clean_v1_part_00_13/shards/shard_000000,2476,test
82816,17,/Users/liuqing/Projects/01_E2E_QA_Code/E2E-Evaluation/outputs/waymo_5neighbor_context_laneaware_clean_v1_part_13_26/shards/shard_000008,86,test
128456,27,/Users/liuqing/Projects/01_E2E_QA_Code/E2E-Evaluation/outputs/waymo_5neighbor_context_laneaware_clean_v1_part_39_51/shards/shard_000000,2206,test
28581,5,/Users/liuqing/Projects/01_E2E_QA_Code/E2E-Evaluation/outputs/waymo_5neighbor_context_laneaware_clean_v1_part_00_13/shards/shard_000005,3564,test
98938,20,/Users/liuqing/Projects/01_E2E_QA_Code/E2E-Evaluation/outputs/waymo_5neighbor_context_laneaware_clean_v1_part_26_39/shards/shard_000002,4511,test
82300,16,/Users/liuqing/Projects/01_E2E_QA_Code/E2E-Evaluation/outputs/waymo_5neighbor_context_laneaware_clean_v1_part_13_26/shards/shard_000007,4579,test
19794,3,/Users/liuqing/Projects/01_E2E_QA_Code/E2E-Evaluation/outputs/waymo_5neighbor_context_laneaware_clean_v1_part_00_13/shards/shard_000003,4788,test
75214,15,/Users/liuqing/Projects/01_E2E_QA_Code/E2E-Evaluation/outputs/waymo_5neighbor_context_laneaware_clean_v1_part_13_26/shards/shard_000006,2493,test
116028,24,/Users/liuqing/Projects/01_E2E_QA_Code/E2E-Evaluation/outputs/waymo_5neighbor_context_laneaware_clean_v1_part_26_39/shards/shard_000006,1580,test
42239,8,/Users/liuqing/Projects/01_E2E_QA_Code/E2E-Evaluation/outputs/waymo_5neighbor_context_laneaware_clean_v1_part_00_13/shards/shard_000008,2211,test
13915,2,/Users/liuqing/Projects/01_E2E_QA_Code/E2E-Evaluation/outputs/waymo_5neighbor_context_laneaware_clean_v1_part_00_13/shards/shard_000002,3909,test
5238,1,/Users/liuqing/Projects/01_E2E_QA_Code/E2E-Evaluation/outputs/waymo_5neighbor_context_laneaware_clean_v1_part_00_13/shards/shard_000001,236,test
157379,33,/Users/liuqing/Projects/01_E2E_QA_Code/E2E-Evaluation/outputs/waymo_5neighbor_context_laneaware_clean_v1_part_39_51/shards/shard_000006,1107,test
143739,30,/Users/liuqing/Projects/01_E2E_QA_Code/E2E-Evaluation/outputs/waymo_5neighbor_context_laneaware_clean_v1_part_39_51/shards/shard_000003,2470,test
18070,3,/Users/liuqing/Projects/01_E2E_QA_Code/E2E-Evaluation/outputs/waymo_5neighbor_context_laneaware_clean_v1_part_00_13/shards/shard_000003,3064,test
88944,18,/Users/liuqing/Projects/01_E2E_QA_Code/E2E-Evaluation/outputs/waymo_5neighbor_context_laneaware_clean_v1_part_26_39/shards/shard_000000,4521,test
153730,32,/Users/liuqing/Projects/01_E2E_QA_Code/E2E-Evaluation/outputs/waymo_5neighbor_context_laneaware_clean_v1_part_39_51/shards/shard_000005,2459,test
131210,27,/Users/liuqing/Projects/01_E2E_QA_Code/E2E-Evaluation/outputs/waymo_5neighbor_context_laneaware_clean_v1_part_39_51/shards/shard_000000,4960,test
102579,21,/Users/liuqing/Projects/01_E2E_QA_Code/E2E-Evaluation/outputs/waymo_5neighbor_context_laneaware_clean_v1_part_26_39/shards/shard_000003,3148,test
53563,11,/Users/liuqing/Projects/01_E2E_QA_Code/E2E-Evaluation/outputs/waymo_5neighbor_context_laneaware_clean_v1_part_13_26/shards/shard_000002,876,test
79110,16,/Users/liuqing/Projects/01_E2E_QA_Code/E2E-Evaluation/outputs/waymo_5neighbor_context_laneaware_clean_v1_part_13_26/shards/shard_000007,1389,test
48764,10,/Users/liuqing/Projects/01_E2E_QA_Code/E2E-Evaluation/outputs/waymo_5neighbor_context_laneaware_clean_v1_part_13_26/shards/shard_000001,1079,test
17758,3,/Users/liuqing/Projects/01_E2E_QA_Code/E2E-Evaluation/outputs/waymo_5neighbor_context_laneaware_clean_v1_part_00_13/shards/shard_000003,2752,test
119294,24,/Users/liuqing/Projects/01_E2E_QA_Code/E2E-Evaluation/outputs/waymo_5neighbor_context_laneaware_clean_v1_part_26_39/shards/shard_000006,4846,test
133018,28,/Users/liuqing/Projects/01_E2E_QA_Code/E2E-Evaluation/outputs/waymo_5neighbor_context_laneaware_clean_v1_part_39_51/shards/shard_000001,1767,test
25478,5,/Users/liuqing/Projects/01_E2E_QA_Code/E2E-Evaluation/outputs/waymo_5neighbor_context_laneaware_clean_v1_part_00_13/shards/shard_000005,461,test
70650,14,/Users/liuqing/Projects/01_E2E_QA_Code/E2E-Evaluation/outputs/waymo_5neighbor_context_laneaware_clean_v1_part_13_26/shards/shard_000005,2940,test
41188,8,/Users/liuqing/Projects/01_E2E_QA_Code/E2E-Evaluation/outputs/waymo_5neighbor_context_laneaware_clean_v1_part_00_13/shards/shard_000008,1160,test
17031,3,/Users/liuqing/Projects/01_E2E_QA_Code/E2E-Evaluation/outputs/waymo_5neighbor_context_laneaware_clean_v1_part_00_13/shards/shard_000003,2025,test
130819,27,/Users/liuqing/Projects/01_E2E_QA_Code/E2E-Evaluation/outputs/waymo_5neighbor_context_laneaware_clean_v1_part_39_51/shards/shard_000000,4569,test
26791,5,/Users/liuqing/Projects/01_E2E_QA_Code/E2E-Evaluation/outputs/waymo_5neighbor_context_laneaware_clean_v1_part_00_13/shards/shard_000005,1774,test
55797,11,/Users/liuqing/Projects/01_E2E_QA_Code/E2E-Evaluation/outputs/waymo_5neighbor_context_laneaware_clean_v1_part_13_26/shards/shard_000002,3110,test
132130,28,/Users/liuqing/Projects/01_E2E_QA_Code/E2E-Evaluation/outputs/waymo_5neighbor_context_laneaware_clean_v1_part_39_51/shards/shard_000001,879,test
80704,16,/Users/liuqing/Projects/01_E2E_QA_Code/E2E-Evaluation/outputs/waymo_5neighbor_context_laneaware_clean_v1_part_13_26/shards/shard_000007,2983,test
52445,10,/Users/liuqing/Projects/01_E2E_QA_Code/E2E-Evaluation/outputs/waymo_5neighbor_context_laneaware_clean_v1_part_13_26/shards/shard_000001,4760,test
53044,11,/Users/liuqing/Projects/01_E2E_QA_Code/E2E-Evaluation/outputs/waymo_5neighbor_context_laneaware_clean_v1_part_13_26/shards/shard_000002,357,test
23438,4,/Users/liuqing/Projects/01_E2E_QA_Code/E2E-Evaluation/outputs/waymo_5neighbor_context_laneaware_clean_v1_part_00_13/shards/shard_000004,3432,test
138529,29,/Users/liuqing/Projects/01_E2E_QA_Code/E2E-Evaluation/outputs/waymo_5neighbor_context_laneaware_clean_v1_part_39_51/shards/shard_000002,2276,test
5239,1,/Users/liuqing/Projects/01_E2E_QA_Code/E2E-Evaluation/outputs/waymo_5neighbor_context_laneaware_clean_v1_part_00_13/shards/shard_000001,237,test
163292,34,/Users/liuqing/Projects/01_E2E_QA_Code/E2E-Evaluation/outputs/waymo_5neighbor_context_laneaware_clean_v1_part_39_51/shards/shard_000007,2012,test
152424,32,/Users/liuqing/Projects/01_E2E_QA_Code/E2E-Evaluation/outputs/waymo_5neighbor_context_laneaware_clean_v1_part_39_51/shards/shard_000005,1153,test
3668,0,/Users/liuqing/Projects/01_E2E_QA_Code/E2E-Evaluation/outputs/waymo_5neighbor_context_laneaware_clean_v1_part_00_13/shards/shard_000000,3668,test
156956,33,/Users/liuqing/Projects/01_E2E_QA_Code/E2E-Evaluation/outputs/waymo_5neighbor_context_laneaware_clean_v1_part_39_51/shards/shard_000006,684,test
114478,24,/Users/liuqing/Projects/01_E2E_QA_Code/E2E-Evaluation/outputs/waymo_5neighbor_context_laneaware_clean_v1_part_26_39/shards/shard_000006,30,test
131244,27,/Users/liuqing/Projects/01_E2E_QA_Code/E2E-Evaluation/outputs/waymo_5neighbor_context_laneaware_clean_v1_part_39_51/shards/shard_000000,4994,test
89876,19,/Users/liuqing/Projects/01_E2E_QA_Code/E2E-Evaluation/outputs/waymo_5neighbor_context_laneaware_clean_v1_part_26_39/shards/shard_000001,449,test
157707,33,/Users/liuqing/Projects/01_E2E_QA_Code/E2E-Evaluation/outputs/waymo_5neighbor_context_laneaware_clean_v1_part_39_51/shards/shard_000006,1435,test
22028,4,/Users/liuqing/Projects/01_E2E_QA_Code/E2E-Evaluation/outputs/waymo_5neighbor_context_laneaware_clean_v1_part_00_13/shards/shard_000004,2022,test
23095,4,/Users/liuqing/Projects/01_E2E_QA_Code/E2E-Evaluation/outputs/waymo_5neighbor_context_laneaware_clean_v1_part_00_13/shards/shard_000004,3089,test
66835,13,/Users/liuqing/Projects/01_E2E_QA_Code/E2E-Evaluation/outputs/waymo_5neighbor_context_laneaware_clean_v1_part_13_26/shards/shard_000004,4133,test
27381,5,/Users/liuqing/Projects/01_E2E_QA_Code/E2E-Evaluation/outputs/waymo_5neighbor_context_laneaware_clean_v1_part_00_13/shards/shard_000005,2364,test
142763,30,/Users/liuqing/Projects/01_E2E_QA_Code/E2E-Evaluation/outputs/waymo_5neighbor_context_laneaware_clean_v1_part_39_51/shards/shard_000003,1494,test
104694,22,/Users/liuqing/Projects/01_E2E_QA_Code/E2E-Evaluation/outputs/waymo_5neighbor_context_laneaware_clean_v1_part_26_39/shards/shard_000004,262,test
46495,9,/Users/liuqing/Projects/01_E2E_QA_Code/E2E-Evaluation/outputs/waymo_5neighbor_context_laneaware_clean_v1_part_13_26/shards/shard_000000,3823,test
74787,15,/Users/liuqing/Projects/01_E2E_QA_Code/E2E-Evaluation/outputs/waymo_5neighbor_context_laneaware_clean_v1_part_13_26/shards/shard_000006,2066,test
146234,30,/Users/liuqing/Projects/01_E2E_QA_Code/E2E-Evaluation/outputs/waymo_5neighbor_context_laneaware_clean_v1_part_39_51/shards/shard_000003,4965,test
99108,20,/Users/liuqing/Projects/01_E2E_QA_Code/E2E-Evaluation/outputs/waymo_5neighbor_context_laneaware_clean_v1_part_26_39/shards/shard_000002,4681,test
57046,11,/Users/liuqing/Projects/01_E2E_QA_Code/E2E-Evaluation/outputs/waymo_5neighbor_context_laneaware_clean_v1_part_13_26/shards/shard_000002,4359,test
22030,4,/Users/liuqing/Projects/01_E2E_QA_Code/E2E-Evaluation/outputs/waymo_5neighbor_context_laneaware_clean_v1_part_00_13/shards/shard_000004,2024,test
108509,22,/Users/liuqing/Projects/01_E2E_QA_Code/E2E-Evaluation/outputs/waymo_5neighbor_context_laneaware_clean_v1_part_26_39/shards/shard_000004,4077,test
121866,25,/Users/liuqing/Projects/01_E2E_QA_Code/E2E-Evaluation/outputs/waymo_5neighbor_context_laneaware_clean_v1_part_26_39/shards/shard_000007,2417,test
108507,22,/Users/liuqing/Projects/01_E2E_QA_Code/E2E-Evaluation/outputs/waymo_5neighbor_context_laneaware_clean_v1_part_26_39/shards/shard_000004,4075,test
124584,26,/Users/liuqing/Projects/01_E2E_QA_Code/E2E-Evaluation/outputs/waymo_5neighbor_context_laneaware_clean_v1_part_26_39/shards/shard_000008,131,test
78368,16,/Users/liuqing/Projects/01_E2E_QA_Code/E2E-Evaluation/outputs/waymo_5neighbor_context_laneaware_clean_v1_part_13_26/shards/shard_000007,647,test
20036,4,/Users/liuqing/Projects/01_E2E_QA_Code/E2E-Evaluation/outputs/waymo_5neighbor_context_laneaware_clean_v1_part_00_13/shards/shard_000004,30,test
109424,22,/Users/liuqing/Projects/01_E2E_QA_Code/E2E-Evaluation/outputs/waymo_5neighbor_context_laneaware_clean_v1_part_26_39/shards/shard_000004,4992,test
663,0,/Users/liuqing/Projects/01_E2E_QA_Code/E2E-Evaluation/outputs/waymo_5neighbor_context_laneaware_clean_v1_part_00_13/shards/shard_000000,663,test
147089,31,/Users/liuqing/Projects/01_E2E_QA_Code/E2E-Evaluation/outputs/waymo_5neighbor_context_laneaware_clean_v1_part_39_51/shards/shard_000004,819,test
146233,30,/Users/liuqing/Projects/01_E2E_QA_Code/E2E-Evaluation/outputs/waymo_5neighbor_context_laneaware_clean_v1_part_39_51/shards/shard_000003,4964,test
81449,16,/Users/liuqing/Projects/01_E2E_QA_Code/E2E-Evaluation/outputs/waymo_5neighbor_context_laneaware_clean_v1_part_13_26/shards/shard_000007,3728,test
67565,13,/Users/liuqing/Projects/01_E2E_QA_Code/E2E-Evaluation/outputs/waymo_5neighbor_context_laneaware_clean_v1_part_13_26/shards/shard_000004,4863,test
57045,11,/Users/liuqing/Projects/01_E2E_QA_Code/E2E-Evaluation/outputs/waymo_5neighbor_context_laneaware_clean_v1_part_13_26/shards/shard_000002,4358,test
138505,29,/Users/liuqing/Projects/01_E2E_QA_Code/E2E-Evaluation/outputs/waymo_5neighbor_context_laneaware_clean_v1_part_39_51/shards/shard_000002,2252,test
155252,32,/Users/liuqing/Projects/01_E2E_QA_Code/E2E-Evaluation/outputs/waymo_5neighbor_context_laneaware_clean_v1_part_39_51/shards/shard_000005,3981,test
27432,5,/Users/liuqing/Projects/01_E2E_QA_Code/E2E-Evaluation/outputs/waymo_5neighbor_context_laneaware_clean_v1_part_00_13/shards/shard_000005,2415,test
154172,32,/Users/liuqing/Projects/01_E2E_QA_Code/E2E-Evaluation/outputs/waymo_5neighbor_context_laneaware_clean_v1_part_39_51/shards/shard_000005,2901,test
111744,23,/Users/liuqing/Projects/01_E2E_QA_Code/E2E-Evaluation/outputs/waymo_5neighbor_context_laneaware_clean_v1_part_26_39/shards/shard_000005,2305,test
37643,7,/Users/liuqing/Projects/01_E2E_QA_Code/E2E-Evaluation/outputs/waymo_5neighbor_context_laneaware_clean_v1_part_00_13/shards/shard_000007,2624,test
139473,29,/Users/liuqing/Projects/01_E2E_QA_Code/E2E-Evaluation/outputs/waymo_5neighbor_context_laneaware_clean_v1_part_39_51/shards/shard_000002,3220,test
104250,21,/Users/liuqing/Projects/01_E2E_QA_Code/E2E-Evaluation/outputs/waymo_5neighbor_context_laneaware_clean_v1_part_26_39/shards/shard_000003,4819,test
65665,13,/Users/liuqing/Projects/01_E2E_QA_Code/E2E-Evaluation/outputs/waymo_5neighbor_context_laneaware_clean_v1_part_13_26/shards/shard_000004,2963,test
102322,21,/Users/liuqing/Projects/01_E2E_QA_Code/E2E-Evaluation/outputs/waymo_5neighbor_context_laneaware_clean_v1_part_26_39/shards/shard_000003,2891,test
42878,9,/Users/liuqing/Projects/01_E2E_QA_Code/E2E-Evaluation/outputs/waymo_5neighbor_context_laneaware_clean_v1_part_13_26/shards/shard_000000,206,test
111234,23,/Users/liuqing/Projects/01_E2E_QA_Code/E2E-Evaluation/outputs/waymo_5neighbor_context_laneaware_clean_v1_part_26_39/shards/shard_000005,1795,test
27867,5,/Users/liuqing/Projects/01_E2E_QA_Code/E2E-Evaluation/outputs/waymo_5neighbor_context_laneaware_clean_v1_part_00_13/shards/shard_000005,2850,test
136858,29,/Users/liuqing/Projects/01_E2E_QA_Code/E2E-Evaluation/outputs/waymo_5neighbor_context_laneaware_clean_v1_part_39_51/shards/shard_000002,605,test
60844,12,/Users/liuqing/Projects/01_E2E_QA_Code/E2E-Evaluation/outputs/waymo_5neighbor_context_laneaware_clean_v1_part_13_26/shards/shard_000003,3155,test
15893,3,/Users/liuqing/Projects/01_E2E_QA_Code/E2E-Evaluation/outputs/waymo_5neighbor_context_laneaware_clean_v1_part_00_13/shards/shard_000003,887,test
57869,12,/Users/liuqing/Projects/01_E2E_QA_Code/E2E-Evaluation/outputs/waymo_5neighbor_context_laneaware_clean_v1_part_13_26/shards/shard_000003,180,test
162123,34,/Users/liuqing/Projects/01_E2E_QA_Code/E2E-Evaluation/outputs/waymo_5neighbor_context_laneaware_clean_v1_part_39_51/shards/shard_000007,843,test
126111,26,/Users/liuqing/Projects/01_E2E_QA_Code/E2E-Evaluation/outputs/waymo_5neighbor_context_laneaware_clean_v1_part_26_39/shards/shard_000008,1658,test
162732,34,/Users/liuqing/Projects/01_E2E_QA_Code/E2E-Evaluation/outputs/waymo_5neighbor_context_laneaware_clean_v1_part_39_51/shards/shard_000007,1452,test
118415,24,/Users/liuqing/Projects/01_E2E_QA_Code/E2E-Evaluation/outputs/waymo_5neighbor_context_laneaware_clean_v1_part_26_39/shards/shard_000006,3967,test
109639,23,/Users/liuqing/Projects/01_E2E_QA_Code/E2E-Evaluation/outputs/waymo_5neighbor_context_laneaware_clean_v1_part_26_39/shards/shard_000005,200,test
137140,29,/Users/liuqing/Projects/01_E2E_QA_Code/E2E-Evaluation/outputs/waymo_5neighbor_context_laneaware_clean_v1_part_39_51/shards/shard_000002,887,test
37601,7,/Users/liuqing/Projects/01_E2E_QA_Code/E2E-Evaluation/outputs/waymo_5neighbor_context_laneaware_clean_v1_part_00_13/shards/shard_000007,2582,test
126116,26,/Users/liuqing/Projects/01_E2E_QA_Code/E2E-Evaluation/outputs/waymo_5neighbor_context_laneaware_clean_v1_part_26_39/shards/shard_000008,1663,test
23560,4,/Users/liuqing/Projects/01_E2E_QA_Code/E2E-Evaluation/outputs/waymo_5neighbor_context_laneaware_clean_v1_part_00_13/shards/shard_000004,3554,test
18601,3,/Users/liuqing/Projects/01_E2E_QA_Code/E2E-Evaluation/outputs/waymo_5neighbor_context_laneaware_clean_v1_part_00_13/shards/shard_000003,3595,test
60761,12,/Users/liuqing/Projects/01_E2E_QA_Code/E2E-Evaluation/outputs/waymo_5neighbor_context_laneaware_clean_v1_part_13_26/shards/shard_000003,3072,test
109259,22,/Users/liuqing/Projects/01_E2E_QA_Code/E2E-Evaluation/outputs/waymo_5neighbor_context_laneaware_clean_v1_part_26_39/shards/shard_000004,4827,test
144142,30,/Users/liuqing/Projects/01_E2E_QA_Code/E2E-Evaluation/outputs/waymo_5neighbor_context_laneaware_clean_v1_part_39_51/shards/shard_000003,2873,test
130041,27,/Users/liuqing/Projects/01_E2E_QA_Code/E2E-Evaluation/outputs/waymo_5neighbor_context_laneaware_clean_v1_part_39_51/shards/shard_000000,3791,test
12643,2,/Users/liuqing/Projects/01_E2E_QA_Code/E2E-Evaluation/outputs/waymo_5neighbor_context_laneaware_clean_v1_part_00_13/shards/shard_000002,2637,test
19510,3,/Users/liuqing/Projects/01_E2E_QA_Code/E2E-Evaluation/outputs/waymo_5neighbor_context_laneaware_clean_v1_part_00_13/shards/shard_000003,4504,test
93263,19,/Users/liuqing/Projects/01_E2E_QA_Code/E2E-Evaluation/outputs/waymo_5neighbor_context_laneaware_clean_v1_part_26_39/shards/shard_000001,3836,test
36128,7,/Users/liuqing/Projects/01_E2E_QA_Code/E2E-Evaluation/outputs/waymo_5neighbor_context_laneaware_clean_v1_part_00_13/shards/shard_000007,1109,test
152392,32,/Users/liuqing/Projects/01_E2E_QA_Code/E2E-Evaluation/outputs/waymo_5neighbor_context_laneaware_clean_v1_part_39_51/shards/shard_000005,1121,test
160082,33,/Users/liuqing/Projects/01_E2E_QA_Code/E2E-Evaluation/outputs/waymo_5neighbor_context_laneaware_clean_v1_part_39_51/shards/shard_000006,3810,test
17283,3,/Users/liuqing/Projects/01_E2E_QA_Code/E2E-Evaluation/outputs/waymo_5neighbor_context_laneaware_clean_v1_part_00_13/shards/shard_000003,2277,test
109485,23,/Users/liuqing/Projects/01_E2E_QA_Code/E2E-Evaluation/outputs/waymo_5neighbor_context_laneaware_clean_v1_part_26_39/shards/shard_000005,46,test
131187,27,/Users/liuqing/Projects/01_E2E_QA_Code/E2E-Evaluation/outputs/waymo_5neighbor_context_laneaware_clean_v1_part_39_51/shards/shard_000000,4937,test
122272,25,/Users/liuqing/Projects/01_E2E_QA_Code/E2E-Evaluation/outputs/waymo_5neighbor_context_laneaware_clean_v1_part_26_39/shards/shard_000007,2823,test
27376,5,/Users/liuqing/Projects/01_E2E_QA_Code/E2E-Evaluation/outputs/waymo_5neighbor_context_laneaware_clean_v1_part_00_13/shards/shard_000005,2359,test
101049,21,/Users/liuqing/Projects/01_E2E_QA_Code/E2E-Evaluation/outputs/waymo_5neighbor_context_laneaware_clean_v1_part_26_39/shards/shard_000003,1618,test
79077,16,/Users/liuqing/Projects/01_E2E_QA_Code/E2E-Evaluation/outputs/waymo_5neighbor_context_laneaware_clean_v1_part_13_26/shards/shard_000007,1356,test
96070,20,/Users/liuqing/Projects/01_E2E_QA_Code/E2E-Evaluation/outputs/waymo_5neighbor_context_laneaware_clean_v1_part_26_39/shards/shard_000002,1643,test
60291,12,/Users/liuqing/Projects/01_E2E_QA_Code/E2E-Evaluation/outputs/waymo_5neighbor_context_laneaware_clean_v1_part_13_26/shards/shard_000003,2602,test
1826,0,/Users/liuqing/Projects/01_E2E_QA_Code/E2E-Evaluation/outputs/waymo_5neighbor_context_laneaware_clean_v1_part_00_13/shards/shard_000000,1826,test
23922,4,/Users/liuqing/Projects/01_E2E_QA_Code/E2E-Evaluation/outputs/waymo_5neighbor_context_laneaware_clean_v1_part_00_13/shards/shard_000004,3916,test
76027,15,/Users/liuqing/Projects/01_E2E_QA_Code/E2E-Evaluation/outputs/waymo_5neighbor_context_laneaware_clean_v1_part_13_26/shards/shard_000006,3306,test
134430,28,/Users/liuqing/Projects/01_E2E_QA_Code/E2E-Evaluation/outputs/waymo_5neighbor_context_laneaware_clean_v1_part_39_51/shards/shard_000001,3179,test
63954,13,/Users/liuqing/Projects/01_E2E_QA_Code/E2E-Evaluation/outputs/waymo_5neighbor_context_laneaware_clean_v1_part_13_26/shards/shard_000004,1252,test
62671,12,/Users/liuqing/Projects/01_E2E_QA_Code/E2E-Evaluation/outputs/waymo_5neighbor_context_laneaware_clean_v1_part_13_26/shards/shard_000003,4982,test
81490,16,/Users/liuqing/Projects/01_E2E_QA_Code/E2E-Evaluation/outputs/waymo_5neighbor_context_laneaware_clean_v1_part_13_26/shards/shard_000007,3769,test
134117,28,/Users/liuqing/Projects/01_E2E_QA_Code/E2E-Evaluation/outputs/waymo_5neighbor_context_laneaware_clean_v1_part_39_51/shards/shard_000001,2866,test
47073,9,/Users/liuqing/Projects/01_E2E_QA_Code/E2E-Evaluation/outputs/waymo_5neighbor_context_laneaware_clean_v1_part_13_26/shards/shard_000000,4401,test
105882,22,/Users/liuqing/Projects/01_E2E_QA_Code/E2E-Evaluation/outputs/waymo_5neighbor_context_laneaware_clean_v1_part_26_39/shards/shard_000004,1450,test
132163,28,/Users/liuqing/Projects/01_E2E_QA_Code/E2E-Evaluation/outputs/waymo_5neighbor_context_laneaware_clean_v1_part_39_51/shards/shard_000001,912,test
121026,25,/Users/liuqing/Projects/01_E2E_QA_Code/E2E-Evaluation/outputs/waymo_5neighbor_context_laneaware_clean_v1_part_26_39/shards/shard_000007,1577,test
32222,6,/Users/liuqing/Projects/01_E2E_QA_Code/E2E-Evaluation/outputs/waymo_5neighbor_context_laneaware_clean_v1_part_00_13/shards/shard_000006,2204,test
133277,28,/Users/liuqing/Projects/01_E2E_QA_Code/E2E-Evaluation/outputs/waymo_5neighbor_context_laneaware_clean_v1_part_39_51/shards/shard_000001,2026,test
121898,25,/Users/liuqing/Projects/01_E2E_QA_Code/E2E-Evaluation/outputs/waymo_5neighbor_context_laneaware_clean_v1_part_26_39/shards/shard_000007,2449,test
53699,11,/Users/liuqing/Projects/01_E2E_QA_Code/E2E-Evaluation/outputs/waymo_5neighbor_context_laneaware_clean_v1_part_13_26/shards/shard_000002,1012,test
135627,28,/Users/liuqing/Projects/01_E2E_QA_Code/E2E-Evaluation/outputs/waymo_5neighbor_context_laneaware_clean_v1_part_39_51/shards/shard_000001,4376,test
33751,6,/Users/liuqing/Projects/01_E2E_QA_Code/E2E-Evaluation/outputs/waymo_5neighbor_context_laneaware_clean_v1_part_00_13/shards/shard_000006,3733,test
124326,25,/Users/liuqing/Projects/01_E2E_QA_Code/E2E-Evaluation/outputs/waymo_5neighbor_context_laneaware_clean_v1_part_26_39/shards/shard_000007,4877,test
77372,15,/Users/liuqing/Projects/01_E2E_QA_Code/E2E-Evaluation/outputs/waymo_5neighbor_context_laneaware_clean_v1_part_13_26/shards/shard_000006,4651,test
88948,18,/Users/liuqing/Projects/01_E2E_QA_Code/E2E-Evaluation/outputs/waymo_5neighbor_context_laneaware_clean_v1_part_26_39/shards/shard_000000,4525,test
121899,25,/Users/liuqing/Projects/01_E2E_QA_Code/E2E-Evaluation/outputs/waymo_5neighbor_context_laneaware_clean_v1_part_26_39/shards/shard_000007,2450,test
127094,27,/Users/liuqing/Projects/01_E2E_QA_Code/E2E-Evaluation/outputs/waymo_5neighbor_context_laneaware_clean_v1_part_39_51/shards/shard_000000,844,test
17252,3,/Users/liuqing/Projects/01_E2E_QA_Code/E2E-Evaluation/outputs/waymo_5neighbor_context_laneaware_clean_v1_part_00_13/shards/shard_000003,2246,test
56215,11,/Users/liuqing/Projects/01_E2E_QA_Code/E2E-Evaluation/outputs/waymo_5neighbor_context_laneaware_clean_v1_part_13_26/shards/shard_000002,3528,test
145274,30,/Users/liuqing/Projects/01_E2E_QA_Code/E2E-Evaluation/outputs/waymo_5neighbor_context_laneaware_clean_v1_part_39_51/shards/shard_000003,4005,test
78450,16,/Users/liuqing/Projects/01_E2E_QA_Code/E2E-Evaluation/outputs/waymo_5neighbor_context_laneaware_clean_v1_part_13_26/shards/shard_000007,729,test
137115,29,/Users/liuqing/Projects/01_E2E_QA_Code/E2E-Evaluation/outputs/waymo_5neighbor_context_laneaware_clean_v1_part_39_51/shards/shard_000002,862,test
119703,25,/Users/liuqing/Projects/01_E2E_QA_Code/E2E-Evaluation/outputs/waymo_5neighbor_context_laneaware_clean_v1_part_26_39/shards/shard_000007,254,test
75133,15,/Users/liuqing/Projects/01_E2E_QA_Code/E2E-Evaluation/outputs/waymo_5neighbor_context_laneaware_clean_v1_part_13_26/shards/shard_000006,2412,test
74766,15,/Users/liuqing/Projects/01_E2E_QA_Code/E2E-Evaluation/outputs/waymo_5neighbor_context_laneaware_clean_v1_part_13_26/shards/shard_000006,2045,test
82918,17,/Users/liuqing/Projects/01_E2E_QA_Code/E2E-Evaluation/outputs/waymo_5neighbor_context_laneaware_clean_v1_part_13_26/shards/shard_000008,188,test
5016,1,/Users/liuqing/Projects/01_E2E_QA_Code/E2E-Evaluation/outputs/waymo_5neighbor_context_laneaware_clean_v1_part_00_13/shards/shard_000001,14,test
31302,6,/Users/liuqing/Projects/01_E2E_QA_Code/E2E-Evaluation/outputs/waymo_5neighbor_context_laneaware_clean_v1_part_00_13/shards/shard_000006,1284,test
38789,7,/Users/liuqing/Projects/01_E2E_QA_Code/E2E-Evaluation/outputs/waymo_5neighbor_context_laneaware_clean_v1_part_00_13/shards/shard_000007,3770,test
124401,25,/Users/liuqing/Projects/01_E2E_QA_Code/E2E-Evaluation/outputs/waymo_5neighbor_context_laneaware_clean_v1_part_26_39/shards/shard_000007,4952,test
135644,28,/Users/liuqing/Projects/01_E2E_QA_Code/E2E-Evaluation/outputs/waymo_5neighbor_context_laneaware_clean_v1_part_39_51/shards/shard_000001,4393,test
79718,16,/Users/liuqing/Projects/01_E2E_QA_Code/E2E-Evaluation/outputs/waymo_5neighbor_context_laneaware_clean_v1_part_13_26/shards/shard_000007,1997,test
106976,22,/Users/liuqing/Projects/01_E2E_QA_Code/E2E-Evaluation/outputs/waymo_5neighbor_context_laneaware_clean_v1_part_26_39/shards/shard_000004,2544,test
61953,12,/Users/liuqing/Projects/01_E2E_QA_Code/E2E-Evaluation/outputs/waymo_5neighbor_context_laneaware_clean_v1_part_13_26/shards/shard_000003,4264,test
70505,14,/Users/liuqing/Projects/01_E2E_QA_Code/E2E-Evaluation/outputs/waymo_5neighbor_context_laneaware_clean_v1_part_13_26/shards/shard_000005,2795,test
99333,20,/Users/liuqing/Projects/01_E2E_QA_Code/E2E-Evaluation/outputs/waymo_5neighbor_context_laneaware_clean_v1_part_26_39/shards/shard_000002,4906,test
22763,4,/Users/liuqing/Projects/01_E2E_QA_Code/E2E-Evaluation/outputs/waymo_5neighbor_context_laneaware_clean_v1_part_00_13/shards/shard_000004,2757,test
94936,20,/Users/liuqing/Projects/01_E2E_QA_Code/E2E-Evaluation/outputs/waymo_5neighbor_context_laneaware_clean_v1_part_26_39/shards/shard_000002,509,test
88631,18,/Users/liuqing/Projects/01_E2E_QA_Code/E2E-Evaluation/outputs/waymo_5neighbor_context_laneaware_clean_v1_part_26_39/shards/shard_000000,4208,test
94394,19,/Users/liuqing/Projects/01_E2E_QA_Code/E2E-Evaluation/outputs/waymo_5neighbor_context_laneaware_clean_v1_part_26_39/shards/shard_000001,4967,test
88591,18,/Users/liuqing/Projects/01_E2E_QA_Code/E2E-Evaluation/outputs/waymo_5neighbor_context_laneaware_clean_v1_part_26_39/shards/shard_000000,4168,test
148956,31,/Users/liuqing/Projects/01_E2E_QA_Code/E2E-Evaluation/outputs/waymo_5neighbor_context_laneaware_clean_v1_part_39_51/shards/shard_000004,2686,test
132770,28,/Users/liuqing/Projects/01_E2E_QA_Code/E2E-Evaluation/outputs/waymo_5neighbor_context_laneaware_clean_v1_part_39_51/shards/shard_000001,1519,test
82129,16,/Users/liuqing/Projects/01_E2E_QA_Code/E2E-Evaluation/outputs/waymo_5neighbor_context_laneaware_clean_v1_part_13_26/shards/shard_000007,4408,test
73375,15,/Users/liuqing/Projects/01_E2E_QA_Code/E2E-Evaluation/outputs/waymo_5neighbor_context_laneaware_clean_v1_part_13_26/shards/shard_000006,654,test
133145,28,/Users/liuqing/Projects/01_E2E_QA_Code/E2E-Evaluation/outputs/waymo_5neighbor_context_laneaware_clean_v1_part_39_51/shards/shard_000001,1894,test
29539,5,/Users/liuqing/Projects/01_E2E_QA_Code/E2E-Evaluation/outputs/waymo_5neighbor_context_laneaware_clean_v1_part_00_13/shards/shard_000005,4522,test
124549,26,/Users/liuqing/Projects/01_E2E_QA_Code/E2E-Evaluation/outputs/waymo_5neighbor_context_laneaware_clean_v1_part_26_39/shards/shard_000008,96,test
25486,5,/Users/liuqing/Projects/01_E2E_QA_Code/E2E-Evaluation/outputs/waymo_5neighbor_context_laneaware_clean_v1_part_00_13/shards/shard_000005,469,test
156958,33,/Users/liuqing/Projects/01_E2E_QA_Code/E2E-Evaluation/outputs/waymo_5neighbor_context_laneaware_clean_v1_part_39_51/shards/shard_000006,686,test
48573,10,/Users/liuqing/Projects/01_E2E_QA_Code/E2E-Evaluation/outputs/waymo_5neighbor_context_laneaware_clean_v1_part_13_26/shards/shard_000001,888,test
75190,15,/Users/liuqing/Projects/01_E2E_QA_Code/E2E-Evaluation/outputs/waymo_5neighbor_context_laneaware_clean_v1_part_13_26/shards/shard_000006,2469,test
98640,20,/Users/liuqing/Projects/01_E2E_QA_Code/E2E-Evaluation/outputs/waymo_5neighbor_context_laneaware_clean_v1_part_26_39/shards/shard_000002,4213,test
85419,18,/Users/liuqing/Projects/01_E2E_QA_Code/E2E-Evaluation/outputs/waymo_5neighbor_context_laneaware_clean_v1_part_26_39/shards/shard_000000,996,test
69483,14,/Users/liuqing/Projects/01_E2E_QA_Code/E2E-Evaluation/outputs/waymo_5neighbor_context_laneaware_clean_v1_part_13_26/shards/shard_000005,1773,test
80719,16,/Users/liuqing/Projects/01_E2E_QA_Code/E2E-Evaluation/outputs/waymo_5neighbor_context_laneaware_clean_v1_part_13_26/shards/shard_000007,2998,test
44939,9,/Users/liuqing/Projects/01_E2E_QA_Code/E2E-Evaluation/outputs/waymo_5neighbor_context_laneaware_clean_v1_part_13_26/shards/shard_000000,2267,test
145331,30,/Users/liuqing/Projects/01_E2E_QA_Code/E2E-Evaluation/outputs/waymo_5neighbor_context_laneaware_clean_v1_part_39_51/shards/shard_000003,4062,test
95562,20,/Users/liuqing/Projects/01_E2E_QA_Code/E2E-Evaluation/outputs/waymo_5neighbor_context_laneaware_clean_v1_part_26_39/shards/shard_000002,1135,test
113725,23,/Users/liuqing/Projects/01_E2E_QA_Code/E2E-Evaluation/outputs/waymo_5neighbor_context_laneaware_clean_v1_part_26_39/shards/shard_000005,4286,test
5241,1,/Users/liuqing/Projects/01_E2E_QA_Code/E2E-Evaluation/outputs/waymo_5neighbor_context_laneaware_clean_v1_part_00_13/shards/shard_000001,239,test
55053,11,/Users/liuqing/Projects/01_E2E_QA_Code/E2E-Evaluation/outputs/waymo_5neighbor_context_laneaware_clean_v1_part_13_26/shards/shard_000002,2366,test
93247,19,/Users/liuqing/Projects/01_E2E_QA_Code/E2E-Evaluation/outputs/waymo_5neighbor_context_laneaware_clean_v1_part_26_39/shards/shard_000001,3820,test
71385,14,/Users/liuqing/Projects/01_E2E_QA_Code/E2E-Evaluation/outputs/waymo_5neighbor_context_laneaware_clean_v1_part_13_26/shards/shard_000005,3675,test
47557,9,/Users/liuqing/Projects/01_E2E_QA_Code/E2E-Evaluation/outputs/waymo_5neighbor_context_laneaware_clean_v1_part_13_26/shards/shard_000000,4885,test
52387,10,/Users/liuqing/Projects/01_E2E_QA_Code/E2E-Evaluation/outputs/waymo_5neighbor_context_laneaware_clean_v1_part_13_26/shards/shard_000001,4702,test
90334,19,/Users/liuqing/Projects/01_E2E_QA_Code/E2E-Evaluation/outputs/waymo_5neighbor_context_laneaware_clean_v1_part_26_39/shards/shard_000001,907,test
132185,28,/Users/liuqing/Projects/01_E2E_QA_Code/E2E-Evaluation/outputs/waymo_5neighbor_context_laneaware_clean_v1_part_39_51/shards/shard_000001,934,test
110637,23,/Users/liuqing/Projects/01_E2E_QA_Code/E2E-Evaluation/outputs/waymo_5neighbor_context_laneaware_clean_v1_part_26_39/shards/shard_000005,1198,test
65896,13,/Users/liuqing/Projects/01_E2E_QA_Code/E2E-Evaluation/outputs/waymo_5neighbor_context_laneaware_clean_v1_part_13_26/shards/shard_000004,3194,test
4465,0,/Users/liuqing/Projects/01_E2E_QA_Code/E2E-Evaluation/outputs/waymo_5neighbor_context_laneaware_clean_v1_part_00_13/shards/shard_000000,4465,test
128160,27,/Users/liuqing/Projects/01_E2E_QA_Code/E2E-Evaluation/outputs/waymo_5neighbor_context_laneaware_clean_v1_part_39_51/shards/shard_000000,1910,test
5073,1,/Users/liuqing/Projects/01_E2E_QA_Code/E2E-Evaluation/outputs/waymo_5neighbor_context_laneaware_clean_v1_part_00_13/shards/shard_000001,71,test
111387,23,/Users/liuqing/Projects/01_E2E_QA_Code/E2E-Evaluation/outputs/waymo_5neighbor_context_laneaware_clean_v1_part_26_39/shards/shard_000005,1948,test
64440,13,/Users/liuqing/Projects/01_E2E_QA_Code/E2E-Evaluation/outputs/waymo_5neighbor_context_laneaware_clean_v1_part_13_26/shards/shard_000004,1738,test
46702,9,/Users/liuqing/Projects/01_E2E_QA_Code/E2E-Evaluation/outputs/waymo_5neighbor_context_laneaware_clean_v1_part_13_26/shards/shard_000000,4030,test
119165,24,/Users/liuqing/Projects/01_E2E_QA_Code/E2E-Evaluation/outputs/waymo_5neighbor_context_laneaware_clean_v1_part_26_39/shards/shard_000006,4717,test
42325,8,/Users/liuqing/Projects/01_E2E_QA_Code/E2E-Evaluation/outputs/waymo_5neighbor_context_laneaware_clean_v1_part_00_13/shards/shard_000008,2297,test
121895,25,/Users/liuqing/Projects/01_E2E_QA_Code/E2E-Evaluation/outputs/waymo_5neighbor_context_laneaware_clean_v1_part_26_39/shards/shard_000007,2446,test
66053,13,/Users/liuqing/Projects/01_E2E_QA_Code/E2E-Evaluation/outputs/waymo_5neighbor_context_laneaware_clean_v1_part_13_26/shards/shard_000004,3351,test
143454,30,/Users/liuqing/Projects/01_E2E_QA_Code/E2E-Evaluation/outputs/waymo_5neighbor_context_laneaware_clean_v1_part_39_51/shards/shard_000003,2185,test
136311,29,/Users/liuqing/Projects/01_E2E_QA_Code/E2E-Evaluation/outputs/waymo_5neighbor_context_laneaware_clean_v1_part_39_51/shards/shard_000002,58,test
143217,30,/Users/liuqing/Projects/01_E2E_QA_Code/E2E-Evaluation/outputs/waymo_5neighbor_context_laneaware_clean_v1_part_39_51/shards/shard_000003,1948,test
85410,18,/Users/liuqing/Projects/01_E2E_QA_Code/E2E-Evaluation/outputs/waymo_5neighbor_context_laneaware_clean_v1_part_26_39/shards/shard_000000,987,test
104947,22,/Users/liuqing/Projects/01_E2E_QA_Code/E2E-Evaluation/outputs/waymo_5neighbor_context_laneaware_clean_v1_part_26_39/shards/shard_000004,515,test
36356,7,/Users/liuqing/Projects/01_E2E_QA_Code/E2E-Evaluation/outputs/waymo_5neighbor_context_laneaware_clean_v1_part_00_13/shards/shard_000007,1337,test
43090,9,/Users/liuqing/Projects/01_E2E_QA_Code/E2E-Evaluation/outputs/waymo_5neighbor_context_laneaware_clean_v1_part_13_26/shards/shard_000000,418,test
19412,3,/Users/liuqing/Projects/01_E2E_QA_Code/E2E-Evaluation/outputs/waymo_5neighbor_context_laneaware_clean_v1_part_00_13/shards/shard_000003,4406,test
21093,4,/Users/liuqing/Projects/01_E2E_QA_Code/E2E-Evaluation/outputs/waymo_5neighbor_context_laneaware_clean_v1_part_00_13/shards/shard_000004,1087,test
79400,16,/Users/liuqing/Projects/01_E2E_QA_Code/E2E-Evaluation/outputs/waymo_5neighbor_context_laneaware_clean_v1_part_13_26/shards/shard_000007,1679,test
71985,14,/Users/liuqing/Projects/01_E2E_QA_Code/E2E-Evaluation/outputs/waymo_5neighbor_context_laneaware_clean_v1_part_13_26/shards/shard_000005,4275,test
53701,11,/Users/liuqing/Projects/01_E2E_QA_Code/E2E-Evaluation/outputs/waymo_5neighbor_context_laneaware_clean_v1_part_13_26/shards/shard_000002,1014,test
64727,13,/Users/liuqing/Projects/01_E2E_QA_Code/E2E-Evaluation/outputs/waymo_5neighbor_context_laneaware_clean_v1_part_13_26/shards/shard_000004,2025,test
137681,29,/Users/liuqing/Projects/01_E2E_QA_Code/E2E-Evaluation/outputs/waymo_5neighbor_context_laneaware_clean_v1_part_39_51/shards/shard_000002,1428,test
78451,16,/Users/liuqing/Projects/01_E2E_QA_Code/E2E-Evaluation/outputs/waymo_5neighbor_context_laneaware_clean_v1_part_13_26/shards/shard_000007,730,test
62665,12,/Users/liuqing/Projects/01_E2E_QA_Code/E2E-Evaluation/outputs/waymo_5neighbor_context_laneaware_clean_v1_part_13_26/shards/shard_000003,4976,test
86768,18,/Users/liuqing/Projects/01_E2E_QA_Code/E2E-Evaluation/outputs/waymo_5neighbor_context_laneaware_clean_v1_part_26_39/shards/shard_000000,2345,test
42318,8,/Users/liuqing/Projects/01_E2E_QA_Code/E2E-Evaluation/outputs/waymo_5neighbor_context_laneaware_clean_v1_part_00_13/shards/shard_000008,2290,test
44511,9,/Users/liuqing/Projects/01_E2E_QA_Code/E2E-Evaluation/outputs/waymo_5neighbor_context_laneaware_clean_v1_part_13_26/shards/shard_000000,1839,test
154799,32,/Users/liuqing/Projects/01_E2E_QA_Code/E2E-Evaluation/outputs/waymo_5neighbor_context_laneaware_clean_v1_part_39_51/shards/shard_000005,3528,test
111741,23,/Users/liuqing/Projects/01_E2E_QA_Code/E2E-Evaluation/outputs/waymo_5neighbor_context_laneaware_clean_v1_part_26_39/shards/shard_000005,2302,test
27795,5,/Users/liuqing/Projects/01_E2E_QA_Code/E2E-Evaluation/outputs/waymo_5neighbor_context_laneaware_clean_v1_part_00_13/shards/shard_000005,2778,test
73760,15,/Users/liuqing/Projects/01_E2E_QA_Code/E2E-Evaluation/outputs/waymo_5neighbor_context_laneaware_clean_v1_part_13_26/shards/shard_000006,1039,test
163739,34,/Users/liuqing/Projects/01_E2E_QA_Code/E2E-Evaluation/outputs/waymo_5neighbor_context_laneaware_clean_v1_part_39_51/shards/shard_000007,2459,test
131709,28,/Users/liuqing/Projects/01_E2E_QA_Code/E2E-Evaluation/outputs/waymo_5neighbor_context_laneaware_clean_v1_part_39_51/shards/shard_000001,458,test
78341,16,/Users/liuqing/Projects/01_E2E_QA_Code/E2E-Evaluation/outputs/waymo_5neighbor_context_laneaware_clean_v1_part_13_26/shards/shard_000007,620,test
76746,15,/Users/liuqing/Projects/01_E2E_QA_Code/E2E-Evaluation/outputs/waymo_5neighbor_context_laneaware_clean_v1_part_13_26/shards/shard_000006,4025,test
23454,4,/Users/liuqing/Projects/01_E2E_QA_Code/E2E-Evaluation/outputs/waymo_5neighbor_context_laneaware_clean_v1_part_00_13/shards/shard_000004,3448,test
41824,8,/Users/liuqing/Projects/01_E2E_QA_Code/E2E-Evaluation/outputs/waymo_5neighbor_context_laneaware_clean_v1_part_00_13/shards/shard_000008,1796,test
121821,25,/Users/liuqing/Projects/01_E2E_QA_Code/E2E-Evaluation/outputs/waymo_5neighbor_context_laneaware_clean_v1_part_26_39/shards/shard_000007,2372,test
135997,28,/Users/liuqing/Projects/01_E2E_QA_Code/E2E-Evaluation/outputs/waymo_5neighbor_context_laneaware_clean_v1_part_39_51/shards/shard_000001,4746,test
62074,12,/Users/liuqing/Projects/01_E2E_QA_Code/E2E-Evaluation/outputs/waymo_5neighbor_context_laneaware_clean_v1_part_13_26/shards/shard_000003,4385,test
120565,25,/Users/liuqing/Projects/01_E2E_QA_Code/E2E-Evaluation/outputs/waymo_5neighbor_context_laneaware_clean_v1_part_26_39/shards/shard_000007,1116,test
142551,30,/Users/liuqing/Projects/01_E2E_QA_Code/E2E-Evaluation/outputs/waymo_5neighbor_context_laneaware_clean_v1_part_39_51/shards/shard_000003,1282,test
93812,19,/Users/liuqing/Projects/01_E2E_QA_Code/E2E-Evaluation/outputs/waymo_5neighbor_context_laneaware_clean_v1_part_26_39/shards/shard_000001,4385,test
16041,3,/Users/liuqing/Projects/01_E2E_QA_Code/E2E-Evaluation/outputs/waymo_5neighbor_context_laneaware_clean_v1_part_00_13/shards/shard_000003,1035,test
78367,16,/Users/liuqing/Projects/01_E2E_QA_Code/E2E-Evaluation/outputs/waymo_5neighbor_context_laneaware_clean_v1_part_13_26/shards/shard_000007,646,test
116730,24,/Users/liuqing/Projects/01_E2E_QA_Code/E2E-Evaluation/outputs/waymo_5neighbor_context_laneaware_clean_v1_part_26_39/shards/shard_000006,2282,test
153047,32,/Users/liuqing/Projects/01_E2E_QA_Code/E2E-Evaluation/outputs/waymo_5neighbor_context_laneaware_clean_v1_part_39_51/shards/shard_000005,1776,test
9883,1,/Users/liuqing/Projects/01_E2E_QA_Code/E2E-Evaluation/outputs/waymo_5neighbor_context_laneaware_clean_v1_part_00_13/shards/shard_000001,4881,test
113319,23,/Users/liuqing/Projects/01_E2E_QA_Code/E2E-Evaluation/outputs/waymo_5neighbor_context_laneaware_clean_v1_part_26_39/shards/shard_000005,3880,test
141606,30,/Users/liuqing/Projects/01_E2E_QA_Code/E2E-Evaluation/outputs/waymo_5neighbor_context_laneaware_clean_v1_part_39_51/shards/shard_000003,337,test
92417,19,/Users/liuqing/Projects/01_E2E_QA_Code/E2E-Evaluation/outputs/waymo_5neighbor_context_laneaware_clean_v1_part_26_39/shards/shard_000001,2990,test
7860,1,/Users/liuqing/Projects/01_E2E_QA_Code/E2E-Evaluation/outputs/waymo_5neighbor_context_laneaware_clean_v1_part_00_13/shards/shard_000001,2858,test
119880,25,/Users/liuqing/Projects/01_E2E_QA_Code/E2E-Evaluation/outputs/waymo_5neighbor_context_laneaware_clean_v1_part_26_39/shards/shard_000007,431,test
130938,27,/Users/liuqing/Projects/01_E2E_QA_Code/E2E-Evaluation/outputs/waymo_5neighbor_context_laneaware_clean_v1_part_39_51/shards/shard_000000,4688,test
124328,25,/Users/liuqing/Projects/01_E2E_QA_Code/E2E-Evaluation/outputs/waymo_5neighbor_context_laneaware_clean_v1_part_26_39/shards/shard_000007,4879,test
78357,16,/Users/liuqing/Projects/01_E2E_QA_Code/E2E-Evaluation/outputs/waymo_5neighbor_context_laneaware_clean_v1_part_13_26/shards/shard_000007,636,test
142546,30,/Users/liuqing/Projects/01_E2E_QA_Code/E2E-Evaluation/outputs/waymo_5neighbor_context_laneaware_clean_v1_part_39_51/shards/shard_000003,1277,test
4317,0,/Users/liuqing/Projects/01_E2E_QA_Code/E2E-Evaluation/outputs/waymo_5neighbor_context_laneaware_clean_v1_part_00_13/shards/shard_000000,4317,test
13955,2,/Users/liuqing/Projects/01_E2E_QA_Code/E2E-Evaluation/outputs/waymo_5neighbor_context_laneaware_clean_v1_part_00_13/shards/shard_000002,3949,test
97275,20,/Users/liuqing/Projects/01_E2E_QA_Code/E2E-Evaluation/outputs/waymo_5neighbor_context_laneaware_clean_v1_part_26_39/shards/shard_000002,2848,test
10415,2,/Users/liuqing/Projects/01_E2E_QA_Code/E2E-Evaluation/outputs/waymo_5neighbor_context_laneaware_clean_v1_part_00_13/shards/shard_000002,409,test
144027,30,/Users/liuqing/Projects/01_E2E_QA_Code/E2E-Evaluation/outputs/waymo_5neighbor_context_laneaware_clean_v1_part_39_51/shards/shard_000003,2758,test
29544,5,/Users/liuqing/Projects/01_E2E_QA_Code/E2E-Evaluation/outputs/waymo_5neighbor_context_laneaware_clean_v1_part_00_13/shards/shard_000005,4527,test
36091,7,/Users/liuqing/Projects/01_E2E_QA_Code/E2E-Evaluation/outputs/waymo_5neighbor_context_laneaware_clean_v1_part_00_13/shards/shard_000007,1072,test
11752,2,/Users/liuqing/Projects/01_E2E_QA_Code/E2E-Evaluation/outputs/waymo_5neighbor_context_laneaware_clean_v1_part_00_13/shards/shard_000002,1746,test
27378,5,/Users/liuqing/Projects/01_E2E_QA_Code/E2E-Evaluation/outputs/waymo_5neighbor_context_laneaware_clean_v1_part_00_13/shards/shard_000005,2361,test
76748,15,/Users/liuqing/Projects/01_E2E_QA_Code/E2E-Evaluation/outputs/waymo_5neighbor_context_laneaware_clean_v1_part_13_26/shards/shard_000006,4027,test
146606,31,/Users/liuqing/Projects/01_E2E_QA_Code/E2E-Evaluation/outputs/waymo_5neighbor_context_laneaware_clean_v1_part_39_51/shards/shard_000004,336,test
74683,15,/Users/liuqing/Projects/01_E2E_QA_Code/E2E-Evaluation/outputs/waymo_5neighbor_context_laneaware_clean_v1_part_13_26/shards/shard_000006,1962,test
105878,22,/Users/liuqing/Projects/01_E2E_QA_Code/E2E-Evaluation/outputs/waymo_5neighbor_context_laneaware_clean_v1_part_26_39/shards/shard_000004,1446,test
15696,3,/Users/liuqing/Projects/01_E2E_QA_Code/E2E-Evaluation/outputs/waymo_5neighbor_context_laneaware_clean_v1_part_00_13/shards/shard_000003,690,test
9663,1,/Users/liuqing/Projects/01_E2E_QA_Code/E2E-Evaluation/outputs/waymo_5neighbor_context_laneaware_clean_v1_part_00_13/shards/shard_000001,4661,test
105694,22,/Users/liuqing/Projects/01_E2E_QA_Code/E2E-Evaluation/outputs/waymo_5neighbor_context_laneaware_clean_v1_part_26_39/shards/shard_000004,1262,test
70648,14,/Users/liuqing/Projects/01_E2E_QA_Code/E2E-Evaluation/outputs/waymo_5neighbor_context_laneaware_clean_v1_part_13_26/shards/shard_000005,2938,test
41563,8,/Users/liuqing/Projects/01_E2E_QA_Code/E2E-Evaluation/outputs/waymo_5neighbor_context_laneaware_clean_v1_part_00_13/shards/shard_000008,1535,test
44938,9,/Users/liuqing/Projects/01_E2E_QA_Code/E2E-Evaluation/outputs/waymo_5neighbor_context_laneaware_clean_v1_part_13_26/shards/shard_000000,2266,test
103681,21,/Users/liuqing/Projects/01_E2E_QA_Code/E2E-Evaluation/outputs/waymo_5neighbor_context_laneaware_clean_v1_part_26_39/shards/shard_000003,4250,test
142766,30,/Users/liuqing/Projects/01_E2E_QA_Code/E2E-Evaluation/outputs/waymo_5neighbor_context_laneaware_clean_v1_part_39_51/shards/shard_000003,1497,test
51791,10,/Users/liuqing/Projects/01_E2E_QA_Code/E2E-Evaluation/outputs/waymo_5neighbor_context_laneaware_clean_v1_part_13_26/shards/shard_000001,4106,test
13240,2,/Users/liuqing/Projects/01_E2E_QA_Code/E2E-Evaluation/outputs/waymo_5neighbor_context_laneaware_clean_v1_part_00_13/shards/shard_000002,3234,test
98939,20,/Users/liuqing/Projects/01_E2E_QA_Code/E2E-Evaluation/outputs/waymo_5neighbor_context_laneaware_clean_v1_part_26_39/shards/shard_000002,4512,test
99172,20,/Users/liuqing/Projects/01_E2E_QA_Code/E2E-Evaluation/outputs/waymo_5neighbor_context_laneaware_clean_v1_part_26_39/shards/shard_000002,4745,test
153442,32,/Users/liuqing/Projects/01_E2E_QA_Code/E2E-Evaluation/outputs/waymo_5neighbor_context_laneaware_clean_v1_part_39_51/shards/shard_000005,2171,test
148505,31,/Users/liuqing/Projects/01_E2E_QA_Code/E2E-Evaluation/outputs/waymo_5neighbor_context_laneaware_clean_v1_part_39_51/shards/shard_000004,2235,test
93815,19,/Users/liuqing/Projects/01_E2E_QA_Code/E2E-Evaluation/outputs/waymo_5neighbor_context_laneaware_clean_v1_part_26_39/shards/shard_000001,4388,test
76989,15,/Users/liuqing/Projects/01_E2E_QA_Code/E2E-Evaluation/outputs/waymo_5neighbor_context_laneaware_clean_v1_part_13_26/shards/shard_000006,4268,test
91420,19,/Users/liuqing/Projects/01_E2E_QA_Code/E2E-Evaluation/outputs/waymo_5neighbor_context_laneaware_clean_v1_part_26_39/shards/shard_000001,1993,test
123876,25,/Users/liuqing/Projects/01_E2E_QA_Code/E2E-Evaluation/outputs/waymo_5neighbor_context_laneaware_clean_v1_part_26_39/shards/shard_000007,4427,test
133268,28,/Users/liuqing/Projects/01_E2E_QA_Code/E2E-Evaluation/outputs/waymo_5neighbor_context_laneaware_clean_v1_part_39_51/shards/shard_000001,2017,test
144138,30,/Users/liuqing/Projects/01_E2E_QA_Code/E2E-Evaluation/outputs/waymo_5neighbor_context_laneaware_clean_v1_part_39_51/shards/shard_000003,2869,test
115344,24,/Users/liuqing/Projects/01_E2E_QA_Code/E2E-Evaluation/outputs/waymo_5neighbor_context_laneaware_clean_v1_part_26_39/shards/shard_000006,896,test
37669,7,/Users/liuqing/Projects/01_E2E_QA_Code/E2E-Evaluation/outputs/waymo_5neighbor_context_laneaware_clean_v1_part_00_13/shards/shard_000007,2650,test
91396,19,/Users/liuqing/Projects/01_E2E_QA_Code/E2E-Evaluation/outputs/waymo_5neighbor_context_laneaware_clean_v1_part_26_39/shards/shard_000001,1969,test
114080,23,/Users/liuqing/Projects/01_E2E_QA_Code/E2E-Evaluation/outputs/waymo_5neighbor_context_laneaware_clean_v1_part_26_39/shards/shard_000005,4641,test
88680,18,/Users/liuqing/Projects/01_E2E_QA_Code/E2E-Evaluation/outputs/waymo_5neighbor_context_laneaware_clean_v1_part_26_39/shards/shard_000000,4257,test
81039,16,/Users/liuqing/Projects/01_E2E_QA_Code/E2E-Evaluation/outputs/waymo_5neighbor_context_laneaware_clean_v1_part_13_26/shards/shard_000007,3318,test
128454,27,/Users/liuqing/Projects/01_E2E_QA_Code/E2E-Evaluation/outputs/waymo_5neighbor_context_laneaware_clean_v1_part_39_51/shards/shard_000000,2204,test
18068,3,/Users/liuqing/Projects/01_E2E_QA_Code/E2E-Evaluation/outputs/waymo_5neighbor_context_laneaware_clean_v1_part_00_13/shards/shard_000003,3062,test
111235,23,/Users/liuqing/Projects/01_E2E_QA_Code/E2E-Evaluation/outputs/waymo_5neighbor_context_laneaware_clean_v1_part_26_39/shards/shard_000005,1796,test
126117,26,/Users/liuqing/Projects/01_E2E_QA_Code/E2E-Evaluation/outputs/waymo_5neighbor_context_laneaware_clean_v1_part_26_39/shards/shard_000008,1664,test
74792,15,/Users/liuqing/Projects/01_E2E_QA_Code/E2E-Evaluation/outputs/waymo_5neighbor_context_laneaware_clean_v1_part_13_26/shards/shard_000006,2071,test
124330,25,/Users/liuqing/Projects/01_E2E_QA_Code/E2E-Evaluation/outputs/waymo_5neighbor_context_laneaware_clean_v1_part_26_39/shards/shard_000007,4881,test
124576,26,/Users/liuqing/Projects/01_E2E_QA_Code/E2E-Evaluation/outputs/waymo_5neighbor_context_laneaware_clean_v1_part_26_39/shards/shard_000008,123,test
44937,9,/Users/liuqing/Projects/01_E2E_QA_Code/E2E-Evaluation/outputs/waymo_5neighbor_context_laneaware_clean_v1_part_13_26/shards/shard_000000,2265,test
60746,12,/Users/liuqing/Projects/01_E2E_QA_Code/E2E-Evaluation/outputs/waymo_5neighbor_context_laneaware_clean_v1_part_13_26/shards/shard_000003,3057,test
87893,18,/Users/liuqing/Projects/01_E2E_QA_Code/E2E-Evaluation/outputs/waymo_5neighbor_context_laneaware_clean_v1_part_26_39/shards/shard_000000,3470,test
46490,9,/Users/liuqing/Projects/01_E2E_QA_Code/E2E-Evaluation/outputs/waymo_5neighbor_context_laneaware_clean_v1_part_13_26/shards/shard_000000,3818,test
142770,30,/Users/liuqing/Projects/01_E2E_QA_Code/E2E-Evaluation/outputs/waymo_5neighbor_context_laneaware_clean_v1_part_39_51/shards/shard_000003,1501,test
102539,21,/Users/liuqing/Projects/01_E2E_QA_Code/E2E-Evaluation/outputs/waymo_5neighbor_context_laneaware_clean_v1_part_26_39/shards/shard_000003,3108,test
58913,12,/Users/liuqing/Projects/01_E2E_QA_Code/E2E-Evaluation/outputs/waymo_5neighbor_context_laneaware_clean_v1_part_13_26/shards/shard_000003,1224,test
124579,26,/Users/liuqing/Projects/01_E2E_QA_Code/E2E-Evaluation/outputs/waymo_5neighbor_context_laneaware_clean_v1_part_26_39/shards/shard_000008,126,test
132682,28,/Users/liuqing/Projects/01_E2E_QA_Code/E2E-Evaluation/outputs/waymo_5neighbor_context_laneaware_clean_v1_part_39_51/shards/shard_000001,1431,test
7315,1,/Users/liuqing/Projects/01_E2E_QA_Code/E2E-Evaluation/outputs/waymo_5neighbor_context_laneaware_clean_v1_part_00_13/shards/shard_000001,2313,test
31894,6,/Users/liuqing/Projects/01_E2E_QA_Code/E2E-Evaluation/outputs/waymo_5neighbor_context_laneaware_clean_v1_part_00_13/shards/shard_000006,1876,test
121872,25,/Users/liuqing/Projects/01_E2E_QA_Code/E2E-Evaluation/outputs/waymo_5neighbor_context_laneaware_clean_v1_part_26_39/shards/shard_000007,2423,test
14873,2,/Users/liuqing/Projects/01_E2E_QA_Code/E2E-Evaluation/outputs/waymo_5neighbor_context_laneaware_clean_v1_part_00_13/shards/shard_000002,4867,test
78452,16,/Users/liuqing/Projects/01_E2E_QA_Code/E2E-Evaluation/outputs/waymo_5neighbor_context_laneaware_clean_v1_part_13_26/shards/shard_000007,731,test
27389,5,/Users/liuqing/Projects/01_E2E_QA_Code/E2E-Evaluation/outputs/waymo_5neighbor_context_laneaware_clean_v1_part_00_13/shards/shard_000005,2372,test
22766,4,/Users/liuqing/Projects/01_E2E_QA_Code/E2E-Evaluation/outputs/waymo_5neighbor_context_laneaware_clean_v1_part_00_13/shards/shard_000004,2760,test
151933,32,/Users/liuqing/Projects/01_E2E_QA_Code/E2E-Evaluation/outputs/waymo_5neighbor_context_laneaware_clean_v1_part_39_51/shards/shard_000005,662,test
50005,10,/Users/liuqing/Projects/01_E2E_QA_Code/E2E-Evaluation/outputs/waymo_5neighbor_context_laneaware_clean_v1_part_13_26/shards/shard_000001,2320,test
34706,6,/Users/liuqing/Projects/01_E2E_QA_Code/E2E-Evaluation/outputs/waymo_5neighbor_context_laneaware_clean_v1_part_00_13/shards/shard_000006,4688,test
133144,28,/Users/liuqing/Projects/01_E2E_QA_Code/E2E-Evaluation/outputs/waymo_5neighbor_context_laneaware_clean_v1_part_39_51/shards/shard_000001,1893,test
142187,30,/Users/liuqing/Projects/01_E2E_QA_Code/E2E-Evaluation/outputs/waymo_5neighbor_context_laneaware_clean_v1_part_39_51/shards/shard_000003,918,test
10413,2,/Users/liuqing/Projects/01_E2E_QA_Code/E2E-Evaluation/outputs/waymo_5neighbor_context_laneaware_clean_v1_part_00_13/shards/shard_000002,407,test
9665,1,/Users/liuqing/Projects/01_E2E_QA_Code/E2E-Evaluation/outputs/waymo_5neighbor_context_laneaware_clean_v1_part_00_13/shards/shard_000001,4663,test
94009,19,/Users/liuqing/Projects/01_E2E_QA_Code/E2E-Evaluation/outputs/waymo_5neighbor_context_laneaware_clean_v1_part_26_39/shards/shard_000001,4582,test
148354,31,/Users/liuqing/Projects/01_E2E_QA_Code/E2E-Evaluation/outputs/waymo_5neighbor_context_laneaware_clean_v1_part_39_51/shards/shard_000004,2084,test
127148,27,/Users/liuqing/Projects/01_E2E_QA_Code/E2E-Evaluation/outputs/waymo_5neighbor_context_laneaware_clean_v1_part_39_51/shards/shard_000000,898,test
124331,25,/Users/liuqing/Projects/01_E2E_QA_Code/E2E-Evaluation/outputs/waymo_5neighbor_context_laneaware_clean_v1_part_26_39/shards/shard_000007,4882,test
90332,19,/Users/liuqing/Projects/01_E2E_QA_Code/E2E-Evaluation/outputs/waymo_5neighbor_context_laneaware_clean_v1_part_26_39/shards/shard_000001,905,test
74945,15,/Users/liuqing/Projects/01_E2E_QA_Code/E2E-Evaluation/outputs/waymo_5neighbor_context_laneaware_clean_v1_part_13_26/shards/shard_000006,2224,test
148370,31,/Users/liuqing/Projects/01_E2E_QA_Code/E2E-Evaluation/outputs/waymo_5neighbor_context_laneaware_clean_v1_part_39_51/shards/shard_000004,2100,test
60754,12,/Users/liuqing/Projects/01_E2E_QA_Code/E2E-Evaluation/outputs/waymo_5neighbor_context_laneaware_clean_v1_part_13_26/shards/shard_000003,3065,test
42375,8,/Users/liuqing/Projects/01_E2E_QA_Code/E2E-Evaluation/outputs/waymo_5neighbor_context_laneaware_clean_v1_part_00_13/shards/shard_000008,2347,test
109825,23,/Users/liuqing/Projects/01_E2E_QA_Code/E2E-Evaluation/outputs/waymo_5neighbor_context_laneaware_clean_v1_part_26_39/shards/shard_000005,386,test
149272,31,/Users/liuqing/Projects/01_E2E_QA_Code/E2E-Evaluation/outputs/waymo_5neighbor_context_laneaware_clean_v1_part_39_51/shards/shard_000004,3002,test
127152,27,/Users/liuqing/Projects/01_E2E_QA_Code/E2E-Evaluation/outputs/waymo_5neighbor_context_laneaware_clean_v1_part_39_51/shards/shard_000000,902,test
85409,18,/Users/liuqing/Projects/01_E2E_QA_Code/E2E-Evaluation/outputs/waymo_5neighbor_context_laneaware_clean_v1_part_26_39/shards/shard_000000,986,test
163297,34,/Users/liuqing/Projects/01_E2E_QA_Code/E2E-Evaluation/outputs/waymo_5neighbor_context_laneaware_clean_v1_part_39_51/shards/shard_000007,2017,test
90333,19,/Users/liuqing/Projects/01_E2E_QA_Code/E2E-Evaluation/outputs/waymo_5neighbor_context_laneaware_clean_v1_part_26_39/shards/shard_000001,906,test
130943,27,/Users/liuqing/Projects/01_E2E_QA_Code/E2E-Evaluation/outputs/waymo_5neighbor_context_laneaware_clean_v1_part_39_51/shards/shard_000000,4693,test
14168,2,/Users/liuqing/Projects/01_E2E_QA_Code/E2E-Evaluation/outputs/waymo_5neighbor_context_laneaware_clean_v1_part_00_13/shards/shard_000002,4162,test
118402,24,/Users/liuqing/Projects/01_E2E_QA_Code/E2E-Evaluation/outputs/waymo_5neighbor_context_laneaware_clean_v1_part_26_39/shards/shard_000006,3954,test
105230,22,/Users/liuqing/Projects/01_E2E_QA_Code/E2E-Evaluation/outputs/waymo_5neighbor_context_laneaware_clean_v1_part_26_39/shards/shard_000004,798,test
154830,32,/Users/liuqing/Projects/01_E2E_QA_Code/E2E-Evaluation/outputs/waymo_5neighbor_context_laneaware_clean_v1_part_39_51/shards/shard_000005,3559,test
92741,19,/Users/liuqing/Projects/01_E2E_QA_Code/E2E-Evaluation/outputs/waymo_5neighbor_context_laneaware_clean_v1_part_26_39/shards/shard_000001,3314,test
9882,1,/Users/liuqing/Projects/01_E2E_QA_Code/E2E-Evaluation/outputs/waymo_5neighbor_context_laneaware_clean_v1_part_00_13/shards/shard_000001,4880,test
153922,32,/Users/liuqing/Projects/01_E2E_QA_Code/E2E-Evaluation/outputs/waymo_5neighbor_context_laneaware_clean_v1_part_39_51/shards/shard_000005,2651,test
162812,34,/Users/liuqing/Projects/01_E2E_QA_Code/E2E-Evaluation/outputs/waymo_5neighbor_context_laneaware_clean_v1_part_39_51/shards/shard_000007,1532,test
88753,18,/Users/liuqing/Projects/01_E2E_QA_Code/E2E-Evaluation/outputs/waymo_5neighbor_context_laneaware_clean_v1_part_26_39/shards/shard_000000,4330,test
79150,16,/Users/liuqing/Projects/01_E2E_QA_Code/E2E-Evaluation/outputs/waymo_5neighbor_context_laneaware_clean_v1_part_13_26/shards/shard_000007,1429,test
105596,22,/Users/liuqing/Projects/01_E2E_QA_Code/E2E-Evaluation/outputs/waymo_5neighbor_context_laneaware_clean_v1_part_26_39/shards/shard_000004,1164,test
134756,28,/Users/liuqing/Projects/01_E2E_QA_Code/E2E-Evaluation/outputs/waymo_5neighbor_context_laneaware_clean_v1_part_39_51/shards/shard_000001,3505,test
14866,2,/Users/liuqing/Projects/01_E2E_QA_Code/E2E-Evaluation/outputs/waymo_5neighbor_context_laneaware_clean_v1_part_00_13/shards/shard_000002,4860,test
153324,32,/Users/liuqing/Projects/01_E2E_QA_Code/E2E-Evaluation/outputs/waymo_5neighbor_context_laneaware_clean_v1_part_39_51/shards/shard_000005,2053,test
88601,18,/Users/liuqing/Projects/01_E2E_QA_Code/E2E-Evaluation/outputs/waymo_5neighbor_context_laneaware_clean_v1_part_26_39/shards/shard_000000,4178,test
27877,5,/Users/liuqing/Projects/01_E2E_QA_Code/E2E-Evaluation/outputs/waymo_5neighbor_context_laneaware_clean_v1_part_00_13/shards/shard_000005,2860,test
82468,16,/Users/liuqing/Projects/01_E2E_QA_Code/E2E-Evaluation/outputs/waymo_5neighbor_context_laneaware_clean_v1_part_13_26/shards/shard_000007,4747,test
40636,8,/Users/liuqing/Projects/01_E2E_QA_Code/E2E-Evaluation/outputs/waymo_5neighbor_context_laneaware_clean_v1_part_00_13/shards/shard_000008,608,test
47556,9,/Users/liuqing/Projects/01_E2E_QA_Code/E2E-Evaluation/outputs/waymo_5neighbor_context_laneaware_clean_v1_part_13_26/shards/shard_000000,4884,test
48533,10,/Users/liuqing/Projects/01_E2E_QA_Code/E2E-Evaluation/outputs/waymo_5neighbor_context_laneaware_clean_v1_part_13_26/shards/shard_000001,848,test
66732,13,/Users/liuqing/Projects/01_E2E_QA_Code/E2E-Evaluation/outputs/waymo_5neighbor_context_laneaware_clean_v1_part_13_26/shards/shard_000004,4030,test
47063,9,/Users/liuqing/Projects/01_E2E_QA_Code/E2E-Evaluation/outputs/waymo_5neighbor_context_laneaware_clean_v1_part_13_26/shards/shard_000000,4391,test
56262,11,/Users/liuqing/Projects/01_E2E_QA_Code/E2E-Evaluation/outputs/waymo_5neighbor_context_laneaware_clean_v1_part_13_26/shards/shard_000002,3575,test
66356,13,/Users/liuqing/Projects/01_E2E_QA_Code/E2E-Evaluation/outputs/waymo_5neighbor_context_laneaware_clean_v1_part_13_26/shards/shard_000004,3654,test
102731,21,/Users/liuqing/Projects/01_E2E_QA_Code/E2E-Evaluation/outputs/waymo_5neighbor_context_laneaware_clean_v1_part_26_39/shards/shard_000003,3300,test
106174,22,/Users/liuqing/Projects/01_E2E_QA_Code/E2E-Evaluation/outputs/waymo_5neighbor_context_laneaware_clean_v1_part_26_39/shards/shard_000004,1742,test
67567,13,/Users/liuqing/Projects/01_E2E_QA_Code/E2E-Evaluation/outputs/waymo_5neighbor_context_laneaware_clean_v1_part_13_26/shards/shard_000004,4865,test
100724,21,/Users/liuqing/Projects/01_E2E_QA_Code/E2E-Evaluation/outputs/waymo_5neighbor_context_laneaware_clean_v1_part_26_39/shards/shard_000003,1293,test
133151,28,/Users/liuqing/Projects/01_E2E_QA_Code/E2E-Evaluation/outputs/waymo_5neighbor_context_laneaware_clean_v1_part_39_51/shards/shard_000001,1900,test
47559,9,/Users/liuqing/Projects/01_E2E_QA_Code/E2E-Evaluation/outputs/waymo_5neighbor_context_laneaware_clean_v1_part_13_26/shards/shard_000000,4887,test
26788,5,/Users/liuqing/Projects/01_E2E_QA_Code/E2E-Evaluation/outputs/waymo_5neighbor_context_laneaware_clean_v1_part_00_13/shards/shard_000005,1771,test
76771,15,/Users/liuqing/Projects/01_E2E_QA_Code/E2E-Evaluation/outputs/waymo_5neighbor_context_laneaware_clean_v1_part_13_26/shards/shard_000006,4050,test
71487,14,/Users/liuqing/Projects/01_E2E_QA_Code/E2E-Evaluation/outputs/waymo_5neighbor_context_laneaware_clean_v1_part_13_26/shards/shard_000005,3777,test
44796,9,/Users/liuqing/Projects/01_E2E_QA_Code/E2E-Evaluation/outputs/waymo_5neighbor_context_laneaware_clean_v1_part_13_26/shards/shard_000000,2124,test
25974,5,/Users/liuqing/Projects/01_E2E_QA_Code/E2E-Evaluation/outputs/waymo_5neighbor_context_laneaware_clean_v1_part_00_13/shards/shard_000005,957,test
93877,19,/Users/liuqing/Projects/01_E2E_QA_Code/E2E-Evaluation/outputs/waymo_5neighbor_context_laneaware_clean_v1_part_26_39/shards/shard_000001,4450,test
133842,28,/Users/liuqing/Projects/01_E2E_QA_Code/E2E-Evaluation/outputs/waymo_5neighbor_context_laneaware_clean_v1_part_39_51/shards/shard_000001,2591,test
90560,19,/Users/liuqing/Projects/01_E2E_QA_Code/E2E-Evaluation/outputs/waymo_5neighbor_context_laneaware_clean_v1_part_26_39/shards/shard_000001,1133,test
100388,21,/Users/liuqing/Projects/01_E2E_QA_Code/E2E-Evaluation/outputs/waymo_5neighbor_context_laneaware_clean_v1_part_26_39/shards/shard_000003,957,test
25591,5,/Users/liuqing/Projects/01_E2E_QA_Code/E2E-Evaluation/outputs/waymo_5neighbor_context_laneaware_clean_v1_part_00_13/shards/shard_000005,574,test
96814,20,/Users/liuqing/Projects/01_E2E_QA_Code/E2E-Evaluation/outputs/waymo_5neighbor_context_laneaware_clean_v1_part_26_39/shards/shard_000002,2387,test
81053,16,/Users/liuqing/Projects/01_E2E_QA_Code/E2E-Evaluation/outputs/waymo_5neighbor_context_laneaware_clean_v1_part_13_26/shards/shard_000007,3332,test
53565,11,/Users/liuqing/Projects/01_E2E_QA_Code/E2E-Evaluation/outputs/waymo_5neighbor_context_laneaware_clean_v1_part_13_26/shards/shard_000002,878,test
22442,4,/Users/liuqing/Projects/01_E2E_QA_Code/E2E-Evaluation/outputs/waymo_5neighbor_context_laneaware_clean_v1_part_00_13/shards/shard_000004,2436,test
25842,5,/Users/liuqing/Projects/01_E2E_QA_Code/E2E-Evaluation/outputs/waymo_5neighbor_context_laneaware_clean_v1_part_00_13/shards/shard_000005,825,test
92404,19,/Users/liuqing/Projects/01_E2E_QA_Code/E2E-Evaluation/outputs/waymo_5neighbor_context_laneaware_clean_v1_part_26_39/shards/shard_000001,2977,test
10940,2,/Users/liuqing/Projects/01_E2E_QA_Code/E2E-Evaluation/outputs/waymo_5neighbor_context_laneaware_clean_v1_part_00_13/shards/shard_000002,934,test
98681,20,/Users/liuqing/Projects/01_E2E_QA_Code/E2E-Evaluation/outputs/waymo_5neighbor_context_laneaware_clean_v1_part_26_39/shards/shard_000002,4254,test
119879,25,/Users/liuqing/Projects/01_E2E_QA_Code/E2E-Evaluation/outputs/waymo_5neighbor_context_laneaware_clean_v1_part_26_39/shards/shard_000007,430,test
40824,8,/Users/liuqing/Projects/01_E2E_QA_Code/E2E-Evaluation/outputs/waymo_5neighbor_context_laneaware_clean_v1_part_00_13/shards/shard_000008,796,test
17475,3,/Users/liuqing/Projects/01_E2E_QA_Code/E2E-Evaluation/outputs/waymo_5neighbor_context_laneaware_clean_v1_part_00_13/shards/shard_000003,2469,test
113198,23,/Users/liuqing/Projects/01_E2E_QA_Code/E2E-Evaluation/outputs/waymo_5neighbor_context_laneaware_clean_v1_part_26_39/shards/shard_000005,3759,test
124225,25,/Users/liuqing/Projects/01_E2E_QA_Code/E2E-Evaluation/outputs/waymo_5neighbor_context_laneaware_clean_v1_part_26_39/shards/shard_000007,4776,test
108941,22,/Users/liuqing/Projects/01_E2E_QA_Code/E2E-Evaluation/outputs/waymo_5neighbor_context_laneaware_clean_v1_part_26_39/shards/shard_000004,4509,test
9369,1,/Users/liuqing/Projects/01_E2E_QA_Code/E2E-Evaluation/outputs/waymo_5neighbor_context_laneaware_clean_v1_part_00_13/shards/shard_000001,4367,test
73685,15,/Users/liuqing/Projects/01_E2E_QA_Code/E2E-Evaluation/outputs/waymo_5neighbor_context_laneaware_clean_v1_part_13_26/shards/shard_000006,964,test
46701,9,/Users/liuqing/Projects/01_E2E_QA_Code/E2E-Evaluation/outputs/waymo_5neighbor_context_laneaware_clean_v1_part_13_26/shards/shard_000000,4029,test
38,0,/Users/liuqing/Projects/01_E2E_QA_Code/E2E-Evaluation/outputs/waymo_5neighbor_context_laneaware_clean_v1_part_00_13/shards/shard_000000,38,test
18168,3,/Users/liuqing/Projects/01_E2E_QA_Code/E2E-Evaluation/outputs/waymo_5neighbor_context_laneaware_clean_v1_part_00_13/shards/shard_000003,3162,test
79405,16,/Users/liuqing/Projects/01_E2E_QA_Code/E2E-Evaluation/outputs/waymo_5neighbor_context_laneaware_clean_v1_part_13_26/shards/shard_000007,1684,test
86769,18,/Users/liuqing/Projects/01_E2E_QA_Code/E2E-Evaluation/outputs/waymo_5neighbor_context_laneaware_clean_v1_part_26_39/shards/shard_000000,2346,test
105133,22,/Users/liuqing/Projects/01_E2E_QA_Code/E2E-Evaluation/outputs/waymo_5neighbor_context_laneaware_clean_v1_part_26_39/shards/shard_000004,701,test
81174,16,/Users/liuqing/Projects/01_E2E_QA_Code/E2E-Evaluation/outputs/waymo_5neighbor_context_laneaware_clean_v1_part_13_26/shards/shard_000007,3453,test
125838,26,/Users/liuqing/Projects/01_E2E_QA_Code/E2E-Evaluation/outputs/waymo_5neighbor_context_laneaware_clean_v1_part_26_39/shards/shard_000008,1385,test
57674,11,/Users/liuqing/Projects/01_E2E_QA_Code/E2E-Evaluation/outputs/waymo_5neighbor_context_laneaware_clean_v1_part_13_26/shards/shard_000002,4987,test
26783,5,/Users/liuqing/Projects/01_E2E_QA_Code/E2E-Evaluation/outputs/waymo_5neighbor_context_laneaware_clean_v1_part_00_13/shards/shard_000005,1766,test
85788,18,/Users/liuqing/Projects/01_E2E_QA_Code/E2E-Evaluation/outputs/waymo_5neighbor_context_laneaware_clean_v1_part_26_39/shards/shard_000000,1365,test
121698,25,/Users/liuqing/Projects/01_E2E_QA_Code/E2E-Evaluation/outputs/waymo_5neighbor_context_laneaware_clean_v1_part_26_39/shards/shard_000007,2249,test
119740,25,/Users/liuqing/Projects/01_E2E_QA_Code/E2E-Evaluation/outputs/waymo_5neighbor_context_laneaware_clean_v1_part_26_39/shards/shard_000007,291,test
685,0,/Users/liuqing/Projects/01_E2E_QA_Code/E2E-Evaluation/outputs/waymo_5neighbor_context_laneaware_clean_v1_part_00_13/shards/shard_000000,685,test
56100,11,/Users/liuqing/Projects/01_E2E_QA_Code/E2E-Evaluation/outputs/waymo_5neighbor_context_laneaware_clean_v1_part_13_26/shards/shard_000002,3413,test
78553,16,/Users/liuqing/Projects/01_E2E_QA_Code/E2E-Evaluation/outputs/waymo_5neighbor_context_laneaware_clean_v1_part_13_26/shards/shard_000007,832,test
21094,4,/Users/liuqing/Projects/01_E2E_QA_Code/E2E-Evaluation/outputs/waymo_5neighbor_context_laneaware_clean_v1_part_00_13/shards/shard_000004,1088,test
129774,27,/Users/liuqing/Projects/01_E2E_QA_Code/E2E-Evaluation/outputs/waymo_5neighbor_context_laneaware_clean_v1_part_39_51/shards/shard_000000,3524,test
87814,18,/Users/liuqing/Projects/01_E2E_QA_Code/E2E-Evaluation/outputs/waymo_5neighbor_context_laneaware_clean_v1_part_26_39/shards/shard_000000,3391,test
142502,30,/Users/liuqing/Projects/01_E2E_QA_Code/E2E-Evaluation/outputs/waymo_5neighbor_context_laneaware_clean_v1_part_39_51/shards/shard_000003,1233,test
47083,9,/Users/liuqing/Projects/01_E2E_QA_Code/E2E-Evaluation/outputs/waymo_5neighbor_context_laneaware_clean_v1_part_13_26/shards/shard_000000,4411,test
51293,10,/Users/liuqing/Projects/01_E2E_QA_Code/E2E-Evaluation/outputs/waymo_5neighbor_context_laneaware_clean_v1_part_13_26/shards/shard_000001,3608,test
58636,12,/Users/liuqing/Projects/01_E2E_QA_Code/E2E-Evaluation/outputs/waymo_5neighbor_context_laneaware_clean_v1_part_13_26/shards/shard_000003,947,test
111409,23,/Users/liuqing/Projects/01_E2E_QA_Code/E2E-Evaluation/outputs/waymo_5neighbor_context_laneaware_clean_v1_part_26_39/shards/shard_000005,1970,test
30112,6,/Users/liuqing/Projects/01_E2E_QA_Code/E2E-Evaluation/outputs/waymo_5neighbor_context_laneaware_clean_v1_part_00_13/shards/shard_000006,94,test
34709,6,/Users/liuqing/Projects/01_E2E_QA_Code/E2E-Evaluation/outputs/waymo_5neighbor_context_laneaware_clean_v1_part_00_13/shards/shard_000006,4691,test
156209,32,/Users/liuqing/Projects/01_E2E_QA_Code/E2E-Evaluation/outputs/waymo_5neighbor_context_laneaware_clean_v1_part_39_51/shards/shard_000005,4938,test
69958,14,/Users/liuqing/Projects/01_E2E_QA_Code/E2E-Evaluation/outputs/waymo_5neighbor_context_laneaware_clean_v1_part_13_26/shards/shard_000005,2248,test
6554,1,/Users/liuqing/Projects/01_E2E_QA_Code/E2E-Evaluation/outputs/waymo_5neighbor_context_laneaware_clean_v1_part_00_13/shards/shard_000001,1552,test
12851,2,/Users/liuqing/Projects/01_E2E_QA_Code/E2E-Evaluation/outputs/waymo_5neighbor_context_laneaware_clean_v1_part_00_13/shards/shard_000002,2845,test
95096,20,/Users/liuqing/Projects/01_E2E_QA_Code/E2E-Evaluation/outputs/waymo_5neighbor_context_laneaware_clean_v1_part_26_39/shards/shard_000002,669,test
64162,13,/Users/liuqing/Projects/01_E2E_QA_Code/E2E-Evaluation/outputs/waymo_5neighbor_context_laneaware_clean_v1_part_13_26/shards/shard_000004,1460,test
47548,9,/Users/liuqing/Projects/01_E2E_QA_Code/E2E-Evaluation/outputs/waymo_5neighbor_context_laneaware_clean_v1_part_13_26/shards/shard_000000,4876,test
47067,9,/Users/liuqing/Projects/01_E2E_QA_Code/E2E-Evaluation/outputs/waymo_5neighbor_context_laneaware_clean_v1_part_13_26/shards/shard_000000,4395,test
23373,4,/Users/liuqing/Projects/01_E2E_QA_Code/E2E-Evaluation/outputs/waymo_5neighbor_context_laneaware_clean_v1_part_00_13/shards/shard_000004,3367,test
15898,3,/Users/liuqing/Projects/01_E2E_QA_Code/E2E-Evaluation/outputs/waymo_5neighbor_context_laneaware_clean_v1_part_00_13/shards/shard_000003,892,test
121041,25,/Users/liuqing/Projects/01_E2E_QA_Code/E2E-Evaluation/outputs/waymo_5neighbor_context_laneaware_clean_v1_part_26_39/shards/shard_000007,1592,test
154470,32,/Users/liuqing/Projects/01_E2E_QA_Code/E2E-Evaluation/outputs/waymo_5neighbor_context_laneaware_clean_v1_part_39_51/shards/shard_000005,3199,test
84620,18,/Users/liuqing/Projects/01_E2E_QA_Code/E2E-Evaluation/outputs/waymo_5neighbor_context_laneaware_clean_v1_part_26_39/shards/shard_000000,197,test
14097,2,/Users/liuqing/Projects/01_E2E_QA_Code/E2E-Evaluation/outputs/waymo_5neighbor_context_laneaware_clean_v1_part_00_13/shards/shard_000002,4091,test
38617,7,/Users/liuqing/Projects/01_E2E_QA_Code/E2E-Evaluation/outputs/waymo_5neighbor_context_laneaware_clean_v1_part_00_13/shards/shard_000007,3598,test
109489,23,/Users/liuqing/Projects/01_E2E_QA_Code/E2E-Evaluation/outputs/waymo_5neighbor_context_laneaware_clean_v1_part_26_39/shards/shard_000005,50,test
557,0,/Users/liuqing/Projects/01_E2E_QA_Code/E2E-Evaluation/outputs/waymo_5neighbor_context_laneaware_clean_v1_part_00_13/shards/shard_000000,557,test
27865,5,/Users/liuqing/Projects/01_E2E_QA_Code/E2E-Evaluation/outputs/waymo_5neighbor_context_laneaware_clean_v1_part_00_13/shards/shard_000005,2848,test
42534,8,/Users/liuqing/Projects/01_E2E_QA_Code/E2E-Evaluation/outputs/waymo_5neighbor_context_laneaware_clean_v1_part_00_13/shards/shard_000008,2506,test
2892,0,/Users/liuqing/Projects/01_E2E_QA_Code/E2E-Evaluation/outputs/waymo_5neighbor_context_laneaware_clean_v1_part_00_13/shards/shard_000000,2892,test
29536,5,/Users/liuqing/Projects/01_E2E_QA_Code/E2E-Evaluation/outputs/waymo_5neighbor_context_laneaware_clean_v1_part_00_13/shards/shard_000005,4519,test
163826,34,/Users/liuqing/Projects/01_E2E_QA_Code/E2E-Evaluation/outputs/waymo_5neighbor_context_laneaware_clean_v1_part_39_51/shards/shard_000007,2546,test
155243,32,/Users/liuqing/Projects/01_E2E_QA_Code/E2E-Evaluation/outputs/waymo_5neighbor_context_laneaware_clean_v1_part_39_51/shards/shard_000005,3972,test
116054,24,/Users/liuqing/Projects/01_E2E_QA_Code/E2E-Evaluation/outputs/waymo_5neighbor_context_laneaware_clean_v1_part_26_39/shards/shard_000006,1606,test
8623,1,/Users/liuqing/Projects/01_E2E_QA_Code/E2E-Evaluation/outputs/waymo_5neighbor_context_laneaware_clean_v1_part_00_13/shards/shard_000001,3621,test
95727,20,/Users/liuqing/Projects/01_E2E_QA_Code/E2E-Evaluation/outputs/waymo_5neighbor_context_laneaware_clean_v1_part_26_39/shards/shard_000002,1300,test
25475,5,/Users/liuqing/Projects/01_E2E_QA_Code/E2E-Evaluation/outputs/waymo_5neighbor_context_laneaware_clean_v1_part_00_13/shards/shard_000005,458,test
60587,12,/Users/liuqing/Projects/01_E2E_QA_Code/E2E-Evaluation/outputs/waymo_5neighbor_context_laneaware_clean_v1_part_13_26/shards/shard_000003,2898,test
42886,9,/Users/liuqing/Projects/01_E2E_QA_Code/E2E-Evaluation/outputs/waymo_5neighbor_context_laneaware_clean_v1_part_13_26/shards/shard_000000,214,test
70521,14,/Users/liuqing/Projects/01_E2E_QA_Code/E2E-Evaluation/outputs/waymo_5neighbor_context_laneaware_clean_v1_part_13_26/shards/shard_000005,2811,test
42476,8,/Users/liuqing/Projects/01_E2E_QA_Code/E2E-Evaluation/outputs/waymo_5neighbor_context_laneaware_clean_v1_part_00_13/shards/shard_000008,2448,test
21313,4,/Users/liuqing/Projects/01_E2E_QA_Code/E2E-Evaluation/outputs/waymo_5neighbor_context_laneaware_clean_v1_part_00_13/shards/shard_000004,1307,test
57837,12,/Users/liuqing/Projects/01_E2E_QA_Code/E2E-Evaluation/outputs/waymo_5neighbor_context_laneaware_clean_v1_part_13_26/shards/shard_000003,148,test
133372,28,/Users/liuqing/Projects/01_E2E_QA_Code/E2E-Evaluation/outputs/waymo_5neighbor_context_laneaware_clean_v1_part_39_51/shards/shard_000001,2121,test
81040,16,/Users/liuqing/Projects/01_E2E_QA_Code/E2E-Evaluation/outputs/waymo_5neighbor_context_laneaware_clean_v1_part_13_26/shards/shard_000007,3319,test
104155,21,/Users/liuqing/Projects/01_E2E_QA_Code/E2E-Evaluation/outputs/waymo_5neighbor_context_laneaware_clean_v1_part_26_39/shards/shard_000003,4724,test
73377,15,/Users/liuqing/Projects/01_E2E_QA_Code/E2E-Evaluation/outputs/waymo_5neighbor_context_laneaware_clean_v1_part_13_26/shards/shard_000006,656,test
27520,5,/Users/liuqing/Projects/01_E2E_QA_Code/E2E-Evaluation/outputs/waymo_5neighbor_context_laneaware_clean_v1_part_00_13/shards/shard_000005,2503,test
121489,25,/Users/liuqing/Projects/01_E2E_QA_Code/E2E-Evaluation/outputs/waymo_5neighbor_context_laneaware_clean_v1_part_26_39/shards/shard_000007,2040,test
113962,23,/Users/liuqing/Projects/01_E2E_QA_Code/E2E-Evaluation/outputs/waymo_5neighbor_context_laneaware_clean_v1_part_26_39/shards/shard_000005,4523,test
40436,8,/Users/liuqing/Projects/01_E2E_QA_Code/E2E-Evaluation/outputs/waymo_5neighbor_context_laneaware_clean_v1_part_00_13/shards/shard_000008,408,test
131439,28,/Users/liuqing/Projects/01_E2E_QA_Code/E2E-Evaluation/outputs/waymo_5neighbor_context_laneaware_clean_v1_part_39_51/shards/shard_000001,188,test
67652,13,/Users/liuqing/Projects/01_E2E_QA_Code/E2E-Evaluation/outputs/waymo_5neighbor_context_laneaware_clean_v1_part_13_26/shards/shard_000004,4950,test
140507,29,/Users/liuqing/Projects/01_E2E_QA_Code/E2E-Evaluation/outputs/waymo_5neighbor_context_laneaware_clean_v1_part_39_51/shards/shard_000002,4254,test
105136,22,/Users/liuqing/Projects/01_E2E_QA_Code/E2E-Evaluation/outputs/waymo_5neighbor_context_laneaware_clean_v1_part_26_39/shards/shard_000004,704,test
43698,9,/Users/liuqing/Projects/01_E2E_QA_Code/E2E-Evaluation/outputs/waymo_5neighbor_context_laneaware_clean_v1_part_13_26/shards/shard_000000,1026,test
83167,17,/Users/liuqing/Projects/01_E2E_QA_Code/E2E-Evaluation/outputs/waymo_5neighbor_context_laneaware_clean_v1_part_13_26/shards/shard_000008,437,test
11537,2,/Users/liuqing/Projects/01_E2E_QA_Code/E2E-Evaluation/outputs/waymo_5neighbor_context_laneaware_clean_v1_part_00_13/shards/shard_000002,1531,test
118610,24,/Users/liuqing/Projects/01_E2E_QA_Code/E2E-Evaluation/outputs/waymo_5neighbor_context_laneaware_clean_v1_part_26_39/shards/shard_000006,4162,test
27515,5,/Users/liuqing/Projects/01_E2E_QA_Code/E2E-Evaluation/outputs/waymo_5neighbor_context_laneaware_clean_v1_part_00_13/shards/shard_000005,2498,test
30384,6,/Users/liuqing/Projects/01_E2E_QA_Code/E2E-Evaluation/outputs/waymo_5neighbor_context_laneaware_clean_v1_part_00_13/shards/shard_000006,366,test
160591,33,/Users/liuqing/Projects/01_E2E_QA_Code/E2E-Evaluation/outputs/waymo_5neighbor_context_laneaware_clean_v1_part_39_51/shards/shard_000006,4319,test
114081,23,/Users/liuqing/Projects/01_E2E_QA_Code/E2E-Evaluation/outputs/waymo_5neighbor_context_laneaware_clean_v1_part_26_39/shards/shard_000005,4642,test
85590,18,/Users/liuqing/Projects/01_E2E_QA_Code/E2E-Evaluation/outputs/waymo_5neighbor_context_laneaware_clean_v1_part_26_39/shards/shard_000000,1167,test
32041,6,/Users/liuqing/Projects/01_E2E_QA_Code/E2E-Evaluation/outputs/waymo_5neighbor_context_laneaware_clean_v1_part_00_13/shards/shard_000006,2023,test
101983,21,/Users/liuqing/Projects/01_E2E_QA_Code/E2E-Evaluation/outputs/waymo_5neighbor_context_laneaware_clean_v1_part_26_39/shards/shard_000003,2552,test
115331,24,/Users/liuqing/Projects/01_E2E_QA_Code/E2E-Evaluation/outputs/waymo_5neighbor_context_laneaware_clean_v1_part_26_39/shards/shard_000006,883,test
5101,1,/Users/liuqing/Projects/01_E2E_QA_Code/E2E-Evaluation/outputs/waymo_5neighbor_context_laneaware_clean_v1_part_00_13/shards/shard_000001,99,test
30116,6,/Users/liuqing/Projects/01_E2E_QA_Code/E2E-Evaluation/outputs/waymo_5neighbor_context_laneaware_clean_v1_part_00_13/shards/shard_000006,98,test
26309,5,/Users/liuqing/Projects/01_E2E_QA_Code/E2E-Evaluation/outputs/waymo_5neighbor_context_laneaware_clean_v1_part_00_13/shards/shard_000005,1292,test
104954,22,/Users/liuqing/Projects/01_E2E_QA_Code/E2E-Evaluation/outputs/waymo_5neighbor_context_laneaware_clean_v1_part_26_39/shards/shard_000004,522,test
158739,33,/Users/liuqing/Projects/01_E2E_QA_Code/E2E-Evaluation/outputs/waymo_5neighbor_context_laneaware_clean_v1_part_39_51/shards/shard_000006,2467,test
99903,21,/Users/liuqing/Projects/01_E2E_QA_Code/E2E-Evaluation/outputs/waymo_5neighbor_context_laneaware_clean_v1_part_26_39/shards/shard_000003,472,test
110817,23,/Users/liuqing/Projects/01_E2E_QA_Code/E2E-Evaluation/outputs/waymo_5neighbor_context_laneaware_clean_v1_part_26_39/shards/shard_000005,1378,test
69957,14,/Users/liuqing/Projects/01_E2E_QA_Code/E2E-Evaluation/outputs/waymo_5neighbor_context_laneaware_clean_v1_part_13_26/shards/shard_000005,2247,test
65246,13,/Users/liuqing/Projects/01_E2E_QA_Code/E2E-Evaluation/outputs/waymo_5neighbor_context_laneaware_clean_v1_part_13_26/shards/shard_000004,2544,test
107400,22,/Users/liuqing/Projects/01_E2E_QA_Code/E2E-Evaluation/outputs/waymo_5neighbor_context_laneaware_clean_v1_part_26_39/shards/shard_000004,2968,test
42479,8,/Users/liuqing/Projects/01_E2E_QA_Code/E2E-Evaluation/outputs/waymo_5neighbor_context_laneaware_clean_v1_part_00_13/shards/shard_000008,2451,test
123196,25,/Users/liuqing/Projects/01_E2E_QA_Code/E2E-Evaluation/outputs/waymo_5neighbor_context_laneaware_clean_v1_part_26_39/shards/shard_000007,3747,test
29545,5,/Users/liuqing/Projects/01_E2E_QA_Code/E2E-Evaluation/outputs/waymo_5neighbor_context_laneaware_clean_v1_part_00_13/shards/shard_000005,4528,test
154255,32,/Users/liuqing/Projects/01_E2E_QA_Code/E2E-Evaluation/outputs/waymo_5neighbor_context_laneaware_clean_v1_part_39_51/shards/shard_000005,2984,test
9923,1,/Users/liuqing/Projects/01_E2E_QA_Code/E2E-Evaluation/outputs/waymo_5neighbor_context_laneaware_clean_v1_part_00_13/shards/shard_000001,4921,test
48427,10,/Users/liuqing/Projects/01_E2E_QA_Code/E2E-Evaluation/outputs/waymo_5neighbor_context_laneaware_clean_v1_part_13_26/shards/shard_000001,742,test
74647,15,/Users/liuqing/Projects/01_E2E_QA_Code/E2E-Evaluation/outputs/waymo_5neighbor_context_laneaware_clean_v1_part_13_26/shards/shard_000006,1926,test
116742,24,/Users/liuqing/Projects/01_E2E_QA_Code/E2E-Evaluation/outputs/waymo_5neighbor_context_laneaware_clean_v1_part_26_39/shards/shard_000006,2294,test
46492,9,/Users/liuqing/Projects/01_E2E_QA_Code/E2E-Evaluation/outputs/waymo_5neighbor_context_laneaware_clean_v1_part_13_26/shards/shard_000000,3820,test
163062,34,/Users/liuqing/Projects/01_E2E_QA_Code/E2E-Evaluation/outputs/waymo_5neighbor_context_laneaware_clean_v1_part_39_51/shards/shard_000007,1782,test
126445,27,/Users/liuqing/Projects/01_E2E_QA_Code/E2E-Evaluation/outputs/waymo_5neighbor_context_laneaware_clean_v1_part_39_51/shards/shard_000000,195,test
109491,23,/Users/liuqing/Projects/01_E2E_QA_Code/E2E-Evaluation/outputs/waymo_5neighbor_context_laneaware_clean_v1_part_26_39/shards/shard_000005,52,test
117944,24,/Users/liuqing/Projects/01_E2E_QA_Code/E2E-Evaluation/outputs/waymo_5neighbor_context_laneaware_clean_v1_part_26_39/shards/shard_000006,3496,test
52443,10,/Users/liuqing/Projects/01_E2E_QA_Code/E2E-Evaluation/outputs/waymo_5neighbor_context_laneaware_clean_v1_part_13_26/shards/shard_000001,4758,test
79967,16,/Users/liuqing/Projects/01_E2E_QA_Code/E2E-Evaluation/outputs/waymo_5neighbor_context_laneaware_clean_v1_part_13_26/shards/shard_000007,2246,test
108939,22,/Users/liuqing/Projects/01_E2E_QA_Code/E2E-Evaluation/outputs/waymo_5neighbor_context_laneaware_clean_v1_part_26_39/shards/shard_000004,4507,test
136852,29,/Users/liuqing/Projects/01_E2E_QA_Code/E2E-Evaluation/outputs/waymo_5neighbor_context_laneaware_clean_v1_part_39_51/shards/shard_000002,599,test
6743,1,/Users/liuqing/Projects/01_E2E_QA_Code/E2E-Evaluation/outputs/waymo_5neighbor_context_laneaware_clean_v1_part_00_13/shards/shard_000001,1741,test
27379,5,/Users/liuqing/Projects/01_E2E_QA_Code/E2E-Evaluation/outputs/waymo_5neighbor_context_laneaware_clean_v1_part_00_13/shards/shard_000005,2362,test
155803,32,/Users/liuqing/Projects/01_E2E_QA_Code/E2E-Evaluation/outputs/waymo_5neighbor_context_laneaware_clean_v1_part_39_51/shards/shard_000005,4532,test
84161,17,/Users/liuqing/Projects/01_E2E_QA_Code/E2E-Evaluation/outputs/waymo_5neighbor_context_laneaware_clean_v1_part_13_26/shards/shard_000008,1431,test
54115,11,/Users/liuqing/Projects/01_E2E_QA_Code/E2E-Evaluation/outputs/waymo_5neighbor_context_laneaware_clean_v1_part_13_26/shards/shard_000002,1428,test
131243,27,/Users/liuqing/Projects/01_E2E_QA_Code/E2E-Evaluation/outputs/waymo_5neighbor_context_laneaware_clean_v1_part_39_51/shards/shard_000000,4993,test
119748,25,/Users/liuqing/Projects/01_E2E_QA_Code/E2E-Evaluation/outputs/waymo_5neighbor_context_laneaware_clean_v1_part_26_39/shards/shard_000007,299,test
89856,19,/Users/liuqing/Projects/01_E2E_QA_Code/E2E-Evaluation/outputs/waymo_5neighbor_context_laneaware_clean_v1_part_26_39/shards/shard_000001,429,test
57543,11,/Users/liuqing/Projects/01_E2E_QA_Code/E2E-Evaluation/outputs/waymo_5neighbor_context_laneaware_clean_v1_part_13_26/shards/shard_000002,4856,test
87827,18,/Users/liuqing/Projects/01_E2E_QA_Code/E2E-Evaluation/outputs/waymo_5neighbor_context_laneaware_clean_v1_part_26_39/shards/shard_000000,3404,test
20959,4,/Users/liuqing/Projects/01_E2E_QA_Code/E2E-Evaluation/outputs/waymo_5neighbor_context_laneaware_clean_v1_part_00_13/shards/shard_000004,953,test
136349,29,/Users/liuqing/Projects/01_E2E_QA_Code/E2E-Evaluation/outputs/waymo_5neighbor_context_laneaware_clean_v1_part_39_51/shards/shard_000002,96,test
56446,11,/Users/liuqing/Projects/01_E2E_QA_Code/E2E-Evaluation/outputs/waymo_5neighbor_context_laneaware_clean_v1_part_13_26/shards/shard_000002,3759,test
124188,25,/Users/liuqing/Projects/01_E2E_QA_Code/E2E-Evaluation/outputs/waymo_5neighbor_context_laneaware_clean_v1_part_26_39/shards/shard_000007,4739,test
148184,31,/Users/liuqing/Projects/01_E2E_QA_Code/E2E-Evaluation/outputs/waymo_5neighbor_context_laneaware_clean_v1_part_39_51/shards/shard_000004,1914,test
137141,29,/Users/liuqing/Projects/01_E2E_QA_Code/E2E-Evaluation/outputs/waymo_5neighbor_context_laneaware_clean_v1_part_39_51/shards/shard_000002,888,test
120011,25,/Users/liuqing/Projects/01_E2E_QA_Code/E2E-Evaluation/outputs/waymo_5neighbor_context_laneaware_clean_v1_part_26_39/shards/shard_000007,562,test
100836,21,/Users/liuqing/Projects/01_E2E_QA_Code/E2E-Evaluation/outputs/waymo_5neighbor_context_laneaware_clean_v1_part_26_39/shards/shard_000003,1405,test
142153,30,/Users/liuqing/Projects/01_E2E_QA_Code/E2E-Evaluation/outputs/waymo_5neighbor_context_laneaware_clean_v1_part_39_51/shards/shard_000003,884,test
43513,9,/Users/liuqing/Projects/01_E2E_QA_Code/E2E-Evaluation/outputs/waymo_5neighbor_context_laneaware_clean_v1_part_13_26/shards/shard_000000,841,test
10938,2,/Users/liuqing/Projects/01_E2E_QA_Code/E2E-Evaluation/outputs/waymo_5neighbor_context_laneaware_clean_v1_part_00_13/shards/shard_000002,932,test
11648,2,/Users/liuqing/Projects/01_E2E_QA_Code/E2E-Evaluation/outputs/waymo_5neighbor_context_laneaware_clean_v1_part_00_13/shards/shard_000002,1642,test
2379,0,/Users/liuqing/Projects/01_E2E_QA_Code/E2E-Evaluation/outputs/waymo_5neighbor_context_laneaware_clean_v1_part_00_13/shards/shard_000000,2379,test
90037,19,/Users/liuqing/Projects/01_E2E_QA_Code/E2E-Evaluation/outputs/waymo_5neighbor_context_laneaware_clean_v1_part_26_39/shards/shard_000001,610,test
27798,5,/Users/liuqing/Projects/01_E2E_QA_Code/E2E-Evaluation/outputs/waymo_5neighbor_context_laneaware_clean_v1_part_00_13/shards/shard_000005,2781,test
109515,23,/Users/liuqing/Projects/01_E2E_QA_Code/E2E-Evaluation/outputs/waymo_5neighbor_context_laneaware_clean_v1_part_26_39/shards/shard_000005,76,test
37646,7,/Users/liuqing/Projects/01_E2E_QA_Code/E2E-Evaluation/outputs/waymo_5neighbor_context_laneaware_clean_v1_part_00_13/shards/shard_000007,2627,test
126218,26,/Users/liuqing/Projects/01_E2E_QA_Code/E2E-Evaluation/outputs/waymo_5neighbor_context_laneaware_clean_v1_part_26_39/shards/shard_000008,1765,test
104284,21,/Users/liuqing/Projects/01_E2E_QA_Code/E2E-Evaluation/outputs/waymo_5neighbor_context_laneaware_clean_v1_part_26_39/shards/shard_000003,4853,test
115389,24,/Users/liuqing/Projects/01_E2E_QA_Code/E2E-Evaluation/outputs/waymo_5neighbor_context_laneaware_clean_v1_part_26_39/shards/shard_000006,941,test
94012,19,/Users/liuqing/Projects/01_E2E_QA_Code/E2E-Evaluation/outputs/waymo_5neighbor_context_laneaware_clean_v1_part_26_39/shards/shard_000001,4585,test
156911,33,/Users/liuqing/Projects/01_E2E_QA_Code/E2E-Evaluation/outputs/waymo_5neighbor_context_laneaware_clean_v1_part_39_51/shards/shard_000006,639,test
27269,5,/Users/liuqing/Projects/01_E2E_QA_Code/E2E-Evaluation/outputs/waymo_5neighbor_context_laneaware_clean_v1_part_00_13/shards/shard_000005,2252,test
141022,29,/Users/liuqing/Projects/01_E2E_QA_Code/E2E-Evaluation/outputs/waymo_5neighbor_context_laneaware_clean_v1_part_39_51/shards/shard_000002,4769,test
45692,9,/Users/liuqing/Projects/01_E2E_QA_Code/E2E-Evaluation/outputs/waymo_5neighbor_context_laneaware_clean_v1_part_13_26/shards/shard_000000,3020,test
45218,9,/Users/liuqing/Projects/01_E2E_QA_Code/E2E-Evaluation/outputs/waymo_5neighbor_context_laneaware_clean_v1_part_13_26/shards/shard_000000,2546,test
78454,16,/Users/liuqing/Projects/01_E2E_QA_Code/E2E-Evaluation/outputs/waymo_5neighbor_context_laneaware_clean_v1_part_13_26/shards/shard_000007,733,test
90325,19,/Users/liuqing/Projects/01_E2E_QA_Code/E2E-Evaluation/outputs/waymo_5neighbor_context_laneaware_clean_v1_part_26_39/shards/shard_000001,898,test
43683,9,/Users/liuqing/Projects/01_E2E_QA_Code/E2E-Evaluation/outputs/waymo_5neighbor_context_laneaware_clean_v1_part_13_26/shards/shard_000000,1011,test
88191,18,/Users/liuqing/Projects/01_E2E_QA_Code/E2E-Evaluation/outputs/waymo_5neighbor_context_laneaware_clean_v1_part_26_39/shards/shard_000000,3768,test
154739,32,/Users/liuqing/Projects/01_E2E_QA_Code/E2E-Evaluation/outputs/waymo_5neighbor_context_laneaware_clean_v1_part_39_51/shards/shard_000005,3468,test
11138,2,/Users/liuqing/Projects/01_E2E_QA_Code/E2E-Evaluation/outputs/waymo_5neighbor_context_laneaware_clean_v1_part_00_13/shards/shard_000002,1132,test
59621,12,/Users/liuqing/Projects/01_E2E_QA_Code/E2E-Evaluation/outputs/waymo_5neighbor_context_laneaware_clean_v1_part_13_26/shards/shard_000003,1932,test
34848,6,/Users/liuqing/Projects/01_E2E_QA_Code/E2E-Evaluation/outputs/waymo_5neighbor_context_laneaware_clean_v1_part_00_13/shards/shard_000006,4830,test
144196,30,/Users/liuqing/Projects/01_E2E_QA_Code/E2E-Evaluation/outputs/waymo_5neighbor_context_laneaware_clean_v1_part_39_51/shards/shard_000003,2927,test
88214,18,/Users/liuqing/Projects/01_E2E_QA_Code/E2E-Evaluation/outputs/waymo_5neighbor_context_laneaware_clean_v1_part_26_39/shards/shard_000000,3791,test
57669,11,/Users/liuqing/Projects/01_E2E_QA_Code/E2E-Evaluation/outputs/waymo_5neighbor_context_laneaware_clean_v1_part_13_26/shards/shard_000002,4982,test
106209,22,/Users/liuqing/Projects/01_E2E_QA_Code/E2E-Evaluation/outputs/waymo_5neighbor_context_laneaware_clean_v1_part_26_39/shards/shard_000004,1777,test
56227,11,/Users/liuqing/Projects/01_E2E_QA_Code/E2E-Evaluation/outputs/waymo_5neighbor_context_laneaware_clean_v1_part_13_26/shards/shard_000002,3540,test
65414,13,/Users/liuqing/Projects/01_E2E_QA_Code/E2E-Evaluation/outputs/waymo_5neighbor_context_laneaware_clean_v1_part_13_26/shards/shard_000004,2712,test
42477,8,/Users/liuqing/Projects/01_E2E_QA_Code/E2E-Evaluation/outputs/waymo_5neighbor_context_laneaware_clean_v1_part_00_13/shards/shard_000008,2449,test
1117,0,/Users/liuqing/Projects/01_E2E_QA_Code/E2E-Evaluation/outputs/waymo_5neighbor_context_laneaware_clean_v1_part_00_13/shards/shard_000000,1117,test
95098,20,/Users/liuqing/Projects/01_E2E_QA_Code/E2E-Evaluation/outputs/waymo_5neighbor_context_laneaware_clean_v1_part_26_39/shards/shard_000002,671,test
32354,6,/Users/liuqing/Projects/01_E2E_QA_Code/E2E-Evaluation/outputs/waymo_5neighbor_context_laneaware_clean_v1_part_00_13/shards/shard_000006,2336,test
77622,15,/Users/liuqing/Projects/01_E2E_QA_Code/E2E-Evaluation/outputs/waymo_5neighbor_context_laneaware_clean_v1_part_13_26/shards/shard_000006,4901,test
40502,8,/Users/liuqing/Projects/01_E2E_QA_Code/E2E-Evaluation/outputs/waymo_5neighbor_context_laneaware_clean_v1_part_00_13/shards/shard_000008,474,test
55129,11,/Users/liuqing/Projects/01_E2E_QA_Code/E2E-Evaluation/outputs/waymo_5neighbor_context_laneaware_clean_v1_part_13_26/shards/shard_000002,2442,test
155116,32,/Users/liuqing/Projects/01_E2E_QA_Code/E2E-Evaluation/outputs/waymo_5neighbor_context_laneaware_clean_v1_part_39_51/shards/shard_000005,3845,test
102531,21,/Users/liuqing/Projects/01_E2E_QA_Code/E2E-Evaluation/outputs/waymo_5neighbor_context_laneaware_clean_v1_part_26_39/shards/shard_000003,3100,test
7491,1,/Users/liuqing/Projects/01_E2E_QA_Code/E2E-Evaluation/outputs/waymo_5neighbor_context_laneaware_clean_v1_part_00_13/shards/shard_000001,2489,test
68282,14,/Users/liuqing/Projects/01_E2E_QA_Code/E2E-Evaluation/outputs/waymo_5neighbor_context_laneaware_clean_v1_part_13_26/shards/shard_000005,572,test
36339,7,/Users/liuqing/Projects/01_E2E_QA_Code/E2E-Evaluation/outputs/waymo_5neighbor_context_laneaware_clean_v1_part_00_13/shards/shard_000007,1320,test
60276,12,/Users/liuqing/Projects/01_E2E_QA_Code/E2E-Evaluation/outputs/waymo_5neighbor_context_laneaware_clean_v1_part_13_26/shards/shard_000003,2587,test
150665,31,/Users/liuqing/Projects/01_E2E_QA_Code/E2E-Evaluation/outputs/waymo_5neighbor_context_laneaware_clean_v1_part_39_51/shards/shard_000004,4395,test
137871,29,/Users/liuqing/Projects/01_E2E_QA_Code/E2E-Evaluation/outputs/waymo_5neighbor_context_laneaware_clean_v1_part_39_51/shards/shard_000002,1618,test
131499,28,/Users/liuqing/Projects/01_E2E_QA_Code/E2E-Evaluation/outputs/waymo_5neighbor_context_laneaware_clean_v1_part_39_51/shards/shard_000001,248,test
108685,22,/Users/liuqing/Projects/01_E2E_QA_Code/E2E-Evaluation/outputs/waymo_5neighbor_context_laneaware_clean_v1_part_26_39/shards/shard_000004,4253,test
11915,2,/Users/liuqing/Projects/01_E2E_QA_Code/E2E-Evaluation/outputs/waymo_5neighbor_context_laneaware_clean_v1_part_00_13/shards/shard_000002,1909,test
26168,5,/Users/liuqing/Projects/01_E2E_QA_Code/E2E-Evaluation/outputs/waymo_5neighbor_context_laneaware_clean_v1_part_00_13/shards/shard_000005,1151,test
14179,2,/Users/liuqing/Projects/01_E2E_QA_Code/E2E-Evaluation/outputs/waymo_5neighbor_context_laneaware_clean_v1_part_00_13/shards/shard_000002,4173,test
1512,0,/Users/liuqing/Projects/01_E2E_QA_Code/E2E-Evaluation/outputs/waymo_5neighbor_context_laneaware_clean_v1_part_00_13/shards/shard_000000,1512,test
96680,20,/Users/liuqing/Projects/01_E2E_QA_Code/E2E-Evaluation/outputs/waymo_5neighbor_context_laneaware_clean_v1_part_26_39/shards/shard_000002,2253,test
144028,30,/Users/liuqing/Projects/01_E2E_QA_Code/E2E-Evaluation/outputs/waymo_5neighbor_context_laneaware_clean_v1_part_39_51/shards/shard_000003,2759,test
13491,2,/Users/liuqing/Projects/01_E2E_QA_Code/E2E-Evaluation/outputs/waymo_5neighbor_context_laneaware_clean_v1_part_00_13/shards/shard_000002,3485,test
104257,21,/Users/liuqing/Projects/01_E2E_QA_Code/E2E-Evaluation/outputs/waymo_5neighbor_context_laneaware_clean_v1_part_26_39/shards/shard_000003,4826,test
160321,33,/Users/liuqing/Projects/01_E2E_QA_Code/E2E-Evaluation/outputs/waymo_5neighbor_context_laneaware_clean_v1_part_39_51/shards/shard_000006,4049,test
144339,30,/Users/liuqing/Projects/01_E2E_QA_Code/E2E-Evaluation/outputs/waymo_5neighbor_context_laneaware_clean_v1_part_39_51/shards/shard_000003,3070,test
4430,0,/Users/liuqing/Projects/01_E2E_QA_Code/E2E-Evaluation/outputs/waymo_5neighbor_context_laneaware_clean_v1_part_00_13/shards/shard_000000,4430,test
1515,0,/Users/liuqing/Projects/01_E2E_QA_Code/E2E-Evaluation/outputs/waymo_5neighbor_context_laneaware_clean_v1_part_00_13/shards/shard_000000,1515,test
155722,32,/Users/liuqing/Projects/01_E2E_QA_Code/E2E-Evaluation/outputs/waymo_5neighbor_context_laneaware_clean_v1_part_39_51/shards/shard_000005,4451,test
96516,20,/Users/liuqing/Projects/01_E2E_QA_Code/E2E-Evaluation/outputs/waymo_5neighbor_context_laneaware_clean_v1_part_26_39/shards/shard_000002,2089,test
19512,3,/Users/liuqing/Projects/01_E2E_QA_Code/E2E-Evaluation/outputs/waymo_5neighbor_context_laneaware_clean_v1_part_00_13/shards/shard_000003,4506,test
67031,13,/Users/liuqing/Projects/01_E2E_QA_Code/E2E-Evaluation/outputs/waymo_5neighbor_context_laneaware_clean_v1_part_13_26/shards/shard_000004,4329,test
19534,3,/Users/liuqing/Projects/01_E2E_QA_Code/E2E-Evaluation/outputs/waymo_5neighbor_context_laneaware_clean_v1_part_00_13/shards/shard_000003,4528,test
112903,23,/Users/liuqing/Projects/01_E2E_QA_Code/E2E-Evaluation/outputs/waymo_5neighbor_context_laneaware_clean_v1_part_26_39/shards/shard_000005,3464,test
94782,20,/Users/liuqing/Projects/01_E2E_QA_Code/E2E-Evaluation/outputs/waymo_5neighbor_context_laneaware_clean_v1_part_26_39/shards/shard_000002,355,test
105229,22,/Users/liuqing/Projects/01_E2E_QA_Code/E2E-Evaluation/outputs/waymo_5neighbor_context_laneaware_clean_v1_part_26_39/shards/shard_000004,797,test
93255,19,/Users/liuqing/Projects/01_E2E_QA_Code/E2E-Evaluation/outputs/waymo_5neighbor_context_laneaware_clean_v1_part_26_39/shards/shard_000001,3828,test
126112,26,/Users/liuqing/Projects/01_E2E_QA_Code/E2E-Evaluation/outputs/waymo_5neighbor_context_laneaware_clean_v1_part_26_39/shards/shard_000008,1659,test
86969,18,/Users/liuqing/Projects/01_E2E_QA_Code/E2E-Evaluation/outputs/waymo_5neighbor_context_laneaware_clean_v1_part_26_39/shards/shard_000000,2546,test
100798,21,/Users/liuqing/Projects/01_E2E_QA_Code/E2E-Evaluation/outputs/waymo_5neighbor_context_laneaware_clean_v1_part_26_39/shards/shard_000003,1367,test
140885,29,/Users/liuqing/Projects/01_E2E_QA_Code/E2E-Evaluation/outputs/waymo_5neighbor_context_laneaware_clean_v1_part_39_51/shards/shard_000002,4632,test
78967,16,/Users/liuqing/Projects/01_E2E_QA_Code/E2E-Evaluation/outputs/waymo_5neighbor_context_laneaware_clean_v1_part_13_26/shards/shard_000007,1246,test
160610,33,/Users/liuqing/Projects/01_E2E_QA_Code/E2E-Evaluation/outputs/waymo_5neighbor_context_laneaware_clean_v1_part_39_51/shards/shard_000006,4338,test
27797,5,/Users/liuqing/Projects/01_E2E_QA_Code/E2E-Evaluation/outputs/waymo_5neighbor_context_laneaware_clean_v1_part_00_13/shards/shard_000005,2780,test
85591,18,/Users/liuqing/Projects/01_E2E_QA_Code/E2E-Evaluation/outputs/waymo_5neighbor_context_laneaware_clean_v1_part_26_39/shards/shard_000000,1168,test
110022,23,/Users/liuqing/Projects/01_E2E_QA_Code/E2E-Evaluation/outputs/waymo_5neighbor_context_laneaware_clean_v1_part_26_39/shards/shard_000005,583,test
121825,25,/Users/liuqing/Projects/01_E2E_QA_Code/E2E-Evaluation/outputs/waymo_5neighbor_context_laneaware_clean_v1_part_26_39/shards/shard_000007,2376,test
111742,23,/Users/liuqing/Projects/01_E2E_QA_Code/E2E-Evaluation/outputs/waymo_5neighbor_context_laneaware_clean_v1_part_26_39/shards/shard_000005,2303,test
41499,8,/Users/liuqing/Projects/01_E2E_QA_Code/E2E-Evaluation/outputs/waymo_5neighbor_context_laneaware_clean_v1_part_00_13/shards/shard_000008,1471,test
119878,25,/Users/liuqing/Projects/01_E2E_QA_Code/E2E-Evaluation/outputs/waymo_5neighbor_context_laneaware_clean_v1_part_26_39/shards/shard_000007,429,test
69394,14,/Users/liuqing/Projects/01_E2E_QA_Code/E2E-Evaluation/outputs/waymo_5neighbor_context_laneaware_clean_v1_part_13_26/shards/shard_000005,1684,test
5081,1,/Users/liuqing/Projects/01_E2E_QA_Code/E2E-Evaluation/outputs/waymo_5neighbor_context_laneaware_clean_v1_part_00_13/shards/shard_000001,79,test
57464,11,/Users/liuqing/Projects/01_E2E_QA_Code/E2E-Evaluation/outputs/waymo_5neighbor_context_laneaware_clean_v1_part_13_26/shards/shard_000002,4777,test
66516,13,/Users/liuqing/Projects/01_E2E_QA_Code/E2E-Evaluation/outputs/waymo_5neighbor_context_laneaware_clean_v1_part_13_26/shards/shard_000004,3814,test
19893,3,/Users/liuqing/Projects/01_E2E_QA_Code/E2E-Evaluation/outputs/waymo_5neighbor_context_laneaware_clean_v1_part_00_13/shards/shard_000003,4887,test
162373,34,/Users/liuqing/Projects/01_E2E_QA_Code/E2E-Evaluation/outputs/waymo_5neighbor_context_laneaware_clean_v1_part_39_51/shards/shard_000007,1093,test
52691,11,/Users/liuqing/Projects/01_E2E_QA_Code/E2E-Evaluation/outputs/waymo_5neighbor_context_laneaware_clean_v1_part_13_26/shards/shard_000002,4,test
131443,28,/Users/liuqing/Projects/01_E2E_QA_Code/E2E-Evaluation/outputs/waymo_5neighbor_context_laneaware_clean_v1_part_39_51/shards/shard_000001,192,test
14970,2,/Users/liuqing/Projects/01_E2E_QA_Code/E2E-Evaluation/outputs/waymo_5neighbor_context_laneaware_clean_v1_part_00_13/shards/shard_000002,4964,test
88188,18,/Users/liuqing/Projects/01_E2E_QA_Code/E2E-Evaluation/outputs/waymo_5neighbor_context_laneaware_clean_v1_part_26_39/shards/shard_000000,3765,test
62829,13,/Users/liuqing/Projects/01_E2E_QA_Code/E2E-Evaluation/outputs/waymo_5neighbor_context_laneaware_clean_v1_part_13_26/shards/shard_000004,127,test
136488,29,/Users/liuqing/Projects/01_E2E_QA_Code/E2E-Evaluation/outputs/waymo_5neighbor_context_laneaware_clean_v1_part_39_51/shards/shard_000002,235,test
15894,3,/Users/liuqing/Projects/01_E2E_QA_Code/E2E-Evaluation/outputs/waymo_5neighbor_context_laneaware_clean_v1_part_00_13/shards/shard_000003,888,test
100270,21,/Users/liuqing/Projects/01_E2E_QA_Code/E2E-Evaluation/outputs/waymo_5neighbor_context_laneaware_clean_v1_part_26_39/shards/shard_000003,839,test
37607,7,/Users/liuqing/Projects/01_E2E_QA_Code/E2E-Evaluation/outputs/waymo_5neighbor_context_laneaware_clean_v1_part_00_13/shards/shard_000007,2588,test
105491,22,/Users/liuqing/Projects/01_E2E_QA_Code/E2E-Evaluation/outputs/waymo_5neighbor_context_laneaware_clean_v1_part_26_39/shards/shard_000004,1059,test
148180,31,/Users/liuqing/Projects/01_E2E_QA_Code/E2E-Evaluation/outputs/waymo_5neighbor_context_laneaware_clean_v1_part_39_51/shards/shard_000004,1910,test
139522,29,/Users/liuqing/Projects/01_E2E_QA_Code/E2E-Evaluation/outputs/waymo_5neighbor_context_laneaware_clean_v1_part_39_51/shards/shard_000002,3269,test
108992,22,/Users/liuqing/Projects/01_E2E_QA_Code/E2E-Evaluation/outputs/waymo_5neighbor_context_laneaware_clean_v1_part_26_39/shards/shard_000004,4560,test
160846,33,/Users/liuqing/Projects/01_E2E_QA_Code/E2E-Evaluation/outputs/waymo_5neighbor_context_laneaware_clean_v1_part_39_51/shards/shard_000006,4574,test
67025,13,/Users/liuqing/Projects/01_E2E_QA_Code/E2E-Evaluation/outputs/waymo_5neighbor_context_laneaware_clean_v1_part_13_26/shards/shard_000004,4323,test
162809,34,/Users/liuqing/Projects/01_E2E_QA_Code/E2E-Evaluation/outputs/waymo_5neighbor_context_laneaware_clean_v1_part_39_51/shards/shard_000007,1529,test
26480,5,/Users/liuqing/Projects/01_E2E_QA_Code/E2E-Evaluation/outputs/waymo_5neighbor_context_laneaware_clean_v1_part_00_13/shards/shard_000005,1463,test
35062,7,/Users/liuqing/Projects/01_E2E_QA_Code/E2E-Evaluation/outputs/waymo_5neighbor_context_laneaware_clean_v1_part_00_13/shards/shard_000007,43,test
107474,22,/Users/liuqing/Projects/01_E2E_QA_Code/E2E-Evaluation/outputs/waymo_5neighbor_context_laneaware_clean_v1_part_26_39/shards/shard_000004,3042,test
37149,7,/Users/liuqing/Projects/01_E2E_QA_Code/E2E-Evaluation/outputs/waymo_5neighbor_context_laneaware_clean_v1_part_00_13/shards/shard_000007,2130,test
49210,10,/Users/liuqing/Projects/01_E2E_QA_Code/E2E-Evaluation/outputs/waymo_5neighbor_context_laneaware_clean_v1_part_13_26/shards/shard_000001,1525,test
83729,17,/Users/liuqing/Projects/01_E2E_QA_Code/E2E-Evaluation/outputs/waymo_5neighbor_context_laneaware_clean_v1_part_13_26/shards/shard_000008,999,test
136574,29,/Users/liuqing/Projects/01_E2E_QA_Code/E2E-Evaluation/outputs/waymo_5neighbor_context_laneaware_clean_v1_part_39_51/shards/shard_000002,321,test
105139,22,/Users/liuqing/Projects/01_E2E_QA_Code/E2E-Evaluation/outputs/waymo_5neighbor_context_laneaware_clean_v1_part_26_39/shards/shard_000004,707,test
142599,30,/Users/liuqing/Projects/01_E2E_QA_Code/E2E-Evaluation/outputs/waymo_5neighbor_context_laneaware_clean_v1_part_39_51/shards/shard_000003,1330,test
67675,13,/Users/liuqing/Projects/01_E2E_QA_Code/E2E-Evaluation/outputs/waymo_5neighbor_context_laneaware_clean_v1_part_13_26/shards/shard_000004,4973,test
62667,12,/Users/liuqing/Projects/01_E2E_QA_Code/E2E-Evaluation/outputs/waymo_5neighbor_context_laneaware_clean_v1_part_13_26/shards/shard_000003,4978,test
23960,4,/Users/liuqing/Projects/01_E2E_QA_Code/E2E-Evaluation/outputs/waymo_5neighbor_context_laneaware_clean_v1_part_00_13/shards/shard_000004,3954,test
28941,5,/Users/liuqing/Projects/01_E2E_QA_Code/E2E-Evaluation/outputs/waymo_5neighbor_context_laneaware_clean_v1_part_00_13/shards/shard_000005,3924,test
73374,15,/Users/liuqing/Projects/01_E2E_QA_Code/E2E-Evaluation/outputs/waymo_5neighbor_context_laneaware_clean_v1_part_13_26/shards/shard_000006,653,test
58112,12,/Users/liuqing/Projects/01_E2E_QA_Code/E2E-Evaluation/outputs/waymo_5neighbor_context_laneaware_clean_v1_part_13_26/shards/shard_000003,423,test
134428,28,/Users/liuqing/Projects/01_E2E_QA_Code/E2E-Evaluation/outputs/waymo_5neighbor_context_laneaware_clean_v1_part_39_51/shards/shard_000001,3177,test
47601,9,/Users/liuqing/Projects/01_E2E_QA_Code/E2E-Evaluation/outputs/waymo_5neighbor_context_laneaware_clean_v1_part_13_26/shards/shard_000000,4929,test
62990,13,/Users/liuqing/Projects/01_E2E_QA_Code/E2E-Evaluation/outputs/waymo_5neighbor_context_laneaware_clean_v1_part_13_26/shards/shard_000004,288,test
12825,2,/Users/liuqing/Projects/01_E2E_QA_Code/E2E-Evaluation/outputs/waymo_5neighbor_context_laneaware_clean_v1_part_00_13/shards/shard_000002,2819,test
107396,22,/Users/liuqing/Projects/01_E2E_QA_Code/E2E-Evaluation/outputs/waymo_5neighbor_context_laneaware_clean_v1_part_26_39/shards/shard_000004,2964,test
30502,6,/Users/liuqing/Projects/01_E2E_QA_Code/E2E-Evaluation/outputs/waymo_5neighbor_context_laneaware_clean_v1_part_00_13/shards/shard_000006,484,test
112169,23,/Users/liuqing/Projects/01_E2E_QA_Code/E2E-Evaluation/outputs/waymo_5neighbor_context_laneaware_clean_v1_part_26_39/shards/shard_000005,2730,test
108516,22,/Users/liuqing/Projects/01_E2E_QA_Code/E2E-Evaluation/outputs/waymo_5neighbor_context_laneaware_clean_v1_part_26_39/shards/shard_000004,4084,test
27879,5,/Users/liuqing/Projects/01_E2E_QA_Code/E2E-Evaluation/outputs/waymo_5neighbor_context_laneaware_clean_v1_part_00_13/shards/shard_000005,2862,test
132132,28,/Users/liuqing/Projects/01_E2E_QA_Code/E2E-Evaluation/outputs/waymo_5neighbor_context_laneaware_clean_v1_part_39_51/shards/shard_000001,881,test
101057,21,/Users/liuqing/Projects/01_E2E_QA_Code/E2E-Evaluation/outputs/waymo_5neighbor_context_laneaware_clean_v1_part_26_39/shards/shard_000003,1626,test
25174,5,/Users/liuqing/Projects/01_E2E_QA_Code/E2E-Evaluation/outputs/waymo_5neighbor_context_laneaware_clean_v1_part_00_13/shards/shard_000005,157,test
49441,10,/Users/liuqing/Projects/01_E2E_QA_Code/E2E-Evaluation/outputs/waymo_5neighbor_context_laneaware_clean_v1_part_13_26/shards/shard_000001,1756,test
120015,25,/Users/liuqing/Projects/01_E2E_QA_Code/E2E-Evaluation/outputs/waymo_5neighbor_context_laneaware_clean_v1_part_26_39/shards/shard_000007,566,test
57378,11,/Users/liuqing/Projects/01_E2E_QA_Code/E2E-Evaluation/outputs/waymo_5neighbor_context_laneaware_clean_v1_part_13_26/shards/shard_000002,4691,test
5323,1,/Users/liuqing/Projects/01_E2E_QA_Code/E2E-Evaluation/outputs/waymo_5neighbor_context_laneaware_clean_v1_part_00_13/shards/shard_000001,321,test
56225,11,/Users/liuqing/Projects/01_E2E_QA_Code/E2E-Evaluation/outputs/waymo_5neighbor_context_laneaware_clean_v1_part_13_26/shards/shard_000002,3538,test
65244,13,/Users/liuqing/Projects/01_E2E_QA_Code/E2E-Evaluation/outputs/waymo_5neighbor_context_laneaware_clean_v1_part_13_26/shards/shard_000004,2542,test
99134,20,/Users/liuqing/Projects/01_E2E_QA_Code/E2E-Evaluation/outputs/waymo_5neighbor_context_laneaware_clean_v1_part_26_39/shards/shard_000002,4707,test
143218,30,/Users/liuqing/Projects/01_E2E_QA_Code/E2E-Evaluation/outputs/waymo_5neighbor_context_laneaware_clean_v1_part_39_51/shards/shard_000003,1949,test
47013,9,/Users/liuqing/Projects/01_E2E_QA_Code/E2E-Evaluation/outputs/waymo_5neighbor_context_laneaware_clean_v1_part_13_26/shards/shard_000000,4341,test
124231,25,/Users/liuqing/Projects/01_E2E_QA_Code/E2E-Evaluation/outputs/waymo_5neighbor_context_laneaware_clean_v1_part_26_39/shards/shard_000007,4782,test
163839,34,/Users/liuqing/Projects/01_E2E_QA_Code/E2E-Evaluation/outputs/waymo_5neighbor_context_laneaware_clean_v1_part_39_51/shards/shard_000007,2559,test
146603,31,/Users/liuqing/Projects/01_E2E_QA_Code/E2E-Evaluation/outputs/waymo_5neighbor_context_laneaware_clean_v1_part_39_51/shards/shard_000004,333,test
88628,18,/Users/liuqing/Projects/01_E2E_QA_Code/E2E-Evaluation/outputs/waymo_5neighbor_context_laneaware_clean_v1_part_26_39/shards/shard_000000,4205,test
137159,29,/Users/liuqing/Projects/01_E2E_QA_Code/E2E-Evaluation/outputs/waymo_5neighbor_context_laneaware_clean_v1_part_39_51/shards/shard_000002,906,test
163012,34,/Users/liuqing/Projects/01_E2E_QA_Code/E2E-Evaluation/outputs/waymo_5neighbor_context_laneaware_clean_v1_part_39_51/shards/shard_000007,1732,test
111206,23,/Users/liuqing/Projects/01_E2E_QA_Code/E2E-Evaluation/outputs/waymo_5neighbor_context_laneaware_clean_v1_part_26_39/shards/shard_000005,1767,test
155217,32,/Users/liuqing/Projects/01_E2E_QA_Code/E2E-Evaluation/outputs/waymo_5neighbor_context_laneaware_clean_v1_part_39_51/shards/shard_000005,3946,test
82625,16,/Users/liuqing/Projects/01_E2E_QA_Code/E2E-Evaluation/outputs/waymo_5neighbor_context_laneaware_clean_v1_part_13_26/shards/shard_000007,4904,test
157886,33,/Users/liuqing/Projects/01_E2E_QA_Code/E2E-Evaluation/outputs/waymo_5neighbor_context_laneaware_clean_v1_part_39_51/shards/shard_000006,1614,test
120670,25,/Users/liuqing/Projects/01_E2E_QA_Code/E2E-Evaluation/outputs/waymo_5neighbor_context_laneaware_clean_v1_part_26_39/shards/shard_000007,1221,test
160324,33,/Users/liuqing/Projects/01_E2E_QA_Code/E2E-Evaluation/outputs/waymo_5neighbor_context_laneaware_clean_v1_part_39_51/shards/shard_000006,4052,test
34176,6,/Users/liuqing/Projects/01_E2E_QA_Code/E2E-Evaluation/outputs/waymo_5neighbor_context_laneaware_clean_v1_part_00_13/shards/shard_000006,4158,test
107407,22,/Users/liuqing/Projects/01_E2E_QA_Code/E2E-Evaluation/outputs/waymo_5neighbor_context_laneaware_clean_v1_part_26_39/shards/shard_000004,2975,test
74947,15,/Users/liuqing/Projects/01_E2E_QA_Code/E2E-Evaluation/outputs/waymo_5neighbor_context_laneaware_clean_v1_part_13_26/shards/shard_000006,2226,test
150241,31,/Users/liuqing/Projects/01_E2E_QA_Code/E2E-Evaluation/outputs/waymo_5neighbor_context_laneaware_clean_v1_part_39_51/shards/shard_000004,3971,test
48544,10,/Users/liuqing/Projects/01_E2E_QA_Code/E2E-Evaluation/outputs/waymo_5neighbor_context_laneaware_clean_v1_part_13_26/shards/shard_000001,859,test
154641,32,/Users/liuqing/Projects/01_E2E_QA_Code/E2E-Evaluation/outputs/waymo_5neighbor_context_laneaware_clean_v1_part_39_51/shards/shard_000005,3370,test
41355,8,/Users/liuqing/Projects/01_E2E_QA_Code/E2E-Evaluation/outputs/waymo_5neighbor_context_laneaware_clean_v1_part_00_13/shards/shard_000008,1327,test
157348,33,/Users/liuqing/Projects/01_E2E_QA_Code/E2E-Evaluation/outputs/waymo_5neighbor_context_laneaware_clean_v1_part_39_51/shards/shard_000006,1076,test
143776,30,/Users/liuqing/Projects/01_E2E_QA_Code/E2E-Evaluation/outputs/waymo_5neighbor_context_laneaware_clean_v1_part_39_51/shards/shard_000003,2507,test
56465,11,/Users/liuqing/Projects/01_E2E_QA_Code/E2E-Evaluation/outputs/waymo_5neighbor_context_laneaware_clean_v1_part_13_26/shards/shard_000002,3778,test
102882,21,/Users/liuqing/Projects/01_E2E_QA_Code/E2E-Evaluation/outputs/waymo_5neighbor_context_laneaware_clean_v1_part_26_39/shards/shard_000003,3451,test
145323,30,/Users/liuqing/Projects/01_E2E_QA_Code/E2E-Evaluation/outputs/waymo_5neighbor_context_laneaware_clean_v1_part_39_51/shards/shard_000003,4054,test
77292,15,/Users/liuqing/Projects/01_E2E_QA_Code/E2E-Evaluation/outputs/waymo_5neighbor_context_laneaware_clean_v1_part_13_26/shards/shard_000006,4571,test
107397,22,/Users/liuqing/Projects/01_E2E_QA_Code/E2E-Evaluation/outputs/waymo_5neighbor_context_laneaware_clean_v1_part_26_39/shards/shard_000004,2965,test
136285,29,/Users/liuqing/Projects/01_E2E_QA_Code/E2E-Evaluation/outputs/waymo_5neighbor_context_laneaware_clean_v1_part_39_51/shards/shard_000002,32,test
36327,7,/Users/liuqing/Projects/01_E2E_QA_Code/E2E-Evaluation/outputs/waymo_5neighbor_context_laneaware_clean_v1_part_00_13/shards/shard_000007,1308,test
143553,30,/Users/liuqing/Projects/01_E2E_QA_Code/E2E-Evaluation/outputs/waymo_5neighbor_context_laneaware_clean_v1_part_39_51/shards/shard_000003,2284,test
122261,25,/Users/liuqing/Projects/01_E2E_QA_Code/E2E-Evaluation/outputs/waymo_5neighbor_context_laneaware_clean_v1_part_26_39/shards/shard_000007,2812,test
90708,19,/Users/liuqing/Projects/01_E2E_QA_Code/E2E-Evaluation/outputs/waymo_5neighbor_context_laneaware_clean_v1_part_26_39/shards/shard_000001,1281,test
496,0,/Users/liuqing/Projects/01_E2E_QA_Code/E2E-Evaluation/outputs/waymo_5neighbor_context_laneaware_clean_v1_part_00_13/shards/shard_000000,496,test
124585,26,/Users/liuqing/Projects/01_E2E_QA_Code/E2E-Evaluation/outputs/waymo_5neighbor_context_laneaware_clean_v1_part_26_39/shards/shard_000008,132,test
106200,22,/Users/liuqing/Projects/01_E2E_QA_Code/E2E-Evaluation/outputs/waymo_5neighbor_context_laneaware_clean_v1_part_26_39/shards/shard_000004,1768,test
109109,22,/Users/liuqing/Projects/01_E2E_QA_Code/E2E-Evaluation/outputs/waymo_5neighbor_context_laneaware_clean_v1_part_26_39/shards/shard_000004,4677,test
85243,18,/Users/liuqing/Projects/01_E2E_QA_Code/E2E-Evaluation/outputs/waymo_5neighbor_context_laneaware_clean_v1_part_26_39/shards/shard_000000,820,test
153309,32,/Users/liuqing/Projects/01_E2E_QA_Code/E2E-Evaluation/outputs/waymo_5neighbor_context_laneaware_clean_v1_part_39_51/shards/shard_000005,2038,test
102971,21,/Users/liuqing/Projects/01_E2E_QA_Code/E2E-Evaluation/outputs/waymo_5neighbor_context_laneaware_clean_v1_part_26_39/shards/shard_000003,3540,test
102541,21,/Users/liuqing/Projects/01_E2E_QA_Code/E2E-Evaluation/outputs/waymo_5neighbor_context_laneaware_clean_v1_part_26_39/shards/shard_000003,3110,test
134855,28,/Users/liuqing/Projects/01_E2E_QA_Code/E2E-Evaluation/outputs/waymo_5neighbor_context_laneaware_clean_v1_part_39_51/shards/shard_000001,3604,test
141204,29,/Users/liuqing/Projects/01_E2E_QA_Code/E2E-Evaluation/outputs/waymo_5neighbor_context_laneaware_clean_v1_part_39_51/shards/shard_000002,4951,test
159546,33,/Users/liuqing/Projects/01_E2E_QA_Code/E2E-Evaluation/outputs/waymo_5neighbor_context_laneaware_clean_v1_part_39_51/shards/shard_000006,3274,test
159680,33,/Users/liuqing/Projects/01_E2E_QA_Code/E2E-Evaluation/outputs/waymo_5neighbor_context_laneaware_clean_v1_part_39_51/shards/shard_000006,3408,test
42284,8,/Users/liuqing/Projects/01_E2E_QA_Code/E2E-Evaluation/outputs/waymo_5neighbor_context_laneaware_clean_v1_part_00_13/shards/shard_000008,2256,test
138332,29,/Users/liuqing/Projects/01_E2E_QA_Code/E2E-Evaluation/outputs/waymo_5neighbor_context_laneaware_clean_v1_part_39_51/shards/shard_000002,2079,test
52698,11,/Users/liuqing/Projects/01_E2E_QA_Code/E2E-Evaluation/outputs/waymo_5neighbor_context_laneaware_clean_v1_part_13_26/shards/shard_000002,11,test
14906,2,/Users/liuqing/Projects/01_E2E_QA_Code/E2E-Evaluation/outputs/waymo_5neighbor_context_laneaware_clean_v1_part_00_13/shards/shard_000002,4900,test
91425,19,/Users/liuqing/Projects/01_E2E_QA_Code/E2E-Evaluation/outputs/waymo_5neighbor_context_laneaware_clean_v1_part_26_39/shards/shard_000001,1998,test
17924,3,/Users/liuqing/Projects/01_E2E_QA_Code/E2E-Evaluation/outputs/waymo_5neighbor_context_laneaware_clean_v1_part_00_13/shards/shard_000003,2918,test
46731,9,/Users/liuqing/Projects/01_E2E_QA_Code/E2E-Evaluation/outputs/waymo_5neighbor_context_laneaware_clean_v1_part_13_26/shards/shard_000000,4059,test
121875,25,/Users/liuqing/Projects/01_E2E_QA_Code/E2E-Evaluation/outputs/waymo_5neighbor_context_laneaware_clean_v1_part_26_39/shards/shard_000007,2426,test
54166,11,/Users/liuqing/Projects/01_E2E_QA_Code/E2E-Evaluation/outputs/waymo_5neighbor_context_laneaware_clean_v1_part_13_26/shards/shard_000002,1479,test
109829,23,/Users/liuqing/Projects/01_E2E_QA_Code/E2E-Evaluation/outputs/waymo_5neighbor_context_laneaware_clean_v1_part_26_39/shards/shard_000005,390,test
55856,11,/Users/liuqing/Projects/01_E2E_QA_Code/E2E-Evaluation/outputs/waymo_5neighbor_context_laneaware_clean_v1_part_13_26/shards/shard_000002,3169,test
107100,22,/Users/liuqing/Projects/01_E2E_QA_Code/E2E-Evaluation/outputs/waymo_5neighbor_context_laneaware_clean_v1_part_26_39/shards/shard_000004,2668,test
33680,6,/Users/liuqing/Projects/01_E2E_QA_Code/E2E-Evaluation/outputs/waymo_5neighbor_context_laneaware_clean_v1_part_00_13/shards/shard_000006,3662,test
70113,14,/Users/liuqing/Projects/01_E2E_QA_Code/E2E-Evaluation/outputs/waymo_5neighbor_context_laneaware_clean_v1_part_13_26/shards/shard_000005,2403,test
109504,23,/Users/liuqing/Projects/01_E2E_QA_Code/E2E-Evaluation/outputs/waymo_5neighbor_context_laneaware_clean_v1_part_26_39/shards/shard_000005,65,test
62076,12,/Users/liuqing/Projects/01_E2E_QA_Code/E2E-Evaluation/outputs/waymo_5neighbor_context_laneaware_clean_v1_part_13_26/shards/shard_000003,4387,test
32571,6,/Users/liuqing/Projects/01_E2E_QA_Code/E2E-Evaluation/outputs/waymo_5neighbor_context_laneaware_clean_v1_part_00_13/shards/shard_000006,2553,test
27878,5,/Users/liuqing/Projects/01_E2E_QA_Code/E2E-Evaluation/outputs/waymo_5neighbor_context_laneaware_clean_v1_part_00_13/shards/shard_000005,2861,test
54895,11,/Users/liuqing/Projects/01_E2E_QA_Code/E2E-Evaluation/outputs/waymo_5neighbor_context_laneaware_clean_v1_part_13_26/shards/shard_000002,2208,test
92573,19,/Users/liuqing/Projects/01_E2E_QA_Code/E2E-Evaluation/outputs/waymo_5neighbor_context_laneaware_clean_v1_part_26_39/shards/shard_000001,3146,test
69830,14,/Users/liuqing/Projects/01_E2E_QA_Code/E2E-Evaluation/outputs/waymo_5neighbor_context_laneaware_clean_v1_part_13_26/shards/shard_000005,2120,test
67728,14,/Users/liuqing/Projects/01_E2E_QA_Code/E2E-Evaluation/outputs/waymo_5neighbor_context_laneaware_clean_v1_part_13_26/shards/shard_000005,18,test
106554,22,/Users/liuqing/Projects/01_E2E_QA_Code/E2E-Evaluation/outputs/waymo_5neighbor_context_laneaware_clean_v1_part_26_39/shards/shard_000004,2122,test
49856,10,/Users/liuqing/Projects/01_E2E_QA_Code/E2E-Evaluation/outputs/waymo_5neighbor_context_laneaware_clean_v1_part_13_26/shards/shard_000001,2171,test
76767,15,/Users/liuqing/Projects/01_E2E_QA_Code/E2E-Evaluation/outputs/waymo_5neighbor_context_laneaware_clean_v1_part_13_26/shards/shard_000006,4046,test
62400,12,/Users/liuqing/Projects/01_E2E_QA_Code/E2E-Evaluation/outputs/waymo_5neighbor_context_laneaware_clean_v1_part_13_26/shards/shard_000003,4711,test
23456,4,/Users/liuqing/Projects/01_E2E_QA_Code/E2E-Evaluation/outputs/waymo_5neighbor_context_laneaware_clean_v1_part_00_13/shards/shard_000004,3450,test
82821,17,/Users/liuqing/Projects/01_E2E_QA_Code/E2E-Evaluation/outputs/waymo_5neighbor_context_laneaware_clean_v1_part_13_26/shards/shard_000008,91,test
124180,25,/Users/liuqing/Projects/01_E2E_QA_Code/E2E-Evaluation/outputs/waymo_5neighbor_context_laneaware_clean_v1_part_26_39/shards/shard_000007,4731,test
51787,10,/Users/liuqing/Projects/01_E2E_QA_Code/E2E-Evaluation/outputs/waymo_5neighbor_context_laneaware_clean_v1_part_13_26/shards/shard_000001,4102,test
133043,28,/Users/liuqing/Projects/01_E2E_QA_Code/E2E-Evaluation/outputs/waymo_5neighbor_context_laneaware_clean_v1_part_39_51/shards/shard_000001,1792,test
36001,7,/Users/liuqing/Projects/01_E2E_QA_Code/E2E-Evaluation/outputs/waymo_5neighbor_context_laneaware_clean_v1_part_00_13/shards/shard_000007,982,test
22736,4,/Users/liuqing/Projects/01_E2E_QA_Code/E2E-Evaluation/outputs/waymo_5neighbor_context_laneaware_clean_v1_part_00_13/shards/shard_000004,2730,test
33421,6,/Users/liuqing/Projects/01_E2E_QA_Code/E2E-Evaluation/outputs/waymo_5neighbor_context_laneaware_clean_v1_part_00_13/shards/shard_000006,3403,test
56265,11,/Users/liuqing/Projects/01_E2E_QA_Code/E2E-Evaluation/outputs/waymo_5neighbor_context_laneaware_clean_v1_part_13_26/shards/shard_000002,3578,test
40495,8,/Users/liuqing/Projects/01_E2E_QA_Code/E2E-Evaluation/outputs/waymo_5neighbor_context_laneaware_clean_v1_part_00_13/shards/shard_000008,467,test
163828,34,/Users/liuqing/Projects/01_E2E_QA_Code/E2E-Evaluation/outputs/waymo_5neighbor_context_laneaware_clean_v1_part_39_51/shards/shard_000007,2548,test
128728,27,/Users/liuqing/Projects/01_E2E_QA_Code/E2E-Evaluation/outputs/waymo_5neighbor_context_laneaware_clean_v1_part_39_51/shards/shard_000000,2478,test
26307,5,/Users/liuqing/Projects/01_E2E_QA_Code/E2E-Evaluation/outputs/waymo_5neighbor_context_laneaware_clean_v1_part_00_13/shards/shard_000005,1290,test
81389,16,/Users/liuqing/Projects/01_E2E_QA_Code/E2E-Evaluation/outputs/waymo_5neighbor_context_laneaware_clean_v1_part_13_26/shards/shard_000007,3668,test
132134,28,/Users/liuqing/Projects/01_E2E_QA_Code/E2E-Evaluation/outputs/waymo_5neighbor_context_laneaware_clean_v1_part_39_51/shards/shard_000001,883,test
27375,5,/Users/liuqing/Projects/01_E2E_QA_Code/E2E-Evaluation/outputs/waymo_5neighbor_context_laneaware_clean_v1_part_00_13/shards/shard_000005,2358,test
140465,29,/Users/liuqing/Projects/01_E2E_QA_Code/E2E-Evaluation/outputs/waymo_5neighbor_context_laneaware_clean_v1_part_39_51/shards/shard_000002,4212,test
17403,3,/Users/liuqing/Projects/01_E2E_QA_Code/E2E-Evaluation/outputs/waymo_5neighbor_context_laneaware_clean_v1_part_00_13/shards/shard_000003,2397,test
78364,16,/Users/liuqing/Projects/01_E2E_QA_Code/E2E-Evaluation/outputs/waymo_5neighbor_context_laneaware_clean_v1_part_13_26/shards/shard_000007,643,test
61089,12,/Users/liuqing/Projects/01_E2E_QA_Code/E2E-Evaluation/outputs/waymo_5neighbor_context_laneaware_clean_v1_part_13_26/shards/shard_000003,3400,test
30120,6,/Users/liuqing/Projects/01_E2E_QA_Code/E2E-Evaluation/outputs/waymo_5neighbor_context_laneaware_clean_v1_part_00_13/shards/shard_000006,102,test
95148,20,/Users/liuqing/Projects/01_E2E_QA_Code/E2E-Evaluation/outputs/waymo_5neighbor_context_laneaware_clean_v1_part_26_39/shards/shard_000002,721,test
16064,3,/Users/liuqing/Projects/01_E2E_QA_Code/E2E-Evaluation/outputs/waymo_5neighbor_context_laneaware_clean_v1_part_00_13/shards/shard_000003,1058,test
95530,20,/Users/liuqing/Projects/01_E2E_QA_Code/E2E-Evaluation/outputs/waymo_5neighbor_context_laneaware_clean_v1_part_26_39/shards/shard_000002,1103,test
52785,11,/Users/liuqing/Projects/01_E2E_QA_Code/E2E-Evaluation/outputs/waymo_5neighbor_context_laneaware_clean_v1_part_13_26/shards/shard_000002,98,test
4441,0,/Users/liuqing/Projects/01_E2E_QA_Code/E2E-Evaluation/outputs/waymo_5neighbor_context_laneaware_clean_v1_part_00_13/shards/shard_000000,4441,test
41216,8,/Users/liuqing/Projects/01_E2E_QA_Code/E2E-Evaluation/outputs/waymo_5neighbor_context_laneaware_clean_v1_part_00_13/shards/shard_000008,1188,test
93297,19,/Users/liuqing/Projects/01_E2E_QA_Code/E2E-Evaluation/outputs/waymo_5neighbor_context_laneaware_clean_v1_part_26_39/shards/shard_000001,3870,test
46849,9,/Users/liuqing/Projects/01_E2E_QA_Code/E2E-Evaluation/outputs/waymo_5neighbor_context_laneaware_clean_v1_part_13_26/shards/shard_000000,4177,test
70845,14,/Users/liuqing/Projects/01_E2E_QA_Code/E2E-Evaluation/outputs/waymo_5neighbor_context_laneaware_clean_v1_part_13_26/shards/shard_000005,3135,test
97712,20,/Users/liuqing/Projects/01_E2E_QA_Code/E2E-Evaluation/outputs/waymo_5neighbor_context_laneaware_clean_v1_part_26_39/shards/shard_000002,3285,test
127566,27,/Users/liuqing/Projects/01_E2E_QA_Code/E2E-Evaluation/outputs/waymo_5neighbor_context_laneaware_clean_v1_part_39_51/shards/shard_000000,1316,test
35031,7,/Users/liuqing/Projects/01_E2E_QA_Code/E2E-Evaluation/outputs/waymo_5neighbor_context_laneaware_clean_v1_part_00_13/shards/shard_000007,12,test
52888,11,/Users/liuqing/Projects/01_E2E_QA_Code/E2E-Evaluation/outputs/waymo_5neighbor_context_laneaware_clean_v1_part_13_26/shards/shard_000002,201,test
108517,22,/Users/liuqing/Projects/01_E2E_QA_Code/E2E-Evaluation/outputs/waymo_5neighbor_context_laneaware_clean_v1_part_26_39/shards/shard_000004,4085,test
105698,22,/Users/liuqing/Projects/01_E2E_QA_Code/E2E-Evaluation/outputs/waymo_5neighbor_context_laneaware_clean_v1_part_26_39/shards/shard_000004,1266,test
164709,34,/Users/liuqing/Projects/01_E2E_QA_Code/E2E-Evaluation/outputs/waymo_5neighbor_context_laneaware_clean_v1_part_39_51/shards/shard_000007,3429,test
103364,21,/Users/liuqing/Projects/01_E2E_QA_Code/E2E-Evaluation/outputs/waymo_5neighbor_context_laneaware_clean_v1_part_26_39/shards/shard_000003,3933,test
17760,3,/Users/liuqing/Projects/01_E2E_QA_Code/E2E-Evaluation/outputs/waymo_5neighbor_context_laneaware_clean_v1_part_00_13/shards/shard_000003,2754,test
162396,34,/Users/liuqing/Projects/01_E2E_QA_Code/E2E-Evaluation/outputs/waymo_5neighbor_context_laneaware_clean_v1_part_39_51/shards/shard_000007,1116,test
92332,19,/Users/liuqing/Projects/01_E2E_QA_Code/E2E-Evaluation/outputs/waymo_5neighbor_context_laneaware_clean_v1_part_26_39/shards/shard_000001,2905,test
140185,29,/Users/liuqing/Projects/01_E2E_QA_Code/E2E-Evaluation/outputs/waymo_5neighbor_context_laneaware_clean_v1_part_39_51/shards/shard_000002,3932,test
13512,2,/Users/liuqing/Projects/01_E2E_QA_Code/E2E-Evaluation/outputs/waymo_5neighbor_context_laneaware_clean_v1_part_00_13/shards/shard_000002,3506,test
137120,29,/Users/liuqing/Projects/01_E2E_QA_Code/E2E-Evaluation/outputs/waymo_5neighbor_context_laneaware_clean_v1_part_39_51/shards/shard_000002,867,test
8971,1,/Users/liuqing/Projects/01_E2E_QA_Code/E2E-Evaluation/outputs/waymo_5neighbor_context_laneaware_clean_v1_part_00_13/shards/shard_000001,3969,test
97376,20,/Users/liuqing/Projects/01_E2E_QA_Code/E2E-Evaluation/outputs/waymo_5neighbor_context_laneaware_clean_v1_part_26_39/shards/shard_000002,2949,test
128729,27,/Users/liuqing/Projects/01_E2E_QA_Code/E2E-Evaluation/outputs/waymo_5neighbor_context_laneaware_clean_v1_part_39_51/shards/shard_000000,2479,test
106580,22,/Users/liuqing/Projects/01_E2E_QA_Code/E2E-Evaluation/outputs/waymo_5neighbor_context_laneaware_clean_v1_part_26_39/shards/shard_000004,2148,test
42441,8,/Users/liuqing/Projects/01_E2E_QA_Code/E2E-Evaluation/outputs/waymo_5neighbor_context_laneaware_clean_v1_part_00_13/shards/shard_000008,2413,test
3265,0,/Users/liuqing/Projects/01_E2E_QA_Code/E2E-Evaluation/outputs/waymo_5neighbor_context_laneaware_clean_v1_part_00_13/shards/shard_000000,3265,test
121591,25,/Users/liuqing/Projects/01_E2E_QA_Code/E2E-Evaluation/outputs/waymo_5neighbor_context_laneaware_clean_v1_part_26_39/shards/shard_000007,2142,test
109437,22,/Users/liuqing/Projects/01_E2E_QA_Code/E2E-Evaluation/outputs/waymo_5neighbor_context_laneaware_clean_v1_part_26_39/shards/shard_000004,5005,test
159580,33,/Users/liuqing/Projects/01_E2E_QA_Code/E2E-Evaluation/outputs/waymo_5neighbor_context_laneaware_clean_v1_part_39_51/shards/shard_000006,3308,test
154323,32,/Users/liuqing/Projects/01_E2E_QA_Code/E2E-Evaluation/outputs/waymo_5neighbor_context_laneaware_clean_v1_part_39_51/shards/shard_000005,3052,test
113513,23,/Users/liuqing/Projects/01_E2E_QA_Code/E2E-Evaluation/outputs/waymo_5neighbor_context_laneaware_clean_v1_part_26_39/shards/shard_000005,4074,test
19967,3,/Users/liuqing/Projects/01_E2E_QA_Code/E2E-Evaluation/outputs/waymo_5neighbor_context_laneaware_clean_v1_part_00_13/shards/shard_000003,4961,test
25336,5,/Users/liuqing/Projects/01_E2E_QA_Code/E2E-Evaluation/outputs/waymo_5neighbor_context_laneaware_clean_v1_part_00_13/shards/shard_000005,319,test
98687,20,/Users/liuqing/Projects/01_E2E_QA_Code/E2E-Evaluation/outputs/waymo_5neighbor_context_laneaware_clean_v1_part_26_39/shards/shard_000002,4260,test
114959,24,/Users/liuqing/Projects/01_E2E_QA_Code/E2E-Evaluation/outputs/waymo_5neighbor_context_laneaware_clean_v1_part_26_39/shards/shard_000006,511,test
72865,15,/Users/liuqing/Projects/01_E2E_QA_Code/E2E-Evaluation/outputs/waymo_5neighbor_context_laneaware_clean_v1_part_13_26/shards/shard_000006,144,test
121919,25,/Users/liuqing/Projects/01_E2E_QA_Code/E2E-Evaluation/outputs/waymo_5neighbor_context_laneaware_clean_v1_part_26_39/shards/shard_000007,2470,test
102982,21,/Users/liuqing/Projects/01_E2E_QA_Code/E2E-Evaluation/outputs/waymo_5neighbor_context_laneaware_clean_v1_part_26_39/shards/shard_000003,3551,test
34597,6,/Users/liuqing/Projects/01_E2E_QA_Code/E2E-Evaluation/outputs/waymo_5neighbor_context_laneaware_clean_v1_part_00_13/shards/shard_000006,4579,test
124325,25,/Users/liuqing/Projects/01_E2E_QA_Code/E2E-Evaluation/outputs/waymo_5neighbor_context_laneaware_clean_v1_part_26_39/shards/shard_000007,4876,test
142547,30,/Users/liuqing/Projects/01_E2E_QA_Code/E2E-Evaluation/outputs/waymo_5neighbor_context_laneaware_clean_v1_part_39_51/shards/shard_000003,1278,test
92354,19,/Users/liuqing/Projects/01_E2E_QA_Code/E2E-Evaluation/outputs/waymo_5neighbor_context_laneaware_clean_v1_part_26_39/shards/shard_000001,2927,test
19909,3,/Users/liuqing/Projects/01_E2E_QA_Code/E2E-Evaluation/outputs/waymo_5neighbor_context_laneaware_clean_v1_part_00_13/shards/shard_000003,4903,test
2654,0,/Users/liuqing/Projects/01_E2E_QA_Code/E2E-Evaluation/outputs/waymo_5neighbor_context_laneaware_clean_v1_part_00_13/shards/shard_000000,2654,test
64446,13,/Users/liuqing/Projects/01_E2E_QA_Code/E2E-Evaluation/outputs/waymo_5neighbor_context_laneaware_clean_v1_part_13_26/shards/shard_000004,1744,test
48761,10,/Users/liuqing/Projects/01_E2E_QA_Code/E2E-Evaluation/outputs/waymo_5neighbor_context_laneaware_clean_v1_part_13_26/shards/shard_000001,1076,test
156733,33,/Users/liuqing/Projects/01_E2E_QA_Code/E2E-Evaluation/outputs/waymo_5neighbor_context_laneaware_clean_v1_part_39_51/shards/shard_000006,461,test
89011,18,/Users/liuqing/Projects/01_E2E_QA_Code/E2E-Evaluation/outputs/waymo_5neighbor_context_laneaware_clean_v1_part_26_39/shards/shard_000000,4588,test
25283,5,/Users/liuqing/Projects/01_E2E_QA_Code/E2E-Evaluation/outputs/waymo_5neighbor_context_laneaware_clean_v1_part_00_13/shards/shard_000005,266,test
12482,2,/Users/liuqing/Projects/01_E2E_QA_Code/E2E-Evaluation/outputs/waymo_5neighbor_context_laneaware_clean_v1_part_00_13/shards/shard_000002,2476,test
108347,22,/Users/liuqing/Projects/01_E2E_QA_Code/E2E-Evaluation/outputs/waymo_5neighbor_context_laneaware_clean_v1_part_26_39/shards/shard_000004,3915,test
38411,7,/Users/liuqing/Projects/01_E2E_QA_Code/E2E-Evaluation/outputs/waymo_5neighbor_context_laneaware_clean_v1_part_00_13/shards/shard_000007,3392,test
31896,6,/Users/liuqing/Projects/01_E2E_QA_Code/E2E-Evaluation/outputs/waymo_5neighbor_context_laneaware_clean_v1_part_00_13/shards/shard_000006,1878,test
118599,24,/Users/liuqing/Projects/01_E2E_QA_Code/E2E-Evaluation/outputs/waymo_5neighbor_context_laneaware_clean_v1_part_26_39/shards/shard_000006,4151,test
42046,8,/Users/liuqing/Projects/01_E2E_QA_Code/E2E-Evaluation/outputs/waymo_5neighbor_context_laneaware_clean_v1_part_00_13/shards/shard_000008,2018,test
146888,31,/Users/liuqing/Projects/01_E2E_QA_Code/E2E-Evaluation/outputs/waymo_5neighbor_context_laneaware_clean_v1_part_39_51/shards/shard_000004,618,test
134442,28,/Users/liuqing/Projects/01_E2E_QA_Code/E2E-Evaluation/outputs/waymo_5neighbor_context_laneaware_clean_v1_part_39_51/shards/shard_000001,3191,test
46673,9,/Users/liuqing/Projects/01_E2E_QA_Code/E2E-Evaluation/outputs/waymo_5neighbor_context_laneaware_clean_v1_part_13_26/shards/shard_000000,4001,test
65112,13,/Users/liuqing/Projects/01_E2E_QA_Code/E2E-Evaluation/outputs/waymo_5neighbor_context_laneaware_clean_v1_part_13_26/shards/shard_000004,2410,test
142553,30,/Users/liuqing/Projects/01_E2E_QA_Code/E2E-Evaluation/outputs/waymo_5neighbor_context_laneaware_clean_v1_part_39_51/shards/shard_000003,1284,test
43782,9,/Users/liuqing/Projects/01_E2E_QA_Code/E2E-Evaluation/outputs/waymo_5neighbor_context_laneaware_clean_v1_part_13_26/shards/shard_000000,1110,test
58920,12,/Users/liuqing/Projects/01_E2E_QA_Code/E2E-Evaluation/outputs/waymo_5neighbor_context_laneaware_clean_v1_part_13_26/shards/shard_000003,1231,test
119160,24,/Users/liuqing/Projects/01_E2E_QA_Code/E2E-Evaluation/outputs/waymo_5neighbor_context_laneaware_clean_v1_part_26_39/shards/shard_000006,4712,test
81409,16,/Users/liuqing/Projects/01_E2E_QA_Code/E2E-Evaluation/outputs/waymo_5neighbor_context_laneaware_clean_v1_part_13_26/shards/shard_000007,3688,test
15569,3,/Users/liuqing/Projects/01_E2E_QA_Code/E2E-Evaluation/outputs/waymo_5neighbor_context_laneaware_clean_v1_part_00_13/shards/shard_000003,563,test
98759,20,/Users/liuqing/Projects/01_E2E_QA_Code/E2E-Evaluation/outputs/waymo_5neighbor_context_laneaware_clean_v1_part_26_39/shards/shard_000002,4332,test
38618,7,/Users/liuqing/Projects/01_E2E_QA_Code/E2E-Evaluation/outputs/waymo_5neighbor_context_laneaware_clean_v1_part_00_13/shards/shard_000007,3599,test
80574,16,/Users/liuqing/Projects/01_E2E_QA_Code/E2E-Evaluation/outputs/waymo_5neighbor_context_laneaware_clean_v1_part_13_26/shards/shard_000007,2853,test
34685,6,/Users/liuqing/Projects/01_E2E_QA_Code/E2E-Evaluation/outputs/waymo_5neighbor_context_laneaware_clean_v1_part_00_13/shards/shard_000006,4667,test
43826,9,/Users/liuqing/Projects/01_E2E_QA_Code/E2E-Evaluation/outputs/waymo_5neighbor_context_laneaware_clean_v1_part_13_26/shards/shard_000000,1154,test
152764,32,/Users/liuqing/Projects/01_E2E_QA_Code/E2E-Evaluation/outputs/waymo_5neighbor_context_laneaware_clean_v1_part_39_51/shards/shard_000005,1493,test
137113,29,/Users/liuqing/Projects/01_E2E_QA_Code/E2E-Evaluation/outputs/waymo_5neighbor_context_laneaware_clean_v1_part_39_51/shards/shard_000002,860,test
62122,12,/Users/liuqing/Projects/01_E2E_QA_Code/E2E-Evaluation/outputs/waymo_5neighbor_context_laneaware_clean_v1_part_13_26/shards/shard_000003,4433,test
118907,24,/Users/liuqing/Projects/01_E2E_QA_Code/E2E-Evaluation/outputs/waymo_5neighbor_context_laneaware_clean_v1_part_26_39/shards/shard_000006,4459,test
79959,16,/Users/liuqing/Projects/01_E2E_QA_Code/E2E-Evaluation/outputs/waymo_5neighbor_context_laneaware_clean_v1_part_13_26/shards/shard_000007,2238,test
158404,33,/Users/liuqing/Projects/01_E2E_QA_Code/E2E-Evaluation/outputs/waymo_5neighbor_context_laneaware_clean_v1_part_39_51/shards/shard_000006,2132,test
44682,9,/Users/liuqing/Projects/01_E2E_QA_Code/E2E-Evaluation/outputs/waymo_5neighbor_context_laneaware_clean_v1_part_13_26/shards/shard_000000,2010,test
164130,34,/Users/liuqing/Projects/01_E2E_QA_Code/E2E-Evaluation/outputs/waymo_5neighbor_context_laneaware_clean_v1_part_39_51/shards/shard_000007,2850,test
81814,16,/Users/liuqing/Projects/01_E2E_QA_Code/E2E-Evaluation/outputs/waymo_5neighbor_context_laneaware_clean_v1_part_13_26/shards/shard_000007,4093,test
80522,16,/Users/liuqing/Projects/01_E2E_QA_Code/E2E-Evaluation/outputs/waymo_5neighbor_context_laneaware_clean_v1_part_13_26/shards/shard_000007,2801,test
19916,3,/Users/liuqing/Projects/01_E2E_QA_Code/E2E-Evaluation/outputs/waymo_5neighbor_context_laneaware_clean_v1_part_00_13/shards/shard_000003,4910,test
64327,13,/Users/liuqing/Projects/01_E2E_QA_Code/E2E-Evaluation/outputs/waymo_5neighbor_context_laneaware_clean_v1_part_13_26/shards/shard_000004,1625,test
87748,18,/Users/liuqing/Projects/01_E2E_QA_Code/E2E-Evaluation/outputs/waymo_5neighbor_context_laneaware_clean_v1_part_26_39/shards/shard_000000,3325,test
115335,24,/Users/liuqing/Projects/01_E2E_QA_Code/E2E-Evaluation/outputs/waymo_5neighbor_context_laneaware_clean_v1_part_26_39/shards/shard_000006,887,test
66629,13,/Users/liuqing/Projects/01_E2E_QA_Code/E2E-Evaluation/outputs/waymo_5neighbor_context_laneaware_clean_v1_part_13_26/shards/shard_000004,3927,test
67417,13,/Users/liuqing/Projects/01_E2E_QA_Code/E2E-Evaluation/outputs/waymo_5neighbor_context_laneaware_clean_v1_part_13_26/shards/shard_000004,4715,test
37946,7,/Users/liuqing/Projects/01_E2E_QA_Code/E2E-Evaluation/outputs/waymo_5neighbor_context_laneaware_clean_v1_part_00_13/shards/shard_000007,2927,test
38167,7,/Users/liuqing/Projects/01_E2E_QA_Code/E2E-Evaluation/outputs/waymo_5neighbor_context_laneaware_clean_v1_part_00_13/shards/shard_000007,3148,test
40100,8,/Users/liuqing/Projects/01_E2E_QA_Code/E2E-Evaluation/outputs/waymo_5neighbor_context_laneaware_clean_v1_part_00_13/shards/shard_000008,72,test
4706,0,/Users/liuqing/Projects/01_E2E_QA_Code/E2E-Evaluation/outputs/waymo_5neighbor_context_laneaware_clean_v1_part_00_13/shards/shard_000000,4706,test
541,0,/Users/liuqing/Projects/01_E2E_QA_Code/E2E-Evaluation/outputs/waymo_5neighbor_context_laneaware_clean_v1_part_00_13/shards/shard_000000,541,test
63444,13,/Users/liuqing/Projects/01_E2E_QA_Code/E2E-Evaluation/outputs/waymo_5neighbor_context_laneaware_clean_v1_part_13_26/shards/shard_000004,742,test
77628,15,/Users/liuqing/Projects/01_E2E_QA_Code/E2E-Evaluation/outputs/waymo_5neighbor_context_laneaware_clean_v1_part_13_26/shards/shard_000006,4907,test
23091,4,/Users/liuqing/Projects/01_E2E_QA_Code/E2E-Evaluation/outputs/waymo_5neighbor_context_laneaware_clean_v1_part_00_13/shards/shard_000004,3085,test
138425,29,/Users/liuqing/Projects/01_E2E_QA_Code/E2E-Evaluation/outputs/waymo_5neighbor_context_laneaware_clean_v1_part_39_51/shards/shard_000002,2172,test
7862,1,/Users/liuqing/Projects/01_E2E_QA_Code/E2E-Evaluation/outputs/waymo_5neighbor_context_laneaware_clean_v1_part_00_13/shards/shard_000001,2860,test
38621,7,/Users/liuqing/Projects/01_E2E_QA_Code/E2E-Evaluation/outputs/waymo_5neighbor_context_laneaware_clean_v1_part_00_13/shards/shard_000007,3602,test
4428,0,/Users/liuqing/Projects/01_E2E_QA_Code/E2E-Evaluation/outputs/waymo_5neighbor_context_laneaware_clean_v1_part_00_13/shards/shard_000000,4428,test
27384,5,/Users/liuqing/Projects/01_E2E_QA_Code/E2E-Evaluation/outputs/waymo_5neighbor_context_laneaware_clean_v1_part_00_13/shards/shard_000005,2367,test
12549,2,/Users/liuqing/Projects/01_E2E_QA_Code/E2E-Evaluation/outputs/waymo_5neighbor_context_laneaware_clean_v1_part_00_13/shards/shard_000002,2543,test
110678,23,/Users/liuqing/Projects/01_E2E_QA_Code/E2E-Evaluation/outputs/waymo_5neighbor_context_laneaware_clean_v1_part_26_39/shards/shard_000005,1239,test
124422,25,/Users/liuqing/Projects/01_E2E_QA_Code/E2E-Evaluation/outputs/waymo_5neighbor_context_laneaware_clean_v1_part_26_39/shards/shard_000007,4973,test
79148,16,/Users/liuqing/Projects/01_E2E_QA_Code/E2E-Evaluation/outputs/waymo_5neighbor_context_laneaware_clean_v1_part_13_26/shards/shard_000007,1427,test
34704,6,/Users/liuqing/Projects/01_E2E_QA_Code/E2E-Evaluation/outputs/waymo_5neighbor_context_laneaware_clean_v1_part_00_13/shards/shard_000006,4686,test
52426,10,/Users/liuqing/Projects/01_E2E_QA_Code/E2E-Evaluation/outputs/waymo_5neighbor_context_laneaware_clean_v1_part_13_26/shards/shard_000001,4741,test
81387,16,/Users/liuqing/Projects/01_E2E_QA_Code/E2E-Evaluation/outputs/waymo_5neighbor_context_laneaware_clean_v1_part_13_26/shards/shard_000007,3666,test
26313,5,/Users/liuqing/Projects/01_E2E_QA_Code/E2E-Evaluation/outputs/waymo_5neighbor_context_laneaware_clean_v1_part_00_13/shards/shard_000005,1296,test
144191,30,/Users/liuqing/Projects/01_E2E_QA_Code/E2E-Evaluation/outputs/waymo_5neighbor_context_laneaware_clean_v1_part_39_51/shards/shard_000003,2922,test
112179,23,/Users/liuqing/Projects/01_E2E_QA_Code/E2E-Evaluation/outputs/waymo_5neighbor_context_laneaware_clean_v1_part_26_39/shards/shard_000005,2740,test
40526,8,/Users/liuqing/Projects/01_E2E_QA_Code/E2E-Evaluation/outputs/waymo_5neighbor_context_laneaware_clean_v1_part_00_13/shards/shard_000008,498,test
43463,9,/Users/liuqing/Projects/01_E2E_QA_Code/E2E-Evaluation/outputs/waymo_5neighbor_context_laneaware_clean_v1_part_13_26/shards/shard_000000,791,test
1421,0,/Users/liuqing/Projects/01_E2E_QA_Code/E2E-Evaluation/outputs/waymo_5neighbor_context_laneaware_clean_v1_part_00_13/shards/shard_000000,1421,test
122722,25,/Users/liuqing/Projects/01_E2E_QA_Code/E2E-Evaluation/outputs/waymo_5neighbor_context_laneaware_clean_v1_part_26_39/shards/shard_000007,3273,test
90104,19,/Users/liuqing/Projects/01_E2E_QA_Code/E2E-Evaluation/outputs/waymo_5neighbor_context_laneaware_clean_v1_part_26_39/shards/shard_000001,677,test
92088,19,/Users/liuqing/Projects/01_E2E_QA_Code/E2E-Evaluation/outputs/waymo_5neighbor_context_laneaware_clean_v1_part_26_39/shards/shard_000001,2661,test
27875,5,/Users/liuqing/Projects/01_E2E_QA_Code/E2E-Evaluation/outputs/waymo_5neighbor_context_laneaware_clean_v1_part_00_13/shards/shard_000005,2858,test
97554,20,/Users/liuqing/Projects/01_E2E_QA_Code/E2E-Evaluation/outputs/waymo_5neighbor_context_laneaware_clean_v1_part_26_39/shards/shard_000002,3127,test
38906,7,/Users/liuqing/Projects/01_E2E_QA_Code/E2E-Evaluation/outputs/waymo_5neighbor_context_laneaware_clean_v1_part_00_13/shards/shard_000007,3887,test
43095,9,/Users/liuqing/Projects/01_E2E_QA_Code/E2E-Evaluation/outputs/waymo_5neighbor_context_laneaware_clean_v1_part_13_26/shards/shard_000000,423,test
22021,4,/Users/liuqing/Projects/01_E2E_QA_Code/E2E-Evaluation/outputs/waymo_5neighbor_context_laneaware_clean_v1_part_00_13/shards/shard_000004,2015,test
44035,9,/Users/liuqing/Projects/01_E2E_QA_Code/E2E-Evaluation/outputs/waymo_5neighbor_context_laneaware_clean_v1_part_13_26/shards/shard_000000,1363,test
89455,19,/Users/liuqing/Projects/01_E2E_QA_Code/E2E-Evaluation/outputs/waymo_5neighbor_context_laneaware_clean_v1_part_26_39/shards/shard_000001,28,test
11553,2,/Users/liuqing/Projects/01_E2E_QA_Code/E2E-Evaluation/outputs/waymo_5neighbor_context_laneaware_clean_v1_part_00_13/shards/shard_000002,1547,test
70649,14,/Users/liuqing/Projects/01_E2E_QA_Code/E2E-Evaluation/outputs/waymo_5neighbor_context_laneaware_clean_v1_part_13_26/shards/shard_000005,2939,test
105861,22,/Users/liuqing/Projects/01_E2E_QA_Code/E2E-Evaluation/outputs/waymo_5neighbor_context_laneaware_clean_v1_part_26_39/shards/shard_000004,1429,test
67671,13,/Users/liuqing/Projects/01_E2E_QA_Code/E2E-Evaluation/outputs/waymo_5neighbor_context_laneaware_clean_v1_part_13_26/shards/shard_000004,4969,test
60287,12,/Users/liuqing/Projects/01_E2E_QA_Code/E2E-Evaluation/outputs/waymo_5neighbor_context_laneaware_clean_v1_part_13_26/shards/shard_000003,2598,test
10420,2,/Users/liuqing/Projects/01_E2E_QA_Code/E2E-Evaluation/outputs/waymo_5neighbor_context_laneaware_clean_v1_part_00_13/shards/shard_000002,414,test
92086,19,/Users/liuqing/Projects/01_E2E_QA_Code/E2E-Evaluation/outputs/waymo_5neighbor_context_laneaware_clean_v1_part_26_39/shards/shard_000001,2659,test
14874,2,/Users/liuqing/Projects/01_E2E_QA_Code/E2E-Evaluation/outputs/waymo_5neighbor_context_laneaware_clean_v1_part_00_13/shards/shard_000002,4868,test
48379,10,/Users/liuqing/Projects/01_E2E_QA_Code/E2E-Evaluation/outputs/waymo_5neighbor_context_laneaware_clean_v1_part_13_26/shards/shard_000001,694,test
155439,32,/Users/liuqing/Projects/01_E2E_QA_Code/E2E-Evaluation/outputs/waymo_5neighbor_context_laneaware_clean_v1_part_39_51/shards/shard_000005,4168,test
76780,15,/Users/liuqing/Projects/01_E2E_QA_Code/E2E-Evaluation/outputs/waymo_5neighbor_context_laneaware_clean_v1_part_13_26/shards/shard_000006,4059,test
39182,7,/Users/liuqing/Projects/01_E2E_QA_Code/E2E-Evaluation/outputs/waymo_5neighbor_context_laneaware_clean_v1_part_00_13/shards/shard_000007,4163,test
35349,7,/Users/liuqing/Projects/01_E2E_QA_Code/E2E-Evaluation/outputs/waymo_5neighbor_context_laneaware_clean_v1_part_00_13/shards/shard_000007,330,test
46663,9,/Users/liuqing/Projects/01_E2E_QA_Code/E2E-Evaluation/outputs/waymo_5neighbor_context_laneaware_clean_v1_part_13_26/shards/shard_000000,3991,test
102536,21,/Users/liuqing/Projects/01_E2E_QA_Code/E2E-Evaluation/outputs/waymo_5neighbor_context_laneaware_clean_v1_part_26_39/shards/shard_000003,3105,test
105719,22,/Users/liuqing/Projects/01_E2E_QA_Code/E2E-Evaluation/outputs/waymo_5neighbor_context_laneaware_clean_v1_part_26_39/shards/shard_000004,1287,test
93507,19,/Users/liuqing/Projects/01_E2E_QA_Code/E2E-Evaluation/outputs/waymo_5neighbor_context_laneaware_clean_v1_part_26_39/shards/shard_000001,4080,test
31800,6,/Users/liuqing/Projects/01_E2E_QA_Code/E2E-Evaluation/outputs/waymo_5neighbor_context_laneaware_clean_v1_part_00_13/shards/shard_000006,1782,test
131713,28,/Users/liuqing/Projects/01_E2E_QA_Code/E2E-Evaluation/outputs/waymo_5neighbor_context_laneaware_clean_v1_part_39_51/shards/shard_000001,462,test
20339,4,/Users/liuqing/Projects/01_E2E_QA_Code/E2E-Evaluation/outputs/waymo_5neighbor_context_laneaware_clean_v1_part_00_13/shards/shard_000004,333,test
88902,18,/Users/liuqing/Projects/01_E2E_QA_Code/E2E-Evaluation/outputs/waymo_5neighbor_context_laneaware_clean_v1_part_26_39/shards/shard_000000,4479,test
95026,20,/Users/liuqing/Projects/01_E2E_QA_Code/E2E-Evaluation/outputs/waymo_5neighbor_context_laneaware_clean_v1_part_26_39/shards/shard_000002,599,test
40103,8,/Users/liuqing/Projects/01_E2E_QA_Code/E2E-Evaluation/outputs/waymo_5neighbor_context_laneaware_clean_v1_part_00_13/shards/shard_000008,75,test
111208,23,/Users/liuqing/Projects/01_E2E_QA_Code/E2E-Evaluation/outputs/waymo_5neighbor_context_laneaware_clean_v1_part_26_39/shards/shard_000005,1769,test
147745,31,/Users/liuqing/Projects/01_E2E_QA_Code/E2E-Evaluation/outputs/waymo_5neighbor_context_laneaware_clean_v1_part_39_51/shards/shard_000004,1475,test
23445,4,/Users/liuqing/Projects/01_E2E_QA_Code/E2E-Evaluation/outputs/waymo_5neighbor_context_laneaware_clean_v1_part_00_13/shards/shard_000004,3439,test
23368,4,/Users/liuqing/Projects/01_E2E_QA_Code/E2E-Evaluation/outputs/waymo_5neighbor_context_laneaware_clean_v1_part_00_13/shards/shard_000004,3362,test
116557,24,/Users/liuqing/Projects/01_E2E_QA_Code/E2E-Evaluation/outputs/waymo_5neighbor_context_laneaware_clean_v1_part_26_39/shards/shard_000006,2109,test
98627,20,/Users/liuqing/Projects/01_E2E_QA_Code/E2E-Evaluation/outputs/waymo_5neighbor_context_laneaware_clean_v1_part_26_39/shards/shard_000002,4200,test
100640,21,/Users/liuqing/Projects/01_E2E_QA_Code/E2E-Evaluation/outputs/waymo_5neighbor_context_laneaware_clean_v1_part_26_39/shards/shard_000003,1209,test
51294,10,/Users/liuqing/Projects/01_E2E_QA_Code/E2E-Evaluation/outputs/waymo_5neighbor_context_laneaware_clean_v1_part_13_26/shards/shard_000001,3609,test
56866,11,/Users/liuqing/Projects/01_E2E_QA_Code/E2E-Evaluation/outputs/waymo_5neighbor_context_laneaware_clean_v1_part_13_26/shards/shard_000002,4179,test
6744,1,/Users/liuqing/Projects/01_E2E_QA_Code/E2E-Evaluation/outputs/waymo_5neighbor_context_laneaware_clean_v1_part_00_13/shards/shard_000001,1742,test
41566,8,/Users/liuqing/Projects/01_E2E_QA_Code/E2E-Evaluation/outputs/waymo_5neighbor_context_laneaware_clean_v1_part_00_13/shards/shard_000008,1538,test
64663,13,/Users/liuqing/Projects/01_E2E_QA_Code/E2E-Evaluation/outputs/waymo_5neighbor_context_laneaware_clean_v1_part_13_26/shards/shard_000004,1961,test
113753,23,/Users/liuqing/Projects/01_E2E_QA_Code/E2E-Evaluation/outputs/waymo_5neighbor_context_laneaware_clean_v1_part_26_39/shards/shard_000005,4314,test
26941,5,/Users/liuqing/Projects/01_E2E_QA_Code/E2E-Evaluation/outputs/waymo_5neighbor_context_laneaware_clean_v1_part_00_13/shards/shard_000005,1924,test
15127,3,/Users/liuqing/Projects/01_E2E_QA_Code/E2E-Evaluation/outputs/waymo_5neighbor_context_laneaware_clean_v1_part_00_13/shards/shard_000003,121,test
133266,28,/Users/liuqing/Projects/01_E2E_QA_Code/E2E-Evaluation/outputs/waymo_5neighbor_context_laneaware_clean_v1_part_39_51/shards/shard_000001,2015,test
8308,1,/Users/liuqing/Projects/01_E2E_QA_Code/E2E-Evaluation/outputs/waymo_5neighbor_context_laneaware_clean_v1_part_00_13/shards/shard_000001,3306,test
48376,10,/Users/liuqing/Projects/01_E2E_QA_Code/E2E-Evaluation/outputs/waymo_5neighbor_context_laneaware_clean_v1_part_13_26/shards/shard_000001,691,test
4427,0,/Users/liuqing/Projects/01_E2E_QA_Code/E2E-Evaluation/outputs/waymo_5neighbor_context_laneaware_clean_v1_part_00_13/shards/shard_000000,4427,test
54664,11,/Users/liuqing/Projects/01_E2E_QA_Code/E2E-Evaluation/outputs/waymo_5neighbor_context_laneaware_clean_v1_part_13_26/shards/shard_000002,1977,test
157305,33,/Users/liuqing/Projects/01_E2E_QA_Code/E2E-Evaluation/outputs/waymo_5neighbor_context_laneaware_clean_v1_part_39_51/shards/shard_000006,1033,test
142110,30,/Users/liuqing/Projects/01_E2E_QA_Code/E2E-Evaluation/outputs/waymo_5neighbor_context_laneaware_clean_v1_part_39_51/shards/shard_000003,841,test
127869,27,/Users/liuqing/Projects/01_E2E_QA_Code/E2E-Evaluation/outputs/waymo_5neighbor_context_laneaware_clean_v1_part_39_51/shards/shard_000000,1619,test
118295,24,/Users/liuqing/Projects/01_E2E_QA_Code/E2E-Evaluation/outputs/waymo_5neighbor_context_laneaware_clean_v1_part_26_39/shards/shard_000006,3847,test
127269,27,/Users/liuqing/Projects/01_E2E_QA_Code/E2E-Evaluation/outputs/waymo_5neighbor_context_laneaware_clean_v1_part_39_51/shards/shard_000000,1019,test
41564,8,/Users/liuqing/Projects/01_E2E_QA_Code/E2E-Evaluation/outputs/waymo_5neighbor_context_laneaware_clean_v1_part_00_13/shards/shard_000008,1536,test
134473,28,/Users/liuqing/Projects/01_E2E_QA_Code/E2E-Evaluation/outputs/waymo_5neighbor_context_laneaware_clean_v1_part_39_51/shards/shard_000001,3222,test
124327,25,/Users/liuqing/Projects/01_E2E_QA_Code/E2E-Evaluation/outputs/waymo_5neighbor_context_laneaware_clean_v1_part_26_39/shards/shard_000007,4878,test
98632,20,/Users/liuqing/Projects/01_E2E_QA_Code/E2E-Evaluation/outputs/waymo_5neighbor_context_laneaware_clean_v1_part_26_39/shards/shard_000002,4205,test
97406,20,/Users/liuqing/Projects/01_E2E_QA_Code/E2E-Evaluation/outputs/waymo_5neighbor_context_laneaware_clean_v1_part_26_39/shards/shard_000002,2979,test
44030,9,/Users/liuqing/Projects/01_E2E_QA_Code/E2E-Evaluation/outputs/waymo_5neighbor_context_laneaware_clean_v1_part_13_26/shards/shard_000000,1358,test
81819,16,/Users/liuqing/Projects/01_E2E_QA_Code/E2E-Evaluation/outputs/waymo_5neighbor_context_laneaware_clean_v1_part_13_26/shards/shard_000007,4098,test
54160,11,/Users/liuqing/Projects/01_E2E_QA_Code/E2E-Evaluation/outputs/waymo_5neighbor_context_laneaware_clean_v1_part_13_26/shards/shard_000002,1473,test
71200,14,/Users/liuqing/Projects/01_E2E_QA_Code/E2E-Evaluation/outputs/waymo_5neighbor_context_laneaware_clean_v1_part_13_26/shards/shard_000005,3490,test
152759,32,/Users/liuqing/Projects/01_E2E_QA_Code/E2E-Evaluation/outputs/waymo_5neighbor_context_laneaware_clean_v1_part_39_51/shards/shard_000005,1488,test
116222,24,/Users/liuqing/Projects/01_E2E_QA_Code/E2E-Evaluation/outputs/waymo_5neighbor_context_laneaware_clean_v1_part_26_39/shards/shard_000006,1774,test
83287,17,/Users/liuqing/Projects/01_E2E_QA_Code/E2E-Evaluation/outputs/waymo_5neighbor_context_laneaware_clean_v1_part_13_26/shards/shard_000008,557,test
132687,28,/Users/liuqing/Projects/01_E2E_QA_Code/E2E-Evaluation/outputs/waymo_5neighbor_context_laneaware_clean_v1_part_39_51/shards/shard_000001,1436,test
148367,31,/Users/liuqing/Projects/01_E2E_QA_Code/E2E-Evaluation/outputs/waymo_5neighbor_context_laneaware_clean_v1_part_39_51/shards/shard_000004,2097,test
24933,4,/Users/liuqing/Projects/01_E2E_QA_Code/E2E-Evaluation/outputs/waymo_5neighbor_context_laneaware_clean_v1_part_00_13/shards/shard_000004,4927,test
124162,25,/Users/liuqing/Projects/01_E2E_QA_Code/E2E-Evaluation/outputs/waymo_5neighbor_context_laneaware_clean_v1_part_26_39/shards/shard_000007,4713,test
87262,18,/Users/liuqing/Projects/01_E2E_QA_Code/E2E-Evaluation/outputs/waymo_5neighbor_context_laneaware_clean_v1_part_26_39/shards/shard_000000,2839,test
127149,27,/Users/liuqing/Projects/01_E2E_QA_Code/E2E-Evaluation/outputs/waymo_5neighbor_context_laneaware_clean_v1_part_39_51/shards/shard_000000,899,test
132411,28,/Users/liuqing/Projects/01_E2E_QA_Code/E2E-Evaluation/outputs/waymo_5neighbor_context_laneaware_clean_v1_part_39_51/shards/shard_000001,1160,test
145320,30,/Users/liuqing/Projects/01_E2E_QA_Code/E2E-Evaluation/outputs/waymo_5neighbor_context_laneaware_clean_v1_part_39_51/shards/shard_000003,4051,test
25864,5,/Users/liuqing/Projects/01_E2E_QA_Code/E2E-Evaluation/outputs/waymo_5neighbor_context_laneaware_clean_v1_part_00_13/shards/shard_000005,847,test
136359,29,/Users/liuqing/Projects/01_E2E_QA_Code/E2E-Evaluation/outputs/waymo_5neighbor_context_laneaware_clean_v1_part_39_51/shards/shard_000002,106,test
42371,8,/Users/liuqing/Projects/01_E2E_QA_Code/E2E-Evaluation/outputs/waymo_5neighbor_context_laneaware_clean_v1_part_00_13/shards/shard_000008,2343,test
133398,28,/Users/liuqing/Projects/01_E2E_QA_Code/E2E-Evaluation/outputs/waymo_5neighbor_context_laneaware_clean_v1_part_39_51/shards/shard_000001,2147,test
111411,23,/Users/liuqing/Projects/01_E2E_QA_Code/E2E-Evaluation/outputs/waymo_5neighbor_context_laneaware_clean_v1_part_26_39/shards/shard_000005,1972,test
42285,8,/Users/liuqing/Projects/01_E2E_QA_Code/E2E-Evaluation/outputs/waymo_5neighbor_context_laneaware_clean_v1_part_00_13/shards/shard_000008,2257,test
150820,31,/Users/liuqing/Projects/01_E2E_QA_Code/E2E-Evaluation/outputs/waymo_5neighbor_context_laneaware_clean_v1_part_39_51/shards/shard_000004,4550,test
74950,15,/Users/liuqing/Projects/01_E2E_QA_Code/E2E-Evaluation/outputs/waymo_5neighbor_context_laneaware_clean_v1_part_13_26/shards/shard_000006,2229,test
23461,4,/Users/liuqing/Projects/01_E2E_QA_Code/E2E-Evaluation/outputs/waymo_5neighbor_context_laneaware_clean_v1_part_00_13/shards/shard_000004,3455,test
150728,31,/Users/liuqing/Projects/01_E2E_QA_Code/E2E-Evaluation/outputs/waymo_5neighbor_context_laneaware_clean_v1_part_39_51/shards/shard_000004,4458,test
109260,22,/Users/liuqing/Projects/01_E2E_QA_Code/E2E-Evaluation/outputs/waymo_5neighbor_context_laneaware_clean_v1_part_26_39/shards/shard_000004,4828,test
162128,34,/Users/liuqing/Projects/01_E2E_QA_Code/E2E-Evaluation/outputs/waymo_5neighbor_context_laneaware_clean_v1_part_39_51/shards/shard_000007,848,test
103356,21,/Users/liuqing/Projects/01_E2E_QA_Code/E2E-Evaluation/outputs/waymo_5neighbor_context_laneaware_clean_v1_part_26_39/shards/shard_000003,3925,test
18501,3,/Users/liuqing/Projects/01_E2E_QA_Code/E2E-Evaluation/outputs/waymo_5neighbor_context_laneaware_clean_v1_part_00_13/shards/shard_000003,3495,test
97891,20,/Users/liuqing/Projects/01_E2E_QA_Code/E2E-Evaluation/outputs/waymo_5neighbor_context_laneaware_clean_v1_part_26_39/shards/shard_000002,3464,test
34217,6,/Users/liuqing/Projects/01_E2E_QA_Code/E2E-Evaluation/outputs/waymo_5neighbor_context_laneaware_clean_v1_part_00_13/shards/shard_000006,4199,test
46671,9,/Users/liuqing/Projects/01_E2E_QA_Code/E2E-Evaluation/outputs/waymo_5neighbor_context_laneaware_clean_v1_part_13_26/shards/shard_000000,3999,test
4792,0,/Users/liuqing/Projects/01_E2E_QA_Code/E2E-Evaluation/outputs/waymo_5neighbor_context_laneaware_clean_v1_part_00_13/shards/shard_000000,4792,test
152579,32,/Users/liuqing/Projects/01_E2E_QA_Code/E2E-Evaluation/outputs/waymo_5neighbor_context_laneaware_clean_v1_part_39_51/shards/shard_000005,1308,test
154630,32,/Users/liuqing/Projects/01_E2E_QA_Code/E2E-Evaluation/outputs/waymo_5neighbor_context_laneaware_clean_v1_part_39_51/shards/shard_000005,3359,test
68821,14,/Users/liuqing/Projects/01_E2E_QA_Code/E2E-Evaluation/outputs/waymo_5neighbor_context_laneaware_clean_v1_part_13_26/shards/shard_000005,1111,test
106581,22,/Users/liuqing/Projects/01_E2E_QA_Code/E2E-Evaluation/outputs/waymo_5neighbor_context_laneaware_clean_v1_part_26_39/shards/shard_000004,2149,test
81069,16,/Users/liuqing/Projects/01_E2E_QA_Code/E2E-Evaluation/outputs/waymo_5neighbor_context_laneaware_clean_v1_part_13_26/shards/shard_000007,3348,test
113518,23,/Users/liuqing/Projects/01_E2E_QA_Code/E2E-Evaluation/outputs/waymo_5neighbor_context_laneaware_clean_v1_part_26_39/shards/shard_000005,4079,test
52433,10,/Users/liuqing/Projects/01_E2E_QA_Code/E2E-Evaluation/outputs/waymo_5neighbor_context_laneaware_clean_v1_part_13_26/shards/shard_000001,4748,test
40056,8,/Users/liuqing/Projects/01_E2E_QA_Code/E2E-Evaluation/outputs/waymo_5neighbor_context_laneaware_clean_v1_part_00_13/shards/shard_000008,28,test
79964,16,/Users/liuqing/Projects/01_E2E_QA_Code/E2E-Evaluation/outputs/waymo_5neighbor_context_laneaware_clean_v1_part_13_26/shards/shard_000007,2243,test
63175,13,/Users/liuqing/Projects/01_E2E_QA_Code/E2E-Evaluation/outputs/waymo_5neighbor_context_laneaware_clean_v1_part_13_26/shards/shard_000004,473,test
132171,28,/Users/liuqing/Projects/01_E2E_QA_Code/E2E-Evaluation/outputs/waymo_5neighbor_context_laneaware_clean_v1_part_39_51/shards/shard_000001,920,test
118751,24,/Users/liuqing/Projects/01_E2E_QA_Code/E2E-Evaluation/outputs/waymo_5neighbor_context_laneaware_clean_v1_part_26_39/shards/shard_000006,4303,test
138509,29,/Users/liuqing/Projects/01_E2E_QA_Code/E2E-Evaluation/outputs/waymo_5neighbor_context_laneaware_clean_v1_part_39_51/shards/shard_000002,2256,test
97767,20,/Users/liuqing/Projects/01_E2E_QA_Code/E2E-Evaluation/outputs/waymo_5neighbor_context_laneaware_clean_v1_part_26_39/shards/shard_000002,3340,test
58329,12,/Users/liuqing/Projects/01_E2E_QA_Code/E2E-Evaluation/outputs/waymo_5neighbor_context_laneaware_clean_v1_part_13_26/shards/shard_000003,640,test
28977,5,/Users/liuqing/Projects/01_E2E_QA_Code/E2E-Evaluation/outputs/waymo_5neighbor_context_laneaware_clean_v1_part_00_13/shards/shard_000005,3960,test
64032,13,/Users/liuqing/Projects/01_E2E_QA_Code/E2E-Evaluation/outputs/waymo_5neighbor_context_laneaware_clean_v1_part_13_26/shards/shard_000004,1330,test
56234,11,/Users/liuqing/Projects/01_E2E_QA_Code/E2E-Evaluation/outputs/waymo_5neighbor_context_laneaware_clean_v1_part_13_26/shards/shard_000002,3547,test
42363,8,/Users/liuqing/Projects/01_E2E_QA_Code/E2E-Evaluation/outputs/waymo_5neighbor_context_laneaware_clean_v1_part_00_13/shards/shard_000008,2335,test
79152,16,/Users/liuqing/Projects/01_E2E_QA_Code/E2E-Evaluation/outputs/waymo_5neighbor_context_laneaware_clean_v1_part_13_26/shards/shard_000007,1431,test
54828,11,/Users/liuqing/Projects/01_E2E_QA_Code/E2E-Evaluation/outputs/waymo_5neighbor_context_laneaware_clean_v1_part_13_26/shards/shard_000002,2141,test
113,0,/Users/liuqing/Projects/01_E2E_QA_Code/E2E-Evaluation/outputs/waymo_5neighbor_context_laneaware_clean_v1_part_00_13/shards/shard_000000,113,test
105504,22,/Users/liuqing/Projects/01_E2E_QA_Code/E2E-Evaluation/outputs/waymo_5neighbor_context_laneaware_clean_v1_part_26_39/shards/shard_000004,1072,test
110731,23,/Users/liuqing/Projects/01_E2E_QA_Code/E2E-Evaluation/outputs/waymo_5neighbor_context_laneaware_clean_v1_part_26_39/shards/shard_000005,1292,test
3267,0,/Users/liuqing/Projects/01_E2E_QA_Code/E2E-Evaluation/outputs/waymo_5neighbor_context_laneaware_clean_v1_part_00_13/shards/shard_000000,3267,test
162121,34,/Users/liuqing/Projects/01_E2E_QA_Code/E2E-Evaluation/outputs/waymo_5neighbor_context_laneaware_clean_v1_part_39_51/shards/shard_000007,841,test
75191,15,/Users/liuqing/Projects/01_E2E_QA_Code/E2E-Evaluation/outputs/waymo_5neighbor_context_laneaware_clean_v1_part_13_26/shards/shard_000006,2470,test
7313,1,/Users/liuqing/Projects/01_E2E_QA_Code/E2E-Evaluation/outputs/waymo_5neighbor_context_laneaware_clean_v1_part_00_13/shards/shard_000001,2311,test
56450,11,/Users/liuqing/Projects/01_E2E_QA_Code/E2E-Evaluation/outputs/waymo_5neighbor_context_laneaware_clean_v1_part_13_26/shards/shard_000002,3763,test
70125,14,/Users/liuqing/Projects/01_E2E_QA_Code/E2E-Evaluation/outputs/waymo_5neighbor_context_laneaware_clean_v1_part_13_26/shards/shard_000005,2415,test
163574,34,/Users/liuqing/Projects/01_E2E_QA_Code/E2E-Evaluation/outputs/waymo_5neighbor_context_laneaware_clean_v1_part_39_51/shards/shard_000007,2294,test
19979,3,/Users/liuqing/Projects/01_E2E_QA_Code/E2E-Evaluation/outputs/waymo_5neighbor_context_laneaware_clean_v1_part_00_13/shards/shard_000003,4973,test
113514,23,/Users/liuqing/Projects/01_E2E_QA_Code/E2E-Evaluation/outputs/waymo_5neighbor_context_laneaware_clean_v1_part_26_39/shards/shard_000005,4075,test
124760,26,/Users/liuqing/Projects/01_E2E_QA_Code/E2E-Evaluation/outputs/waymo_5neighbor_context_laneaware_clean_v1_part_26_39/shards/shard_000008,307,test
12952,2,/Users/liuqing/Projects/01_E2E_QA_Code/E2E-Evaluation/outputs/waymo_5neighbor_context_laneaware_clean_v1_part_00_13/shards/shard_000002,2946,test
98630,20,/Users/liuqing/Projects/01_E2E_QA_Code/E2E-Evaluation/outputs/waymo_5neighbor_context_laneaware_clean_v1_part_26_39/shards/shard_000002,4203,test
14315,2,/Users/liuqing/Projects/01_E2E_QA_Code/E2E-Evaluation/outputs/waymo_5neighbor_context_laneaware_clean_v1_part_00_13/shards/shard_000002,4309,test
55305,11,/Users/liuqing/Projects/01_E2E_QA_Code/E2E-Evaluation/outputs/waymo_5neighbor_context_laneaware_clean_v1_part_13_26/shards/shard_000002,2618,test
25494,5,/Users/liuqing/Projects/01_E2E_QA_Code/E2E-Evaluation/outputs/waymo_5neighbor_context_laneaware_clean_v1_part_00_13/shards/shard_000005,477,test
101700,21,/Users/liuqing/Projects/01_E2E_QA_Code/E2E-Evaluation/outputs/waymo_5neighbor_context_laneaware_clean_v1_part_26_39/shards/shard_000003,2269,test
14320,2,/Users/liuqing/Projects/01_E2E_QA_Code/E2E-Evaluation/outputs/waymo_5neighbor_context_laneaware_clean_v1_part_00_13/shards/shard_000002,4314,test
36912,7,/Users/liuqing/Projects/01_E2E_QA_Code/E2E-Evaluation/outputs/waymo_5neighbor_context_laneaware_clean_v1_part_00_13/shards/shard_000007,1893,test
55796,11,/Users/liuqing/Projects/01_E2E_QA_Code/E2E-Evaluation/outputs/waymo_5neighbor_context_laneaware_clean_v1_part_13_26/shards/shard_000002,3109,test
81935,16,/Users/liuqing/Projects/01_E2E_QA_Code/E2E-Evaluation/outputs/waymo_5neighbor_context_laneaware_clean_v1_part_13_26/shards/shard_000007,4214,test
678,0,/Users/liuqing/Projects/01_E2E_QA_Code/E2E-Evaluation/outputs/waymo_5neighbor_context_laneaware_clean_v1_part_00_13/shards/shard_000000,678,test
4429,0,/Users/liuqing/Projects/01_E2E_QA_Code/E2E-Evaluation/outputs/waymo_5neighbor_context_laneaware_clean_v1_part_00_13/shards/shard_000000,4429,test
144022,30,/Users/liuqing/Projects/01_E2E_QA_Code/E2E-Evaluation/outputs/waymo_5neighbor_context_laneaware_clean_v1_part_39_51/shards/shard_000003,2753,test
102586,21,/Users/liuqing/Projects/01_E2E_QA_Code/E2E-Evaluation/outputs/waymo_5neighbor_context_laneaware_clean_v1_part_26_39/shards/shard_000003,3155,test
144145,30,/Users/liuqing/Projects/01_E2E_QA_Code/E2E-Evaluation/outputs/waymo_5neighbor_context_laneaware_clean_v1_part_39_51/shards/shard_000003,2876,test
51793,10,/Users/liuqing/Projects/01_E2E_QA_Code/E2E-Evaluation/outputs/waymo_5neighbor_context_laneaware_clean_v1_part_13_26/shards/shard_000001,4108,test
60962,12,/Users/liuqing/Projects/01_E2E_QA_Code/E2E-Evaluation/outputs/waymo_5neighbor_context_laneaware_clean_v1_part_13_26/shards/shard_000003,3273,test
55645,11,/Users/liuqing/Projects/01_E2E_QA_Code/E2E-Evaluation/outputs/waymo_5neighbor_context_laneaware_clean_v1_part_13_26/shards/shard_000002,2958,test
14173,2,/Users/liuqing/Projects/01_E2E_QA_Code/E2E-Evaluation/outputs/waymo_5neighbor_context_laneaware_clean_v1_part_00_13/shards/shard_000002,4167,test
7588,1,/Users/liuqing/Projects/01_E2E_QA_Code/E2E-Evaluation/outputs/waymo_5neighbor_context_laneaware_clean_v1_part_00_13/shards/shard_000001,2586,test
14175,2,/Users/liuqing/Projects/01_E2E_QA_Code/E2E-Evaluation/outputs/waymo_5neighbor_context_laneaware_clean_v1_part_00_13/shards/shard_000002,4169,test
133142,28,/Users/liuqing/Projects/01_E2E_QA_Code/E2E-Evaluation/outputs/waymo_5neighbor_context_laneaware_clean_v1_part_39_51/shards/shard_000001,1891,test
62081,12,/Users/liuqing/Projects/01_E2E_QA_Code/E2E-Evaluation/outputs/waymo_5neighbor_context_laneaware_clean_v1_part_13_26/shards/shard_000003,4392,test
142612,30,/Users/liuqing/Projects/01_E2E_QA_Code/E2E-Evaluation/outputs/waymo_5neighbor_context_laneaware_clean_v1_part_39_51/shards/shard_000003,1343,test
117085,24,/Users/liuqing/Projects/01_E2E_QA_Code/E2E-Evaluation/outputs/waymo_5neighbor_context_laneaware_clean_v1_part_26_39/shards/shard_000006,2637,test
148670,31,/Users/liuqing/Projects/01_E2E_QA_Code/E2E-Evaluation/outputs/waymo_5neighbor_context_laneaware_clean_v1_part_39_51/shards/shard_000004,2400,test
159009,33,/Users/liuqing/Projects/01_E2E_QA_Code/E2E-Evaluation/outputs/waymo_5neighbor_context_laneaware_clean_v1_part_39_51/shards/shard_000006,2737,test
31653,6,/Users/liuqing/Projects/01_E2E_QA_Code/E2E-Evaluation/outputs/waymo_5neighbor_context_laneaware_clean_v1_part_00_13/shards/shard_000006,1635,test
108999,22,/Users/liuqing/Projects/01_E2E_QA_Code/E2E-Evaluation/outputs/waymo_5neighbor_context_laneaware_clean_v1_part_26_39/shards/shard_000004,4567,test
19531,3,/Users/liuqing/Projects/01_E2E_QA_Code/E2E-Evaluation/outputs/waymo_5neighbor_context_laneaware_clean_v1_part_00_13/shards/shard_000003,4525,test
38769,7,/Users/liuqing/Projects/01_E2E_QA_Code/E2E-Evaluation/outputs/waymo_5neighbor_context_laneaware_clean_v1_part_00_13/shards/shard_000007,3750,test
83253,17,/Users/liuqing/Projects/01_E2E_QA_Code/E2E-Evaluation/outputs/waymo_5neighbor_context_laneaware_clean_v1_part_13_26/shards/shard_000008,523,test
109094,22,/Users/liuqing/Projects/01_E2E_QA_Code/E2E-Evaluation/outputs/waymo_5neighbor_context_laneaware_clean_v1_part_26_39/shards/shard_000004,4662,test
91297,19,/Users/liuqing/Projects/01_E2E_QA_Code/E2E-Evaluation/outputs/waymo_5neighbor_context_laneaware_clean_v1_part_26_39/shards/shard_000001,1870,test
88977,18,/Users/liuqing/Projects/01_E2E_QA_Code/E2E-Evaluation/outputs/waymo_5neighbor_context_laneaware_clean_v1_part_26_39/shards/shard_000000,4554,test
69488,14,/Users/liuqing/Projects/01_E2E_QA_Code/E2E-Evaluation/outputs/waymo_5neighbor_context_laneaware_clean_v1_part_13_26/shards/shard_000005,1778,test
162044,34,/Users/liuqing/Projects/01_E2E_QA_Code/E2E-Evaluation/outputs/waymo_5neighbor_context_laneaware_clean_v1_part_39_51/shards/shard_000007,764,test
18431,3,/Users/liuqing/Projects/01_E2E_QA_Code/E2E-Evaluation/outputs/waymo_5neighbor_context_laneaware_clean_v1_part_00_13/shards/shard_000003,3425,test
59158,12,/Users/liuqing/Projects/01_E2E_QA_Code/E2E-Evaluation/outputs/waymo_5neighbor_context_laneaware_clean_v1_part_13_26/shards/shard_000003,1469,test
119555,25,/Users/liuqing/Projects/01_E2E_QA_Code/E2E-Evaluation/outputs/waymo_5neighbor_context_laneaware_clean_v1_part_26_39/shards/shard_000007,106,test
76761,15,/Users/liuqing/Projects/01_E2E_QA_Code/E2E-Evaluation/outputs/waymo_5neighbor_context_laneaware_clean_v1_part_13_26/shards/shard_000006,4040,test
3266,0,/Users/liuqing/Projects/01_E2E_QA_Code/E2E-Evaluation/outputs/waymo_5neighbor_context_laneaware_clean_v1_part_00_13/shards/shard_000000,3266,test
81187,16,/Users/liuqing/Projects/01_E2E_QA_Code/E2E-Evaluation/outputs/waymo_5neighbor_context_laneaware_clean_v1_part_13_26/shards/shard_000007,3466,test
135445,28,/Users/liuqing/Projects/01_E2E_QA_Code/E2E-Evaluation/outputs/waymo_5neighbor_context_laneaware_clean_v1_part_39_51/shards/shard_000001,4194,test
156963,33,/Users/liuqing/Projects/01_E2E_QA_Code/E2E-Evaluation/outputs/waymo_5neighbor_context_laneaware_clean_v1_part_39_51/shards/shard_000006,691,test
163781,34,/Users/liuqing/Projects/01_E2E_QA_Code/E2E-Evaluation/outputs/waymo_5neighbor_context_laneaware_clean_v1_part_39_51/shards/shard_000007,2501,test
81979,16,/Users/liuqing/Projects/01_E2E_QA_Code/E2E-Evaluation/outputs/waymo_5neighbor_context_laneaware_clean_v1_part_13_26/shards/shard_000007,4258,test
66409,13,/Users/liuqing/Projects/01_E2E_QA_Code/E2E-Evaluation/outputs/waymo_5neighbor_context_laneaware_clean_v1_part_13_26/shards/shard_000004,3707,test
104916,22,/Users/liuqing/Projects/01_E2E_QA_Code/E2E-Evaluation/outputs/waymo_5neighbor_context_laneaware_clean_v1_part_26_39/shards/shard_000004,484,test
162400,34,/Users/liuqing/Projects/01_E2E_QA_Code/E2E-Evaluation/outputs/waymo_5neighbor_context_laneaware_clean_v1_part_39_51/shards/shard_000007,1120,test
76156,15,/Users/liuqing/Projects/01_E2E_QA_Code/E2E-Evaluation/outputs/waymo_5neighbor_context_laneaware_clean_v1_part_13_26/shards/shard_000006,3435,test
148979,31,/Users/liuqing/Projects/01_E2E_QA_Code/E2E-Evaluation/outputs/waymo_5neighbor_context_laneaware_clean_v1_part_39_51/shards/shard_000004,2709,test
162022,34,/Users/liuqing/Projects/01_E2E_QA_Code/E2E-Evaluation/outputs/waymo_5neighbor_context_laneaware_clean_v1_part_39_51/shards/shard_000007,742,test
98064,20,/Users/liuqing/Projects/01_E2E_QA_Code/E2E-Evaluation/outputs/waymo_5neighbor_context_laneaware_clean_v1_part_26_39/shards/shard_000002,3637,test
9367,1,/Users/liuqing/Projects/01_E2E_QA_Code/E2E-Evaluation/outputs/waymo_5neighbor_context_laneaware_clean_v1_part_00_13/shards/shard_000001,4365,test
71828,14,/Users/liuqing/Projects/01_E2E_QA_Code/E2E-Evaluation/outputs/waymo_5neighbor_context_laneaware_clean_v1_part_13_26/shards/shard_000005,4118,test
18996,3,/Users/liuqing/Projects/01_E2E_QA_Code/E2E-Evaluation/outputs/waymo_5neighbor_context_laneaware_clean_v1_part_00_13/shards/shard_000003,3990,test
136789,29,/Users/liuqing/Projects/01_E2E_QA_Code/E2E-Evaluation/outputs/waymo_5neighbor_context_laneaware_clean_v1_part_39_51/shards/shard_000002,536,test
34545,6,/Users/liuqing/Projects/01_E2E_QA_Code/E2E-Evaluation/outputs/waymo_5neighbor_context_laneaware_clean_v1_part_00_13/shards/shard_000006,4527,test
17926,3,/Users/liuqing/Projects/01_E2E_QA_Code/E2E-Evaluation/outputs/waymo_5neighbor_context_laneaware_clean_v1_part_00_13/shards/shard_000003,2920,test
42360,8,/Users/liuqing/Projects/01_E2E_QA_Code/E2E-Evaluation/outputs/waymo_5neighbor_context_laneaware_clean_v1_part_00_13/shards/shard_000008,2332,test
35691,7,/Users/liuqing/Projects/01_E2E_QA_Code/E2E-Evaluation/outputs/waymo_5neighbor_context_laneaware_clean_v1_part_00_13/shards/shard_000007,672,test
59778,12,/Users/liuqing/Projects/01_E2E_QA_Code/E2E-Evaluation/outputs/waymo_5neighbor_context_laneaware_clean_v1_part_13_26/shards/shard_000003,2089,test
64213,13,/Users/liuqing/Projects/01_E2E_QA_Code/E2E-Evaluation/outputs/waymo_5neighbor_context_laneaware_clean_v1_part_13_26/shards/shard_000004,1511,test
36340,7,/Users/liuqing/Projects/01_E2E_QA_Code/E2E-Evaluation/outputs/waymo_5neighbor_context_laneaware_clean_v1_part_00_13/shards/shard_000007,1321,test
11539,2,/Users/liuqing/Projects/01_E2E_QA_Code/E2E-Evaluation/outputs/waymo_5neighbor_context_laneaware_clean_v1_part_00_13/shards/shard_000002,1533,test
134589,28,/Users/liuqing/Projects/01_E2E_QA_Code/E2E-Evaluation/outputs/waymo_5neighbor_context_laneaware_clean_v1_part_39_51/shards/shard_000001,3338,test
119918,25,/Users/liuqing/Projects/01_E2E_QA_Code/E2E-Evaluation/outputs/waymo_5neighbor_context_laneaware_clean_v1_part_26_39/shards/shard_000007,469,test
69378,14,/Users/liuqing/Projects/01_E2E_QA_Code/E2E-Evaluation/outputs/waymo_5neighbor_context_laneaware_clean_v1_part_13_26/shards/shard_000005,1668,test
98380,20,/Users/liuqing/Projects/01_E2E_QA_Code/E2E-Evaluation/outputs/waymo_5neighbor_context_laneaware_clean_v1_part_26_39/shards/shard_000002,3953,test
135332,28,/Users/liuqing/Projects/01_E2E_QA_Code/E2E-Evaluation/outputs/waymo_5neighbor_context_laneaware_clean_v1_part_39_51/shards/shard_000001,4081,test
2895,0,/Users/liuqing/Projects/01_E2E_QA_Code/E2E-Evaluation/outputs/waymo_5neighbor_context_laneaware_clean_v1_part_00_13/shards/shard_000000,2895,test
88953,18,/Users/liuqing/Projects/01_E2E_QA_Code/E2E-Evaluation/outputs/waymo_5neighbor_context_laneaware_clean_v1_part_26_39/shards/shard_000000,4530,test
145268,30,/Users/liuqing/Projects/01_E2E_QA_Code/E2E-Evaluation/outputs/waymo_5neighbor_context_laneaware_clean_v1_part_39_51/shards/shard_000003,3999,test
127146,27,/Users/liuqing/Projects/01_E2E_QA_Code/E2E-Evaluation/outputs/waymo_5neighbor_context_laneaware_clean_v1_part_39_51/shards/shard_000000,896,test
131853,28,/Users/liuqing/Projects/01_E2E_QA_Code/E2E-Evaluation/outputs/waymo_5neighbor_context_laneaware_clean_v1_part_39_51/shards/shard_000001,602,test
53708,11,/Users/liuqing/Projects/01_E2E_QA_Code/E2E-Evaluation/outputs/waymo_5neighbor_context_laneaware_clean_v1_part_13_26/shards/shard_000002,1021,test
152435,32,/Users/liuqing/Projects/01_E2E_QA_Code/E2E-Evaluation/outputs/waymo_5neighbor_context_laneaware_clean_v1_part_39_51/shards/shard_000005,1164,test
99057,20,/Users/liuqing/Projects/01_E2E_QA_Code/E2E-Evaluation/outputs/waymo_5neighbor_context_laneaware_clean_v1_part_26_39/shards/shard_000002,4630,test
36003,7,/Users/liuqing/Projects/01_E2E_QA_Code/E2E-Evaluation/outputs/waymo_5neighbor_context_laneaware_clean_v1_part_00_13/shards/shard_000007,984,test
56231,11,/Users/liuqing/Projects/01_E2E_QA_Code/E2E-Evaluation/outputs/waymo_5neighbor_context_laneaware_clean_v1_part_13_26/shards/shard_000002,3544,test
83741,17,/Users/liuqing/Projects/01_E2E_QA_Code/E2E-Evaluation/outputs/waymo_5neighbor_context_laneaware_clean_v1_part_13_26/shards/shard_000008,1011,test
104281,21,/Users/liuqing/Projects/01_E2E_QA_Code/E2E-Evaluation/outputs/waymo_5neighbor_context_laneaware_clean_v1_part_26_39/shards/shard_000003,4850,test
38311,7,/Users/liuqing/Projects/01_E2E_QA_Code/E2E-Evaluation/outputs/waymo_5neighbor_context_laneaware_clean_v1_part_00_13/shards/shard_000007,3292,test
124187,25,/Users/liuqing/Projects/01_E2E_QA_Code/E2E-Evaluation/outputs/waymo_5neighbor_context_laneaware_clean_v1_part_26_39/shards/shard_000007,4738,test
54460,11,/Users/liuqing/Projects/01_E2E_QA_Code/E2E-Evaluation/outputs/waymo_5neighbor_context_laneaware_clean_v1_part_13_26/shards/shard_000002,1773,test
152643,32,/Users/liuqing/Projects/01_E2E_QA_Code/E2E-Evaluation/outputs/waymo_5neighbor_context_laneaware_clean_v1_part_39_51/shards/shard_000005,1372,test
151667,32,/Users/liuqing/Projects/01_E2E_QA_Code/E2E-Evaluation/outputs/waymo_5neighbor_context_laneaware_clean_v1_part_39_51/shards/shard_000005,396,test
153926,32,/Users/liuqing/Projects/01_E2E_QA_Code/E2E-Evaluation/outputs/waymo_5neighbor_context_laneaware_clean_v1_part_39_51/shards/shard_000005,2655,test
3401,0,/Users/liuqing/Projects/01_E2E_QA_Code/E2E-Evaluation/outputs/waymo_5neighbor_context_laneaware_clean_v1_part_00_13/shards/shard_000000,3401,test
34698,6,/Users/liuqing/Projects/01_E2E_QA_Code/E2E-Evaluation/outputs/waymo_5neighbor_context_laneaware_clean_v1_part_00_13/shards/shard_000006,4680,test
20338,4,/Users/liuqing/Projects/01_E2E_QA_Code/E2E-Evaluation/outputs/waymo_5neighbor_context_laneaware_clean_v1_part_00_13/shards/shard_000004,332,test
97264,20,/Users/liuqing/Projects/01_E2E_QA_Code/E2E-Evaluation/outputs/waymo_5neighbor_context_laneaware_clean_v1_part_26_39/shards/shard_000002,2837,test
54762,11,/Users/liuqing/Projects/01_E2E_QA_Code/E2E-Evaluation/outputs/waymo_5neighbor_context_laneaware_clean_v1_part_13_26/shards/shard_000002,2075,test
135780,28,/Users/liuqing/Projects/01_E2E_QA_Code/E2E-Evaluation/outputs/waymo_5neighbor_context_laneaware_clean_v1_part_39_51/shards/shard_000001,4529,test
36129,7,/Users/liuqing/Projects/01_E2E_QA_Code/E2E-Evaluation/outputs/waymo_5neighbor_context_laneaware_clean_v1_part_00_13/shards/shard_000007,1110,test
135435,28,/Users/liuqing/Projects/01_E2E_QA_Code/E2E-Evaluation/outputs/waymo_5neighbor_context_laneaware_clean_v1_part_39_51/shards/shard_000001,4184,test
70647,14,/Users/liuqing/Projects/01_E2E_QA_Code/E2E-Evaluation/outputs/waymo_5neighbor_context_laneaware_clean_v1_part_13_26/shards/shard_000005,2937,test
95125,20,/Users/liuqing/Projects/01_E2E_QA_Code/E2E-Evaluation/outputs/waymo_5neighbor_context_laneaware_clean_v1_part_26_39/shards/shard_000002,698,test
133280,28,/Users/liuqing/Projects/01_E2E_QA_Code/E2E-Evaluation/outputs/waymo_5neighbor_context_laneaware_clean_v1_part_39_51/shards/shard_000001,2029,test
149515,31,/Users/liuqing/Projects/01_E2E_QA_Code/E2E-Evaluation/outputs/waymo_5neighbor_context_laneaware_clean_v1_part_39_51/shards/shard_000004,3245,test
29537,5,/Users/liuqing/Projects/01_E2E_QA_Code/E2E-Evaluation/outputs/waymo_5neighbor_context_laneaware_clean_v1_part_00_13/shards/shard_000005,4520,test
48537,10,/Users/liuqing/Projects/01_E2E_QA_Code/E2E-Evaluation/outputs/waymo_5neighbor_context_laneaware_clean_v1_part_13_26/shards/shard_000001,852,test
143379,30,/Users/liuqing/Projects/01_E2E_QA_Code/E2E-Evaluation/outputs/waymo_5neighbor_context_laneaware_clean_v1_part_39_51/shards/shard_000003,2110,test
107912,22,/Users/liuqing/Projects/01_E2E_QA_Code/E2E-Evaluation/outputs/waymo_5neighbor_context_laneaware_clean_v1_part_26_39/shards/shard_000004,3480,test
60271,12,/Users/liuqing/Projects/01_E2E_QA_Code/E2E-Evaluation/outputs/waymo_5neighbor_context_laneaware_clean_v1_part_13_26/shards/shard_000003,2582,test
50892,10,/Users/liuqing/Projects/01_E2E_QA_Code/E2E-Evaluation/outputs/waymo_5neighbor_context_laneaware_clean_v1_part_13_26/shards/shard_000001,3207,test
40050,8,/Users/liuqing/Projects/01_E2E_QA_Code/E2E-Evaluation/outputs/waymo_5neighbor_context_laneaware_clean_v1_part_00_13/shards/shard_000008,22,test
162155,34,/Users/liuqing/Projects/01_E2E_QA_Code/E2E-Evaluation/outputs/waymo_5neighbor_context_laneaware_clean_v1_part_39_51/shards/shard_000007,875,test
126553,27,/Users/liuqing/Projects/01_E2E_QA_Code/E2E-Evaluation/outputs/waymo_5neighbor_context_laneaware_clean_v1_part_39_51/shards/shard_000000,303,test
45708,9,/Users/liuqing/Projects/01_E2E_QA_Code/E2E-Evaluation/outputs/waymo_5neighbor_context_laneaware_clean_v1_part_13_26/shards/shard_000000,3036,test
95524,20,/Users/liuqing/Projects/01_E2E_QA_Code/E2E-Evaluation/outputs/waymo_5neighbor_context_laneaware_clean_v1_part_26_39/shards/shard_000002,1097,test
57460,11,/Users/liuqing/Projects/01_E2E_QA_Code/E2E-Evaluation/outputs/waymo_5neighbor_context_laneaware_clean_v1_part_13_26/shards/shard_000002,4773,test
33476,6,/Users/liuqing/Projects/01_E2E_QA_Code/E2E-Evaluation/outputs/waymo_5neighbor_context_laneaware_clean_v1_part_00_13/shards/shard_000006,3458,test
62660,12,/Users/liuqing/Projects/01_E2E_QA_Code/E2E-Evaluation/outputs/waymo_5neighbor_context_laneaware_clean_v1_part_13_26/shards/shard_000003,4971,test
58979,12,/Users/liuqing/Projects/01_E2E_QA_Code/E2E-Evaluation/outputs/waymo_5neighbor_context_laneaware_clean_v1_part_13_26/shards/shard_000003,1290,test
50506,10,/Users/liuqing/Projects/01_E2E_QA_Code/E2E-Evaluation/outputs/waymo_5neighbor_context_laneaware_clean_v1_part_13_26/shards/shard_000001,2821,test
163188,34,/Users/liuqing/Projects/01_E2E_QA_Code/E2E-Evaluation/outputs/waymo_5neighbor_context_laneaware_clean_v1_part_39_51/shards/shard_000007,1908,test
12607,2,/Users/liuqing/Projects/01_E2E_QA_Code/E2E-Evaluation/outputs/waymo_5neighbor_context_laneaware_clean_v1_part_00_13/shards/shard_000002,2601,test
148499,31,/Users/liuqing/Projects/01_E2E_QA_Code/E2E-Evaluation/outputs/waymo_5neighbor_context_laneaware_clean_v1_part_39_51/shards/shard_000004,2229,test
18499,3,/Users/liuqing/Projects/01_E2E_QA_Code/E2E-Evaluation/outputs/waymo_5neighbor_context_laneaware_clean_v1_part_00_13/shards/shard_000003,3493,test
90481,19,/Users/liuqing/Projects/01_E2E_QA_Code/E2E-Evaluation/outputs/waymo_5neighbor_context_laneaware_clean_v1_part_26_39/shards/shard_000001,1054,test
39413,7,/Users/liuqing/Projects/01_E2E_QA_Code/E2E-Evaluation/outputs/waymo_5neighbor_context_laneaware_clean_v1_part_00_13/shards/shard_000007,4394,test
105046,22,/Users/liuqing/Projects/01_E2E_QA_Code/E2E-Evaluation/outputs/waymo_5neighbor_context_laneaware_clean_v1_part_26_39/shards/shard_000004,614,test
965,0,/Users/liuqing/Projects/01_E2E_QA_Code/E2E-Evaluation/outputs/waymo_5neighbor_context_laneaware_clean_v1_part_00_13/shards/shard_000000,965,test
122818,25,/Users/liuqing/Projects/01_E2E_QA_Code/E2E-Evaluation/outputs/waymo_5neighbor_context_laneaware_clean_v1_part_26_39/shards/shard_000007,3369,test
87815,18,/Users/liuqing/Projects/01_E2E_QA_Code/E2E-Evaluation/outputs/waymo_5neighbor_context_laneaware_clean_v1_part_26_39/shards/shard_000000,3392,test
122714,25,/Users/liuqing/Projects/01_E2E_QA_Code/E2E-Evaluation/outputs/waymo_5neighbor_context_laneaware_clean_v1_part_26_39/shards/shard_000007,3265,test
87828,18,/Users/liuqing/Projects/01_E2E_QA_Code/E2E-Evaluation/outputs/waymo_5neighbor_context_laneaware_clean_v1_part_26_39/shards/shard_000000,3405,test
58261,12,/Users/liuqing/Projects/01_E2E_QA_Code/E2E-Evaluation/outputs/waymo_5neighbor_context_laneaware_clean_v1_part_13_26/shards/shard_000003,572,test
28153,5,/Users/liuqing/Projects/01_E2E_QA_Code/E2E-Evaluation/outputs/waymo_5neighbor_context_laneaware_clean_v1_part_00_13/shards/shard_000005,3136,test
150219,31,/Users/liuqing/Projects/01_E2E_QA_Code/E2E-Evaluation/outputs/waymo_5neighbor_context_laneaware_clean_v1_part_39_51/shards/shard_000004,3949,test
164540,34,/Users/liuqing/Projects/01_E2E_QA_Code/E2E-Evaluation/outputs/waymo_5neighbor_context_laneaware_clean_v1_part_39_51/shards/shard_000007,3260,test
26517,5,/Users/liuqing/Projects/01_E2E_QA_Code/E2E-Evaluation/outputs/waymo_5neighbor_context_laneaware_clean_v1_part_00_13/shards/shard_000005,1500,test
133237,28,/Users/liuqing/Projects/01_E2E_QA_Code/E2E-Evaluation/outputs/waymo_5neighbor_context_laneaware_clean_v1_part_39_51/shards/shard_000001,1986,test
7269,1,/Users/liuqing/Projects/01_E2E_QA_Code/E2E-Evaluation/outputs/waymo_5neighbor_context_laneaware_clean_v1_part_00_13/shards/shard_000001,2267,test
113688,23,/Users/liuqing/Projects/01_E2E_QA_Code/E2E-Evaluation/outputs/waymo_5neighbor_context_laneaware_clean_v1_part_26_39/shards/shard_000005,4249,test
86773,18,/Users/liuqing/Projects/01_E2E_QA_Code/E2E-Evaluation/outputs/waymo_5neighbor_context_laneaware_clean_v1_part_26_39/shards/shard_000000,2350,test
147959,31,/Users/liuqing/Projects/01_E2E_QA_Code/E2E-Evaluation/outputs/waymo_5neighbor_context_laneaware_clean_v1_part_39_51/shards/shard_000004,1689,test
162358,34,/Users/liuqing/Projects/01_E2E_QA_Code/E2E-Evaluation/outputs/waymo_5neighbor_context_laneaware_clean_v1_part_39_51/shards/shard_000007,1078,test
102984,21,/Users/liuqing/Projects/01_E2E_QA_Code/E2E-Evaluation/outputs/waymo_5neighbor_context_laneaware_clean_v1_part_26_39/shards/shard_000003,3553,test
75644,15,/Users/liuqing/Projects/01_E2E_QA_Code/E2E-Evaluation/outputs/waymo_5neighbor_context_laneaware_clean_v1_part_13_26/shards/shard_000006,2923,test
112330,23,/Users/liuqing/Projects/01_E2E_QA_Code/E2E-Evaluation/outputs/waymo_5neighbor_context_laneaware_clean_v1_part_26_39/shards/shard_000005,2891,test
115473,24,/Users/liuqing/Projects/01_E2E_QA_Code/E2E-Evaluation/outputs/waymo_5neighbor_context_laneaware_clean_v1_part_26_39/shards/shard_000006,1025,test
65674,13,/Users/liuqing/Projects/01_E2E_QA_Code/E2E-Evaluation/outputs/waymo_5neighbor_context_laneaware_clean_v1_part_13_26/shards/shard_000004,2972,test
81872,16,/Users/liuqing/Projects/01_E2E_QA_Code/E2E-Evaluation/outputs/waymo_5neighbor_context_laneaware_clean_v1_part_13_26/shards/shard_000007,4151,test
9831,1,/Users/liuqing/Projects/01_E2E_QA_Code/E2E-Evaluation/outputs/waymo_5neighbor_context_laneaware_clean_v1_part_00_13/shards/shard_000001,4829,test
29638,5,/Users/liuqing/Projects/01_E2E_QA_Code/E2E-Evaluation/outputs/waymo_5neighbor_context_laneaware_clean_v1_part_00_13/shards/shard_000005,4621,test
38911,7,/Users/liuqing/Projects/01_E2E_QA_Code/E2E-Evaluation/outputs/waymo_5neighbor_context_laneaware_clean_v1_part_00_13/shards/shard_000007,3892,test
159800,33,/Users/liuqing/Projects/01_E2E_QA_Code/E2E-Evaluation/outputs/waymo_5neighbor_context_laneaware_clean_v1_part_39_51/shards/shard_000006,3528,test
53000,11,/Users/liuqing/Projects/01_E2E_QA_Code/E2E-Evaluation/outputs/waymo_5neighbor_context_laneaware_clean_v1_part_13_26/shards/shard_000002,313,test
76398,15,/Users/liuqing/Projects/01_E2E_QA_Code/E2E-Evaluation/outputs/waymo_5neighbor_context_laneaware_clean_v1_part_13_26/shards/shard_000006,3677,test
927,0,/Users/liuqing/Projects/01_E2E_QA_Code/E2E-Evaluation/outputs/waymo_5neighbor_context_laneaware_clean_v1_part_00_13/shards/shard_000000,927,test
141710,30,/Users/liuqing/Projects/01_E2E_QA_Code/E2E-Evaluation/outputs/waymo_5neighbor_context_laneaware_clean_v1_part_39_51/shards/shard_000003,441,test
26484,5,/Users/liuqing/Projects/01_E2E_QA_Code/E2E-Evaluation/outputs/waymo_5neighbor_context_laneaware_clean_v1_part_00_13/shards/shard_000005,1467,test
94266,19,/Users/liuqing/Projects/01_E2E_QA_Code/E2E-Evaluation/outputs/waymo_5neighbor_context_laneaware_clean_v1_part_26_39/shards/shard_000001,4839,test
34824,6,/Users/liuqing/Projects/01_E2E_QA_Code/E2E-Evaluation/outputs/waymo_5neighbor_context_laneaware_clean_v1_part_00_13/shards/shard_000006,4806,test
56344,11,/Users/liuqing/Projects/01_E2E_QA_Code/E2E-Evaluation/outputs/waymo_5neighbor_context_laneaware_clean_v1_part_13_26/shards/shard_000002,3657,test
147112,31,/Users/liuqing/Projects/01_E2E_QA_Code/E2E-Evaluation/outputs/waymo_5neighbor_context_laneaware_clean_v1_part_39_51/shards/shard_000004,842,test
69921,14,/Users/liuqing/Projects/01_E2E_QA_Code/E2E-Evaluation/outputs/waymo_5neighbor_context_laneaware_clean_v1_part_13_26/shards/shard_000005,2211,test
78363,16,/Users/liuqing/Projects/01_E2E_QA_Code/E2E-Evaluation/outputs/waymo_5neighbor_context_laneaware_clean_v1_part_13_26/shards/shard_000007,642,test
37399,7,/Users/liuqing/Projects/01_E2E_QA_Code/E2E-Evaluation/outputs/waymo_5neighbor_context_laneaware_clean_v1_part_00_13/shards/shard_000007,2380,test
153639,32,/Users/liuqing/Projects/01_E2E_QA_Code/E2E-Evaluation/outputs/waymo_5neighbor_context_laneaware_clean_v1_part_39_51/shards/shard_000005,2368,test
106629,22,/Users/liuqing/Projects/01_E2E_QA_Code/E2E-Evaluation/outputs/waymo_5neighbor_context_laneaware_clean_v1_part_26_39/shards/shard_000004,2197,test
46710,9,/Users/liuqing/Projects/01_E2E_QA_Code/E2E-Evaluation/outputs/waymo_5neighbor_context_laneaware_clean_v1_part_13_26/shards/shard_000000,4038,test
34695,6,/Users/liuqing/Projects/01_E2E_QA_Code/E2E-Evaluation/outputs/waymo_5neighbor_context_laneaware_clean_v1_part_00_13/shards/shard_000006,4677,test
11913,2,/Users/liuqing/Projects/01_E2E_QA_Code/E2E-Evaluation/outputs/waymo_5neighbor_context_laneaware_clean_v1_part_00_13/shards/shard_000002,1907,test
31163,6,/Users/liuqing/Projects/01_E2E_QA_Code/E2E-Evaluation/outputs/waymo_5neighbor_context_laneaware_clean_v1_part_00_13/shards/shard_000006,1145,test
20964,4,/Users/liuqing/Projects/01_E2E_QA_Code/E2E-Evaluation/outputs/waymo_5neighbor_context_laneaware_clean_v1_part_00_13/shards/shard_000004,958,test
81499,16,/Users/liuqing/Projects/01_E2E_QA_Code/E2E-Evaluation/outputs/waymo_5neighbor_context_laneaware_clean_v1_part_13_26/shards/shard_000007,3778,test
103852,21,/Users/liuqing/Projects/01_E2E_QA_Code/E2E-Evaluation/outputs/waymo_5neighbor_context_laneaware_clean_v1_part_26_39/shards/shard_000003,4421,test
17425,3,/Users/liuqing/Projects/01_E2E_QA_Code/E2E-Evaluation/outputs/waymo_5neighbor_context_laneaware_clean_v1_part_00_13/shards/shard_000003,2419,test
1017,0,/Users/liuqing/Projects/01_E2E_QA_Code/E2E-Evaluation/outputs/waymo_5neighbor_context_laneaware_clean_v1_part_00_13/shards/shard_000000,1017,test
118010,24,/Users/liuqing/Projects/01_E2E_QA_Code/E2E-Evaluation/outputs/waymo_5neighbor_context_laneaware_clean_v1_part_26_39/shards/shard_000006,3562,test
16208,3,/Users/liuqing/Projects/01_E2E_QA_Code/E2E-Evaluation/outputs/waymo_5neighbor_context_laneaware_clean_v1_part_00_13/shards/shard_000003,1202,test
43810,9,/Users/liuqing/Projects/01_E2E_QA_Code/E2E-Evaluation/outputs/waymo_5neighbor_context_laneaware_clean_v1_part_13_26/shards/shard_000000,1138,test
19508,3,/Users/liuqing/Projects/01_E2E_QA_Code/E2E-Evaluation/outputs/waymo_5neighbor_context_laneaware_clean_v1_part_00_13/shards/shard_000003,4502,test
106644,22,/Users/liuqing/Projects/01_E2E_QA_Code/E2E-Evaluation/outputs/waymo_5neighbor_context_laneaware_clean_v1_part_26_39/shards/shard_000004,2212,test
50061,10,/Users/liuqing/Projects/01_E2E_QA_Code/E2E-Evaluation/outputs/waymo_5neighbor_context_laneaware_clean_v1_part_13_26/shards/shard_000001,2376,test
105240,22,/Users/liuqing/Projects/01_E2E_QA_Code/E2E-Evaluation/outputs/waymo_5neighbor_context_laneaware_clean_v1_part_26_39/shards/shard_000004,808,test
149425,31,/Users/liuqing/Projects/01_E2E_QA_Code/E2E-Evaluation/outputs/waymo_5neighbor_context_laneaware_clean_v1_part_39_51/shards/shard_000004,3155,test
130416,27,/Users/liuqing/Projects/01_E2E_QA_Code/E2E-Evaluation/outputs/waymo_5neighbor_context_laneaware_clean_v1_part_39_51/shards/shard_000000,4166,test
143450,30,/Users/liuqing/Projects/01_E2E_QA_Code/E2E-Evaluation/outputs/waymo_5neighbor_context_laneaware_clean_v1_part_39_51/shards/shard_000003,2181,test
148546,31,/Users/liuqing/Projects/01_E2E_QA_Code/E2E-Evaluation/outputs/waymo_5neighbor_context_laneaware_clean_v1_part_39_51/shards/shard_000004,2276,test
159956,33,/Users/liuqing/Projects/01_E2E_QA_Code/E2E-Evaluation/outputs/waymo_5neighbor_context_laneaware_clean_v1_part_39_51/shards/shard_000006,3684,test
163976,34,/Users/liuqing/Projects/01_E2E_QA_Code/E2E-Evaluation/outputs/waymo_5neighbor_context_laneaware_clean_v1_part_39_51/shards/shard_000007,2696,test
83754,17,/Users/liuqing/Projects/01_E2E_QA_Code/E2E-Evaluation/outputs/waymo_5neighbor_context_laneaware_clean_v1_part_13_26/shards/shard_000008,1024,test
32671,6,/Users/liuqing/Projects/01_E2E_QA_Code/E2E-Evaluation/outputs/waymo_5neighbor_context_laneaware_clean_v1_part_00_13/shards/shard_000006,2653,test
141001,29,/Users/liuqing/Projects/01_E2E_QA_Code/E2E-Evaluation/outputs/waymo_5neighbor_context_laneaware_clean_v1_part_39_51/shards/shard_000002,4748,test
82432,16,/Users/liuqing/Projects/01_E2E_QA_Code/E2E-Evaluation/outputs/waymo_5neighbor_context_laneaware_clean_v1_part_13_26/shards/shard_000007,4711,test
81071,16,/Users/liuqing/Projects/01_E2E_QA_Code/E2E-Evaluation/outputs/waymo_5neighbor_context_laneaware_clean_v1_part_13_26/shards/shard_000007,3350,test
137677,29,/Users/liuqing/Projects/01_E2E_QA_Code/E2E-Evaluation/outputs/waymo_5neighbor_context_laneaware_clean_v1_part_39_51/shards/shard_000002,1424,test
36721,7,/Users/liuqing/Projects/01_E2E_QA_Code/E2E-Evaluation/outputs/waymo_5neighbor_context_laneaware_clean_v1_part_00_13/shards/shard_000007,1702,test
70112,14,/Users/liuqing/Projects/01_E2E_QA_Code/E2E-Evaluation/outputs/waymo_5neighbor_context_laneaware_clean_v1_part_13_26/shards/shard_000005,2402,test
66386,13,/Users/liuqing/Projects/01_E2E_QA_Code/E2E-Evaluation/outputs/waymo_5neighbor_context_laneaware_clean_v1_part_13_26/shards/shard_000004,3684,test
158174,33,/Users/liuqing/Projects/01_E2E_QA_Code/E2E-Evaluation/outputs/waymo_5neighbor_context_laneaware_clean_v1_part_39_51/shards/shard_000006,1902,test
119745,25,/Users/liuqing/Projects/01_E2E_QA_Code/E2E-Evaluation/outputs/waymo_5neighbor_context_laneaware_clean_v1_part_26_39/shards/shard_000007,296,test
43343,9,/Users/liuqing/Projects/01_E2E_QA_Code/E2E-Evaluation/outputs/waymo_5neighbor_context_laneaware_clean_v1_part_13_26/shards/shard_000000,671,test
107758,22,/Users/liuqing/Projects/01_E2E_QA_Code/E2E-Evaluation/outputs/waymo_5neighbor_context_laneaware_clean_v1_part_26_39/shards/shard_000004,3326,test
5245,1,/Users/liuqing/Projects/01_E2E_QA_Code/E2E-Evaluation/outputs/waymo_5neighbor_context_laneaware_clean_v1_part_00_13/shards/shard_000001,243,test
62669,12,/Users/liuqing/Projects/01_E2E_QA_Code/E2E-Evaluation/outputs/waymo_5neighbor_context_laneaware_clean_v1_part_13_26/shards/shard_000003,4980,test
42482,8,/Users/liuqing/Projects/01_E2E_QA_Code/E2E-Evaluation/outputs/waymo_5neighbor_context_laneaware_clean_v1_part_00_13/shards/shard_000008,2454,test
12562,2,/Users/liuqing/Projects/01_E2E_QA_Code/E2E-Evaluation/outputs/waymo_5neighbor_context_laneaware_clean_v1_part_00_13/shards/shard_000002,2556,test
159807,33,/Users/liuqing/Projects/01_E2E_QA_Code/E2E-Evaluation/outputs/waymo_5neighbor_context_laneaware_clean_v1_part_39_51/shards/shard_000006,3535,test
63441,13,/Users/liuqing/Projects/01_E2E_QA_Code/E2E-Evaluation/outputs/waymo_5neighbor_context_laneaware_clean_v1_part_13_26/shards/shard_000004,739,test
137290,29,/Users/liuqing/Projects/01_E2E_QA_Code/E2E-Evaluation/outputs/waymo_5neighbor_context_laneaware_clean_v1_part_39_51/shards/shard_000002,1037,test
104100,21,/Users/liuqing/Projects/01_E2E_QA_Code/E2E-Evaluation/outputs/waymo_5neighbor_context_laneaware_clean_v1_part_26_39/shards/shard_000003,4669,test
129174,27,/Users/liuqing/Projects/01_E2E_QA_Code/E2E-Evaluation/outputs/waymo_5neighbor_context_laneaware_clean_v1_part_39_51/shards/shard_000000,2924,test
102593,21,/Users/liuqing/Projects/01_E2E_QA_Code/E2E-Evaluation/outputs/waymo_5neighbor_context_laneaware_clean_v1_part_26_39/shards/shard_000003,3162,test
86601,18,/Users/liuqing/Projects/01_E2E_QA_Code/E2E-Evaluation/outputs/waymo_5neighbor_context_laneaware_clean_v1_part_26_39/shards/shard_000000,2178,test
146350,31,/Users/liuqing/Projects/01_E2E_QA_Code/E2E-Evaluation/outputs/waymo_5neighbor_context_laneaware_clean_v1_part_39_51/shards/shard_000004,80,test
22607,4,/Users/liuqing/Projects/01_E2E_QA_Code/E2E-Evaluation/outputs/waymo_5neighbor_context_laneaware_clean_v1_part_00_13/shards/shard_000004,2601,test
109276,22,/Users/liuqing/Projects/01_E2E_QA_Code/E2E-Evaluation/outputs/waymo_5neighbor_context_laneaware_clean_v1_part_26_39/shards/shard_000004,4844,test
146506,31,/Users/liuqing/Projects/01_E2E_QA_Code/E2E-Evaluation/outputs/waymo_5neighbor_context_laneaware_clean_v1_part_39_51/shards/shard_000004,236,test
124191,25,/Users/liuqing/Projects/01_E2E_QA_Code/E2E-Evaluation/outputs/waymo_5neighbor_context_laneaware_clean_v1_part_26_39/shards/shard_000007,4742,test
160604,33,/Users/liuqing/Projects/01_E2E_QA_Code/E2E-Evaluation/outputs/waymo_5neighbor_context_laneaware_clean_v1_part_39_51/shards/shard_000006,4332,test
113729,23,/Users/liuqing/Projects/01_E2E_QA_Code/E2E-Evaluation/outputs/waymo_5neighbor_context_laneaware_clean_v1_part_26_39/shards/shard_000005,4290,test
12166,2,/Users/liuqing/Projects/01_E2E_QA_Code/E2E-Evaluation/outputs/waymo_5neighbor_context_laneaware_clean_v1_part_00_13/shards/shard_000002,2160,test
17333,3,/Users/liuqing/Projects/01_E2E_QA_Code/E2E-Evaluation/outputs/waymo_5neighbor_context_laneaware_clean_v1_part_00_13/shards/shard_000003,2327,test
91811,19,/Users/liuqing/Projects/01_E2E_QA_Code/E2E-Evaluation/outputs/waymo_5neighbor_context_laneaware_clean_v1_part_26_39/shards/shard_000001,2384,test
135994,28,/Users/liuqing/Projects/01_E2E_QA_Code/E2E-Evaluation/outputs/waymo_5neighbor_context_laneaware_clean_v1_part_39_51/shards/shard_000001,4743,test
130305,27,/Users/liuqing/Projects/01_E2E_QA_Code/E2E-Evaluation/outputs/waymo_5neighbor_context_laneaware_clean_v1_part_39_51/shards/shard_000000,4055,test
149112,31,/Users/liuqing/Projects/01_E2E_QA_Code/E2E-Evaluation/outputs/waymo_5neighbor_context_laneaware_clean_v1_part_39_51/shards/shard_000004,2842,test
12485,2,/Users/liuqing/Projects/01_E2E_QA_Code/E2E-Evaluation/outputs/waymo_5neighbor_context_laneaware_clean_v1_part_00_13/shards/shard_000002,2479,test
134640,28,/Users/liuqing/Projects/01_E2E_QA_Code/E2E-Evaluation/outputs/waymo_5neighbor_context_laneaware_clean_v1_part_39_51/shards/shard_000001,3389,test
85408,18,/Users/liuqing/Projects/01_E2E_QA_Code/E2E-Evaluation/outputs/waymo_5neighbor_context_laneaware_clean_v1_part_26_39/shards/shard_000000,985,test
50901,10,/Users/liuqing/Projects/01_E2E_QA_Code/E2E-Evaluation/outputs/waymo_5neighbor_context_laneaware_clean_v1_part_13_26/shards/shard_000001,3216,test
74049,15,/Users/liuqing/Projects/01_E2E_QA_Code/E2E-Evaluation/outputs/waymo_5neighbor_context_laneaware_clean_v1_part_13_26/shards/shard_000006,1328,test
105863,22,/Users/liuqing/Projects/01_E2E_QA_Code/E2E-Evaluation/outputs/waymo_5neighbor_context_laneaware_clean_v1_part_26_39/shards/shard_000004,1431,test
65421,13,/Users/liuqing/Projects/01_E2E_QA_Code/E2E-Evaluation/outputs/waymo_5neighbor_context_laneaware_clean_v1_part_13_26/shards/shard_000004,2719,test
104517,22,/Users/liuqing/Projects/01_E2E_QA_Code/E2E-Evaluation/outputs/waymo_5neighbor_context_laneaware_clean_v1_part_26_39/shards/shard_000004,85,test
146822,31,/Users/liuqing/Projects/01_E2E_QA_Code/E2E-Evaluation/outputs/waymo_5neighbor_context_laneaware_clean_v1_part_39_51/shards/shard_000004,552,test
56096,11,/Users/liuqing/Projects/01_E2E_QA_Code/E2E-Evaluation/outputs/waymo_5neighbor_context_laneaware_clean_v1_part_13_26/shards/shard_000002,3409,test
58091,12,/Users/liuqing/Projects/01_E2E_QA_Code/E2E-Evaluation/outputs/waymo_5neighbor_context_laneaware_clean_v1_part_13_26/shards/shard_000003,402,test
160013,33,/Users/liuqing/Projects/01_E2E_QA_Code/E2E-Evaluation/outputs/waymo_5neighbor_context_laneaware_clean_v1_part_39_51/shards/shard_000006,3741,test
34054,6,/Users/liuqing/Projects/01_E2E_QA_Code/E2E-Evaluation/outputs/waymo_5neighbor_context_laneaware_clean_v1_part_00_13/shards/shard_000006,4036,test
95573,20,/Users/liuqing/Projects/01_E2E_QA_Code/E2E-Evaluation/outputs/waymo_5neighbor_context_laneaware_clean_v1_part_26_39/shards/shard_000002,1146,test
159462,33,/Users/liuqing/Projects/01_E2E_QA_Code/E2E-Evaluation/outputs/waymo_5neighbor_context_laneaware_clean_v1_part_39_51/shards/shard_000006,3190,test
116896,24,/Users/liuqing/Projects/01_E2E_QA_Code/E2E-Evaluation/outputs/waymo_5neighbor_context_laneaware_clean_v1_part_26_39/shards/shard_000006,2448,test
71198,14,/Users/liuqing/Projects/01_E2E_QA_Code/E2E-Evaluation/outputs/waymo_5neighbor_context_laneaware_clean_v1_part_13_26/shards/shard_000005,3488,test
69047,14,/Users/liuqing/Projects/01_E2E_QA_Code/E2E-Evaluation/outputs/waymo_5neighbor_context_laneaware_clean_v1_part_13_26/shards/shard_000005,1337,test
105494,22,/Users/liuqing/Projects/01_E2E_QA_Code/E2E-Evaluation/outputs/waymo_5neighbor_context_laneaware_clean_v1_part_26_39/shards/shard_000004,1062,test
131810,28,/Users/liuqing/Projects/01_E2E_QA_Code/E2E-Evaluation/outputs/waymo_5neighbor_context_laneaware_clean_v1_part_39_51/shards/shard_000001,559,test
97265,20,/Users/liuqing/Projects/01_E2E_QA_Code/E2E-Evaluation/outputs/waymo_5neighbor_context_laneaware_clean_v1_part_26_39/shards/shard_000002,2838,test
132473,28,/Users/liuqing/Projects/01_E2E_QA_Code/E2E-Evaluation/outputs/waymo_5neighbor_context_laneaware_clean_v1_part_39_51/shards/shard_000001,1222,test
99169,20,/Users/liuqing/Projects/01_E2E_QA_Code/E2E-Evaluation/outputs/waymo_5neighbor_context_laneaware_clean_v1_part_26_39/shards/shard_000002,4742,test
55134,11,/Users/liuqing/Projects/01_E2E_QA_Code/E2E-Evaluation/outputs/waymo_5neighbor_context_laneaware_clean_v1_part_13_26/shards/shard_000002,2447,test
88376,18,/Users/liuqing/Projects/01_E2E_QA_Code/E2E-Evaluation/outputs/waymo_5neighbor_context_laneaware_clean_v1_part_26_39/shards/shard_000000,3953,test
66845,13,/Users/liuqing/Projects/01_E2E_QA_Code/E2E-Evaluation/outputs/waymo_5neighbor_context_laneaware_clean_v1_part_13_26/shards/shard_000004,4143,test
101161,21,/Users/liuqing/Projects/01_E2E_QA_Code/E2E-Evaluation/outputs/waymo_5neighbor_context_laneaware_clean_v1_part_26_39/shards/shard_000003,1730,test
63897,13,/Users/liuqing/Projects/01_E2E_QA_Code/E2E-Evaluation/outputs/waymo_5neighbor_context_laneaware_clean_v1_part_13_26/shards/shard_000004,1195,test
23923,4,/Users/liuqing/Projects/01_E2E_QA_Code/E2E-Evaluation/outputs/waymo_5neighbor_context_laneaware_clean_v1_part_00_13/shards/shard_000004,3917,test
103349,21,/Users/liuqing/Projects/01_E2E_QA_Code/E2E-Evaluation/outputs/waymo_5neighbor_context_laneaware_clean_v1_part_26_39/shards/shard_000003,3918,test
102538,21,/Users/liuqing/Projects/01_E2E_QA_Code/E2E-Evaluation/outputs/waymo_5neighbor_context_laneaware_clean_v1_part_26_39/shards/shard_000003,3107,test
58639,12,/Users/liuqing/Projects/01_E2E_QA_Code/E2E-Evaluation/outputs/waymo_5neighbor_context_laneaware_clean_v1_part_13_26/shards/shard_000003,950,test
18619,3,/Users/liuqing/Projects/01_E2E_QA_Code/E2E-Evaluation/outputs/waymo_5neighbor_context_laneaware_clean_v1_part_00_13/shards/shard_000003,3613,test
48525,10,/Users/liuqing/Projects/01_E2E_QA_Code/E2E-Evaluation/outputs/waymo_5neighbor_context_laneaware_clean_v1_part_13_26/shards/shard_000001,840,test
100818,21,/Users/liuqing/Projects/01_E2E_QA_Code/E2E-Evaluation/outputs/waymo_5neighbor_context_laneaware_clean_v1_part_26_39/shards/shard_000003,1387,test
53163,11,/Users/liuqing/Projects/01_E2E_QA_Code/E2E-Evaluation/outputs/waymo_5neighbor_context_laneaware_clean_v1_part_13_26/shards/shard_000002,476,test
19516,3,/Users/liuqing/Projects/01_E2E_QA_Code/E2E-Evaluation/outputs/waymo_5neighbor_context_laneaware_clean_v1_part_00_13/shards/shard_000003,4510,test
101636,21,/Users/liuqing/Projects/01_E2E_QA_Code/E2E-Evaluation/outputs/waymo_5neighbor_context_laneaware_clean_v1_part_26_39/shards/shard_000003,2205,test
50900,10,/Users/liuqing/Projects/01_E2E_QA_Code/E2E-Evaluation/outputs/waymo_5neighbor_context_laneaware_clean_v1_part_13_26/shards/shard_000001,3215,test
63332,13,/Users/liuqing/Projects/01_E2E_QA_Code/E2E-Evaluation/outputs/waymo_5neighbor_context_laneaware_clean_v1_part_13_26/shards/shard_000004,630,test
63576,13,/Users/liuqing/Projects/01_E2E_QA_Code/E2E-Evaluation/outputs/waymo_5neighbor_context_laneaware_clean_v1_part_13_26/shards/shard_000004,874,test
58312,12,/Users/liuqing/Projects/01_E2E_QA_Code/E2E-Evaluation/outputs/waymo_5neighbor_context_laneaware_clean_v1_part_13_26/shards/shard_000003,623,test
6769,1,/Users/liuqing/Projects/01_E2E_QA_Code/E2E-Evaluation/outputs/waymo_5neighbor_context_laneaware_clean_v1_part_00_13/shards/shard_000001,1767,test
106562,22,/Users/liuqing/Projects/01_E2E_QA_Code/E2E-Evaluation/outputs/waymo_5neighbor_context_laneaware_clean_v1_part_26_39/shards/shard_000004,2130,test
51568,10,/Users/liuqing/Projects/01_E2E_QA_Code/E2E-Evaluation/outputs/waymo_5neighbor_context_laneaware_clean_v1_part_13_26/shards/shard_000001,3883,test
160382,33,/Users/liuqing/Projects/01_E2E_QA_Code/E2E-Evaluation/outputs/waymo_5neighbor_context_laneaware_clean_v1_part_39_51/shards/shard_000006,4110,test
105908,22,/Users/liuqing/Projects/01_E2E_QA_Code/E2E-Evaluation/outputs/waymo_5neighbor_context_laneaware_clean_v1_part_26_39/shards/shard_000004,1476,test
29030,5,/Users/liuqing/Projects/01_E2E_QA_Code/E2E-Evaluation/outputs/waymo_5neighbor_context_laneaware_clean_v1_part_00_13/shards/shard_000005,4013,test
154981,32,/Users/liuqing/Projects/01_E2E_QA_Code/E2E-Evaluation/outputs/waymo_5neighbor_context_laneaware_clean_v1_part_39_51/shards/shard_000005,3710,test
81037,16,/Users/liuqing/Projects/01_E2E_QA_Code/E2E-Evaluation/outputs/waymo_5neighbor_context_laneaware_clean_v1_part_13_26/shards/shard_000007,3316,test
157801,33,/Users/liuqing/Projects/01_E2E_QA_Code/E2E-Evaluation/outputs/waymo_5neighbor_context_laneaware_clean_v1_part_39_51/shards/shard_000006,1529,test
85414,18,/Users/liuqing/Projects/01_E2E_QA_Code/E2E-Evaluation/outputs/waymo_5neighbor_context_laneaware_clean_v1_part_26_39/shards/shard_000000,991,test
50302,10,/Users/liuqing/Projects/01_E2E_QA_Code/E2E-Evaluation/outputs/waymo_5neighbor_context_laneaware_clean_v1_part_13_26/shards/shard_000001,2617,test
29387,5,/Users/liuqing/Projects/01_E2E_QA_Code/E2E-Evaluation/outputs/waymo_5neighbor_context_laneaware_clean_v1_part_00_13/shards/shard_000005,4370,test
128165,27,/Users/liuqing/Projects/01_E2E_QA_Code/E2E-Evaluation/outputs/waymo_5neighbor_context_laneaware_clean_v1_part_39_51/shards/shard_000000,1915,test
9734,1,/Users/liuqing/Projects/01_E2E_QA_Code/E2E-Evaluation/outputs/waymo_5neighbor_context_laneaware_clean_v1_part_00_13/shards/shard_000001,4732,test
71659,14,/Users/liuqing/Projects/01_E2E_QA_Code/E2E-Evaluation/outputs/waymo_5neighbor_context_laneaware_clean_v1_part_13_26/shards/shard_000005,3949,test
93547,19,/Users/liuqing/Projects/01_E2E_QA_Code/E2E-Evaluation/outputs/waymo_5neighbor_context_laneaware_clean_v1_part_26_39/shards/shard_000001,4120,test
124412,25,/Users/liuqing/Projects/01_E2E_QA_Code/E2E-Evaluation/outputs/waymo_5neighbor_context_laneaware_clean_v1_part_26_39/shards/shard_000007,4963,test
106288,22,/Users/liuqing/Projects/01_E2E_QA_Code/E2E-Evaluation/outputs/waymo_5neighbor_context_laneaware_clean_v1_part_26_39/shards/shard_000004,1856,test
56139,11,/Users/liuqing/Projects/01_E2E_QA_Code/E2E-Evaluation/outputs/waymo_5neighbor_context_laneaware_clean_v1_part_13_26/shards/shard_000002,3452,test
149779,31,/Users/liuqing/Projects/01_E2E_QA_Code/E2E-Evaluation/outputs/waymo_5neighbor_context_laneaware_clean_v1_part_39_51/shards/shard_000004,3509,test
52820,11,/Users/liuqing/Projects/01_E2E_QA_Code/E2E-Evaluation/outputs/waymo_5neighbor_context_laneaware_clean_v1_part_13_26/shards/shard_000002,133,test
127067,27,/Users/liuqing/Projects/01_E2E_QA_Code/E2E-Evaluation/outputs/waymo_5neighbor_context_laneaware_clean_v1_part_39_51/shards/shard_000000,817,test
20960,4,/Users/liuqing/Projects/01_E2E_QA_Code/E2E-Evaluation/outputs/waymo_5neighbor_context_laneaware_clean_v1_part_00_13/shards/shard_000004,954,test
163181,34,/Users/liuqing/Projects/01_E2E_QA_Code/E2E-Evaluation/outputs/waymo_5neighbor_context_laneaware_clean_v1_part_39_51/shards/shard_000007,1901,test
29826,5,/Users/liuqing/Projects/01_E2E_QA_Code/E2E-Evaluation/outputs/waymo_5neighbor_context_laneaware_clean_v1_part_00_13/shards/shard_000005,4809,test
51935,10,/Users/liuqing/Projects/01_E2E_QA_Code/E2E-Evaluation/outputs/waymo_5neighbor_context_laneaware_clean_v1_part_13_26/shards/shard_000001,4250,test
34715,6,/Users/liuqing/Projects/01_E2E_QA_Code/E2E-Evaluation/outputs/waymo_5neighbor_context_laneaware_clean_v1_part_00_13/shards/shard_000006,4697,test
44531,9,/Users/liuqing/Projects/01_E2E_QA_Code/E2E-Evaluation/outputs/waymo_5neighbor_context_laneaware_clean_v1_part_13_26/shards/shard_000000,1859,test
53129,11,/Users/liuqing/Projects/01_E2E_QA_Code/E2E-Evaluation/outputs/waymo_5neighbor_context_laneaware_clean_v1_part_13_26/shards/shard_000002,442,test
74775,15,/Users/liuqing/Projects/01_E2E_QA_Code/E2E-Evaluation/outputs/waymo_5neighbor_context_laneaware_clean_v1_part_13_26/shards/shard_000006,2054,test
150940,31,/Users/liuqing/Projects/01_E2E_QA_Code/E2E-Evaluation/outputs/waymo_5neighbor_context_laneaware_clean_v1_part_39_51/shards/shard_000004,4670,test
102878,21,/Users/liuqing/Projects/01_E2E_QA_Code/E2E-Evaluation/outputs/waymo_5neighbor_context_laneaware_clean_v1_part_26_39/shards/shard_000003,3447,test
130433,27,/Users/liuqing/Projects/01_E2E_QA_Code/E2E-Evaluation/outputs/waymo_5neighbor_context_laneaware_clean_v1_part_39_51/shards/shard_000000,4183,test
108998,22,/Users/liuqing/Projects/01_E2E_QA_Code/E2E-Evaluation/outputs/waymo_5neighbor_context_laneaware_clean_v1_part_26_39/shards/shard_000004,4566,test
137717,29,/Users/liuqing/Projects/01_E2E_QA_Code/E2E-Evaluation/outputs/waymo_5neighbor_context_laneaware_clean_v1_part_39_51/shards/shard_000002,1464,test
144331,30,/Users/liuqing/Projects/01_E2E_QA_Code/E2E-Evaluation/outputs/waymo_5neighbor_context_laneaware_clean_v1_part_39_51/shards/shard_000003,3062,test
75192,15,/Users/liuqing/Projects/01_E2E_QA_Code/E2E-Evaluation/outputs/waymo_5neighbor_context_laneaware_clean_v1_part_13_26/shards/shard_000006,2471,test
74785,15,/Users/liuqing/Projects/01_E2E_QA_Code/E2E-Evaluation/outputs/waymo_5neighbor_context_laneaware_clean_v1_part_13_26/shards/shard_000006,2064,test
34697,6,/Users/liuqing/Projects/01_E2E_QA_Code/E2E-Evaluation/outputs/waymo_5neighbor_context_laneaware_clean_v1_part_00_13/shards/shard_000006,4679,test
113755,23,/Users/liuqing/Projects/01_E2E_QA_Code/E2E-Evaluation/outputs/waymo_5neighbor_context_laneaware_clean_v1_part_26_39/shards/shard_000005,4316,test
105233,22,/Users/liuqing/Projects/01_E2E_QA_Code/E2E-Evaluation/outputs/waymo_5neighbor_context_laneaware_clean_v1_part_26_39/shards/shard_000004,801,test
17255,3,/Users/liuqing/Projects/01_E2E_QA_Code/E2E-Evaluation/outputs/waymo_5neighbor_context_laneaware_clean_v1_part_00_13/shards/shard_000003,2249,test
87817,18,/Users/liuqing/Projects/01_E2E_QA_Code/E2E-Evaluation/outputs/waymo_5neighbor_context_laneaware_clean_v1_part_26_39/shards/shard_000000,3394,test
56365,11,/Users/liuqing/Projects/01_E2E_QA_Code/E2E-Evaluation/outputs/waymo_5neighbor_context_laneaware_clean_v1_part_13_26/shards/shard_000002,3678,test
79776,16,/Users/liuqing/Projects/01_E2E_QA_Code/E2E-Evaluation/outputs/waymo_5neighbor_context_laneaware_clean_v1_part_13_26/shards/shard_000007,2055,test
142608,30,/Users/liuqing/Projects/01_E2E_QA_Code/E2E-Evaluation/outputs/waymo_5neighbor_context_laneaware_clean_v1_part_39_51/shards/shard_000003,1339,test
128458,27,/Users/liuqing/Projects/01_E2E_QA_Code/E2E-Evaluation/outputs/waymo_5neighbor_context_laneaware_clean_v1_part_39_51/shards/shard_000000,2208,test
47560,9,/Users/liuqing/Projects/01_E2E_QA_Code/E2E-Evaluation/outputs/waymo_5neighbor_context_laneaware_clean_v1_part_13_26/shards/shard_000000,4888,test
92876,19,/Users/liuqing/Projects/01_E2E_QA_Code/E2E-Evaluation/outputs/waymo_5neighbor_context_laneaware_clean_v1_part_26_39/shards/shard_000001,3449,test
3135,0,/Users/liuqing/Projects/01_E2E_QA_Code/E2E-Evaluation/outputs/waymo_5neighbor_context_laneaware_clean_v1_part_00_13/shards/shard_000000,3135,test
18081,3,/Users/liuqing/Projects/01_E2E_QA_Code/E2E-Evaluation/outputs/waymo_5neighbor_context_laneaware_clean_v1_part_00_13/shards/shard_000003,3075,test
117401,24,/Users/liuqing/Projects/01_E2E_QA_Code/E2E-Evaluation/outputs/waymo_5neighbor_context_laneaware_clean_v1_part_26_39/shards/shard_000006,2953,test
122278,25,/Users/liuqing/Projects/01_E2E_QA_Code/E2E-Evaluation/outputs/waymo_5neighbor_context_laneaware_clean_v1_part_26_39/shards/shard_000007,2829,test
89880,19,/Users/liuqing/Projects/01_E2E_QA_Code/E2E-Evaluation/outputs/waymo_5neighbor_context_laneaware_clean_v1_part_26_39/shards/shard_000001,453,test
93251,19,/Users/liuqing/Projects/01_E2E_QA_Code/E2E-Evaluation/outputs/waymo_5neighbor_context_laneaware_clean_v1_part_26_39/shards/shard_000001,3824,test
30121,6,/Users/liuqing/Projects/01_E2E_QA_Code/E2E-Evaluation/outputs/waymo_5neighbor_context_laneaware_clean_v1_part_00_13/shards/shard_000006,103,test
115388,24,/Users/liuqing/Projects/01_E2E_QA_Code/E2E-Evaluation/outputs/waymo_5neighbor_context_laneaware_clean_v1_part_26_39/shards/shard_000006,940,test
15153,3,/Users/liuqing/Projects/01_E2E_QA_Code/E2E-Evaluation/outputs/waymo_5neighbor_context_laneaware_clean_v1_part_00_13/shards/shard_000003,147,test
3136,0,/Users/liuqing/Projects/01_E2E_QA_Code/E2E-Evaluation/outputs/waymo_5neighbor_context_laneaware_clean_v1_part_00_13/shards/shard_000000,3136,test
3724,0,/Users/liuqing/Projects/01_E2E_QA_Code/E2E-Evaluation/outputs/waymo_5neighbor_context_laneaware_clean_v1_part_00_13/shards/shard_000000,3724,test
20995,4,/Users/liuqing/Projects/01_E2E_QA_Code/E2E-Evaluation/outputs/waymo_5neighbor_context_laneaware_clean_v1_part_00_13/shards/shard_000004,989,test
44913,9,/Users/liuqing/Projects/01_E2E_QA_Code/E2E-Evaluation/outputs/waymo_5neighbor_context_laneaware_clean_v1_part_13_26/shards/shard_000000,2241,test
30123,6,/Users/liuqing/Projects/01_E2E_QA_Code/E2E-Evaluation/outputs/waymo_5neighbor_context_laneaware_clean_v1_part_00_13/shards/shard_000006,105,test
106277,22,/Users/liuqing/Projects/01_E2E_QA_Code/E2E-Evaluation/outputs/waymo_5neighbor_context_laneaware_clean_v1_part_26_39/shards/shard_000004,1845,test
126880,27,/Users/liuqing/Projects/01_E2E_QA_Code/E2E-Evaluation/outputs/waymo_5neighbor_context_laneaware_clean_v1_part_39_51/shards/shard_000000,630,test
129457,27,/Users/liuqing/Projects/01_E2E_QA_Code/E2E-Evaluation/outputs/waymo_5neighbor_context_laneaware_clean_v1_part_39_51/shards/shard_000000,3207,test
115593,24,/Users/liuqing/Projects/01_E2E_QA_Code/E2E-Evaluation/outputs/waymo_5neighbor_context_laneaware_clean_v1_part_26_39/shards/shard_000006,1145,test
55864,11,/Users/liuqing/Projects/01_E2E_QA_Code/E2E-Evaluation/outputs/waymo_5neighbor_context_laneaware_clean_v1_part_13_26/shards/shard_000002,3177,test
66785,13,/Users/liuqing/Projects/01_E2E_QA_Code/E2E-Evaluation/outputs/waymo_5neighbor_context_laneaware_clean_v1_part_13_26/shards/shard_000004,4083,test
108918,22,/Users/liuqing/Projects/01_E2E_QA_Code/E2E-Evaluation/outputs/waymo_5neighbor_context_laneaware_clean_v1_part_26_39/shards/shard_000004,4486,test
130066,27,/Users/liuqing/Projects/01_E2E_QA_Code/E2E-Evaluation/outputs/waymo_5neighbor_context_laneaware_clean_v1_part_39_51/shards/shard_000000,3816,test
9667,1,/Users/liuqing/Projects/01_E2E_QA_Code/E2E-Evaluation/outputs/waymo_5neighbor_context_laneaware_clean_v1_part_00_13/shards/shard_000001,4665,test
29825,5,/Users/liuqing/Projects/01_E2E_QA_Code/E2E-Evaluation/outputs/waymo_5neighbor_context_laneaware_clean_v1_part_00_13/shards/shard_000005,4808,test
82807,17,/Users/liuqing/Projects/01_E2E_QA_Code/E2E-Evaluation/outputs/waymo_5neighbor_context_laneaware_clean_v1_part_13_26/shards/shard_000008,77,test
54644,11,/Users/liuqing/Projects/01_E2E_QA_Code/E2E-Evaluation/outputs/waymo_5neighbor_context_laneaware_clean_v1_part_13_26/shards/shard_000002,1957,test
54831,11,/Users/liuqing/Projects/01_E2E_QA_Code/E2E-Evaluation/outputs/waymo_5neighbor_context_laneaware_clean_v1_part_13_26/shards/shard_000002,2144,test
130045,27,/Users/liuqing/Projects/01_E2E_QA_Code/E2E-Evaluation/outputs/waymo_5neighbor_context_laneaware_clean_v1_part_39_51/shards/shard_000000,3795,test
119704,25,/Users/liuqing/Projects/01_E2E_QA_Code/E2E-Evaluation/outputs/waymo_5neighbor_context_laneaware_clean_v1_part_26_39/shards/shard_000007,255,test
87581,18,/Users/liuqing/Projects/01_E2E_QA_Code/E2E-Evaluation/outputs/waymo_5neighbor_context_laneaware_clean_v1_part_26_39/shards/shard_000000,3158,test
156845,33,/Users/liuqing/Projects/01_E2E_QA_Code/E2E-Evaluation/outputs/waymo_5neighbor_context_laneaware_clean_v1_part_39_51/shards/shard_000006,573,test
146145,30,/Users/liuqing/Projects/01_E2E_QA_Code/E2E-Evaluation/outputs/waymo_5neighbor_context_laneaware_clean_v1_part_39_51/shards/shard_000003,4876,test
97972,20,/Users/liuqing/Projects/01_E2E_QA_Code/E2E-Evaluation/outputs/waymo_5neighbor_context_laneaware_clean_v1_part_26_39/shards/shard_000002,3545,test
18496,3,/Users/liuqing/Projects/01_E2E_QA_Code/E2E-Evaluation/outputs/waymo_5neighbor_context_laneaware_clean_v1_part_00_13/shards/shard_000003,3490,test
42367,8,/Users/liuqing/Projects/01_E2E_QA_Code/E2E-Evaluation/outputs/waymo_5neighbor_context_laneaware_clean_v1_part_00_13/shards/shard_000008,2339,test
13808,2,/Users/liuqing/Projects/01_E2E_QA_Code/E2E-Evaluation/outputs/waymo_5neighbor_context_laneaware_clean_v1_part_00_13/shards/shard_000002,3802,test
131391,28,/Users/liuqing/Projects/01_E2E_QA_Code/E2E-Evaluation/outputs/waymo_5neighbor_context_laneaware_clean_v1_part_39_51/shards/shard_000001,140,test
25452,5,/Users/liuqing/Projects/01_E2E_QA_Code/E2E-Evaluation/outputs/waymo_5neighbor_context_laneaware_clean_v1_part_00_13/shards/shard_000005,435,test
101084,21,/Users/liuqing/Projects/01_E2E_QA_Code/E2E-Evaluation/outputs/waymo_5neighbor_context_laneaware_clean_v1_part_26_39/shards/shard_000003,1653,test
30202,6,/Users/liuqing/Projects/01_E2E_QA_Code/E2E-Evaluation/outputs/waymo_5neighbor_context_laneaware_clean_v1_part_00_13/shards/shard_000006,184,test
28436,5,/Users/liuqing/Projects/01_E2E_QA_Code/E2E-Evaluation/outputs/waymo_5neighbor_context_laneaware_clean_v1_part_00_13/shards/shard_000005,3419,test
141002,29,/Users/liuqing/Projects/01_E2E_QA_Code/E2E-Evaluation/outputs/waymo_5neighbor_context_laneaware_clean_v1_part_39_51/shards/shard_000002,4749,test
61096,12,/Users/liuqing/Projects/01_E2E_QA_Code/E2E-Evaluation/outputs/waymo_5neighbor_context_laneaware_clean_v1_part_13_26/shards/shard_000003,3407,test
38399,7,/Users/liuqing/Projects/01_E2E_QA_Code/E2E-Evaluation/outputs/waymo_5neighbor_context_laneaware_clean_v1_part_00_13/shards/shard_000007,3380,test
84166,17,/Users/liuqing/Projects/01_E2E_QA_Code/E2E-Evaluation/outputs/waymo_5neighbor_context_laneaware_clean_v1_part_13_26/shards/shard_000008,1436,test
128081,27,/Users/liuqing/Projects/01_E2E_QA_Code/E2E-Evaluation/outputs/waymo_5neighbor_context_laneaware_clean_v1_part_39_51/shards/shard_000000,1831,test
25208,5,/Users/liuqing/Projects/01_E2E_QA_Code/E2E-Evaluation/outputs/waymo_5neighbor_context_laneaware_clean_v1_part_00_13/shards/shard_000005,191,test
163410,34,/Users/liuqing/Projects/01_E2E_QA_Code/E2E-Evaluation/outputs/waymo_5neighbor_context_laneaware_clean_v1_part_39_51/shards/shard_000007,2130,test
113757,23,/Users/liuqing/Projects/01_E2E_QA_Code/E2E-Evaluation/outputs/waymo_5neighbor_context_laneaware_clean_v1_part_26_39/shards/shard_000005,4318,test
40254,8,/Users/liuqing/Projects/01_E2E_QA_Code/E2E-Evaluation/outputs/waymo_5neighbor_context_laneaware_clean_v1_part_00_13/shards/shard_000008,226,test
75246,15,/Users/liuqing/Projects/01_E2E_QA_Code/E2E-Evaluation/outputs/waymo_5neighbor_context_laneaware_clean_v1_part_13_26/shards/shard_000006,2525,test
49837,10,/Users/liuqing/Projects/01_E2E_QA_Code/E2E-Evaluation/outputs/waymo_5neighbor_context_laneaware_clean_v1_part_13_26/shards/shard_000001,2152,test
73174,15,/Users/liuqing/Projects/01_E2E_QA_Code/E2E-Evaluation/outputs/waymo_5neighbor_context_laneaware_clean_v1_part_13_26/shards/shard_000006,453,test
154800,32,/Users/liuqing/Projects/01_E2E_QA_Code/E2E-Evaluation/outputs/waymo_5neighbor_context_laneaware_clean_v1_part_39_51/shards/shard_000005,3529,test
23961,4,/Users/liuqing/Projects/01_E2E_QA_Code/E2E-Evaluation/outputs/waymo_5neighbor_context_laneaware_clean_v1_part_00_13/shards/shard_000004,3955,test
137685,29,/Users/liuqing/Projects/01_E2E_QA_Code/E2E-Evaluation/outputs/waymo_5neighbor_context_laneaware_clean_v1_part_39_51/shards/shard_000002,1432,test
144519,30,/Users/liuqing/Projects/01_E2E_QA_Code/E2E-Evaluation/outputs/waymo_5neighbor_context_laneaware_clean_v1_part_39_51/shards/shard_000003,3250,test
97561,20,/Users/liuqing/Projects/01_E2E_QA_Code/E2E-Evaluation/outputs/waymo_5neighbor_context_laneaware_clean_v1_part_26_39/shards/shard_000002,3134,test
16983,3,/Users/liuqing/Projects/01_E2E_QA_Code/E2E-Evaluation/outputs/waymo_5neighbor_context_laneaware_clean_v1_part_00_13/shards/shard_000003,1977,test
36067,7,/Users/liuqing/Projects/01_E2E_QA_Code/E2E-Evaluation/outputs/waymo_5neighbor_context_laneaware_clean_v1_part_00_13/shards/shard_000007,1048,test
19991,3,/Users/liuqing/Projects/01_E2E_QA_Code/E2E-Evaluation/outputs/waymo_5neighbor_context_laneaware_clean_v1_part_00_13/shards/shard_000003,4985,test
93262,19,/Users/liuqing/Projects/01_E2E_QA_Code/E2E-Evaluation/outputs/waymo_5neighbor_context_laneaware_clean_v1_part_26_39/shards/shard_000001,3835,test
115254,24,/Users/liuqing/Projects/01_E2E_QA_Code/E2E-Evaluation/outputs/waymo_5neighbor_context_laneaware_clean_v1_part_26_39/shards/shard_000006,806,test
135441,28,/Users/liuqing/Projects/01_E2E_QA_Code/E2E-Evaluation/outputs/waymo_5neighbor_context_laneaware_clean_v1_part_39_51/shards/shard_000001,4190,test
145438,30,/Users/liuqing/Projects/01_E2E_QA_Code/E2E-Evaluation/outputs/waymo_5neighbor_context_laneaware_clean_v1_part_39_51/shards/shard_000003,4169,test
9371,1,/Users/liuqing/Projects/01_E2E_QA_Code/E2E-Evaluation/outputs/waymo_5neighbor_context_laneaware_clean_v1_part_00_13/shards/shard_000001,4369,test
114532,24,/Users/liuqing/Projects/01_E2E_QA_Code/E2E-Evaluation/outputs/waymo_5neighbor_context_laneaware_clean_v1_part_26_39/shards/shard_000006,84,test
148700,31,/Users/liuqing/Projects/01_E2E_QA_Code/E2E-Evaluation/outputs/waymo_5neighbor_context_laneaware_clean_v1_part_39_51/shards/shard_000004,2430,test
8017,1,/Users/liuqing/Projects/01_E2E_QA_Code/E2E-Evaluation/outputs/waymo_5neighbor_context_laneaware_clean_v1_part_00_13/shards/shard_000001,3015,test
42111,8,/Users/liuqing/Projects/01_E2E_QA_Code/E2E-Evaluation/outputs/waymo_5neighbor_context_laneaware_clean_v1_part_00_13/shards/shard_000008,2083,test
121044,25,/Users/liuqing/Projects/01_E2E_QA_Code/E2E-Evaluation/outputs/waymo_5neighbor_context_laneaware_clean_v1_part_26_39/shards/shard_000007,1595,test
96686,20,/Users/liuqing/Projects/01_E2E_QA_Code/E2E-Evaluation/outputs/waymo_5neighbor_context_laneaware_clean_v1_part_26_39/shards/shard_000002,2259,test
88683,18,/Users/liuqing/Projects/01_E2E_QA_Code/E2E-Evaluation/outputs/waymo_5neighbor_context_laneaware_clean_v1_part_26_39/shards/shard_000000,4260,test
140468,29,/Users/liuqing/Projects/01_E2E_QA_Code/E2E-Evaluation/outputs/waymo_5neighbor_context_laneaware_clean_v1_part_39_51/shards/shard_000002,4215,test
94719,20,/Users/liuqing/Projects/01_E2E_QA_Code/E2E-Evaluation/outputs/waymo_5neighbor_context_laneaware_clean_v1_part_26_39/shards/shard_000002,292,test
149191,31,/Users/liuqing/Projects/01_E2E_QA_Code/E2E-Evaluation/outputs/waymo_5neighbor_context_laneaware_clean_v1_part_39_51/shards/shard_000004,2921,test
46196,9,/Users/liuqing/Projects/01_E2E_QA_Code/E2E-Evaluation/outputs/waymo_5neighbor_context_laneaware_clean_v1_part_13_26/shards/shard_000000,3524,test
158513,33,/Users/liuqing/Projects/01_E2E_QA_Code/E2E-Evaluation/outputs/waymo_5neighbor_context_laneaware_clean_v1_part_39_51/shards/shard_000006,2241,test
23579,4,/Users/liuqing/Projects/01_E2E_QA_Code/E2E-Evaluation/outputs/waymo_5neighbor_context_laneaware_clean_v1_part_00_13/shards/shard_000004,3573,test
160327,33,/Users/liuqing/Projects/01_E2E_QA_Code/E2E-Evaluation/outputs/waymo_5neighbor_context_laneaware_clean_v1_part_39_51/shards/shard_000006,4055,test
4866,0,/Users/liuqing/Projects/01_E2E_QA_Code/E2E-Evaluation/outputs/waymo_5neighbor_context_laneaware_clean_v1_part_00_13/shards/shard_000000,4866,test
136857,29,/Users/liuqing/Projects/01_E2E_QA_Code/E2E-Evaluation/outputs/waymo_5neighbor_context_laneaware_clean_v1_part_39_51/shards/shard_000002,604,test
21317,4,/Users/liuqing/Projects/01_E2E_QA_Code/E2E-Evaluation/outputs/waymo_5neighbor_context_laneaware_clean_v1_part_00_13/shards/shard_000004,1311,test
96912,20,/Users/liuqing/Projects/01_E2E_QA_Code/E2E-Evaluation/outputs/waymo_5neighbor_context_laneaware_clean_v1_part_26_39/shards/shard_000002,2485,test
35033,7,/Users/liuqing/Projects/01_E2E_QA_Code/E2E-Evaluation/outputs/waymo_5neighbor_context_laneaware_clean_v1_part_00_13/shards/shard_000007,14,test
56232,11,/Users/liuqing/Projects/01_E2E_QA_Code/E2E-Evaluation/outputs/waymo_5neighbor_context_laneaware_clean_v1_part_13_26/shards/shard_000002,3545,test
120425,25,/Users/liuqing/Projects/01_E2E_QA_Code/E2E-Evaluation/outputs/waymo_5neighbor_context_laneaware_clean_v1_part_26_39/shards/shard_000007,976,test
156402,33,/Users/liuqing/Projects/01_E2E_QA_Code/E2E-Evaluation/outputs/waymo_5neighbor_context_laneaware_clean_v1_part_39_51/shards/shard_000006,130,test
65144,13,/Users/liuqing/Projects/01_E2E_QA_Code/E2E-Evaluation/outputs/waymo_5neighbor_context_laneaware_clean_v1_part_13_26/shards/shard_000004,2442,test
65684,13,/Users/liuqing/Projects/01_E2E_QA_Code/E2E-Evaluation/outputs/waymo_5neighbor_context_laneaware_clean_v1_part_13_26/shards/shard_000004,2982,test
46159,9,/Users/liuqing/Projects/01_E2E_QA_Code/E2E-Evaluation/outputs/waymo_5neighbor_context_laneaware_clean_v1_part_13_26/shards/shard_000000,3487,test
26454,5,/Users/liuqing/Projects/01_E2E_QA_Code/E2E-Evaluation/outputs/waymo_5neighbor_context_laneaware_clean_v1_part_00_13/shards/shard_000005,1437,test
74395,15,/Users/liuqing/Projects/01_E2E_QA_Code/E2E-Evaluation/outputs/waymo_5neighbor_context_laneaware_clean_v1_part_13_26/shards/shard_000006,1674,test
81931,16,/Users/liuqing/Projects/01_E2E_QA_Code/E2E-Evaluation/outputs/waymo_5neighbor_context_laneaware_clean_v1_part_13_26/shards/shard_000007,4210,test
159121,33,/Users/liuqing/Projects/01_E2E_QA_Code/E2E-Evaluation/outputs/waymo_5neighbor_context_laneaware_clean_v1_part_39_51/shards/shard_000006,2849,test
66779,13,/Users/liuqing/Projects/01_E2E_QA_Code/E2E-Evaluation/outputs/waymo_5neighbor_context_laneaware_clean_v1_part_13_26/shards/shard_000004,4077,test
134850,28,/Users/liuqing/Projects/01_E2E_QA_Code/E2E-Evaluation/outputs/waymo_5neighbor_context_laneaware_clean_v1_part_39_51/shards/shard_000001,3599,test
11538,2,/Users/liuqing/Projects/01_E2E_QA_Code/E2E-Evaluation/outputs/waymo_5neighbor_context_laneaware_clean_v1_part_00_13/shards/shard_000002,1532,test
110739,23,/Users/liuqing/Projects/01_E2E_QA_Code/E2E-Evaluation/outputs/waymo_5neighbor_context_laneaware_clean_v1_part_26_39/shards/shard_000005,1300,test
9172,1,/Users/liuqing/Projects/01_E2E_QA_Code/E2E-Evaluation/outputs/waymo_5neighbor_context_laneaware_clean_v1_part_00_13/shards/shard_000001,4170,test
19800,3,/Users/liuqing/Projects/01_E2E_QA_Code/E2E-Evaluation/outputs/waymo_5neighbor_context_laneaware_clean_v1_part_00_13/shards/shard_000003,4794,test
4695,0,/Users/liuqing/Projects/01_E2E_QA_Code/E2E-Evaluation/outputs/waymo_5neighbor_context_laneaware_clean_v1_part_00_13/shards/shard_000000,4695,test
99986,21,/Users/liuqing/Projects/01_E2E_QA_Code/E2E-Evaluation/outputs/waymo_5neighbor_context_laneaware_clean_v1_part_26_39/shards/shard_000003,555,test
119479,25,/Users/liuqing/Projects/01_E2E_QA_Code/E2E-Evaluation/outputs/waymo_5neighbor_context_laneaware_clean_v1_part_26_39/shards/shard_000007,30,test
29642,5,/Users/liuqing/Projects/01_E2E_QA_Code/E2E-Evaluation/outputs/waymo_5neighbor_context_laneaware_clean_v1_part_00_13/shards/shard_000005,4625,test
133880,28,/Users/liuqing/Projects/01_E2E_QA_Code/E2E-Evaluation/outputs/waymo_5neighbor_context_laneaware_clean_v1_part_39_51/shards/shard_000001,2629,test
158135,33,/Users/liuqing/Projects/01_E2E_QA_Code/E2E-Evaluation/outputs/waymo_5neighbor_context_laneaware_clean_v1_part_39_51/shards/shard_000006,1863,test
137679,29,/Users/liuqing/Projects/01_E2E_QA_Code/E2E-Evaluation/outputs/waymo_5neighbor_context_laneaware_clean_v1_part_39_51/shards/shard_000002,1426,test
12481,2,/Users/liuqing/Projects/01_E2E_QA_Code/E2E-Evaluation/outputs/waymo_5neighbor_context_laneaware_clean_v1_part_00_13/shards/shard_000002,2475,test
75264,15,/Users/liuqing/Projects/01_E2E_QA_Code/E2E-Evaluation/outputs/waymo_5neighbor_context_laneaware_clean_v1_part_13_26/shards/shard_000006,2543,test
83240,17,/Users/liuqing/Projects/01_E2E_QA_Code/E2E-Evaluation/outputs/waymo_5neighbor_context_laneaware_clean_v1_part_13_26/shards/shard_000008,510,test
126458,27,/Users/liuqing/Projects/01_E2E_QA_Code/E2E-Evaluation/outputs/waymo_5neighbor_context_laneaware_clean_v1_part_39_51/shards/shard_000000,208,test
76584,15,/Users/liuqing/Projects/01_E2E_QA_Code/E2E-Evaluation/outputs/waymo_5neighbor_context_laneaware_clean_v1_part_13_26/shards/shard_000006,3863,test
34357,6,/Users/liuqing/Projects/01_E2E_QA_Code/E2E-Evaluation/outputs/waymo_5neighbor_context_laneaware_clean_v1_part_00_13/shards/shard_000006,4339,test
119882,25,/Users/liuqing/Projects/01_E2E_QA_Code/E2E-Evaluation/outputs/waymo_5neighbor_context_laneaware_clean_v1_part_26_39/shards/shard_000007,433,test
82465,16,/Users/liuqing/Projects/01_E2E_QA_Code/E2E-Evaluation/outputs/waymo_5neighbor_context_laneaware_clean_v1_part_13_26/shards/shard_000007,4744,test
15131,3,/Users/liuqing/Projects/01_E2E_QA_Code/E2E-Evaluation/outputs/waymo_5neighbor_context_laneaware_clean_v1_part_00_13/shards/shard_000003,125,test
46253,9,/Users/liuqing/Projects/01_E2E_QA_Code/E2E-Evaluation/outputs/waymo_5neighbor_context_laneaware_clean_v1_part_13_26/shards/shard_000000,3581,test
147109,31,/Users/liuqing/Projects/01_E2E_QA_Code/E2E-Evaluation/outputs/waymo_5neighbor_context_laneaware_clean_v1_part_39_51/shards/shard_000004,839,test
143014,30,/Users/liuqing/Projects/01_E2E_QA_Code/E2E-Evaluation/outputs/waymo_5neighbor_context_laneaware_clean_v1_part_39_51/shards/shard_000003,1745,test
133267,28,/Users/liuqing/Projects/01_E2E_QA_Code/E2E-Evaluation/outputs/waymo_5neighbor_context_laneaware_clean_v1_part_39_51/shards/shard_000001,2016,test
555,0,/Users/liuqing/Projects/01_E2E_QA_Code/E2E-Evaluation/outputs/waymo_5neighbor_context_laneaware_clean_v1_part_00_13/shards/shard_000000,555,test
34719,6,/Users/liuqing/Projects/01_E2E_QA_Code/E2E-Evaluation/outputs/waymo_5neighbor_context_laneaware_clean_v1_part_00_13/shards/shard_000006,4701,test
160601,33,/Users/liuqing/Projects/01_E2E_QA_Code/E2E-Evaluation/outputs/waymo_5neighbor_context_laneaware_clean_v1_part_39_51/shards/shard_000006,4329,test
75136,15,/Users/liuqing/Projects/01_E2E_QA_Code/E2E-Evaluation/outputs/waymo_5neighbor_context_laneaware_clean_v1_part_13_26/shards/shard_000006,2415,test
38309,7,/Users/liuqing/Projects/01_E2E_QA_Code/E2E-Evaluation/outputs/waymo_5neighbor_context_laneaware_clean_v1_part_00_13/shards/shard_000007,3290,test
6348,1,/Users/liuqing/Projects/01_E2E_QA_Code/E2E-Evaluation/outputs/waymo_5neighbor_context_laneaware_clean_v1_part_00_13/shards/shard_000001,1346,test
36092,7,/Users/liuqing/Projects/01_E2E_QA_Code/E2E-Evaluation/outputs/waymo_5neighbor_context_laneaware_clean_v1_part_00_13/shards/shard_000007,1073,test
133396,28,/Users/liuqing/Projects/01_E2E_QA_Code/E2E-Evaluation/outputs/waymo_5neighbor_context_laneaware_clean_v1_part_39_51/shards/shard_000001,2145,test
144336,30,/Users/liuqing/Projects/01_E2E_QA_Code/E2E-Evaluation/outputs/waymo_5neighbor_context_laneaware_clean_v1_part_39_51/shards/shard_000003,3067,test
134760,28,/Users/liuqing/Projects/01_E2E_QA_Code/E2E-Evaluation/outputs/waymo_5neighbor_context_laneaware_clean_v1_part_39_51/shards/shard_000001,3509,test
1507,0,/Users/liuqing/Projects/01_E2E_QA_Code/E2E-Evaluation/outputs/waymo_5neighbor_context_laneaware_clean_v1_part_00_13/shards/shard_000000,1507,test
80707,16,/Users/liuqing/Projects/01_E2E_QA_Code/E2E-Evaluation/outputs/waymo_5neighbor_context_laneaware_clean_v1_part_13_26/shards/shard_000007,2986,test
97271,20,/Users/liuqing/Projects/01_E2E_QA_Code/E2E-Evaluation/outputs/waymo_5neighbor_context_laneaware_clean_v1_part_26_39/shards/shard_000002,2844,test
135436,28,/Users/liuqing/Projects/01_E2E_QA_Code/E2E-Evaluation/outputs/waymo_5neighbor_context_laneaware_clean_v1_part_39_51/shards/shard_000001,4185,test
122720,25,/Users/liuqing/Projects/01_E2E_QA_Code/E2E-Evaluation/outputs/waymo_5neighbor_context_laneaware_clean_v1_part_26_39/shards/shard_000007,3271,test
115255,24,/Users/liuqing/Projects/01_E2E_QA_Code/E2E-Evaluation/outputs/waymo_5neighbor_context_laneaware_clean_v1_part_26_39/shards/shard_000006,807,test
80580,16,/Users/liuqing/Projects/01_E2E_QA_Code/E2E-Evaluation/outputs/waymo_5neighbor_context_laneaware_clean_v1_part_13_26/shards/shard_000007,2859,test
115337,24,/Users/liuqing/Projects/01_E2E_QA_Code/E2E-Evaluation/outputs/waymo_5neighbor_context_laneaware_clean_v1_part_26_39/shards/shard_000006,889,test
73738,15,/Users/liuqing/Projects/01_E2E_QA_Code/E2E-Evaluation/outputs/waymo_5neighbor_context_laneaware_clean_v1_part_13_26/shards/shard_000006,1017,test
117400,24,/Users/liuqing/Projects/01_E2E_QA_Code/E2E-Evaluation/outputs/waymo_5neighbor_context_laneaware_clean_v1_part_26_39/shards/shard_000006,2952,test
96074,20,/Users/liuqing/Projects/01_E2E_QA_Code/E2E-Evaluation/outputs/waymo_5neighbor_context_laneaware_clean_v1_part_26_39/shards/shard_000002,1647,test
110287,23,/Users/liuqing/Projects/01_E2E_QA_Code/E2E-Evaluation/outputs/waymo_5neighbor_context_laneaware_clean_v1_part_26_39/shards/shard_000005,848,test
104159,21,/Users/liuqing/Projects/01_E2E_QA_Code/E2E-Evaluation/outputs/waymo_5neighbor_context_laneaware_clean_v1_part_26_39/shards/shard_000003,4728,test
84162,17,/Users/liuqing/Projects/01_E2E_QA_Code/E2E-Evaluation/outputs/waymo_5neighbor_context_laneaware_clean_v1_part_13_26/shards/shard_000008,1432,test
29853,5,/Users/liuqing/Projects/01_E2E_QA_Code/E2E-Evaluation/outputs/waymo_5neighbor_context_laneaware_clean_v1_part_00_13/shards/shard_000005,4836,test
12647,2,/Users/liuqing/Projects/01_E2E_QA_Code/E2E-Evaluation/outputs/waymo_5neighbor_context_laneaware_clean_v1_part_00_13/shards/shard_000002,2641,test
133272,28,/Users/liuqing/Projects/01_E2E_QA_Code/E2E-Evaluation/outputs/waymo_5neighbor_context_laneaware_clean_v1_part_39_51/shards/shard_000001,2021,test
64492,13,/Users/liuqing/Projects/01_E2E_QA_Code/E2E-Evaluation/outputs/waymo_5neighbor_context_laneaware_clean_v1_part_13_26/shards/shard_000004,1790,test
12516,2,/Users/liuqing/Projects/01_E2E_QA_Code/E2E-Evaluation/outputs/waymo_5neighbor_context_laneaware_clean_v1_part_00_13/shards/shard_000002,2510,test
114112,23,/Users/liuqing/Projects/01_E2E_QA_Code/E2E-Evaluation/outputs/waymo_5neighbor_context_laneaware_clean_v1_part_26_39/shards/shard_000005,4673,test
66140,13,/Users/liuqing/Projects/01_E2E_QA_Code/E2E-Evaluation/outputs/waymo_5neighbor_context_laneaware_clean_v1_part_13_26/shards/shard_000004,3438,test
55859,11,/Users/liuqing/Projects/01_E2E_QA_Code/E2E-Evaluation/outputs/waymo_5neighbor_context_laneaware_clean_v1_part_13_26/shards/shard_000002,3172,test
19625,3,/Users/liuqing/Projects/01_E2E_QA_Code/E2E-Evaluation/outputs/waymo_5neighbor_context_laneaware_clean_v1_part_00_13/shards/shard_000003,4619,test
138533,29,/Users/liuqing/Projects/01_E2E_QA_Code/E2E-Evaluation/outputs/waymo_5neighbor_context_laneaware_clean_v1_part_39_51/shards/shard_000002,2280,test
147199,31,/Users/liuqing/Projects/01_E2E_QA_Code/E2E-Evaluation/outputs/waymo_5neighbor_context_laneaware_clean_v1_part_39_51/shards/shard_000004,929,test
28943,5,/Users/liuqing/Projects/01_E2E_QA_Code/E2E-Evaluation/outputs/waymo_5neighbor_context_laneaware_clean_v1_part_00_13/shards/shard_000005,3926,test
75631,15,/Users/liuqing/Projects/01_E2E_QA_Code/E2E-Evaluation/outputs/waymo_5neighbor_context_laneaware_clean_v1_part_13_26/shards/shard_000006,2910,test
58049,12,/Users/liuqing/Projects/01_E2E_QA_Code/E2E-Evaluation/outputs/waymo_5neighbor_context_laneaware_clean_v1_part_13_26/shards/shard_000003,360,test
42267,8,/Users/liuqing/Projects/01_E2E_QA_Code/E2E-Evaluation/outputs/waymo_5neighbor_context_laneaware_clean_v1_part_00_13/shards/shard_000008,2239,test
150717,31,/Users/liuqing/Projects/01_E2E_QA_Code/E2E-Evaluation/outputs/waymo_5neighbor_context_laneaware_clean_v1_part_39_51/shards/shard_000004,4447,test
134354,28,/Users/liuqing/Projects/01_E2E_QA_Code/E2E-Evaluation/outputs/waymo_5neighbor_context_laneaware_clean_v1_part_39_51/shards/shard_000001,3103,test
12545,2,/Users/liuqing/Projects/01_E2E_QA_Code/E2E-Evaluation/outputs/waymo_5neighbor_context_laneaware_clean_v1_part_00_13/shards/shard_000002,2539,test
65268,13,/Users/liuqing/Projects/01_E2E_QA_Code/E2E-Evaluation/outputs/waymo_5neighbor_context_laneaware_clean_v1_part_13_26/shards/shard_000004,2566,test
124333,25,/Users/liuqing/Projects/01_E2E_QA_Code/E2E-Evaluation/outputs/waymo_5neighbor_context_laneaware_clean_v1_part_26_39/shards/shard_000007,4884,test
22020,4,/Users/liuqing/Projects/01_E2E_QA_Code/E2E-Evaluation/outputs/waymo_5neighbor_context_laneaware_clean_v1_part_00_13/shards/shard_000004,2014,test
62194,12,/Users/liuqing/Projects/01_E2E_QA_Code/E2E-Evaluation/outputs/waymo_5neighbor_context_laneaware_clean_v1_part_13_26/shards/shard_000003,4505,test
51029,10,/Users/liuqing/Projects/01_E2E_QA_Code/E2E-Evaluation/outputs/waymo_5neighbor_context_laneaware_clean_v1_part_13_26/shards/shard_000001,3344,test
56991,11,/Users/liuqing/Projects/01_E2E_QA_Code/E2E-Evaluation/outputs/waymo_5neighbor_context_laneaware_clean_v1_part_13_26/shards/shard_000002,4304,test
50879,10,/Users/liuqing/Projects/01_E2E_QA_Code/E2E-Evaluation/outputs/waymo_5neighbor_context_laneaware_clean_v1_part_13_26/shards/shard_000001,3194,test
17143,3,/Users/liuqing/Projects/01_E2E_QA_Code/E2E-Evaluation/outputs/waymo_5neighbor_context_laneaware_clean_v1_part_00_13/shards/shard_000003,2137,test
47081,9,/Users/liuqing/Projects/01_E2E_QA_Code/E2E-Evaluation/outputs/waymo_5neighbor_context_laneaware_clean_v1_part_13_26/shards/shard_000000,4409,test
115338,24,/Users/liuqing/Projects/01_E2E_QA_Code/E2E-Evaluation/outputs/waymo_5neighbor_context_laneaware_clean_v1_part_26_39/shards/shard_000006,890,test
148371,31,/Users/liuqing/Projects/01_E2E_QA_Code/E2E-Evaluation/outputs/waymo_5neighbor_context_laneaware_clean_v1_part_39_51/shards/shard_000004,2101,test
55854,11,/Users/liuqing/Projects/01_E2E_QA_Code/E2E-Evaluation/outputs/waymo_5neighbor_context_laneaware_clean_v1_part_13_26/shards/shard_000002,3167,test
62854,13,/Users/liuqing/Projects/01_E2E_QA_Code/E2E-Evaluation/outputs/waymo_5neighbor_context_laneaware_clean_v1_part_13_26/shards/shard_000004,152,test
24013,4,/Users/liuqing/Projects/01_E2E_QA_Code/E2E-Evaluation/outputs/waymo_5neighbor_context_laneaware_clean_v1_part_00_13/shards/shard_000004,4007,test
156582,33,/Users/liuqing/Projects/01_E2E_QA_Code/E2E-Evaluation/outputs/waymo_5neighbor_context_laneaware_clean_v1_part_39_51/shards/shard_000006,310,test
112172,23,/Users/liuqing/Projects/01_E2E_QA_Code/E2E-Evaluation/outputs/waymo_5neighbor_context_laneaware_clean_v1_part_26_39/shards/shard_000005,2733,test
149539,31,/Users/liuqing/Projects/01_E2E_QA_Code/E2E-Evaluation/outputs/waymo_5neighbor_context_laneaware_clean_v1_part_39_51/shards/shard_000004,3269,test
41349,8,/Users/liuqing/Projects/01_E2E_QA_Code/E2E-Evaluation/outputs/waymo_5neighbor_context_laneaware_clean_v1_part_00_13/shards/shard_000008,1321,test
101691,21,/Users/liuqing/Projects/01_E2E_QA_Code/E2E-Evaluation/outputs/waymo_5neighbor_context_laneaware_clean_v1_part_26_39/shards/shard_000003,2260,test
101083,21,/Users/liuqing/Projects/01_E2E_QA_Code/E2E-Evaluation/outputs/waymo_5neighbor_context_laneaware_clean_v1_part_26_39/shards/shard_000003,1652,test
121964,25,/Users/liuqing/Projects/01_E2E_QA_Code/E2E-Evaluation/outputs/waymo_5neighbor_context_laneaware_clean_v1_part_26_39/shards/shard_000007,2515,test
134845,28,/Users/liuqing/Projects/01_E2E_QA_Code/E2E-Evaluation/outputs/waymo_5neighbor_context_laneaware_clean_v1_part_39_51/shards/shard_000001,3594,test
34712,6,/Users/liuqing/Projects/01_E2E_QA_Code/E2E-Evaluation/outputs/waymo_5neighbor_context_laneaware_clean_v1_part_00_13/shards/shard_000006,4694,test
77440,15,/Users/liuqing/Projects/01_E2E_QA_Code/E2E-Evaluation/outputs/waymo_5neighbor_context_laneaware_clean_v1_part_13_26/shards/shard_000006,4719,test
126222,26,/Users/liuqing/Projects/01_E2E_QA_Code/E2E-Evaluation/outputs/waymo_5neighbor_context_laneaware_clean_v1_part_26_39/shards/shard_000008,1769,test
152640,32,/Users/liuqing/Projects/01_E2E_QA_Code/E2E-Evaluation/outputs/waymo_5neighbor_context_laneaware_clean_v1_part_39_51/shards/shard_000005,1369,test
666,0,/Users/liuqing/Projects/01_E2E_QA_Code/E2E-Evaluation/outputs/waymo_5neighbor_context_laneaware_clean_v1_part_00_13/shards/shard_000000,666,test
77848,16,/Users/liuqing/Projects/01_E2E_QA_Code/E2E-Evaluation/outputs/waymo_5neighbor_context_laneaware_clean_v1_part_13_26/shards/shard_000007,127,test
26306,5,/Users/liuqing/Projects/01_E2E_QA_Code/E2E-Evaluation/outputs/waymo_5neighbor_context_laneaware_clean_v1_part_00_13/shards/shard_000005,1289,test
104946,22,/Users/liuqing/Projects/01_E2E_QA_Code/E2E-Evaluation/outputs/waymo_5neighbor_context_laneaware_clean_v1_part_26_39/shards/shard_000004,514,test
105716,22,/Users/liuqing/Projects/01_E2E_QA_Code/E2E-Evaluation/outputs/waymo_5neighbor_context_laneaware_clean_v1_part_26_39/shards/shard_000004,1284,test
101985,21,/Users/liuqing/Projects/01_E2E_QA_Code/E2E-Evaluation/outputs/waymo_5neighbor_context_laneaware_clean_v1_part_26_39/shards/shard_000003,2554,test
26438,5,/Users/liuqing/Projects/01_E2E_QA_Code/E2E-Evaluation/outputs/waymo_5neighbor_context_laneaware_clean_v1_part_00_13/shards/shard_000005,1421,test
132168,28,/Users/liuqing/Projects/01_E2E_QA_Code/E2E-Evaluation/outputs/waymo_5neighbor_context_laneaware_clean_v1_part_39_51/shards/shard_000001,917,test
102732,21,/Users/liuqing/Projects/01_E2E_QA_Code/E2E-Evaluation/outputs/waymo_5neighbor_context_laneaware_clean_v1_part_26_39/shards/shard_000003,3301,test
101838,21,/Users/liuqing/Projects/01_E2E_QA_Code/E2E-Evaluation/outputs/waymo_5neighbor_context_laneaware_clean_v1_part_26_39/shards/shard_000003,2407,test
2886,0,/Users/liuqing/Projects/01_E2E_QA_Code/E2E-Evaluation/outputs/waymo_5neighbor_context_laneaware_clean_v1_part_00_13/shards/shard_000000,2886,test
45902,9,/Users/liuqing/Projects/01_E2E_QA_Code/E2E-Evaluation/outputs/waymo_5neighbor_context_laneaware_clean_v1_part_13_26/shards/shard_000000,3230,test
37642,7,/Users/liuqing/Projects/01_E2E_QA_Code/E2E-Evaluation/outputs/waymo_5neighbor_context_laneaware_clean_v1_part_00_13/shards/shard_000007,2623,test
157495,33,/Users/liuqing/Projects/01_E2E_QA_Code/E2E-Evaluation/outputs/waymo_5neighbor_context_laneaware_clean_v1_part_39_51/shards/shard_000006,1223,test
70844,14,/Users/liuqing/Projects/01_E2E_QA_Code/E2E-Evaluation/outputs/waymo_5neighbor_context_laneaware_clean_v1_part_13_26/shards/shard_000005,3134,test
128325,27,/Users/liuqing/Projects/01_E2E_QA_Code/E2E-Evaluation/outputs/waymo_5neighbor_context_laneaware_clean_v1_part_39_51/shards/shard_000000,2075,test
38894,7,/Users/liuqing/Projects/01_E2E_QA_Code/E2E-Evaluation/outputs/waymo_5neighbor_context_laneaware_clean_v1_part_00_13/shards/shard_000007,3875,test
54161,11,/Users/liuqing/Projects/01_E2E_QA_Code/E2E-Evaluation/outputs/waymo_5neighbor_context_laneaware_clean_v1_part_13_26/shards/shard_000002,1474,test
69952,14,/Users/liuqing/Projects/01_E2E_QA_Code/E2E-Evaluation/outputs/waymo_5neighbor_context_laneaware_clean_v1_part_13_26/shards/shard_000005,2242,test
163695,34,/Users/liuqing/Projects/01_E2E_QA_Code/E2E-Evaluation/outputs/waymo_5neighbor_context_laneaware_clean_v1_part_39_51/shards/shard_000007,2415,test
143765,30,/Users/liuqing/Projects/01_E2E_QA_Code/E2E-Evaluation/outputs/waymo_5neighbor_context_laneaware_clean_v1_part_39_51/shards/shard_000003,2496,test
76041,15,/Users/liuqing/Projects/01_E2E_QA_Code/E2E-Evaluation/outputs/waymo_5neighbor_context_laneaware_clean_v1_part_13_26/shards/shard_000006,3320,test
97172,20,/Users/liuqing/Projects/01_E2E_QA_Code/E2E-Evaluation/outputs/waymo_5neighbor_context_laneaware_clean_v1_part_26_39/shards/shard_000002,2745,test
52389,10,/Users/liuqing/Projects/01_E2E_QA_Code/E2E-Evaluation/outputs/waymo_5neighbor_context_laneaware_clean_v1_part_13_26/shards/shard_000001,4704,test
143219,30,/Users/liuqing/Projects/01_E2E_QA_Code/E2E-Evaluation/outputs/waymo_5neighbor_context_laneaware_clean_v1_part_39_51/shards/shard_000003,1950,test
155117,32,/Users/liuqing/Projects/01_E2E_QA_Code/E2E-Evaluation/outputs/waymo_5neighbor_context_laneaware_clean_v1_part_39_51/shards/shard_000005,3846,test
19647,3,/Users/liuqing/Projects/01_E2E_QA_Code/E2E-Evaluation/outputs/waymo_5neighbor_context_laneaware_clean_v1_part_00_13/shards/shard_000003,4641,test
81488,16,/Users/liuqing/Projects/01_E2E_QA_Code/E2E-Evaluation/outputs/waymo_5neighbor_context_laneaware_clean_v1_part_13_26/shards/shard_000007,3767,test
883,0,/Users/liuqing/Projects/01_E2E_QA_Code/E2E-Evaluation/outputs/waymo_5neighbor_context_laneaware_clean_v1_part_00_13/shards/shard_000000,883,test
21369,4,/Users/liuqing/Projects/01_E2E_QA_Code/E2E-Evaluation/outputs/waymo_5neighbor_context_laneaware_clean_v1_part_00_13/shards/shard_000004,1363,test
49067,10,/Users/liuqing/Projects/01_E2E_QA_Code/E2E-Evaluation/outputs/waymo_5neighbor_context_laneaware_clean_v1_part_13_26/shards/shard_000001,1382,test
134637,28,/Users/liuqing/Projects/01_E2E_QA_Code/E2E-Evaluation/outputs/waymo_5neighbor_context_laneaware_clean_v1_part_39_51/shards/shard_000001,3386,test
7151,1,/Users/liuqing/Projects/01_E2E_QA_Code/E2E-Evaluation/outputs/waymo_5neighbor_context_laneaware_clean_v1_part_00_13/shards/shard_000001,2149,test
38843,7,/Users/liuqing/Projects/01_E2E_QA_Code/E2E-Evaluation/outputs/waymo_5neighbor_context_laneaware_clean_v1_part_00_13/shards/shard_000007,3824,test
54865,11,/Users/liuqing/Projects/01_E2E_QA_Code/E2E-Evaluation/outputs/waymo_5neighbor_context_laneaware_clean_v1_part_13_26/shards/shard_000002,2178,test
130397,27,/Users/liuqing/Projects/01_E2E_QA_Code/E2E-Evaluation/outputs/waymo_5neighbor_context_laneaware_clean_v1_part_39_51/shards/shard_000000,4147,test
33092,6,/Users/liuqing/Projects/01_E2E_QA_Code/E2E-Evaluation/outputs/waymo_5neighbor_context_laneaware_clean_v1_part_00_13/shards/shard_000006,3074,test
26648,5,/Users/liuqing/Projects/01_E2E_QA_Code/E2E-Evaluation/outputs/waymo_5neighbor_context_laneaware_clean_v1_part_00_13/shards/shard_000005,1631,test
82819,17,/Users/liuqing/Projects/01_E2E_QA_Code/E2E-Evaluation/outputs/waymo_5neighbor_context_laneaware_clean_v1_part_13_26/shards/shard_000008,89,test
133213,28,/Users/liuqing/Projects/01_E2E_QA_Code/E2E-Evaluation/outputs/waymo_5neighbor_context_laneaware_clean_v1_part_39_51/shards/shard_000001,1962,test
96279,20,/Users/liuqing/Projects/01_E2E_QA_Code/E2E-Evaluation/outputs/waymo_5neighbor_context_laneaware_clean_v1_part_26_39/shards/shard_000002,1852,test
26034,5,/Users/liuqing/Projects/01_E2E_QA_Code/E2E-Evaluation/outputs/waymo_5neighbor_context_laneaware_clean_v1_part_00_13/shards/shard_000005,1017,test
50886,10,/Users/liuqing/Projects/01_E2E_QA_Code/E2E-Evaluation/outputs/waymo_5neighbor_context_laneaware_clean_v1_part_13_26/shards/shard_000001,3201,test
134851,28,/Users/liuqing/Projects/01_E2E_QA_Code/E2E-Evaluation/outputs/waymo_5neighbor_context_laneaware_clean_v1_part_39_51/shards/shard_000001,3600,test
29538,5,/Users/liuqing/Projects/01_E2E_QA_Code/E2E-Evaluation/outputs/waymo_5neighbor_context_laneaware_clean_v1_part_00_13/shards/shard_000005,4521,test
150944,31,/Users/liuqing/Projects/01_E2E_QA_Code/E2E-Evaluation/outputs/waymo_5neighbor_context_laneaware_clean_v1_part_39_51/shards/shard_000004,4674,test
9360,1,/Users/liuqing/Projects/01_E2E_QA_Code/E2E-Evaluation/outputs/waymo_5neighbor_context_laneaware_clean_v1_part_00_13/shards/shard_000001,4358,test
89879,19,/Users/liuqing/Projects/01_E2E_QA_Code/E2E-Evaluation/outputs/waymo_5neighbor_context_laneaware_clean_v1_part_26_39/shards/shard_000001,452,test
77904,16,/Users/liuqing/Projects/01_E2E_QA_Code/E2E-Evaluation/outputs/waymo_5neighbor_context_laneaware_clean_v1_part_13_26/shards/shard_000007,183,test
116952,24,/Users/liuqing/Projects/01_E2E_QA_Code/E2E-Evaluation/outputs/waymo_5neighbor_context_laneaware_clean_v1_part_26_39/shards/shard_000006,2504,test
145522,30,/Users/liuqing/Projects/01_E2E_QA_Code/E2E-Evaluation/outputs/waymo_5neighbor_context_laneaware_clean_v1_part_39_51/shards/shard_000003,4253,test
127761,27,/Users/liuqing/Projects/01_E2E_QA_Code/E2E-Evaluation/outputs/waymo_5neighbor_context_laneaware_clean_v1_part_39_51/shards/shard_000000,1511,test
86508,18,/Users/liuqing/Projects/01_E2E_QA_Code/E2E-Evaluation/outputs/waymo_5neighbor_context_laneaware_clean_v1_part_26_39/shards/shard_000000,2085,test
7982,1,/Users/liuqing/Projects/01_E2E_QA_Code/E2E-Evaluation/outputs/waymo_5neighbor_context_laneaware_clean_v1_part_00_13/shards/shard_000001,2980,test
135998,28,/Users/liuqing/Projects/01_E2E_QA_Code/E2E-Evaluation/outputs/waymo_5neighbor_context_laneaware_clean_v1_part_39_51/shards/shard_000001,4747,test
73207,15,/Users/liuqing/Projects/01_E2E_QA_Code/E2E-Evaluation/outputs/waymo_5neighbor_context_laneaware_clean_v1_part_13_26/shards/shard_000006,486,test
102532,21,/Users/liuqing/Projects/01_E2E_QA_Code/E2E-Evaluation/outputs/waymo_5neighbor_context_laneaware_clean_v1_part_26_39/shards/shard_000003,3101,test
68790,14,/Users/liuqing/Projects/01_E2E_QA_Code/E2E-Evaluation/outputs/waymo_5neighbor_context_laneaware_clean_v1_part_13_26/shards/shard_000005,1080,test
19795,3,/Users/liuqing/Projects/01_E2E_QA_Code/E2E-Evaluation/outputs/waymo_5neighbor_context_laneaware_clean_v1_part_00_13/shards/shard_000003,4789,test
46676,9,/Users/liuqing/Projects/01_E2E_QA_Code/E2E-Evaluation/outputs/waymo_5neighbor_context_laneaware_clean_v1_part_13_26/shards/shard_000000,4004,test
2365,0,/Users/liuqing/Projects/01_E2E_QA_Code/E2E-Evaluation/outputs/waymo_5neighbor_context_laneaware_clean_v1_part_00_13/shards/shard_000000,2365,test
18994,3,/Users/liuqing/Projects/01_E2E_QA_Code/E2E-Evaluation/outputs/waymo_5neighbor_context_laneaware_clean_v1_part_00_13/shards/shard_000003,3988,test
47076,9,/Users/liuqing/Projects/01_E2E_QA_Code/E2E-Evaluation/outputs/waymo_5neighbor_context_laneaware_clean_v1_part_13_26/shards/shard_000000,4404,test
152760,32,/Users/liuqing/Projects/01_E2E_QA_Code/E2E-Evaluation/outputs/waymo_5neighbor_context_laneaware_clean_v1_part_39_51/shards/shard_000005,1489,test
142545,30,/Users/liuqing/Projects/01_E2E_QA_Code/E2E-Evaluation/outputs/waymo_5neighbor_context_laneaware_clean_v1_part_39_51/shards/shard_000003,1276,test
51564,10,/Users/liuqing/Projects/01_E2E_QA_Code/E2E-Evaluation/outputs/waymo_5neighbor_context_laneaware_clean_v1_part_13_26/shards/shard_000001,3879,test
60269,12,/Users/liuqing/Projects/01_E2E_QA_Code/E2E-Evaluation/outputs/waymo_5neighbor_context_laneaware_clean_v1_part_13_26/shards/shard_000003,2580,test
81337,16,/Users/liuqing/Projects/01_E2E_QA_Code/E2E-Evaluation/outputs/waymo_5neighbor_context_laneaware_clean_v1_part_13_26/shards/shard_000007,3616,test
105231,22,/Users/liuqing/Projects/01_E2E_QA_Code/E2E-Evaluation/outputs/waymo_5neighbor_context_laneaware_clean_v1_part_26_39/shards/shard_000004,799,test
66781,13,/Users/liuqing/Projects/01_E2E_QA_Code/E2E-Evaluation/outputs/waymo_5neighbor_context_laneaware_clean_v1_part_13_26/shards/shard_000004,4079,test
15108,3,/Users/liuqing/Projects/01_E2E_QA_Code/E2E-Evaluation/outputs/waymo_5neighbor_context_laneaware_clean_v1_part_00_13/shards/shard_000003,102,test
38763,7,/Users/liuqing/Projects/01_E2E_QA_Code/E2E-Evaluation/outputs/waymo_5neighbor_context_laneaware_clean_v1_part_00_13/shards/shard_000007,3744,test
26303,5,/Users/liuqing/Projects/01_E2E_QA_Code/E2E-Evaluation/outputs/waymo_5neighbor_context_laneaware_clean_v1_part_00_13/shards/shard_000005,1286,test
63159,13,/Users/liuqing/Projects/01_E2E_QA_Code/E2E-Evaluation/outputs/waymo_5neighbor_context_laneaware_clean_v1_part_13_26/shards/shard_000004,457,test
90754,19,/Users/liuqing/Projects/01_E2E_QA_Code/E2E-Evaluation/outputs/waymo_5neighbor_context_laneaware_clean_v1_part_26_39/shards/shard_000001,1327,test
66517,13,/Users/liuqing/Projects/01_E2E_QA_Code/E2E-Evaluation/outputs/waymo_5neighbor_context_laneaware_clean_v1_part_13_26/shards/shard_000004,3815,test
50890,10,/Users/liuqing/Projects/01_E2E_QA_Code/E2E-Evaluation/outputs/waymo_5neighbor_context_laneaware_clean_v1_part_13_26/shards/shard_000001,3205,test
33629,6,/Users/liuqing/Projects/01_E2E_QA_Code/E2E-Evaluation/outputs/waymo_5neighbor_context_laneaware_clean_v1_part_00_13/shards/shard_000006,3611,test
104096,21,/Users/liuqing/Projects/01_E2E_QA_Code/E2E-Evaluation/outputs/waymo_5neighbor_context_laneaware_clean_v1_part_26_39/shards/shard_000003,4665,test
97260,20,/Users/liuqing/Projects/01_E2E_QA_Code/E2E-Evaluation/outputs/waymo_5neighbor_context_laneaware_clean_v1_part_26_39/shards/shard_000002,2833,test
23374,4,/Users/liuqing/Projects/01_E2E_QA_Code/E2E-Evaluation/outputs/waymo_5neighbor_context_laneaware_clean_v1_part_00_13/shards/shard_000004,3368,test
158590,33,/Users/liuqing/Projects/01_E2E_QA_Code/E2E-Evaluation/outputs/waymo_5neighbor_context_laneaware_clean_v1_part_39_51/shards/shard_000006,2318,test
115336,24,/Users/liuqing/Projects/01_E2E_QA_Code/E2E-Evaluation/outputs/waymo_5neighbor_context_laneaware_clean_v1_part_26_39/shards/shard_000006,888,test
11995,2,/Users/liuqing/Projects/01_E2E_QA_Code/E2E-Evaluation/outputs/waymo_5neighbor_context_laneaware_clean_v1_part_00_13/shards/shard_000002,1989,test
27862,5,/Users/liuqing/Projects/01_E2E_QA_Code/E2E-Evaluation/outputs/waymo_5neighbor_context_laneaware_clean_v1_part_00_13/shards/shard_000005,2845,test
49680,10,/Users/liuqing/Projects/01_E2E_QA_Code/E2E-Evaluation/outputs/waymo_5neighbor_context_laneaware_clean_v1_part_13_26/shards/shard_000001,1995,test
109637,23,/Users/liuqing/Projects/01_E2E_QA_Code/E2E-Evaluation/outputs/waymo_5neighbor_context_laneaware_clean_v1_part_26_39/shards/shard_000005,198,test
145269,30,/Users/liuqing/Projects/01_E2E_QA_Code/E2E-Evaluation/outputs/waymo_5neighbor_context_laneaware_clean_v1_part_39_51/shards/shard_000003,4000,test
44025,9,/Users/liuqing/Projects/01_E2E_QA_Code/E2E-Evaluation/outputs/waymo_5neighbor_context_laneaware_clean_v1_part_13_26/shards/shard_000000,1353,test
26786,5,/Users/liuqing/Projects/01_E2E_QA_Code/E2E-Evaluation/outputs/waymo_5neighbor_context_laneaware_clean_v1_part_00_13/shards/shard_000005,1769,test
60971,12,/Users/liuqing/Projects/01_E2E_QA_Code/E2E-Evaluation/outputs/waymo_5neighbor_context_laneaware_clean_v1_part_13_26/shards/shard_000003,3282,test
21776,4,/Users/liuqing/Projects/01_E2E_QA_Code/E2E-Evaluation/outputs/waymo_5neighbor_context_laneaware_clean_v1_part_00_13/shards/shard_000004,1770,test
28112,5,/Users/liuqing/Projects/01_E2E_QA_Code/E2E-Evaluation/outputs/waymo_5neighbor_context_laneaware_clean_v1_part_00_13/shards/shard_000005,3095,test
34705,6,/Users/liuqing/Projects/01_E2E_QA_Code/E2E-Evaluation/outputs/waymo_5neighbor_context_laneaware_clean_v1_part_00_13/shards/shard_000006,4687,test
2890,0,/Users/liuqing/Projects/01_E2E_QA_Code/E2E-Evaluation/outputs/waymo_5neighbor_context_laneaware_clean_v1_part_00_13/shards/shard_000000,2890,test
8010,1,/Users/liuqing/Projects/01_E2E_QA_Code/E2E-Evaluation/outputs/waymo_5neighbor_context_laneaware_clean_v1_part_00_13/shards/shard_000001,3008,test
82939,17,/Users/liuqing/Projects/01_E2E_QA_Code/E2E-Evaluation/outputs/waymo_5neighbor_context_laneaware_clean_v1_part_13_26/shards/shard_000008,209,test
133274,28,/Users/liuqing/Projects/01_E2E_QA_Code/E2E-Evaluation/outputs/waymo_5neighbor_context_laneaware_clean_v1_part_39_51/shards/shard_000001,2023,test
112222,23,/Users/liuqing/Projects/01_E2E_QA_Code/E2E-Evaluation/outputs/waymo_5neighbor_context_laneaware_clean_v1_part_26_39/shards/shard_000005,2783,test
34700,6,/Users/liuqing/Projects/01_E2E_QA_Code/E2E-Evaluation/outputs/waymo_5neighbor_context_laneaware_clean_v1_part_00_13/shards/shard_000006,4682,test
105237,22,/Users/liuqing/Projects/01_E2E_QA_Code/E2E-Evaluation/outputs/waymo_5neighbor_context_laneaware_clean_v1_part_26_39/shards/shard_000004,805,test
3613,0,/Users/liuqing/Projects/01_E2E_QA_Code/E2E-Evaluation/outputs/waymo_5neighbor_context_laneaware_clean_v1_part_00_13/shards/shard_000000,3613,test
151554,32,/Users/liuqing/Projects/01_E2E_QA_Code/E2E-Evaluation/outputs/waymo_5neighbor_context_laneaware_clean_v1_part_39_51/shards/shard_000005,283,test
83243,17,/Users/liuqing/Projects/01_E2E_QA_Code/E2E-Evaluation/outputs/waymo_5neighbor_context_laneaware_clean_v1_part_13_26/shards/shard_000008,513,test
34694,6,/Users/liuqing/Projects/01_E2E_QA_Code/E2E-Evaluation/outputs/waymo_5neighbor_context_laneaware_clean_v1_part_00_13/shards/shard_000006,4676,test
20618,4,/Users/liuqing/Projects/01_E2E_QA_Code/E2E-Evaluation/outputs/waymo_5neighbor_context_laneaware_clean_v1_part_00_13/shards/shard_000004,612,test
95211,20,/Users/liuqing/Projects/01_E2E_QA_Code/E2E-Evaluation/outputs/waymo_5neighbor_context_laneaware_clean_v1_part_26_39/shards/shard_000002,784,test
13224,2,/Users/liuqing/Projects/01_E2E_QA_Code/E2E-Evaluation/outputs/waymo_5neighbor_context_laneaware_clean_v1_part_00_13/shards/shard_000002,3218,test
57668,11,/Users/liuqing/Projects/01_E2E_QA_Code/E2E-Evaluation/outputs/waymo_5neighbor_context_laneaware_clean_v1_part_13_26/shards/shard_000002,4981,test
87993,18,/Users/liuqing/Projects/01_E2E_QA_Code/E2E-Evaluation/outputs/waymo_5neighbor_context_laneaware_clean_v1_part_26_39/shards/shard_000000,3570,test
112321,23,/Users/liuqing/Projects/01_E2E_QA_Code/E2E-Evaluation/outputs/waymo_5neighbor_context_laneaware_clean_v1_part_26_39/shards/shard_000005,2882,test
54812,11,/Users/liuqing/Projects/01_E2E_QA_Code/E2E-Evaluation/outputs/waymo_5neighbor_context_laneaware_clean_v1_part_13_26/shards/shard_000002,2125,test
160560,33,/Users/liuqing/Projects/01_E2E_QA_Code/E2E-Evaluation/outputs/waymo_5neighbor_context_laneaware_clean_v1_part_39_51/shards/shard_000006,4288,test
127153,27,/Users/liuqing/Projects/01_E2E_QA_Code/E2E-Evaluation/outputs/waymo_5neighbor_context_laneaware_clean_v1_part_39_51/shards/shard_000000,903,test
87065,18,/Users/liuqing/Projects/01_E2E_QA_Code/E2E-Evaluation/outputs/waymo_5neighbor_context_laneaware_clean_v1_part_26_39/shards/shard_000000,2642,test
148366,31,/Users/liuqing/Projects/01_E2E_QA_Code/E2E-Evaluation/outputs/waymo_5neighbor_context_laneaware_clean_v1_part_39_51/shards/shard_000004,2096,test
62073,12,/Users/liuqing/Projects/01_E2E_QA_Code/E2E-Evaluation/outputs/waymo_5neighbor_context_laneaware_clean_v1_part_13_26/shards/shard_000003,4384,test
11547,2,/Users/liuqing/Projects/01_E2E_QA_Code/E2E-Evaluation/outputs/waymo_5neighbor_context_laneaware_clean_v1_part_00_13/shards/shard_000002,1541,test
80571,16,/Users/liuqing/Projects/01_E2E_QA_Code/E2E-Evaluation/outputs/waymo_5neighbor_context_laneaware_clean_v1_part_13_26/shards/shard_000007,2850,test
10410,2,/Users/liuqing/Projects/01_E2E_QA_Code/E2E-Evaluation/outputs/waymo_5neighbor_context_laneaware_clean_v1_part_00_13/shards/shard_000002,404,test
15439,3,/Users/liuqing/Projects/01_E2E_QA_Code/E2E-Evaluation/outputs/waymo_5neighbor_context_laneaware_clean_v1_part_00_13/shards/shard_000003,433,test
44905,9,/Users/liuqing/Projects/01_E2E_QA_Code/E2E-Evaluation/outputs/waymo_5neighbor_context_laneaware_clean_v1_part_13_26/shards/shard_000000,2233,test
31652,6,/Users/liuqing/Projects/01_E2E_QA_Code/E2E-Evaluation/outputs/waymo_5neighbor_context_laneaware_clean_v1_part_00_13/shards/shard_000006,1634,test
81867,16,/Users/liuqing/Projects/01_E2E_QA_Code/E2E-Evaluation/outputs/waymo_5neighbor_context_laneaware_clean_v1_part_13_26/shards/shard_000007,4146,test
99174,20,/Users/liuqing/Projects/01_E2E_QA_Code/E2E-Evaluation/outputs/waymo_5neighbor_context_laneaware_clean_v1_part_26_39/shards/shard_000002,4747,test
133263,28,/Users/liuqing/Projects/01_E2E_QA_Code/E2E-Evaluation/outputs/waymo_5neighbor_context_laneaware_clean_v1_part_39_51/shards/shard_000001,2012,test
109434,22,/Users/liuqing/Projects/01_E2E_QA_Code/E2E-Evaluation/outputs/waymo_5neighbor_context_laneaware_clean_v1_part_26_39/shards/shard_000004,5002,test
82433,16,/Users/liuqing/Projects/01_E2E_QA_Code/E2E-Evaluation/outputs/waymo_5neighbor_context_laneaware_clean_v1_part_13_26/shards/shard_000007,4712,test
75426,15,/Users/liuqing/Projects/01_E2E_QA_Code/E2E-Evaluation/outputs/waymo_5neighbor_context_laneaware_clean_v1_part_13_26/shards/shard_000006,2705,test
76987,15,/Users/liuqing/Projects/01_E2E_QA_Code/E2E-Evaluation/outputs/waymo_5neighbor_context_laneaware_clean_v1_part_13_26/shards/shard_000006,4266,test
146235,30,/Users/liuqing/Projects/01_E2E_QA_Code/E2E-Evaluation/outputs/waymo_5neighbor_context_laneaware_clean_v1_part_39_51/shards/shard_000003,4966,test
149267,31,/Users/liuqing/Projects/01_E2E_QA_Code/E2E-Evaluation/outputs/waymo_5neighbor_context_laneaware_clean_v1_part_39_51/shards/shard_000004,2997,test
150723,31,/Users/liuqing/Projects/01_E2E_QA_Code/E2E-Evaluation/outputs/waymo_5neighbor_context_laneaware_clean_v1_part_39_51/shards/shard_000004,4453,test
5070,1,/Users/liuqing/Projects/01_E2E_QA_Code/E2E-Evaluation/outputs/waymo_5neighbor_context_laneaware_clean_v1_part_00_13/shards/shard_000001,68,test
54637,11,/Users/liuqing/Projects/01_E2E_QA_Code/E2E-Evaluation/outputs/waymo_5neighbor_context_laneaware_clean_v1_part_13_26/shards/shard_000002,1950,test
132409,28,/Users/liuqing/Projects/01_E2E_QA_Code/E2E-Evaluation/outputs/waymo_5neighbor_context_laneaware_clean_v1_part_39_51/shards/shard_000001,1158,test
63555,13,/Users/liuqing/Projects/01_E2E_QA_Code/E2E-Evaluation/outputs/waymo_5neighbor_context_laneaware_clean_v1_part_13_26/shards/shard_000004,853,test
84966,18,/Users/liuqing/Projects/01_E2E_QA_Code/E2E-Evaluation/outputs/waymo_5neighbor_context_laneaware_clean_v1_part_26_39/shards/shard_000000,543,test
75636,15,/Users/liuqing/Projects/01_E2E_QA_Code/E2E-Evaluation/outputs/waymo_5neighbor_context_laneaware_clean_v1_part_13_26/shards/shard_000006,2915,test
36085,7,/Users/liuqing/Projects/01_E2E_QA_Code/E2E-Evaluation/outputs/waymo_5neighbor_context_laneaware_clean_v1_part_00_13/shards/shard_000007,1066,test
118304,24,/Users/liuqing/Projects/01_E2E_QA_Code/E2E-Evaluation/outputs/waymo_5neighbor_context_laneaware_clean_v1_part_26_39/shards/shard_000006,3856,test
147097,31,/Users/liuqing/Projects/01_E2E_QA_Code/E2E-Evaluation/outputs/waymo_5neighbor_context_laneaware_clean_v1_part_39_51/shards/shard_000004,827,test
13613,2,/Users/liuqing/Projects/01_E2E_QA_Code/E2E-Evaluation/outputs/waymo_5neighbor_context_laneaware_clean_v1_part_00_13/shards/shard_000002,3607,test
19913,3,/Users/liuqing/Projects/01_E2E_QA_Code/E2E-Evaluation/outputs/waymo_5neighbor_context_laneaware_clean_v1_part_00_13/shards/shard_000003,4907,test
36063,7,/Users/liuqing/Projects/01_E2E_QA_Code/E2E-Evaluation/outputs/waymo_5neighbor_context_laneaware_clean_v1_part_00_13/shards/shard_000007,1044,test
14876,2,/Users/liuqing/Projects/01_E2E_QA_Code/E2E-Evaluation/outputs/waymo_5neighbor_context_laneaware_clean_v1_part_00_13/shards/shard_000002,4870,test
99342,20,/Users/liuqing/Projects/01_E2E_QA_Code/E2E-Evaluation/outputs/waymo_5neighbor_context_laneaware_clean_v1_part_26_39/shards/shard_000002,4915,test
52429,10,/Users/liuqing/Projects/01_E2E_QA_Code/E2E-Evaluation/outputs/waymo_5neighbor_context_laneaware_clean_v1_part_13_26/shards/shard_000001,4744,test
39180,7,/Users/liuqing/Projects/01_E2E_QA_Code/E2E-Evaluation/outputs/waymo_5neighbor_context_laneaware_clean_v1_part_00_13/shards/shard_000007,4161,test
81683,16,/Users/liuqing/Projects/01_E2E_QA_Code/E2E-Evaluation/outputs/waymo_5neighbor_context_laneaware_clean_v1_part_13_26/shards/shard_000007,3962,test
66836,13,/Users/liuqing/Projects/01_E2E_QA_Code/E2E-Evaluation/outputs/waymo_5neighbor_context_laneaware_clean_v1_part_13_26/shards/shard_000004,4134,test
12542,2,/Users/liuqing/Projects/01_E2E_QA_Code/E2E-Evaluation/outputs/waymo_5neighbor_context_laneaware_clean_v1_part_00_13/shards/shard_000002,2536,test
122265,25,/Users/liuqing/Projects/01_E2E_QA_Code/E2E-Evaluation/outputs/waymo_5neighbor_context_laneaware_clean_v1_part_26_39/shards/shard_000007,2816,test
88207,18,/Users/liuqing/Projects/01_E2E_QA_Code/E2E-Evaluation/outputs/waymo_5neighbor_context_laneaware_clean_v1_part_26_39/shards/shard_000000,3784,test
36671,7,/Users/liuqing/Projects/01_E2E_QA_Code/E2E-Evaluation/outputs/waymo_5neighbor_context_laneaware_clean_v1_part_00_13/shards/shard_000007,1652,test
52435,10,/Users/liuqing/Projects/01_E2E_QA_Code/E2E-Evaluation/outputs/waymo_5neighbor_context_laneaware_clean_v1_part_13_26/shards/shard_000001,4750,test
137711,29,/Users/liuqing/Projects/01_E2E_QA_Code/E2E-Evaluation/outputs/waymo_5neighbor_context_laneaware_clean_v1_part_39_51/shards/shard_000002,1458,test
50053,10,/Users/liuqing/Projects/01_E2E_QA_Code/E2E-Evaluation/outputs/waymo_5neighbor_context_laneaware_clean_v1_part_13_26/shards/shard_000001,2368,test
33098,6,/Users/liuqing/Projects/01_E2E_QA_Code/E2E-Evaluation/outputs/waymo_5neighbor_context_laneaware_clean_v1_part_00_13/shards/shard_000006,3080,test
122236,25,/Users/liuqing/Projects/01_E2E_QA_Code/E2E-Evaluation/outputs/waymo_5neighbor_context_laneaware_clean_v1_part_26_39/shards/shard_000007,2787,test
38616,7,/Users/liuqing/Projects/01_E2E_QA_Code/E2E-Evaluation/outputs/waymo_5neighbor_context_laneaware_clean_v1_part_00_13/shards/shard_000007,3597,test
98633,20,/Users/liuqing/Projects/01_E2E_QA_Code/E2E-Evaluation/outputs/waymo_5neighbor_context_laneaware_clean_v1_part_26_39/shards/shard_000002,4206,test
27866,5,/Users/liuqing/Projects/01_E2E_QA_Code/E2E-Evaluation/outputs/waymo_5neighbor_context_laneaware_clean_v1_part_00_13/shards/shard_000005,2849,test
79075,16,/Users/liuqing/Projects/01_E2E_QA_Code/E2E-Evaluation/outputs/waymo_5neighbor_context_laneaware_clean_v1_part_13_26/shards/shard_000007,1354,test
18426,3,/Users/liuqing/Projects/01_E2E_QA_Code/E2E-Evaluation/outputs/waymo_5neighbor_context_laneaware_clean_v1_part_00_13/shards/shard_000003,3420,test
40829,8,/Users/liuqing/Projects/01_E2E_QA_Code/E2E-Evaluation/outputs/waymo_5neighbor_context_laneaware_clean_v1_part_00_13/shards/shard_000008,801,test
77437,15,/Users/liuqing/Projects/01_E2E_QA_Code/E2E-Evaluation/outputs/waymo_5neighbor_context_laneaware_clean_v1_part_13_26/shards/shard_000006,4716,test
10897,2,/Users/liuqing/Projects/01_E2E_QA_Code/E2E-Evaluation/outputs/waymo_5neighbor_context_laneaware_clean_v1_part_00_13/shards/shard_000002,891,test
153277,32,/Users/liuqing/Projects/01_E2E_QA_Code/E2E-Evaluation/outputs/waymo_5neighbor_context_laneaware_clean_v1_part_39_51/shards/shard_000005,2006,test
48523,10,/Users/liuqing/Projects/01_E2E_QA_Code/E2E-Evaluation/outputs/waymo_5neighbor_context_laneaware_clean_v1_part_13_26/shards/shard_000001,838,test
92401,19,/Users/liuqing/Projects/01_E2E_QA_Code/E2E-Evaluation/outputs/waymo_5neighbor_context_laneaware_clean_v1_part_26_39/shards/shard_000001,2974,test
114527,24,/Users/liuqing/Projects/01_E2E_QA_Code/E2E-Evaluation/outputs/waymo_5neighbor_context_laneaware_clean_v1_part_26_39/shards/shard_000006,79,test
30377,6,/Users/liuqing/Projects/01_E2E_QA_Code/E2E-Evaluation/outputs/waymo_5neighbor_context_laneaware_clean_v1_part_00_13/shards/shard_000006,359,test
47542,9,/Users/liuqing/Projects/01_E2E_QA_Code/E2E-Evaluation/outputs/waymo_5neighbor_context_laneaware_clean_v1_part_13_26/shards/shard_000000,4870,test
57462,11,/Users/liuqing/Projects/01_E2E_QA_Code/E2E-Evaluation/outputs/waymo_5neighbor_context_laneaware_clean_v1_part_13_26/shards/shard_000002,4775,test
23447,4,/Users/liuqing/Projects/01_E2E_QA_Code/E2E-Evaluation/outputs/waymo_5neighbor_context_laneaware_clean_v1_part_00_13/shards/shard_000004,3441,test
34708,6,/Users/liuqing/Projects/01_E2E_QA_Code/E2E-Evaluation/outputs/waymo_5neighbor_context_laneaware_clean_v1_part_00_13/shards/shard_000006,4690,test
98629,20,/Users/liuqing/Projects/01_E2E_QA_Code/E2E-Evaluation/outputs/waymo_5neighbor_context_laneaware_clean_v1_part_26_39/shards/shard_000002,4202,test
133282,28,/Users/liuqing/Projects/01_E2E_QA_Code/E2E-Evaluation/outputs/waymo_5neighbor_context_laneaware_clean_v1_part_39_51/shards/shard_000001,2031,test
94003,19,/Users/liuqing/Projects/01_E2E_QA_Code/E2E-Evaluation/outputs/waymo_5neighbor_context_laneaware_clean_v1_part_26_39/shards/shard_000001,4576,test
105597,22,/Users/liuqing/Projects/01_E2E_QA_Code/E2E-Evaluation/outputs/waymo_5neighbor_context_laneaware_clean_v1_part_26_39/shards/shard_000004,1165,test
74771,15,/Users/liuqing/Projects/01_E2E_QA_Code/E2E-Evaluation/outputs/waymo_5neighbor_context_laneaware_clean_v1_part_13_26/shards/shard_000006,2050,test
162360,34,/Users/liuqing/Projects/01_E2E_QA_Code/E2E-Evaluation/outputs/waymo_5neighbor_context_laneaware_clean_v1_part_39_51/shards/shard_000007,1080,test
13916,2,/Users/liuqing/Projects/01_E2E_QA_Code/E2E-Evaluation/outputs/waymo_5neighbor_context_laneaware_clean_v1_part_00_13/shards/shard_000002,3910,test
80067,16,/Users/liuqing/Projects/01_E2E_QA_Code/E2E-Evaluation/outputs/waymo_5neighbor_context_laneaware_clean_v1_part_13_26/shards/shard_000007,2346,test
43524,9,/Users/liuqing/Projects/01_E2E_QA_Code/E2E-Evaluation/outputs/waymo_5neighbor_context_laneaware_clean_v1_part_13_26/shards/shard_000000,852,test
157693,33,/Users/liuqing/Projects/01_E2E_QA_Code/E2E-Evaluation/outputs/waymo_5neighbor_context_laneaware_clean_v1_part_39_51/shards/shard_000006,1421,test
3584,0,/Users/liuqing/Projects/01_E2E_QA_Code/E2E-Evaluation/outputs/waymo_5neighbor_context_laneaware_clean_v1_part_00_13/shards/shard_000000,3584,test
545,0,/Users/liuqing/Projects/01_E2E_QA_Code/E2E-Evaluation/outputs/waymo_5neighbor_context_laneaware_clean_v1_part_00_13/shards/shard_000000,545,test
94000,19,/Users/liuqing/Projects/01_E2E_QA_Code/E2E-Evaluation/outputs/waymo_5neighbor_context_laneaware_clean_v1_part_26_39/shards/shard_000001,4573,test
75251,15,/Users/liuqing/Projects/01_E2E_QA_Code/E2E-Evaluation/outputs/waymo_5neighbor_context_laneaware_clean_v1_part_13_26/shards/shard_000006,2530,test
150172,31,/Users/liuqing/Projects/01_E2E_QA_Code/E2E-Evaluation/outputs/waymo_5neighbor_context_laneaware_clean_v1_part_39_51/shards/shard_000004,3902,test
27873,5,/Users/liuqing/Projects/01_E2E_QA_Code/E2E-Evaluation/outputs/waymo_5neighbor_context_laneaware_clean_v1_part_00_13/shards/shard_000005,2856,test
62188,12,/Users/liuqing/Projects/01_E2E_QA_Code/E2E-Evaluation/outputs/waymo_5neighbor_context_laneaware_clean_v1_part_13_26/shards/shard_000003,4499,test
5074,1,/Users/liuqing/Projects/01_E2E_QA_Code/E2E-Evaluation/outputs/waymo_5neighbor_context_laneaware_clean_v1_part_00_13/shards/shard_000001,72,test
51059,10,/Users/liuqing/Projects/01_E2E_QA_Code/E2E-Evaluation/outputs/waymo_5neighbor_context_laneaware_clean_v1_part_13_26/shards/shard_000001,3374,test
4322,0,/Users/liuqing/Projects/01_E2E_QA_Code/E2E-Evaluation/outputs/waymo_5neighbor_context_laneaware_clean_v1_part_00_13/shards/shard_000000,4322,test
148365,31,/Users/liuqing/Projects/01_E2E_QA_Code/E2E-Evaluation/outputs/waymo_5neighbor_context_laneaware_clean_v1_part_39_51/shards/shard_000004,2095,test
70531,14,/Users/liuqing/Projects/01_E2E_QA_Code/E2E-Evaluation/outputs/waymo_5neighbor_context_laneaware_clean_v1_part_13_26/shards/shard_000005,2821,test
27388,5,/Users/liuqing/Projects/01_E2E_QA_Code/E2E-Evaluation/outputs/waymo_5neighbor_context_laneaware_clean_v1_part_00_13/shards/shard_000005,2371,test
3391,0,/Users/liuqing/Projects/01_E2E_QA_Code/E2E-Evaluation/outputs/waymo_5neighbor_context_laneaware_clean_v1_part_00_13/shards/shard_000000,3391,test
144146,30,/Users/liuqing/Projects/01_E2E_QA_Code/E2E-Evaluation/outputs/waymo_5neighbor_context_laneaware_clean_v1_part_39_51/shards/shard_000003,2877,test
48521,10,/Users/liuqing/Projects/01_E2E_QA_Code/E2E-Evaluation/outputs/waymo_5neighbor_context_laneaware_clean_v1_part_13_26/shards/shard_000001,836,test
54158,11,/Users/liuqing/Projects/01_E2E_QA_Code/E2E-Evaluation/outputs/waymo_5neighbor_context_laneaware_clean_v1_part_13_26/shards/shard_000002,1471,test
141709,30,/Users/liuqing/Projects/01_E2E_QA_Code/E2E-Evaluation/outputs/waymo_5neighbor_context_laneaware_clean_v1_part_39_51/shards/shard_000003,440,test
98682,20,/Users/liuqing/Projects/01_E2E_QA_Code/E2E-Evaluation/outputs/waymo_5neighbor_context_laneaware_clean_v1_part_26_39/shards/shard_000002,4255,test
33672,6,/Users/liuqing/Projects/01_E2E_QA_Code/E2E-Evaluation/outputs/waymo_5neighbor_context_laneaware_clean_v1_part_00_13/shards/shard_000006,3654,test
61949,12,/Users/liuqing/Projects/01_E2E_QA_Code/E2E-Evaluation/outputs/waymo_5neighbor_context_laneaware_clean_v1_part_13_26/shards/shard_000003,4260,test
159758,33,/Users/liuqing/Projects/01_E2E_QA_Code/E2E-Evaluation/outputs/waymo_5neighbor_context_laneaware_clean_v1_part_39_51/shards/shard_000006,3486,test
134848,28,/Users/liuqing/Projects/01_E2E_QA_Code/E2E-Evaluation/outputs/waymo_5neighbor_context_laneaware_clean_v1_part_39_51/shards/shard_000001,3597,test
33104,6,/Users/liuqing/Projects/01_E2E_QA_Code/E2E-Evaluation/outputs/waymo_5neighbor_context_laneaware_clean_v1_part_00_13/shards/shard_000006,3086,test
4509,0,/Users/liuqing/Projects/01_E2E_QA_Code/E2E-Evaluation/outputs/waymo_5neighbor_context_laneaware_clean_v1_part_00_13/shards/shard_000000,4509,test
71574,14,/Users/liuqing/Projects/01_E2E_QA_Code/E2E-Evaluation/outputs/waymo_5neighbor_context_laneaware_clean_v1_part_13_26/shards/shard_000005,3864,test
140998,29,/Users/liuqing/Projects/01_E2E_QA_Code/E2E-Evaluation/outputs/waymo_5neighbor_context_laneaware_clean_v1_part_39_51/shards/shard_000002,4745,test
46491,9,/Users/liuqing/Projects/01_E2E_QA_Code/E2E-Evaluation/outputs/waymo_5neighbor_context_laneaware_clean_v1_part_13_26/shards/shard_000000,3819,test
149108,31,/Users/liuqing/Projects/01_E2E_QA_Code/E2E-Evaluation/outputs/waymo_5neighbor_context_laneaware_clean_v1_part_39_51/shards/shard_000004,2838,test
113509,23,/Users/liuqing/Projects/01_E2E_QA_Code/E2E-Evaluation/outputs/waymo_5neighbor_context_laneaware_clean_v1_part_26_39/shards/shard_000005,4070,test
15146,3,/Users/liuqing/Projects/01_E2E_QA_Code/E2E-Evaluation/outputs/waymo_5neighbor_context_laneaware_clean_v1_part_00_13/shards/shard_000003,140,test
132811,28,/Users/liuqing/Projects/01_E2E_QA_Code/E2E-Evaluation/outputs/waymo_5neighbor_context_laneaware_clean_v1_part_39_51/shards/shard_000001,1560,test
163833,34,/Users/liuqing/Projects/01_E2E_QA_Code/E2E-Evaluation/outputs/waymo_5neighbor_context_laneaware_clean_v1_part_39_51/shards/shard_000007,2553,test
17091,3,/Users/liuqing/Projects/01_E2E_QA_Code/E2E-Evaluation/outputs/waymo_5neighbor_context_laneaware_clean_v1_part_00_13/shards/shard_000003,2085,test
143103,30,/Users/liuqing/Projects/01_E2E_QA_Code/E2E-Evaluation/outputs/waymo_5neighbor_context_laneaware_clean_v1_part_39_51/shards/shard_000003,1834,test
146186,30,/Users/liuqing/Projects/01_E2E_QA_Code/E2E-Evaluation/outputs/waymo_5neighbor_context_laneaware_clean_v1_part_39_51/shards/shard_000003,4917,test
14167,2,/Users/liuqing/Projects/01_E2E_QA_Code/E2E-Evaluation/outputs/waymo_5neighbor_context_laneaware_clean_v1_part_00_13/shards/shard_000002,4161,test
119478,25,/Users/liuqing/Projects/01_E2E_QA_Code/E2E-Evaluation/outputs/waymo_5neighbor_context_laneaware_clean_v1_part_26_39/shards/shard_000007,29,test
136305,29,/Users/liuqing/Projects/01_E2E_QA_Code/E2E-Evaluation/outputs/waymo_5neighbor_context_laneaware_clean_v1_part_39_51/shards/shard_000002,52,test
52434,10,/Users/liuqing/Projects/01_E2E_QA_Code/E2E-Evaluation/outputs/waymo_5neighbor_context_laneaware_clean_v1_part_13_26/shards/shard_000001,4749,test
95531,20,/Users/liuqing/Projects/01_E2E_QA_Code/E2E-Evaluation/outputs/waymo_5neighbor_context_laneaware_clean_v1_part_26_39/shards/shard_000002,1104,test
83284,17,/Users/liuqing/Projects/01_E2E_QA_Code/E2E-Evaluation/outputs/waymo_5neighbor_context_laneaware_clean_v1_part_13_26/shards/shard_000008,554,test
6658,1,/Users/liuqing/Projects/01_E2E_QA_Code/E2E-Evaluation/outputs/waymo_5neighbor_context_laneaware_clean_v1_part_00_13/shards/shard_000001,1656,test
84939,18,/Users/liuqing/Projects/01_E2E_QA_Code/E2E-Evaluation/outputs/waymo_5neighbor_context_laneaware_clean_v1_part_26_39/shards/shard_000000,516,test
14313,2,/Users/liuqing/Projects/01_E2E_QA_Code/E2E-Evaluation/outputs/waymo_5neighbor_context_laneaware_clean_v1_part_00_13/shards/shard_000002,4307,test
19911,3,/Users/liuqing/Projects/01_E2E_QA_Code/E2E-Evaluation/outputs/waymo_5neighbor_context_laneaware_clean_v1_part_00_13/shards/shard_000003,4905,test
70637,14,/Users/liuqing/Projects/01_E2E_QA_Code/E2E-Evaluation/outputs/waymo_5neighbor_context_laneaware_clean_v1_part_13_26/shards/shard_000005,2927,test
14318,2,/Users/liuqing/Projects/01_E2E_QA_Code/E2E-Evaluation/outputs/waymo_5neighbor_context_laneaware_clean_v1_part_00_13/shards/shard_000002,4312,test
46668,9,/Users/liuqing/Projects/01_E2E_QA_Code/E2E-Evaluation/outputs/waymo_5neighbor_context_laneaware_clean_v1_part_13_26/shards/shard_000000,3996,test
69949,14,/Users/liuqing/Projects/01_E2E_QA_Code/E2E-Evaluation/outputs/waymo_5neighbor_context_laneaware_clean_v1_part_13_26/shards/shard_000005,2239,test
13702,2,/Users/liuqing/Projects/01_E2E_QA_Code/E2E-Evaluation/outputs/waymo_5neighbor_context_laneaware_clean_v1_part_00_13/shards/shard_000002,3696,test
162276,34,/Users/liuqing/Projects/01_E2E_QA_Code/E2E-Evaluation/outputs/waymo_5neighbor_context_laneaware_clean_v1_part_39_51/shards/shard_000007,996,test
62663,12,/Users/liuqing/Projects/01_E2E_QA_Code/E2E-Evaluation/outputs/waymo_5neighbor_context_laneaware_clean_v1_part_13_26/shards/shard_000003,4974,test
2125,0,/Users/liuqing/Projects/01_E2E_QA_Code/E2E-Evaluation/outputs/waymo_5neighbor_context_laneaware_clean_v1_part_00_13/shards/shard_000000,2125,test
109264,22,/Users/liuqing/Projects/01_E2E_QA_Code/E2E-Evaluation/outputs/waymo_5neighbor_context_laneaware_clean_v1_part_26_39/shards/shard_000004,4832,test
66782,13,/Users/liuqing/Projects/01_E2E_QA_Code/E2E-Evaluation/outputs/waymo_5neighbor_context_laneaware_clean_v1_part_13_26/shards/shard_000004,4080,test
159874,33,/Users/liuqing/Projects/01_E2E_QA_Code/E2E-Evaluation/outputs/waymo_5neighbor_context_laneaware_clean_v1_part_39_51/shards/shard_000006,3602,test
84621,18,/Users/liuqing/Projects/01_E2E_QA_Code/E2E-Evaluation/outputs/waymo_5neighbor_context_laneaware_clean_v1_part_26_39/shards/shard_000000,198,test
48634,10,/Users/liuqing/Projects/01_E2E_QA_Code/E2E-Evaluation/outputs/waymo_5neighbor_context_laneaware_clean_v1_part_13_26/shards/shard_000001,949,test
6643,1,/Users/liuqing/Projects/01_E2E_QA_Code/E2E-Evaluation/outputs/waymo_5neighbor_context_laneaware_clean_v1_part_00_13/shards/shard_000001,1641,test
13222,2,/Users/liuqing/Projects/01_E2E_QA_Code/E2E-Evaluation/outputs/waymo_5neighbor_context_laneaware_clean_v1_part_00_13/shards/shard_000002,3216,test
164405,34,/Users/liuqing/Projects/01_E2E_QA_Code/E2E-Evaluation/outputs/waymo_5neighbor_context_laneaware_clean_v1_part_39_51/shards/shard_000007,3125,test
102620,21,/Users/liuqing/Projects/01_E2E_QA_Code/E2E-Evaluation/outputs/waymo_5neighbor_context_laneaware_clean_v1_part_26_39/shards/shard_000003,3189,test
30044,6,/Users/liuqing/Projects/01_E2E_QA_Code/E2E-Evaluation/outputs/waymo_5neighbor_context_laneaware_clean_v1_part_00_13/shards/shard_000006,26,test
138423,29,/Users/liuqing/Projects/01_E2E_QA_Code/E2E-Evaluation/outputs/waymo_5neighbor_context_laneaware_clean_v1_part_39_51/shards/shard_000002,2170,test
11652,2,/Users/liuqing/Projects/01_E2E_QA_Code/E2E-Evaluation/outputs/waymo_5neighbor_context_laneaware_clean_v1_part_00_13/shards/shard_000002,1646,test
36088,7,/Users/liuqing/Projects/01_E2E_QA_Code/E2E-Evaluation/outputs/waymo_5neighbor_context_laneaware_clean_v1_part_00_13/shards/shard_000007,1069,test
44904,9,/Users/liuqing/Projects/01_E2E_QA_Code/E2E-Evaluation/outputs/waymo_5neighbor_context_laneaware_clean_v1_part_13_26/shards/shard_000000,2232,test
46664,9,/Users/liuqing/Projects/01_E2E_QA_Code/E2E-Evaluation/outputs/waymo_5neighbor_context_laneaware_clean_v1_part_13_26/shards/shard_000000,3992,test
42065,8,/Users/liuqing/Projects/01_E2E_QA_Code/E2E-Evaluation/outputs/waymo_5neighbor_context_laneaware_clean_v1_part_00_13/shards/shard_000008,2037,test
142541,30,/Users/liuqing/Projects/01_E2E_QA_Code/E2E-Evaluation/outputs/waymo_5neighbor_context_laneaware_clean_v1_part_39_51/shards/shard_000003,1272,test
84114,17,/Users/liuqing/Projects/01_E2E_QA_Code/E2E-Evaluation/outputs/waymo_5neighbor_context_laneaware_clean_v1_part_13_26/shards/shard_000008,1384,test
81493,16,/Users/liuqing/Projects/01_E2E_QA_Code/E2E-Evaluation/outputs/waymo_5neighbor_context_laneaware_clean_v1_part_13_26/shards/shard_000007,3772,test
52392,10,/Users/liuqing/Projects/01_E2E_QA_Code/E2E-Evaluation/outputs/waymo_5neighbor_context_laneaware_clean_v1_part_13_26/shards/shard_000001,4707,test
133143,28,/Users/liuqing/Projects/01_E2E_QA_Code/E2E-Evaluation/outputs/waymo_5neighbor_context_laneaware_clean_v1_part_39_51/shards/shard_000001,1892,test
43522,9,/Users/liuqing/Projects/01_E2E_QA_Code/E2E-Evaluation/outputs/waymo_5neighbor_context_laneaware_clean_v1_part_13_26/shards/shard_000000,850,test
27876,5,/Users/liuqing/Projects/01_E2E_QA_Code/E2E-Evaluation/outputs/waymo_5neighbor_context_laneaware_clean_v1_part_00_13/shards/shard_000005,2859,test
11085,2,/Users/liuqing/Projects/01_E2E_QA_Code/E2E-Evaluation/outputs/waymo_5neighbor_context_laneaware_clean_v1_part_00_13/shards/shard_000002,1079,test
105497,22,/Users/liuqing/Projects/01_E2E_QA_Code/E2E-Evaluation/outputs/waymo_5neighbor_context_laneaware_clean_v1_part_26_39/shards/shard_000004,1065,test
113685,23,/Users/liuqing/Projects/01_E2E_QA_Code/E2E-Evaluation/outputs/waymo_5neighbor_context_laneaware_clean_v1_part_26_39/shards/shard_000005,4246,test
124757,26,/Users/liuqing/Projects/01_E2E_QA_Code/E2E-Evaluation/outputs/waymo_5neighbor_context_laneaware_clean_v1_part_26_39/shards/shard_000008,304,test
133270,28,/Users/liuqing/Projects/01_E2E_QA_Code/E2E-Evaluation/outputs/waymo_5neighbor_context_laneaware_clean_v1_part_39_51/shards/shard_000001,2019,test
60977,12,/Users/liuqing/Projects/01_E2E_QA_Code/E2E-Evaluation/outputs/waymo_5neighbor_context_laneaware_clean_v1_part_13_26/shards/shard_000003,3288,test
40826,8,/Users/liuqing/Projects/01_E2E_QA_Code/E2E-Evaluation/outputs/waymo_5neighbor_context_laneaware_clean_v1_part_00_13/shards/shard_000008,798,test
147740,31,/Users/liuqing/Projects/01_E2E_QA_Code/E2E-Evaluation/outputs/waymo_5neighbor_context_laneaware_clean_v1_part_39_51/shards/shard_000004,1470,test
11996,2,/Users/liuqing/Projects/01_E2E_QA_Code/E2E-Evaluation/outputs/waymo_5neighbor_context_laneaware_clean_v1_part_00_13/shards/shard_000002,1990,test
47012,9,/Users/liuqing/Projects/01_E2E_QA_Code/E2E-Evaluation/outputs/waymo_5neighbor_context_laneaware_clean_v1_part_13_26/shards/shard_000000,4340,test
133127,28,/Users/liuqing/Projects/01_E2E_QA_Code/E2E-Evaluation/outputs/waymo_5neighbor_context_laneaware_clean_v1_part_39_51/shards/shard_000001,1876,test
113515,23,/Users/liuqing/Projects/01_E2E_QA_Code/E2E-Evaluation/outputs/waymo_5neighbor_context_laneaware_clean_v1_part_26_39/shards/shard_000005,4076,test
60585,12,/Users/liuqing/Projects/01_E2E_QA_Code/E2E-Evaluation/outputs/waymo_5neighbor_context_laneaware_clean_v1_part_13_26/shards/shard_000003,2896,test
81489,16,/Users/liuqing/Projects/01_E2E_QA_Code/E2E-Evaluation/outputs/waymo_5neighbor_context_laneaware_clean_v1_part_13_26/shards/shard_000007,3768,test
76785,15,/Users/liuqing/Projects/01_E2E_QA_Code/E2E-Evaluation/outputs/waymo_5neighbor_context_laneaware_clean_v1_part_13_26/shards/shard_000006,4064,test
8619,1,/Users/liuqing/Projects/01_E2E_QA_Code/E2E-Evaluation/outputs/waymo_5neighbor_context_laneaware_clean_v1_part_00_13/shards/shard_000001,3617,test
148359,31,/Users/liuqing/Projects/01_E2E_QA_Code/E2E-Evaluation/outputs/waymo_5neighbor_context_laneaware_clean_v1_part_39_51/shards/shard_000004,2089,test
31314,6,/Users/liuqing/Projects/01_E2E_QA_Code/E2E-Evaluation/outputs/waymo_5neighbor_context_laneaware_clean_v1_part_00_13/shards/shard_000006,1296,test
141019,29,/Users/liuqing/Projects/01_E2E_QA_Code/E2E-Evaluation/outputs/waymo_5neighbor_context_laneaware_clean_v1_part_39_51/shards/shard_000002,4766,test
80575,16,/Users/liuqing/Projects/01_E2E_QA_Code/E2E-Evaluation/outputs/waymo_5neighbor_context_laneaware_clean_v1_part_13_26/shards/shard_000007,2854,test
87070,18,/Users/liuqing/Projects/01_E2E_QA_Code/E2E-Evaluation/outputs/waymo_5neighbor_context_laneaware_clean_v1_part_26_39/shards/shard_000000,2647,test
134918,28,/Users/liuqing/Projects/01_E2E_QA_Code/E2E-Evaluation/outputs/waymo_5neighbor_context_laneaware_clean_v1_part_39_51/shards/shard_000001,3667,test
100027,21,/Users/liuqing/Projects/01_E2E_QA_Code/E2E-Evaluation/outputs/waymo_5neighbor_context_laneaware_clean_v1_part_26_39/shards/shard_000003,596,test
23764,4,/Users/liuqing/Projects/01_E2E_QA_Code/E2E-Evaluation/outputs/waymo_5neighbor_context_laneaware_clean_v1_part_00_13/shards/shard_000004,3758,test
88170,18,/Users/liuqing/Projects/01_E2E_QA_Code/E2E-Evaluation/outputs/waymo_5neighbor_context_laneaware_clean_v1_part_26_39/shards/shard_000000,3747,test
126345,27,/Users/liuqing/Projects/01_E2E_QA_Code/E2E-Evaluation/outputs/waymo_5neighbor_context_laneaware_clean_v1_part_39_51/shards/shard_000000,95,test
149975,31,/Users/liuqing/Projects/01_E2E_QA_Code/E2E-Evaluation/outputs/waymo_5neighbor_context_laneaware_clean_v1_part_39_51/shards/shard_000004,3705,test
159290,33,/Users/liuqing/Projects/01_E2E_QA_Code/E2E-Evaluation/outputs/waymo_5neighbor_context_laneaware_clean_v1_part_39_51/shards/shard_000006,3018,test
140169,29,/Users/liuqing/Projects/01_E2E_QA_Code/E2E-Evaluation/outputs/waymo_5neighbor_context_laneaware_clean_v1_part_39_51/shards/shard_000002,3916,test
10894,2,/Users/liuqing/Projects/01_E2E_QA_Code/E2E-Evaluation/outputs/waymo_5neighbor_context_laneaware_clean_v1_part_00_13/shards/shard_000002,888,test
155238,32,/Users/liuqing/Projects/01_E2E_QA_Code/E2E-Evaluation/outputs/waymo_5neighbor_context_laneaware_clean_v1_part_39_51/shards/shard_000005,3967,test
128320,27,/Users/liuqing/Projects/01_E2E_QA_Code/E2E-Evaluation/outputs/waymo_5neighbor_context_laneaware_clean_v1_part_39_51/shards/shard_000000,2070,test
158822,33,/Users/liuqing/Projects/01_E2E_QA_Code/E2E-Evaluation/outputs/waymo_5neighbor_context_laneaware_clean_v1_part_39_51/shards/shard_000006,2550,test
26483,5,/Users/liuqing/Projects/01_E2E_QA_Code/E2E-Evaluation/outputs/waymo_5neighbor_context_laneaware_clean_v1_part_00_13/shards/shard_000005,1466,test
94001,19,/Users/liuqing/Projects/01_E2E_QA_Code/E2E-Evaluation/outputs/waymo_5neighbor_context_laneaware_clean_v1_part_26_39/shards/shard_000001,4574,test
87816,18,/Users/liuqing/Projects/01_E2E_QA_Code/E2E-Evaluation/outputs/waymo_5neighbor_context_laneaware_clean_v1_part_26_39/shards/shard_000000,3393,test
56224,11,/Users/liuqing/Projects/01_E2E_QA_Code/E2E-Evaluation/outputs/waymo_5neighbor_context_laneaware_clean_v1_part_13_26/shards/shard_000002,3537,test
146611,31,/Users/liuqing/Projects/01_E2E_QA_Code/E2E-Evaluation/outputs/waymo_5neighbor_context_laneaware_clean_v1_part_39_51/shards/shard_000004,341,test
5076,1,/Users/liuqing/Projects/01_E2E_QA_Code/E2E-Evaluation/outputs/waymo_5neighbor_context_laneaware_clean_v1_part_00_13/shards/shard_000001,74,test
9887,1,/Users/liuqing/Projects/01_E2E_QA_Code/E2E-Evaluation/outputs/waymo_5neighbor_context_laneaware_clean_v1_part_00_13/shards/shard_000001,4885,test
74769,15,/Users/liuqing/Projects/01_E2E_QA_Code/E2E-Evaluation/outputs/waymo_5neighbor_context_laneaware_clean_v1_part_13_26/shards/shard_000006,2048,test
57670,11,/Users/liuqing/Projects/01_E2E_QA_Code/E2E-Evaluation/outputs/waymo_5neighbor_context_laneaware_clean_v1_part_13_26/shards/shard_000002,4983,test
131491,28,/Users/liuqing/Projects/01_E2E_QA_Code/E2E-Evaluation/outputs/waymo_5neighbor_context_laneaware_clean_v1_part_39_51/shards/shard_000001,240,test
75630,15,/Users/liuqing/Projects/01_E2E_QA_Code/E2E-Evaluation/outputs/waymo_5neighbor_context_laneaware_clean_v1_part_13_26/shards/shard_000006,2909,test
132820,28,/Users/liuqing/Projects/01_E2E_QA_Code/E2E-Evaluation/outputs/waymo_5neighbor_context_laneaware_clean_v1_part_39_51/shards/shard_000001,1569,test
132774,28,/Users/liuqing/Projects/01_E2E_QA_Code/E2E-Evaluation/outputs/waymo_5neighbor_context_laneaware_clean_v1_part_39_51/shards/shard_000001,1523,test
105513,22,/Users/liuqing/Projects/01_E2E_QA_Code/E2E-Evaluation/outputs/waymo_5neighbor_context_laneaware_clean_v1_part_26_39/shards/shard_000004,1081,test
140882,29,/Users/liuqing/Projects/01_E2E_QA_Code/E2E-Evaluation/outputs/waymo_5neighbor_context_laneaware_clean_v1_part_39_51/shards/shard_000002,4629,test
97257,20,/Users/liuqing/Projects/01_E2E_QA_Code/E2E-Evaluation/outputs/waymo_5neighbor_context_laneaware_clean_v1_part_26_39/shards/shard_000002,2830,test
59081,12,/Users/liuqing/Projects/01_E2E_QA_Code/E2E-Evaluation/outputs/waymo_5neighbor_context_laneaware_clean_v1_part_13_26/shards/shard_000003,1392,test
66786,13,/Users/liuqing/Projects/01_E2E_QA_Code/E2E-Evaluation/outputs/waymo_5neighbor_context_laneaware_clean_v1_part_13_26/shards/shard_000004,4084,test
31733,6,/Users/liuqing/Projects/01_E2E_QA_Code/E2E-Evaluation/outputs/waymo_5neighbor_context_laneaware_clean_v1_part_00_13/shards/shard_000006,1715,test
88205,18,/Users/liuqing/Projects/01_E2E_QA_Code/E2E-Evaluation/outputs/waymo_5neighbor_context_laneaware_clean_v1_part_26_39/shards/shard_000000,3782,test
25239,5,/Users/liuqing/Projects/01_E2E_QA_Code/E2E-Evaluation/outputs/waymo_5neighbor_context_laneaware_clean_v1_part_00_13/shards/shard_000005,222,test
127143,27,/Users/liuqing/Projects/01_E2E_QA_Code/E2E-Evaluation/outputs/waymo_5neighbor_context_laneaware_clean_v1_part_39_51/shards/shard_000000,893,test
154252,32,/Users/liuqing/Projects/01_E2E_QA_Code/E2E-Evaluation/outputs/waymo_5neighbor_context_laneaware_clean_v1_part_39_51/shards/shard_000005,2981,test
40310,8,/Users/liuqing/Projects/01_E2E_QA_Code/E2E-Evaluation/outputs/waymo_5neighbor_context_laneaware_clean_v1_part_00_13/shards/shard_000008,282,test
64420,13,/Users/liuqing/Projects/01_E2E_QA_Code/E2E-Evaluation/outputs/waymo_5neighbor_context_laneaware_clean_v1_part_13_26/shards/shard_000004,1718,test
75503,15,/Users/liuqing/Projects/01_E2E_QA_Code/E2E-Evaluation/outputs/waymo_5neighbor_context_laneaware_clean_v1_part_13_26/shards/shard_000006,2782,test
127135,27,/Users/liuqing/Projects/01_E2E_QA_Code/E2E-Evaluation/outputs/waymo_5neighbor_context_laneaware_clean_v1_part_39_51/shards/shard_000000,885,test
98758,20,/Users/liuqing/Projects/01_E2E_QA_Code/E2E-Evaluation/outputs/waymo_5neighbor_context_laneaware_clean_v1_part_26_39/shards/shard_000002,4331,test
42283,8,/Users/liuqing/Projects/01_E2E_QA_Code/E2E-Evaluation/outputs/waymo_5neighbor_context_laneaware_clean_v1_part_00_13/shards/shard_000008,2255,test
103683,21,/Users/liuqing/Projects/01_E2E_QA_Code/E2E-Evaluation/outputs/waymo_5neighbor_context_laneaware_clean_v1_part_26_39/shards/shard_000003,4252,test
62659,12,/Users/liuqing/Projects/01_E2E_QA_Code/E2E-Evaluation/outputs/waymo_5neighbor_context_laneaware_clean_v1_part_13_26/shards/shard_000003,4970,test
73937,15,/Users/liuqing/Projects/01_E2E_QA_Code/E2E-Evaluation/outputs/waymo_5neighbor_context_laneaware_clean_v1_part_13_26/shards/shard_000006,1216,test
87822,18,/Users/liuqing/Projects/01_E2E_QA_Code/E2E-Evaluation/outputs/waymo_5neighbor_context_laneaware_clean_v1_part_26_39/shards/shard_000000,3399,test
131383,28,/Users/liuqing/Projects/01_E2E_QA_Code/E2E-Evaluation/outputs/waymo_5neighbor_context_laneaware_clean_v1_part_39_51/shards/shard_000001,132,test
60751,12,/Users/liuqing/Projects/01_E2E_QA_Code/E2E-Evaluation/outputs/waymo_5neighbor_context_laneaware_clean_v1_part_13_26/shards/shard_000003,3062,test
167,0,/Users/liuqing/Projects/01_E2E_QA_Code/E2E-Evaluation/outputs/waymo_5neighbor_context_laneaware_clean_v1_part_00_13/shards/shard_000000,167,test
19890,3,/Users/liuqing/Projects/01_E2E_QA_Code/E2E-Evaluation/outputs/waymo_5neighbor_context_laneaware_clean_v1_part_00_13/shards/shard_000003,4884,test
153124,32,/Users/liuqing/Projects/01_E2E_QA_Code/E2E-Evaluation/outputs/waymo_5neighbor_context_laneaware_clean_v1_part_39_51/shards/shard_000005,1853,test
106199,22,/Users/liuqing/Projects/01_E2E_QA_Code/E2E-Evaluation/outputs/waymo_5neighbor_context_laneaware_clean_v1_part_26_39/shards/shard_000004,1767,test
14171,2,/Users/liuqing/Projects/01_E2E_QA_Code/E2E-Evaluation/outputs/waymo_5neighbor_context_laneaware_clean_v1_part_00_13/shards/shard_000002,4165,test
92415,19,/Users/liuqing/Projects/01_E2E_QA_Code/E2E-Evaluation/outputs/waymo_5neighbor_context_laneaware_clean_v1_part_26_39/shards/shard_000001,2988,test
150718,31,/Users/liuqing/Projects/01_E2E_QA_Code/E2E-Evaluation/outputs/waymo_5neighbor_context_laneaware_clean_v1_part_39_51/shards/shard_000004,4448,test
56357,11,/Users/liuqing/Projects/01_E2E_QA_Code/E2E-Evaluation/outputs/waymo_5neighbor_context_laneaware_clean_v1_part_13_26/shards/shard_000002,3670,test
47553,9,/Users/liuqing/Projects/01_E2E_QA_Code/E2E-Evaluation/outputs/waymo_5neighbor_context_laneaware_clean_v1_part_13_26/shards/shard_000000,4881,test
116731,24,/Users/liuqing/Projects/01_E2E_QA_Code/E2E-Evaluation/outputs/waymo_5neighbor_context_laneaware_clean_v1_part_26_39/shards/shard_000006,2283,test
2397,0,/Users/liuqing/Projects/01_E2E_QA_Code/E2E-Evaluation/outputs/waymo_5neighbor_context_laneaware_clean_v1_part_00_13/shards/shard_000000,2397,test
46666,9,/Users/liuqing/Projects/01_E2E_QA_Code/E2E-Evaluation/outputs/waymo_5neighbor_context_laneaware_clean_v1_part_13_26/shards/shard_000000,3994,test
20275,4,/Users/liuqing/Projects/01_E2E_QA_Code/E2E-Evaluation/outputs/waymo_5neighbor_context_laneaware_clean_v1_part_00_13/shards/shard_000004,269,test
126219,26,/Users/liuqing/Projects/01_E2E_QA_Code/E2E-Evaluation/outputs/waymo_5neighbor_context_laneaware_clean_v1_part_26_39/shards/shard_000008,1766,test
23449,4,/Users/liuqing/Projects/01_E2E_QA_Code/E2E-Evaluation/outputs/waymo_5neighbor_context_laneaware_clean_v1_part_00_13/shards/shard_000004,3443,test
9886,1,/Users/liuqing/Projects/01_E2E_QA_Code/E2E-Evaluation/outputs/waymo_5neighbor_context_laneaware_clean_v1_part_00_13/shards/shard_000001,4884,test
155765,32,/Users/liuqing/Projects/01_E2E_QA_Code/E2E-Evaluation/outputs/waymo_5neighbor_context_laneaware_clean_v1_part_39_51/shards/shard_000005,4494,test
156580,33,/Users/liuqing/Projects/01_E2E_QA_Code/E2E-Evaluation/outputs/waymo_5neighbor_context_laneaware_clean_v1_part_39_51/shards/shard_000006,308,test
81089,16,/Users/liuqing/Projects/01_E2E_QA_Code/E2E-Evaluation/outputs/waymo_5neighbor_context_laneaware_clean_v1_part_13_26/shards/shard_000007,3368,test
148362,31,/Users/liuqing/Projects/01_E2E_QA_Code/E2E-Evaluation/outputs/waymo_5neighbor_context_laneaware_clean_v1_part_39_51/shards/shard_000004,2092,test
164696,34,/Users/liuqing/Projects/01_E2E_QA_Code/E2E-Evaluation/outputs/waymo_5neighbor_context_laneaware_clean_v1_part_39_51/shards/shard_000007,3416,test
43347,9,/Users/liuqing/Projects/01_E2E_QA_Code/E2E-Evaluation/outputs/waymo_5neighbor_context_laneaware_clean_v1_part_13_26/shards/shard_000000,675,test
3674,0,/Users/liuqing/Projects/01_E2E_QA_Code/E2E-Evaluation/outputs/waymo_5neighbor_context_laneaware_clean_v1_part_00_13/shards/shard_000000,3674,test
160832,33,/Users/liuqing/Projects/01_E2E_QA_Code/E2E-Evaluation/outputs/waymo_5neighbor_context_laneaware_clean_v1_part_39_51/shards/shard_000006,4560,test
72860,15,/Users/liuqing/Projects/01_E2E_QA_Code/E2E-Evaluation/outputs/waymo_5neighbor_context_laneaware_clean_v1_part_13_26/shards/shard_000006,139,test
162802,34,/Users/liuqing/Projects/01_E2E_QA_Code/E2E-Evaluation/outputs/waymo_5neighbor_context_laneaware_clean_v1_part_39_51/shards/shard_000007,1522,test
105592,22,/Users/liuqing/Projects/01_E2E_QA_Code/E2E-Evaluation/outputs/waymo_5neighbor_context_laneaware_clean_v1_part_26_39/shards/shard_000004,1160,test
140170,29,/Users/liuqing/Projects/01_E2E_QA_Code/E2E-Evaluation/outputs/waymo_5neighbor_context_laneaware_clean_v1_part_39_51/shards/shard_000002,3917,test
58101,12,/Users/liuqing/Projects/01_E2E_QA_Code/E2E-Evaluation/outputs/waymo_5neighbor_context_laneaware_clean_v1_part_13_26/shards/shard_000003,412,test
14040,2,/Users/liuqing/Projects/01_E2E_QA_Code/E2E-Evaluation/outputs/waymo_5neighbor_context_laneaware_clean_v1_part_00_13/shards/shard_000002,4034,test
93816,19,/Users/liuqing/Projects/01_E2E_QA_Code/E2E-Evaluation/outputs/waymo_5neighbor_context_laneaware_clean_v1_part_26_39/shards/shard_000001,4389,test
23451,4,/Users/liuqing/Projects/01_E2E_QA_Code/E2E-Evaluation/outputs/waymo_5neighbor_context_laneaware_clean_v1_part_00_13/shards/shard_000004,3445,test
47549,9,/Users/liuqing/Projects/01_E2E_QA_Code/E2E-Evaluation/outputs/waymo_5neighbor_context_laneaware_clean_v1_part_13_26/shards/shard_000000,4877,test
119743,25,/Users/liuqing/Projects/01_E2E_QA_Code/E2E-Evaluation/outputs/waymo_5neighbor_context_laneaware_clean_v1_part_26_39/shards/shard_000007,294,test
30498,6,/Users/liuqing/Projects/01_E2E_QA_Code/E2E-Evaluation/outputs/waymo_5neighbor_context_laneaware_clean_v1_part_00_13/shards/shard_000006,480,test
98055,20,/Users/liuqing/Projects/01_E2E_QA_Code/E2E-Evaluation/outputs/waymo_5neighbor_context_laneaware_clean_v1_part_26_39/shards/shard_000002,3628,test
54452,11,/Users/liuqing/Projects/01_E2E_QA_Code/E2E-Evaluation/outputs/waymo_5neighbor_context_laneaware_clean_v1_part_13_26/shards/shard_000002,1765,test
87821,18,/Users/liuqing/Projects/01_E2E_QA_Code/E2E-Evaluation/outputs/waymo_5neighbor_context_laneaware_clean_v1_part_26_39/shards/shard_000000,3398,test
105595,22,/Users/liuqing/Projects/01_E2E_QA_Code/E2E-Evaluation/outputs/waymo_5neighbor_context_laneaware_clean_v1_part_26_39/shards/shard_000004,1163,test
81870,16,/Users/liuqing/Projects/01_E2E_QA_Code/E2E-Evaluation/outputs/waymo_5neighbor_context_laneaware_clean_v1_part_13_26/shards/shard_000007,4149,test
19418,3,/Users/liuqing/Projects/01_E2E_QA_Code/E2E-Evaluation/outputs/waymo_5neighbor_context_laneaware_clean_v1_part_00_13/shards/shard_000003,4412,test
157893,33,/Users/liuqing/Projects/01_E2E_QA_Code/E2E-Evaluation/outputs/waymo_5neighbor_context_laneaware_clean_v1_part_39_51/shards/shard_000006,1621,test
75249,15,/Users/liuqing/Projects/01_E2E_QA_Code/E2E-Evaluation/outputs/waymo_5neighbor_context_laneaware_clean_v1_part_13_26/shards/shard_000006,2528,test
54457,11,/Users/liuqing/Projects/01_E2E_QA_Code/E2E-Evaluation/outputs/waymo_5neighbor_context_laneaware_clean_v1_part_13_26/shards/shard_000002,1770,test
73749,15,/Users/liuqing/Projects/01_E2E_QA_Code/E2E-Evaluation/outputs/waymo_5neighbor_context_laneaware_clean_v1_part_13_26/shards/shard_000006,1028,test
144332,30,/Users/liuqing/Projects/01_E2E_QA_Code/E2E-Evaluation/outputs/waymo_5neighbor_context_laneaware_clean_v1_part_39_51/shards/shard_000003,3063,test
115334,24,/Users/liuqing/Projects/01_E2E_QA_Code/E2E-Evaluation/outputs/waymo_5neighbor_context_laneaware_clean_v1_part_26_39/shards/shard_000006,886,test
150721,31,/Users/liuqing/Projects/01_E2E_QA_Code/E2E-Evaluation/outputs/waymo_5neighbor_context_laneaware_clean_v1_part_39_51/shards/shard_000004,4451,test
50899,10,/Users/liuqing/Projects/01_E2E_QA_Code/E2E-Evaluation/outputs/waymo_5neighbor_context_laneaware_clean_v1_part_13_26/shards/shard_000001,3214,test
29382,5,/Users/liuqing/Projects/01_E2E_QA_Code/E2E-Evaluation/outputs/waymo_5neighbor_context_laneaware_clean_v1_part_00_13/shards/shard_000005,4365,test
40052,8,/Users/liuqing/Projects/01_E2E_QA_Code/E2E-Evaluation/outputs/waymo_5neighbor_context_laneaware_clean_v1_part_00_13/shards/shard_000008,24,test
80570,16,/Users/liuqing/Projects/01_E2E_QA_Code/E2E-Evaluation/outputs/waymo_5neighbor_context_laneaware_clean_v1_part_13_26/shards/shard_000007,2849,test
85780,18,/Users/liuqing/Projects/01_E2E_QA_Code/E2E-Evaluation/outputs/waymo_5neighbor_context_laneaware_clean_v1_part_26_39/shards/shard_000000,1357,test
159296,33,/Users/liuqing/Projects/01_E2E_QA_Code/E2E-Evaluation/outputs/waymo_5neighbor_context_laneaware_clean_v1_part_39_51/shards/shard_000006,3024,test
126121,26,/Users/liuqing/Projects/01_E2E_QA_Code/E2E-Evaluation/outputs/waymo_5neighbor_context_laneaware_clean_v1_part_26_39/shards/shard_000008,1668,test
668,0,/Users/liuqing/Projects/01_E2E_QA_Code/E2E-Evaluation/outputs/waymo_5neighbor_context_laneaware_clean_v1_part_00_13/shards/shard_000000,668,test
94243,19,/Users/liuqing/Projects/01_E2E_QA_Code/E2E-Evaluation/outputs/waymo_5neighbor_context_laneaware_clean_v1_part_26_39/shards/shard_000001,4816,test
147949,31,/Users/liuqing/Projects/01_E2E_QA_Code/E2E-Evaluation/outputs/waymo_5neighbor_context_laneaware_clean_v1_part_39_51/shards/shard_000004,1679,test
102610,21,/Users/liuqing/Projects/01_E2E_QA_Code/E2E-Evaluation/outputs/waymo_5neighbor_context_laneaware_clean_v1_part_26_39/shards/shard_000003,3179,test
79076,16,/Users/liuqing/Projects/01_E2E_QA_Code/E2E-Evaluation/outputs/waymo_5neighbor_context_laneaware_clean_v1_part_13_26/shards/shard_000007,1355,test
42104,8,/Users/liuqing/Projects/01_E2E_QA_Code/E2E-Evaluation/outputs/waymo_5neighbor_context_laneaware_clean_v1_part_00_13/shards/shard_000008,2076,test
79406,16,/Users/liuqing/Projects/01_E2E_QA_Code/E2E-Evaluation/outputs/waymo_5neighbor_context_laneaware_clean_v1_part_13_26/shards/shard_000007,1685,test
71172,14,/Users/liuqing/Projects/01_E2E_QA_Code/E2E-Evaluation/outputs/waymo_5neighbor_context_laneaware_clean_v1_part_13_26/shards/shard_000005,3462,test
132817,28,/Users/liuqing/Projects/01_E2E_QA_Code/E2E-Evaluation/outputs/waymo_5neighbor_context_laneaware_clean_v1_part_39_51/shards/shard_000001,1566,test
85384,18,/Users/liuqing/Projects/01_E2E_QA_Code/E2E-Evaluation/outputs/waymo_5neighbor_context_laneaware_clean_v1_part_26_39/shards/shard_000000,961,test
121799,25,/Users/liuqing/Projects/01_E2E_QA_Code/E2E-Evaluation/outputs/waymo_5neighbor_context_laneaware_clean_v1_part_26_39/shards/shard_000007,2350,test
47551,9,/Users/liuqing/Projects/01_E2E_QA_Code/E2E-Evaluation/outputs/waymo_5neighbor_context_laneaware_clean_v1_part_13_26/shards/shard_000000,4879,test
142542,30,/Users/liuqing/Projects/01_E2E_QA_Code/E2E-Evaluation/outputs/waymo_5neighbor_context_laneaware_clean_v1_part_39_51/shards/shard_000003,1273,test
12594,2,/Users/liuqing/Projects/01_E2E_QA_Code/E2E-Evaluation/outputs/waymo_5neighbor_context_laneaware_clean_v1_part_00_13/shards/shard_000002,2588,test
126562,27,/Users/liuqing/Projects/01_E2E_QA_Code/E2E-Evaluation/outputs/waymo_5neighbor_context_laneaware_clean_v1_part_39_51/shards/shard_000000,312,test
108013,22,/Users/liuqing/Projects/01_E2E_QA_Code/E2E-Evaluation/outputs/waymo_5neighbor_context_laneaware_clean_v1_part_26_39/shards/shard_000004,3581,test
112329,23,/Users/liuqing/Projects/01_E2E_QA_Code/E2E-Evaluation/outputs/waymo_5neighbor_context_laneaware_clean_v1_part_26_39/shards/shard_000005,2890,test
10935,2,/Users/liuqing/Projects/01_E2E_QA_Code/E2E-Evaluation/outputs/waymo_5neighbor_context_laneaware_clean_v1_part_00_13/shards/shard_000002,929,test
124329,25,/Users/liuqing/Projects/01_E2E_QA_Code/E2E-Evaluation/outputs/waymo_5neighbor_context_laneaware_clean_v1_part_26_39/shards/shard_000007,4880,test
52382,10,/Users/liuqing/Projects/01_E2E_QA_Code/E2E-Evaluation/outputs/waymo_5neighbor_context_laneaware_clean_v1_part_13_26/shards/shard_000001,4697,test
50889,10,/Users/liuqing/Projects/01_E2E_QA_Code/E2E-Evaluation/outputs/waymo_5neighbor_context_laneaware_clean_v1_part_13_26/shards/shard_000001,3204,test
20283,4,/Users/liuqing/Projects/01_E2E_QA_Code/E2E-Evaluation/outputs/waymo_5neighbor_context_laneaware_clean_v1_part_00_13/shards/shard_000004,277,test
143295,30,/Users/liuqing/Projects/01_E2E_QA_Code/E2E-Evaluation/outputs/waymo_5neighbor_context_laneaware_clean_v1_part_39_51/shards/shard_000003,2026,test
60747,12,/Users/liuqing/Projects/01_E2E_QA_Code/E2E-Evaluation/outputs/waymo_5neighbor_context_laneaware_clean_v1_part_13_26/shards/shard_000003,3058,test
14174,2,/Users/liuqing/Projects/01_E2E_QA_Code/E2E-Evaluation/outputs/waymo_5neighbor_context_laneaware_clean_v1_part_00_13/shards/shard_000002,4168,test
74401,15,/Users/liuqing/Projects/01_E2E_QA_Code/E2E-Evaluation/outputs/waymo_5neighbor_context_laneaware_clean_v1_part_13_26/shards/shard_000006,1680,test
29822,5,/Users/liuqing/Projects/01_E2E_QA_Code/E2E-Evaluation/outputs/waymo_5neighbor_context_laneaware_clean_v1_part_00_13/shards/shard_000005,4805,test
670,0,/Users/liuqing/Projects/01_E2E_QA_Code/E2E-Evaluation/outputs/waymo_5neighbor_context_laneaware_clean_v1_part_00_13/shards/shard_000000,670,test
134917,28,/Users/liuqing/Projects/01_E2E_QA_Code/E2E-Evaluation/outputs/waymo_5neighbor_context_laneaware_clean_v1_part_39_51/shards/shard_000001,3666,test
30110,6,/Users/liuqing/Projects/01_E2E_QA_Code/E2E-Evaluation/outputs/waymo_5neighbor_context_laneaware_clean_v1_part_00_13/shards/shard_000006,92,test
151973,32,/Users/liuqing/Projects/01_E2E_QA_Code/E2E-Evaluation/outputs/waymo_5neighbor_context_laneaware_clean_v1_part_39_51/shards/shard_000005,702,test
36904,7,/Users/liuqing/Projects/01_E2E_QA_Code/E2E-Evaluation/outputs/waymo_5neighbor_context_laneaware_clean_v1_part_00_13/shards/shard_000007,1885,test
71572,14,/Users/liuqing/Projects/01_E2E_QA_Code/E2E-Evaluation/outputs/waymo_5neighbor_context_laneaware_clean_v1_part_13_26/shards/shard_000005,3862,test
38797,7,/Users/liuqing/Projects/01_E2E_QA_Code/E2E-Evaluation/outputs/waymo_5neighbor_context_laneaware_clean_v1_part_00_13/shards/shard_000007,3778,test
34537,6,/Users/liuqing/Projects/01_E2E_QA_Code/E2E-Evaluation/outputs/waymo_5neighbor_context_laneaware_clean_v1_part_00_13/shards/shard_000006,4519,test
34699,6,/Users/liuqing/Projects/01_E2E_QA_Code/E2E-Evaluation/outputs/waymo_5neighbor_context_laneaware_clean_v1_part_00_13/shards/shard_000006,4681,test
25205,5,/Users/liuqing/Projects/01_E2E_QA_Code/E2E-Evaluation/outputs/waymo_5neighbor_context_laneaware_clean_v1_part_00_13/shards/shard_000005,188,test
156860,33,/Users/liuqing/Projects/01_E2E_QA_Code/E2E-Evaluation/outputs/waymo_5neighbor_context_laneaware_clean_v1_part_39_51/shards/shard_000006,588,test
163837,34,/Users/liuqing/Projects/01_E2E_QA_Code/E2E-Evaluation/outputs/waymo_5neighbor_context_laneaware_clean_v1_part_39_51/shards/shard_000007,2557,test
29395,5,/Users/liuqing/Projects/01_E2E_QA_Code/E2E-Evaluation/outputs/waymo_5neighbor_context_laneaware_clean_v1_part_00_13/shards/shard_000005,4378,test
95706,20,/Users/liuqing/Projects/01_E2E_QA_Code/E2E-Evaluation/outputs/waymo_5neighbor_context_laneaware_clean_v1_part_26_39/shards/shard_000002,1279,test
136077,28,/Users/liuqing/Projects/01_E2E_QA_Code/E2E-Evaluation/outputs/waymo_5neighbor_context_laneaware_clean_v1_part_39_51/shards/shard_000001,4826,test
47554,9,/Users/liuqing/Projects/01_E2E_QA_Code/E2E-Evaluation/outputs/waymo_5neighbor_context_laneaware_clean_v1_part_13_26/shards/shard_000000,4882,test
102495,21,/Users/liuqing/Projects/01_E2E_QA_Code/E2E-Evaluation/outputs/waymo_5neighbor_context_laneaware_clean_v1_part_26_39/shards/shard_000003,3064,test
36715,7,/Users/liuqing/Projects/01_E2E_QA_Code/E2E-Evaluation/outputs/waymo_5neighbor_context_laneaware_clean_v1_part_00_13/shards/shard_000007,1696,test
79960,16,/Users/liuqing/Projects/01_E2E_QA_Code/E2E-Evaluation/outputs/waymo_5neighbor_context_laneaware_clean_v1_part_13_26/shards/shard_000007,2239,test
132780,28,/Users/liuqing/Projects/01_E2E_QA_Code/E2E-Evaluation/outputs/waymo_5neighbor_context_laneaware_clean_v1_part_39_51/shards/shard_000001,1529,test
46847,9,/Users/liuqing/Projects/01_E2E_QA_Code/E2E-Evaluation/outputs/waymo_5neighbor_context_laneaware_clean_v1_part_13_26/shards/shard_000000,4175,test
102326,21,/Users/liuqing/Projects/01_E2E_QA_Code/E2E-Evaluation/outputs/waymo_5neighbor_context_laneaware_clean_v1_part_26_39/shards/shard_000003,2895,test
33637,6,/Users/liuqing/Projects/01_E2E_QA_Code/E2E-Evaluation/outputs/waymo_5neighbor_context_laneaware_clean_v1_part_00_13/shards/shard_000006,3619,test
54777,11,/Users/liuqing/Projects/01_E2E_QA_Code/E2E-Evaluation/outputs/waymo_5neighbor_context_laneaware_clean_v1_part_13_26/shards/shard_000002,2090,test
36366,7,/Users/liuqing/Projects/01_E2E_QA_Code/E2E-Evaluation/outputs/waymo_5neighbor_context_laneaware_clean_v1_part_00_13/shards/shard_000007,1347,test
102989,21,/Users/liuqing/Projects/01_E2E_QA_Code/E2E-Evaluation/outputs/waymo_5neighbor_context_laneaware_clean_v1_part_26_39/shards/shard_000003,3558,test
80940,16,/Users/liuqing/Projects/01_E2E_QA_Code/E2E-Evaluation/outputs/waymo_5neighbor_context_laneaware_clean_v1_part_13_26/shards/shard_000007,3219,test
87829,18,/Users/liuqing/Projects/01_E2E_QA_Code/E2E-Evaluation/outputs/waymo_5neighbor_context_laneaware_clean_v1_part_26_39/shards/shard_000000,3406,test
22603,4,/Users/liuqing/Projects/01_E2E_QA_Code/E2E-Evaluation/outputs/waymo_5neighbor_context_laneaware_clean_v1_part_00_13/shards/shard_000004,2597,test
111239,23,/Users/liuqing/Projects/01_E2E_QA_Code/E2E-Evaluation/outputs/waymo_5neighbor_context_laneaware_clean_v1_part_26_39/shards/shard_000005,1800,test
85787,18,/Users/liuqing/Projects/01_E2E_QA_Code/E2E-Evaluation/outputs/waymo_5neighbor_context_laneaware_clean_v1_part_26_39/shards/shard_000000,1364,test
62193,12,/Users/liuqing/Projects/01_E2E_QA_Code/E2E-Evaluation/outputs/waymo_5neighbor_context_laneaware_clean_v1_part_13_26/shards/shard_000003,4504,test
102969,21,/Users/liuqing/Projects/01_E2E_QA_Code/E2E-Evaluation/outputs/waymo_5neighbor_context_laneaware_clean_v1_part_26_39/shards/shard_000003,3538,test
75633,15,/Users/liuqing/Projects/01_E2E_QA_Code/E2E-Evaluation/outputs/waymo_5neighbor_context_laneaware_clean_v1_part_13_26/shards/shard_000006,2912,test
159763,33,/Users/liuqing/Projects/01_E2E_QA_Code/E2E-Evaluation/outputs/waymo_5neighbor_context_laneaware_clean_v1_part_39_51/shards/shard_000006,3491,test
13800,2,/Users/liuqing/Projects/01_E2E_QA_Code/E2E-Evaluation/outputs/waymo_5neighbor_context_laneaware_clean_v1_part_00_13/shards/shard_000002,3794,test
65411,13,/Users/liuqing/Projects/01_E2E_QA_Code/E2E-Evaluation/outputs/waymo_5neighbor_context_laneaware_clean_v1_part_13_26/shards/shard_000004,2709,test
122363,25,/Users/liuqing/Projects/01_E2E_QA_Code/E2E-Evaluation/outputs/waymo_5neighbor_context_laneaware_clean_v1_part_26_39/shards/shard_000007,2914,test
43806,9,/Users/liuqing/Projects/01_E2E_QA_Code/E2E-Evaluation/outputs/waymo_5neighbor_context_laneaware_clean_v1_part_13_26/shards/shard_000000,1134,test
108005,22,/Users/liuqing/Projects/01_E2E_QA_Code/E2E-Evaluation/outputs/waymo_5neighbor_context_laneaware_clean_v1_part_26_39/shards/shard_000004,3573,test
36901,7,/Users/liuqing/Projects/01_E2E_QA_Code/E2E-Evaluation/outputs/waymo_5neighbor_context_laneaware_clean_v1_part_00_13/shards/shard_000007,1882,test
73813,15,/Users/liuqing/Projects/01_E2E_QA_Code/E2E-Evaluation/outputs/waymo_5neighbor_context_laneaware_clean_v1_part_13_26/shards/shard_000006,1092,test
57868,12,/Users/liuqing/Projects/01_E2E_QA_Code/E2E-Evaluation/outputs/waymo_5neighbor_context_laneaware_clean_v1_part_13_26/shards/shard_000003,179,test
74397,15,/Users/liuqing/Projects/01_E2E_QA_Code/E2E-Evaluation/outputs/waymo_5neighbor_context_laneaware_clean_v1_part_13_26/shards/shard_000006,1676,test
121824,25,/Users/liuqing/Projects/01_E2E_QA_Code/E2E-Evaluation/outputs/waymo_5neighbor_context_laneaware_clean_v1_part_26_39/shards/shard_000007,2375,test
163563,34,/Users/liuqing/Projects/01_E2E_QA_Code/E2E-Evaluation/outputs/waymo_5neighbor_context_laneaware_clean_v1_part_39_51/shards/shard_000007,2283,test
145444,30,/Users/liuqing/Projects/01_E2E_QA_Code/E2E-Evaluation/outputs/waymo_5neighbor_context_laneaware_clean_v1_part_39_51/shards/shard_000003,4175,test
2891,0,/Users/liuqing/Projects/01_E2E_QA_Code/E2E-Evaluation/outputs/waymo_5neighbor_context_laneaware_clean_v1_part_00_13/shards/shard_000000,2891,test
127098,27,/Users/liuqing/Projects/01_E2E_QA_Code/E2E-Evaluation/outputs/waymo_5neighbor_context_laneaware_clean_v1_part_39_51/shards/shard_000000,848,test
114528,24,/Users/liuqing/Projects/01_E2E_QA_Code/E2E-Evaluation/outputs/waymo_5neighbor_context_laneaware_clean_v1_part_26_39/shards/shard_000006,80,test
50904,10,/Users/liuqing/Projects/01_E2E_QA_Code/E2E-Evaluation/outputs/waymo_5neighbor_context_laneaware_clean_v1_part_13_26/shards/shard_000001,3219,test
71082,14,/Users/liuqing/Projects/01_E2E_QA_Code/E2E-Evaluation/outputs/waymo_5neighbor_context_laneaware_clean_v1_part_13_26/shards/shard_000005,3372,test
148509,31,/Users/liuqing/Projects/01_E2E_QA_Code/E2E-Evaluation/outputs/waymo_5neighbor_context_laneaware_clean_v1_part_39_51/shards/shard_000004,2239,test
31840,6,/Users/liuqing/Projects/01_E2E_QA_Code/E2E-Evaluation/outputs/waymo_5neighbor_context_laneaware_clean_v1_part_00_13/shards/shard_000006,1822,test
54459,11,/Users/liuqing/Projects/01_E2E_QA_Code/E2E-Evaluation/outputs/waymo_5neighbor_context_laneaware_clean_v1_part_13_26/shards/shard_000002,1772,test
122119,25,/Users/liuqing/Projects/01_E2E_QA_Code/E2E-Evaluation/outputs/waymo_5neighbor_context_laneaware_clean_v1_part_26_39/shards/shard_000007,2670,test
163564,34,/Users/liuqing/Projects/01_E2E_QA_Code/E2E-Evaluation/outputs/waymo_5neighbor_context_laneaware_clean_v1_part_39_51/shards/shard_000007,2284,test
49066,10,/Users/liuqing/Projects/01_E2E_QA_Code/E2E-Evaluation/outputs/waymo_5neighbor_context_laneaware_clean_v1_part_13_26/shards/shard_000001,1381,test
75725,15,/Users/liuqing/Projects/01_E2E_QA_Code/E2E-Evaluation/outputs/waymo_5neighbor_context_laneaware_clean_v1_part_13_26/shards/shard_000006,3004,test
34823,6,/Users/liuqing/Projects/01_E2E_QA_Code/E2E-Evaluation/outputs/waymo_5neighbor_context_laneaware_clean_v1_part_00_13/shards/shard_000006,4805,test
83728,17,/Users/liuqing/Projects/01_E2E_QA_Code/E2E-Evaluation/outputs/waymo_5neighbor_context_laneaware_clean_v1_part_13_26/shards/shard_000008,998,test
9696,1,/Users/liuqing/Projects/01_E2E_QA_Code/E2E-Evaluation/outputs/waymo_5neighbor_context_laneaware_clean_v1_part_00_13/shards/shard_000001,4694,test
137680,29,/Users/liuqing/Projects/01_E2E_QA_Code/E2E-Evaluation/outputs/waymo_5neighbor_context_laneaware_clean_v1_part_39_51/shards/shard_000002,1427,test
134440,28,/Users/liuqing/Projects/01_E2E_QA_Code/E2E-Evaluation/outputs/waymo_5neighbor_context_laneaware_clean_v1_part_39_51/shards/shard_000001,3189,test
100021,21,/Users/liuqing/Projects/01_E2E_QA_Code/E2E-Evaluation/outputs/waymo_5neighbor_context_laneaware_clean_v1_part_26_39/shards/shard_000003,590,test
82614,16,/Users/liuqing/Projects/01_E2E_QA_Code/E2E-Evaluation/outputs/waymo_5neighbor_context_laneaware_clean_v1_part_13_26/shards/shard_000007,4893,test
87819,18,/Users/liuqing/Projects/01_E2E_QA_Code/E2E-Evaluation/outputs/waymo_5neighbor_context_laneaware_clean_v1_part_26_39/shards/shard_000000,3396,test
93928,19,/Users/liuqing/Projects/01_E2E_QA_Code/E2E-Evaluation/outputs/waymo_5neighbor_context_laneaware_clean_v1_part_26_39/shards/shard_000001,4501,test
162804,34,/Users/liuqing/Projects/01_E2E_QA_Code/E2E-Evaluation/outputs/waymo_5neighbor_context_laneaware_clean_v1_part_39_51/shards/shard_000007,1524,test
52381,10,/Users/liuqing/Projects/01_E2E_QA_Code/E2E-Evaluation/outputs/waymo_5neighbor_context_laneaware_clean_v1_part_13_26/shards/shard_000001,4696,test
113676,23,/Users/liuqing/Projects/01_E2E_QA_Code/E2E-Evaluation/outputs/waymo_5neighbor_context_laneaware_clean_v1_part_26_39/shards/shard_000005,4237,test
114530,24,/Users/liuqing/Projects/01_E2E_QA_Code/E2E-Evaluation/outputs/waymo_5neighbor_context_laneaware_clean_v1_part_26_39/shards/shard_000006,82,test
70654,14,/Users/liuqing/Projects/01_E2E_QA_Code/E2E-Evaluation/outputs/waymo_5neighbor_context_laneaware_clean_v1_part_13_26/shards/shard_000005,2944,test
76195,15,/Users/liuqing/Projects/01_E2E_QA_Code/E2E-Evaluation/outputs/waymo_5neighbor_context_laneaware_clean_v1_part_13_26/shards/shard_000006,3474,test
143451,30,/Users/liuqing/Projects/01_E2E_QA_Code/E2E-Evaluation/outputs/waymo_5neighbor_context_laneaware_clean_v1_part_39_51/shards/shard_000003,2182,test
109267,22,/Users/liuqing/Projects/01_E2E_QA_Code/E2E-Evaluation/outputs/waymo_5neighbor_context_laneaware_clean_v1_part_26_39/shards/shard_000004,4835,test
46665,9,/Users/liuqing/Projects/01_E2E_QA_Code/E2E-Evaluation/outputs/waymo_5neighbor_context_laneaware_clean_v1_part_13_26/shards/shard_000000,3993,test
116743,24,/Users/liuqing/Projects/01_E2E_QA_Code/E2E-Evaluation/outputs/waymo_5neighbor_context_laneaware_clean_v1_part_26_39/shards/shard_000006,2295,test
17139,3,/Users/liuqing/Projects/01_E2E_QA_Code/E2E-Evaluation/outputs/waymo_5neighbor_context_laneaware_clean_v1_part_00_13/shards/shard_000003,2133,test
48637,10,/Users/liuqing/Projects/01_E2E_QA_Code/E2E-Evaluation/outputs/waymo_5neighbor_context_laneaware_clean_v1_part_13_26/shards/shard_000001,952,test
26915,5,/Users/liuqing/Projects/01_E2E_QA_Code/E2E-Evaluation/outputs/waymo_5neighbor_context_laneaware_clean_v1_part_00_13/shards/shard_000005,1898,test
104105,21,/Users/liuqing/Projects/01_E2E_QA_Code/E2E-Evaluation/outputs/waymo_5neighbor_context_laneaware_clean_v1_part_26_39/shards/shard_000003,4674,test
81448,16,/Users/liuqing/Projects/01_E2E_QA_Code/E2E-Evaluation/outputs/waymo_5neighbor_context_laneaware_clean_v1_part_13_26/shards/shard_000007,3727,test
50566,10,/Users/liuqing/Projects/01_E2E_QA_Code/E2E-Evaluation/outputs/waymo_5neighbor_context_laneaware_clean_v1_part_13_26/shards/shard_000001,2881,test
27405,5,/Users/liuqing/Projects/01_E2E_QA_Code/E2E-Evaluation/outputs/waymo_5neighbor_context_laneaware_clean_v1_part_00_13/shards/shard_000005,2388,test
76581,15,/Users/liuqing/Projects/01_E2E_QA_Code/E2E-Evaluation/outputs/waymo_5neighbor_context_laneaware_clean_v1_part_13_26/shards/shard_000006,3860,test
104251,21,/Users/liuqing/Projects/01_E2E_QA_Code/E2E-Evaluation/outputs/waymo_5neighbor_context_laneaware_clean_v1_part_26_39/shards/shard_000003,4820,test
76994,15,/Users/liuqing/Projects/01_E2E_QA_Code/E2E-Evaluation/outputs/waymo_5neighbor_context_laneaware_clean_v1_part_13_26/shards/shard_000006,4273,test
144189,30,/Users/liuqing/Projects/01_E2E_QA_Code/E2E-Evaluation/outputs/waymo_5neighbor_context_laneaware_clean_v1_part_39_51/shards/shard_000003,2920,test
12637,2,/Users/liuqing/Projects/01_E2E_QA_Code/E2E-Evaluation/outputs/waymo_5neighbor_context_laneaware_clean_v1_part_00_13/shards/shard_000002,2631,test
87962,18,/Users/liuqing/Projects/01_E2E_QA_Code/E2E-Evaluation/outputs/waymo_5neighbor_context_laneaware_clean_v1_part_26_39/shards/shard_000000,3539,test
157374,33,/Users/liuqing/Projects/01_E2E_QA_Code/E2E-Evaluation/outputs/waymo_5neighbor_context_laneaware_clean_v1_part_39_51/shards/shard_000006,1102,test
3667,0,/Users/liuqing/Projects/01_E2E_QA_Code/E2E-Evaluation/outputs/waymo_5neighbor_context_laneaware_clean_v1_part_00_13/shards/shard_000000,3667,test
92410,19,/Users/liuqing/Projects/01_E2E_QA_Code/E2E-Evaluation/outputs/waymo_5neighbor_context_laneaware_clean_v1_part_26_39/shards/shard_000001,2983,test
92283,19,/Users/liuqing/Projects/01_E2E_QA_Code/E2E-Evaluation/outputs/waymo_5neighbor_context_laneaware_clean_v1_part_26_39/shards/shard_000001,2856,test
81994,16,/Users/liuqing/Projects/01_E2E_QA_Code/E2E-Evaluation/outputs/waymo_5neighbor_context_laneaware_clean_v1_part_13_26/shards/shard_000007,4273,test
52005,10,/Users/liuqing/Projects/01_E2E_QA_Code/E2E-Evaluation/outputs/waymo_5neighbor_context_laneaware_clean_v1_part_13_26/shards/shard_000001,4320,test
127134,27,/Users/liuqing/Projects/01_E2E_QA_Code/E2E-Evaluation/outputs/waymo_5neighbor_context_laneaware_clean_v1_part_39_51/shards/shard_000000,884,test
47060,9,/Users/liuqing/Projects/01_E2E_QA_Code/E2E-Evaluation/outputs/waymo_5neighbor_context_laneaware_clean_v1_part_13_26/shards/shard_000000,4388,test
106585,22,/Users/liuqing/Projects/01_E2E_QA_Code/E2E-Evaluation/outputs/waymo_5neighbor_context_laneaware_clean_v1_part_26_39/shards/shard_000004,2153,test
76765,15,/Users/liuqing/Projects/01_E2E_QA_Code/E2E-Evaluation/outputs/waymo_5neighbor_context_laneaware_clean_v1_part_13_26/shards/shard_000006,4044,test
52432,10,/Users/liuqing/Projects/01_E2E_QA_Code/E2E-Evaluation/outputs/waymo_5neighbor_context_laneaware_clean_v1_part_13_26/shards/shard_000001,4747,test
27625,5,/Users/liuqing/Projects/01_E2E_QA_Code/E2E-Evaluation/outputs/waymo_5neighbor_context_laneaware_clean_v1_part_00_13/shards/shard_000005,2608,test
80528,16,/Users/liuqing/Projects/01_E2E_QA_Code/E2E-Evaluation/outputs/waymo_5neighbor_context_laneaware_clean_v1_part_13_26/shards/shard_000007,2807,test
72561,14,/Users/liuqing/Projects/01_E2E_QA_Code/E2E-Evaluation/outputs/waymo_5neighbor_context_laneaware_clean_v1_part_13_26/shards/shard_000005,4851,test
79070,16,/Users/liuqing/Projects/01_E2E_QA_Code/E2E-Evaluation/outputs/waymo_5neighbor_context_laneaware_clean_v1_part_13_26/shards/shard_000007,1349,test
75627,15,/Users/liuqing/Projects/01_E2E_QA_Code/E2E-Evaluation/outputs/waymo_5neighbor_context_laneaware_clean_v1_part_13_26/shards/shard_000006,2906,test
70423,14,/Users/liuqing/Projects/01_E2E_QA_Code/E2E-Evaluation/outputs/waymo_5neighbor_context_laneaware_clean_v1_part_13_26/shards/shard_000005,2713,test
98641,20,/Users/liuqing/Projects/01_E2E_QA_Code/E2E-Evaluation/outputs/waymo_5neighbor_context_laneaware_clean_v1_part_26_39/shards/shard_000002,4214,test
149264,31,/Users/liuqing/Projects/01_E2E_QA_Code/E2E-Evaluation/outputs/waymo_5neighbor_context_laneaware_clean_v1_part_39_51/shards/shard_000004,2994,test
147113,31,/Users/liuqing/Projects/01_E2E_QA_Code/E2E-Evaluation/outputs/waymo_5neighbor_context_laneaware_clean_v1_part_39_51/shards/shard_000004,843,test
55862,11,/Users/liuqing/Projects/01_E2E_QA_Code/E2E-Evaluation/outputs/waymo_5neighbor_context_laneaware_clean_v1_part_13_26/shards/shard_000002,3175,test
54823,11,/Users/liuqing/Projects/01_E2E_QA_Code/E2E-Evaluation/outputs/waymo_5neighbor_context_laneaware_clean_v1_part_13_26/shards/shard_000002,2136,test
133399,28,/Users/liuqing/Projects/01_E2E_QA_Code/E2E-Evaluation/outputs/waymo_5neighbor_context_laneaware_clean_v1_part_39_51/shards/shard_000001,2148,test
93569,19,/Users/liuqing/Projects/01_E2E_QA_Code/E2E-Evaluation/outputs/waymo_5neighbor_context_laneaware_clean_v1_part_26_39/shards/shard_000001,4142,test
50602,10,/Users/liuqing/Projects/01_E2E_QA_Code/E2E-Evaluation/outputs/waymo_5neighbor_context_laneaware_clean_v1_part_13_26/shards/shard_000001,2917,test
133682,28,/Users/liuqing/Projects/01_E2E_QA_Code/E2E-Evaluation/outputs/waymo_5neighbor_context_laneaware_clean_v1_part_39_51/shards/shard_000001,2431,test
87831,18,/Users/liuqing/Projects/01_E2E_QA_Code/E2E-Evaluation/outputs/waymo_5neighbor_context_laneaware_clean_v1_part_26_39/shards/shard_000000,3408,test
13220,2,/Users/liuqing/Projects/01_E2E_QA_Code/E2E-Evaluation/outputs/waymo_5neighbor_context_laneaware_clean_v1_part_00_13/shards/shard_000002,3214,test
29540,5,/Users/liuqing/Projects/01_E2E_QA_Code/E2E-Evaluation/outputs/waymo_5neighbor_context_laneaware_clean_v1_part_00_13/shards/shard_000005,4523,test
113112,23,/Users/liuqing/Projects/01_E2E_QA_Code/E2E-Evaluation/outputs/waymo_5neighbor_context_laneaware_clean_v1_part_26_39/shards/shard_000005,3673,test
29639,5,/Users/liuqing/Projects/01_E2E_QA_Code/E2E-Evaluation/outputs/waymo_5neighbor_context_laneaware_clean_v1_part_00_13/shards/shard_000005,4622,test
102996,21,/Users/liuqing/Projects/01_E2E_QA_Code/E2E-Evaluation/outputs/waymo_5neighbor_context_laneaware_clean_v1_part_26_39/shards/shard_000003,3565,test
11341,2,/Users/liuqing/Projects/01_E2E_QA_Code/E2E-Evaluation/outputs/waymo_5neighbor_context_laneaware_clean_v1_part_00_13/shards/shard_000002,1335,test
82814,17,/Users/liuqing/Projects/01_E2E_QA_Code/E2E-Evaluation/outputs/waymo_5neighbor_context_laneaware_clean_v1_part_13_26/shards/shard_000008,84,test
152653,32,/Users/liuqing/Projects/01_E2E_QA_Code/E2E-Evaluation/outputs/waymo_5neighbor_context_laneaware_clean_v1_part_39_51/shards/shard_000005,1382,test
137285,29,/Users/liuqing/Projects/01_E2E_QA_Code/E2E-Evaluation/outputs/waymo_5neighbor_context_laneaware_clean_v1_part_39_51/shards/shard_000002,1032,test
61184,12,/Users/liuqing/Projects/01_E2E_QA_Code/E2E-Evaluation/outputs/waymo_5neighbor_context_laneaware_clean_v1_part_13_26/shards/shard_000003,3495,test
142491,30,/Users/liuqing/Projects/01_E2E_QA_Code/E2E-Evaluation/outputs/waymo_5neighbor_context_laneaware_clean_v1_part_39_51/shards/shard_000003,1222,test
118287,24,/Users/liuqing/Projects/01_E2E_QA_Code/E2E-Evaluation/outputs/waymo_5neighbor_context_laneaware_clean_v1_part_26_39/shards/shard_000006,3839,test
102890,21,/Users/liuqing/Projects/01_E2E_QA_Code/E2E-Evaluation/outputs/waymo_5neighbor_context_laneaware_clean_v1_part_26_39/shards/shard_000003,3459,test
50861,10,/Users/liuqing/Projects/01_E2E_QA_Code/E2E-Evaluation/outputs/waymo_5neighbor_context_laneaware_clean_v1_part_13_26/shards/shard_000001,3176,test
108913,22,/Users/liuqing/Projects/01_E2E_QA_Code/E2E-Evaluation/outputs/waymo_5neighbor_context_laneaware_clean_v1_part_26_39/shards/shard_000004,4481,test
3171,0,/Users/liuqing/Projects/01_E2E_QA_Code/E2E-Evaluation/outputs/waymo_5neighbor_context_laneaware_clean_v1_part_00_13/shards/shard_000000,3171,test
87826,18,/Users/liuqing/Projects/01_E2E_QA_Code/E2E-Evaluation/outputs/waymo_5neighbor_context_laneaware_clean_v1_part_26_39/shards/shard_000000,3403,test
114589,24,/Users/liuqing/Projects/01_E2E_QA_Code/E2E-Evaluation/outputs/waymo_5neighbor_context_laneaware_clean_v1_part_26_39/shards/shard_000006,141,test
68636,14,/Users/liuqing/Projects/01_E2E_QA_Code/E2E-Evaluation/outputs/waymo_5neighbor_context_laneaware_clean_v1_part_13_26/shards/shard_000005,926,test
33090,6,/Users/liuqing/Projects/01_E2E_QA_Code/E2E-Evaluation/outputs/waymo_5neighbor_context_laneaware_clean_v1_part_00_13/shards/shard_000006,3072,test
46662,9,/Users/liuqing/Projects/01_E2E_QA_Code/E2E-Evaluation/outputs/waymo_5neighbor_context_laneaware_clean_v1_part_13_26/shards/shard_000000,3990,test
81318,16,/Users/liuqing/Projects/01_E2E_QA_Code/E2E-Evaluation/outputs/waymo_5neighbor_context_laneaware_clean_v1_part_13_26/shards/shard_000007,3597,test
83745,17,/Users/liuqing/Projects/01_E2E_QA_Code/E2E-Evaluation/outputs/waymo_5neighbor_context_laneaware_clean_v1_part_13_26/shards/shard_000008,1015,test
61183,12,/Users/liuqing/Projects/01_E2E_QA_Code/E2E-Evaluation/outputs/waymo_5neighbor_context_laneaware_clean_v1_part_13_26/shards/shard_000003,3494,test
28138,5,/Users/liuqing/Projects/01_E2E_QA_Code/E2E-Evaluation/outputs/waymo_5neighbor_context_laneaware_clean_v1_part_00_13/shards/shard_000005,3121,test
81868,16,/Users/liuqing/Projects/01_E2E_QA_Code/E2E-Evaluation/outputs/waymo_5neighbor_context_laneaware_clean_v1_part_13_26/shards/shard_000007,4147,test
44901,9,/Users/liuqing/Projects/01_E2E_QA_Code/E2E-Evaluation/outputs/waymo_5neighbor_context_laneaware_clean_v1_part_13_26/shards/shard_000000,2229,test
95105,20,/Users/liuqing/Projects/01_E2E_QA_Code/E2E-Evaluation/outputs/waymo_5neighbor_context_laneaware_clean_v1_part_26_39/shards/shard_000002,678,test
154204,32,/Users/liuqing/Projects/01_E2E_QA_Code/E2E-Evaluation/outputs/waymo_5neighbor_context_laneaware_clean_v1_part_39_51/shards/shard_000005,2933,test
60755,12,/Users/liuqing/Projects/01_E2E_QA_Code/E2E-Evaluation/outputs/waymo_5neighbor_context_laneaware_clean_v1_part_13_26/shards/shard_000003,3066,test
35046,7,/Users/liuqing/Projects/01_E2E_QA_Code/E2E-Evaluation/outputs/waymo_5neighbor_context_laneaware_clean_v1_part_00_13/shards/shard_000007,27,test
35346,7,/Users/liuqing/Projects/01_E2E_QA_Code/E2E-Evaluation/outputs/waymo_5neighbor_context_laneaware_clean_v1_part_00_13/shards/shard_000007,327,test
67784,14,/Users/liuqing/Projects/01_E2E_QA_Code/E2E-Evaluation/outputs/waymo_5neighbor_context_laneaware_clean_v1_part_13_26/shards/shard_000005,74,test
41356,8,/Users/liuqing/Projects/01_E2E_QA_Code/E2E-Evaluation/outputs/waymo_5neighbor_context_laneaware_clean_v1_part_00_13/shards/shard_000008,1328,test
133265,28,/Users/liuqing/Projects/01_E2E_QA_Code/E2E-Evaluation/outputs/waymo_5neighbor_context_laneaware_clean_v1_part_39_51/shards/shard_000001,2014,test
33470,6,/Users/liuqing/Projects/01_E2E_QA_Code/E2E-Evaluation/outputs/waymo_5neighbor_context_laneaware_clean_v1_part_00_13/shards/shard_000006,3452,test
72560,14,/Users/liuqing/Projects/01_E2E_QA_Code/E2E-Evaluation/outputs/waymo_5neighbor_context_laneaware_clean_v1_part_13_26/shards/shard_000005,4850,test
144137,30,/Users/liuqing/Projects/01_E2E_QA_Code/E2E-Evaluation/outputs/waymo_5neighbor_context_laneaware_clean_v1_part_39_51/shards/shard_000003,2868,test
896,0,/Users/liuqing/Projects/01_E2E_QA_Code/E2E-Evaluation/outputs/waymo_5neighbor_context_laneaware_clean_v1_part_00_13/shards/shard_000000,896,test
40323,8,/Users/liuqing/Projects/01_E2E_QA_Code/E2E-Evaluation/outputs/waymo_5neighbor_context_laneaware_clean_v1_part_00_13/shards/shard_000008,295,test
88757,18,/Users/liuqing/Projects/01_E2E_QA_Code/E2E-Evaluation/outputs/waymo_5neighbor_context_laneaware_clean_v1_part_26_39/shards/shard_000000,4334,test
126462,27,/Users/liuqing/Projects/01_E2E_QA_Code/E2E-Evaluation/outputs/waymo_5neighbor_context_laneaware_clean_v1_part_39_51/shards/shard_000000,212,test
2130,0,/Users/liuqing/Projects/01_E2E_QA_Code/E2E-Evaluation/outputs/waymo_5neighbor_context_laneaware_clean_v1_part_00_13/shards/shard_000000,2130,test
33160,6,/Users/liuqing/Projects/01_E2E_QA_Code/E2E-Evaluation/outputs/waymo_5neighbor_context_laneaware_clean_v1_part_00_13/shards/shard_000006,3142,test
12537,2,/Users/liuqing/Projects/01_E2E_QA_Code/E2E-Evaluation/outputs/waymo_5neighbor_context_laneaware_clean_v1_part_00_13/shards/shard_000002,2531,test
3862,0,/Users/liuqing/Projects/01_E2E_QA_Code/E2E-Evaluation/outputs/waymo_5neighbor_context_laneaware_clean_v1_part_00_13/shards/shard_000000,3862,test
2896,0,/Users/liuqing/Projects/01_E2E_QA_Code/E2E-Evaluation/outputs/waymo_5neighbor_context_laneaware_clean_v1_part_00_13/shards/shard_000000,2896,test
132083,28,/Users/liuqing/Projects/01_E2E_QA_Code/E2E-Evaluation/outputs/waymo_5neighbor_context_laneaware_clean_v1_part_39_51/shards/shard_000001,832,test
95704,20,/Users/liuqing/Projects/01_E2E_QA_Code/E2E-Evaluation/outputs/waymo_5neighbor_context_laneaware_clean_v1_part_26_39/shards/shard_000002,1277,test
57870,12,/Users/liuqing/Projects/01_E2E_QA_Code/E2E-Evaluation/outputs/waymo_5neighbor_context_laneaware_clean_v1_part_13_26/shards/shard_000003,181,test
29392,5,/Users/liuqing/Projects/01_E2E_QA_Code/E2E-Evaluation/outputs/waymo_5neighbor_context_laneaware_clean_v1_part_00_13/shards/shard_000005,4375,test
91398,19,/Users/liuqing/Projects/01_E2E_QA_Code/E2E-Evaluation/outputs/waymo_5neighbor_context_laneaware_clean_v1_part_26_39/shards/shard_000001,1971,test
14103,2,/Users/liuqing/Projects/01_E2E_QA_Code/E2E-Evaluation/outputs/waymo_5neighbor_context_laneaware_clean_v1_part_00_13/shards/shard_000002,4097,test
50571,10,/Users/liuqing/Projects/01_E2E_QA_Code/E2E-Evaluation/outputs/waymo_5neighbor_context_laneaware_clean_v1_part_13_26/shards/shard_000001,2886,test
92446,19,/Users/liuqing/Projects/01_E2E_QA_Code/E2E-Evaluation/outputs/waymo_5neighbor_context_laneaware_clean_v1_part_26_39/shards/shard_000001,3019,test
3859,0,/Users/liuqing/Projects/01_E2E_QA_Code/E2E-Evaluation/outputs/waymo_5neighbor_context_laneaware_clean_v1_part_00_13/shards/shard_000000,3859,test
38758,7,/Users/liuqing/Projects/01_E2E_QA_Code/E2E-Evaluation/outputs/waymo_5neighbor_context_laneaware_clean_v1_part_00_13/shards/shard_000007,3739,test
62083,12,/Users/liuqing/Projects/01_E2E_QA_Code/E2E-Evaluation/outputs/waymo_5neighbor_context_laneaware_clean_v1_part_13_26/shards/shard_000003,4394,test
58107,12,/Users/liuqing/Projects/01_E2E_QA_Code/E2E-Evaluation/outputs/waymo_5neighbor_context_laneaware_clean_v1_part_13_26/shards/shard_000003,418,test
150719,31,/Users/liuqing/Projects/01_E2E_QA_Code/E2E-Evaluation/outputs/waymo_5neighbor_context_laneaware_clean_v1_part_39_51/shards/shard_000004,4449,test
48532,10,/Users/liuqing/Projects/01_E2E_QA_Code/E2E-Evaluation/outputs/waymo_5neighbor_context_laneaware_clean_v1_part_13_26/shards/shard_000001,847,test
109484,23,/Users/liuqing/Projects/01_E2E_QA_Code/E2E-Evaluation/outputs/waymo_5neighbor_context_laneaware_clean_v1_part_26_39/shards/shard_000005,45,test
23929,4,/Users/liuqing/Projects/01_E2E_QA_Code/E2E-Evaluation/outputs/waymo_5neighbor_context_laneaware_clean_v1_part_00_13/shards/shard_000004,3923,test
50905,10,/Users/liuqing/Projects/01_E2E_QA_Code/E2E-Evaluation/outputs/waymo_5neighbor_context_laneaware_clean_v1_part_13_26/shards/shard_000001,3220,test
133688,28,/Users/liuqing/Projects/01_E2E_QA_Code/E2E-Evaluation/outputs/waymo_5neighbor_context_laneaware_clean_v1_part_39_51/shards/shard_000001,2437,test
81977,16,/Users/liuqing/Projects/01_E2E_QA_Code/E2E-Evaluation/outputs/waymo_5neighbor_context_laneaware_clean_v1_part_13_26/shards/shard_000007,4256,test
140176,29,/Users/liuqing/Projects/01_E2E_QA_Code/E2E-Evaluation/outputs/waymo_5neighbor_context_laneaware_clean_v1_part_39_51/shards/shard_000002,3923,test
139472,29,/Users/liuqing/Projects/01_E2E_QA_Code/E2E-Evaluation/outputs/waymo_5neighbor_context_laneaware_clean_v1_part_39_51/shards/shard_000002,3219,test
73609,15,/Users/liuqing/Projects/01_E2E_QA_Code/E2E-Evaluation/outputs/waymo_5neighbor_context_laneaware_clean_v1_part_13_26/shards/shard_000006,888,test
137873,29,/Users/liuqing/Projects/01_E2E_QA_Code/E2E-Evaluation/outputs/waymo_5neighbor_context_laneaware_clean_v1_part_39_51/shards/shard_000002,1620,test
95564,20,/Users/liuqing/Projects/01_E2E_QA_Code/E2E-Evaluation/outputs/waymo_5neighbor_context_laneaware_clean_v1_part_26_39/shards/shard_000002,1137,test
61094,12,/Users/liuqing/Projects/01_E2E_QA_Code/E2E-Evaluation/outputs/waymo_5neighbor_context_laneaware_clean_v1_part_13_26/shards/shard_000003,3405,test
122535,25,/Users/liuqing/Projects/01_E2E_QA_Code/E2E-Evaluation/outputs/waymo_5neighbor_context_laneaware_clean_v1_part_26_39/shards/shard_000007,3086,test
162367,34,/Users/liuqing/Projects/01_E2E_QA_Code/E2E-Evaluation/outputs/waymo_5neighbor_context_laneaware_clean_v1_part_39_51/shards/shard_000007,1087,test
76778,15,/Users/liuqing/Projects/01_E2E_QA_Code/E2E-Evaluation/outputs/waymo_5neighbor_context_laneaware_clean_v1_part_13_26/shards/shard_000006,4057,test
79068,16,/Users/liuqing/Projects/01_E2E_QA_Code/E2E-Evaluation/outputs/waymo_5neighbor_context_laneaware_clean_v1_part_13_26/shards/shard_000007,1347,test
108508,22,/Users/liuqing/Projects/01_E2E_QA_Code/E2E-Evaluation/outputs/waymo_5neighbor_context_laneaware_clean_v1_part_26_39/shards/shard_000004,4076,test
102783,21,/Users/liuqing/Projects/01_E2E_QA_Code/E2E-Evaluation/outputs/waymo_5neighbor_context_laneaware_clean_v1_part_26_39/shards/shard_000003,3352,test
46476,9,/Users/liuqing/Projects/01_E2E_QA_Code/E2E-Evaluation/outputs/waymo_5neighbor_context_laneaware_clean_v1_part_13_26/shards/shard_000000,3804,test
104098,21,/Users/liuqing/Projects/01_E2E_QA_Code/E2E-Evaluation/outputs/waymo_5neighbor_context_laneaware_clean_v1_part_26_39/shards/shard_000003,4667,test
109275,22,/Users/liuqing/Projects/01_E2E_QA_Code/E2E-Evaluation/outputs/waymo_5neighbor_context_laneaware_clean_v1_part_26_39/shards/shard_000004,4843,test
158451,33,/Users/liuqing/Projects/01_E2E_QA_Code/E2E-Evaluation/outputs/waymo_5neighbor_context_laneaware_clean_v1_part_39_51/shards/shard_000006,2179,test
17104,3,/Users/liuqing/Projects/01_E2E_QA_Code/E2E-Evaluation/outputs/waymo_5neighbor_context_laneaware_clean_v1_part_00_13/shards/shard_000003,2098,test
75353,15,/Users/liuqing/Projects/01_E2E_QA_Code/E2E-Evaluation/outputs/waymo_5neighbor_context_laneaware_clean_v1_part_13_26/shards/shard_000006,2632,test
86202,18,/Users/liuqing/Projects/01_E2E_QA_Code/E2E-Evaluation/outputs/waymo_5neighbor_context_laneaware_clean_v1_part_26_39/shards/shard_000000,1779,test
88761,18,/Users/liuqing/Projects/01_E2E_QA_Code/E2E-Evaluation/outputs/waymo_5neighbor_context_laneaware_clean_v1_part_26_39/shards/shard_000000,4338,test
103889,21,/Users/liuqing/Projects/01_E2E_QA_Code/E2E-Evaluation/outputs/waymo_5neighbor_context_laneaware_clean_v1_part_26_39/shards/shard_000003,4458,test
29542,5,/Users/liuqing/Projects/01_E2E_QA_Code/E2E-Evaluation/outputs/waymo_5neighbor_context_laneaware_clean_v1_part_00_13/shards/shard_000005,4525,test
86576,18,/Users/liuqing/Projects/01_E2E_QA_Code/E2E-Evaluation/outputs/waymo_5neighbor_context_laneaware_clean_v1_part_26_39/shards/shard_000000,2153,test
135626,28,/Users/liuqing/Projects/01_E2E_QA_Code/E2E-Evaluation/outputs/waymo_5neighbor_context_laneaware_clean_v1_part_39_51/shards/shard_000001,4375,test
52427,10,/Users/liuqing/Projects/01_E2E_QA_Code/E2E-Evaluation/outputs/waymo_5neighbor_context_laneaware_clean_v1_part_13_26/shards/shard_000001,4742,test
57168,11,/Users/liuqing/Projects/01_E2E_QA_Code/E2E-Evaluation/outputs/waymo_5neighbor_context_laneaware_clean_v1_part_13_26/shards/shard_000002,4481,test
62196,12,/Users/liuqing/Projects/01_E2E_QA_Code/E2E-Evaluation/outputs/waymo_5neighbor_context_laneaware_clean_v1_part_13_26/shards/shard_000003,4507,test
74394,15,/Users/liuqing/Projects/01_E2E_QA_Code/E2E-Evaluation/outputs/waymo_5neighbor_context_laneaware_clean_v1_part_13_26/shards/shard_000006,1673,test
47062,9,/Users/liuqing/Projects/01_E2E_QA_Code/E2E-Evaluation/outputs/waymo_5neighbor_context_laneaware_clean_v1_part_13_26/shards/shard_000000,4390,test
143706,30,/Users/liuqing/Projects/01_E2E_QA_Code/E2E-Evaluation/outputs/waymo_5neighbor_context_laneaware_clean_v1_part_39_51/shards/shard_000003,2437,test
132604,28,/Users/liuqing/Projects/01_E2E_QA_Code/E2E-Evaluation/outputs/waymo_5neighbor_context_laneaware_clean_v1_part_39_51/shards/shard_000001,1353,test
9170,1,/Users/liuqing/Projects/01_E2E_QA_Code/E2E-Evaluation/outputs/waymo_5neighbor_context_laneaware_clean_v1_part_00_13/shards/shard_000001,4168,test
28145,5,/Users/liuqing/Projects/01_E2E_QA_Code/E2E-Evaluation/outputs/waymo_5neighbor_context_laneaware_clean_v1_part_00_13/shards/shard_000005,3128,test
117392,24,/Users/liuqing/Projects/01_E2E_QA_Code/E2E-Evaluation/outputs/waymo_5neighbor_context_laneaware_clean_v1_part_26_39/shards/shard_000006,2944,test
45303,9,/Users/liuqing/Projects/01_E2E_QA_Code/E2E-Evaluation/outputs/waymo_5neighbor_context_laneaware_clean_v1_part_13_26/shards/shard_000000,2631,test
67023,13,/Users/liuqing/Projects/01_E2E_QA_Code/E2E-Evaluation/outputs/waymo_5neighbor_context_laneaware_clean_v1_part_13_26/shards/shard_000004,4321,test
102537,21,/Users/liuqing/Projects/01_E2E_QA_Code/E2E-Evaluation/outputs/waymo_5neighbor_context_laneaware_clean_v1_part_26_39/shards/shard_000003,3106,test
12600,2,/Users/liuqing/Projects/01_E2E_QA_Code/E2E-Evaluation/outputs/waymo_5neighbor_context_laneaware_clean_v1_part_00_13/shards/shard_000002,2594,test
163827,34,/Users/liuqing/Projects/01_E2E_QA_Code/E2E-Evaluation/outputs/waymo_5neighbor_context_laneaware_clean_v1_part_39_51/shards/shard_000007,2547,test
5735,1,/Users/liuqing/Projects/01_E2E_QA_Code/E2E-Evaluation/outputs/waymo_5neighbor_context_laneaware_clean_v1_part_00_13/shards/shard_000001,733,test
151982,32,/Users/liuqing/Projects/01_E2E_QA_Code/E2E-Evaluation/outputs/waymo_5neighbor_context_laneaware_clean_v1_part_39_51/shards/shard_000005,711,test
105593,22,/Users/liuqing/Projects/01_E2E_QA_Code/E2E-Evaluation/outputs/waymo_5neighbor_context_laneaware_clean_v1_part_26_39/shards/shard_000004,1161,test
28143,5,/Users/liuqing/Projects/01_E2E_QA_Code/E2E-Evaluation/outputs/waymo_5neighbor_context_laneaware_clean_v1_part_00_13/shards/shard_000005,3126,test
31794,6,/Users/liuqing/Projects/01_E2E_QA_Code/E2E-Evaluation/outputs/waymo_5neighbor_context_laneaware_clean_v1_part_00_13/shards/shard_000006,1776,test
53644,11,/Users/liuqing/Projects/01_E2E_QA_Code/E2E-Evaluation/outputs/waymo_5neighbor_context_laneaware_clean_v1_part_13_26/shards/shard_000002,957,test
44899,9,/Users/liuqing/Projects/01_E2E_QA_Code/E2E-Evaluation/outputs/waymo_5neighbor_context_laneaware_clean_v1_part_13_26/shards/shard_000000,2227,test
87894,18,/Users/liuqing/Projects/01_E2E_QA_Code/E2E-Evaluation/outputs/waymo_5neighbor_context_laneaware_clean_v1_part_26_39/shards/shard_000000,3471,test
79961,16,/Users/liuqing/Projects/01_E2E_QA_Code/E2E-Evaluation/outputs/waymo_5neighbor_context_laneaware_clean_v1_part_13_26/shards/shard_000007,2240,test
60979,12,/Users/liuqing/Projects/01_E2E_QA_Code/E2E-Evaluation/outputs/waymo_5neighbor_context_laneaware_clean_v1_part_13_26/shards/shard_000003,3290,test
145265,30,/Users/liuqing/Projects/01_E2E_QA_Code/E2E-Evaluation/outputs/waymo_5neighbor_context_laneaware_clean_v1_part_39_51/shards/shard_000003,3996,test
136487,29,/Users/liuqing/Projects/01_E2E_QA_Code/E2E-Evaluation/outputs/waymo_5neighbor_context_laneaware_clean_v1_part_39_51/shards/shard_000002,234,test
52385,10,/Users/liuqing/Projects/01_E2E_QA_Code/E2E-Evaluation/outputs/waymo_5neighbor_context_laneaware_clean_v1_part_13_26/shards/shard_000001,4700,test
34523,6,/Users/liuqing/Projects/01_E2E_QA_Code/E2E-Evaluation/outputs/waymo_5neighbor_context_laneaware_clean_v1_part_00_13/shards/shard_000006,4505,test
124555,26,/Users/liuqing/Projects/01_E2E_QA_Code/E2E-Evaluation/outputs/waymo_5neighbor_context_laneaware_clean_v1_part_26_39/shards/shard_000008,102,test
152765,32,/Users/liuqing/Projects/01_E2E_QA_Code/E2E-Evaluation/outputs/waymo_5neighbor_context_laneaware_clean_v1_part_39_51/shards/shard_000005,1494,test
148976,31,/Users/liuqing/Projects/01_E2E_QA_Code/E2E-Evaluation/outputs/waymo_5neighbor_context_laneaware_clean_v1_part_39_51/shards/shard_000004,2706,test
142500,30,/Users/liuqing/Projects/01_E2E_QA_Code/E2E-Evaluation/outputs/waymo_5neighbor_context_laneaware_clean_v1_part_39_51/shards/shard_000003,1231,test
143456,30,/Users/liuqing/Projects/01_E2E_QA_Code/E2E-Evaluation/outputs/waymo_5neighbor_context_laneaware_clean_v1_part_39_51/shards/shard_000003,2187,test
154170,32,/Users/liuqing/Projects/01_E2E_QA_Code/E2E-Evaluation/outputs/waymo_5neighbor_context_laneaware_clean_v1_part_39_51/shards/shard_000005,2899,test
12836,2,/Users/liuqing/Projects/01_E2E_QA_Code/E2E-Evaluation/outputs/waymo_5neighbor_context_laneaware_clean_v1_part_00_13/shards/shard_000002,2830,test
108566,22,/Users/liuqing/Projects/01_E2E_QA_Code/E2E-Evaluation/outputs/waymo_5neighbor_context_laneaware_clean_v1_part_26_39/shards/shard_000004,4134,test
5017,1,/Users/liuqing/Projects/01_E2E_QA_Code/E2E-Evaluation/outputs/waymo_5neighbor_context_laneaware_clean_v1_part_00_13/shards/shard_000001,15,test
17146,3,/Users/liuqing/Projects/01_E2E_QA_Code/E2E-Evaluation/outputs/waymo_5neighbor_context_laneaware_clean_v1_part_00_13/shards/shard_000003,2140,test
99456,21,/Users/liuqing/Projects/01_E2E_QA_Code/E2E-Evaluation/outputs/waymo_5neighbor_context_laneaware_clean_v1_part_26_39/shards/shard_000003,25,test
78300,16,/Users/liuqing/Projects/01_E2E_QA_Code/E2E-Evaluation/outputs/waymo_5neighbor_context_laneaware_clean_v1_part_13_26/shards/shard_000007,579,test
155732,32,/Users/liuqing/Projects/01_E2E_QA_Code/E2E-Evaluation/outputs/waymo_5neighbor_context_laneaware_clean_v1_part_39_51/shards/shard_000005,4461,test
20038,4,/Users/liuqing/Projects/01_E2E_QA_Code/E2E-Evaluation/outputs/waymo_5neighbor_context_laneaware_clean_v1_part_00_13/shards/shard_000004,32,test
79085,16,/Users/liuqing/Projects/01_E2E_QA_Code/E2E-Evaluation/outputs/waymo_5neighbor_context_laneaware_clean_v1_part_13_26/shards/shard_000007,1364,test
9176,1,/Users/liuqing/Projects/01_E2E_QA_Code/E2E-Evaluation/outputs/waymo_5neighbor_context_laneaware_clean_v1_part_00_13/shards/shard_000001,4174,test
71199,14,/Users/liuqing/Projects/01_E2E_QA_Code/E2E-Evaluation/outputs/waymo_5neighbor_context_laneaware_clean_v1_part_13_26/shards/shard_000005,3489,test
88208,18,/Users/liuqing/Projects/01_E2E_QA_Code/E2E-Evaluation/outputs/waymo_5neighbor_context_laneaware_clean_v1_part_26_39/shards/shard_000000,3785,test
126122,26,/Users/liuqing/Projects/01_E2E_QA_Code/E2E-Evaluation/outputs/waymo_5neighbor_context_laneaware_clean_v1_part_26_39/shards/shard_000008,1669,test
11340,2,/Users/liuqing/Projects/01_E2E_QA_Code/E2E-Evaluation/outputs/waymo_5neighbor_context_laneaware_clean_v1_part_00_13/shards/shard_000002,1334,test
5072,1,/Users/liuqing/Projects/01_E2E_QA_Code/E2E-Evaluation/outputs/waymo_5neighbor_context_laneaware_clean_v1_part_00_13/shards/shard_000001,70,test
68759,14,/Users/liuqing/Projects/01_E2E_QA_Code/E2E-Evaluation/outputs/waymo_5neighbor_context_laneaware_clean_v1_part_13_26/shards/shard_000005,1049,test
29388,5,/Users/liuqing/Projects/01_E2E_QA_Code/E2E-Evaluation/outputs/waymo_5neighbor_context_laneaware_clean_v1_part_00_13/shards/shard_000005,4371,test
51359,10,/Users/liuqing/Projects/01_E2E_QA_Code/E2E-Evaluation/outputs/waymo_5neighbor_context_laneaware_clean_v1_part_13_26/shards/shard_000001,3674,test
3678,0,/Users/liuqing/Projects/01_E2E_QA_Code/E2E-Evaluation/outputs/waymo_5neighbor_context_laneaware_clean_v1_part_00_13/shards/shard_000000,3678,test
47064,9,/Users/liuqing/Projects/01_E2E_QA_Code/E2E-Evaluation/outputs/waymo_5neighbor_context_laneaware_clean_v1_part_13_26/shards/shard_000000,4392,test
81065,16,/Users/liuqing/Projects/01_E2E_QA_Code/E2E-Evaluation/outputs/waymo_5neighbor_context_laneaware_clean_v1_part_13_26/shards/shard_000007,3344,test
84970,18,/Users/liuqing/Projects/01_E2E_QA_Code/E2E-Evaluation/outputs/waymo_5neighbor_context_laneaware_clean_v1_part_26_39/shards/shard_000000,547,test
97255,20,/Users/liuqing/Projects/01_E2E_QA_Code/E2E-Evaluation/outputs/waymo_5neighbor_context_laneaware_clean_v1_part_26_39/shards/shard_000002,2828,test
110811,23,/Users/liuqing/Projects/01_E2E_QA_Code/E2E-Evaluation/outputs/waymo_5neighbor_context_laneaware_clean_v1_part_26_39/shards/shard_000005,1372,test
109795,23,/Users/liuqing/Projects/01_E2E_QA_Code/E2E-Evaluation/outputs/waymo_5neighbor_context_laneaware_clean_v1_part_26_39/shards/shard_000005,356,test
79968,16,/Users/liuqing/Projects/01_E2E_QA_Code/E2E-Evaluation/outputs/waymo_5neighbor_context_laneaware_clean_v1_part_13_26/shards/shard_000007,2247,test
155219,32,/Users/liuqing/Projects/01_E2E_QA_Code/E2E-Evaluation/outputs/waymo_5neighbor_context_laneaware_clean_v1_part_39_51/shards/shard_000005,3948,test
36329,7,/Users/liuqing/Projects/01_E2E_QA_Code/E2E-Evaluation/outputs/waymo_5neighbor_context_laneaware_clean_v1_part_00_13/shards/shard_000007,1310,test
149882,31,/Users/liuqing/Projects/01_E2E_QA_Code/E2E-Evaluation/outputs/waymo_5neighbor_context_laneaware_clean_v1_part_39_51/shards/shard_000004,3612,test
27881,5,/Users/liuqing/Projects/01_E2E_QA_Code/E2E-Evaluation/outputs/waymo_5neighbor_context_laneaware_clean_v1_part_00_13/shards/shard_000005,2864,test
25281,5,/Users/liuqing/Projects/01_E2E_QA_Code/E2E-Evaluation/outputs/waymo_5neighbor_context_laneaware_clean_v1_part_00_13/shards/shard_000005,264,test
81106,16,/Users/liuqing/Projects/01_E2E_QA_Code/E2E-Evaluation/outputs/waymo_5neighbor_context_laneaware_clean_v1_part_13_26/shards/shard_000007,3385,test
40099,8,/Users/liuqing/Projects/01_E2E_QA_Code/E2E-Evaluation/outputs/waymo_5neighbor_context_laneaware_clean_v1_part_00_13/shards/shard_000008,71,test
132184,28,/Users/liuqing/Projects/01_E2E_QA_Code/E2E-Evaluation/outputs/waymo_5neighbor_context_laneaware_clean_v1_part_39_51/shards/shard_000001,933,test
47070,9,/Users/liuqing/Projects/01_E2E_QA_Code/E2E-Evaluation/outputs/waymo_5neighbor_context_laneaware_clean_v1_part_13_26/shards/shard_000000,4398,test
68791,14,/Users/liuqing/Projects/01_E2E_QA_Code/E2E-Evaluation/outputs/waymo_5neighbor_context_laneaware_clean_v1_part_13_26/shards/shard_000005,1081,test
5816,1,/Users/liuqing/Projects/01_E2E_QA_Code/E2E-Evaluation/outputs/waymo_5neighbor_context_laneaware_clean_v1_part_00_13/shards/shard_000001,814,test
154126,32,/Users/liuqing/Projects/01_E2E_QA_Code/E2E-Evaluation/outputs/waymo_5neighbor_context_laneaware_clean_v1_part_39_51/shards/shard_000005,2855,test
162372,34,/Users/liuqing/Projects/01_E2E_QA_Code/E2E-Evaluation/outputs/waymo_5neighbor_context_laneaware_clean_v1_part_39_51/shards/shard_000007,1092,test
154321,32,/Users/liuqing/Projects/01_E2E_QA_Code/E2E-Evaluation/outputs/waymo_5neighbor_context_laneaware_clean_v1_part_39_51/shards/shard_000005,3050,test
68480,14,/Users/liuqing/Projects/01_E2E_QA_Code/E2E-Evaluation/outputs/waymo_5neighbor_context_laneaware_clean_v1_part_13_26/shards/shard_000005,770,test
25483,5,/Users/liuqing/Projects/01_E2E_QA_Code/E2E-Evaluation/outputs/waymo_5neighbor_context_laneaware_clean_v1_part_00_13/shards/shard_000005,466,test
61169,12,/Users/liuqing/Projects/01_E2E_QA_Code/E2E-Evaluation/outputs/waymo_5neighbor_context_laneaware_clean_v1_part_13_26/shards/shard_000003,3480,test
2131,0,/Users/liuqing/Projects/01_E2E_QA_Code/E2E-Evaluation/outputs/waymo_5neighbor_context_laneaware_clean_v1_part_00_13/shards/shard_000000,2131,test
149270,31,/Users/liuqing/Projects/01_E2E_QA_Code/E2E-Evaluation/outputs/waymo_5neighbor_context_laneaware_clean_v1_part_39_51/shards/shard_000004,3000,test
50149,10,/Users/liuqing/Projects/01_E2E_QA_Code/E2E-Evaluation/outputs/waymo_5neighbor_context_laneaware_clean_v1_part_13_26/shards/shard_000001,2464,test
82809,17,/Users/liuqing/Projects/01_E2E_QA_Code/E2E-Evaluation/outputs/waymo_5neighbor_context_laneaware_clean_v1_part_13_26/shards/shard_000008,79,test
112174,23,/Users/liuqing/Projects/01_E2E_QA_Code/E2E-Evaluation/outputs/waymo_5neighbor_context_laneaware_clean_v1_part_26_39/shards/shard_000005,2735,test
110236,23,/Users/liuqing/Projects/01_E2E_QA_Code/E2E-Evaluation/outputs/waymo_5neighbor_context_laneaware_clean_v1_part_26_39/shards/shard_000005,797,test
121870,25,/Users/liuqing/Projects/01_E2E_QA_Code/E2E-Evaluation/outputs/waymo_5neighbor_context_laneaware_clean_v1_part_26_39/shards/shard_000007,2421,test
28147,5,/Users/liuqing/Projects/01_E2E_QA_Code/E2E-Evaluation/outputs/waymo_5neighbor_context_laneaware_clean_v1_part_00_13/shards/shard_000005,3130,test
119887,25,/Users/liuqing/Projects/01_E2E_QA_Code/E2E-Evaluation/outputs/waymo_5neighbor_context_laneaware_clean_v1_part_26_39/shards/shard_000007,438,test
114538,24,/Users/liuqing/Projects/01_E2E_QA_Code/E2E-Evaluation/outputs/waymo_5neighbor_context_laneaware_clean_v1_part_26_39/shards/shard_000006,90,test
3737,0,/Users/liuqing/Projects/01_E2E_QA_Code/E2E-Evaluation/outputs/waymo_5neighbor_context_laneaware_clean_v1_part_00_13/shards/shard_000000,3737,test
140168,29,/Users/liuqing/Projects/01_E2E_QA_Code/E2E-Evaluation/outputs/waymo_5neighbor_context_laneaware_clean_v1_part_39_51/shards/shard_000002,3915,test
101981,21,/Users/liuqing/Projects/01_E2E_QA_Code/E2E-Evaluation/outputs/waymo_5neighbor_context_laneaware_clean_v1_part_26_39/shards/shard_000003,2550,test
81160,16,/Users/liuqing/Projects/01_E2E_QA_Code/E2E-Evaluation/outputs/waymo_5neighbor_context_laneaware_clean_v1_part_13_26/shards/shard_000007,3439,test
43086,9,/Users/liuqing/Projects/01_E2E_QA_Code/E2E-Evaluation/outputs/waymo_5neighbor_context_laneaware_clean_v1_part_13_26/shards/shard_000000,414,test
110683,23,/Users/liuqing/Projects/01_E2E_QA_Code/E2E-Evaluation/outputs/waymo_5neighbor_context_laneaware_clean_v1_part_26_39/shards/shard_000005,1244,test
109510,23,/Users/liuqing/Projects/01_E2E_QA_Code/E2E-Evaluation/outputs/waymo_5neighbor_context_laneaware_clean_v1_part_26_39/shards/shard_000005,71,test
153920,32,/Users/liuqing/Projects/01_E2E_QA_Code/E2E-Evaluation/outputs/waymo_5neighbor_context_laneaware_clean_v1_part_39_51/shards/shard_000005,2649,test
162801,34,/Users/liuqing/Projects/01_E2E_QA_Code/E2E-Evaluation/outputs/waymo_5neighbor_context_laneaware_clean_v1_part_39_51/shards/shard_000007,1521,test
70415,14,/Users/liuqing/Projects/01_E2E_QA_Code/E2E-Evaluation/outputs/waymo_5neighbor_context_laneaware_clean_v1_part_13_26/shards/shard_000005,2705,test
102309,21,/Users/liuqing/Projects/01_E2E_QA_Code/E2E-Evaluation/outputs/waymo_5neighbor_context_laneaware_clean_v1_part_26_39/shards/shard_000003,2878,test
155696,32,/Users/liuqing/Projects/01_E2E_QA_Code/E2E-Evaluation/outputs/waymo_5neighbor_context_laneaware_clean_v1_part_39_51/shards/shard_000005,4425,test
76791,15,/Users/liuqing/Projects/01_E2E_QA_Code/E2E-Evaluation/outputs/waymo_5neighbor_context_laneaware_clean_v1_part_13_26/shards/shard_000006,4070,test
103686,21,/Users/liuqing/Projects/01_E2E_QA_Code/E2E-Evaluation/outputs/waymo_5neighbor_context_laneaware_clean_v1_part_26_39/shards/shard_000003,4255,test
60295,12,/Users/liuqing/Projects/01_E2E_QA_Code/E2E-Evaluation/outputs/waymo_5neighbor_context_laneaware_clean_v1_part_13_26/shards/shard_000003,2606,test
30122,6,/Users/liuqing/Projects/01_E2E_QA_Code/E2E-Evaluation/outputs/waymo_5neighbor_context_laneaware_clean_v1_part_00_13/shards/shard_000006,104,test
143110,30,/Users/liuqing/Projects/01_E2E_QA_Code/E2E-Evaluation/outputs/waymo_5neighbor_context_laneaware_clean_v1_part_39_51/shards/shard_000003,1841,test
79086,16,/Users/liuqing/Projects/01_E2E_QA_Code/E2E-Evaluation/outputs/waymo_5neighbor_context_laneaware_clean_v1_part_13_26/shards/shard_000007,1365,test
84158,17,/Users/liuqing/Projects/01_E2E_QA_Code/E2E-Evaluation/outputs/waymo_5neighbor_context_laneaware_clean_v1_part_13_26/shards/shard_000008,1428,test
103846,21,/Users/liuqing/Projects/01_E2E_QA_Code/E2E-Evaluation/outputs/waymo_5neighbor_context_laneaware_clean_v1_part_26_39/shards/shard_000003,4415,test
125761,26,/Users/liuqing/Projects/01_E2E_QA_Code/E2E-Evaluation/outputs/waymo_5neighbor_context_laneaware_clean_v1_part_26_39/shards/shard_000008,1308,test
75247,15,/Users/liuqing/Projects/01_E2E_QA_Code/E2E-Evaluation/outputs/waymo_5neighbor_context_laneaware_clean_v1_part_13_26/shards/shard_000006,2526,test
118407,24,/Users/liuqing/Projects/01_E2E_QA_Code/E2E-Evaluation/outputs/waymo_5neighbor_context_laneaware_clean_v1_part_26_39/shards/shard_000006,3959,test
160997,33,/Users/liuqing/Projects/01_E2E_QA_Code/E2E-Evaluation/outputs/waymo_5neighbor_context_laneaware_clean_v1_part_39_51/shards/shard_000006,4725,test
19146,3,/Users/liuqing/Projects/01_E2E_QA_Code/E2E-Evaluation/outputs/waymo_5neighbor_context_laneaware_clean_v1_part_00_13/shards/shard_000003,4140,test
62192,12,/Users/liuqing/Projects/01_E2E_QA_Code/E2E-Evaluation/outputs/waymo_5neighbor_context_laneaware_clean_v1_part_13_26/shards/shard_000003,4503,test
116058,24,/Users/liuqing/Projects/01_E2E_QA_Code/E2E-Evaluation/outputs/waymo_5neighbor_context_laneaware_clean_v1_part_26_39/shards/shard_000006,1610,test
11084,2,/Users/liuqing/Projects/01_E2E_QA_Code/E2E-Evaluation/outputs/waymo_5neighbor_context_laneaware_clean_v1_part_00_13/shards/shard_000002,1078,test
25173,5,/Users/liuqing/Projects/01_E2E_QA_Code/E2E-Evaluation/outputs/waymo_5neighbor_context_laneaware_clean_v1_part_00_13/shards/shard_000005,156,test
27910,5,/Users/liuqing/Projects/01_E2E_QA_Code/E2E-Evaluation/outputs/waymo_5neighbor_context_laneaware_clean_v1_part_00_13/shards/shard_000005,2893,test
125866,26,/Users/liuqing/Projects/01_E2E_QA_Code/E2E-Evaluation/outputs/waymo_5neighbor_context_laneaware_clean_v1_part_26_39/shards/shard_000008,1413,test
14169,2,/Users/liuqing/Projects/01_E2E_QA_Code/E2E-Evaluation/outputs/waymo_5neighbor_context_laneaware_clean_v1_part_00_13/shards/shard_000002,4163,test
15132,3,/Users/liuqing/Projects/01_E2E_QA_Code/E2E-Evaluation/outputs/waymo_5neighbor_context_laneaware_clean_v1_part_00_13/shards/shard_000003,126,test
15766,3,/Users/liuqing/Projects/01_E2E_QA_Code/E2E-Evaluation/outputs/waymo_5neighbor_context_laneaware_clean_v1_part_00_13/shards/shard_000003,760,test
61091,12,/Users/liuqing/Projects/01_E2E_QA_Code/E2E-Evaluation/outputs/waymo_5neighbor_context_laneaware_clean_v1_part_13_26/shards/shard_000003,3402,test
159275,33,/Users/liuqing/Projects/01_E2E_QA_Code/E2E-Evaluation/outputs/waymo_5neighbor_context_laneaware_clean_v1_part_39_51/shards/shard_000006,3003,test
69918,14,/Users/liuqing/Projects/01_E2E_QA_Code/E2E-Evaluation/outputs/waymo_5neighbor_context_laneaware_clean_v1_part_13_26/shards/shard_000005,2208,test
76834,15,/Users/liuqing/Projects/01_E2E_QA_Code/E2E-Evaluation/outputs/waymo_5neighbor_context_laneaware_clean_v1_part_13_26/shards/shard_000006,4113,test
143303,30,/Users/liuqing/Projects/01_E2E_QA_Code/E2E-Evaluation/outputs/waymo_5neighbor_context_laneaware_clean_v1_part_39_51/shards/shard_000003,2034,test
127150,27,/Users/liuqing/Projects/01_E2E_QA_Code/E2E-Evaluation/outputs/waymo_5neighbor_context_laneaware_clean_v1_part_39_51/shards/shard_000000,900,test
154332,32,/Users/liuqing/Projects/01_E2E_QA_Code/E2E-Evaluation/outputs/waymo_5neighbor_context_laneaware_clean_v1_part_39_51/shards/shard_000005,3061,test
9911,1,/Users/liuqing/Projects/01_E2E_QA_Code/E2E-Evaluation/outputs/waymo_5neighbor_context_laneaware_clean_v1_part_00_13/shards/shard_000001,4909,test
53640,11,/Users/liuqing/Projects/01_E2E_QA_Code/E2E-Evaluation/outputs/waymo_5neighbor_context_laneaware_clean_v1_part_13_26/shards/shard_000002,953,test
78918,16,/Users/liuqing/Projects/01_E2E_QA_Code/E2E-Evaluation/outputs/waymo_5neighbor_context_laneaware_clean_v1_part_13_26/shards/shard_000007,1197,test
94004,19,/Users/liuqing/Projects/01_E2E_QA_Code/E2E-Evaluation/outputs/waymo_5neighbor_context_laneaware_clean_v1_part_26_39/shards/shard_000001,4577,test
89271,18,/Users/liuqing/Projects/01_E2E_QA_Code/E2E-Evaluation/outputs/waymo_5neighbor_context_laneaware_clean_v1_part_26_39/shards/shard_000000,4848,test
142496,30,/Users/liuqing/Projects/01_E2E_QA_Code/E2E-Evaluation/outputs/waymo_5neighbor_context_laneaware_clean_v1_part_39_51/shards/shard_000003,1227,test
153936,32,/Users/liuqing/Projects/01_E2E_QA_Code/E2E-Evaluation/outputs/waymo_5neighbor_context_laneaware_clean_v1_part_39_51/shards/shard_000005,2665,test
32573,6,/Users/liuqing/Projects/01_E2E_QA_Code/E2E-Evaluation/outputs/waymo_5neighbor_context_laneaware_clean_v1_part_00_13/shards/shard_000006,2555,test
163003,34,/Users/liuqing/Projects/01_E2E_QA_Code/E2E-Evaluation/outputs/waymo_5neighbor_context_laneaware_clean_v1_part_39_51/shards/shard_000007,1723,test
25867,5,/Users/liuqing/Projects/01_E2E_QA_Code/E2E-Evaluation/outputs/waymo_5neighbor_context_laneaware_clean_v1_part_00_13/shards/shard_000005,850,test
41825,8,/Users/liuqing/Projects/01_E2E_QA_Code/E2E-Evaluation/outputs/waymo_5neighbor_context_laneaware_clean_v1_part_00_13/shards/shard_000008,1797,test
92412,19,/Users/liuqing/Projects/01_E2E_QA_Code/E2E-Evaluation/outputs/waymo_5neighbor_context_laneaware_clean_v1_part_26_39/shards/shard_000001,2985,test
28142,5,/Users/liuqing/Projects/01_E2E_QA_Code/E2E-Evaluation/outputs/waymo_5neighbor_context_laneaware_clean_v1_part_00_13/shards/shard_000005,3125,test
148364,31,/Users/liuqing/Projects/01_E2E_QA_Code/E2E-Evaluation/outputs/waymo_5neighbor_context_laneaware_clean_v1_part_39_51/shards/shard_000004,2094,test
150323,31,/Users/liuqing/Projects/01_E2E_QA_Code/E2E-Evaluation/outputs/waymo_5neighbor_context_laneaware_clean_v1_part_39_51/shards/shard_000004,4053,test
112301,23,/Users/liuqing/Projects/01_E2E_QA_Code/E2E-Evaluation/outputs/waymo_5neighbor_context_laneaware_clean_v1_part_26_39/shards/shard_000005,2862,test
157701,33,/Users/liuqing/Projects/01_E2E_QA_Code/E2E-Evaluation/outputs/waymo_5neighbor_context_laneaware_clean_v1_part_39_51/shards/shard_000006,1429,test
58080,12,/Users/liuqing/Projects/01_E2E_QA_Code/E2E-Evaluation/outputs/waymo_5neighbor_context_laneaware_clean_v1_part_13_26/shards/shard_000003,391,test
52436,10,/Users/liuqing/Projects/01_E2E_QA_Code/E2E-Evaluation/outputs/waymo_5neighbor_context_laneaware_clean_v1_part_13_26/shards/shard_000001,4751,test
2888,0,/Users/liuqing/Projects/01_E2E_QA_Code/E2E-Evaluation/outputs/waymo_5neighbor_context_laneaware_clean_v1_part_00_13/shards/shard_000000,2888,test
96691,20,/Users/liuqing/Projects/01_E2E_QA_Code/E2E-Evaluation/outputs/waymo_5neighbor_context_laneaware_clean_v1_part_26_39/shards/shard_000002,2264,test
26042,5,/Users/liuqing/Projects/01_E2E_QA_Code/E2E-Evaluation/outputs/waymo_5neighbor_context_laneaware_clean_v1_part_00_13/shards/shard_000005,1025,test
93266,19,/Users/liuqing/Projects/01_E2E_QA_Code/E2E-Evaluation/outputs/waymo_5neighbor_context_laneaware_clean_v1_part_26_39/shards/shard_000001,3839,test
93249,19,/Users/liuqing/Projects/01_E2E_QA_Code/E2E-Evaluation/outputs/waymo_5neighbor_context_laneaware_clean_v1_part_26_39/shards/shard_000001,3822,test
81685,16,/Users/liuqing/Projects/01_E2E_QA_Code/E2E-Evaluation/outputs/waymo_5neighbor_context_laneaware_clean_v1_part_13_26/shards/shard_000007,3964,test
27383,5,/Users/liuqing/Projects/01_E2E_QA_Code/E2E-Evaluation/outputs/waymo_5neighbor_context_laneaware_clean_v1_part_00_13/shards/shard_000005,2366,test
6636,1,/Users/liuqing/Projects/01_E2E_QA_Code/E2E-Evaluation/outputs/waymo_5neighbor_context_laneaware_clean_v1_part_00_13/shards/shard_000001,1634,test
147095,31,/Users/liuqing/Projects/01_E2E_QA_Code/E2E-Evaluation/outputs/waymo_5neighbor_context_laneaware_clean_v1_part_39_51/shards/shard_000004,825,test
142498,30,/Users/liuqing/Projects/01_E2E_QA_Code/E2E-Evaluation/outputs/waymo_5neighbor_context_laneaware_clean_v1_part_39_51/shards/shard_000003,1229,test
109762,23,/Users/liuqing/Projects/01_E2E_QA_Code/E2E-Evaluation/outputs/waymo_5neighbor_context_laneaware_clean_v1_part_26_39/shards/shard_000005,323,test
96543,20,/Users/liuqing/Projects/01_E2E_QA_Code/E2E-Evaluation/outputs/waymo_5neighbor_context_laneaware_clean_v1_part_26_39/shards/shard_000002,2116,test
27385,5,/Users/liuqing/Projects/01_E2E_QA_Code/E2E-Evaluation/outputs/waymo_5neighbor_context_laneaware_clean_v1_part_00_13/shards/shard_000005,2368,test
15116,3,/Users/liuqing/Projects/01_E2E_QA_Code/E2E-Evaluation/outputs/waymo_5neighbor_context_laneaware_clean_v1_part_00_13/shards/shard_000003,110,test
101837,21,/Users/liuqing/Projects/01_E2E_QA_Code/E2E-Evaluation/outputs/waymo_5neighbor_context_laneaware_clean_v1_part_26_39/shards/shard_000003,2406,test
40816,8,/Users/liuqing/Projects/01_E2E_QA_Code/E2E-Evaluation/outputs/waymo_5neighbor_context_laneaware_clean_v1_part_00_13/shards/shard_000008,788,test
93566,19,/Users/liuqing/Projects/01_E2E_QA_Code/E2E-Evaluation/outputs/waymo_5neighbor_context_laneaware_clean_v1_part_26_39/shards/shard_000001,4139,test
29385,5,/Users/liuqing/Projects/01_E2E_QA_Code/E2E-Evaluation/outputs/waymo_5neighbor_context_laneaware_clean_v1_part_00_13/shards/shard_000005,4368,test
42043,8,/Users/liuqing/Projects/01_E2E_QA_Code/E2E-Evaluation/outputs/waymo_5neighbor_context_laneaware_clean_v1_part_00_13/shards/shard_000008,2015,test
110688,23,/Users/liuqing/Projects/01_E2E_QA_Code/E2E-Evaluation/outputs/waymo_5neighbor_context_laneaware_clean_v1_part_26_39/shards/shard_000005,1249,test
42440,8,/Users/liuqing/Projects/01_E2E_QA_Code/E2E-Evaluation/outputs/waymo_5neighbor_context_laneaware_clean_v1_part_00_13/shards/shard_000008,2412,test
72308,14,/Users/liuqing/Projects/01_E2E_QA_Code/E2E-Evaluation/outputs/waymo_5neighbor_context_laneaware_clean_v1_part_13_26/shards/shard_000005,4598,test
56356,11,/Users/liuqing/Projects/01_E2E_QA_Code/E2E-Evaluation/outputs/waymo_5neighbor_context_laneaware_clean_v1_part_13_26/shards/shard_000002,3669,test
63158,13,/Users/liuqing/Projects/01_E2E_QA_Code/E2E-Evaluation/outputs/waymo_5neighbor_context_laneaware_clean_v1_part_13_26/shards/shard_000004,456,test
87818,18,/Users/liuqing/Projects/01_E2E_QA_Code/E2E-Evaluation/outputs/waymo_5neighbor_context_laneaware_clean_v1_part_26_39/shards/shard_000000,3395,test
33635,6,/Users/liuqing/Projects/01_E2E_QA_Code/E2E-Evaluation/outputs/waymo_5neighbor_context_laneaware_clean_v1_part_00_13/shards/shard_000006,3617,test
43079,9,/Users/liuqing/Projects/01_E2E_QA_Code/E2E-Evaluation/outputs/waymo_5neighbor_context_laneaware_clean_v1_part_13_26/shards/shard_000000,407,test
30327,6,/Users/liuqing/Projects/01_E2E_QA_Code/E2E-Evaluation/outputs/waymo_5neighbor_context_laneaware_clean_v1_part_00_13/shards/shard_000006,309,test
65113,13,/Users/liuqing/Projects/01_E2E_QA_Code/E2E-Evaluation/outputs/waymo_5neighbor_context_laneaware_clean_v1_part_13_26/shards/shard_000004,2411,test
121918,25,/Users/liuqing/Projects/01_E2E_QA_Code/E2E-Evaluation/outputs/waymo_5neighbor_context_laneaware_clean_v1_part_26_39/shards/shard_000007,2469,test
117947,24,/Users/liuqing/Projects/01_E2E_QA_Code/E2E-Evaluation/outputs/waymo_5neighbor_context_laneaware_clean_v1_part_26_39/shards/shard_000006,3499,test
57539,11,/Users/liuqing/Projects/01_E2E_QA_Code/E2E-Evaluation/outputs/waymo_5neighbor_context_laneaware_clean_v1_part_13_26/shards/shard_000002,4852,test
31188,6,/Users/liuqing/Projects/01_E2E_QA_Code/E2E-Evaluation/outputs/waymo_5neighbor_context_laneaware_clean_v1_part_00_13/shards/shard_000006,1170,test
57860,12,/Users/liuqing/Projects/01_E2E_QA_Code/E2E-Evaluation/outputs/waymo_5neighbor_context_laneaware_clean_v1_part_13_26/shards/shard_000003,171,test
26451,5,/Users/liuqing/Projects/01_E2E_QA_Code/E2E-Evaluation/outputs/waymo_5neighbor_context_laneaware_clean_v1_part_00_13/shards/shard_000005,1434,test
142544,30,/Users/liuqing/Projects/01_E2E_QA_Code/E2E-Evaluation/outputs/waymo_5neighbor_context_laneaware_clean_v1_part_39_51/shards/shard_000003,1275,test
126559,27,/Users/liuqing/Projects/01_E2E_QA_Code/E2E-Evaluation/outputs/waymo_5neighbor_context_laneaware_clean_v1_part_39_51/shards/shard_000000,309,test
39659,7,/Users/liuqing/Projects/01_E2E_QA_Code/E2E-Evaluation/outputs/waymo_5neighbor_context_laneaware_clean_v1_part_00_13/shards/shard_000007,4640,test
90335,19,/Users/liuqing/Projects/01_E2E_QA_Code/E2E-Evaluation/outputs/waymo_5neighbor_context_laneaware_clean_v1_part_26_39/shards/shard_000001,908,test
145264,30,/Users/liuqing/Projects/01_E2E_QA_Code/E2E-Evaluation/outputs/waymo_5neighbor_context_laneaware_clean_v1_part_39_51/shards/shard_000003,3995,test
125679,26,/Users/liuqing/Projects/01_E2E_QA_Code/E2E-Evaluation/outputs/waymo_5neighbor_context_laneaware_clean_v1_part_26_39/shards/shard_000008,1226,test
43464,9,/Users/liuqing/Projects/01_E2E_QA_Code/E2E-Evaluation/outputs/waymo_5neighbor_context_laneaware_clean_v1_part_13_26/shards/shard_000000,792,test
76779,15,/Users/liuqing/Projects/01_E2E_QA_Code/E2E-Evaluation/outputs/waymo_5neighbor_context_laneaware_clean_v1_part_13_26/shards/shard_000006,4058,test
7593,1,/Users/liuqing/Projects/01_E2E_QA_Code/E2E-Evaluation/outputs/waymo_5neighbor_context_laneaware_clean_v1_part_00_13/shards/shard_000001,2591,test
76988,15,/Users/liuqing/Projects/01_E2E_QA_Code/E2E-Evaluation/outputs/waymo_5neighbor_context_laneaware_clean_v1_part_13_26/shards/shard_000006,4267,test
7314,1,/Users/liuqing/Projects/01_E2E_QA_Code/E2E-Evaluation/outputs/waymo_5neighbor_context_laneaware_clean_v1_part_00_13/shards/shard_000001,2312,test
159272,33,/Users/liuqing/Projects/01_E2E_QA_Code/E2E-Evaluation/outputs/waymo_5neighbor_context_laneaware_clean_v1_part_39_51/shards/shard_000006,3000,test
56989,11,/Users/liuqing/Projects/01_E2E_QA_Code/E2E-Evaluation/outputs/waymo_5neighbor_context_laneaware_clean_v1_part_13_26/shards/shard_000002,4302,test
47077,9,/Users/liuqing/Projects/01_E2E_QA_Code/E2E-Evaluation/outputs/waymo_5neighbor_context_laneaware_clean_v1_part_13_26/shards/shard_000000,4405,test
36073,7,/Users/liuqing/Projects/01_E2E_QA_Code/E2E-Evaluation/outputs/waymo_5neighbor_context_laneaware_clean_v1_part_00_13/shards/shard_000007,1054,test
29726,5,/Users/liuqing/Projects/01_E2E_QA_Code/E2E-Evaluation/outputs/waymo_5neighbor_context_laneaware_clean_v1_part_00_13/shards/shard_000005,4709,test
109377,22,/Users/liuqing/Projects/01_E2E_QA_Code/E2E-Evaluation/outputs/waymo_5neighbor_context_laneaware_clean_v1_part_26_39/shards/shard_000004,4945,test
136658,29,/Users/liuqing/Projects/01_E2E_QA_Code/E2E-Evaluation/outputs/waymo_5neighbor_context_laneaware_clean_v1_part_39_51/shards/shard_000002,405,test
34701,6,/Users/liuqing/Projects/01_E2E_QA_Code/E2E-Evaluation/outputs/waymo_5neighbor_context_laneaware_clean_v1_part_00_13/shards/shard_000006,4683,test
141016,29,/Users/liuqing/Projects/01_E2E_QA_Code/E2E-Evaluation/outputs/waymo_5neighbor_context_laneaware_clean_v1_part_39_51/shards/shard_000002,4763,test
969,0,/Users/liuqing/Projects/01_E2E_QA_Code/E2E-Evaluation/outputs/waymo_5neighbor_context_laneaware_clean_v1_part_00_13/shards/shard_000000,969,test
46674,9,/Users/liuqing/Projects/01_E2E_QA_Code/E2E-Evaluation/outputs/waymo_5neighbor_context_laneaware_clean_v1_part_13_26/shards/shard_000000,4002,test
145267,30,/Users/liuqing/Projects/01_E2E_QA_Code/E2E-Evaluation/outputs/waymo_5neighbor_context_laneaware_clean_v1_part_39_51/shards/shard_000003,3998,test
65673,13,/Users/liuqing/Projects/01_E2E_QA_Code/E2E-Evaluation/outputs/waymo_5neighbor_context_laneaware_clean_v1_part_13_26/shards/shard_000004,2971,test
85428,18,/Users/liuqing/Projects/01_E2E_QA_Code/E2E-Evaluation/outputs/waymo_5neighbor_context_laneaware_clean_v1_part_26_39/shards/shard_000000,1005,test
53043,11,/Users/liuqing/Projects/01_E2E_QA_Code/E2E-Evaluation/outputs/waymo_5neighbor_context_laneaware_clean_v1_part_13_26/shards/shard_000002,356,test
78551,16,/Users/liuqing/Projects/01_E2E_QA_Code/E2E-Evaluation/outputs/waymo_5neighbor_context_laneaware_clean_v1_part_13_26/shards/shard_000007,830,test
44639,9,/Users/liuqing/Projects/01_E2E_QA_Code/E2E-Evaluation/outputs/waymo_5neighbor_context_laneaware_clean_v1_part_13_26/shards/shard_000000,1967,test
151561,32,/Users/liuqing/Projects/01_E2E_QA_Code/E2E-Evaluation/outputs/waymo_5neighbor_context_laneaware_clean_v1_part_39_51/shards/shard_000005,290,test
31301,6,/Users/liuqing/Projects/01_E2E_QA_Code/E2E-Evaluation/outputs/waymo_5neighbor_context_laneaware_clean_v1_part_00_13/shards/shard_000006,1283,test
75351,15,/Users/liuqing/Projects/01_E2E_QA_Code/E2E-Evaluation/outputs/waymo_5neighbor_context_laneaware_clean_v1_part_13_26/shards/shard_000006,2630,test
98679,20,/Users/liuqing/Projects/01_E2E_QA_Code/E2E-Evaluation/outputs/waymo_5neighbor_context_laneaware_clean_v1_part_26_39/shards/shard_000002,4252,test
53045,11,/Users/liuqing/Projects/01_E2E_QA_Code/E2E-Evaluation/outputs/waymo_5neighbor_context_laneaware_clean_v1_part_13_26/shards/shard_000002,358,test
140619,29,/Users/liuqing/Projects/01_E2E_QA_Code/E2E-Evaluation/outputs/waymo_5neighbor_context_laneaware_clean_v1_part_39_51/shards/shard_000002,4366,test
33095,6,/Users/liuqing/Projects/01_E2E_QA_Code/E2E-Evaluation/outputs/waymo_5neighbor_context_laneaware_clean_v1_part_00_13/shards/shard_000006,3077,test
124512,26,/Users/liuqing/Projects/01_E2E_QA_Code/E2E-Evaluation/outputs/waymo_5neighbor_context_laneaware_clean_v1_part_26_39/shards/shard_000008,59,test
46202,9,/Users/liuqing/Projects/01_E2E_QA_Code/E2E-Evaluation/outputs/waymo_5neighbor_context_laneaware_clean_v1_part_13_26/shards/shard_000000,3530,test
125762,26,/Users/liuqing/Projects/01_E2E_QA_Code/E2E-Evaluation/outputs/waymo_5neighbor_context_laneaware_clean_v1_part_26_39/shards/shard_000008,1309,test
75130,15,/Users/liuqing/Projects/01_E2E_QA_Code/E2E-Evaluation/outputs/waymo_5neighbor_context_laneaware_clean_v1_part_13_26/shards/shard_000006,2409,test
61172,12,/Users/liuqing/Projects/01_E2E_QA_Code/E2E-Evaluation/outputs/waymo_5neighbor_context_laneaware_clean_v1_part_13_26/shards/shard_000003,3483,test
74054,15,/Users/liuqing/Projects/01_E2E_QA_Code/E2E-Evaluation/outputs/waymo_5neighbor_context_laneaware_clean_v1_part_13_26/shards/shard_000006,1333,test
20277,4,/Users/liuqing/Projects/01_E2E_QA_Code/E2E-Evaluation/outputs/waymo_5neighbor_context_laneaware_clean_v1_part_00_13/shards/shard_000004,271,test
68763,14,/Users/liuqing/Projects/01_E2E_QA_Code/E2E-Evaluation/outputs/waymo_5neighbor_context_laneaware_clean_v1_part_13_26/shards/shard_000005,1053,test
121927,25,/Users/liuqing/Projects/01_E2E_QA_Code/E2E-Evaluation/outputs/waymo_5neighbor_context_laneaware_clean_v1_part_26_39/shards/shard_000007,2478,test
130216,27,/Users/liuqing/Projects/01_E2E_QA_Code/E2E-Evaluation/outputs/waymo_5neighbor_context_laneaware_clean_v1_part_39_51/shards/shard_000000,3966,test
42037,8,/Users/liuqing/Projects/01_E2E_QA_Code/E2E-Evaluation/outputs/waymo_5neighbor_context_laneaware_clean_v1_part_00_13/shards/shard_000008,2009,test
22606,4,/Users/liuqing/Projects/01_E2E_QA_Code/E2E-Evaluation/outputs/waymo_5neighbor_context_laneaware_clean_v1_part_00_13/shards/shard_000004,2600,test
34696,6,/Users/liuqing/Projects/01_E2E_QA_Code/E2E-Evaluation/outputs/waymo_5neighbor_context_laneaware_clean_v1_part_00_13/shards/shard_000006,4678,test
68133,14,/Users/liuqing/Projects/01_E2E_QA_Code/E2E-Evaluation/outputs/waymo_5neighbor_context_laneaware_clean_v1_part_13_26/shards/shard_000005,423,test
687,0,/Users/liuqing/Projects/01_E2E_QA_Code/E2E-Evaluation/outputs/waymo_5neighbor_context_laneaware_clean_v1_part_00_13/shards/shard_000000,687,test
42378,8,/Users/liuqing/Projects/01_E2E_QA_Code/E2E-Evaluation/outputs/waymo_5neighbor_context_laneaware_clean_v1_part_00_13/shards/shard_000008,2350,test
29541,5,/Users/liuqing/Projects/01_E2E_QA_Code/E2E-Evaluation/outputs/waymo_5neighbor_context_laneaware_clean_v1_part_00_13/shards/shard_000005,4524,test
107896,22,/Users/liuqing/Projects/01_E2E_QA_Code/E2E-Evaluation/outputs/waymo_5neighbor_context_laneaware_clean_v1_part_26_39/shards/shard_000004,3464,test
29383,5,/Users/liuqing/Projects/01_E2E_QA_Code/E2E-Evaluation/outputs/waymo_5neighbor_context_laneaware_clean_v1_part_00_13/shards/shard_000005,4366,test
85390,18,/Users/liuqing/Projects/01_E2E_QA_Code/E2E-Evaluation/outputs/waymo_5neighbor_context_laneaware_clean_v1_part_26_39/shards/shard_000000,967,test
48000,10,/Users/liuqing/Projects/01_E2E_QA_Code/E2E-Evaluation/outputs/waymo_5neighbor_context_laneaware_clean_v1_part_13_26/shards/shard_000001,315,test
83163,17,/Users/liuqing/Projects/01_E2E_QA_Code/E2E-Evaluation/outputs/waymo_5neighbor_context_laneaware_clean_v1_part_13_26/shards/shard_000008,433,test
43688,9,/Users/liuqing/Projects/01_E2E_QA_Code/E2E-Evaluation/outputs/waymo_5neighbor_context_laneaware_clean_v1_part_13_26/shards/shard_000000,1016,test
36364,7,/Users/liuqing/Projects/01_E2E_QA_Code/E2E-Evaluation/outputs/waymo_5neighbor_context_laneaware_clean_v1_part_00_13/shards/shard_000007,1345,test
43517,9,/Users/liuqing/Projects/01_E2E_QA_Code/E2E-Evaluation/outputs/waymo_5neighbor_context_laneaware_clean_v1_part_13_26/shards/shard_000000,845,test
36101,7,/Users/liuqing/Projects/01_E2E_QA_Code/E2E-Evaluation/outputs/waymo_5neighbor_context_laneaware_clean_v1_part_00_13/shards/shard_000007,1082,test
40832,8,/Users/liuqing/Projects/01_E2E_QA_Code/E2E-Evaluation/outputs/waymo_5neighbor_context_laneaware_clean_v1_part_00_13/shards/shard_000008,804,test
4671,0,/Users/liuqing/Projects/01_E2E_QA_Code/E2E-Evaluation/outputs/waymo_5neighbor_context_laneaware_clean_v1_part_00_13/shards/shard_000000,4671,test
51971,10,/Users/liuqing/Projects/01_E2E_QA_Code/E2E-Evaluation/outputs/waymo_5neighbor_context_laneaware_clean_v1_part_13_26/shards/shard_000001,4286,test
122266,25,/Users/liuqing/Projects/01_E2E_QA_Code/E2E-Evaluation/outputs/waymo_5neighbor_context_laneaware_clean_v1_part_26_39/shards/shard_000007,2817,test
3199,0,/Users/liuqing/Projects/01_E2E_QA_Code/E2E-Evaluation/outputs/waymo_5neighbor_context_laneaware_clean_v1_part_00_13/shards/shard_000000,3199,test
127776,27,/Users/liuqing/Projects/01_E2E_QA_Code/E2E-Evaluation/outputs/waymo_5neighbor_context_laneaware_clean_v1_part_39_51/shards/shard_000000,1526,test
30574,6,/Users/liuqing/Projects/01_E2E_QA_Code/E2E-Evaluation/outputs/waymo_5neighbor_context_laneaware_clean_v1_part_00_13/shards/shard_000006,556,test
57875,12,/Users/liuqing/Projects/01_E2E_QA_Code/E2E-Evaluation/outputs/waymo_5neighbor_context_laneaware_clean_v1_part_13_26/shards/shard_000003,186,test
79072,16,/Users/liuqing/Projects/01_E2E_QA_Code/E2E-Evaluation/outputs/waymo_5neighbor_context_laneaware_clean_v1_part_13_26/shards/shard_000007,1351,test
56863,11,/Users/liuqing/Projects/01_E2E_QA_Code/E2E-Evaluation/outputs/waymo_5neighbor_context_laneaware_clean_v1_part_13_26/shards/shard_000002,4176,test
113202,23,/Users/liuqing/Projects/01_E2E_QA_Code/E2E-Evaluation/outputs/waymo_5neighbor_context_laneaware_clean_v1_part_26_39/shards/shard_000005,3763,test
153937,32,/Users/liuqing/Projects/01_E2E_QA_Code/E2E-Evaluation/outputs/waymo_5neighbor_context_laneaware_clean_v1_part_39_51/shards/shard_000005,2666,test
54167,11,/Users/liuqing/Projects/01_E2E_QA_Code/E2E-Evaluation/outputs/waymo_5neighbor_context_laneaware_clean_v1_part_13_26/shards/shard_000002,1480,test
10892,2,/Users/liuqing/Projects/01_E2E_QA_Code/E2E-Evaluation/outputs/waymo_5neighbor_context_laneaware_clean_v1_part_00_13/shards/shard_000002,886,test
134853,28,/Users/liuqing/Projects/01_E2E_QA_Code/E2E-Evaluation/outputs/waymo_5neighbor_context_laneaware_clean_v1_part_39_51/shards/shard_000001,3602,test
112248,23,/Users/liuqing/Projects/01_E2E_QA_Code/E2E-Evaluation/outputs/waymo_5neighbor_context_laneaware_clean_v1_part_26_39/shards/shard_000005,2809,test
101992,21,/Users/liuqing/Projects/01_E2E_QA_Code/E2E-Evaluation/outputs/waymo_5neighbor_context_laneaware_clean_v1_part_26_39/shards/shard_000003,2561,test
14141,2,/Users/liuqing/Projects/01_E2E_QA_Code/E2E-Evaluation/outputs/waymo_5neighbor_context_laneaware_clean_v1_part_00_13/shards/shard_000002,4135,test
60282,12,/Users/liuqing/Projects/01_E2E_QA_Code/E2E-Evaluation/outputs/waymo_5neighbor_context_laneaware_clean_v1_part_13_26/shards/shard_000003,2593,test
79078,16,/Users/liuqing/Projects/01_E2E_QA_Code/E2E-Evaluation/outputs/waymo_5neighbor_context_laneaware_clean_v1_part_13_26/shards/shard_000007,1357,test
40499,8,/Users/liuqing/Projects/01_E2E_QA_Code/E2E-Evaluation/outputs/waymo_5neighbor_context_laneaware_clean_v1_part_00_13/shards/shard_000008,471,test
27815,5,/Users/liuqing/Projects/01_E2E_QA_Code/E2E-Evaluation/outputs/waymo_5neighbor_context_laneaware_clean_v1_part_00_13/shards/shard_000005,2798,test
109436,22,/Users/liuqing/Projects/01_E2E_QA_Code/E2E-Evaluation/outputs/waymo_5neighbor_context_laneaware_clean_v1_part_26_39/shards/shard_000004,5004,test
56269,11,/Users/liuqing/Projects/01_E2E_QA_Code/E2E-Evaluation/outputs/waymo_5neighbor_context_laneaware_clean_v1_part_13_26/shards/shard_000002,3582,test
22764,4,/Users/liuqing/Projects/01_E2E_QA_Code/E2E-Evaluation/outputs/waymo_5neighbor_context_laneaware_clean_v1_part_00_13/shards/shard_000004,2758,test
50897,10,/Users/liuqing/Projects/01_E2E_QA_Code/E2E-Evaluation/outputs/waymo_5neighbor_context_laneaware_clean_v1_part_13_26/shards/shard_000001,3212,test
74797,15,/Users/liuqing/Projects/01_E2E_QA_Code/E2E-Evaluation/outputs/waymo_5neighbor_context_laneaware_clean_v1_part_13_26/shards/shard_000006,2076,test
81319,16,/Users/liuqing/Projects/01_E2E_QA_Code/E2E-Evaluation/outputs/waymo_5neighbor_context_laneaware_clean_v1_part_13_26/shards/shard_000007,3598,test
105043,22,/Users/liuqing/Projects/01_E2E_QA_Code/E2E-Evaluation/outputs/waymo_5neighbor_context_laneaware_clean_v1_part_26_39/shards/shard_000004,611,test
133035,28,/Users/liuqing/Projects/01_E2E_QA_Code/E2E-Evaluation/outputs/waymo_5neighbor_context_laneaware_clean_v1_part_39_51/shards/shard_000001,1784,test
95561,20,/Users/liuqing/Projects/01_E2E_QA_Code/E2E-Evaluation/outputs/waymo_5neighbor_context_laneaware_clean_v1_part_26_39/shards/shard_000002,1134,test
164708,34,/Users/liuqing/Projects/01_E2E_QA_Code/E2E-Evaluation/outputs/waymo_5neighbor_context_laneaware_clean_v1_part_39_51/shards/shard_000007,3428,test
41224,8,/Users/liuqing/Projects/01_E2E_QA_Code/E2E-Evaluation/outputs/waymo_5neighbor_context_laneaware_clean_v1_part_00_13/shards/shard_000008,1196,test
163180,34,/Users/liuqing/Projects/01_E2E_QA_Code/E2E-Evaluation/outputs/waymo_5neighbor_context_laneaware_clean_v1_part_39_51/shards/shard_000007,1900,test
124459,26,/Users/liuqing/Projects/01_E2E_QA_Code/E2E-Evaluation/outputs/waymo_5neighbor_context_laneaware_clean_v1_part_26_39/shards/shard_000008,6,test
88866,18,/Users/liuqing/Projects/01_E2E_QA_Code/E2E-Evaluation/outputs/waymo_5neighbor_context_laneaware_clean_v1_part_26_39/shards/shard_000000,4443,test
50381,10,/Users/liuqing/Projects/01_E2E_QA_Code/E2E-Evaluation/outputs/waymo_5neighbor_context_laneaware_clean_v1_part_13_26/shards/shard_000001,2696,test
54669,11,/Users/liuqing/Projects/01_E2E_QA_Code/E2E-Evaluation/outputs/waymo_5neighbor_context_laneaware_clean_v1_part_13_26/shards/shard_000002,1982,test
94448,20,/Users/liuqing/Projects/01_E2E_QA_Code/E2E-Evaluation/outputs/waymo_5neighbor_context_laneaware_clean_v1_part_26_39/shards/shard_000002,21,test
111748,23,/Users/liuqing/Projects/01_E2E_QA_Code/E2E-Evaluation/outputs/waymo_5neighbor_context_laneaware_clean_v1_part_26_39/shards/shard_000005,2309,test
108995,22,/Users/liuqing/Projects/01_E2E_QA_Code/E2E-Evaluation/outputs/waymo_5neighbor_context_laneaware_clean_v1_part_26_39/shards/shard_000004,4563,test
23446,4,/Users/liuqing/Projects/01_E2E_QA_Code/E2E-Evaluation/outputs/waymo_5neighbor_context_laneaware_clean_v1_part_00_13/shards/shard_000004,3440,test
66416,13,/Users/liuqing/Projects/01_E2E_QA_Code/E2E-Evaluation/outputs/waymo_5neighbor_context_laneaware_clean_v1_part_13_26/shards/shard_000004,3714,test
109486,23,/Users/liuqing/Projects/01_E2E_QA_Code/E2E-Evaluation/outputs/waymo_5neighbor_context_laneaware_clean_v1_part_26_39/shards/shard_000005,47,test
52378,10,/Users/liuqing/Projects/01_E2E_QA_Code/E2E-Evaluation/outputs/waymo_5neighbor_context_laneaware_clean_v1_part_13_26/shards/shard_000001,4693,test
77624,15,/Users/liuqing/Projects/01_E2E_QA_Code/E2E-Evaluation/outputs/waymo_5neighbor_context_laneaware_clean_v1_part_13_26/shards/shard_000006,4903,test
124413,25,/Users/liuqing/Projects/01_E2E_QA_Code/E2E-Evaluation/outputs/waymo_5neighbor_context_laneaware_clean_v1_part_26_39/shards/shard_000007,4964,test
31078,6,/Users/liuqing/Projects/01_E2E_QA_Code/E2E-Evaluation/outputs/waymo_5neighbor_context_laneaware_clean_v1_part_00_13/shards/shard_000006,1060,test
79073,16,/Users/liuqing/Projects/01_E2E_QA_Code/E2E-Evaluation/outputs/waymo_5neighbor_context_laneaware_clean_v1_part_13_26/shards/shard_000007,1352,test
133269,28,/Users/liuqing/Projects/01_E2E_QA_Code/E2E-Evaluation/outputs/waymo_5neighbor_context_laneaware_clean_v1_part_39_51/shards/shard_000001,2018,test
75427,15,/Users/liuqing/Projects/01_E2E_QA_Code/E2E-Evaluation/outputs/waymo_5neighbor_context_laneaware_clean_v1_part_13_26/shards/shard_000006,2706,test
48062,10,/Users/liuqing/Projects/01_E2E_QA_Code/E2E-Evaluation/outputs/waymo_5neighbor_context_laneaware_clean_v1_part_13_26/shards/shard_000001,377,test
63895,13,/Users/liuqing/Projects/01_E2E_QA_Code/E2E-Evaluation/outputs/waymo_5neighbor_context_laneaware_clean_v1_part_13_26/shards/shard_000004,1193,test
127155,27,/Users/liuqing/Projects/01_E2E_QA_Code/E2E-Evaluation/outputs/waymo_5neighbor_context_laneaware_clean_v1_part_39_51/shards/shard_000000,905,test
155687,32,/Users/liuqing/Projects/01_E2E_QA_Code/E2E-Evaluation/outputs/waymo_5neighbor_context_laneaware_clean_v1_part_39_51/shards/shard_000005,4416,test
81444,16,/Users/liuqing/Projects/01_E2E_QA_Code/E2E-Evaluation/outputs/waymo_5neighbor_context_laneaware_clean_v1_part_13_26/shards/shard_000007,3723,test
126341,27,/Users/liuqing/Projects/01_E2E_QA_Code/E2E-Evaluation/outputs/waymo_5neighbor_context_laneaware_clean_v1_part_39_51/shards/shard_000000,91,test
74403,15,/Users/liuqing/Projects/01_E2E_QA_Code/E2E-Evaluation/outputs/waymo_5neighbor_context_laneaware_clean_v1_part_13_26/shards/shard_000006,1682,test
148191,31,/Users/liuqing/Projects/01_E2E_QA_Code/E2E-Evaluation/outputs/waymo_5neighbor_context_laneaware_clean_v1_part_39_51/shards/shard_000004,1921,test
136659,29,/Users/liuqing/Projects/01_E2E_QA_Code/E2E-Evaluation/outputs/waymo_5neighbor_context_laneaware_clean_v1_part_39_51/shards/shard_000002,406,test
91444,19,/Users/liuqing/Projects/01_E2E_QA_Code/E2E-Evaluation/outputs/waymo_5neighbor_context_laneaware_clean_v1_part_26_39/shards/shard_000001,2017,test
109506,23,/Users/liuqing/Projects/01_E2E_QA_Code/E2E-Evaluation/outputs/waymo_5neighbor_context_laneaware_clean_v1_part_26_39/shards/shard_000005,67,test
81180,16,/Users/liuqing/Projects/01_E2E_QA_Code/E2E-Evaluation/outputs/waymo_5neighbor_context_laneaware_clean_v1_part_13_26/shards/shard_000007,3459,test
130203,27,/Users/liuqing/Projects/01_E2E_QA_Code/E2E-Evaluation/outputs/waymo_5neighbor_context_laneaware_clean_v1_part_39_51/shards/shard_000000,3953,test
122717,25,/Users/liuqing/Projects/01_E2E_QA_Code/E2E-Evaluation/outputs/waymo_5neighbor_context_laneaware_clean_v1_part_26_39/shards/shard_000007,3268,test
146190,30,/Users/liuqing/Projects/01_E2E_QA_Code/E2E-Evaluation/outputs/waymo_5neighbor_context_laneaware_clean_v1_part_39_51/shards/shard_000003,4921,test
119741,25,/Users/liuqing/Projects/01_E2E_QA_Code/E2E-Evaluation/outputs/waymo_5neighbor_context_laneaware_clean_v1_part_26_39/shards/shard_000007,292,test
119712,25,/Users/liuqing/Projects/01_E2E_QA_Code/E2E-Evaluation/outputs/waymo_5neighbor_context_laneaware_clean_v1_part_26_39/shards/shard_000007,263,test
51060,10,/Users/liuqing/Projects/01_E2E_QA_Code/E2E-Evaluation/outputs/waymo_5neighbor_context_laneaware_clean_v1_part_13_26/shards/shard_000001,3375,test
136665,29,/Users/liuqing/Projects/01_E2E_QA_Code/E2E-Evaluation/outputs/waymo_5neighbor_context_laneaware_clean_v1_part_39_51/shards/shard_000002,412,test
84934,18,/Users/liuqing/Projects/01_E2E_QA_Code/E2E-Evaluation/outputs/waymo_5neighbor_context_laneaware_clean_v1_part_26_39/shards/shard_000000,511,test
23457,4,/Users/liuqing/Projects/01_E2E_QA_Code/E2E-Evaluation/outputs/waymo_5neighbor_context_laneaware_clean_v1_part_00_13/shards/shard_000004,3451,test
119754,25,/Users/liuqing/Projects/01_E2E_QA_Code/E2E-Evaluation/outputs/waymo_5neighbor_context_laneaware_clean_v1_part_26_39/shards/shard_000007,305,test
119917,25,/Users/liuqing/Projects/01_E2E_QA_Code/E2E-Evaluation/outputs/waymo_5neighbor_context_laneaware_clean_v1_part_26_39/shards/shard_000007,468,test
80498,16,/Users/liuqing/Projects/01_E2E_QA_Code/E2E-Evaluation/outputs/waymo_5neighbor_context_laneaware_clean_v1_part_13_26/shards/shard_000007,2777,test
145335,30,/Users/liuqing/Projects/01_E2E_QA_Code/E2E-Evaluation/outputs/waymo_5neighbor_context_laneaware_clean_v1_part_39_51/shards/shard_000003,4066,test
149266,31,/Users/liuqing/Projects/01_E2E_QA_Code/E2E-Evaluation/outputs/waymo_5neighbor_context_laneaware_clean_v1_part_39_51/shards/shard_000004,2996,test
32479,6,/Users/liuqing/Projects/01_E2E_QA_Code/E2E-Evaluation/outputs/waymo_5neighbor_context_laneaware_clean_v1_part_00_13/shards/shard_000006,2461,test
31839,6,/Users/liuqing/Projects/01_E2E_QA_Code/E2E-Evaluation/outputs/waymo_5neighbor_context_laneaware_clean_v1_part_00_13/shards/shard_000006,1821,test
152432,32,/Users/liuqing/Projects/01_E2E_QA_Code/E2E-Evaluation/outputs/waymo_5neighbor_context_laneaware_clean_v1_part_39_51/shards/shard_000005,1161,test
146387,31,/Users/liuqing/Projects/01_E2E_QA_Code/E2E-Evaluation/outputs/waymo_5neighbor_context_laneaware_clean_v1_part_39_51/shards/shard_000004,117,test
46197,9,/Users/liuqing/Projects/01_E2E_QA_Code/E2E-Evaluation/outputs/waymo_5neighbor_context_laneaware_clean_v1_part_13_26/shards/shard_000000,3525,test
12601,2,/Users/liuqing/Projects/01_E2E_QA_Code/E2E-Evaluation/outputs/waymo_5neighbor_context_laneaware_clean_v1_part_00_13/shards/shard_000002,2595,test
127151,27,/Users/liuqing/Projects/01_E2E_QA_Code/E2E-Evaluation/outputs/waymo_5neighbor_context_laneaware_clean_v1_part_39_51/shards/shard_000000,901,test
79963,16,/Users/liuqing/Projects/01_E2E_QA_Code/E2E-Evaluation/outputs/waymo_5neighbor_context_laneaware_clean_v1_part_13_26/shards/shard_000007,2242,test
46667,9,/Users/liuqing/Projects/01_E2E_QA_Code/E2E-Evaluation/outputs/waymo_5neighbor_context_laneaware_clean_v1_part_13_26/shards/shard_000000,3995,test
70111,14,/Users/liuqing/Projects/01_E2E_QA_Code/E2E-Evaluation/outputs/waymo_5neighbor_context_laneaware_clean_v1_part_13_26/shards/shard_000005,2401,test
131807,28,/Users/liuqing/Projects/01_E2E_QA_Code/E2E-Evaluation/outputs/waymo_5neighbor_context_laneaware_clean_v1_part_39_51/shards/shard_000001,556,test
11998,2,/Users/liuqing/Projects/01_E2E_QA_Code/E2E-Evaluation/outputs/waymo_5neighbor_context_laneaware_clean_v1_part_00_13/shards/shard_000002,1992,test
153078,32,/Users/liuqing/Projects/01_E2E_QA_Code/E2E-Evaluation/outputs/waymo_5neighbor_context_laneaware_clean_v1_part_39_51/shards/shard_000005,1807,test
43175,9,/Users/liuqing/Projects/01_E2E_QA_Code/E2E-Evaluation/outputs/waymo_5neighbor_context_laneaware_clean_v1_part_13_26/shards/shard_000000,503,test
74786,15,/Users/liuqing/Projects/01_E2E_QA_Code/E2E-Evaluation/outputs/waymo_5neighbor_context_laneaware_clean_v1_part_13_26/shards/shard_000006,2065,test
159582,33,/Users/liuqing/Projects/01_E2E_QA_Code/E2E-Evaluation/outputs/waymo_5neighbor_context_laneaware_clean_v1_part_39_51/shards/shard_000006,3310,test
132771,28,/Users/liuqing/Projects/01_E2E_QA_Code/E2E-Evaluation/outputs/waymo_5neighbor_context_laneaware_clean_v1_part_39_51/shards/shard_000001,1520,test
105496,22,/Users/liuqing/Projects/01_E2E_QA_Code/E2E-Evaluation/outputs/waymo_5neighbor_context_laneaware_clean_v1_part_26_39/shards/shard_000004,1064,test
5415,1,/Users/liuqing/Projects/01_E2E_QA_Code/E2E-Evaluation/outputs/waymo_5neighbor_context_laneaware_clean_v1_part_00_13/shards/shard_000001,413,test
50891,10,/Users/liuqing/Projects/01_E2E_QA_Code/E2E-Evaluation/outputs/waymo_5neighbor_context_laneaware_clean_v1_part_13_26/shards/shard_000001,3206,test
134691,28,/Users/liuqing/Projects/01_E2E_QA_Code/E2E-Evaluation/outputs/waymo_5neighbor_context_laneaware_clean_v1_part_39_51/shards/shard_000001,3440,test
133264,28,/Users/liuqing/Projects/01_E2E_QA_Code/E2E-Evaluation/outputs/waymo_5neighbor_context_laneaware_clean_v1_part_39_51/shards/shard_000001,2013,test
109514,23,/Users/liuqing/Projects/01_E2E_QA_Code/E2E-Evaluation/outputs/waymo_5neighbor_context_laneaware_clean_v1_part_26_39/shards/shard_000005,75,test
126463,27,/Users/liuqing/Projects/01_E2E_QA_Code/E2E-Evaluation/outputs/waymo_5neighbor_context_laneaware_clean_v1_part_39_51/shards/shard_000000,213,test
77619,15,/Users/liuqing/Projects/01_E2E_QA_Code/E2E-Evaluation/outputs/waymo_5neighbor_context_laneaware_clean_v1_part_13_26/shards/shard_000006,4898,test
153310,32,/Users/liuqing/Projects/01_E2E_QA_Code/E2E-Evaluation/outputs/waymo_5neighbor_context_laneaware_clean_v1_part_39_51/shards/shard_000005,2039,test
147082,31,/Users/liuqing/Projects/01_E2E_QA_Code/E2E-Evaluation/outputs/waymo_5neighbor_context_laneaware_clean_v1_part_39_51/shards/shard_000004,812,test
42877,9,/Users/liuqing/Projects/01_E2E_QA_Code/E2E-Evaluation/outputs/waymo_5neighbor_context_laneaware_clean_v1_part_13_26/shards/shard_000000,205,test
117397,24,/Users/liuqing/Projects/01_E2E_QA_Code/E2E-Evaluation/outputs/waymo_5neighbor_context_laneaware_clean_v1_part_26_39/shards/shard_000006,2949,test
27864,5,/Users/liuqing/Projects/01_E2E_QA_Code/E2E-Evaluation/outputs/waymo_5neighbor_context_laneaware_clean_v1_part_00_13/shards/shard_000005,2847,test
69383,14,/Users/liuqing/Projects/01_E2E_QA_Code/E2E-Evaluation/outputs/waymo_5neighbor_context_laneaware_clean_v1_part_13_26/shards/shard_000005,1673,test
124400,25,/Users/liuqing/Projects/01_E2E_QA_Code/E2E-Evaluation/outputs/waymo_5neighbor_context_laneaware_clean_v1_part_26_39/shards/shard_000007,4951,test
76205,15,/Users/liuqing/Projects/01_E2E_QA_Code/E2E-Evaluation/outputs/waymo_5neighbor_context_laneaware_clean_v1_part_13_26/shards/shard_000006,3484,test
163294,34,/Users/liuqing/Projects/01_E2E_QA_Code/E2E-Evaluation/outputs/waymo_5neighbor_context_laneaware_clean_v1_part_39_51/shards/shard_000007,2014,test
47597,9,/Users/liuqing/Projects/01_E2E_QA_Code/E2E-Evaluation/outputs/waymo_5neighbor_context_laneaware_clean_v1_part_13_26/shards/shard_000000,4925,test
12003,2,/Users/liuqing/Projects/01_E2E_QA_Code/E2E-Evaluation/outputs/waymo_5neighbor_context_laneaware_clean_v1_part_00_13/shards/shard_000002,1997,test
57458,11,/Users/liuqing/Projects/01_E2E_QA_Code/E2E-Evaluation/outputs/waymo_5neighbor_context_laneaware_clean_v1_part_13_26/shards/shard_000002,4771,test
128915,27,/Users/liuqing/Projects/01_E2E_QA_Code/E2E-Evaluation/outputs/waymo_5neighbor_context_laneaware_clean_v1_part_39_51/shards/shard_000000,2665,test
144149,30,/Users/liuqing/Projects/01_E2E_QA_Code/E2E-Evaluation/outputs/waymo_5neighbor_context_laneaware_clean_v1_part_39_51/shards/shard_000003,2880,test
144032,30,/Users/liuqing/Projects/01_E2E_QA_Code/E2E-Evaluation/outputs/waymo_5neighbor_context_laneaware_clean_v1_part_39_51/shards/shard_000003,2763,test
136286,29,/Users/liuqing/Projects/01_E2E_QA_Code/E2E-Evaluation/outputs/waymo_5neighbor_context_laneaware_clean_v1_part_39_51/shards/shard_000002,33,test
107471,22,/Users/liuqing/Projects/01_E2E_QA_Code/E2E-Evaluation/outputs/waymo_5neighbor_context_laneaware_clean_v1_part_26_39/shards/shard_000004,3039,test
4698,0,/Users/liuqing/Projects/01_E2E_QA_Code/E2E-Evaluation/outputs/waymo_5neighbor_context_laneaware_clean_v1_part_00_13/shards/shard_000000,4698,test
136076,28,/Users/liuqing/Projects/01_E2E_QA_Code/E2E-Evaluation/outputs/waymo_5neighbor_context_laneaware_clean_v1_part_39_51/shards/shard_000001,4825,test
33100,6,/Users/liuqing/Projects/01_E2E_QA_Code/E2E-Evaluation/outputs/waymo_5neighbor_context_laneaware_clean_v1_part_00_13/shards/shard_000006,3082,test
46669,9,/Users/liuqing/Projects/01_E2E_QA_Code/E2E-Evaluation/outputs/waymo_5neighbor_context_laneaware_clean_v1_part_13_26/shards/shard_000000,3997,test
74790,15,/Users/liuqing/Projects/01_E2E_QA_Code/E2E-Evaluation/outputs/waymo_5neighbor_context_laneaware_clean_v1_part_13_26/shards/shard_000006,2069,test
77902,16,/Users/liuqing/Projects/01_E2E_QA_Code/E2E-Evaluation/outputs/waymo_5neighbor_context_laneaware_clean_v1_part_13_26/shards/shard_000007,181,test
86011,18,/Users/liuqing/Projects/01_E2E_QA_Code/E2E-Evaluation/outputs/waymo_5neighbor_context_laneaware_clean_v1_part_26_39/shards/shard_000000,1588,test
154746,32,/Users/liuqing/Projects/01_E2E_QA_Code/E2E-Evaluation/outputs/waymo_5neighbor_context_laneaware_clean_v1_part_39_51/shards/shard_000005,3475,test
73201,15,/Users/liuqing/Projects/01_E2E_QA_Code/E2E-Evaluation/outputs/waymo_5neighbor_context_laneaware_clean_v1_part_13_26/shards/shard_000006,480,test
49042,10,/Users/liuqing/Projects/01_E2E_QA_Code/E2E-Evaluation/outputs/waymo_5neighbor_context_laneaware_clean_v1_part_13_26/shards/shard_000001,1357,test
66518,13,/Users/liuqing/Projects/01_E2E_QA_Code/E2E-Evaluation/outputs/waymo_5neighbor_context_laneaware_clean_v1_part_13_26/shards/shard_000004,3816,test
106564,22,/Users/liuqing/Projects/01_E2E_QA_Code/E2E-Evaluation/outputs/waymo_5neighbor_context_laneaware_clean_v1_part_26_39/shards/shard_000004,2132,test
31791,6,/Users/liuqing/Projects/01_E2E_QA_Code/E2E-Evaluation/outputs/waymo_5neighbor_context_laneaware_clean_v1_part_00_13/shards/shard_000006,1773,test
12609,2,/Users/liuqing/Projects/01_E2E_QA_Code/E2E-Evaluation/outputs/waymo_5neighbor_context_laneaware_clean_v1_part_00_13/shards/shard_000002,2603,test
81057,16,/Users/liuqing/Projects/01_E2E_QA_Code/E2E-Evaluation/outputs/waymo_5neighbor_context_laneaware_clean_v1_part_13_26/shards/shard_000007,3336,test
60279,12,/Users/liuqing/Projects/01_E2E_QA_Code/E2E-Evaluation/outputs/waymo_5neighbor_context_laneaware_clean_v1_part_13_26/shards/shard_000003,2590,test
66783,13,/Users/liuqing/Projects/01_E2E_QA_Code/E2E-Evaluation/outputs/waymo_5neighbor_context_laneaware_clean_v1_part_13_26/shards/shard_000004,4081,test
156960,33,/Users/liuqing/Projects/01_E2E_QA_Code/E2E-Evaluation/outputs/waymo_5neighbor_context_laneaware_clean_v1_part_39_51/shards/shard_000006,688,test
54114,11,/Users/liuqing/Projects/01_E2E_QA_Code/E2E-Evaluation/outputs/waymo_5neighbor_context_laneaware_clean_v1_part_13_26/shards/shard_000002,1427,test
47061,9,/Users/liuqing/Projects/01_E2E_QA_Code/E2E-Evaluation/outputs/waymo_5neighbor_context_laneaware_clean_v1_part_13_26/shards/shard_000000,4389,test
53700,11,/Users/liuqing/Projects/01_E2E_QA_Code/E2E-Evaluation/outputs/waymo_5neighbor_context_laneaware_clean_v1_part_13_26/shards/shard_000002,1013,test
4466,0,/Users/liuqing/Projects/01_E2E_QA_Code/E2E-Evaluation/outputs/waymo_5neighbor_context_laneaware_clean_v1_part_00_13/shards/shard_000000,4466,test
57862,12,/Users/liuqing/Projects/01_E2E_QA_Code/E2E-Evaluation/outputs/waymo_5neighbor_context_laneaware_clean_v1_part_13_26/shards/shard_000003,173,test
121869,25,/Users/liuqing/Projects/01_E2E_QA_Code/E2E-Evaluation/outputs/waymo_5neighbor_context_laneaware_clean_v1_part_26_39/shards/shard_000007,2420,test
33656,6,/Users/liuqing/Projects/01_E2E_QA_Code/E2E-Evaluation/outputs/waymo_5neighbor_context_laneaware_clean_v1_part_00_13/shards/shard_000006,3638,test
158862,33,/Users/liuqing/Projects/01_E2E_QA_Code/E2E-Evaluation/outputs/waymo_5neighbor_context_laneaware_clean_v1_part_39_51/shards/shard_000006,2590,test
151731,32,/Users/liuqing/Projects/01_E2E_QA_Code/E2E-Evaluation/outputs/waymo_5neighbor_context_laneaware_clean_v1_part_39_51/shards/shard_000005,460,test
162368,34,/Users/liuqing/Projects/01_E2E_QA_Code/E2E-Evaluation/outputs/waymo_5neighbor_context_laneaware_clean_v1_part_39_51/shards/shard_000007,1088,test
95022,20,/Users/liuqing/Projects/01_E2E_QA_Code/E2E-Evaluation/outputs/waymo_5neighbor_context_laneaware_clean_v1_part_26_39/shards/shard_000002,595,test
84116,17,/Users/liuqing/Projects/01_E2E_QA_Code/E2E-Evaluation/outputs/waymo_5neighbor_context_laneaware_clean_v1_part_13_26/shards/shard_000008,1386,test
83727,17,/Users/liuqing/Projects/01_E2E_QA_Code/E2E-Evaluation/outputs/waymo_5neighbor_context_laneaware_clean_v1_part_13_26/shards/shard_000008,997,test
62121,12,/Users/liuqing/Projects/01_E2E_QA_Code/E2E-Evaluation/outputs/waymo_5neighbor_context_laneaware_clean_v1_part_13_26/shards/shard_000003,4432,test
111957,23,/Users/liuqing/Projects/01_E2E_QA_Code/E2E-Evaluation/outputs/waymo_5neighbor_context_laneaware_clean_v1_part_26_39/shards/shard_000005,2518,test
94784,20,/Users/liuqing/Projects/01_E2E_QA_Code/E2E-Evaluation/outputs/waymo_5neighbor_context_laneaware_clean_v1_part_26_39/shards/shard_000002,357,test
127156,27,/Users/liuqing/Projects/01_E2E_QA_Code/E2E-Evaluation/outputs/waymo_5neighbor_context_laneaware_clean_v1_part_39_51/shards/shard_000000,906,test
164421,34,/Users/liuqing/Projects/01_E2E_QA_Code/E2E-Evaluation/outputs/waymo_5neighbor_context_laneaware_clean_v1_part_39_51/shards/shard_000007,3141,test
11549,2,/Users/liuqing/Projects/01_E2E_QA_Code/E2E-Evaluation/outputs/waymo_5neighbor_context_laneaware_clean_v1_part_00_13/shards/shard_000002,1543,test
131382,28,/Users/liuqing/Projects/01_E2E_QA_Code/E2E-Evaluation/outputs/waymo_5neighbor_context_laneaware_clean_v1_part_39_51/shards/shard_000001,131,test
52774,11,/Users/liuqing/Projects/01_E2E_QA_Code/E2E-Evaluation/outputs/waymo_5neighbor_context_laneaware_clean_v1_part_13_26/shards/shard_000002,87,test
136662,29,/Users/liuqing/Projects/01_E2E_QA_Code/E2E-Evaluation/outputs/waymo_5neighbor_context_laneaware_clean_v1_part_39_51/shards/shard_000002,409,test
121611,25,/Users/liuqing/Projects/01_E2E_QA_Code/E2E-Evaluation/outputs/waymo_5neighbor_context_laneaware_clean_v1_part_26_39/shards/shard_000007,2162,test
140883,29,/Users/liuqing/Projects/01_E2E_QA_Code/E2E-Evaluation/outputs/waymo_5neighbor_context_laneaware_clean_v1_part_39_51/shards/shard_000002,4630,test
44896,9,/Users/liuqing/Projects/01_E2E_QA_Code/E2E-Evaluation/outputs/waymo_5neighbor_context_laneaware_clean_v1_part_13_26/shards/shard_000000,2224,test
127057,27,/Users/liuqing/Projects/01_E2E_QA_Code/E2E-Evaluation/outputs/waymo_5neighbor_context_laneaware_clean_v1_part_39_51/shards/shard_000000,807,test
23452,4,/Users/liuqing/Projects/01_E2E_QA_Code/E2E-Evaluation/outputs/waymo_5neighbor_context_laneaware_clean_v1_part_00_13/shards/shard_000004,3446,test
164692,34,/Users/liuqing/Projects/01_E2E_QA_Code/E2E-Evaluation/outputs/waymo_5neighbor_context_laneaware_clean_v1_part_39_51/shards/shard_000007,3412,test
28720,5,/Users/liuqing/Projects/01_E2E_QA_Code/E2E-Evaluation/outputs/waymo_5neighbor_context_laneaware_clean_v1_part_00_13/shards/shard_000005,3703,test
40640,8,/Users/liuqing/Projects/01_E2E_QA_Code/E2E-Evaluation/outputs/waymo_5neighbor_context_laneaware_clean_v1_part_00_13/shards/shard_000008,612,test
121816,25,/Users/liuqing/Projects/01_E2E_QA_Code/E2E-Evaluation/outputs/waymo_5neighbor_context_laneaware_clean_v1_part_26_39/shards/shard_000007,2367,test
49064,10,/Users/liuqing/Projects/01_E2E_QA_Code/E2E-Evaluation/outputs/waymo_5neighbor_context_laneaware_clean_v1_part_13_26/shards/shard_000001,1379,test
57677,11,/Users/liuqing/Projects/01_E2E_QA_Code/E2E-Evaluation/outputs/waymo_5neighbor_context_laneaware_clean_v1_part_13_26/shards/shard_000002,4990,test
50898,10,/Users/liuqing/Projects/01_E2E_QA_Code/E2E-Evaluation/outputs/waymo_5neighbor_context_laneaware_clean_v1_part_13_26/shards/shard_000001,3213,test
23450,4,/Users/liuqing/Projects/01_E2E_QA_Code/E2E-Evaluation/outputs/waymo_5neighbor_context_laneaware_clean_v1_part_00_13/shards/shard_000004,3444,test
38404,7,/Users/liuqing/Projects/01_E2E_QA_Code/E2E-Evaluation/outputs/waymo_5neighbor_context_laneaware_clean_v1_part_00_13/shards/shard_000007,3385,test
156583,33,/Users/liuqing/Projects/01_E2E_QA_Code/E2E-Evaluation/outputs/waymo_5neighbor_context_laneaware_clean_v1_part_39_51/shards/shard_000006,311,test
137272,29,/Users/liuqing/Projects/01_E2E_QA_Code/E2E-Evaluation/outputs/waymo_5neighbor_context_laneaware_clean_v1_part_39_51/shards/shard_000002,1019,test
102968,21,/Users/liuqing/Projects/01_E2E_QA_Code/E2E-Evaluation/outputs/waymo_5neighbor_context_laneaware_clean_v1_part_26_39/shards/shard_000003,3537,test
156931,33,/Users/liuqing/Projects/01_E2E_QA_Code/E2E-Evaluation/outputs/waymo_5neighbor_context_laneaware_clean_v1_part_39_51/shards/shard_000006,659,test
96277,20,/Users/liuqing/Projects/01_E2E_QA_Code/E2E-Evaluation/outputs/waymo_5neighbor_context_laneaware_clean_v1_part_26_39/shards/shard_000002,1850,test
54809,11,/Users/liuqing/Projects/01_E2E_QA_Code/E2E-Evaluation/outputs/waymo_5neighbor_context_laneaware_clean_v1_part_13_26/shards/shard_000002,2122,test
32092,6,/Users/liuqing/Projects/01_E2E_QA_Code/E2E-Evaluation/outputs/waymo_5neighbor_context_laneaware_clean_v1_part_00_13/shards/shard_000006,2074,test
61955,12,/Users/liuqing/Projects/01_E2E_QA_Code/E2E-Evaluation/outputs/waymo_5neighbor_context_laneaware_clean_v1_part_13_26/shards/shard_000003,4266,test
162374,34,/Users/liuqing/Projects/01_E2E_QA_Code/E2E-Evaluation/outputs/waymo_5neighbor_context_laneaware_clean_v1_part_39_51/shards/shard_000007,1094,test
84622,18,/Users/liuqing/Projects/01_E2E_QA_Code/E2E-Evaluation/outputs/waymo_5neighbor_context_laneaware_clean_v1_part_26_39/shards/shard_000000,199,test
33432,6,/Users/liuqing/Projects/01_E2E_QA_Code/E2E-Evaluation/outputs/waymo_5neighbor_context_laneaware_clean_v1_part_00_13/shards/shard_000006,3414,test
54964,11,/Users/liuqing/Projects/01_E2E_QA_Code/E2E-Evaluation/outputs/waymo_5neighbor_context_laneaware_clean_v1_part_13_26/shards/shard_000002,2277,test
102972,21,/Users/liuqing/Projects/01_E2E_QA_Code/E2E-Evaluation/outputs/waymo_5neighbor_context_laneaware_clean_v1_part_26_39/shards/shard_000003,3541,test
95023,20,/Users/liuqing/Projects/01_E2E_QA_Code/E2E-Evaluation/outputs/waymo_5neighbor_context_laneaware_clean_v1_part_26_39/shards/shard_000002,596,test
58350,12,/Users/liuqing/Projects/01_E2E_QA_Code/E2E-Evaluation/outputs/waymo_5neighbor_context_laneaware_clean_v1_part_13_26/shards/shard_000003,661,test
76769,15,/Users/liuqing/Projects/01_E2E_QA_Code/E2E-Evaluation/outputs/waymo_5neighbor_context_laneaware_clean_v1_part_13_26/shards/shard_000006,4048,test
123598,25,/Users/liuqing/Projects/01_E2E_QA_Code/E2E-Evaluation/outputs/waymo_5neighbor_context_laneaware_clean_v1_part_26_39/shards/shard_000007,4149,test
86507,18,/Users/liuqing/Projects/01_E2E_QA_Code/E2E-Evaluation/outputs/waymo_5neighbor_context_laneaware_clean_v1_part_26_39/shards/shard_000000,2084,test
61181,12,/Users/liuqing/Projects/01_E2E_QA_Code/E2E-Evaluation/outputs/waymo_5neighbor_context_laneaware_clean_v1_part_13_26/shards/shard_000003,3492,test
163774,34,/Users/liuqing/Projects/01_E2E_QA_Code/E2E-Evaluation/outputs/waymo_5neighbor_context_laneaware_clean_v1_part_39_51/shards/shard_000007,2494,test
133283,28,/Users/liuqing/Projects/01_E2E_QA_Code/E2E-Evaluation/outputs/waymo_5neighbor_context_laneaware_clean_v1_part_39_51/shards/shard_000001,2032,test
33108,6,/Users/liuqing/Projects/01_E2E_QA_Code/E2E-Evaluation/outputs/waymo_5neighbor_context_laneaware_clean_v1_part_00_13/shards/shard_000006,3090,test
14039,2,/Users/liuqing/Projects/01_E2E_QA_Code/E2E-Evaluation/outputs/waymo_5neighbor_context_laneaware_clean_v1_part_00_13/shards/shard_000002,4033,test
9730,1,/Users/liuqing/Projects/01_E2E_QA_Code/E2E-Evaluation/outputs/waymo_5neighbor_context_laneaware_clean_v1_part_00_13/shards/shard_000001,4728,test
137742,29,/Users/liuqing/Projects/01_E2E_QA_Code/E2E-Evaluation/outputs/waymo_5neighbor_context_laneaware_clean_v1_part_39_51/shards/shard_000002,1489,test
54634,11,/Users/liuqing/Projects/01_E2E_QA_Code/E2E-Evaluation/outputs/waymo_5neighbor_context_laneaware_clean_v1_part_13_26/shards/shard_000002,1947,test
33640,6,/Users/liuqing/Projects/01_E2E_QA_Code/E2E-Evaluation/outputs/waymo_5neighbor_context_laneaware_clean_v1_part_00_13/shards/shard_000006,3622,test
27519,5,/Users/liuqing/Projects/01_E2E_QA_Code/E2E-Evaluation/outputs/waymo_5neighbor_context_laneaware_clean_v1_part_00_13/shards/shard_000005,2502,test
73372,15,/Users/liuqing/Projects/01_E2E_QA_Code/E2E-Evaluation/outputs/waymo_5neighbor_context_laneaware_clean_v1_part_13_26/shards/shard_000006,651,test
149268,31,/Users/liuqing/Projects/01_E2E_QA_Code/E2E-Evaluation/outputs/waymo_5neighbor_context_laneaware_clean_v1_part_39_51/shards/shard_000004,2998,test
72462,14,/Users/liuqing/Projects/01_E2E_QA_Code/E2E-Evaluation/outputs/waymo_5neighbor_context_laneaware_clean_v1_part_13_26/shards/shard_000005,4752,test
70520,14,/Users/liuqing/Projects/01_E2E_QA_Code/E2E-Evaluation/outputs/waymo_5neighbor_context_laneaware_clean_v1_part_13_26/shards/shard_000005,2810,test
119914,25,/Users/liuqing/Projects/01_E2E_QA_Code/E2E-Evaluation/outputs/waymo_5neighbor_context_laneaware_clean_v1_part_26_39/shards/shard_000007,465,test
55649,11,/Users/liuqing/Projects/01_E2E_QA_Code/E2E-Evaluation/outputs/waymo_5neighbor_context_laneaware_clean_v1_part_13_26/shards/shard_000002,2962,test
8301,1,/Users/liuqing/Projects/01_E2E_QA_Code/E2E-Evaluation/outputs/waymo_5neighbor_context_laneaware_clean_v1_part_00_13/shards/shard_000001,3299,test
125759,26,/Users/liuqing/Projects/01_E2E_QA_Code/E2E-Evaluation/outputs/waymo_5neighbor_context_laneaware_clean_v1_part_26_39/shards/shard_000008,1306,test
121610,25,/Users/liuqing/Projects/01_E2E_QA_Code/E2E-Evaluation/outputs/waymo_5neighbor_context_laneaware_clean_v1_part_26_39/shards/shard_000007,2161,test
70093,14,/Users/liuqing/Projects/01_E2E_QA_Code/E2E-Evaluation/outputs/waymo_5neighbor_context_laneaware_clean_v1_part_13_26/shards/shard_000005,2383,test
155901,32,/Users/liuqing/Projects/01_E2E_QA_Code/E2E-Evaluation/outputs/waymo_5neighbor_context_laneaware_clean_v1_part_39_51/shards/shard_000005,4630,test
84633,18,/Users/liuqing/Projects/01_E2E_QA_Code/E2E-Evaluation/outputs/waymo_5neighbor_context_laneaware_clean_v1_part_26_39/shards/shard_000000,210,test
136660,29,/Users/liuqing/Projects/01_E2E_QA_Code/E2E-Evaluation/outputs/waymo_5neighbor_context_laneaware_clean_v1_part_39_51/shards/shard_000002,407,test
156064,32,/Users/liuqing/Projects/01_E2E_QA_Code/E2E-Evaluation/outputs/waymo_5neighbor_context_laneaware_clean_v1_part_39_51/shards/shard_000005,4793,test
36064,7,/Users/liuqing/Projects/01_E2E_QA_Code/E2E-Evaluation/outputs/waymo_5neighbor_context_laneaware_clean_v1_part_00_13/shards/shard_000007,1045,test
140884,29,/Users/liuqing/Projects/01_E2E_QA_Code/E2E-Evaluation/outputs/waymo_5neighbor_context_laneaware_clean_v1_part_39_51/shards/shard_000002,4631,test
160582,33,/Users/liuqing/Projects/01_E2E_QA_Code/E2E-Evaluation/outputs/waymo_5neighbor_context_laneaware_clean_v1_part_39_51/shards/shard_000006,4310,test
12635,2,/Users/liuqing/Projects/01_E2E_QA_Code/E2E-Evaluation/outputs/waymo_5neighbor_context_laneaware_clean_v1_part_00_13/shards/shard_000002,2629,test
80577,16,/Users/liuqing/Projects/01_E2E_QA_Code/E2E-Evaluation/outputs/waymo_5neighbor_context_laneaware_clean_v1_part_13_26/shards/shard_000007,2856,test
1508,0,/Users/liuqing/Projects/01_E2E_QA_Code/E2E-Evaluation/outputs/waymo_5neighbor_context_laneaware_clean_v1_part_00_13/shards/shard_000000,1508,test
133271,28,/Users/liuqing/Projects/01_E2E_QA_Code/E2E-Evaluation/outputs/waymo_5neighbor_context_laneaware_clean_v1_part_39_51/shards/shard_000001,2020,test
97155,20,/Users/liuqing/Projects/01_E2E_QA_Code/E2E-Evaluation/outputs/waymo_5neighbor_context_laneaware_clean_v1_part_26_39/shards/shard_000002,2728,test
30697,6,/Users/liuqing/Projects/01_E2E_QA_Code/E2E-Evaluation/outputs/waymo_5neighbor_context_laneaware_clean_v1_part_00_13/shards/shard_000006,679,test
127093,27,/Users/liuqing/Projects/01_E2E_QA_Code/E2E-Evaluation/outputs/waymo_5neighbor_context_laneaware_clean_v1_part_39_51/shards/shard_000000,843,test
52431,10,/Users/liuqing/Projects/01_E2E_QA_Code/E2E-Evaluation/outputs/waymo_5neighbor_context_laneaware_clean_v1_part_13_26/shards/shard_000001,4746,test
13945,2,/Users/liuqing/Projects/01_E2E_QA_Code/E2E-Evaluation/outputs/waymo_5neighbor_context_laneaware_clean_v1_part_00_13/shards/shard_000002,3939,test
95710,20,/Users/liuqing/Projects/01_E2E_QA_Code/E2E-Evaluation/outputs/waymo_5neighbor_context_laneaware_clean_v1_part_26_39/shards/shard_000002,1283,test
61095,12,/Users/liuqing/Projects/01_E2E_QA_Code/E2E-Evaluation/outputs/waymo_5neighbor_context_laneaware_clean_v1_part_13_26/shards/shard_000003,3406,test
92329,19,/Users/liuqing/Projects/01_E2E_QA_Code/E2E-Evaluation/outputs/waymo_5neighbor_context_laneaware_clean_v1_part_26_39/shards/shard_000001,2902,test
113107,23,/Users/liuqing/Projects/01_E2E_QA_Code/E2E-Evaluation/outputs/waymo_5neighbor_context_laneaware_clean_v1_part_26_39/shards/shard_000005,3668,test
111384,23,/Users/liuqing/Projects/01_E2E_QA_Code/E2E-Evaluation/outputs/waymo_5neighbor_context_laneaware_clean_v1_part_26_39/shards/shard_000005,1945,test
6489,1,/Users/liuqing/Projects/01_E2E_QA_Code/E2E-Evaluation/outputs/waymo_5neighbor_context_laneaware_clean_v1_part_00_13/shards/shard_000001,1487,test
54635,11,/Users/liuqing/Projects/01_E2E_QA_Code/E2E-Evaluation/outputs/waymo_5neighbor_context_laneaware_clean_v1_part_13_26/shards/shard_000002,1948,test
4690,0,/Users/liuqing/Projects/01_E2E_QA_Code/E2E-Evaluation/outputs/waymo_5neighbor_context_laneaware_clean_v1_part_00_13/shards/shard_000000,4690,test
52332,10,/Users/liuqing/Projects/01_E2E_QA_Code/E2E-Evaluation/outputs/waymo_5neighbor_context_laneaware_clean_v1_part_13_26/shards/shard_000001,4647,test
26793,5,/Users/liuqing/Projects/01_E2E_QA_Code/E2E-Evaluation/outputs/waymo_5neighbor_context_laneaware_clean_v1_part_00_13/shards/shard_000005,1776,test
47065,9,/Users/liuqing/Projects/01_E2E_QA_Code/E2E-Evaluation/outputs/waymo_5neighbor_context_laneaware_clean_v1_part_13_26/shards/shard_000000,4393,test
84630,18,/Users/liuqing/Projects/01_E2E_QA_Code/E2E-Evaluation/outputs/waymo_5neighbor_context_laneaware_clean_v1_part_26_39/shards/shard_000000,207,test
157889,33,/Users/liuqing/Projects/01_E2E_QA_Code/E2E-Evaluation/outputs/waymo_5neighbor_context_laneaware_clean_v1_part_39_51/shards/shard_000006,1617,test
3458,0,/Users/liuqing/Projects/01_E2E_QA_Code/E2E-Evaluation/outputs/waymo_5neighbor_context_laneaware_clean_v1_part_00_13/shards/shard_000000,3458,test
50056,10,/Users/liuqing/Projects/01_E2E_QA_Code/E2E-Evaluation/outputs/waymo_5neighbor_context_laneaware_clean_v1_part_13_26/shards/shard_000001,2371,test
61954,12,/Users/liuqing/Projects/01_E2E_QA_Code/E2E-Evaluation/outputs/waymo_5neighbor_context_laneaware_clean_v1_part_13_26/shards/shard_000003,4265,test
126389,27,/Users/liuqing/Projects/01_E2E_QA_Code/E2E-Evaluation/outputs/waymo_5neighbor_context_laneaware_clean_v1_part_39_51/shards/shard_000000,139,test
30235,6,/Users/liuqing/Projects/01_E2E_QA_Code/E2E-Evaluation/outputs/waymo_5neighbor_context_laneaware_clean_v1_part_00_13/shards/shard_000006,217,test
35861,7,/Users/liuqing/Projects/01_E2E_QA_Code/E2E-Evaluation/outputs/waymo_5neighbor_context_laneaware_clean_v1_part_00_13/shards/shard_000007,842,test
29380,5,/Users/liuqing/Projects/01_E2E_QA_Code/E2E-Evaluation/outputs/waymo_5neighbor_context_laneaware_clean_v1_part_00_13/shards/shard_000005,4363,test
44906,9,/Users/liuqing/Projects/01_E2E_QA_Code/E2E-Evaluation/outputs/waymo_5neighbor_context_laneaware_clean_v1_part_13_26/shards/shard_000000,2234,test
149278,31,/Users/liuqing/Projects/01_E2E_QA_Code/E2E-Evaluation/outputs/waymo_5neighbor_context_laneaware_clean_v1_part_39_51/shards/shard_000004,3008,test
162149,34,/Users/liuqing/Projects/01_E2E_QA_Code/E2E-Evaluation/outputs/waymo_5neighbor_context_laneaware_clean_v1_part_39_51/shards/shard_000007,869,test
147739,31,/Users/liuqing/Projects/01_E2E_QA_Code/E2E-Evaluation/outputs/waymo_5neighbor_context_laneaware_clean_v1_part_39_51/shards/shard_000004,1469,test
135999,28,/Users/liuqing/Projects/01_E2E_QA_Code/E2E-Evaluation/outputs/waymo_5neighbor_context_laneaware_clean_v1_part_39_51/shards/shard_000001,4748,test
147090,31,/Users/liuqing/Projects/01_E2E_QA_Code/E2E-Evaluation/outputs/waymo_5neighbor_context_laneaware_clean_v1_part_39_51/shards/shard_000004,820,test
56767,11,/Users/liuqing/Projects/01_E2E_QA_Code/E2E-Evaluation/outputs/waymo_5neighbor_context_laneaware_clean_v1_part_13_26/shards/shard_000002,4080,test
124398,25,/Users/liuqing/Projects/01_E2E_QA_Code/E2E-Evaluation/outputs/waymo_5neighbor_context_laneaware_clean_v1_part_26_39/shards/shard_000007,4949,test
162041,34,/Users/liuqing/Projects/01_E2E_QA_Code/E2E-Evaluation/outputs/waymo_5neighbor_context_laneaware_clean_v1_part_39_51/shards/shard_000007,761,test
121519,25,/Users/liuqing/Projects/01_E2E_QA_Code/E2E-Evaluation/outputs/waymo_5neighbor_context_laneaware_clean_v1_part_26_39/shards/shard_000007,2070,test
95567,20,/Users/liuqing/Projects/01_E2E_QA_Code/E2E-Evaluation/outputs/waymo_5neighbor_context_laneaware_clean_v1_part_26_39/shards/shard_000002,1140,test
2369,0,/Users/liuqing/Projects/01_E2E_QA_Code/E2E-Evaluation/outputs/waymo_5neighbor_context_laneaware_clean_v1_part_00_13/shards/shard_000000,2369,test
9821,1,/Users/liuqing/Projects/01_E2E_QA_Code/E2E-Evaluation/outputs/waymo_5neighbor_context_laneaware_clean_v1_part_00_13/shards/shard_000001,4819,test
86503,18,/Users/liuqing/Projects/01_E2E_QA_Code/E2E-Evaluation/outputs/waymo_5neighbor_context_laneaware_clean_v1_part_26_39/shards/shard_000000,2080,test
155886,32,/Users/liuqing/Projects/01_E2E_QA_Code/E2E-Evaluation/outputs/waymo_5neighbor_context_laneaware_clean_v1_part_39_51/shards/shard_000005,4615,test
127139,27,/Users/liuqing/Projects/01_E2E_QA_Code/E2E-Evaluation/outputs/waymo_5neighbor_context_laneaware_clean_v1_part_39_51/shards/shard_000000,889,test
32798,6,/Users/liuqing/Projects/01_E2E_QA_Code/E2E-Evaluation/outputs/waymo_5neighbor_context_laneaware_clean_v1_part_00_13/shards/shard_000006,2780,test
31310,6,/Users/liuqing/Projects/01_E2E_QA_Code/E2E-Evaluation/outputs/waymo_5neighbor_context_laneaware_clean_v1_part_00_13/shards/shard_000006,1292,test
47079,9,/Users/liuqing/Projects/01_E2E_QA_Code/E2E-Evaluation/outputs/waymo_5neighbor_context_laneaware_clean_v1_part_13_26/shards/shard_000000,4407,test
60281,12,/Users/liuqing/Projects/01_E2E_QA_Code/E2E-Evaluation/outputs/waymo_5neighbor_context_laneaware_clean_v1_part_13_26/shards/shard_000003,2592,test
76783,15,/Users/liuqing/Projects/01_E2E_QA_Code/E2E-Evaluation/outputs/waymo_5neighbor_context_laneaware_clean_v1_part_13_26/shards/shard_000006,4062,test
11550,2,/Users/liuqing/Projects/01_E2E_QA_Code/E2E-Evaluation/outputs/waymo_5neighbor_context_laneaware_clean_v1_part_00_13/shards/shard_000002,1544,test
45091,9,/Users/liuqing/Projects/01_E2E_QA_Code/E2E-Evaluation/outputs/waymo_5neighbor_context_laneaware_clean_v1_part_13_26/shards/shard_000000,2419,test
48898,10,/Users/liuqing/Projects/01_E2E_QA_Code/E2E-Evaluation/outputs/waymo_5neighbor_context_laneaware_clean_v1_part_13_26/shards/shard_000001,1213,test
159805,33,/Users/liuqing/Projects/01_E2E_QA_Code/E2E-Evaluation/outputs/waymo_5neighbor_context_laneaware_clean_v1_part_39_51/shards/shard_000006,3533,test
109502,23,/Users/liuqing/Projects/01_E2E_QA_Code/E2E-Evaluation/outputs/waymo_5neighbor_context_laneaware_clean_v1_part_26_39/shards/shard_000005,63,test
149269,31,/Users/liuqing/Projects/01_E2E_QA_Code/E2E-Evaluation/outputs/waymo_5neighbor_context_laneaware_clean_v1_part_39_51/shards/shard_000004,2999,test
158399,33,/Users/liuqing/Projects/01_E2E_QA_Code/E2E-Evaluation/outputs/waymo_5neighbor_context_laneaware_clean_v1_part_39_51/shards/shard_000006,2127,test
150579,31,/Users/liuqing/Projects/01_E2E_QA_Code/E2E-Evaluation/outputs/waymo_5neighbor_context_laneaware_clean_v1_part_39_51/shards/shard_000004,4309,test
146386,31,/Users/liuqing/Projects/01_E2E_QA_Code/E2E-Evaluation/outputs/waymo_5neighbor_context_laneaware_clean_v1_part_39_51/shards/shard_000004,116,test
32859,6,/Users/liuqing/Projects/01_E2E_QA_Code/E2E-Evaluation/outputs/waymo_5neighbor_context_laneaware_clean_v1_part_00_13/shards/shard_000006,2841,test
111068,23,/Users/liuqing/Projects/01_E2E_QA_Code/E2E-Evaluation/outputs/waymo_5neighbor_context_laneaware_clean_v1_part_26_39/shards/shard_000005,1629,test
57348,11,/Users/liuqing/Projects/01_E2E_QA_Code/E2E-Evaluation/outputs/waymo_5neighbor_context_laneaware_clean_v1_part_13_26/shards/shard_000002,4661,test
28140,5,/Users/liuqing/Projects/01_E2E_QA_Code/E2E-Evaluation/outputs/waymo_5neighbor_context_laneaware_clean_v1_part_00_13/shards/shard_000005,3123,test
36097,7,/Users/liuqing/Projects/01_E2E_QA_Code/E2E-Evaluation/outputs/waymo_5neighbor_context_laneaware_clean_v1_part_00_13/shards/shard_000007,1078,test
155005,32,/Users/liuqing/Projects/01_E2E_QA_Code/E2E-Evaluation/outputs/waymo_5neighbor_context_laneaware_clean_v1_part_39_51/shards/shard_000005,3734,test
112299,23,/Users/liuqing/Projects/01_E2E_QA_Code/E2E-Evaluation/outputs/waymo_5neighbor_context_laneaware_clean_v1_part_26_39/shards/shard_000005,2860,test
1412,0,/Users/liuqing/Projects/01_E2E_QA_Code/E2E-Evaluation/outputs/waymo_5neighbor_context_laneaware_clean_v1_part_00_13/shards/shard_000000,1412,test
75635,15,/Users/liuqing/Projects/01_E2E_QA_Code/E2E-Evaluation/outputs/waymo_5neighbor_context_laneaware_clean_v1_part_13_26/shards/shard_000006,2914,test
17025,3,/Users/liuqing/Projects/01_E2E_QA_Code/E2E-Evaluation/outputs/waymo_5neighbor_context_laneaware_clean_v1_part_00_13/shards/shard_000003,2019,test
163013,34,/Users/liuqing/Projects/01_E2E_QA_Code/E2E-Evaluation/outputs/waymo_5neighbor_context_laneaware_clean_v1_part_39_51/shards/shard_000007,1733,test
50237,10,/Users/liuqing/Projects/01_E2E_QA_Code/E2E-Evaluation/outputs/waymo_5neighbor_context_laneaware_clean_v1_part_13_26/shards/shard_000001,2552,test
144337,30,/Users/liuqing/Projects/01_E2E_QA_Code/E2E-Evaluation/outputs/waymo_5neighbor_context_laneaware_clean_v1_part_39_51/shards/shard_000003,3068,test
51932,10,/Users/liuqing/Projects/01_E2E_QA_Code/E2E-Evaluation/outputs/waymo_5neighbor_context_laneaware_clean_v1_part_13_26/shards/shard_000001,4247,test
54803,11,/Users/liuqing/Projects/01_E2E_QA_Code/E2E-Evaluation/outputs/waymo_5neighbor_context_laneaware_clean_v1_part_13_26/shards/shard_000002,2116,test
31323,6,/Users/liuqing/Projects/01_E2E_QA_Code/E2E-Evaluation/outputs/waymo_5neighbor_context_laneaware_clean_v1_part_00_13/shards/shard_000006,1305,test
103273,21,/Users/liuqing/Projects/01_E2E_QA_Code/E2E-Evaluation/outputs/waymo_5neighbor_context_laneaware_clean_v1_part_26_39/shards/shard_000003,3842,test
136784,29,/Users/liuqing/Projects/01_E2E_QA_Code/E2E-Evaluation/outputs/waymo_5neighbor_context_laneaware_clean_v1_part_39_51/shards/shard_000002,531,test
116217,24,/Users/liuqing/Projects/01_E2E_QA_Code/E2E-Evaluation/outputs/waymo_5neighbor_context_laneaware_clean_v1_part_26_39/shards/shard_000006,1769,test
102975,21,/Users/liuqing/Projects/01_E2E_QA_Code/E2E-Evaluation/outputs/waymo_5neighbor_context_laneaware_clean_v1_part_26_39/shards/shard_000003,3544,test
116669,24,/Users/liuqing/Projects/01_E2E_QA_Code/E2E-Evaluation/outputs/waymo_5neighbor_context_laneaware_clean_v1_part_26_39/shards/shard_000006,2221,test
74396,15,/Users/liuqing/Projects/01_E2E_QA_Code/E2E-Evaluation/outputs/waymo_5neighbor_context_laneaware_clean_v1_part_13_26/shards/shard_000006,1675,test
132784,28,/Users/liuqing/Projects/01_E2E_QA_Code/E2E-Evaluation/outputs/waymo_5neighbor_context_laneaware_clean_v1_part_39_51/shards/shard_000001,1533,test
103690,21,/Users/liuqing/Projects/01_E2E_QA_Code/E2E-Evaluation/outputs/waymo_5neighbor_context_laneaware_clean_v1_part_26_39/shards/shard_000003,4259,test
128162,27,/Users/liuqing/Projects/01_E2E_QA_Code/E2E-Evaluation/outputs/waymo_5neighbor_context_laneaware_clean_v1_part_39_51/shards/shard_000000,1912,test
157378,33,/Users/liuqing/Projects/01_E2E_QA_Code/E2E-Evaluation/outputs/waymo_5neighbor_context_laneaware_clean_v1_part_39_51/shards/shard_000006,1106,test
53705,11,/Users/liuqing/Projects/01_E2E_QA_Code/E2E-Evaluation/outputs/waymo_5neighbor_context_laneaware_clean_v1_part_13_26/shards/shard_000002,1018,test
146612,31,/Users/liuqing/Projects/01_E2E_QA_Code/E2E-Evaluation/outputs/waymo_5neighbor_context_laneaware_clean_v1_part_39_51/shards/shard_000004,342,test
163556,34,/Users/liuqing/Projects/01_E2E_QA_Code/E2E-Evaluation/outputs/waymo_5neighbor_context_laneaware_clean_v1_part_39_51/shards/shard_000007,2276,test
81178,16,/Users/liuqing/Projects/01_E2E_QA_Code/E2E-Evaluation/outputs/waymo_5neighbor_context_laneaware_clean_v1_part_13_26/shards/shard_000007,3457,test
46504,9,/Users/liuqing/Projects/01_E2E_QA_Code/E2E-Evaluation/outputs/waymo_5neighbor_context_laneaware_clean_v1_part_13_26/shards/shard_000000,3832,test
10217,2,/Users/liuqing/Projects/01_E2E_QA_Code/E2E-Evaluation/outputs/waymo_5neighbor_context_laneaware_clean_v1_part_00_13/shards/shard_000002,211,test
60959,12,/Users/liuqing/Projects/01_E2E_QA_Code/E2E-Evaluation/outputs/waymo_5neighbor_context_laneaware_clean_v1_part_13_26/shards/shard_000003,3270,test
54813,11,/Users/liuqing/Projects/01_E2E_QA_Code/E2E-Evaluation/outputs/waymo_5neighbor_context_laneaware_clean_v1_part_13_26/shards/shard_000002,2126,test
27516,5,/Users/liuqing/Projects/01_E2E_QA_Code/E2E-Evaluation/outputs/waymo_5neighbor_context_laneaware_clean_v1_part_00_13/shards/shard_000005,2499,test
59990,12,/Users/liuqing/Projects/01_E2E_QA_Code/E2E-Evaluation/outputs/waymo_5neighbor_context_laneaware_clean_v1_part_13_26/shards/shard_000003,2301,test
108776,22,/Users/liuqing/Projects/01_E2E_QA_Code/E2E-Evaluation/outputs/waymo_5neighbor_context_laneaware_clean_v1_part_26_39/shards/shard_000004,4344,test
66379,13,/Users/liuqing/Projects/01_E2E_QA_Code/E2E-Evaluation/outputs/waymo_5neighbor_context_laneaware_clean_v1_part_13_26/shards/shard_000004,3677,test
29384,5,/Users/liuqing/Projects/01_E2E_QA_Code/E2E-Evaluation/outputs/waymo_5neighbor_context_laneaware_clean_v1_part_00_13/shards/shard_000005,4367,test
104283,21,/Users/liuqing/Projects/01_E2E_QA_Code/E2E-Evaluation/outputs/waymo_5neighbor_context_laneaware_clean_v1_part_26_39/shards/shard_000003,4852,test
103276,21,/Users/liuqing/Projects/01_E2E_QA_Code/E2E-Evaluation/outputs/waymo_5neighbor_context_laneaware_clean_v1_part_26_39/shards/shard_000003,3845,test
109516,23,/Users/liuqing/Projects/01_E2E_QA_Code/E2E-Evaluation/outputs/waymo_5neighbor_context_laneaware_clean_v1_part_26_39/shards/shard_000005,77,test
164695,34,/Users/liuqing/Projects/01_E2E_QA_Code/E2E-Evaluation/outputs/waymo_5neighbor_context_laneaware_clean_v1_part_39_51/shards/shard_000007,3415,test
34727,6,/Users/liuqing/Projects/01_E2E_QA_Code/E2E-Evaluation/outputs/waymo_5neighbor_context_laneaware_clean_v1_part_00_13/shards/shard_000006,4709,test
82941,17,/Users/liuqing/Projects/01_E2E_QA_Code/E2E-Evaluation/outputs/waymo_5neighbor_context_laneaware_clean_v1_part_13_26/shards/shard_000008,211,test
28797,5,/Users/liuqing/Projects/01_E2E_QA_Code/E2E-Evaluation/outputs/waymo_5neighbor_context_laneaware_clean_v1_part_00_13/shards/shard_000005,3780,test
83748,17,/Users/liuqing/Projects/01_E2E_QA_Code/E2E-Evaluation/outputs/waymo_5neighbor_context_laneaware_clean_v1_part_13_26/shards/shard_000008,1018,test
57681,11,/Users/liuqing/Projects/01_E2E_QA_Code/E2E-Evaluation/outputs/waymo_5neighbor_context_laneaware_clean_v1_part_13_26/shards/shard_000002,4994,test
76125,15,/Users/liuqing/Projects/01_E2E_QA_Code/E2E-Evaluation/outputs/waymo_5neighbor_context_laneaware_clean_v1_part_13_26/shards/shard_000006,3404,test
121027,25,/Users/liuqing/Projects/01_E2E_QA_Code/E2E-Evaluation/outputs/waymo_5neighbor_context_laneaware_clean_v1_part_26_39/shards/shard_000007,1578,test
90809,19,/Users/liuqing/Projects/01_E2E_QA_Code/E2E-Evaluation/outputs/waymo_5neighbor_context_laneaware_clean_v1_part_26_39/shards/shard_000001,1382,test
38765,7,/Users/liuqing/Projects/01_E2E_QA_Code/E2E-Evaluation/outputs/waymo_5neighbor_context_laneaware_clean_v1_part_00_13/shards/shard_000007,3746,test
88885,18,/Users/liuqing/Projects/01_E2E_QA_Code/E2E-Evaluation/outputs/waymo_5neighbor_context_laneaware_clean_v1_part_26_39/shards/shard_000000,4462,test
73755,15,/Users/liuqing/Projects/01_E2E_QA_Code/E2E-Evaluation/outputs/waymo_5neighbor_context_laneaware_clean_v1_part_13_26/shards/shard_000006,1034,test
105503,22,/Users/liuqing/Projects/01_E2E_QA_Code/E2E-Evaluation/outputs/waymo_5neighbor_context_laneaware_clean_v1_part_26_39/shards/shard_000004,1071,test
133022,28,/Users/liuqing/Projects/01_E2E_QA_Code/E2E-Evaluation/outputs/waymo_5neighbor_context_laneaware_clean_v1_part_39_51/shards/shard_000001,1771,test
46198,9,/Users/liuqing/Projects/01_E2E_QA_Code/E2E-Evaluation/outputs/waymo_5neighbor_context_laneaware_clean_v1_part_13_26/shards/shard_000000,3526,test
75248,15,/Users/liuqing/Projects/01_E2E_QA_Code/E2E-Evaluation/outputs/waymo_5neighbor_context_laneaware_clean_v1_part_13_26/shards/shard_000006,2527,test
67931,14,/Users/liuqing/Projects/01_E2E_QA_Code/E2E-Evaluation/outputs/waymo_5neighbor_context_laneaware_clean_v1_part_13_26/shards/shard_000005,221,test
111691,23,/Users/liuqing/Projects/01_E2E_QA_Code/E2E-Evaluation/outputs/waymo_5neighbor_context_laneaware_clean_v1_part_26_39/shards/shard_000005,2252,test
79067,16,/Users/liuqing/Projects/01_E2E_QA_Code/E2E-Evaluation/outputs/waymo_5neighbor_context_laneaware_clean_v1_part_13_26/shards/shard_000007,1346,test
68638,14,/Users/liuqing/Projects/01_E2E_QA_Code/E2E-Evaluation/outputs/waymo_5neighbor_context_laneaware_clean_v1_part_13_26/shards/shard_000005,928,test
162799,34,/Users/liuqing/Projects/01_E2E_QA_Code/E2E-Evaluation/outputs/waymo_5neighbor_context_laneaware_clean_v1_part_39_51/shards/shard_000007,1519,test
109792,23,/Users/liuqing/Projects/01_E2E_QA_Code/E2E-Evaluation/outputs/waymo_5neighbor_context_laneaware_clean_v1_part_26_39/shards/shard_000005,353,test
63572,13,/Users/liuqing/Projects/01_E2E_QA_Code/E2E-Evaluation/outputs/waymo_5neighbor_context_laneaware_clean_v1_part_13_26/shards/shard_000004,870,test
14648,2,/Users/liuqing/Projects/01_E2E_QA_Code/E2E-Evaluation/outputs/waymo_5neighbor_context_laneaware_clean_v1_part_00_13/shards/shard_000002,4642,test
144144,30,/Users/liuqing/Projects/01_E2E_QA_Code/E2E-Evaluation/outputs/waymo_5neighbor_context_laneaware_clean_v1_part_39_51/shards/shard_000003,2875,test
122374,25,/Users/liuqing/Projects/01_E2E_QA_Code/E2E-Evaluation/outputs/waymo_5neighbor_context_laneaware_clean_v1_part_26_39/shards/shard_000007,2925,test
114025,23,/Users/liuqing/Projects/01_E2E_QA_Code/E2E-Evaluation/outputs/waymo_5neighbor_context_laneaware_clean_v1_part_26_39/shards/shard_000005,4586,test
123607,25,/Users/liuqing/Projects/01_E2E_QA_Code/E2E-Evaluation/outputs/waymo_5neighbor_context_laneaware_clean_v1_part_26_39/shards/shard_000007,4158,test
5812,1,/Users/liuqing/Projects/01_E2E_QA_Code/E2E-Evaluation/outputs/waymo_5neighbor_context_laneaware_clean_v1_part_00_13/shards/shard_000001,810,test
9726,1,/Users/liuqing/Projects/01_E2E_QA_Code/E2E-Evaluation/outputs/waymo_5neighbor_context_laneaware_clean_v1_part_00_13/shards/shard_000001,4724,test
66130,13,/Users/liuqing/Projects/01_E2E_QA_Code/E2E-Evaluation/outputs/waymo_5neighbor_context_laneaware_clean_v1_part_13_26/shards/shard_000004,3428,test
145178,30,/Users/liuqing/Projects/01_E2E_QA_Code/E2E-Evaluation/outputs/waymo_5neighbor_context_laneaware_clean_v1_part_39_51/shards/shard_000003,3909,test
76773,15,/Users/liuqing/Projects/01_E2E_QA_Code/E2E-Evaluation/outputs/waymo_5neighbor_context_laneaware_clean_v1_part_13_26/shards/shard_000006,4052,test
126461,27,/Users/liuqing/Projects/01_E2E_QA_Code/E2E-Evaluation/outputs/waymo_5neighbor_context_laneaware_clean_v1_part_39_51/shards/shard_000000,211,test
34192,6,/Users/liuqing/Projects/01_E2E_QA_Code/E2E-Evaluation/outputs/waymo_5neighbor_context_laneaware_clean_v1_part_00_13/shards/shard_000006,4174,test
116218,24,/Users/liuqing/Projects/01_E2E_QA_Code/E2E-Evaluation/outputs/waymo_5neighbor_context_laneaware_clean_v1_part_26_39/shards/shard_000006,1770,test
77370,15,/Users/liuqing/Projects/01_E2E_QA_Code/E2E-Evaluation/outputs/waymo_5neighbor_context_laneaware_clean_v1_part_13_26/shards/shard_000006,4649,test
162800,34,/Users/liuqing/Projects/01_E2E_QA_Code/E2E-Evaluation/outputs/waymo_5neighbor_context_laneaware_clean_v1_part_39_51/shards/shard_000007,1520,test
34041,6,/Users/liuqing/Projects/01_E2E_QA_Code/E2E-Evaluation/outputs/waymo_5neighbor_context_laneaware_clean_v1_part_00_13/shards/shard_000006,4023,test
99611,21,/Users/liuqing/Projects/01_E2E_QA_Code/E2E-Evaluation/outputs/waymo_5neighbor_context_laneaware_clean_v1_part_26_39/shards/shard_000003,180,test
93253,19,/Users/liuqing/Projects/01_E2E_QA_Code/E2E-Evaluation/outputs/waymo_5neighbor_context_laneaware_clean_v1_part_26_39/shards/shard_000001,3826,test
34703,6,/Users/liuqing/Projects/01_E2E_QA_Code/E2E-Evaluation/outputs/waymo_5neighbor_context_laneaware_clean_v1_part_00_13/shards/shard_000006,4685,test
79082,16,/Users/liuqing/Projects/01_E2E_QA_Code/E2E-Evaluation/outputs/waymo_5neighbor_context_laneaware_clean_v1_part_13_26/shards/shard_000007,1361,test
34718,6,/Users/liuqing/Projects/01_E2E_QA_Code/E2E-Evaluation/outputs/waymo_5neighbor_context_laneaware_clean_v1_part_00_13/shards/shard_000006,4700,test
8238,1,/Users/liuqing/Projects/01_E2E_QA_Code/E2E-Evaluation/outputs/waymo_5neighbor_context_laneaware_clean_v1_part_00_13/shards/shard_000001,3236,test
126565,27,/Users/liuqing/Projects/01_E2E_QA_Code/E2E-Evaluation/outputs/waymo_5neighbor_context_laneaware_clean_v1_part_39_51/shards/shard_000000,315,test
71489,14,/Users/liuqing/Projects/01_E2E_QA_Code/E2E-Evaluation/outputs/waymo_5neighbor_context_laneaware_clean_v1_part_13_26/shards/shard_000005,3779,test
62200,12,/Users/liuqing/Projects/01_E2E_QA_Code/E2E-Evaluation/outputs/waymo_5neighbor_context_laneaware_clean_v1_part_13_26/shards/shard_000003,4511,test
152431,32,/Users/liuqing/Projects/01_E2E_QA_Code/E2E-Evaluation/outputs/waymo_5neighbor_context_laneaware_clean_v1_part_39_51/shards/shard_000005,1160,test
64523,13,/Users/liuqing/Projects/01_E2E_QA_Code/E2E-Evaluation/outputs/waymo_5neighbor_context_laneaware_clean_v1_part_13_26/shards/shard_000004,1821,test
124416,25,/Users/liuqing/Projects/01_E2E_QA_Code/E2E-Evaluation/outputs/waymo_5neighbor_context_laneaware_clean_v1_part_26_39/shards/shard_000007,4967,test
98676,20,/Users/liuqing/Projects/01_E2E_QA_Code/E2E-Evaluation/outputs/waymo_5neighbor_context_laneaware_clean_v1_part_26_39/shards/shard_000002,4249,test
92869,19,/Users/liuqing/Projects/01_E2E_QA_Code/E2E-Evaluation/outputs/waymo_5neighbor_context_laneaware_clean_v1_part_26_39/shards/shard_000001,3442,test
29377,5,/Users/liuqing/Projects/01_E2E_QA_Code/E2E-Evaluation/outputs/waymo_5neighbor_context_laneaware_clean_v1_part_00_13/shards/shard_000005,4360,test
66798,13,/Users/liuqing/Projects/01_E2E_QA_Code/E2E-Evaluation/outputs/waymo_5neighbor_context_laneaware_clean_v1_part_13_26/shards/shard_000004,4096,test
115387,24,/Users/liuqing/Projects/01_E2E_QA_Code/E2E-Evaluation/outputs/waymo_5neighbor_context_laneaware_clean_v1_part_26_39/shards/shard_000006,939,test
43473,9,/Users/liuqing/Projects/01_E2E_QA_Code/E2E-Evaluation/outputs/waymo_5neighbor_context_laneaware_clean_v1_part_13_26/shards/shard_000000,801,test
47072,9,/Users/liuqing/Projects/01_E2E_QA_Code/E2E-Evaluation/outputs/waymo_5neighbor_context_laneaware_clean_v1_part_13_26/shards/shard_000000,4400,test
79074,16,/Users/liuqing/Projects/01_E2E_QA_Code/E2E-Evaluation/outputs/waymo_5neighbor_context_laneaware_clean_v1_part_13_26/shards/shard_000007,1353,test
86514,18,/Users/liuqing/Projects/01_E2E_QA_Code/E2E-Evaluation/outputs/waymo_5neighbor_context_laneaware_clean_v1_part_26_39/shards/shard_000000,2091,test
156071,32,/Users/liuqing/Projects/01_E2E_QA_Code/E2E-Evaluation/outputs/waymo_5neighbor_context_laneaware_clean_v1_part_39_51/shards/shard_000005,4800,test
99183,20,/Users/liuqing/Projects/01_E2E_QA_Code/E2E-Evaluation/outputs/waymo_5neighbor_context_laneaware_clean_v1_part_26_39/shards/shard_000002,4756,test
147101,31,/Users/liuqing/Projects/01_E2E_QA_Code/E2E-Evaluation/outputs/waymo_5neighbor_context_laneaware_clean_v1_part_39_51/shards/shard_000004,831,test
102893,21,/Users/liuqing/Projects/01_E2E_QA_Code/E2E-Evaluation/outputs/waymo_5neighbor_context_laneaware_clean_v1_part_26_39/shards/shard_000003,3462,test
158398,33,/Users/liuqing/Projects/01_E2E_QA_Code/E2E-Evaluation/outputs/waymo_5neighbor_context_laneaware_clean_v1_part_39_51/shards/shard_000006,2126,test
126339,27,/Users/liuqing/Projects/01_E2E_QA_Code/E2E-Evaluation/outputs/waymo_5neighbor_context_laneaware_clean_v1_part_39_51/shards/shard_000000,89,test
112225,23,/Users/liuqing/Projects/01_E2E_QA_Code/E2E-Evaluation/outputs/waymo_5neighbor_context_laneaware_clean_v1_part_26_39/shards/shard_000005,2786,test
134858,28,/Users/liuqing/Projects/01_E2E_QA_Code/E2E-Evaluation/outputs/waymo_5neighbor_context_laneaware_clean_v1_part_39_51/shards/shard_000001,3607,test
99142,20,/Users/liuqing/Projects/01_E2E_QA_Code/E2E-Evaluation/outputs/waymo_5neighbor_context_laneaware_clean_v1_part_26_39/shards/shard_000002,4715,test
90707,19,/Users/liuqing/Projects/01_E2E_QA_Code/E2E-Evaluation/outputs/waymo_5neighbor_context_laneaware_clean_v1_part_26_39/shards/shard_000001,1280,test
8965,1,/Users/liuqing/Projects/01_E2E_QA_Code/E2E-Evaluation/outputs/waymo_5neighbor_context_laneaware_clean_v1_part_00_13/shards/shard_000001,3963,test
83166,17,/Users/liuqing/Projects/01_E2E_QA_Code/E2E-Evaluation/outputs/waymo_5neighbor_context_laneaware_clean_v1_part_13_26/shards/shard_000008,436,test
70508,14,/Users/liuqing/Projects/01_E2E_QA_Code/E2E-Evaluation/outputs/waymo_5neighbor_context_laneaware_clean_v1_part_13_26/shards/shard_000005,2798,test
71086,14,/Users/liuqing/Projects/01_E2E_QA_Code/E2E-Evaluation/outputs/waymo_5neighbor_context_laneaware_clean_v1_part_13_26/shards/shard_000005,3376,test
136440,29,/Users/liuqing/Projects/01_E2E_QA_Code/E2E-Evaluation/outputs/waymo_5neighbor_context_laneaware_clean_v1_part_39_51/shards/shard_000002,187,test
28583,5,/Users/liuqing/Projects/01_E2E_QA_Code/E2E-Evaluation/outputs/waymo_5neighbor_context_laneaware_clean_v1_part_00_13/shards/shard_000005,3566,test
147085,31,/Users/liuqing/Projects/01_E2E_QA_Code/E2E-Evaluation/outputs/waymo_5neighbor_context_laneaware_clean_v1_part_39_51/shards/shard_000004,815,test
52380,10,/Users/liuqing/Projects/01_E2E_QA_Code/E2E-Evaluation/outputs/waymo_5neighbor_context_laneaware_clean_v1_part_13_26/shards/shard_000001,4695,test
160603,33,/Users/liuqing/Projects/01_E2E_QA_Code/E2E-Evaluation/outputs/waymo_5neighbor_context_laneaware_clean_v1_part_39_51/shards/shard_000006,4331,test
12634,2,/Users/liuqing/Projects/01_E2E_QA_Code/E2E-Evaluation/outputs/waymo_5neighbor_context_laneaware_clean_v1_part_00_13/shards/shard_000002,2628,test
136655,29,/Users/liuqing/Projects/01_E2E_QA_Code/E2E-Evaluation/outputs/waymo_5neighbor_context_laneaware_clean_v1_part_39_51/shards/shard_000002,402,test
29390,5,/Users/liuqing/Projects/01_E2E_QA_Code/E2E-Evaluation/outputs/waymo_5neighbor_context_laneaware_clean_v1_part_00_13/shards/shard_000005,4373,test
20729,4,/Users/liuqing/Projects/01_E2E_QA_Code/E2E-Evaluation/outputs/waymo_5neighbor_context_laneaware_clean_v1_part_00_13/shards/shard_000004,723,test
124323,25,/Users/liuqing/Projects/01_E2E_QA_Code/E2E-Evaluation/outputs/waymo_5neighbor_context_laneaware_clean_v1_part_26_39/shards/shard_000007,4874,test
19792,3,/Users/liuqing/Projects/01_E2E_QA_Code/E2E-Evaluation/outputs/waymo_5neighbor_context_laneaware_clean_v1_part_00_13/shards/shard_000003,4786,test
56865,11,/Users/liuqing/Projects/01_E2E_QA_Code/E2E-Evaluation/outputs/waymo_5neighbor_context_laneaware_clean_v1_part_13_26/shards/shard_000002,4178,test
156729,33,/Users/liuqing/Projects/01_E2E_QA_Code/E2E-Evaluation/outputs/waymo_5neighbor_context_laneaware_clean_v1_part_39_51/shards/shard_000006,457,test
52393,10,/Users/liuqing/Projects/01_E2E_QA_Code/E2E-Evaluation/outputs/waymo_5neighbor_context_laneaware_clean_v1_part_13_26/shards/shard_000001,4708,test
119909,25,/Users/liuqing/Projects/01_E2E_QA_Code/E2E-Evaluation/outputs/waymo_5neighbor_context_laneaware_clean_v1_part_26_39/shards/shard_000007,460,test
13802,2,/Users/liuqing/Projects/01_E2E_QA_Code/E2E-Evaluation/outputs/waymo_5neighbor_context_laneaware_clean_v1_part_00_13/shards/shard_000002,3796,test
50569,10,/Users/liuqing/Projects/01_E2E_QA_Code/E2E-Evaluation/outputs/waymo_5neighbor_context_laneaware_clean_v1_part_13_26/shards/shard_000001,2884,test
114482,24,/Users/liuqing/Projects/01_E2E_QA_Code/E2E-Evaluation/outputs/waymo_5neighbor_context_laneaware_clean_v1_part_26_39/shards/shard_000006,34,test
96810,20,/Users/liuqing/Projects/01_E2E_QA_Code/E2E-Evaluation/outputs/waymo_5neighbor_context_laneaware_clean_v1_part_26_39/shards/shard_000002,2383,test
32608,6,/Users/liuqing/Projects/01_E2E_QA_Code/E2E-Evaluation/outputs/waymo_5neighbor_context_laneaware_clean_v1_part_00_13/shards/shard_000006,2590,test
103682,21,/Users/liuqing/Projects/01_E2E_QA_Code/E2E-Evaluation/outputs/waymo_5neighbor_context_laneaware_clean_v1_part_26_39/shards/shard_000003,4251,test
112227,23,/Users/liuqing/Projects/01_E2E_QA_Code/E2E-Evaluation/outputs/waymo_5neighbor_context_laneaware_clean_v1_part_26_39/shards/shard_000005,2788,test
31322,6,/Users/liuqing/Projects/01_E2E_QA_Code/E2E-Evaluation/outputs/waymo_5neighbor_context_laneaware_clean_v1_part_00_13/shards/shard_000006,1304,test
30115,6,/Users/liuqing/Projects/01_E2E_QA_Code/E2E-Evaluation/outputs/waymo_5neighbor_context_laneaware_clean_v1_part_00_13/shards/shard_000006,97,test
19411,3,/Users/liuqing/Projects/01_E2E_QA_Code/E2E-Evaluation/outputs/waymo_5neighbor_context_laneaware_clean_v1_part_00_13/shards/shard_000003,4405,test
74791,15,/Users/liuqing/Projects/01_E2E_QA_Code/E2E-Evaluation/outputs/waymo_5neighbor_context_laneaware_clean_v1_part_13_26/shards/shard_000006,2070,test
33096,6,/Users/liuqing/Projects/01_E2E_QA_Code/E2E-Evaluation/outputs/waymo_5neighbor_context_laneaware_clean_v1_part_00_13/shards/shard_000006,3078,test
145337,30,/Users/liuqing/Projects/01_E2E_QA_Code/E2E-Evaluation/outputs/waymo_5neighbor_context_laneaware_clean_v1_part_39_51/shards/shard_000003,4068,test
117435,24,/Users/liuqing/Projects/01_E2E_QA_Code/E2E-Evaluation/outputs/waymo_5neighbor_context_laneaware_clean_v1_part_26_39/shards/shard_000006,2987,test
61092,12,/Users/liuqing/Projects/01_E2E_QA_Code/E2E-Evaluation/outputs/waymo_5neighbor_context_laneaware_clean_v1_part_13_26/shards/shard_000003,3403,test
57680,11,/Users/liuqing/Projects/01_E2E_QA_Code/E2E-Evaluation/outputs/waymo_5neighbor_context_laneaware_clean_v1_part_13_26/shards/shard_000002,4993,test
70634,14,/Users/liuqing/Projects/01_E2E_QA_Code/E2E-Evaluation/outputs/waymo_5neighbor_context_laneaware_clean_v1_part_13_26/shards/shard_000005,2924,test
83046,17,/Users/liuqing/Projects/01_E2E_QA_Code/E2E-Evaluation/outputs/waymo_5neighbor_context_laneaware_clean_v1_part_13_26/shards/shard_000008,316,test
48548,10,/Users/liuqing/Projects/01_E2E_QA_Code/E2E-Evaluation/outputs/waymo_5neighbor_context_laneaware_clean_v1_part_13_26/shards/shard_000001,863,test
52386,10,/Users/liuqing/Projects/01_E2E_QA_Code/E2E-Evaluation/outputs/waymo_5neighbor_context_laneaware_clean_v1_part_13_26/shards/shard_000001,4701,test
116216,24,/Users/liuqing/Projects/01_E2E_QA_Code/E2E-Evaluation/outputs/waymo_5neighbor_context_laneaware_clean_v1_part_26_39/shards/shard_000006,1768,test
69660,14,/Users/liuqing/Projects/01_E2E_QA_Code/E2E-Evaluation/outputs/waymo_5neighbor_context_laneaware_clean_v1_part_13_26/shards/shard_000005,1950,test
133034,28,/Users/liuqing/Projects/01_E2E_QA_Code/E2E-Evaluation/outputs/waymo_5neighbor_context_laneaware_clean_v1_part_39_51/shards/shard_000001,1783,test
27387,5,/Users/liuqing/Projects/01_E2E_QA_Code/E2E-Evaluation/outputs/waymo_5neighbor_context_laneaware_clean_v1_part_00_13/shards/shard_000005,2370,test
144140,30,/Users/liuqing/Projects/01_E2E_QA_Code/E2E-Evaluation/outputs/waymo_5neighbor_context_laneaware_clean_v1_part_39_51/shards/shard_000003,2871,test
76786,15,/Users/liuqing/Projects/01_E2E_QA_Code/E2E-Evaluation/outputs/waymo_5neighbor_context_laneaware_clean_v1_part_13_26/shards/shard_000006,4065,test
163009,34,/Users/liuqing/Projects/01_E2E_QA_Code/E2E-Evaluation/outputs/waymo_5neighbor_context_laneaware_clean_v1_part_39_51/shards/shard_000007,1729,test
93330,19,/Users/liuqing/Projects/01_E2E_QA_Code/E2E-Evaluation/outputs/waymo_5neighbor_context_laneaware_clean_v1_part_26_39/shards/shard_000001,3903,test
57863,12,/Users/liuqing/Projects/01_E2E_QA_Code/E2E-Evaluation/outputs/waymo_5neighbor_context_laneaware_clean_v1_part_13_26/shards/shard_000003,174,test
160599,33,/Users/liuqing/Projects/01_E2E_QA_Code/E2E-Evaluation/outputs/waymo_5neighbor_context_laneaware_clean_v1_part_39_51/shards/shard_000006,4327,test
132180,28,/Users/liuqing/Projects/01_E2E_QA_Code/E2E-Evaluation/outputs/waymo_5neighbor_context_laneaware_clean_v1_part_39_51/shards/shard_000001,929,test
88844,18,/Users/liuqing/Projects/01_E2E_QA_Code/E2E-Evaluation/outputs/waymo_5neighbor_context_laneaware_clean_v1_part_26_39/shards/shard_000000,4421,test
55644,11,/Users/liuqing/Projects/01_E2E_QA_Code/E2E-Evaluation/outputs/waymo_5neighbor_context_laneaware_clean_v1_part_13_26/shards/shard_000002,2957,test
126483,27,/Users/liuqing/Projects/01_E2E_QA_Code/E2E-Evaluation/outputs/waymo_5neighbor_context_laneaware_clean_v1_part_39_51/shards/shard_000000,233,test
47552,9,/Users/liuqing/Projects/01_E2E_QA_Code/E2E-Evaluation/outputs/waymo_5neighbor_context_laneaware_clean_v1_part_13_26/shards/shard_000000,4880,test
42035,8,/Users/liuqing/Projects/01_E2E_QA_Code/E2E-Evaluation/outputs/waymo_5neighbor_context_laneaware_clean_v1_part_00_13/shards/shard_000008,2007,test
163286,34,/Users/liuqing/Projects/01_E2E_QA_Code/E2E-Evaluation/outputs/waymo_5neighbor_context_laneaware_clean_v1_part_39_51/shards/shard_000007,2006,test
119161,24,/Users/liuqing/Projects/01_E2E_QA_Code/E2E-Evaluation/outputs/waymo_5neighbor_context_laneaware_clean_v1_part_26_39/shards/shard_000006,4713,test
10020,2,/Users/liuqing/Projects/01_E2E_QA_Code/E2E-Evaluation/outputs/waymo_5neighbor_context_laneaware_clean_v1_part_00_13/shards/shard_000002,14,test
159267,33,/Users/liuqing/Projects/01_E2E_QA_Code/E2E-Evaluation/outputs/waymo_5neighbor_context_laneaware_clean_v1_part_39_51/shards/shard_000006,2995,test
134854,28,/Users/liuqing/Projects/01_E2E_QA_Code/E2E-Evaluation/outputs/waymo_5neighbor_context_laneaware_clean_v1_part_39_51/shards/shard_000001,3603,test
40639,8,/Users/liuqing/Projects/01_E2E_QA_Code/E2E-Evaluation/outputs/waymo_5neighbor_context_laneaware_clean_v1_part_00_13/shards/shard_000008,611,test
99147,20,/Users/liuqing/Projects/01_E2E_QA_Code/E2E-Evaluation/outputs/waymo_5neighbor_context_laneaware_clean_v1_part_26_39/shards/shard_000002,4720,test
131060,27,/Users/liuqing/Projects/01_E2E_QA_Code/E2E-Evaluation/outputs/waymo_5neighbor_context_laneaware_clean_v1_part_39_51/shards/shard_000000,4810,test
77451,15,/Users/liuqing/Projects/01_E2E_QA_Code/E2E-Evaluation/outputs/waymo_5neighbor_context_laneaware_clean_v1_part_13_26/shards/shard_000006,4730,test
55146,11,/Users/liuqing/Projects/01_E2E_QA_Code/E2E-Evaluation/outputs/waymo_5neighbor_context_laneaware_clean_v1_part_13_26/shards/shard_000002,2459,test
126335,27,/Users/liuqing/Projects/01_E2E_QA_Code/E2E-Evaluation/outputs/waymo_5neighbor_context_laneaware_clean_v1_part_39_51/shards/shard_000000,85,test
141882,30,/Users/liuqing/Projects/01_E2E_QA_Code/E2E-Evaluation/outputs/waymo_5neighbor_context_laneaware_clean_v1_part_39_51/shards/shard_000003,613,test
135786,28,/Users/liuqing/Projects/01_E2E_QA_Code/E2E-Evaluation/outputs/waymo_5neighbor_context_laneaware_clean_v1_part_39_51/shards/shard_000001,4535,test
11548,2,/Users/liuqing/Projects/01_E2E_QA_Code/E2E-Evaluation/outputs/waymo_5neighbor_context_laneaware_clean_v1_part_00_13/shards/shard_000002,1542,test
7695,1,/Users/liuqing/Projects/01_E2E_QA_Code/E2E-Evaluation/outputs/waymo_5neighbor_context_laneaware_clean_v1_part_00_13/shards/shard_000001,2693,test
84746,18,/Users/liuqing/Projects/01_E2E_QA_Code/E2E-Evaluation/outputs/waymo_5neighbor_context_laneaware_clean_v1_part_26_39/shards/shard_000000,323,test
119881,25,/Users/liuqing/Projects/01_E2E_QA_Code/E2E-Evaluation/outputs/waymo_5neighbor_context_laneaware_clean_v1_part_26_39/shards/shard_000007,432,test
158408,33,/Users/liuqing/Projects/01_E2E_QA_Code/E2E-Evaluation/outputs/waymo_5neighbor_context_laneaware_clean_v1_part_39_51/shards/shard_000006,2136,test
79424,16,/Users/liuqing/Projects/01_E2E_QA_Code/E2E-Evaluation/outputs/waymo_5neighbor_context_laneaware_clean_v1_part_13_26/shards/shard_000007,1703,test
61944,12,/Users/liuqing/Projects/01_E2E_QA_Code/E2E-Evaluation/outputs/waymo_5neighbor_context_laneaware_clean_v1_part_13_26/shards/shard_000003,4255,test
113102,23,/Users/liuqing/Projects/01_E2E_QA_Code/E2E-Evaluation/outputs/waymo_5neighbor_context_laneaware_clean_v1_part_26_39/shards/shard_000005,3663,test
97175,20,/Users/liuqing/Projects/01_E2E_QA_Code/E2E-Evaluation/outputs/waymo_5neighbor_context_laneaware_clean_v1_part_26_39/shards/shard_000002,2748,test
88543,18,/Users/liuqing/Projects/01_E2E_QA_Code/E2E-Evaluation/outputs/waymo_5neighbor_context_laneaware_clean_v1_part_26_39/shards/shard_000000,4120,test
144188,30,/Users/liuqing/Projects/01_E2E_QA_Code/E2E-Evaluation/outputs/waymo_5neighbor_context_laneaware_clean_v1_part_39_51/shards/shard_000003,2919,test
29379,5,/Users/liuqing/Projects/01_E2E_QA_Code/E2E-Evaluation/outputs/waymo_5neighbor_context_laneaware_clean_v1_part_00_13/shards/shard_000005,4362,test
55641,11,/Users/liuqing/Projects/01_E2E_QA_Code/E2E-Evaluation/outputs/waymo_5neighbor_context_laneaware_clean_v1_part_13_26/shards/shard_000002,2954,test
78920,16,/Users/liuqing/Projects/01_E2E_QA_Code/E2E-Evaluation/outputs/waymo_5neighbor_context_laneaware_clean_v1_part_13_26/shards/shard_000007,1199,test
106561,22,/Users/liuqing/Projects/01_E2E_QA_Code/E2E-Evaluation/outputs/waymo_5neighbor_context_laneaware_clean_v1_part_26_39/shards/shard_000004,2129,test
117746,24,/Users/liuqing/Projects/01_E2E_QA_Code/E2E-Evaluation/outputs/waymo_5neighbor_context_laneaware_clean_v1_part_26_39/shards/shard_000006,3298,test
134847,28,/Users/liuqing/Projects/01_E2E_QA_Code/E2E-Evaluation/outputs/waymo_5neighbor_context_laneaware_clean_v1_part_39_51/shards/shard_000001,3596,test
137688,29,/Users/liuqing/Projects/01_E2E_QA_Code/E2E-Evaluation/outputs/waymo_5neighbor_context_laneaware_clean_v1_part_39_51/shards/shard_000002,1435,test
40822,8,/Users/liuqing/Projects/01_E2E_QA_Code/E2E-Evaluation/outputs/waymo_5neighbor_context_laneaware_clean_v1_part_00_13/shards/shard_000008,794,test
1411,0,/Users/liuqing/Projects/01_E2E_QA_Code/E2E-Evaluation/outputs/waymo_5neighbor_context_laneaware_clean_v1_part_00_13/shards/shard_000000,1411,test
99282,20,/Users/liuqing/Projects/01_E2E_QA_Code/E2E-Evaluation/outputs/waymo_5neighbor_context_laneaware_clean_v1_part_26_39/shards/shard_000002,4855,test
112223,23,/Users/liuqing/Projects/01_E2E_QA_Code/E2E-Evaluation/outputs/waymo_5neighbor_context_laneaware_clean_v1_part_26_39/shards/shard_000005,2784,test
135625,28,/Users/liuqing/Projects/01_E2E_QA_Code/E2E-Evaluation/outputs/waymo_5neighbor_context_laneaware_clean_v1_part_39_51/shards/shard_000001,4374,test
99182,20,/Users/liuqing/Projects/01_E2E_QA_Code/E2E-Evaluation/outputs/waymo_5neighbor_context_laneaware_clean_v1_part_26_39/shards/shard_000002,4755,test
33660,6,/Users/liuqing/Projects/01_E2E_QA_Code/E2E-Evaluation/outputs/waymo_5neighbor_context_laneaware_clean_v1_part_00_13/shards/shard_000006,3642,test
89919,19,/Users/liuqing/Projects/01_E2E_QA_Code/E2E-Evaluation/outputs/waymo_5neighbor_context_laneaware_clean_v1_part_26_39/shards/shard_000001,492,test
123976,25,/Users/liuqing/Projects/01_E2E_QA_Code/E2E-Evaluation/outputs/waymo_5neighbor_context_laneaware_clean_v1_part_26_39/shards/shard_000007,4527,test
81036,16,/Users/liuqing/Projects/01_E2E_QA_Code/E2E-Evaluation/outputs/waymo_5neighbor_context_laneaware_clean_v1_part_13_26/shards/shard_000007,3315,test
18172,3,/Users/liuqing/Projects/01_E2E_QA_Code/E2E-Evaluation/outputs/waymo_5neighbor_context_laneaware_clean_v1_part_00_13/shards/shard_000003,3166,test
148574,31,/Users/liuqing/Projects/01_E2E_QA_Code/E2E-Evaluation/outputs/waymo_5neighbor_context_laneaware_clean_v1_part_39_51/shards/shard_000004,2304,test
78238,16,/Users/liuqing/Projects/01_E2E_QA_Code/E2E-Evaluation/outputs/waymo_5neighbor_context_laneaware_clean_v1_part_13_26/shards/shard_000007,517,test
60981,12,/Users/liuqing/Projects/01_E2E_QA_Code/E2E-Evaluation/outputs/waymo_5neighbor_context_laneaware_clean_v1_part_13_26/shards/shard_000003,3292,test
40306,8,/Users/liuqing/Projects/01_E2E_QA_Code/E2E-Evaluation/outputs/waymo_5neighbor_context_laneaware_clean_v1_part_00_13/shards/shard_000008,278,test
76196,15,/Users/liuqing/Projects/01_E2E_QA_Code/E2E-Evaluation/outputs/waymo_5neighbor_context_laneaware_clean_v1_part_13_26/shards/shard_000006,3475,test
161595,34,/Users/liuqing/Projects/01_E2E_QA_Code/E2E-Evaluation/outputs/waymo_5neighbor_context_laneaware_clean_v1_part_39_51/shards/shard_000007,315,test
52388,10,/Users/liuqing/Projects/01_E2E_QA_Code/E2E-Evaluation/outputs/waymo_5neighbor_context_laneaware_clean_v1_part_13_26/shards/shard_000001,4703,test
51682,10,/Users/liuqing/Projects/01_E2E_QA_Code/E2E-Evaluation/outputs/waymo_5neighbor_context_laneaware_clean_v1_part_13_26/shards/shard_000001,3997,test
74055,15,/Users/liuqing/Projects/01_E2E_QA_Code/E2E-Evaluation/outputs/waymo_5neighbor_context_laneaware_clean_v1_part_13_26/shards/shard_000006,1334,test
81869,16,/Users/liuqing/Projects/01_E2E_QA_Code/E2E-Evaluation/outputs/waymo_5neighbor_context_laneaware_clean_v1_part_13_26/shards/shard_000007,4148,test
113111,23,/Users/liuqing/Projects/01_E2E_QA_Code/E2E-Evaluation/outputs/waymo_5neighbor_context_laneaware_clean_v1_part_26_39/shards/shard_000005,3672,test
158778,33,/Users/liuqing/Projects/01_E2E_QA_Code/E2E-Evaluation/outputs/waymo_5neighbor_context_laneaware_clean_v1_part_39_51/shards/shard_000006,2506,test
57165,11,/Users/liuqing/Projects/01_E2E_QA_Code/E2E-Evaluation/outputs/waymo_5neighbor_context_laneaware_clean_v1_part_13_26/shards/shard_000002,4478,test
159270,33,/Users/liuqing/Projects/01_E2E_QA_Code/E2E-Evaluation/outputs/waymo_5neighbor_context_laneaware_clean_v1_part_39_51/shards/shard_000006,2998,test
30117,6,/Users/liuqing/Projects/01_E2E_QA_Code/E2E-Evaluation/outputs/waymo_5neighbor_context_laneaware_clean_v1_part_00_13/shards/shard_000006,99,test
106591,22,/Users/liuqing/Projects/01_E2E_QA_Code/E2E-Evaluation/outputs/waymo_5neighbor_context_laneaware_clean_v1_part_26_39/shards/shard_000004,2159,test
50307,10,/Users/liuqing/Projects/01_E2E_QA_Code/E2E-Evaluation/outputs/waymo_5neighbor_context_laneaware_clean_v1_part_13_26/shards/shard_000001,2622,test
85587,18,/Users/liuqing/Projects/01_E2E_QA_Code/E2E-Evaluation/outputs/waymo_5neighbor_context_laneaware_clean_v1_part_26_39/shards/shard_000000,1164,test
62197,12,/Users/liuqing/Projects/01_E2E_QA_Code/E2E-Evaluation/outputs/waymo_5neighbor_context_laneaware_clean_v1_part_13_26/shards/shard_000003,4508,test
151490,32,/Users/liuqing/Projects/01_E2E_QA_Code/E2E-Evaluation/outputs/waymo_5neighbor_context_laneaware_clean_v1_part_39_51/shards/shard_000005,219,test
76579,15,/Users/liuqing/Projects/01_E2E_QA_Code/E2E-Evaluation/outputs/waymo_5neighbor_context_laneaware_clean_v1_part_13_26/shards/shard_000006,3858,test
71811,14,/Users/liuqing/Projects/01_E2E_QA_Code/E2E-Evaluation/outputs/waymo_5neighbor_context_laneaware_clean_v1_part_13_26/shards/shard_000005,4101,test
68071,14,/Users/liuqing/Projects/01_E2E_QA_Code/E2E-Evaluation/outputs/waymo_5neighbor_context_laneaware_clean_v1_part_13_26/shards/shard_000005,361,test
61952,12,/Users/liuqing/Projects/01_E2E_QA_Code/E2E-Evaluation/outputs/waymo_5neighbor_context_laneaware_clean_v1_part_13_26/shards/shard_000003,4263,test
144883,30,/Users/liuqing/Projects/01_E2E_QA_Code/E2E-Evaluation/outputs/waymo_5neighbor_context_laneaware_clean_v1_part_39_51/shards/shard_000003,3614,test
144232,30,/Users/liuqing/Projects/01_E2E_QA_Code/E2E-Evaluation/outputs/waymo_5neighbor_context_laneaware_clean_v1_part_39_51/shards/shard_000003,2963,test
141013,29,/Users/liuqing/Projects/01_E2E_QA_Code/E2E-Evaluation/outputs/waymo_5neighbor_context_laneaware_clean_v1_part_39_51/shards/shard_000002,4760,test
34710,6,/Users/liuqing/Projects/01_E2E_QA_Code/E2E-Evaluation/outputs/waymo_5neighbor_context_laneaware_clean_v1_part_00_13/shards/shard_000006,4692,test
66134,13,/Users/liuqing/Projects/01_E2E_QA_Code/E2E-Evaluation/outputs/waymo_5neighbor_context_laneaware_clean_v1_part_13_26/shards/shard_000004,3432,test
34667,6,/Users/liuqing/Projects/01_E2E_QA_Code/E2E-Evaluation/outputs/waymo_5neighbor_context_laneaware_clean_v1_part_00_13/shards/shard_000006,4649,test
158774,33,/Users/liuqing/Projects/01_E2E_QA_Code/E2E-Evaluation/outputs/waymo_5neighbor_context_laneaware_clean_v1_part_39_51/shards/shard_000006,2502,test
159759,33,/Users/liuqing/Projects/01_E2E_QA_Code/E2E-Evaluation/outputs/waymo_5neighbor_context_laneaware_clean_v1_part_39_51/shards/shard_000006,3487,test
111389,23,/Users/liuqing/Projects/01_E2E_QA_Code/E2E-Evaluation/outputs/waymo_5neighbor_context_laneaware_clean_v1_part_26_39/shards/shard_000005,1950,test
56460,11,/Users/liuqing/Projects/01_E2E_QA_Code/E2E-Evaluation/outputs/waymo_5neighbor_context_laneaware_clean_v1_part_13_26/shards/shard_000002,3773,test
122364,25,/Users/liuqing/Projects/01_E2E_QA_Code/E2E-Evaluation/outputs/waymo_5neighbor_context_laneaware_clean_v1_part_26_39/shards/shard_000007,2915,test
66735,13,/Users/liuqing/Projects/01_E2E_QA_Code/E2E-Evaluation/outputs/waymo_5neighbor_context_laneaware_clean_v1_part_13_26/shards/shard_000004,4033,test
127144,27,/Users/liuqing/Projects/01_E2E_QA_Code/E2E-Evaluation/outputs/waymo_5neighbor_context_laneaware_clean_v1_part_39_51/shards/shard_000000,894,test
148353,31,/Users/liuqing/Projects/01_E2E_QA_Code/E2E-Evaluation/outputs/waymo_5neighbor_context_laneaware_clean_v1_part_39_51/shards/shard_000004,2083,test
28139,5,/Users/liuqing/Projects/01_E2E_QA_Code/E2E-Evaluation/outputs/waymo_5neighbor_context_laneaware_clean_v1_part_00_13/shards/shard_000005,3122,test
127147,27,/Users/liuqing/Projects/01_E2E_QA_Code/E2E-Evaluation/outputs/waymo_5neighbor_context_laneaware_clean_v1_part_39_51/shards/shard_000000,897,test
138539,29,/Users/liuqing/Projects/01_E2E_QA_Code/E2E-Evaluation/outputs/waymo_5neighbor_context_laneaware_clean_v1_part_39_51/shards/shard_000002,2286,test
141014,29,/Users/liuqing/Projects/01_E2E_QA_Code/E2E-Evaluation/outputs/waymo_5neighbor_context_laneaware_clean_v1_part_39_51/shards/shard_000002,4761,test
11530,2,/Users/liuqing/Projects/01_E2E_QA_Code/E2E-Evaluation/outputs/waymo_5neighbor_context_laneaware_clean_v1_part_00_13/shards/shard_000002,1524,test
158449,33,/Users/liuqing/Projects/01_E2E_QA_Code/E2E-Evaluation/outputs/waymo_5neighbor_context_laneaware_clean_v1_part_39_51/shards/shard_000006,2177,test
1828,0,/Users/liuqing/Projects/01_E2E_QA_Code/E2E-Evaluation/outputs/waymo_5neighbor_context_laneaware_clean_v1_part_00_13/shards/shard_000000,1828,test
47555,9,/Users/liuqing/Projects/01_E2E_QA_Code/E2E-Evaluation/outputs/waymo_5neighbor_context_laneaware_clean_v1_part_13_26/shards/shard_000000,4883,test
114076,23,/Users/liuqing/Projects/01_E2E_QA_Code/E2E-Evaluation/outputs/waymo_5neighbor_context_laneaware_clean_v1_part_26_39/shards/shard_000005,4637,test
69038,14,/Users/liuqing/Projects/01_E2E_QA_Code/E2E-Evaluation/outputs/waymo_5neighbor_context_laneaware_clean_v1_part_13_26/shards/shard_000005,1328,test
124578,26,/Users/liuqing/Projects/01_E2E_QA_Code/E2E-Evaluation/outputs/waymo_5neighbor_context_laneaware_clean_v1_part_26_39/shards/shard_000008,125,test
51211,10,/Users/liuqing/Projects/01_E2E_QA_Code/E2E-Evaluation/outputs/waymo_5neighbor_context_laneaware_clean_v1_part_13_26/shards/shard_000001,3526,test
29386,5,/Users/liuqing/Projects/01_E2E_QA_Code/E2E-Evaluation/outputs/waymo_5neighbor_context_laneaware_clean_v1_part_00_13/shards/shard_000005,4369,test
5820,1,/Users/liuqing/Projects/01_E2E_QA_Code/E2E-Evaluation/outputs/waymo_5neighbor_context_laneaware_clean_v1_part_00_13/shards/shard_000001,818,test
115874,24,/Users/liuqing/Projects/01_E2E_QA_Code/E2E-Evaluation/outputs/waymo_5neighbor_context_laneaware_clean_v1_part_26_39/shards/shard_000006,1426,test
147096,31,/Users/liuqing/Projects/01_E2E_QA_Code/E2E-Evaluation/outputs/waymo_5neighbor_context_laneaware_clean_v1_part_39_51/shards/shard_000004,826,test
75347,15,/Users/liuqing/Projects/01_E2E_QA_Code/E2E-Evaluation/outputs/waymo_5neighbor_context_laneaware_clean_v1_part_13_26/shards/shard_000006,2626,test
54806,11,/Users/liuqing/Projects/01_E2E_QA_Code/E2E-Evaluation/outputs/waymo_5neighbor_context_laneaware_clean_v1_part_13_26/shards/shard_000002,2119,test
13914,2,/Users/liuqing/Projects/01_E2E_QA_Code/E2E-Evaluation/outputs/waymo_5neighbor_context_laneaware_clean_v1_part_00_13/shards/shard_000002,3908,test
29805,5,/Users/liuqing/Projects/01_E2E_QA_Code/E2E-Evaluation/outputs/waymo_5neighbor_context_laneaware_clean_v1_part_00_13/shards/shard_000005,4788,test
121620,25,/Users/liuqing/Projects/01_E2E_QA_Code/E2E-Evaluation/outputs/waymo_5neighbor_context_laneaware_clean_v1_part_26_39/shards/shard_000007,2171,test
67930,14,/Users/liuqing/Projects/01_E2E_QA_Code/E2E-Evaluation/outputs/waymo_5neighbor_context_laneaware_clean_v1_part_13_26/shards/shard_000005,220,test
44643,9,/Users/liuqing/Projects/01_E2E_QA_Code/E2E-Evaluation/outputs/waymo_5neighbor_context_laneaware_clean_v1_part_13_26/shards/shard_000000,1971,test
49120,10,/Users/liuqing/Projects/01_E2E_QA_Code/E2E-Evaluation/outputs/waymo_5neighbor_context_laneaware_clean_v1_part_13_26/shards/shard_000001,1435,test
14145,2,/Users/liuqing/Projects/01_E2E_QA_Code/E2E-Evaluation/outputs/waymo_5neighbor_context_laneaware_clean_v1_part_00_13/shards/shard_000002,4139,test
34365,6,/Users/liuqing/Projects/01_E2E_QA_Code/E2E-Evaluation/outputs/waymo_5neighbor_context_laneaware_clean_v1_part_00_13/shards/shard_000006,4347,test
109495,23,/Users/liuqing/Projects/01_E2E_QA_Code/E2E-Evaluation/outputs/waymo_5neighbor_context_laneaware_clean_v1_part_26_39/shards/shard_000005,56,test
57876,12,/Users/liuqing/Projects/01_E2E_QA_Code/E2E-Evaluation/outputs/waymo_5neighbor_context_laneaware_clean_v1_part_13_26/shards/shard_000003,187,test
34536,6,/Users/liuqing/Projects/01_E2E_QA_Code/E2E-Evaluation/outputs/waymo_5neighbor_context_laneaware_clean_v1_part_00_13/shards/shard_000006,4518,test
122376,25,/Users/liuqing/Projects/01_E2E_QA_Code/E2E-Evaluation/outputs/waymo_5neighbor_context_laneaware_clean_v1_part_26_39/shards/shard_000007,2927,test
123934,25,/Users/liuqing/Projects/01_E2E_QA_Code/E2E-Evaluation/outputs/waymo_5neighbor_context_laneaware_clean_v1_part_26_39/shards/shard_000007,4485,test
105492,22,/Users/liuqing/Projects/01_E2E_QA_Code/E2E-Evaluation/outputs/waymo_5neighbor_context_laneaware_clean_v1_part_26_39/shards/shard_000004,1060,test
43908,9,/Users/liuqing/Projects/01_E2E_QA_Code/E2E-Evaluation/outputs/waymo_5neighbor_context_laneaware_clean_v1_part_13_26/shards/shard_000000,1236,test
36510,7,/Users/liuqing/Projects/01_E2E_QA_Code/E2E-Evaluation/outputs/waymo_5neighbor_context_laneaware_clean_v1_part_00_13/shards/shard_000007,1491,test
29800,5,/Users/liuqing/Projects/01_E2E_QA_Code/E2E-Evaluation/outputs/waymo_5neighbor_context_laneaware_clean_v1_part_00_13/shards/shard_000005,4783,test
67024,13,/Users/liuqing/Projects/01_E2E_QA_Code/E2E-Evaluation/outputs/waymo_5neighbor_context_laneaware_clean_v1_part_13_26/shards/shard_000004,4322,test
102782,21,/Users/liuqing/Projects/01_E2E_QA_Code/E2E-Evaluation/outputs/waymo_5neighbor_context_laneaware_clean_v1_part_26_39/shards/shard_000003,3351,test
101050,21,/Users/liuqing/Projects/01_E2E_QA_Code/E2E-Evaluation/outputs/waymo_5neighbor_context_laneaware_clean_v1_part_26_39/shards/shard_000003,1619,test
127137,27,/Users/liuqing/Projects/01_E2E_QA_Code/E2E-Evaluation/outputs/waymo_5neighbor_context_laneaware_clean_v1_part_39_51/shards/shard_000000,887,test
34721,6,/Users/liuqing/Projects/01_E2E_QA_Code/E2E-Evaluation/outputs/waymo_5neighbor_context_laneaware_clean_v1_part_00_13/shards/shard_000006,4703,test
47066,9,/Users/liuqing/Projects/01_E2E_QA_Code/E2E-Evaluation/outputs/waymo_5neighbor_context_laneaware_clean_v1_part_13_26/shards/shard_000000,4394,test
69393,14,/Users/liuqing/Projects/01_E2E_QA_Code/E2E-Evaluation/outputs/waymo_5neighbor_context_laneaware_clean_v1_part_13_26/shards/shard_000005,1683,test
74270,15,/Users/liuqing/Projects/01_E2E_QA_Code/E2E-Evaluation/outputs/waymo_5neighbor_context_laneaware_clean_v1_part_13_26/shards/shard_000006,1549,test
121030,25,/Users/liuqing/Projects/01_E2E_QA_Code/E2E-Evaluation/outputs/waymo_5neighbor_context_laneaware_clean_v1_part_26_39/shards/shard_000007,1581,test
162728,34,/Users/liuqing/Projects/01_E2E_QA_Code/E2E-Evaluation/outputs/waymo_5neighbor_context_laneaware_clean_v1_part_39_51/shards/shard_000007,1448,test
156,0,/Users/liuqing/Projects/01_E2E_QA_Code/E2E-Evaluation/outputs/waymo_5neighbor_context_laneaware_clean_v1_part_00_13/shards/shard_000000,156,test
59464,12,/Users/liuqing/Projects/01_E2E_QA_Code/E2E-Evaluation/outputs/waymo_5neighbor_context_laneaware_clean_v1_part_13_26/shards/shard_000003,1775,test
145422,30,/Users/liuqing/Projects/01_E2E_QA_Code/E2E-Evaluation/outputs/waymo_5neighbor_context_laneaware_clean_v1_part_39_51/shards/shard_000003,4153,test
75634,15,/Users/liuqing/Projects/01_E2E_QA_Code/E2E-Evaluation/outputs/waymo_5neighbor_context_laneaware_clean_v1_part_13_26/shards/shard_000006,2913,test
83732,17,/Users/liuqing/Projects/01_E2E_QA_Code/E2E-Evaluation/outputs/waymo_5neighbor_context_laneaware_clean_v1_part_13_26/shards/shard_000008,1002,test
123878,25,/Users/liuqing/Projects/01_E2E_QA_Code/E2E-Evaluation/outputs/waymo_5neighbor_context_laneaware_clean_v1_part_26_39/shards/shard_000007,4429,test
47596,9,/Users/liuqing/Projects/01_E2E_QA_Code/E2E-Evaluation/outputs/waymo_5neighbor_context_laneaware_clean_v1_part_13_26/shards/shard_000000,4924,test
85589,18,/Users/liuqing/Projects/01_E2E_QA_Code/E2E-Evaluation/outputs/waymo_5neighbor_context_laneaware_clean_v1_part_26_39/shards/shard_000000,1166,test
119915,25,/Users/liuqing/Projects/01_E2E_QA_Code/E2E-Evaluation/outputs/waymo_5neighbor_context_laneaware_clean_v1_part_26_39/shards/shard_000007,466,test
155521,32,/Users/liuqing/Projects/01_E2E_QA_Code/E2E-Evaluation/outputs/waymo_5neighbor_context_laneaware_clean_v1_part_39_51/shards/shard_000005,4250,test
40817,8,/Users/liuqing/Projects/01_E2E_QA_Code/E2E-Evaluation/outputs/waymo_5neighbor_context_laneaware_clean_v1_part_00_13/shards/shard_000008,789,test
114644,24,/Users/liuqing/Projects/01_E2E_QA_Code/E2E-Evaluation/outputs/waymo_5neighbor_context_laneaware_clean_v1_part_26_39/shards/shard_000006,196,test
13798,2,/Users/liuqing/Projects/01_E2E_QA_Code/E2E-Evaluation/outputs/waymo_5neighbor_context_laneaware_clean_v1_part_00_13/shards/shard_000002,3792,test
155895,32,/Users/liuqing/Projects/01_E2E_QA_Code/E2E-Evaluation/outputs/waymo_5neighbor_context_laneaware_clean_v1_part_39_51/shards/shard_000005,4624,test
144334,30,/Users/liuqing/Projects/01_E2E_QA_Code/E2E-Evaluation/outputs/waymo_5neighbor_context_laneaware_clean_v1_part_39_51/shards/shard_000003,3065,test
86505,18,/Users/liuqing/Projects/01_E2E_QA_Code/E2E-Evaluation/outputs/waymo_5neighbor_context_laneaware_clean_v1_part_26_39/shards/shard_000000,2082,test
96087,20,/Users/liuqing/Projects/01_E2E_QA_Code/E2E-Evaluation/outputs/waymo_5neighbor_context_laneaware_clean_v1_part_26_39/shards/shard_000002,1660,test
60275,12,/Users/liuqing/Projects/01_E2E_QA_Code/E2E-Evaluation/outputs/waymo_5neighbor_context_laneaware_clean_v1_part_13_26/shards/shard_000003,2586,test
71649,14,/Users/liuqing/Projects/01_E2E_QA_Code/E2E-Evaluation/outputs/waymo_5neighbor_context_laneaware_clean_v1_part_13_26/shards/shard_000005,3939,test
61942,12,/Users/liuqing/Projects/01_E2E_QA_Code/E2E-Evaluation/outputs/waymo_5neighbor_context_laneaware_clean_v1_part_13_26/shards/shard_000003,4253,test
142185,30,/Users/liuqing/Projects/01_E2E_QA_Code/E2E-Evaluation/outputs/waymo_5neighbor_context_laneaware_clean_v1_part_39_51/shards/shard_000003,916,test
49046,10,/Users/liuqing/Projects/01_E2E_QA_Code/E2E-Evaluation/outputs/waymo_5neighbor_context_laneaware_clean_v1_part_13_26/shards/shard_000001,1361,test
43341,9,/Users/liuqing/Projects/01_E2E_QA_Code/E2E-Evaluation/outputs/waymo_5neighbor_context_laneaware_clean_v1_part_13_26/shards/shard_000000,669,test
79071,16,/Users/liuqing/Projects/01_E2E_QA_Code/E2E-Evaluation/outputs/waymo_5neighbor_context_laneaware_clean_v1_part_13_26/shards/shard_000007,1350,test
80699,16,/Users/liuqing/Projects/01_E2E_QA_Code/E2E-Evaluation/outputs/waymo_5neighbor_context_laneaware_clean_v1_part_13_26/shards/shard_000007,2978,test
2372,0,/Users/liuqing/Projects/01_E2E_QA_Code/E2E-Evaluation/outputs/waymo_5neighbor_context_laneaware_clean_v1_part_00_13/shards/shard_000000,2372,test
59938,12,/Users/liuqing/Projects/01_E2E_QA_Code/E2E-Evaluation/outputs/waymo_5neighbor_context_laneaware_clean_v1_part_13_26/shards/shard_000003,2249,test
99426,20,/Users/liuqing/Projects/01_E2E_QA_Code/E2E-Evaluation/outputs/waymo_5neighbor_context_laneaware_clean_v1_part_26_39/shards/shard_000002,4999,test
113109,23,/Users/liuqing/Projects/01_E2E_QA_Code/E2E-Evaluation/outputs/waymo_5neighbor_context_laneaware_clean_v1_part_26_39/shards/shard_000005,3670,test
132918,28,/Users/liuqing/Projects/01_E2E_QA_Code/E2E-Evaluation/outputs/waymo_5neighbor_context_laneaware_clean_v1_part_39_51/shards/shard_000001,1667,test
148578,31,/Users/liuqing/Projects/01_E2E_QA_Code/E2E-Evaluation/outputs/waymo_5neighbor_context_laneaware_clean_v1_part_39_51/shards/shard_000004,2308,test
79069,16,/Users/liuqing/Projects/01_E2E_QA_Code/E2E-Evaluation/outputs/waymo_5neighbor_context_laneaware_clean_v1_part_13_26/shards/shard_000007,1348,test
44932,9,/Users/liuqing/Projects/01_E2E_QA_Code/E2E-Evaluation/outputs/waymo_5neighbor_context_laneaware_clean_v1_part_13_26/shards/shard_000000,2260,test
36672,7,/Users/liuqing/Projects/01_E2E_QA_Code/E2E-Evaluation/outputs/waymo_5neighbor_context_laneaware_clean_v1_part_00_13/shards/shard_000007,1653,test
10784,2,/Users/liuqing/Projects/01_E2E_QA_Code/E2E-Evaluation/outputs/waymo_5neighbor_context_laneaware_clean_v1_part_00_13/shards/shard_000002,778,test
102310,21,/Users/liuqing/Projects/01_E2E_QA_Code/E2E-Evaluation/outputs/waymo_5neighbor_context_laneaware_clean_v1_part_26_39/shards/shard_000003,2879,test
121923,25,/Users/liuqing/Projects/01_E2E_QA_Code/E2E-Evaluation/outputs/waymo_5neighbor_context_laneaware_clean_v1_part_26_39/shards/shard_000007,2474,test
96096,20,/Users/liuqing/Projects/01_E2E_QA_Code/E2E-Evaluation/outputs/waymo_5neighbor_context_laneaware_clean_v1_part_26_39/shards/shard_000002,1669,test
98463,20,/Users/liuqing/Projects/01_E2E_QA_Code/E2E-Evaluation/outputs/waymo_5neighbor_context_laneaware_clean_v1_part_26_39/shards/shard_000002,4036,test
79080,16,/Users/liuqing/Projects/01_E2E_QA_Code/E2E-Evaluation/outputs/waymo_5neighbor_context_laneaware_clean_v1_part_13_26/shards/shard_000007,1359,test
132170,28,/Users/liuqing/Projects/01_E2E_QA_Code/E2E-Evaluation/outputs/waymo_5neighbor_context_laneaware_clean_v1_part_39_51/shards/shard_000001,919,test
12602,2,/Users/liuqing/Projects/01_E2E_QA_Code/E2E-Evaluation/outputs/waymo_5neighbor_context_laneaware_clean_v1_part_00_13/shards/shard_000002,2596,test
147048,31,/Users/liuqing/Projects/01_E2E_QA_Code/E2E-Evaluation/outputs/waymo_5neighbor_context_laneaware_clean_v1_part_39_51/shards/shard_000004,778,test
56766,11,/Users/liuqing/Projects/01_E2E_QA_Code/E2E-Evaluation/outputs/waymo_5neighbor_context_laneaware_clean_v1_part_13_26/shards/shard_000002,4079,test
21356,4,/Users/liuqing/Projects/01_E2E_QA_Code/E2E-Evaluation/outputs/waymo_5neighbor_context_laneaware_clean_v1_part_00_13/shards/shard_000004,1350,test
23001,4,/Users/liuqing/Projects/01_E2E_QA_Code/E2E-Evaluation/outputs/waymo_5neighbor_context_laneaware_clean_v1_part_00_13/shards/shard_000004,2995,test
57675,11,/Users/liuqing/Projects/01_E2E_QA_Code/E2E-Evaluation/outputs/waymo_5neighbor_context_laneaware_clean_v1_part_13_26/shards/shard_000002,4988,test
82808,17,/Users/liuqing/Projects/01_E2E_QA_Code/E2E-Evaluation/outputs/waymo_5neighbor_context_laneaware_clean_v1_part_13_26/shards/shard_000008,78,test
114957,24,/Users/liuqing/Projects/01_E2E_QA_Code/E2E-Evaluation/outputs/waymo_5neighbor_context_laneaware_clean_v1_part_26_39/shards/shard_000006,509,test
111062,23,/Users/liuqing/Projects/01_E2E_QA_Code/E2E-Evaluation/outputs/waymo_5neighbor_context_laneaware_clean_v1_part_26_39/shards/shard_000005,1623,test
88867,18,/Users/liuqing/Projects/01_E2E_QA_Code/E2E-Evaluation/outputs/waymo_5neighbor_context_laneaware_clean_v1_part_26_39/shards/shard_000000,4444,test
54891,11,/Users/liuqing/Projects/01_E2E_QA_Code/E2E-Evaluation/outputs/waymo_5neighbor_context_laneaware_clean_v1_part_13_26/shards/shard_000002,2204,test
121924,25,/Users/liuqing/Projects/01_E2E_QA_Code/E2E-Evaluation/outputs/waymo_5neighbor_context_laneaware_clean_v1_part_26_39/shards/shard_000007,2475,test
97236,20,/Users/liuqing/Projects/01_E2E_QA_Code/E2E-Evaluation/outputs/waymo_5neighbor_context_laneaware_clean_v1_part_26_39/shards/shard_000002,2809,test
14963,2,/Users/liuqing/Projects/01_E2E_QA_Code/E2E-Evaluation/outputs/waymo_5neighbor_context_laneaware_clean_v1_part_00_13/shards/shard_000002,4957,test
146821,31,/Users/liuqing/Projects/01_E2E_QA_Code/E2E-Evaluation/outputs/waymo_5neighbor_context_laneaware_clean_v1_part_39_51/shards/shard_000004,551,test
19992,3,/Users/liuqing/Projects/01_E2E_QA_Code/E2E-Evaluation/outputs/waymo_5neighbor_context_laneaware_clean_v1_part_00_13/shards/shard_000003,4986,test
126336,27,/Users/liuqing/Projects/01_E2E_QA_Code/E2E-Evaluation/outputs/waymo_5neighbor_context_laneaware_clean_v1_part_39_51/shards/shard_000000,86,test
145266,30,/Users/liuqing/Projects/01_E2E_QA_Code/E2E-Evaluation/outputs/waymo_5neighbor_context_laneaware_clean_v1_part_39_51/shards/shard_000003,3997,test
152387,32,/Users/liuqing/Projects/01_E2E_QA_Code/E2E-Evaluation/outputs/waymo_5neighbor_context_laneaware_clean_v1_part_39_51/shards/shard_000005,1116,test
73736,15,/Users/liuqing/Projects/01_E2E_QA_Code/E2E-Evaluation/outputs/waymo_5neighbor_context_laneaware_clean_v1_part_13_26/shards/shard_000006,1015,test
20654,4,/Users/liuqing/Projects/01_E2E_QA_Code/E2E-Evaluation/outputs/waymo_5neighbor_context_laneaware_clean_v1_part_00_13/shards/shard_000004,648,test
4683,0,/Users/liuqing/Projects/01_E2E_QA_Code/E2E-Evaluation/outputs/waymo_5neighbor_context_laneaware_clean_v1_part_00_13/shards/shard_000000,4683,test
26253,5,/Users/liuqing/Projects/01_E2E_QA_Code/E2E-Evaluation/outputs/waymo_5neighbor_context_laneaware_clean_v1_part_00_13/shards/shard_000005,1236,test
37322,7,/Users/liuqing/Projects/01_E2E_QA_Code/E2E-Evaluation/outputs/waymo_5neighbor_context_laneaware_clean_v1_part_00_13/shards/shard_000007,2303,test
119884,25,/Users/liuqing/Projects/01_E2E_QA_Code/E2E-Evaluation/outputs/waymo_5neighbor_context_laneaware_clean_v1_part_26_39/shards/shard_000007,435,test
6495,1,/Users/liuqing/Projects/01_E2E_QA_Code/E2E-Evaluation/outputs/waymo_5neighbor_context_laneaware_clean_v1_part_00_13/shards/shard_000001,1493,test
88594,18,/Users/liuqing/Projects/01_E2E_QA_Code/E2E-Evaluation/outputs/waymo_5neighbor_context_laneaware_clean_v1_part_26_39/shards/shard_000000,4171,test
34713,6,/Users/liuqing/Projects/01_E2E_QA_Code/E2E-Evaluation/outputs/waymo_5neighbor_context_laneaware_clean_v1_part_00_13/shards/shard_000006,4695,test
155520,32,/Users/liuqing/Projects/01_E2E_QA_Code/E2E-Evaluation/outputs/waymo_5neighbor_context_laneaware_clean_v1_part_39_51/shards/shard_000005,4249,test
77367,15,/Users/liuqing/Projects/01_E2E_QA_Code/E2E-Evaluation/outputs/waymo_5neighbor_context_laneaware_clean_v1_part_13_26/shards/shard_000006,4646,test
7699,1,/Users/liuqing/Projects/01_E2E_QA_Code/E2E-Evaluation/outputs/waymo_5neighbor_context_laneaware_clean_v1_part_00_13/shards/shard_000001,2697,test
73942,15,/Users/liuqing/Projects/01_E2E_QA_Code/E2E-Evaluation/outputs/waymo_5neighbor_context_laneaware_clean_v1_part_13_26/shards/shard_000006,1221,test
158830,33,/Users/liuqing/Projects/01_E2E_QA_Code/E2E-Evaluation/outputs/waymo_5neighbor_context_laneaware_clean_v1_part_39_51/shards/shard_000006,2558,test
104245,21,/Users/liuqing/Projects/01_E2E_QA_Code/E2E-Evaluation/outputs/waymo_5neighbor_context_laneaware_clean_v1_part_26_39/shards/shard_000003,4814,test
105310,22,/Users/liuqing/Projects/01_E2E_QA_Code/E2E-Evaluation/outputs/waymo_5neighbor_context_laneaware_clean_v1_part_26_39/shards/shard_000004,878,test
40498,8,/Users/liuqing/Projects/01_E2E_QA_Code/E2E-Evaluation/outputs/waymo_5neighbor_context_laneaware_clean_v1_part_00_13/shards/shard_000008,470,test
55519,11,/Users/liuqing/Projects/01_E2E_QA_Code/E2E-Evaluation/outputs/waymo_5neighbor_context_laneaware_clean_v1_part_13_26/shards/shard_000002,2832,test
33162,6,/Users/liuqing/Projects/01_E2E_QA_Code/E2E-Evaluation/outputs/waymo_5neighbor_context_laneaware_clean_v1_part_00_13/shards/shard_000006,3144,test
42439,8,/Users/liuqing/Projects/01_E2E_QA_Code/E2E-Evaluation/outputs/waymo_5neighbor_context_laneaware_clean_v1_part_00_13/shards/shard_000008,2411,test
158,0,/Users/liuqing/Projects/01_E2E_QA_Code/E2E-Evaluation/outputs/waymo_5neighbor_context_laneaware_clean_v1_part_00_13/shards/shard_000000,158,test
66787,13,/Users/liuqing/Projects/01_E2E_QA_Code/E2E-Evaluation/outputs/waymo_5neighbor_context_laneaware_clean_v1_part_13_26/shards/shard_000004,4085,test
138532,29,/Users/liuqing/Projects/01_E2E_QA_Code/E2E-Evaluation/outputs/waymo_5neighbor_context_laneaware_clean_v1_part_39_51/shards/shard_000002,2279,test
111955,23,/Users/liuqing/Projects/01_E2E_QA_Code/E2E-Evaluation/outputs/waymo_5neighbor_context_laneaware_clean_v1_part_26_39/shards/shard_000005,2516,test
105796,22,/Users/liuqing/Projects/01_E2E_QA_Code/E2E-Evaluation/outputs/waymo_5neighbor_context_laneaware_clean_v1_part_26_39/shards/shard_000004,1364,test
144139,30,/Users/liuqing/Projects/01_E2E_QA_Code/E2E-Evaluation/outputs/waymo_5neighbor_context_laneaware_clean_v1_part_39_51/shards/shard_000003,2870,test
125760,26,/Users/liuqing/Projects/01_E2E_QA_Code/E2E-Evaluation/outputs/waymo_5neighbor_context_laneaware_clean_v1_part_26_39/shards/shard_000008,1307,test
127154,27,/Users/liuqing/Projects/01_E2E_QA_Code/E2E-Evaluation/outputs/waymo_5neighbor_context_laneaware_clean_v1_part_39_51/shards/shard_000000,904,test
94010,19,/Users/liuqing/Projects/01_E2E_QA_Code/E2E-Evaluation/outputs/waymo_5neighbor_context_laneaware_clean_v1_part_26_39/shards/shard_000001,4583,test
162797,34,/Users/liuqing/Projects/01_E2E_QA_Code/E2E-Evaluation/outputs/waymo_5neighbor_context_laneaware_clean_v1_part_39_51/shards/shard_000007,1517,test
113115,23,/Users/liuqing/Projects/01_E2E_QA_Code/E2E-Evaluation/outputs/waymo_5neighbor_context_laneaware_clean_v1_part_26_39/shards/shard_000005,3676,test
108561,22,/Users/liuqing/Projects/01_E2E_QA_Code/E2E-Evaluation/outputs/waymo_5neighbor_context_laneaware_clean_v1_part_26_39/shards/shard_000004,4129,test
70758,14,/Users/liuqing/Projects/01_E2E_QA_Code/E2E-Evaluation/outputs/waymo_5neighbor_context_laneaware_clean_v1_part_13_26/shards/shard_000005,3048,test
89665,19,/Users/liuqing/Projects/01_E2E_QA_Code/E2E-Evaluation/outputs/waymo_5neighbor_context_laneaware_clean_v1_part_26_39/shards/shard_000001,238,test
75727,15,/Users/liuqing/Projects/01_E2E_QA_Code/E2E-Evaluation/outputs/waymo_5neighbor_context_laneaware_clean_v1_part_13_26/shards/shard_000006,3006,test
81182,16,/Users/liuqing/Projects/01_E2E_QA_Code/E2E-Evaluation/outputs/waymo_5neighbor_context_laneaware_clean_v1_part_13_26/shards/shard_000007,3461,test
108945,22,/Users/liuqing/Projects/01_E2E_QA_Code/E2E-Evaluation/outputs/waymo_5neighbor_context_laneaware_clean_v1_part_26_39/shards/shard_000004,4513,test
43342,9,/Users/liuqing/Projects/01_E2E_QA_Code/E2E-Evaluation/outputs/waymo_5neighbor_context_laneaware_clean_v1_part_13_26/shards/shard_000000,670,test
137608,29,/Users/liuqing/Projects/01_E2E_QA_Code/E2E-Evaluation/outputs/waymo_5neighbor_context_laneaware_clean_v1_part_39_51/shards/shard_000002,1355,test
97784,20,/Users/liuqing/Projects/01_E2E_QA_Code/E2E-Evaluation/outputs/waymo_5neighbor_context_laneaware_clean_v1_part_26_39/shards/shard_000002,3357,test
119746,25,/Users/liuqing/Projects/01_E2E_QA_Code/E2E-Evaluation/outputs/waymo_5neighbor_context_laneaware_clean_v1_part_26_39/shards/shard_000007,297,test
19998,3,/Users/liuqing/Projects/01_E2E_QA_Code/E2E-Evaluation/outputs/waymo_5neighbor_context_laneaware_clean_v1_part_00_13/shards/shard_000003,4992,test
104904,22,/Users/liuqing/Projects/01_E2E_QA_Code/E2E-Evaluation/outputs/waymo_5neighbor_context_laneaware_clean_v1_part_26_39/shards/shard_000004,472,test
121619,25,/Users/liuqing/Projects/01_E2E_QA_Code/E2E-Evaluation/outputs/waymo_5neighbor_context_laneaware_clean_v1_part_26_39/shards/shard_000007,2170,test
94006,19,/Users/liuqing/Projects/01_E2E_QA_Code/E2E-Evaluation/outputs/waymo_5neighbor_context_laneaware_clean_v1_part_26_39/shards/shard_000001,4579,test
29801,5,/Users/liuqing/Projects/01_E2E_QA_Code/E2E-Evaluation/outputs/waymo_5neighbor_context_laneaware_clean_v1_part_00_13/shards/shard_000005,4784,test
79089,16,/Users/liuqing/Projects/01_E2E_QA_Code/E2E-Evaluation/outputs/waymo_5neighbor_context_laneaware_clean_v1_part_13_26/shards/shard_000007,1368,test
88589,18,/Users/liuqing/Projects/01_E2E_QA_Code/E2E-Evaluation/outputs/waymo_5neighbor_context_laneaware_clean_v1_part_26_39/shards/shard_000000,4166,test
137738,29,/Users/liuqing/Projects/01_E2E_QA_Code/E2E-Evaluation/outputs/waymo_5neighbor_context_laneaware_clean_v1_part_39_51/shards/shard_000002,1485,test
151981,32,/Users/liuqing/Projects/01_E2E_QA_Code/E2E-Evaluation/outputs/waymo_5neighbor_context_laneaware_clean_v1_part_39_51/shards/shard_000005,710,test
90035,19,/Users/liuqing/Projects/01_E2E_QA_Code/E2E-Evaluation/outputs/waymo_5neighbor_context_laneaware_clean_v1_part_26_39/shards/shard_000001,608,test
124309,25,/Users/liuqing/Projects/01_E2E_QA_Code/E2E-Evaluation/outputs/waymo_5neighbor_context_laneaware_clean_v1_part_26_39/shards/shard_000007,4860,test
60966,12,/Users/liuqing/Projects/01_E2E_QA_Code/E2E-Evaluation/outputs/waymo_5neighbor_context_laneaware_clean_v1_part_13_26/shards/shard_000003,3277,test
108908,22,/Users/liuqing/Projects/01_E2E_QA_Code/E2E-Evaluation/outputs/waymo_5neighbor_context_laneaware_clean_v1_part_26_39/shards/shard_000004,4476,test
42040,8,/Users/liuqing/Projects/01_E2E_QA_Code/E2E-Evaluation/outputs/waymo_5neighbor_context_laneaware_clean_v1_part_00_13/shards/shard_000008,2012,test
1414,0,/Users/liuqing/Projects/01_E2E_QA_Code/E2E-Evaluation/outputs/waymo_5neighbor_context_laneaware_clean_v1_part_00_13/shards/shard_000000,1414,test
112247,23,/Users/liuqing/Projects/01_E2E_QA_Code/E2E-Evaluation/outputs/waymo_5neighbor_context_laneaware_clean_v1_part_26_39/shards/shard_000005,2808,test
13218,2,/Users/liuqing/Projects/01_E2E_QA_Code/E2E-Evaluation/outputs/waymo_5neighbor_context_laneaware_clean_v1_part_00_13/shards/shard_000002,3212,test
163287,34,/Users/liuqing/Projects/01_E2E_QA_Code/E2E-Evaluation/outputs/waymo_5neighbor_context_laneaware_clean_v1_part_39_51/shards/shard_000007,2007,test
162783,34,/Users/liuqing/Projects/01_E2E_QA_Code/E2E-Evaluation/outputs/waymo_5neighbor_context_laneaware_clean_v1_part_39_51/shards/shard_000007,1503,test
99609,21,/Users/liuqing/Projects/01_E2E_QA_Code/E2E-Evaluation/outputs/waymo_5neighbor_context_laneaware_clean_v1_part_26_39/shards/shard_000003,178,test
106944,22,/Users/liuqing/Projects/01_E2E_QA_Code/E2E-Evaluation/outputs/waymo_5neighbor_context_laneaware_clean_v1_part_26_39/shards/shard_000004,2512,test
69485,14,/Users/liuqing/Projects/01_E2E_QA_Code/E2E-Evaluation/outputs/waymo_5neighbor_context_laneaware_clean_v1_part_13_26/shards/shard_000005,1775,test
121814,25,/Users/liuqing/Projects/01_E2E_QA_Code/E2E-Evaluation/outputs/waymo_5neighbor_context_laneaware_clean_v1_part_26_39/shards/shard_000007,2365,test
146434,31,/Users/liuqing/Projects/01_E2E_QA_Code/E2E-Evaluation/outputs/waymo_5neighbor_context_laneaware_clean_v1_part_39_51/shards/shard_000004,164,test
60584,12,/Users/liuqing/Projects/01_E2E_QA_Code/E2E-Evaluation/outputs/waymo_5neighbor_context_laneaware_clean_v1_part_13_26/shards/shard_000003,2895,test
119912,25,/Users/liuqing/Projects/01_E2E_QA_Code/E2E-Evaluation/outputs/waymo_5neighbor_context_laneaware_clean_v1_part_26_39/shards/shard_000007,463,test
84222,17,/Users/liuqing/Projects/01_E2E_QA_Code/E2E-Evaluation/outputs/waymo_5neighbor_context_laneaware_clean_v1_part_13_26/shards/shard_000008,1492,test
75726,15,/Users/liuqing/Projects/01_E2E_QA_Code/E2E-Evaluation/outputs/waymo_5neighbor_context_laneaware_clean_v1_part_13_26/shards/shard_000006,3005,test
13714,2,/Users/liuqing/Projects/01_E2E_QA_Code/E2E-Evaluation/outputs/waymo_5neighbor_context_laneaware_clean_v1_part_00_13/shards/shard_000002,3708,test
139603,29,/Users/liuqing/Projects/01_E2E_QA_Code/E2E-Evaluation/outputs/waymo_5neighbor_context_laneaware_clean_v1_part_39_51/shards/shard_000002,3350,test
56763,11,/Users/liuqing/Projects/01_E2E_QA_Code/E2E-Evaluation/outputs/waymo_5neighbor_context_laneaware_clean_v1_part_13_26/shards/shard_000002,4076,test
104695,22,/Users/liuqing/Projects/01_E2E_QA_Code/E2E-Evaluation/outputs/waymo_5neighbor_context_laneaware_clean_v1_part_26_39/shards/shard_000004,263,test
145177,30,/Users/liuqing/Projects/01_E2E_QA_Code/E2E-Evaluation/outputs/waymo_5neighbor_context_laneaware_clean_v1_part_39_51/shards/shard_000003,3908,test
113103,23,/Users/liuqing/Projects/01_E2E_QA_Code/E2E-Evaluation/outputs/waymo_5neighbor_context_laneaware_clean_v1_part_26_39/shards/shard_000005,3664,test
109482,23,/Users/liuqing/Projects/01_E2E_QA_Code/E2E-Evaluation/outputs/waymo_5neighbor_context_laneaware_clean_v1_part_26_39/shards/shard_000005,43,test
36519,7,/Users/liuqing/Projects/01_E2E_QA_Code/E2E-Evaluation/outputs/waymo_5neighbor_context_laneaware_clean_v1_part_00_13/shards/shard_000007,1500,test
77365,15,/Users/liuqing/Projects/01_E2E_QA_Code/E2E-Evaluation/outputs/waymo_5neighbor_context_laneaware_clean_v1_part_13_26/shards/shard_000006,4644,test
3585,0,/Users/liuqing/Projects/01_E2E_QA_Code/E2E-Evaluation/outputs/waymo_5neighbor_context_laneaware_clean_v1_part_00_13/shards/shard_000000,3585,test
46850,9,/Users/liuqing/Projects/01_E2E_QA_Code/E2E-Evaluation/outputs/waymo_5neighbor_context_laneaware_clean_v1_part_13_26/shards/shard_000000,4178,test
146140,30,/Users/liuqing/Projects/01_E2E_QA_Code/E2E-Evaluation/outputs/waymo_5neighbor_context_laneaware_clean_v1_part_39_51/shards/shard_000003,4871,test
164406,34,/Users/liuqing/Projects/01_E2E_QA_Code/E2E-Evaluation/outputs/waymo_5neighbor_context_laneaware_clean_v1_part_39_51/shards/shard_000007,3126,test
60582,12,/Users/liuqing/Projects/01_E2E_QA_Code/E2E-Evaluation/outputs/waymo_5neighbor_context_laneaware_clean_v1_part_13_26/shards/shard_000003,2893,test
83755,17,/Users/liuqing/Projects/01_E2E_QA_Code/E2E-Evaluation/outputs/waymo_5neighbor_context_laneaware_clean_v1_part_13_26/shards/shard_000008,1025,test
93497,19,/Users/liuqing/Projects/01_E2E_QA_Code/E2E-Evaluation/outputs/waymo_5neighbor_context_laneaware_clean_v1_part_26_39/shards/shard_000001,4070,test
53127,11,/Users/liuqing/Projects/01_E2E_QA_Code/E2E-Evaluation/outputs/waymo_5neighbor_context_laneaware_clean_v1_part_13_26/shards/shard_000002,440,test
99176,20,/Users/liuqing/Projects/01_E2E_QA_Code/E2E-Evaluation/outputs/waymo_5neighbor_context_laneaware_clean_v1_part_26_39/shards/shard_000002,4749,test
31304,6,/Users/liuqing/Projects/01_E2E_QA_Code/E2E-Evaluation/outputs/waymo_5neighbor_context_laneaware_clean_v1_part_00_13/shards/shard_000006,1286,test
47546,9,/Users/liuqing/Projects/01_E2E_QA_Code/E2E-Evaluation/outputs/waymo_5neighbor_context_laneaware_clean_v1_part_13_26/shards/shard_000000,4874,test
93999,19,/Users/liuqing/Projects/01_E2E_QA_Code/E2E-Evaluation/outputs/waymo_5neighbor_context_laneaware_clean_v1_part_26_39/shards/shard_000001,4572,test
139605,29,/Users/liuqing/Projects/01_E2E_QA_Code/E2E-Evaluation/outputs/waymo_5neighbor_context_laneaware_clean_v1_part_39_51/shards/shard_000002,3352,test
96094,20,/Users/liuqing/Projects/01_E2E_QA_Code/E2E-Evaluation/outputs/waymo_5neighbor_context_laneaware_clean_v1_part_26_39/shards/shard_000002,1667,test
42031,8,/Users/liuqing/Projects/01_E2E_QA_Code/E2E-Evaluation/outputs/waymo_5neighbor_context_laneaware_clean_v1_part_00_13/shards/shard_000008,2003,test
83281,17,/Users/liuqing/Projects/01_E2E_QA_Code/E2E-Evaluation/outputs/waymo_5neighbor_context_laneaware_clean_v1_part_13_26/shards/shard_000008,551,test
103513,21,/Users/liuqing/Projects/01_E2E_QA_Code/E2E-Evaluation/outputs/waymo_5neighbor_context_laneaware_clean_v1_part_26_39/shards/shard_000003,4082,test
121613,25,/Users/liuqing/Projects/01_E2E_QA_Code/E2E-Evaluation/outputs/waymo_5neighbor_context_laneaware_clean_v1_part_26_39/shards/shard_000007,2164,test
58605,12,/Users/liuqing/Projects/01_E2E_QA_Code/E2E-Evaluation/outputs/waymo_5neighbor_context_laneaware_clean_v1_part_13_26/shards/shard_000003,916,test
74948,15,/Users/liuqing/Projects/01_E2E_QA_Code/E2E-Evaluation/outputs/waymo_5neighbor_context_laneaware_clean_v1_part_13_26/shards/shard_000006,2227,test
66625,13,/Users/liuqing/Projects/01_E2E_QA_Code/E2E-Evaluation/outputs/waymo_5neighbor_context_laneaware_clean_v1_part_13_26/shards/shard_000004,3923,test
54890,11,/Users/liuqing/Projects/01_E2E_QA_Code/E2E-Evaluation/outputs/waymo_5neighbor_context_laneaware_clean_v1_part_13_26/shards/shard_000002,2203,test
40500,8,/Users/liuqing/Projects/01_E2E_QA_Code/E2E-Evaluation/outputs/waymo_5neighbor_context_laneaware_clean_v1_part_00_13/shards/shard_000008,472,test
62190,12,/Users/liuqing/Projects/01_E2E_QA_Code/E2E-Evaluation/outputs/waymo_5neighbor_context_laneaware_clean_v1_part_13_26/shards/shard_000003,4501,test
116894,24,/Users/liuqing/Projects/01_E2E_QA_Code/E2E-Evaluation/outputs/waymo_5neighbor_context_laneaware_clean_v1_part_26_39/shards/shard_000006,2446,test
52383,10,/Users/liuqing/Projects/01_E2E_QA_Code/E2E-Evaluation/outputs/waymo_5neighbor_context_laneaware_clean_v1_part_13_26/shards/shard_000001,4698,test
163006,34,/Users/liuqing/Projects/01_E2E_QA_Code/E2E-Evaluation/outputs/waymo_5neighbor_context_laneaware_clean_v1_part_39_51/shards/shard_000007,1726,test
116732,24,/Users/liuqing/Projects/01_E2E_QA_Code/E2E-Evaluation/outputs/waymo_5neighbor_context_laneaware_clean_v1_part_26_39/shards/shard_000006,2284,test
47069,9,/Users/liuqing/Projects/01_E2E_QA_Code/E2E-Evaluation/outputs/waymo_5neighbor_context_laneaware_clean_v1_part_13_26/shards/shard_000000,4397,test
49118,10,/Users/liuqing/Projects/01_E2E_QA_Code/E2E-Evaluation/outputs/waymo_5neighbor_context_laneaware_clean_v1_part_13_26/shards/shard_000001,1433,test
7986,1,/Users/liuqing/Projects/01_E2E_QA_Code/E2E-Evaluation/outputs/waymo_5neighbor_context_laneaware_clean_v1_part_00_13/shards/shard_000001,2984,test
92407,19,/Users/liuqing/Projects/01_E2E_QA_Code/E2E-Evaluation/outputs/waymo_5neighbor_context_laneaware_clean_v1_part_26_39/shards/shard_000001,2980,test
111385,23,/Users/liuqing/Projects/01_E2E_QA_Code/E2E-Evaluation/outputs/waymo_5neighbor_context_laneaware_clean_v1_part_26_39/shards/shard_000005,1946,test
2378,0,/Users/liuqing/Projects/01_E2E_QA_Code/E2E-Evaluation/outputs/waymo_5neighbor_context_laneaware_clean_v1_part_00_13/shards/shard_000000,2378,test
65893,13,/Users/liuqing/Projects/01_E2E_QA_Code/E2E-Evaluation/outputs/waymo_5neighbor_context_laneaware_clean_v1_part_13_26/shards/shard_000004,3191,test
9421,1,/Users/liuqing/Projects/01_E2E_QA_Code/E2E-Evaluation/outputs/waymo_5neighbor_context_laneaware_clean_v1_part_00_13/shards/shard_000001,4419,test
121614,25,/Users/liuqing/Projects/01_E2E_QA_Code/E2E-Evaluation/outputs/waymo_5neighbor_context_laneaware_clean_v1_part_26_39/shards/shard_000007,2165,test
112220,23,/Users/liuqing/Projects/01_E2E_QA_Code/E2E-Evaluation/outputs/waymo_5neighbor_context_laneaware_clean_v1_part_26_39/shards/shard_000005,2781,test
96089,20,/Users/liuqing/Projects/01_E2E_QA_Code/E2E-Evaluation/outputs/waymo_5neighbor_context_laneaware_clean_v1_part_26_39/shards/shard_000002,1662,test
70126,14,/Users/liuqing/Projects/01_E2E_QA_Code/E2E-Evaluation/outputs/waymo_5neighbor_context_laneaware_clean_v1_part_13_26/shards/shard_000005,2416,test
37048,7,/Users/liuqing/Projects/01_E2E_QA_Code/E2E-Evaluation/outputs/waymo_5neighbor_context_laneaware_clean_v1_part_00_13/shards/shard_000007,2029,test
132605,28,/Users/liuqing/Projects/01_E2E_QA_Code/E2E-Evaluation/outputs/waymo_5neighbor_context_laneaware_clean_v1_part_39_51/shards/shard_000001,1354,test
34717,6,/Users/liuqing/Projects/01_E2E_QA_Code/E2E-Evaluation/outputs/waymo_5neighbor_context_laneaware_clean_v1_part_00_13/shards/shard_000006,4699,test
87541,18,/Users/liuqing/Projects/01_E2E_QA_Code/E2E-Evaluation/outputs/waymo_5neighbor_context_laneaware_clean_v1_part_26_39/shards/shard_000000,3118,test
99408,20,/Users/liuqing/Projects/01_E2E_QA_Code/E2E-Evaluation/outputs/waymo_5neighbor_context_laneaware_clean_v1_part_26_39/shards/shard_000002,4981,test
155890,32,/Users/liuqing/Projects/01_E2E_QA_Code/E2E-Evaluation/outputs/waymo_5neighbor_context_laneaware_clean_v1_part_39_51/shards/shard_000005,4619,test
103511,21,/Users/liuqing/Projects/01_E2E_QA_Code/E2E-Evaluation/outputs/waymo_5neighbor_context_laneaware_clean_v1_part_26_39/shards/shard_000003,4080,test
164402,34,/Users/liuqing/Projects/01_E2E_QA_Code/E2E-Evaluation/outputs/waymo_5neighbor_context_laneaware_clean_v1_part_39_51/shards/shard_000007,3122,test
66384,13,/Users/liuqing/Projects/01_E2E_QA_Code/E2E-Evaluation/outputs/waymo_5neighbor_context_laneaware_clean_v1_part_13_26/shards/shard_000004,3682,test
162349,34,/Users/liuqing/Projects/01_E2E_QA_Code/E2E-Evaluation/outputs/waymo_5neighbor_context_laneaware_clean_v1_part_39_51/shards/shard_000007,1069,test
97762,20,/Users/liuqing/Projects/01_E2E_QA_Code/E2E-Evaluation/outputs/waymo_5neighbor_context_laneaware_clean_v1_part_26_39/shards/shard_000002,3335,test
135744,28,/Users/liuqing/Projects/01_E2E_QA_Code/E2E-Evaluation/outputs/waymo_5neighbor_context_laneaware_clean_v1_part_39_51/shards/shard_000001,4493,test
122537,25,/Users/liuqing/Projects/01_E2E_QA_Code/E2E-Evaluation/outputs/waymo_5neighbor_context_laneaware_clean_v1_part_26_39/shards/shard_000007,3088,test
20181,4,/Users/liuqing/Projects/01_E2E_QA_Code/E2E-Evaluation/outputs/waymo_5neighbor_context_laneaware_clean_v1_part_00_13/shards/shard_000004,175,test
122372,25,/Users/liuqing/Projects/01_E2E_QA_Code/E2E-Evaluation/outputs/waymo_5neighbor_context_laneaware_clean_v1_part_26_39/shards/shard_000007,2923,test
80579,16,/Users/liuqing/Projects/01_E2E_QA_Code/E2E-Evaluation/outputs/waymo_5neighbor_context_laneaware_clean_v1_part_13_26/shards/shard_000007,2858,test
11174,2,/Users/liuqing/Projects/01_E2E_QA_Code/E2E-Evaluation/outputs/waymo_5neighbor_context_laneaware_clean_v1_part_00_13/shards/shard_000002,1168,test
31159,6,/Users/liuqing/Projects/01_E2E_QA_Code/E2E-Evaluation/outputs/waymo_5neighbor_context_laneaware_clean_v1_part_00_13/shards/shard_000006,1141,test
160558,33,/Users/liuqing/Projects/01_E2E_QA_Code/E2E-Evaluation/outputs/waymo_5neighbor_context_laneaware_clean_v1_part_39_51/shards/shard_000006,4286,test
48636,10,/Users/liuqing/Projects/01_E2E_QA_Code/E2E-Evaluation/outputs/waymo_5neighbor_context_laneaware_clean_v1_part_13_26/shards/shard_000001,951,test
76197,15,/Users/liuqing/Projects/01_E2E_QA_Code/E2E-Evaluation/outputs/waymo_5neighbor_context_laneaware_clean_v1_part_13_26/shards/shard_000006,3476,test
10250,2,/Users/liuqing/Projects/01_E2E_QA_Code/E2E-Evaluation/outputs/waymo_5neighbor_context_laneaware_clean_v1_part_00_13/shards/shard_000002,244,test
43891,9,/Users/liuqing/Projects/01_E2E_QA_Code/E2E-Evaluation/outputs/waymo_5neighbor_context_laneaware_clean_v1_part_13_26/shards/shard_000000,1219,test
155689,32,/Users/liuqing/Projects/01_E2E_QA_Code/E2E-Evaluation/outputs/waymo_5neighbor_context_laneaware_clean_v1_part_39_51/shards/shard_000005,4418,test
62941,13,/Users/liuqing/Projects/01_E2E_QA_Code/E2E-Evaluation/outputs/waymo_5neighbor_context_laneaware_clean_v1_part_13_26/shards/shard_000004,239,test
57712,12,/Users/liuqing/Projects/01_E2E_QA_Code/E2E-Evaluation/outputs/waymo_5neighbor_context_laneaware_clean_v1_part_13_26/shards/shard_000003,23,test
125867,26,/Users/liuqing/Projects/01_E2E_QA_Code/E2E-Evaluation/outputs/waymo_5neighbor_context_laneaware_clean_v1_part_26_39/shards/shard_000008,1414,test
42030,8,/Users/liuqing/Projects/01_E2E_QA_Code/E2E-Evaluation/outputs/waymo_5neighbor_context_laneaware_clean_v1_part_00_13/shards/shard_000008,2002,test
57671,11,/Users/liuqing/Projects/01_E2E_QA_Code/E2E-Evaluation/outputs/waymo_5neighbor_context_laneaware_clean_v1_part_13_26/shards/shard_000002,4984,test
24664,4,/Users/liuqing/Projects/01_E2E_QA_Code/E2E-Evaluation/outputs/waymo_5neighbor_context_laneaware_clean_v1_part_00_13/shards/shard_000004,4658,test
107314,22,/Users/liuqing/Projects/01_E2E_QA_Code/E2E-Evaluation/outputs/waymo_5neighbor_context_laneaware_clean_v1_part_26_39/shards/shard_000004,2882,test
4426,0,/Users/liuqing/Projects/01_E2E_QA_Code/E2E-Evaluation/outputs/waymo_5neighbor_context_laneaware_clean_v1_part_00_13/shards/shard_000000,4426,test
89663,19,/Users/liuqing/Projects/01_E2E_QA_Code/E2E-Evaluation/outputs/waymo_5neighbor_context_laneaware_clean_v1_part_26_39/shards/shard_000001,236,test
143036,30,/Users/liuqing/Projects/01_E2E_QA_Code/E2E-Evaluation/outputs/waymo_5neighbor_context_laneaware_clean_v1_part_39_51/shards/shard_000003,1767,test
42883,9,/Users/liuqing/Projects/01_E2E_QA_Code/E2E-Evaluation/outputs/waymo_5neighbor_context_laneaware_clean_v1_part_13_26/shards/shard_000000,211,test
97832,20,/Users/liuqing/Projects/01_E2E_QA_Code/E2E-Evaluation/outputs/waymo_5neighbor_context_laneaware_clean_v1_part_26_39/shards/shard_000002,3405,test
72566,14,/Users/liuqing/Projects/01_E2E_QA_Code/E2E-Evaluation/outputs/waymo_5neighbor_context_laneaware_clean_v1_part_13_26/shards/shard_000005,4856,test
56453,11,/Users/liuqing/Projects/01_E2E_QA_Code/E2E-Evaluation/outputs/waymo_5neighbor_context_laneaware_clean_v1_part_13_26/shards/shard_000002,3766,test
106557,22,/Users/liuqing/Projects/01_E2E_QA_Code/E2E-Evaluation/outputs/waymo_5neighbor_context_laneaware_clean_v1_part_26_39/shards/shard_000004,2125,test
54892,11,/Users/liuqing/Projects/01_E2E_QA_Code/E2E-Evaluation/outputs/waymo_5neighbor_context_laneaware_clean_v1_part_13_26/shards/shard_000002,2205,test
150934,31,/Users/liuqing/Projects/01_E2E_QA_Code/E2E-Evaluation/outputs/waymo_5neighbor_context_laneaware_clean_v1_part_39_51/shards/shard_000004,4664,test
83280,17,/Users/liuqing/Projects/01_E2E_QA_Code/E2E-Evaluation/outputs/waymo_5neighbor_context_laneaware_clean_v1_part_13_26/shards/shard_000008,550,test
13919,2,/Users/liuqing/Projects/01_E2E_QA_Code/E2E-Evaluation/outputs/waymo_5neighbor_context_laneaware_clean_v1_part_00_13/shards/shard_000002,3913,test
60961,12,/Users/liuqing/Projects/01_E2E_QA_Code/E2E-Evaluation/outputs/waymo_5neighbor_context_laneaware_clean_v1_part_13_26/shards/shard_000003,3272,test
92405,19,/Users/liuqing/Projects/01_E2E_QA_Code/E2E-Evaluation/outputs/waymo_5neighbor_context_laneaware_clean_v1_part_26_39/shards/shard_000001,2978,test
114,0,/Users/liuqing/Projects/01_E2E_QA_Code/E2E-Evaluation/outputs/waymo_5neighbor_context_laneaware_clean_v1_part_00_13/shards/shard_000000,114,test
43476,9,/Users/liuqing/Projects/01_E2E_QA_Code/E2E-Evaluation/outputs/waymo_5neighbor_context_laneaware_clean_v1_part_13_26/shards/shard_000000,804,test
42036,8,/Users/liuqing/Projects/01_E2E_QA_Code/E2E-Evaluation/outputs/waymo_5neighbor_context_laneaware_clean_v1_part_00_13/shards/shard_000008,2008,test
159,0,/Users/liuqing/Projects/01_E2E_QA_Code/E2E-Evaluation/outputs/waymo_5neighbor_context_laneaware_clean_v1_part_00_13/shards/shard_000000,159,test
148358,31,/Users/liuqing/Projects/01_E2E_QA_Code/E2E-Evaluation/outputs/waymo_5neighbor_context_laneaware_clean_v1_part_39_51/shards/shard_000004,2088,test
71174,14,/Users/liuqing/Projects/01_E2E_QA_Code/E2E-Evaluation/outputs/waymo_5neighbor_context_laneaware_clean_v1_part_13_26/shards/shard_000005,3464,test
81440,16,/Users/liuqing/Projects/01_E2E_QA_Code/E2E-Evaluation/outputs/waymo_5neighbor_context_laneaware_clean_v1_part_13_26/shards/shard_000007,3719,test
68069,14,/Users/liuqing/Projects/01_E2E_QA_Code/E2E-Evaluation/outputs/waymo_5neighbor_context_laneaware_clean_v1_part_13_26/shards/shard_000005,359,test
94008,19,/Users/liuqing/Projects/01_E2E_QA_Code/E2E-Evaluation/outputs/waymo_5neighbor_context_laneaware_clean_v1_part_26_39/shards/shard_000001,4581,test
108511,22,/Users/liuqing/Projects/01_E2E_QA_Code/E2E-Evaluation/outputs/waymo_5neighbor_context_laneaware_clean_v1_part_26_39/shards/shard_000004,4079,test
72459,14,/Users/liuqing/Projects/01_E2E_QA_Code/E2E-Evaluation/outputs/waymo_5neighbor_context_laneaware_clean_v1_part_13_26/shards/shard_000005,4749,test
83165,17,/Users/liuqing/Projects/01_E2E_QA_Code/E2E-Evaluation/outputs/waymo_5neighbor_context_laneaware_clean_v1_part_13_26/shards/shard_000008,435,test
55527,11,/Users/liuqing/Projects/01_E2E_QA_Code/E2E-Evaluation/outputs/waymo_5neighbor_context_laneaware_clean_v1_part_13_26/shards/shard_000002,2840,test
105309,22,/Users/liuqing/Projects/01_E2E_QA_Code/E2E-Evaluation/outputs/waymo_5neighbor_context_laneaware_clean_v1_part_26_39/shards/shard_000004,877,test
159269,33,/Users/liuqing/Projects/01_E2E_QA_Code/E2E-Evaluation/outputs/waymo_5neighbor_context_laneaware_clean_v1_part_39_51/shards/shard_000006,2997,test
86644,18,/Users/liuqing/Projects/01_E2E_QA_Code/E2E-Evaluation/outputs/waymo_5neighbor_context_laneaware_clean_v1_part_26_39/shards/shard_000000,2221,test
96103,20,/Users/liuqing/Projects/01_E2E_QA_Code/E2E-Evaluation/outputs/waymo_5neighbor_context_laneaware_clean_v1_part_26_39/shards/shard_000002,1676,test
6632,1,/Users/liuqing/Projects/01_E2E_QA_Code/E2E-Evaluation/outputs/waymo_5neighbor_context_laneaware_clean_v1_part_00_13/shards/shard_000001,1630,test
56266,11,/Users/liuqing/Projects/01_E2E_QA_Code/E2E-Evaluation/outputs/waymo_5neighbor_context_laneaware_clean_v1_part_13_26/shards/shard_000002,3579,test
131852,28,/Users/liuqing/Projects/01_E2E_QA_Code/E2E-Evaluation/outputs/waymo_5neighbor_context_laneaware_clean_v1_part_39_51/shards/shard_000001,601,test
116668,24,/Users/liuqing/Projects/01_E2E_QA_Code/E2E-Evaluation/outputs/waymo_5neighbor_context_laneaware_clean_v1_part_26_39/shards/shard_000006,2220,test
162968,34,/Users/liuqing/Projects/01_E2E_QA_Code/E2E-Evaluation/outputs/waymo_5neighbor_context_laneaware_clean_v1_part_39_51/shards/shard_000007,1688,test
121921,25,/Users/liuqing/Projects/01_E2E_QA_Code/E2E-Evaluation/outputs/waymo_5neighbor_context_laneaware_clean_v1_part_26_39/shards/shard_000007,2472,test
127780,27,/Users/liuqing/Projects/01_E2E_QA_Code/E2E-Evaluation/outputs/waymo_5neighbor_context_laneaware_clean_v1_part_39_51/shards/shard_000000,1530,test
40309,8,/Users/liuqing/Projects/01_E2E_QA_Code/E2E-Evaluation/outputs/waymo_5neighbor_context_laneaware_clean_v1_part_00_13/shards/shard_000008,281,test
146428,31,/Users/liuqing/Projects/01_E2E_QA_Code/E2E-Evaluation/outputs/waymo_5neighbor_context_laneaware_clean_v1_part_39_51/shards/shard_000004,158,test
107105,22,/Users/liuqing/Projects/01_E2E_QA_Code/E2E-Evaluation/outputs/waymo_5neighbor_context_laneaware_clean_v1_part_26_39/shards/shard_000004,2673,test
57708,12,/Users/liuqing/Projects/01_E2E_QA_Code/E2E-Evaluation/outputs/waymo_5neighbor_context_laneaware_clean_v1_part_13_26/shards/shard_000003,19,test
117395,24,/Users/liuqing/Projects/01_E2E_QA_Code/E2E-Evaluation/outputs/waymo_5neighbor_context_laneaware_clean_v1_part_26_39/shards/shard_000006,2947,test
109433,22,/Users/liuqing/Projects/01_E2E_QA_Code/E2E-Evaluation/outputs/waymo_5neighbor_context_laneaware_clean_v1_part_26_39/shards/shard_000004,5001,test
20617,4,/Users/liuqing/Projects/01_E2E_QA_Code/E2E-Evaluation/outputs/waymo_5neighbor_context_laneaware_clean_v1_part_00_13/shards/shard_000004,611,test
28394,5,/Users/liuqing/Projects/01_E2E_QA_Code/E2E-Evaluation/outputs/waymo_5neighbor_context_laneaware_clean_v1_part_00_13/shards/shard_000005,3377,test
70429,14,/Users/liuqing/Projects/01_E2E_QA_Code/E2E-Evaluation/outputs/waymo_5neighbor_context_laneaware_clean_v1_part_13_26/shards/shard_000005,2719,test
97405,20,/Users/liuqing/Projects/01_E2E_QA_Code/E2E-Evaluation/outputs/waymo_5neighbor_context_laneaware_clean_v1_part_26_39/shards/shard_000002,2978,test
88847,18,/Users/liuqing/Projects/01_E2E_QA_Code/E2E-Evaluation/outputs/waymo_5neighbor_context_laneaware_clean_v1_part_26_39/shards/shard_000000,4424,test
101778,21,/Users/liuqing/Projects/01_E2E_QA_Code/E2E-Evaluation/outputs/waymo_5neighbor_context_laneaware_clean_v1_part_26_39/shards/shard_000003,2347,test
100237,21,/Users/liuqing/Projects/01_E2E_QA_Code/E2E-Evaluation/outputs/waymo_5neighbor_context_laneaware_clean_v1_part_26_39/shards/shard_000003,806,test
92146,19,/Users/liuqing/Projects/01_E2E_QA_Code/E2E-Evaluation/outputs/waymo_5neighbor_context_laneaware_clean_v1_part_26_39/shards/shard_000001,2719,test
163288,34,/Users/liuqing/Projects/01_E2E_QA_Code/E2E-Evaluation/outputs/waymo_5neighbor_context_laneaware_clean_v1_part_39_51/shards/shard_000007,2008,test
33655,6,/Users/liuqing/Projects/01_E2E_QA_Code/E2E-Evaluation/outputs/waymo_5neighbor_context_laneaware_clean_v1_part_00_13/shards/shard_000006,3637,test
96734,20,/Users/liuqing/Projects/01_E2E_QA_Code/E2E-Evaluation/outputs/waymo_5neighbor_context_laneaware_clean_v1_part_26_39/shards/shard_000002,2307,test
130212,27,/Users/liuqing/Projects/01_E2E_QA_Code/E2E-Evaluation/outputs/waymo_5neighbor_context_laneaware_clean_v1_part_39_51/shards/shard_000000,3962,test
107109,22,/Users/liuqing/Projects/01_E2E_QA_Code/E2E-Evaluation/outputs/waymo_5neighbor_context_laneaware_clean_v1_part_26_39/shards/shard_000004,2677,test
108780,22,/Users/liuqing/Projects/01_E2E_QA_Code/E2E-Evaluation/outputs/waymo_5neighbor_context_laneaware_clean_v1_part_26_39/shards/shard_000004,4348,test
71783,14,/Users/liuqing/Projects/01_E2E_QA_Code/E2E-Evaluation/outputs/waymo_5neighbor_context_laneaware_clean_v1_part_13_26/shards/shard_000005,4073,test
2370,0,/Users/liuqing/Projects/01_E2E_QA_Code/E2E-Evaluation/outputs/waymo_5neighbor_context_laneaware_clean_v1_part_00_13/shards/shard_000000,2370,test
163565,34,/Users/liuqing/Projects/01_E2E_QA_Code/E2E-Evaluation/outputs/waymo_5neighbor_context_laneaware_clean_v1_part_39_51/shards/shard_000007,2285,test
81332,16,/Users/liuqing/Projects/01_E2E_QA_Code/E2E-Evaluation/outputs/waymo_5neighbor_context_laneaware_clean_v1_part_13_26/shards/shard_000007,3611,test
315,0,/Users/liuqing/Projects/01_E2E_QA_Code/E2E-Evaluation/outputs/waymo_5neighbor_context_laneaware_clean_v1_part_00_13/shards/shard_000000,315,test
153311,32,/Users/liuqing/Projects/01_E2E_QA_Code/E2E-Evaluation/outputs/waymo_5neighbor_context_laneaware_clean_v1_part_39_51/shards/shard_000005,2040,test
111685,23,/Users/liuqing/Projects/01_E2E_QA_Code/E2E-Evaluation/outputs/waymo_5neighbor_context_laneaware_clean_v1_part_26_39/shards/shard_000005,2246,test
10246,2,/Users/liuqing/Projects/01_E2E_QA_Code/E2E-Evaluation/outputs/waymo_5neighbor_context_laneaware_clean_v1_part_00_13/shards/shard_000002,240,test
61090,12,/Users/liuqing/Projects/01_E2E_QA_Code/E2E-Evaluation/outputs/waymo_5neighbor_context_laneaware_clean_v1_part_13_26/shards/shard_000003,3401,test
40321,8,/Users/liuqing/Projects/01_E2E_QA_Code/E2E-Evaluation/outputs/waymo_5neighbor_context_laneaware_clean_v1_part_00_13/shards/shard_000008,293,test
80569,16,/Users/liuqing/Projects/01_E2E_QA_Code/E2E-Evaluation/outputs/waymo_5neighbor_context_laneaware_clean_v1_part_13_26/shards/shard_000007,2848,test
126457,27,/Users/liuqing/Projects/01_E2E_QA_Code/E2E-Evaluation/outputs/waymo_5neighbor_context_laneaware_clean_v1_part_39_51/shards/shard_000000,207,test
70518,14,/Users/liuqing/Projects/01_E2E_QA_Code/E2E-Evaluation/outputs/waymo_5neighbor_context_laneaware_clean_v1_part_13_26/shards/shard_000005,2808,test
38402,7,/Users/liuqing/Projects/01_E2E_QA_Code/E2E-Evaluation/outputs/waymo_5neighbor_context_laneaware_clean_v1_part_00_13/shards/shard_000007,3383,test
162965,34,/Users/liuqing/Projects/01_E2E_QA_Code/E2E-Evaluation/outputs/waymo_5neighbor_context_laneaware_clean_v1_part_39_51/shards/shard_000007,1685,test
52384,10,/Users/liuqing/Projects/01_E2E_QA_Code/E2E-Evaluation/outputs/waymo_5neighbor_context_laneaware_clean_v1_part_13_26/shards/shard_000001,4699,test
136003,28,/Users/liuqing/Projects/01_E2E_QA_Code/E2E-Evaluation/outputs/waymo_5neighbor_context_laneaware_clean_v1_part_39_51/shards/shard_000001,4752,test
1417,0,/Users/liuqing/Projects/01_E2E_QA_Code/E2E-Evaluation/outputs/waymo_5neighbor_context_laneaware_clean_v1_part_00_13/shards/shard_000000,1417,test
61939,12,/Users/liuqing/Projects/01_E2E_QA_Code/E2E-Evaluation/outputs/waymo_5neighbor_context_laneaware_clean_v1_part_13_26/shards/shard_000003,4250,test
86583,18,/Users/liuqing/Projects/01_E2E_QA_Code/E2E-Evaluation/outputs/waymo_5neighbor_context_laneaware_clean_v1_part_26_39/shards/shard_000000,2160,test
38409,7,/Users/liuqing/Projects/01_E2E_QA_Code/E2E-Evaluation/outputs/waymo_5neighbor_context_laneaware_clean_v1_part_00_13/shards/shard_000007,3390,test
121485,25,/Users/liuqing/Projects/01_E2E_QA_Code/E2E-Evaluation/outputs/waymo_5neighbor_context_laneaware_clean_v1_part_26_39/shards/shard_000007,2036,test
52142,10,/Users/liuqing/Projects/01_E2E_QA_Code/E2E-Evaluation/outputs/waymo_5neighbor_context_laneaware_clean_v1_part_13_26/shards/shard_000001,4457,test
20043,4,/Users/liuqing/Projects/01_E2E_QA_Code/E2E-Evaluation/outputs/waymo_5neighbor_context_laneaware_clean_v1_part_00_13/shards/shard_000004,37,test
132769,28,/Users/liuqing/Projects/01_E2E_QA_Code/E2E-Evaluation/outputs/waymo_5neighbor_context_laneaware_clean_v1_part_39_51/shards/shard_000001,1518,test
131711,28,/Users/liuqing/Projects/01_E2E_QA_Code/E2E-Evaluation/outputs/waymo_5neighbor_context_laneaware_clean_v1_part_39_51/shards/shard_000001,460,test
34723,6,/Users/liuqing/Projects/01_E2E_QA_Code/E2E-Evaluation/outputs/waymo_5neighbor_context_laneaware_clean_v1_part_00_13/shards/shard_000006,4705,test
42033,8,/Users/liuqing/Projects/01_E2E_QA_Code/E2E-Evaluation/outputs/waymo_5neighbor_context_laneaware_clean_v1_part_00_13/shards/shard_000008,2005,test
148570,31,/Users/liuqing/Projects/01_E2E_QA_Code/E2E-Evaluation/outputs/waymo_5neighbor_context_laneaware_clean_v1_part_39_51/shards/shard_000004,2300,test
60838,12,/Users/liuqing/Projects/01_E2E_QA_Code/E2E-Evaluation/outputs/waymo_5neighbor_context_laneaware_clean_v1_part_13_26/shards/shard_000003,3149,test
97711,20,/Users/liuqing/Projects/01_E2E_QA_Code/E2E-Evaluation/outputs/waymo_5neighbor_context_laneaware_clean_v1_part_26_39/shards/shard_000002,3284,test
86578,18,/Users/liuqing/Projects/01_E2E_QA_Code/E2E-Evaluation/outputs/waymo_5neighbor_context_laneaware_clean_v1_part_26_39/shards/shard_000000,2155,test
57037,11,/Users/liuqing/Projects/01_E2E_QA_Code/E2E-Evaluation/outputs/waymo_5neighbor_context_laneaware_clean_v1_part_13_26/shards/shard_000002,4350,test
28148,5,/Users/liuqing/Projects/01_E2E_QA_Code/E2E-Evaluation/outputs/waymo_5neighbor_context_laneaware_clean_v1_part_00_13/shards/shard_000005,3131,test
61941,12,/Users/liuqing/Projects/01_E2E_QA_Code/E2E-Evaluation/outputs/waymo_5neighbor_context_laneaware_clean_v1_part_13_26/shards/shard_000003,4252,test
1420,0,/Users/liuqing/Projects/01_E2E_QA_Code/E2E-Evaluation/outputs/waymo_5neighbor_context_laneaware_clean_v1_part_00_13/shards/shard_000000,1420,test
157377,33,/Users/liuqing/Projects/01_E2E_QA_Code/E2E-Evaluation/outputs/waymo_5neighbor_context_laneaware_clean_v1_part_39_51/shards/shard_000006,1105,test
57866,12,/Users/liuqing/Projects/01_E2E_QA_Code/E2E-Evaluation/outputs/waymo_5neighbor_context_laneaware_clean_v1_part_13_26/shards/shard_000003,177,test
78831,16,/Users/liuqing/Projects/01_E2E_QA_Code/E2E-Evaluation/outputs/waymo_5neighbor_context_laneaware_clean_v1_part_13_26/shards/shard_000007,1110,test
85588,18,/Users/liuqing/Projects/01_E2E_QA_Code/E2E-Evaluation/outputs/waymo_5neighbor_context_laneaware_clean_v1_part_26_39/shards/shard_000000,1165,test
65019,13,/Users/liuqing/Projects/01_E2E_QA_Code/E2E-Evaluation/outputs/waymo_5neighbor_context_laneaware_clean_v1_part_13_26/shards/shard_000004,2317,test
60540,12,/Users/liuqing/Projects/01_E2E_QA_Code/E2E-Evaluation/outputs/waymo_5neighbor_context_laneaware_clean_v1_part_13_26/shards/shard_000003,2851,test
27396,5,/Users/liuqing/Projects/01_E2E_QA_Code/E2E-Evaluation/outputs/waymo_5neighbor_context_laneaware_clean_v1_part_00_13/shards/shard_000005,2379,test
13607,2,/Users/liuqing/Projects/01_E2E_QA_Code/E2E-Evaluation/outputs/waymo_5neighbor_context_laneaware_clean_v1_part_00_13/shards/shard_000002,3601,test
37652,7,/Users/liuqing/Projects/01_E2E_QA_Code/E2E-Evaluation/outputs/waymo_5neighbor_context_laneaware_clean_v1_part_00_13/shards/shard_000007,2633,test
20616,4,/Users/liuqing/Projects/01_E2E_QA_Code/E2E-Evaluation/outputs/waymo_5neighbor_context_laneaware_clean_v1_part_00_13/shards/shard_000004,610,test
24665,4,/Users/liuqing/Projects/01_E2E_QA_Code/E2E-Evaluation/outputs/waymo_5neighbor_context_laneaware_clean_v1_part_00_13/shards/shard_000004,4659,test
151809,32,/Users/liuqing/Projects/01_E2E_QA_Code/E2E-Evaluation/outputs/waymo_5neighbor_context_laneaware_clean_v1_part_39_51/shards/shard_000005,538,test
88883,18,/Users/liuqing/Projects/01_E2E_QA_Code/E2E-Evaluation/outputs/waymo_5neighbor_context_laneaware_clean_v1_part_26_39/shards/shard_000000,4460,test
12599,2,/Users/liuqing/Projects/01_E2E_QA_Code/E2E-Evaluation/outputs/waymo_5neighbor_context_laneaware_clean_v1_part_00_13/shards/shard_000002,2593,test
116895,24,/Users/liuqing/Projects/01_E2E_QA_Code/E2E-Evaluation/outputs/waymo_5neighbor_context_laneaware_clean_v1_part_26_39/shards/shard_000006,2447,test
81327,16,/Users/liuqing/Projects/01_E2E_QA_Code/E2E-Evaluation/outputs/waymo_5neighbor_context_laneaware_clean_v1_part_13_26/shards/shard_000007,3606,test
58240,12,/Users/liuqing/Projects/01_E2E_QA_Code/E2E-Evaluation/outputs/waymo_5neighbor_context_laneaware_clean_v1_part_13_26/shards/shard_000003,551,test
65018,13,/Users/liuqing/Projects/01_E2E_QA_Code/E2E-Evaluation/outputs/waymo_5neighbor_context_laneaware_clean_v1_part_13_26/shards/shard_000004,2316,test
151729,32,/Users/liuqing/Projects/01_E2E_QA_Code/E2E-Evaluation/outputs/waymo_5neighbor_context_laneaware_clean_v1_part_39_51/shards/shard_000005,458,test
164416,34,/Users/liuqing/Projects/01_E2E_QA_Code/E2E-Evaluation/outputs/waymo_5neighbor_context_laneaware_clean_v1_part_39_51/shards/shard_000007,3136,test
60365,12,/Users/liuqing/Projects/01_E2E_QA_Code/E2E-Evaluation/outputs/waymo_5neighbor_context_laneaware_clean_v1_part_13_26/shards/shard_000003,2676,test
141015,29,/Users/liuqing/Projects/01_E2E_QA_Code/E2E-Evaluation/outputs/waymo_5neighbor_context_laneaware_clean_v1_part_39_51/shards/shard_000002,4762,test
27907,5,/Users/liuqing/Projects/01_E2E_QA_Code/E2E-Evaluation/outputs/waymo_5neighbor_context_laneaware_clean_v1_part_00_13/shards/shard_000005,2890,test
74737,15,/Users/liuqing/Projects/01_E2E_QA_Code/E2E-Evaluation/outputs/waymo_5neighbor_context_laneaware_clean_v1_part_13_26/shards/shard_000006,2016,test
116670,24,/Users/liuqing/Projects/01_E2E_QA_Code/E2E-Evaluation/outputs/waymo_5neighbor_context_laneaware_clean_v1_part_26_39/shards/shard_000006,2222,test
63553,13,/Users/liuqing/Projects/01_E2E_QA_Code/E2E-Evaluation/outputs/waymo_5neighbor_context_laneaware_clean_v1_part_13_26/shards/shard_000004,851,test
126450,27,/Users/liuqing/Projects/01_E2E_QA_Code/E2E-Evaluation/outputs/waymo_5neighbor_context_laneaware_clean_v1_part_39_51/shards/shard_000000,200,test
155674,32,/Users/liuqing/Projects/01_E2E_QA_Code/E2E-Evaluation/outputs/waymo_5neighbor_context_laneaware_clean_v1_part_39_51/shards/shard_000005,4403,test
99179,20,/Users/liuqing/Projects/01_E2E_QA_Code/E2E-Evaluation/outputs/waymo_5neighbor_context_laneaware_clean_v1_part_26_39/shards/shard_000002,4752,test
123381,25,/Users/liuqing/Projects/01_E2E_QA_Code/E2E-Evaluation/outputs/waymo_5neighbor_context_laneaware_clean_v1_part_26_39/shards/shard_000007,3932,test
163283,34,/Users/liuqing/Projects/01_E2E_QA_Code/E2E-Evaluation/outputs/waymo_5neighbor_context_laneaware_clean_v1_part_39_51/shards/shard_000007,2003,test
119739,25,/Users/liuqing/Projects/01_E2E_QA_Code/E2E-Evaluation/outputs/waymo_5neighbor_context_laneaware_clean_v1_part_26_39/shards/shard_000007,290,test
12510,2,/Users/liuqing/Projects/01_E2E_QA_Code/E2E-Evaluation/outputs/waymo_5neighbor_context_laneaware_clean_v1_part_00_13/shards/shard_000002,2504,test
37398,7,/Users/liuqing/Projects/01_E2E_QA_Code/E2E-Evaluation/outputs/waymo_5neighbor_context_laneaware_clean_v1_part_00_13/shards/shard_000007,2379,test
22440,4,/Users/liuqing/Projects/01_E2E_QA_Code/E2E-Evaluation/outputs/waymo_5neighbor_context_laneaware_clean_v1_part_00_13/shards/shard_000004,2434,test
117,0,/Users/liuqing/Projects/01_E2E_QA_Code/E2E-Evaluation/outputs/waymo_5neighbor_context_laneaware_clean_v1_part_00_13/shards/shard_000000,117,test
160586,33,/Users/liuqing/Projects/01_E2E_QA_Code/E2E-Evaluation/outputs/waymo_5neighbor_context_laneaware_clean_v1_part_39_51/shards/shard_000006,4314,test
96099,20,/Users/liuqing/Projects/01_E2E_QA_Code/E2E-Evaluation/outputs/waymo_5neighbor_context_laneaware_clean_v1_part_26_39/shards/shard_000002,1672,test
145179,30,/Users/liuqing/Projects/01_E2E_QA_Code/E2E-Evaluation/outputs/waymo_5neighbor_context_laneaware_clean_v1_part_39_51/shards/shard_000003,3910,test
79423,16,/Users/liuqing/Projects/01_E2E_QA_Code/E2E-Evaluation/outputs/waymo_5neighbor_context_laneaware_clean_v1_part_13_26/shards/shard_000007,1702,test
46836,9,/Users/liuqing/Projects/01_E2E_QA_Code/E2E-Evaluation/outputs/waymo_5neighbor_context_laneaware_clean_v1_part_13_26/shards/shard_000000,4164,test
94447,20,/Users/liuqing/Projects/01_E2E_QA_Code/E2E-Evaluation/outputs/waymo_5neighbor_context_laneaware_clean_v1_part_26_39/shards/shard_000002,20,test
155887,32,/Users/liuqing/Projects/01_E2E_QA_Code/E2E-Evaluation/outputs/waymo_5neighbor_context_laneaware_clean_v1_part_39_51/shards/shard_000005,4616,test
94449,20,/Users/liuqing/Projects/01_E2E_QA_Code/E2E-Evaluation/outputs/waymo_5neighbor_context_laneaware_clean_v1_part_26_39/shards/shard_000002,22,test
159262,33,/Users/liuqing/Projects/01_E2E_QA_Code/E2E-Evaluation/outputs/waymo_5neighbor_context_laneaware_clean_v1_part_39_51/shards/shard_000006,2990,test
149474,31,/Users/liuqing/Projects/01_E2E_QA_Code/E2E-Evaluation/outputs/waymo_5neighbor_context_laneaware_clean_v1_part_39_51/shards/shard_000004,3204,test
83162,17,/Users/liuqing/Projects/01_E2E_QA_Code/E2E-Evaluation/outputs/waymo_5neighbor_context_laneaware_clean_v1_part_13_26/shards/shard_000008,432,test
34707,6,/Users/liuqing/Projects/01_E2E_QA_Code/E2E-Evaluation/outputs/waymo_5neighbor_context_laneaware_clean_v1_part_00_13/shards/shard_000006,4689,test
81176,16,/Users/liuqing/Projects/01_E2E_QA_Code/E2E-Evaluation/outputs/waymo_5neighbor_context_laneaware_clean_v1_part_13_26/shards/shard_000007,3455,test
106559,22,/Users/liuqing/Projects/01_E2E_QA_Code/E2E-Evaluation/outputs/waymo_5neighbor_context_laneaware_clean_v1_part_26_39/shards/shard_000004,2127,test
141021,29,/Users/liuqing/Projects/01_E2E_QA_Code/E2E-Evaluation/outputs/waymo_5neighbor_context_laneaware_clean_v1_part_39_51/shards/shard_000002,4768,test
164534,34,/Users/liuqing/Projects/01_E2E_QA_Code/E2E-Evaluation/outputs/waymo_5neighbor_context_laneaware_clean_v1_part_39_51/shards/shard_000007,3254,test
56452,11,/Users/liuqing/Projects/01_E2E_QA_Code/E2E-Evaluation/outputs/waymo_5neighbor_context_laneaware_clean_v1_part_13_26/shards/shard_000002,3765,test
40563,8,/Users/liuqing/Projects/01_E2E_QA_Code/E2E-Evaluation/outputs/waymo_5neighbor_context_laneaware_clean_v1_part_00_13/shards/shard_000008,535,test
70513,14,/Users/liuqing/Projects/01_E2E_QA_Code/E2E-Evaluation/outputs/waymo_5neighbor_context_laneaware_clean_v1_part_13_26/shards/shard_000005,2803,test
51058,10,/Users/liuqing/Projects/01_E2E_QA_Code/E2E-Evaluation/outputs/waymo_5neighbor_context_laneaware_clean_v1_part_13_26/shards/shard_000001,3373,test
67413,13,/Users/liuqing/Projects/01_E2E_QA_Code/E2E-Evaluation/outputs/waymo_5neighbor_context_laneaware_clean_v1_part_13_26/shards/shard_000004,4711,test
126368,27,/Users/liuqing/Projects/01_E2E_QA_Code/E2E-Evaluation/outputs/waymo_5neighbor_context_laneaware_clean_v1_part_39_51/shards/shard_000000,118,test
112297,23,/Users/liuqing/Projects/01_E2E_QA_Code/E2E-Evaluation/outputs/waymo_5neighbor_context_laneaware_clean_v1_part_26_39/shards/shard_000005,2858,test
69944,14,/Users/liuqing/Projects/01_E2E_QA_Code/E2E-Evaluation/outputs/waymo_5neighbor_context_laneaware_clean_v1_part_13_26/shards/shard_000005,2234,test
51967,10,/Users/liuqing/Projects/01_E2E_QA_Code/E2E-Evaluation/outputs/waymo_5neighbor_context_laneaware_clean_v1_part_13_26/shards/shard_000001,4282,test
152021,32,/Users/liuqing/Projects/01_E2E_QA_Code/E2E-Evaluation/outputs/waymo_5neighbor_context_laneaware_clean_v1_part_39_51/shards/shard_000005,750,test
136082,28,/Users/liuqing/Projects/01_E2E_QA_Code/E2E-Evaluation/outputs/waymo_5neighbor_context_laneaware_clean_v1_part_39_51/shards/shard_000001,4831,test
13953,2,/Users/liuqing/Projects/01_E2E_QA_Code/E2E-Evaluation/outputs/waymo_5neighbor_context_laneaware_clean_v1_part_00_13/shards/shard_000002,3947,test
34191,6,/Users/liuqing/Projects/01_E2E_QA_Code/E2E-Evaluation/outputs/waymo_5neighbor_context_laneaware_clean_v1_part_00_13/shards/shard_000006,4173,test
81927,16,/Users/liuqing/Projects/01_E2E_QA_Code/E2E-Evaluation/outputs/waymo_5neighbor_context_laneaware_clean_v1_part_13_26/shards/shard_000007,4206,test
27395,5,/Users/liuqing/Projects/01_E2E_QA_Code/E2E-Evaluation/outputs/waymo_5neighbor_context_laneaware_clean_v1_part_00_13/shards/shard_000005,2378,test
162966,34,/Users/liuqing/Projects/01_E2E_QA_Code/E2E-Evaluation/outputs/waymo_5neighbor_context_laneaware_clean_v1_part_39_51/shards/shard_000007,1686,test
141024,29,/Users/liuqing/Projects/01_E2E_QA_Code/E2E-Evaluation/outputs/waymo_5neighbor_context_laneaware_clean_v1_part_39_51/shards/shard_000002,4771,test
56861,11,/Users/liuqing/Projects/01_E2E_QA_Code/E2E-Evaluation/outputs/waymo_5neighbor_context_laneaware_clean_v1_part_13_26/shards/shard_000002,4174,test
141017,29,/Users/liuqing/Projects/01_E2E_QA_Code/E2E-Evaluation/outputs/waymo_5neighbor_context_laneaware_clean_v1_part_39_51/shards/shard_000002,4764,test
35863,7,/Users/liuqing/Projects/01_E2E_QA_Code/E2E-Evaluation/outputs/waymo_5neighbor_context_laneaware_clean_v1_part_00_13/shards/shard_000007,844,test
81322,16,/Users/liuqing/Projects/01_E2E_QA_Code/E2E-Evaluation/outputs/waymo_5neighbor_context_laneaware_clean_v1_part_13_26/shards/shard_000007,3601,test
36365,7,/Users/liuqing/Projects/01_E2E_QA_Code/E2E-Evaluation/outputs/waymo_5neighbor_context_laneaware_clean_v1_part_00_13/shards/shard_000007,1346,test
40729,8,/Users/liuqing/Projects/01_E2E_QA_Code/E2E-Evaluation/outputs/waymo_5neighbor_context_laneaware_clean_v1_part_00_13/shards/shard_000008,701,test
106948,22,/Users/liuqing/Projects/01_E2E_QA_Code/E2E-Evaluation/outputs/waymo_5neighbor_context_laneaware_clean_v1_part_26_39/shards/shard_000004,2516,test
8627,1,/Users/liuqing/Projects/01_E2E_QA_Code/E2E-Evaluation/outputs/waymo_5neighbor_context_laneaware_clean_v1_part_00_13/shards/shard_000001,3625,test
20722,4,/Users/liuqing/Projects/01_E2E_QA_Code/E2E-Evaluation/outputs/waymo_5neighbor_context_laneaware_clean_v1_part_00_13/shards/shard_000004,716,test
156727,33,/Users/liuqing/Projects/01_E2E_QA_Code/E2E-Evaluation/outputs/waymo_5neighbor_context_laneaware_clean_v1_part_39_51/shards/shard_000006,455,test
120478,25,/Users/liuqing/Projects/01_E2E_QA_Code/E2E-Evaluation/outputs/waymo_5neighbor_context_laneaware_clean_v1_part_26_39/shards/shard_000007,1029,test
1418,0,/Users/liuqing/Projects/01_E2E_QA_Code/E2E-Evaluation/outputs/waymo_5neighbor_context_laneaware_clean_v1_part_00_13/shards/shard_000000,1418,test
60969,12,/Users/liuqing/Projects/01_E2E_QA_Code/E2E-Evaluation/outputs/waymo_5neighbor_context_laneaware_clean_v1_part_13_26/shards/shard_000003,3280,test
104689,22,/Users/liuqing/Projects/01_E2E_QA_Code/E2E-Evaluation/outputs/waymo_5neighbor_context_laneaware_clean_v1_part_26_39/shards/shard_000004,257,test
122724,25,/Users/liuqing/Projects/01_E2E_QA_Code/E2E-Evaluation/outputs/waymo_5neighbor_context_laneaware_clean_v1_part_26_39/shards/shard_000007,3275,test
92126,19,/Users/liuqing/Projects/01_E2E_QA_Code/E2E-Evaluation/outputs/waymo_5neighbor_context_laneaware_clean_v1_part_26_39/shards/shard_000001,2699,test
54960,11,/Users/liuqing/Projects/01_E2E_QA_Code/E2E-Evaluation/outputs/waymo_5neighbor_context_laneaware_clean_v1_part_13_26/shards/shard_000002,2273,test
136283,29,/Users/liuqing/Projects/01_E2E_QA_Code/E2E-Evaluation/outputs/waymo_5neighbor_context_laneaware_clean_v1_part_39_51/shards/shard_000002,30,test
71486,14,/Users/liuqing/Projects/01_E2E_QA_Code/E2E-Evaluation/outputs/waymo_5neighbor_context_laneaware_clean_v1_part_13_26/shards/shard_000005,3776,test
152384,32,/Users/liuqing/Projects/01_E2E_QA_Code/E2E-Evaluation/outputs/waymo_5neighbor_context_laneaware_clean_v1_part_39_51/shards/shard_000005,1113,test
98051,20,/Users/liuqing/Projects/01_E2E_QA_Code/E2E-Evaluation/outputs/waymo_5neighbor_context_laneaware_clean_v1_part_26_39/shards/shard_000002,3624,test
33639,6,/Users/liuqing/Projects/01_E2E_QA_Code/E2E-Evaluation/outputs/waymo_5neighbor_context_laneaware_clean_v1_part_00_13/shards/shard_000006,3621,test
96733,20,/Users/liuqing/Projects/01_E2E_QA_Code/E2E-Evaluation/outputs/waymo_5neighbor_context_laneaware_clean_v1_part_26_39/shards/shard_000002,2306,test
76768,15,/Users/liuqing/Projects/01_E2E_QA_Code/E2E-Evaluation/outputs/waymo_5neighbor_context_laneaware_clean_v1_part_13_26/shards/shard_000006,4047,test
26913,5,/Users/liuqing/Projects/01_E2E_QA_Code/E2E-Evaluation/outputs/waymo_5neighbor_context_laneaware_clean_v1_part_00_13/shards/shard_000005,1896,test
29806,5,/Users/liuqing/Projects/01_E2E_QA_Code/E2E-Evaluation/outputs/waymo_5neighbor_context_laneaware_clean_v1_part_00_13/shards/shard_000005,4789,test
69946,14,/Users/liuqing/Projects/01_E2E_QA_Code/E2E-Evaluation/outputs/waymo_5neighbor_context_laneaware_clean_v1_part_13_26/shards/shard_000005,2236,test
146385,31,/Users/liuqing/Projects/01_E2E_QA_Code/E2E-Evaluation/outputs/waymo_5neighbor_context_laneaware_clean_v1_part_39_51/shards/shard_000004,115,test
5814,1,/Users/liuqing/Projects/01_E2E_QA_Code/E2E-Evaluation/outputs/waymo_5neighbor_context_laneaware_clean_v1_part_00_13/shards/shard_000001,812,test
147788,31,/Users/liuqing/Projects/01_E2E_QA_Code/E2E-Evaluation/outputs/waymo_5neighbor_context_laneaware_clean_v1_part_39_51/shards/shard_000004,1518,test
135784,28,/Users/liuqing/Projects/01_E2E_QA_Code/E2E-Evaluation/outputs/waymo_5neighbor_context_laneaware_clean_v1_part_39_51/shards/shard_000001,4533,test
102609,21,/Users/liuqing/Projects/01_E2E_QA_Code/E2E-Evaluation/outputs/waymo_5neighbor_context_laneaware_clean_v1_part_26_39/shards/shard_000003,3178,test
40501,8,/Users/liuqing/Projects/01_E2E_QA_Code/E2E-Evaluation/outputs/waymo_5neighbor_context_laneaware_clean_v1_part_00_13/shards/shard_000008,473,test
45689,9,/Users/liuqing/Projects/01_E2E_QA_Code/E2E-Evaluation/outputs/waymo_5neighbor_context_laneaware_clean_v1_part_13_26/shards/shard_000000,3017,test
34541,6,/Users/liuqing/Projects/01_E2E_QA_Code/E2E-Evaluation/outputs/waymo_5neighbor_context_laneaware_clean_v1_part_00_13/shards/shard_000006,4523,test
60544,12,/Users/liuqing/Projects/01_E2E_QA_Code/E2E-Evaluation/outputs/waymo_5neighbor_context_laneaware_clean_v1_part_13_26/shards/shard_000003,2855,test
92831,19,/Users/liuqing/Projects/01_E2E_QA_Code/E2E-Evaluation/outputs/waymo_5neighbor_context_laneaware_clean_v1_part_26_39/shards/shard_000001,3404,test
18596,3,/Users/liuqing/Projects/01_E2E_QA_Code/E2E-Evaluation/outputs/waymo_5neighbor_context_laneaware_clean_v1_part_00_13/shards/shard_000003,3590,test
2390,0,/Users/liuqing/Projects/01_E2E_QA_Code/E2E-Evaluation/outputs/waymo_5neighbor_context_laneaware_clean_v1_part_00_13/shards/shard_000000,2390,test
147737,31,/Users/liuqing/Projects/01_E2E_QA_Code/E2E-Evaluation/outputs/waymo_5neighbor_context_laneaware_clean_v1_part_39_51/shards/shard_000004,1467,test
713,0,/Users/liuqing/Projects/01_E2E_QA_Code/E2E-Evaluation/outputs/waymo_5neighbor_context_laneaware_clean_v1_part_00_13/shards/shard_000000,713,test
102898,21,/Users/liuqing/Projects/01_E2E_QA_Code/E2E-Evaluation/outputs/waymo_5neighbor_context_laneaware_clean_v1_part_26_39/shards/shard_000003,3467,test
32477,6,/Users/liuqing/Projects/01_E2E_QA_Code/E2E-Evaluation/outputs/waymo_5neighbor_context_laneaware_clean_v1_part_00_13/shards/shard_000006,2459,test
141023,29,/Users/liuqing/Projects/01_E2E_QA_Code/E2E-Evaluation/outputs/waymo_5neighbor_context_laneaware_clean_v1_part_39_51/shards/shard_000002,4770,test
18424,3,/Users/liuqing/Projects/01_E2E_QA_Code/E2E-Evaluation/outputs/waymo_5neighbor_context_laneaware_clean_v1_part_00_13/shards/shard_000003,3418,test
121617,25,/Users/liuqing/Projects/01_E2E_QA_Code/E2E-Evaluation/outputs/waymo_5neighbor_context_laneaware_clean_v1_part_26_39/shards/shard_000007,2168,test
11745,2,/Users/liuqing/Projects/01_E2E_QA_Code/E2E-Evaluation/outputs/waymo_5neighbor_context_laneaware_clean_v1_part_00_13/shards/shard_000002,1739,test
125678,26,/Users/liuqing/Projects/01_E2E_QA_Code/E2E-Evaluation/outputs/waymo_5neighbor_context_laneaware_clean_v1_part_26_39/shards/shard_000008,1225,test
76203,15,/Users/liuqing/Projects/01_E2E_QA_Code/E2E-Evaluation/outputs/waymo_5neighbor_context_laneaware_clean_v1_part_13_26/shards/shard_000006,3482,test
9819,1,/Users/liuqing/Projects/01_E2E_QA_Code/E2E-Evaluation/outputs/waymo_5neighbor_context_laneaware_clean_v1_part_00_13/shards/shard_000001,4817,test
158771,33,/Users/liuqing/Projects/01_E2E_QA_Code/E2E-Evaluation/outputs/waymo_5neighbor_context_laneaware_clean_v1_part_39_51/shards/shard_000006,2499,test
159266,33,/Users/liuqing/Projects/01_E2E_QA_Code/E2E-Evaluation/outputs/waymo_5neighbor_context_laneaware_clean_v1_part_39_51/shards/shard_000006,2994,test
33103,6,/Users/liuqing/Projects/01_E2E_QA_Code/E2E-Evaluation/outputs/waymo_5neighbor_context_laneaware_clean_v1_part_00_13/shards/shard_000006,3085,test
108777,22,/Users/liuqing/Projects/01_E2E_QA_Code/E2E-Evaluation/outputs/waymo_5neighbor_context_laneaware_clean_v1_part_26_39/shards/shard_000004,4345,test
28599,5,/Users/liuqing/Projects/01_E2E_QA_Code/E2E-Evaluation/outputs/waymo_5neighbor_context_laneaware_clean_v1_part_00_13/shards/shard_000005,3582,test
108565,22,/Users/liuqing/Projects/01_E2E_QA_Code/E2E-Evaluation/outputs/waymo_5neighbor_context_laneaware_clean_v1_part_26_39/shards/shard_000004,4133,test
119251,24,/Users/liuqing/Projects/01_E2E_QA_Code/E2E-Evaluation/outputs/waymo_5neighbor_context_laneaware_clean_v1_part_26_39/shards/shard_000006,4803,test
61825,12,/Users/liuqing/Projects/01_E2E_QA_Code/E2E-Evaluation/outputs/waymo_5neighbor_context_laneaware_clean_v1_part_13_26/shards/shard_000003,4136,test
162782,34,/Users/liuqing/Projects/01_E2E_QA_Code/E2E-Evaluation/outputs/waymo_5neighbor_context_laneaware_clean_v1_part_39_51/shards/shard_000007,1502,test
158401,33,/Users/liuqing/Projects/01_E2E_QA_Code/E2E-Evaluation/outputs/waymo_5neighbor_context_laneaware_clean_v1_part_39_51/shards/shard_000006,2129,test
94444,20,/Users/liuqing/Projects/01_E2E_QA_Code/E2E-Evaluation/outputs/waymo_5neighbor_context_laneaware_clean_v1_part_26_39/shards/shard_000002,17,test
92448,19,/Users/liuqing/Projects/01_E2E_QA_Code/E2E-Evaluation/outputs/waymo_5neighbor_context_laneaware_clean_v1_part_26_39/shards/shard_000001,3021,test
105148,22,/Users/liuqing/Projects/01_E2E_QA_Code/E2E-Evaluation/outputs/waymo_5neighbor_context_laneaware_clean_v1_part_26_39/shards/shard_000004,716,test
136482,29,/Users/liuqing/Projects/01_E2E_QA_Code/E2E-Evaluation/outputs/waymo_5neighbor_context_laneaware_clean_v1_part_39_51/shards/shard_000002,229,test
108938,22,/Users/liuqing/Projects/01_E2E_QA_Code/E2E-Evaluation/outputs/waymo_5neighbor_context_laneaware_clean_v1_part_26_39/shards/shard_000004,4506,test
159273,33,/Users/liuqing/Projects/01_E2E_QA_Code/E2E-Evaluation/outputs/waymo_5neighbor_context_laneaware_clean_v1_part_39_51/shards/shard_000006,3001,test
108911,22,/Users/liuqing/Projects/01_E2E_QA_Code/E2E-Evaluation/outputs/waymo_5neighbor_context_laneaware_clean_v1_part_26_39/shards/shard_000004,4479,test
147900,31,/Users/liuqing/Projects/01_E2E_QA_Code/E2E-Evaluation/outputs/waymo_5neighbor_context_laneaware_clean_v1_part_39_51/shards/shard_000004,1630,test
155891,32,/Users/liuqing/Projects/01_E2E_QA_Code/E2E-Evaluation/outputs/waymo_5neighbor_context_laneaware_clean_v1_part_39_51/shards/shard_000005,4620,test
121920,25,/Users/liuqing/Projects/01_E2E_QA_Code/E2E-Evaluation/outputs/waymo_5neighbor_context_laneaware_clean_v1_part_26_39/shards/shard_000007,2471,test
11181,2,/Users/liuqing/Projects/01_E2E_QA_Code/E2E-Evaluation/outputs/waymo_5neighbor_context_laneaware_clean_v1_part_00_13/shards/shard_000002,1175,test
36334,7,/Users/liuqing/Projects/01_E2E_QA_Code/E2E-Evaluation/outputs/waymo_5neighbor_context_laneaware_clean_v1_part_00_13/shards/shard_000007,1315,test
22316,4,/Users/liuqing/Projects/01_E2E_QA_Code/E2E-Evaluation/outputs/waymo_5neighbor_context_laneaware_clean_v1_part_00_13/shards/shard_000004,2310,test
162366,34,/Users/liuqing/Projects/01_E2E_QA_Code/E2E-Evaluation/outputs/waymo_5neighbor_context_laneaware_clean_v1_part_39_51/shards/shard_000007,1086,test
160561,33,/Users/liuqing/Projects/01_E2E_QA_Code/E2E-Evaluation/outputs/waymo_5neighbor_context_laneaware_clean_v1_part_39_51/shards/shard_000006,4289,test
34722,6,/Users/liuqing/Projects/01_E2E_QA_Code/E2E-Evaluation/outputs/waymo_5neighbor_context_laneaware_clean_v1_part_00_13/shards/shard_000006,4704,test
155688,32,/Users/liuqing/Projects/01_E2E_QA_Code/E2E-Evaluation/outputs/waymo_5neighbor_context_laneaware_clean_v1_part_39_51/shards/shard_000005,4417,test
108010,22,/Users/liuqing/Projects/01_E2E_QA_Code/E2E-Evaluation/outputs/waymo_5neighbor_context_laneaware_clean_v1_part_26_39/shards/shard_000004,3578,test
96083,20,/Users/liuqing/Projects/01_E2E_QA_Code/E2E-Evaluation/outputs/waymo_5neighbor_context_laneaware_clean_v1_part_26_39/shards/shard_000002,1656,test
139659,29,/Users/liuqing/Projects/01_E2E_QA_Code/E2E-Evaluation/outputs/waymo_5neighbor_context_laneaware_clean_v1_part_39_51/shards/shard_000002,3406,test
88942,18,/Users/liuqing/Projects/01_E2E_QA_Code/E2E-Evaluation/outputs/waymo_5neighbor_context_laneaware_clean_v1_part_26_39/shards/shard_000000,4519,test
80568,16,/Users/liuqing/Projects/01_E2E_QA_Code/E2E-Evaluation/outputs/waymo_5neighbor_context_laneaware_clean_v1_part_13_26/shards/shard_000007,2847,test
164417,34,/Users/liuqing/Projects/01_E2E_QA_Code/E2E-Evaluation/outputs/waymo_5neighbor_context_laneaware_clean_v1_part_39_51/shards/shard_000007,3137,test
43470,9,/Users/liuqing/Projects/01_E2E_QA_Code/E2E-Evaluation/outputs/waymo_5neighbor_context_laneaware_clean_v1_part_13_26/shards/shard_000000,798,test
8242,1,/Users/liuqing/Projects/01_E2E_QA_Code/E2E-Evaluation/outputs/waymo_5neighbor_context_laneaware_clean_v1_part_00_13/shards/shard_000001,3240,test
152023,32,/Users/liuqing/Projects/01_E2E_QA_Code/E2E-Evaluation/outputs/waymo_5neighbor_context_laneaware_clean_v1_part_39_51/shards/shard_000005,752,test
50402,10,/Users/liuqing/Projects/01_E2E_QA_Code/E2E-Evaluation/outputs/waymo_5neighbor_context_laneaware_clean_v1_part_13_26/shards/shard_000001,2717,test
74173,15,/Users/liuqing/Projects/01_E2E_QA_Code/E2E-Evaluation/outputs/waymo_5neighbor_context_laneaware_clean_v1_part_13_26/shards/shard_000006,1452,test
63568,13,/Users/liuqing/Projects/01_E2E_QA_Code/E2E-Evaluation/outputs/waymo_5neighbor_context_laneaware_clean_v1_part_13_26/shards/shard_000004,866,test
58911,12,/Users/liuqing/Projects/01_E2E_QA_Code/E2E-Evaluation/outputs/waymo_5neighbor_context_laneaware_clean_v1_part_13_26/shards/shard_000003,1222,test
38767,7,/Users/liuqing/Projects/01_E2E_QA_Code/E2E-Evaluation/outputs/waymo_5neighbor_context_laneaware_clean_v1_part_00_13/shards/shard_000007,3748,test
17323,3,/Users/liuqing/Projects/01_E2E_QA_Code/E2E-Evaluation/outputs/waymo_5neighbor_context_laneaware_clean_v1_part_00_13/shards/shard_000003,2317,test
132183,28,/Users/liuqing/Projects/01_E2E_QA_Code/E2E-Evaluation/outputs/waymo_5neighbor_context_laneaware_clean_v1_part_39_51/shards/shard_000001,932,test
81333,16,/Users/liuqing/Projects/01_E2E_QA_Code/E2E-Evaluation/outputs/waymo_5neighbor_context_laneaware_clean_v1_part_13_26/shards/shard_000007,3612,test
163561,34,/Users/liuqing/Projects/01_E2E_QA_Code/E2E-Evaluation/outputs/waymo_5neighbor_context_laneaware_clean_v1_part_39_51/shards/shard_000007,2281,test
69954,14,/Users/liuqing/Projects/01_E2E_QA_Code/E2E-Evaluation/outputs/waymo_5neighbor_context_laneaware_clean_v1_part_13_26/shards/shard_000005,2244,test
143495,30,/Users/liuqing/Projects/01_E2E_QA_Code/E2E-Evaluation/outputs/waymo_5neighbor_context_laneaware_clean_v1_part_39_51/shards/shard_000003,2226,test
126557,27,/Users/liuqing/Projects/01_E2E_QA_Code/E2E-Evaluation/outputs/waymo_5neighbor_context_laneaware_clean_v1_part_39_51/shards/shard_000000,307,test
58600,12,/Users/liuqing/Projects/01_E2E_QA_Code/E2E-Evaluation/outputs/waymo_5neighbor_context_laneaware_clean_v1_part_13_26/shards/shard_000003,911,test
112237,23,/Users/liuqing/Projects/01_E2E_QA_Code/E2E-Evaluation/outputs/waymo_5neighbor_context_laneaware_clean_v1_part_26_39/shards/shard_000005,2798,test
144886,30,/Users/liuqing/Projects/01_E2E_QA_Code/E2E-Evaluation/outputs/waymo_5neighbor_context_laneaware_clean_v1_part_39_51/shards/shard_000003,3617,test
152386,32,/Users/liuqing/Projects/01_E2E_QA_Code/E2E-Evaluation/outputs/waymo_5neighbor_context_laneaware_clean_v1_part_39_51/shards/shard_000005,1115,test
146138,30,/Users/liuqing/Projects/01_E2E_QA_Code/E2E-Evaluation/outputs/waymo_5neighbor_context_laneaware_clean_v1_part_39_51/shards/shard_000003,4869,test
96728,20,/Users/liuqing/Projects/01_E2E_QA_Code/E2E-Evaluation/outputs/waymo_5neighbor_context_laneaware_clean_v1_part_26_39/shards/shard_000002,2301,test
113113,23,/Users/liuqing/Projects/01_E2E_QA_Code/E2E-Evaluation/outputs/waymo_5neighbor_context_laneaware_clean_v1_part_26_39/shards/shard_000005,3674,test
76591,15,/Users/liuqing/Projects/01_E2E_QA_Code/E2E-Evaluation/outputs/waymo_5neighbor_context_laneaware_clean_v1_part_13_26/shards/shard_000006,3870,test
13913,2,/Users/liuqing/Projects/01_E2E_QA_Code/E2E-Evaluation/outputs/waymo_5neighbor_context_laneaware_clean_v1_part_00_13/shards/shard_000002,3907,test
57041,11,/Users/liuqing/Projects/01_E2E_QA_Code/E2E-Evaluation/outputs/waymo_5neighbor_context_laneaware_clean_v1_part_13_26/shards/shard_000002,4354,test
86506,18,/Users/liuqing/Projects/01_E2E_QA_Code/E2E-Evaluation/outputs/waymo_5neighbor_context_laneaware_clean_v1_part_26_39/shards/shard_000000,2083,test
72558,14,/Users/liuqing/Projects/01_E2E_QA_Code/E2E-Evaluation/outputs/waymo_5neighbor_context_laneaware_clean_v1_part_13_26/shards/shard_000005,4848,test
83158,17,/Users/liuqing/Projects/01_E2E_QA_Code/E2E-Evaluation/outputs/waymo_5neighbor_context_laneaware_clean_v1_part_13_26/shards/shard_000008,428,test
91810,19,/Users/liuqing/Projects/01_E2E_QA_Code/E2E-Evaluation/outputs/waymo_5neighbor_context_laneaware_clean_v1_part_26_39/shards/shard_000001,2383,test
22613,4,/Users/liuqing/Projects/01_E2E_QA_Code/E2E-Evaluation/outputs/waymo_5neighbor_context_laneaware_clean_v1_part_00_13/shards/shard_000004,2607,test
112302,23,/Users/liuqing/Projects/01_E2E_QA_Code/E2E-Evaluation/outputs/waymo_5neighbor_context_laneaware_clean_v1_part_26_39/shards/shard_000005,2863,test
95784,20,/Users/liuqing/Projects/01_E2E_QA_Code/E2E-Evaluation/outputs/waymo_5neighbor_context_laneaware_clean_v1_part_26_39/shards/shard_000002,1357,test
163293,34,/Users/liuqing/Projects/01_E2E_QA_Code/E2E-Evaluation/outputs/waymo_5neighbor_context_laneaware_clean_v1_part_39_51/shards/shard_000007,2013,test
7702,1,/Users/liuqing/Projects/01_E2E_QA_Code/E2E-Evaluation/outputs/waymo_5neighbor_context_laneaware_clean_v1_part_00_13/shards/shard_000001,2700,test
137703,29,/Users/liuqing/Projects/01_E2E_QA_Code/E2E-Evaluation/outputs/waymo_5neighbor_context_laneaware_clean_v1_part_39_51/shards/shard_000002,1450,test
159676,33,/Users/liuqing/Projects/01_E2E_QA_Code/E2E-Evaluation/outputs/waymo_5neighbor_context_laneaware_clean_v1_part_39_51/shards/shard_000006,3404,test
85784,18,/Users/liuqing/Projects/01_E2E_QA_Code/E2E-Evaluation/outputs/waymo_5neighbor_context_laneaware_clean_v1_part_26_39/shards/shard_000000,1361,test
122545,25,/Users/liuqing/Projects/01_E2E_QA_Code/E2E-Evaluation/outputs/waymo_5neighbor_context_laneaware_clean_v1_part_26_39/shards/shard_000007,3096,test
50570,10,/Users/liuqing/Projects/01_E2E_QA_Code/E2E-Evaluation/outputs/waymo_5neighbor_context_laneaware_clean_v1_part_13_26/shards/shard_000001,2885,test
65180,13,/Users/liuqing/Projects/01_E2E_QA_Code/E2E-Evaluation/outputs/waymo_5neighbor_context_laneaware_clean_v1_part_13_26/shards/shard_000004,2478,test
90813,19,/Users/liuqing/Projects/01_E2E_QA_Code/E2E-Evaluation/outputs/waymo_5neighbor_context_laneaware_clean_v1_part_26_39/shards/shard_000001,1386,test
66631,13,/Users/liuqing/Projects/01_E2E_QA_Code/E2E-Evaluation/outputs/waymo_5neighbor_context_laneaware_clean_v1_part_13_26/shards/shard_000004,3929,test
33678,6,/Users/liuqing/Projects/01_E2E_QA_Code/E2E-Evaluation/outputs/waymo_5neighbor_context_laneaware_clean_v1_part_00_13/shards/shard_000006,3660,test
164419,34,/Users/liuqing/Projects/01_E2E_QA_Code/E2E-Evaluation/outputs/waymo_5neighbor_context_laneaware_clean_v1_part_39_51/shards/shard_000007,3139,test
7692,1,/Users/liuqing/Projects/01_E2E_QA_Code/E2E-Evaluation/outputs/waymo_5neighbor_context_laneaware_clean_v1_part_00_13/shards/shard_000001,2690,test
69098,14,/Users/liuqing/Projects/01_E2E_QA_Code/E2E-Evaluation/outputs/waymo_5neighbor_context_laneaware_clean_v1_part_13_26/shards/shard_000005,1388,test
85586,18,/Users/liuqing/Projects/01_E2E_QA_Code/E2E-Evaluation/outputs/waymo_5neighbor_context_laneaware_clean_v1_part_26_39/shards/shard_000000,1163,test
30575,6,/Users/liuqing/Projects/01_E2E_QA_Code/E2E-Evaluation/outputs/waymo_5neighbor_context_laneaware_clean_v1_part_00_13/shards/shard_000006,557,test
96730,20,/Users/liuqing/Projects/01_E2E_QA_Code/E2E-Evaluation/outputs/waymo_5neighbor_context_laneaware_clean_v1_part_26_39/shards/shard_000002,2303,test
121029,25,/Users/liuqing/Projects/01_E2E_QA_Code/E2E-Evaluation/outputs/waymo_5neighbor_context_laneaware_clean_v1_part_26_39/shards/shard_000007,1580,test
10243,2,/Users/liuqing/Projects/01_E2E_QA_Code/E2E-Evaluation/outputs/waymo_5neighbor_context_laneaware_clean_v1_part_00_13/shards/shard_000002,237,test
163402,34,/Users/liuqing/Projects/01_E2E_QA_Code/E2E-Evaluation/outputs/waymo_5neighbor_context_laneaware_clean_v1_part_39_51/shards/shard_000007,2122,test
198,0,/Users/liuqing/Projects/01_E2E_QA_Code/E2E-Evaluation/outputs/waymo_5neighbor_context_laneaware_clean_v1_part_00_13/shards/shard_000000,198,test
24663,4,/Users/liuqing/Projects/01_E2E_QA_Code/E2E-Evaluation/outputs/waymo_5neighbor_context_laneaware_clean_v1_part_00_13/shards/shard_000004,4657,test
82416,16,/Users/liuqing/Projects/01_E2E_QA_Code/E2E-Evaluation/outputs/waymo_5neighbor_context_laneaware_clean_v1_part_13_26/shards/shard_000007,4695,test
20186,4,/Users/liuqing/Projects/01_E2E_QA_Code/E2E-Evaluation/outputs/waymo_5neighbor_context_laneaware_clean_v1_part_00_13/shards/shard_000004,180,test
42034,8,/Users/liuqing/Projects/01_E2E_QA_Code/E2E-Evaluation/outputs/waymo_5neighbor_context_laneaware_clean_v1_part_00_13/shards/shard_000008,2006,test
66377,13,/Users/liuqing/Projects/01_E2E_QA_Code/E2E-Evaluation/outputs/waymo_5neighbor_context_laneaware_clean_v1_part_13_26/shards/shard_000004,3675,test
34544,6,/Users/liuqing/Projects/01_E2E_QA_Code/E2E-Evaluation/outputs/waymo_5neighbor_context_laneaware_clean_v1_part_00_13/shards/shard_000006,4526,test
132773,28,/Users/liuqing/Projects/01_E2E_QA_Code/E2E-Evaluation/outputs/waymo_5neighbor_context_laneaware_clean_v1_part_39_51/shards/shard_000001,1522,test
115356,24,/Users/liuqing/Projects/01_E2E_QA_Code/E2E-Evaluation/outputs/waymo_5neighbor_context_laneaware_clean_v1_part_26_39/shards/shard_000006,908,test
112221,23,/Users/liuqing/Projects/01_E2E_QA_Code/E2E-Evaluation/outputs/waymo_5neighbor_context_laneaware_clean_v1_part_26_39/shards/shard_000005,2782,test
2375,0,/Users/liuqing/Projects/01_E2E_QA_Code/E2E-Evaluation/outputs/waymo_5neighbor_context_laneaware_clean_v1_part_00_13/shards/shard_000000,2375,test
38760,7,/Users/liuqing/Projects/01_E2E_QA_Code/E2E-Evaluation/outputs/waymo_5neighbor_context_laneaware_clean_v1_part_00_13/shards/shard_000007,3741,test
136002,28,/Users/liuqing/Projects/01_E2E_QA_Code/E2E-Evaluation/outputs/waymo_5neighbor_context_laneaware_clean_v1_part_39_51/shards/shard_000001,4751,test
137274,29,/Users/liuqing/Projects/01_E2E_QA_Code/E2E-Evaluation/outputs/waymo_5neighbor_context_laneaware_clean_v1_part_39_51/shards/shard_000002,1021,test
44675,9,/Users/liuqing/Projects/01_E2E_QA_Code/E2E-Evaluation/outputs/waymo_5neighbor_context_laneaware_clean_v1_part_13_26/shards/shard_000000,2003,test
150688,31,/Users/liuqing/Projects/01_E2E_QA_Code/E2E-Evaluation/outputs/waymo_5neighbor_context_laneaware_clean_v1_part_39_51/shards/shard_000004,4418,test
121867,25,/Users/liuqing/Projects/01_E2E_QA_Code/E2E-Evaluation/outputs/waymo_5neighbor_context_laneaware_clean_v1_part_26_39/shards/shard_000007,2418,test
45850,9,/Users/liuqing/Projects/01_E2E_QA_Code/E2E-Evaluation/outputs/waymo_5neighbor_context_laneaware_clean_v1_part_13_26/shards/shard_000000,3178,test
46201,9,/Users/liuqing/Projects/01_E2E_QA_Code/E2E-Evaluation/outputs/waymo_5neighbor_context_laneaware_clean_v1_part_13_26/shards/shard_000000,3529,test
42039,8,/Users/liuqing/Projects/01_E2E_QA_Code/E2E-Evaluation/outputs/waymo_5neighbor_context_laneaware_clean_v1_part_00_13/shards/shard_000008,2011,test
69661,14,/Users/liuqing/Projects/01_E2E_QA_Code/E2E-Evaluation/outputs/waymo_5neighbor_context_laneaware_clean_v1_part_13_26/shards/shard_000005,1951,test
31317,6,/Users/liuqing/Projects/01_E2E_QA_Code/E2E-Evaluation/outputs/waymo_5neighbor_context_laneaware_clean_v1_part_00_13/shards/shard_000006,1299,test
34527,6,/Users/liuqing/Projects/01_E2E_QA_Code/E2E-Evaluation/outputs/waymo_5neighbor_context_laneaware_clean_v1_part_00_13/shards/shard_000006,4509,test
66378,13,/Users/liuqing/Projects/01_E2E_QA_Code/E2E-Evaluation/outputs/waymo_5neighbor_context_laneaware_clean_v1_part_13_26/shards/shard_000004,3676,test
110500,23,/Users/liuqing/Projects/01_E2E_QA_Code/E2E-Evaluation/outputs/waymo_5neighbor_context_laneaware_clean_v1_part_26_39/shards/shard_000005,1061,test
47088,9,/Users/liuqing/Projects/01_E2E_QA_Code/E2E-Evaluation/outputs/waymo_5neighbor_context_laneaware_clean_v1_part_13_26/shards/shard_000000,4416,test
123973,25,/Users/liuqing/Projects/01_E2E_QA_Code/E2E-Evaluation/outputs/waymo_5neighbor_context_laneaware_clean_v1_part_26_39/shards/shard_000007,4524,test
81875,16,/Users/liuqing/Projects/01_E2E_QA_Code/E2E-Evaluation/outputs/waymo_5neighbor_context_laneaware_clean_v1_part_13_26/shards/shard_000007,4154,test
162784,34,/Users/liuqing/Projects/01_E2E_QA_Code/E2E-Evaluation/outputs/waymo_5neighbor_context_laneaware_clean_v1_part_39_51/shards/shard_000007,1504,test
109790,23,/Users/liuqing/Projects/01_E2E_QA_Code/E2E-Evaluation/outputs/waymo_5neighbor_context_laneaware_clean_v1_part_26_39/shards/shard_000005,351,test
92444,19,/Users/liuqing/Projects/01_E2E_QA_Code/E2E-Evaluation/outputs/waymo_5neighbor_context_laneaware_clean_v1_part_26_39/shards/shard_000001,3017,test
144148,30,/Users/liuqing/Projects/01_E2E_QA_Code/E2E-Evaluation/outputs/waymo_5neighbor_context_laneaware_clean_v1_part_39_51/shards/shard_000003,2879,test
96276,20,/Users/liuqing/Projects/01_E2E_QA_Code/E2E-Evaluation/outputs/waymo_5neighbor_context_laneaware_clean_v1_part_26_39/shards/shard_000002,1849,test
61093,12,/Users/liuqing/Projects/01_E2E_QA_Code/E2E-Evaluation/outputs/waymo_5neighbor_context_laneaware_clean_v1_part_13_26/shards/shard_000003,3404,test
139660,29,/Users/liuqing/Projects/01_E2E_QA_Code/E2E-Evaluation/outputs/waymo_5neighbor_context_laneaware_clean_v1_part_39_51/shards/shard_000002,3407,test
57739,12,/Users/liuqing/Projects/01_E2E_QA_Code/E2E-Evaluation/outputs/waymo_5neighbor_context_laneaware_clean_v1_part_13_26/shards/shard_000003,50,test
52441,10,/Users/liuqing/Projects/01_E2E_QA_Code/E2E-Evaluation/outputs/waymo_5neighbor_context_laneaware_clean_v1_part_13_26/shards/shard_000001,4756,test
43340,9,/Users/liuqing/Projects/01_E2E_QA_Code/E2E-Evaluation/outputs/waymo_5neighbor_context_laneaware_clean_v1_part_13_26/shards/shard_000000,668,test
126076,26,/Users/liuqing/Projects/01_E2E_QA_Code/E2E-Evaluation/outputs/waymo_5neighbor_context_laneaware_clean_v1_part_26_39/shards/shard_000008,1623,test
29722,5,/Users/liuqing/Projects/01_E2E_QA_Code/E2E-Evaluation/outputs/waymo_5neighbor_context_laneaware_clean_v1_part_00_13/shards/shard_000005,4705,test
120199,25,/Users/liuqing/Projects/01_E2E_QA_Code/E2E-Evaluation/outputs/waymo_5neighbor_context_laneaware_clean_v1_part_26_39/shards/shard_000007,750,test
162967,34,/Users/liuqing/Projects/01_E2E_QA_Code/E2E-Evaluation/outputs/waymo_5neighbor_context_laneaware_clean_v1_part_39_51/shards/shard_000007,1687,test
708,0,/Users/liuqing/Projects/01_E2E_QA_Code/E2E-Evaluation/outputs/waymo_5neighbor_context_laneaware_clean_v1_part_00_13/shards/shard_000000,708,test
33638,6,/Users/liuqing/Projects/01_E2E_QA_Code/E2E-Evaluation/outputs/waymo_5neighbor_context_laneaware_clean_v1_part_00_13/shards/shard_000006,3620,test
83157,17,/Users/liuqing/Projects/01_E2E_QA_Code/E2E-Evaluation/outputs/waymo_5neighbor_context_laneaware_clean_v1_part_13_26/shards/shard_000008,427,test
44530,9,/Users/liuqing/Projects/01_E2E_QA_Code/E2E-Evaluation/outputs/waymo_5neighbor_context_laneaware_clean_v1_part_13_26/shards/shard_000000,1858,test
126558,27,/Users/liuqing/Projects/01_E2E_QA_Code/E2E-Evaluation/outputs/waymo_5neighbor_context_laneaware_clean_v1_part_39_51/shards/shard_000000,308,test
18425,3,/Users/liuqing/Projects/01_E2E_QA_Code/E2E-Evaluation/outputs/waymo_5neighbor_context_laneaware_clean_v1_part_00_13/shards/shard_000003,3419,test
82592,16,/Users/liuqing/Projects/01_E2E_QA_Code/E2E-Evaluation/outputs/waymo_5neighbor_context_laneaware_clean_v1_part_13_26/shards/shard_000007,4871,test
158781,33,/Users/liuqing/Projects/01_E2E_QA_Code/E2E-Evaluation/outputs/waymo_5neighbor_context_laneaware_clean_v1_part_39_51/shards/shard_000006,2509,test
39955,7,/Users/liuqing/Projects/01_E2E_QA_Code/E2E-Evaluation/outputs/waymo_5neighbor_context_laneaware_clean_v1_part_00_13/shards/shard_000007,4936,test
141018,29,/Users/liuqing/Projects/01_E2E_QA_Code/E2E-Evaluation/outputs/waymo_5neighbor_context_laneaware_clean_v1_part_39_51/shards/shard_000002,4765,test
122263,25,/Users/liuqing/Projects/01_E2E_QA_Code/E2E-Evaluation/outputs/waymo_5neighbor_context_laneaware_clean_v1_part_26_39/shards/shard_000007,2814,test
115996,24,/Users/liuqing/Projects/01_E2E_QA_Code/E2E-Evaluation/outputs/waymo_5neighbor_context_laneaware_clean_v1_part_26_39/shards/shard_000006,1548,test
40497,8,/Users/liuqing/Projects/01_E2E_QA_Code/E2E-Evaluation/outputs/waymo_5neighbor_context_laneaware_clean_v1_part_00_13/shards/shard_000008,469,test
119744,25,/Users/liuqing/Projects/01_E2E_QA_Code/E2E-Evaluation/outputs/waymo_5neighbor_context_laneaware_clean_v1_part_26_39/shards/shard_000007,295,test
136075,28,/Users/liuqing/Projects/01_E2E_QA_Code/E2E-Evaluation/outputs/waymo_5neighbor_context_laneaware_clean_v1_part_39_51/shards/shard_000001,4824,test
63151,13,/Users/liuqing/Projects/01_E2E_QA_Code/E2E-Evaluation/outputs/waymo_5neighbor_context_laneaware_clean_v1_part_13_26/shards/shard_000004,449,test
92136,19,/Users/liuqing/Projects/01_E2E_QA_Code/E2E-Evaluation/outputs/waymo_5neighbor_context_laneaware_clean_v1_part_26_39/shards/shard_000001,2709,test
119550,25,/Users/liuqing/Projects/01_E2E_QA_Code/E2E-Evaluation/outputs/waymo_5neighbor_context_laneaware_clean_v1_part_26_39/shards/shard_000007,101,test
56454,11,/Users/liuqing/Projects/01_E2E_QA_Code/E2E-Evaluation/outputs/waymo_5neighbor_context_laneaware_clean_v1_part_13_26/shards/shard_000002,3767,test
6631,1,/Users/liuqing/Projects/01_E2E_QA_Code/E2E-Evaluation/outputs/waymo_5neighbor_context_laneaware_clean_v1_part_00_13/shards/shard_000001,1629,test
68066,14,/Users/liuqing/Projects/01_E2E_QA_Code/E2E-Evaluation/outputs/waymo_5neighbor_context_laneaware_clean_v1_part_13_26/shards/shard_000005,356,test
54151,11,/Users/liuqing/Projects/01_E2E_QA_Code/E2E-Evaluation/outputs/waymo_5neighbor_context_laneaware_clean_v1_part_13_26/shards/shard_000002,1464,test
85165,18,/Users/liuqing/Projects/01_E2E_QA_Code/E2E-Evaluation/outputs/waymo_5neighbor_context_laneaware_clean_v1_part_26_39/shards/shard_000000,742,test
111949,23,/Users/liuqing/Projects/01_E2E_QA_Code/E2E-Evaluation/outputs/waymo_5neighbor_context_laneaware_clean_v1_part_26_39/shards/shard_000005,2510,test
40734,8,/Users/liuqing/Projects/01_E2E_QA_Code/E2E-Evaluation/outputs/waymo_5neighbor_context_laneaware_clean_v1_part_00_13/shards/shard_000008,706,test
96732,20,/Users/liuqing/Projects/01_E2E_QA_Code/E2E-Evaluation/outputs/waymo_5neighbor_context_laneaware_clean_v1_part_26_39/shards/shard_000002,2305,test
15441,3,/Users/liuqing/Projects/01_E2E_QA_Code/E2E-Evaluation/outputs/waymo_5neighbor_context_laneaware_clean_v1_part_00_13/shards/shard_000003,435,test
13918,2,/Users/liuqing/Projects/01_E2E_QA_Code/E2E-Evaluation/outputs/waymo_5neighbor_context_laneaware_clean_v1_part_00_13/shards/shard_000002,3912,test
12596,2,/Users/liuqing/Projects/01_E2E_QA_Code/E2E-Evaluation/outputs/waymo_5neighbor_context_laneaware_clean_v1_part_00_13/shards/shard_000002,2590,test
121925,25,/Users/liuqing/Projects/01_E2E_QA_Code/E2E-Evaluation/outputs/waymo_5neighbor_context_laneaware_clean_v1_part_26_39/shards/shard_000007,2476,test
121826,25,/Users/liuqing/Projects/01_E2E_QA_Code/E2E-Evaluation/outputs/waymo_5neighbor_context_laneaware_clean_v1_part_26_39/shards/shard_000007,2377,test
60278,12,/Users/liuqing/Projects/01_E2E_QA_Code/E2E-Evaluation/outputs/waymo_5neighbor_context_laneaware_clean_v1_part_13_26/shards/shard_000003,2589,test
29394,5,/Users/liuqing/Projects/01_E2E_QA_Code/E2E-Evaluation/outputs/waymo_5neighbor_context_laneaware_clean_v1_part_00_13/shards/shard_000005,4377,test
5810,1,/Users/liuqing/Projects/01_E2E_QA_Code/E2E-Evaluation/outputs/waymo_5neighbor_context_laneaware_clean_v1_part_00_13/shards/shard_000001,808,test
113687,23,/Users/liuqing/Projects/01_E2E_QA_Code/E2E-Evaluation/outputs/waymo_5neighbor_context_laneaware_clean_v1_part_26_39/shards/shard_000005,4248,test
144881,30,/Users/liuqing/Projects/01_E2E_QA_Code/E2E-Evaluation/outputs/waymo_5neighbor_context_laneaware_clean_v1_part_39_51/shards/shard_000003,3612,test
159264,33,/Users/liuqing/Projects/01_E2E_QA_Code/E2E-Evaluation/outputs/waymo_5neighbor_context_laneaware_clean_v1_part_39_51/shards/shard_000006,2992,test
131850,28,/Users/liuqing/Projects/01_E2E_QA_Code/E2E-Evaluation/outputs/waymo_5neighbor_context_laneaware_clean_v1_part_39_51/shards/shard_000001,599,test
76199,15,/Users/liuqing/Projects/01_E2E_QA_Code/E2E-Evaluation/outputs/waymo_5neighbor_context_laneaware_clean_v1_part_13_26/shards/shard_000006,3478,test
147787,31,/Users/liuqing/Projects/01_E2E_QA_Code/E2E-Evaluation/outputs/waymo_5neighbor_context_laneaware_clean_v1_part_39_51/shards/shard_000004,1517,test
10245,2,/Users/liuqing/Projects/01_E2E_QA_Code/E2E-Evaluation/outputs/waymo_5neighbor_context_laneaware_clean_v1_part_00_13/shards/shard_000002,239,test
40324,8,/Users/liuqing/Projects/01_E2E_QA_Code/E2E-Evaluation/outputs/waymo_5neighbor_context_laneaware_clean_v1_part_00_13/shards/shard_000008,296,test
163290,34,/Users/liuqing/Projects/01_E2E_QA_Code/E2E-Evaluation/outputs/waymo_5neighbor_context_laneaware_clean_v1_part_39_51/shards/shard_000007,2010,test
30577,6,/Users/liuqing/Projects/01_E2E_QA_Code/E2E-Evaluation/outputs/waymo_5neighbor_context_laneaware_clean_v1_part_00_13/shards/shard_000006,559,test
114022,23,/Users/liuqing/Projects/01_E2E_QA_Code/E2E-Evaluation/outputs/waymo_5neighbor_context_laneaware_clean_v1_part_26_39/shards/shard_000005,4583,test
44026,9,/Users/liuqing/Projects/01_E2E_QA_Code/E2E-Evaluation/outputs/waymo_5neighbor_context_laneaware_clean_v1_part_13_26/shards/shard_000000,1354,test
121868,25,/Users/liuqing/Projects/01_E2E_QA_Code/E2E-Evaluation/outputs/waymo_5neighbor_context_laneaware_clean_v1_part_26_39/shards/shard_000007,2419,test
88515,18,/Users/liuqing/Projects/01_E2E_QA_Code/E2E-Evaluation/outputs/waymo_5neighbor_context_laneaware_clean_v1_part_26_39/shards/shard_000000,4092,test
148361,31,/Users/liuqing/Projects/01_E2E_QA_Code/E2E-Evaluation/outputs/waymo_5neighbor_context_laneaware_clean_v1_part_39_51/shards/shard_000004,2091,test
34538,6,/Users/liuqing/Projects/01_E2E_QA_Code/E2E-Evaluation/outputs/waymo_5neighbor_context_laneaware_clean_v1_part_00_13/shards/shard_000006,4520,test
20727,4,/Users/liuqing/Projects/01_E2E_QA_Code/E2E-Evaluation/outputs/waymo_5neighbor_context_laneaware_clean_v1_part_00_13/shards/shard_000004,721,test
24556,4,/Users/liuqing/Projects/01_E2E_QA_Code/E2E-Evaluation/outputs/waymo_5neighbor_context_laneaware_clean_v1_part_00_13/shards/shard_000004,4550,test
70411,14,/Users/liuqing/Projects/01_E2E_QA_Code/E2E-Evaluation/outputs/waymo_5neighbor_context_laneaware_clean_v1_part_13_26/shards/shard_000005,2701,test
30003,5,/Users/liuqing/Projects/01_E2E_QA_Code/E2E-Evaluation/outputs/waymo_5neighbor_context_laneaware_clean_v1_part_00_13/shards/shard_000005,4986,test
89053,18,/Users/liuqing/Projects/01_E2E_QA_Code/E2E-Evaluation/outputs/waymo_5neighbor_context_laneaware_clean_v1_part_26_39/shards/shard_000000,4630,test
38759,7,/Users/liuqing/Projects/01_E2E_QA_Code/E2E-Evaluation/outputs/waymo_5neighbor_context_laneaware_clean_v1_part_00_13/shards/shard_000007,3740,test
121028,25,/Users/liuqing/Projects/01_E2E_QA_Code/E2E-Evaluation/outputs/waymo_5neighbor_context_laneaware_clean_v1_part_26_39/shards/shard_000007,1579,test
88516,18,/Users/liuqing/Projects/01_E2E_QA_Code/E2E-Evaluation/outputs/waymo_5neighbor_context_laneaware_clean_v1_part_26_39/shards/shard_000000,4093,test
158779,33,/Users/liuqing/Projects/01_E2E_QA_Code/E2E-Evaluation/outputs/waymo_5neighbor_context_laneaware_clean_v1_part_39_51/shards/shard_000006,2507,test
112308,23,/Users/liuqing/Projects/01_E2E_QA_Code/E2E-Evaluation/outputs/waymo_5neighbor_context_laneaware_clean_v1_part_26_39/shards/shard_000005,2869,test
135514,28,/Users/liuqing/Projects/01_E2E_QA_Code/E2E-Evaluation/outputs/waymo_5neighbor_context_laneaware_clean_v1_part_39_51/shards/shard_000001,4263,test
51362,10,/Users/liuqing/Projects/01_E2E_QA_Code/E2E-Evaluation/outputs/waymo_5neighbor_context_laneaware_clean_v1_part_13_26/shards/shard_000001,3677,test
59445,12,/Users/liuqing/Projects/01_E2E_QA_Code/E2E-Evaluation/outputs/waymo_5neighbor_context_laneaware_clean_v1_part_13_26/shards/shard_000003,1756,test
147049,31,/Users/liuqing/Projects/01_E2E_QA_Code/E2E-Evaluation/outputs/waymo_5neighbor_context_laneaware_clean_v1_part_39_51/shards/shard_000004,779,test
147784,31,/Users/liuqing/Projects/01_E2E_QA_Code/E2E-Evaluation/outputs/waymo_5neighbor_context_laneaware_clean_v1_part_39_51/shards/shard_000004,1514,test
36507,7,/Users/liuqing/Projects/01_E2E_QA_Code/E2E-Evaluation/outputs/waymo_5neighbor_context_laneaware_clean_v1_part_00_13/shards/shard_000007,1488,test
3734,0,/Users/liuqing/Projects/01_E2E_QA_Code/E2E-Evaluation/outputs/waymo_5neighbor_context_laneaware_clean_v1_part_00_13/shards/shard_000000,3734,test
60973,12,/Users/liuqing/Projects/01_E2E_QA_Code/E2E-Evaluation/outputs/waymo_5neighbor_context_laneaware_clean_v1_part_13_26/shards/shard_000003,3284,test
318,0,/Users/liuqing/Projects/01_E2E_QA_Code/E2E-Evaluation/outputs/waymo_5neighbor_context_laneaware_clean_v1_part_00_13/shards/shard_000000,318,test
73205,15,/Users/liuqing/Projects/01_E2E_QA_Code/E2E-Evaluation/outputs/waymo_5neighbor_context_laneaware_clean_v1_part_13_26/shards/shard_000006,484,test
153074,32,/Users/liuqing/Projects/01_E2E_QA_Code/E2E-Evaluation/outputs/waymo_5neighbor_context_laneaware_clean_v1_part_39_51/shards/shard_000005,1803,test
60581,12,/Users/liuqing/Projects/01_E2E_QA_Code/E2E-Evaluation/outputs/waymo_5neighbor_context_laneaware_clean_v1_part_13_26/shards/shard_000003,2892,test
27392,5,/Users/liuqing/Projects/01_E2E_QA_Code/E2E-Evaluation/outputs/waymo_5neighbor_context_laneaware_clean_v1_part_00_13/shards/shard_000005,2375,test
1416,0,/Users/liuqing/Projects/01_E2E_QA_Code/E2E-Evaluation/outputs/waymo_5neighbor_context_laneaware_clean_v1_part_00_13/shards/shard_000000,1416,test
28598,5,/Users/liuqing/Projects/01_E2E_QA_Code/E2E-Evaluation/outputs/waymo_5neighbor_context_laneaware_clean_v1_part_00_13/shards/shard_000005,3581,test
154006,32,/Users/liuqing/Projects/01_E2E_QA_Code/E2E-Evaluation/outputs/waymo_5neighbor_context_laneaware_clean_v1_part_39_51/shards/shard_000005,2735,test
58591,12,/Users/liuqing/Projects/01_E2E_QA_Code/E2E-Evaluation/outputs/waymo_5neighbor_context_laneaware_clean_v1_part_13_26/shards/shard_000003,902,test
101055,21,/Users/liuqing/Projects/01_E2E_QA_Code/E2E-Evaluation/outputs/waymo_5neighbor_context_laneaware_clean_v1_part_26_39/shards/shard_000003,1624,test
148577,31,/Users/liuqing/Projects/01_E2E_QA_Code/E2E-Evaluation/outputs/waymo_5neighbor_context_laneaware_clean_v1_part_39_51/shards/shard_000004,2307,test
33631,6,/Users/liuqing/Projects/01_E2E_QA_Code/E2E-Evaluation/outputs/waymo_5neighbor_context_laneaware_clean_v1_part_00_13/shards/shard_000006,3613,test
74269,15,/Users/liuqing/Projects/01_E2E_QA_Code/E2E-Evaluation/outputs/waymo_5neighbor_context_laneaware_clean_v1_part_13_26/shards/shard_000006,1548,test
58594,12,/Users/liuqing/Projects/01_E2E_QA_Code/E2E-Evaluation/outputs/waymo_5neighbor_context_laneaware_clean_v1_part_13_26/shards/shard_000003,905,test
148704,31,/Users/liuqing/Projects/01_E2E_QA_Code/E2E-Evaluation/outputs/waymo_5neighbor_context_laneaware_clean_v1_part_39_51/shards/shard_000004,2434,test
11077,2,/Users/liuqing/Projects/01_E2E_QA_Code/E2E-Evaluation/outputs/waymo_5neighbor_context_laneaware_clean_v1_part_00_13/shards/shard_000002,1071,test
125680,26,/Users/liuqing/Projects/01_E2E_QA_Code/E2E-Evaluation/outputs/waymo_5neighbor_context_laneaware_clean_v1_part_26_39/shards/shard_000008,1227,test
13608,2,/Users/liuqing/Projects/01_E2E_QA_Code/E2E-Evaluation/outputs/waymo_5neighbor_context_laneaware_clean_v1_part_00_13/shards/shard_000002,3602,test
101984,21,/Users/liuqing/Projects/01_E2E_QA_Code/E2E-Evaluation/outputs/waymo_5neighbor_context_laneaware_clean_v1_part_26_39/shards/shard_000003,2553,test
7689,1,/Users/liuqing/Projects/01_E2E_QA_Code/E2E-Evaluation/outputs/waymo_5neighbor_context_laneaware_clean_v1_part_00_13/shards/shard_000001,2687,test
55144,11,/Users/liuqing/Projects/01_E2E_QA_Code/E2E-Evaluation/outputs/waymo_5neighbor_context_laneaware_clean_v1_part_13_26/shards/shard_000002,2457,test
159263,33,/Users/liuqing/Projects/01_E2E_QA_Code/E2E-Evaluation/outputs/waymo_5neighbor_context_laneaware_clean_v1_part_39_51/shards/shard_000006,2991,test
112294,23,/Users/liuqing/Projects/01_E2E_QA_Code/E2E-Evaluation/outputs/waymo_5neighbor_context_laneaware_clean_v1_part_26_39/shards/shard_000005,2855,test
68688,14,/Users/liuqing/Projects/01_E2E_QA_Code/E2E-Evaluation/outputs/waymo_5neighbor_context_laneaware_clean_v1_part_13_26/shards/shard_000005,978,test
50567,10,/Users/liuqing/Projects/01_E2E_QA_Code/E2E-Evaluation/outputs/waymo_5neighbor_context_laneaware_clean_v1_part_13_26/shards/shard_000001,2882,test
138530,29,/Users/liuqing/Projects/01_E2E_QA_Code/E2E-Evaluation/outputs/waymo_5neighbor_context_laneaware_clean_v1_part_39_51/shards/shard_000002,2277,test
62189,12,/Users/liuqing/Projects/01_E2E_QA_Code/E2E-Evaluation/outputs/waymo_5neighbor_context_laneaware_clean_v1_part_13_26/shards/shard_000003,4500,test
159271,33,/Users/liuqing/Projects/01_E2E_QA_Code/E2E-Evaluation/outputs/waymo_5neighbor_context_laneaware_clean_v1_part_39_51/shards/shard_000006,2999,test
48626,10,/Users/liuqing/Projects/01_E2E_QA_Code/E2E-Evaluation/outputs/waymo_5neighbor_context_laneaware_clean_v1_part_13_26/shards/shard_000001,941,test
89917,19,/Users/liuqing/Projects/01_E2E_QA_Code/E2E-Evaluation/outputs/waymo_5neighbor_context_laneaware_clean_v1_part_26_39/shards/shard_000001,490,test
60284,12,/Users/liuqing/Projects/01_E2E_QA_Code/E2E-Evaluation/outputs/waymo_5neighbor_context_laneaware_clean_v1_part_13_26/shards/shard_000003,2595,test
78549,16,/Users/liuqing/Projects/01_E2E_QA_Code/E2E-Evaluation/outputs/waymo_5neighbor_context_laneaware_clean_v1_part_13_26/shards/shard_000007,828,test
83695,17,/Users/liuqing/Projects/01_E2E_QA_Code/E2E-Evaluation/outputs/waymo_5neighbor_context_laneaware_clean_v1_part_13_26/shards/shard_000008,965,test
102607,21,/Users/liuqing/Projects/01_E2E_QA_Code/E2E-Evaluation/outputs/waymo_5neighbor_context_laneaware_clean_v1_part_26_39/shards/shard_000003,3176,test
104498,22,/Users/liuqing/Projects/01_E2E_QA_Code/E2E-Evaluation/outputs/waymo_5neighbor_context_laneaware_clean_v1_part_26_39/shards/shard_000004,66,test
56461,11,/Users/liuqing/Projects/01_E2E_QA_Code/E2E-Evaluation/outputs/waymo_5neighbor_context_laneaware_clean_v1_part_13_26/shards/shard_000002,3774,test
12820,2,/Users/liuqing/Projects/01_E2E_QA_Code/E2E-Evaluation/outputs/waymo_5neighbor_context_laneaware_clean_v1_part_00_13/shards/shard_000002,2814,test
82417,16,/Users/liuqing/Projects/01_E2E_QA_Code/E2E-Evaluation/outputs/waymo_5neighbor_context_laneaware_clean_v1_part_13_26/shards/shard_000007,4696,test
40637,8,/Users/liuqing/Projects/01_E2E_QA_Code/E2E-Evaluation/outputs/waymo_5neighbor_context_laneaware_clean_v1_part_00_13/shards/shard_000008,609,test
147086,31,/Users/liuqing/Projects/01_E2E_QA_Code/E2E-Evaluation/outputs/waymo_5neighbor_context_laneaware_clean_v1_part_39_51/shards/shard_000004,816,test
319,0,/Users/liuqing/Projects/01_E2E_QA_Code/E2E-Evaluation/outputs/waymo_5neighbor_context_laneaware_clean_v1_part_00_13/shards/shard_000000,319,test
50238,10,/Users/liuqing/Projects/01_E2E_QA_Code/E2E-Evaluation/outputs/waymo_5neighbor_context_laneaware_clean_v1_part_13_26/shards/shard_000001,2553,test
137715,29,/Users/liuqing/Projects/01_E2E_QA_Code/E2E-Evaluation/outputs/waymo_5neighbor_context_laneaware_clean_v1_part_39_51/shards/shard_000002,1462,test
133038,28,/Users/liuqing/Projects/01_E2E_QA_Code/E2E-Evaluation/outputs/waymo_5neighbor_context_laneaware_clean_v1_part_39_51/shards/shard_000001,1787,test
146885,31,/Users/liuqing/Projects/01_E2E_QA_Code/E2E-Evaluation/outputs/waymo_5neighbor_context_laneaware_clean_v1_part_39_51/shards/shard_000004,615,test
37653,7,/Users/liuqing/Projects/01_E2E_QA_Code/E2E-Evaluation/outputs/waymo_5neighbor_context_laneaware_clean_v1_part_00_13/shards/shard_000007,2634,test
83309,17,/Users/liuqing/Projects/01_E2E_QA_Code/E2E-Evaluation/outputs/waymo_5neighbor_context_laneaware_clean_v1_part_13_26/shards/shard_000008,579,test
12209,2,/Users/liuqing/Projects/01_E2E_QA_Code/E2E-Evaluation/outputs/waymo_5neighbor_context_laneaware_clean_v1_part_00_13/shards/shard_000002,2203,test
69039,14,/Users/liuqing/Projects/01_E2E_QA_Code/E2E-Evaluation/outputs/waymo_5neighbor_context_laneaware_clean_v1_part_13_26/shards/shard_000005,1329,test
81866,16,/Users/liuqing/Projects/01_E2E_QA_Code/E2E-Evaluation/outputs/waymo_5neighbor_context_laneaware_clean_v1_part_13_26/shards/shard_000007,4145,test
61712,12,/Users/liuqing/Projects/01_E2E_QA_Code/E2E-Evaluation/outputs/waymo_5neighbor_context_laneaware_clean_v1_part_13_26/shards/shard_000003,4023,test
125874,26,/Users/liuqing/Projects/01_E2E_QA_Code/E2E-Evaluation/outputs/waymo_5neighbor_context_laneaware_clean_v1_part_26_39/shards/shard_000008,1421,test
119253,24,/Users/liuqing/Projects/01_E2E_QA_Code/E2E-Evaluation/outputs/waymo_5neighbor_context_laneaware_clean_v1_part_26_39/shards/shard_000006,4805,test
68639,14,/Users/liuqing/Projects/01_E2E_QA_Code/E2E-Evaluation/outputs/waymo_5neighbor_context_laneaware_clean_v1_part_13_26/shards/shard_000005,929,test
37403,7,/Users/liuqing/Projects/01_E2E_QA_Code/E2E-Evaluation/outputs/waymo_5neighbor_context_laneaware_clean_v1_part_00_13/shards/shard_000007,2384,test
39434,7,/Users/liuqing/Projects/01_E2E_QA_Code/E2E-Evaluation/outputs/waymo_5neighbor_context_laneaware_clean_v1_part_00_13/shards/shard_000007,4415,test
42885,9,/Users/liuqing/Projects/01_E2E_QA_Code/E2E-Evaluation/outputs/waymo_5neighbor_context_laneaware_clean_v1_part_13_26/shards/shard_000000,213,test
70636,14,/Users/liuqing/Projects/01_E2E_QA_Code/E2E-Evaluation/outputs/waymo_5neighbor_context_laneaware_clean_v1_part_13_26/shards/shard_000005,2926,test
68065,14,/Users/liuqing/Projects/01_E2E_QA_Code/E2E-Evaluation/outputs/waymo_5neighbor_context_laneaware_clean_v1_part_13_26/shards/shard_000005,355,test
147093,31,/Users/liuqing/Projects/01_E2E_QA_Code/E2E-Evaluation/outputs/waymo_5neighbor_context_laneaware_clean_v1_part_39_51/shards/shard_000004,823,test
19990,3,/Users/liuqing/Projects/01_E2E_QA_Code/E2E-Evaluation/outputs/waymo_5neighbor_context_laneaware_clean_v1_part_00_13/shards/shard_000003,4984,test
60840,12,/Users/liuqing/Projects/01_E2E_QA_Code/E2E-Evaluation/outputs/waymo_5neighbor_context_laneaware_clean_v1_part_13_26/shards/shard_000003,3151,test
34539,6,/Users/liuqing/Projects/01_E2E_QA_Code/E2E-Evaluation/outputs/waymo_5neighbor_context_laneaware_clean_v1_part_00_13/shards/shard_000006,4521,test
144333,30,/Users/liuqing/Projects/01_E2E_QA_Code/E2E-Evaluation/outputs/waymo_5neighbor_context_laneaware_clean_v1_part_39_51/shards/shard_000003,3064,test
12627,2,/Users/liuqing/Projects/01_E2E_QA_Code/E2E-Evaluation/outputs/waymo_5neighbor_context_laneaware_clean_v1_part_00_13/shards/shard_000002,2621,test
38805,7,/Users/liuqing/Projects/01_E2E_QA_Code/E2E-Evaluation/outputs/waymo_5neighbor_context_laneaware_clean_v1_part_00_13/shards/shard_000007,3786,test
132877,28,/Users/liuqing/Projects/01_E2E_QA_Code/E2E-Evaluation/outputs/waymo_5neighbor_context_laneaware_clean_v1_part_39_51/shards/shard_000001,1626,test
129434,27,/Users/liuqing/Projects/01_E2E_QA_Code/E2E-Evaluation/outputs/waymo_5neighbor_context_laneaware_clean_v1_part_39_51/shards/shard_000000,3184,test
5811,1,/Users/liuqing/Projects/01_E2E_QA_Code/E2E-Evaluation/outputs/waymo_5neighbor_context_laneaware_clean_v1_part_00_13/shards/shard_000001,809,test
72311,14,/Users/liuqing/Projects/01_E2E_QA_Code/E2E-Evaluation/outputs/waymo_5neighbor_context_laneaware_clean_v1_part_13_26/shards/shard_000005,4601,test
68086,14,/Users/liuqing/Projects/01_E2E_QA_Code/E2E-Evaluation/outputs/waymo_5neighbor_context_laneaware_clean_v1_part_13_26/shards/shard_000005,376,test
54033,11,/Users/liuqing/Projects/01_E2E_QA_Code/E2E-Evaluation/outputs/waymo_5neighbor_context_laneaware_clean_v1_part_13_26/shards/shard_000002,1346,test
78365,16,/Users/liuqing/Projects/01_E2E_QA_Code/E2E-Evaluation/outputs/waymo_5neighbor_context_laneaware_clean_v1_part_13_26/shards/shard_000007,644,test
74788,15,/Users/liuqing/Projects/01_E2E_QA_Code/E2E-Evaluation/outputs/waymo_5neighbor_context_laneaware_clean_v1_part_13_26/shards/shard_000006,2067,test
144885,30,/Users/liuqing/Projects/01_E2E_QA_Code/E2E-Evaluation/outputs/waymo_5neighbor_context_laneaware_clean_v1_part_39_51/shards/shard_000003,3616,test
78369,16,/Users/liuqing/Projects/01_E2E_QA_Code/E2E-Evaluation/outputs/waymo_5neighbor_context_laneaware_clean_v1_part_13_26/shards/shard_000007,648,test
121819,25,/Users/liuqing/Projects/01_E2E_QA_Code/E2E-Evaluation/outputs/waymo_5neighbor_context_laneaware_clean_v1_part_26_39/shards/shard_000007,2370,test
118597,24,/Users/liuqing/Projects/01_E2E_QA_Code/E2E-Evaluation/outputs/waymo_5neighbor_context_laneaware_clean_v1_part_26_39/shards/shard_000006,4149,test
157709,33,/Users/liuqing/Projects/01_E2E_QA_Code/E2E-Evaluation/outputs/waymo_5neighbor_context_laneaware_clean_v1_part_39_51/shards/shard_000006,1437,test
57741,12,/Users/liuqing/Projects/01_E2E_QA_Code/E2E-Evaluation/outputs/waymo_5neighbor_context_laneaware_clean_v1_part_13_26/shards/shard_000003,52,test
75622,15,/Users/liuqing/Projects/01_E2E_QA_Code/E2E-Evaluation/outputs/waymo_5neighbor_context_laneaware_clean_v1_part_13_26/shards/shard_000006,2901,test
136436,29,/Users/liuqing/Projects/01_E2E_QA_Code/E2E-Evaluation/outputs/waymo_5neighbor_context_laneaware_clean_v1_part_39_51/shards/shard_000002,183,test
148356,31,/Users/liuqing/Projects/01_E2E_QA_Code/E2E-Evaluation/outputs/waymo_5neighbor_context_laneaware_clean_v1_part_39_51/shards/shard_000004,2086,test
57705,12,/Users/liuqing/Projects/01_E2E_QA_Code/E2E-Evaluation/outputs/waymo_5neighbor_context_laneaware_clean_v1_part_13_26/shards/shard_000003,16,test
134694,28,/Users/liuqing/Projects/01_E2E_QA_Code/E2E-Evaluation/outputs/waymo_5neighbor_context_laneaware_clean_v1_part_39_51/shards/shard_000001,3443,test
58592,12,/Users/liuqing/Projects/01_E2E_QA_Code/E2E-Evaluation/outputs/waymo_5neighbor_context_laneaware_clean_v1_part_13_26/shards/shard_000003,903,test
84113,17,/Users/liuqing/Projects/01_E2E_QA_Code/E2E-Evaluation/outputs/waymo_5neighbor_context_laneaware_clean_v1_part_13_26/shards/shard_000008,1383,test
15440,3,/Users/liuqing/Projects/01_E2E_QA_Code/E2E-Evaluation/outputs/waymo_5neighbor_context_laneaware_clean_v1_part_00_13/shards/shard_000003,434,test
119549,25,/Users/liuqing/Projects/01_E2E_QA_Code/E2E-Evaluation/outputs/waymo_5neighbor_context_laneaware_clean_v1_part_26_39/shards/shard_000007,100,test
11177,2,/Users/liuqing/Projects/01_E2E_QA_Code/E2E-Evaluation/outputs/waymo_5neighbor_context_laneaware_clean_v1_part_00_13/shards/shard_000002,1171,test
113197,23,/Users/liuqing/Projects/01_E2E_QA_Code/E2E-Evaluation/outputs/waymo_5neighbor_context_laneaware_clean_v1_part_26_39/shards/shard_000005,3758,test
40709,8,/Users/liuqing/Projects/01_E2E_QA_Code/E2E-Evaluation/outputs/waymo_5neighbor_context_laneaware_clean_v1_part_00_13/shards/shard_000008,681,test
83174,17,/Users/liuqing/Projects/01_E2E_QA_Code/E2E-Evaluation/outputs/waymo_5neighbor_context_laneaware_clean_v1_part_13_26/shards/shard_000008,444,test
40305,8,/Users/liuqing/Projects/01_E2E_QA_Code/E2E-Evaluation/outputs/waymo_5neighbor_context_laneaware_clean_v1_part_00_13/shards/shard_000008,277,test
114973,24,/Users/liuqing/Projects/01_E2E_QA_Code/E2E-Evaluation/outputs/waymo_5neighbor_context_laneaware_clean_v1_part_26_39/shards/shard_000006,525,test
69938,14,/Users/liuqing/Projects/01_E2E_QA_Code/E2E-Evaluation/outputs/waymo_5neighbor_context_laneaware_clean_v1_part_13_26/shards/shard_000005,2228,test
60843,12,/Users/liuqing/Projects/01_E2E_QA_Code/E2E-Evaluation/outputs/waymo_5neighbor_context_laneaware_clean_v1_part_13_26/shards/shard_000003,3154,test
21251,4,/Users/liuqing/Projects/01_E2E_QA_Code/E2E-Evaluation/outputs/waymo_5neighbor_context_laneaware_clean_v1_part_00_13/shards/shard_000004,1245,test
60579,12,/Users/liuqing/Projects/01_E2E_QA_Code/E2E-Evaluation/outputs/waymo_5neighbor_context_laneaware_clean_v1_part_13_26/shards/shard_000003,2890,test
111684,23,/Users/liuqing/Projects/01_E2E_QA_Code/E2E-Evaluation/outputs/waymo_5neighbor_context_laneaware_clean_v1_part_26_39/shards/shard_000005,2245,test
140880,29,/Users/liuqing/Projects/01_E2E_QA_Code/E2E-Evaluation/outputs/waymo_5neighbor_context_laneaware_clean_v1_part_39_51/shards/shard_000002,4627,test
132772,28,/Users/liuqing/Projects/01_E2E_QA_Code/E2E-Evaluation/outputs/waymo_5neighbor_context_laneaware_clean_v1_part_39_51/shards/shard_000001,1521,test
126449,27,/Users/liuqing/Projects/01_E2E_QA_Code/E2E-Evaluation/outputs/waymo_5neighbor_context_laneaware_clean_v1_part_39_51/shards/shard_000000,199,test
109108,22,/Users/liuqing/Projects/01_E2E_QA_Code/E2E-Evaluation/outputs/waymo_5neighbor_context_laneaware_clean_v1_part_26_39/shards/shard_000004,4676,test
42495,8,/Users/liuqing/Projects/01_E2E_QA_Code/E2E-Evaluation/outputs/waymo_5neighbor_context_laneaware_clean_v1_part_00_13/shards/shard_000008,2467,test
160831,33,/Users/liuqing/Projects/01_E2E_QA_Code/E2E-Evaluation/outputs/waymo_5neighbor_context_laneaware_clean_v1_part_39_51/shards/shard_000006,4559,test
88671,18,/Users/liuqing/Projects/01_E2E_QA_Code/E2E-Evaluation/outputs/waymo_5neighbor_context_laneaware_clean_v1_part_26_39/shards/shard_000000,4248,test
154691,32,/Users/liuqing/Projects/01_E2E_QA_Code/E2E-Evaluation/outputs/waymo_5neighbor_context_laneaware_clean_v1_part_39_51/shards/shard_000005,3420,test
96537,20,/Users/liuqing/Projects/01_E2E_QA_Code/E2E-Evaluation/outputs/waymo_5neighbor_context_laneaware_clean_v1_part_26_39/shards/shard_000002,2110,test
97831,20,/Users/liuqing/Projects/01_E2E_QA_Code/E2E-Evaluation/outputs/waymo_5neighbor_context_laneaware_clean_v1_part_26_39/shards/shard_000002,3404,test
85427,18,/Users/liuqing/Projects/01_E2E_QA_Code/E2E-Evaluation/outputs/waymo_5neighbor_context_laneaware_clean_v1_part_26_39/shards/shard_000000,1004,test
11137,2,/Users/liuqing/Projects/01_E2E_QA_Code/E2E-Evaluation/outputs/waymo_5neighbor_context_laneaware_clean_v1_part_00_13/shards/shard_000002,1131,test
21352,4,/Users/liuqing/Projects/01_E2E_QA_Code/E2E-Evaluation/outputs/waymo_5neighbor_context_laneaware_clean_v1_part_00_13/shards/shard_000004,1346,test
150929,31,/Users/liuqing/Projects/01_E2E_QA_Code/E2E-Evaluation/outputs/waymo_5neighbor_context_laneaware_clean_v1_part_39_51/shards/shard_000004,4659,test
109273,22,/Users/liuqing/Projects/01_E2E_QA_Code/E2E-Evaluation/outputs/waymo_5neighbor_context_laneaware_clean_v1_part_26_39/shards/shard_000004,4841,test
9909,1,/Users/liuqing/Projects/01_E2E_QA_Code/E2E-Evaluation/outputs/waymo_5neighbor_context_laneaware_clean_v1_part_00_13/shards/shard_000001,4907,test
106947,22,/Users/liuqing/Projects/01_E2E_QA_Code/E2E-Evaluation/outputs/waymo_5neighbor_context_laneaware_clean_v1_part_26_39/shards/shard_000004,2515,test
12558,2,/Users/liuqing/Projects/01_E2E_QA_Code/E2E-Evaluation/outputs/waymo_5neighbor_context_laneaware_clean_v1_part_00_13/shards/shard_000002,2552,test
20587,4,/Users/liuqing/Projects/01_E2E_QA_Code/E2E-Evaluation/outputs/waymo_5neighbor_context_laneaware_clean_v1_part_00_13/shards/shard_000004,581,test
137271,29,/Users/liuqing/Projects/01_E2E_QA_Code/E2E-Evaluation/outputs/waymo_5neighbor_context_laneaware_clean_v1_part_39_51/shards/shard_000002,1018,test
85425,18,/Users/liuqing/Projects/01_E2E_QA_Code/E2E-Evaluation/outputs/waymo_5neighbor_context_laneaware_clean_v1_part_26_39/shards/shard_000000,1002,test
158397,33,/Users/liuqing/Projects/01_E2E_QA_Code/E2E-Evaluation/outputs/waymo_5neighbor_context_laneaware_clean_v1_part_39_51/shards/shard_000006,2125,test
148363,31,/Users/liuqing/Projects/01_E2E_QA_Code/E2E-Evaluation/outputs/waymo_5neighbor_context_laneaware_clean_v1_part_39_51/shards/shard_000004,2093,test
10018,2,/Users/liuqing/Projects/01_E2E_QA_Code/E2E-Evaluation/outputs/waymo_5neighbor_context_laneaware_clean_v1_part_00_13/shards/shard_000002,12,test
99429,20,/Users/liuqing/Projects/01_E2E_QA_Code/E2E-Evaluation/outputs/waymo_5neighbor_context_laneaware_clean_v1_part_26_39/shards/shard_000002,5002,test
122885,25,/Users/liuqing/Projects/01_E2E_QA_Code/E2E-Evaluation/outputs/waymo_5neighbor_context_laneaware_clean_v1_part_26_39/shards/shard_000007,3436,test
74063,15,/Users/liuqing/Projects/01_E2E_QA_Code/E2E-Evaluation/outputs/waymo_5neighbor_context_laneaware_clean_v1_part_13_26/shards/shard_000006,1342,test
83160,17,/Users/liuqing/Projects/01_E2E_QA_Code/E2E-Evaluation/outputs/waymo_5neighbor_context_laneaware_clean_v1_part_13_26/shards/shard_000008,430,test
33091,6,/Users/liuqing/Projects/01_E2E_QA_Code/E2E-Evaluation/outputs/waymo_5neighbor_context_laneaware_clean_v1_part_00_13/shards/shard_000006,3073,test
57706,12,/Users/liuqing/Projects/01_E2E_QA_Code/E2E-Evaluation/outputs/waymo_5neighbor_context_laneaware_clean_v1_part_13_26/shards/shard_000003,17,test
70626,14,/Users/liuqing/Projects/01_E2E_QA_Code/E2E-Evaluation/outputs/waymo_5neighbor_context_laneaware_clean_v1_part_13_26/shards/shard_000005,2916,test
97830,20,/Users/liuqing/Projects/01_E2E_QA_Code/E2E-Evaluation/outputs/waymo_5neighbor_context_laneaware_clean_v1_part_26_39/shards/shard_000002,3403,test
38308,7,/Users/liuqing/Projects/01_E2E_QA_Code/E2E-Evaluation/outputs/waymo_5neighbor_context_laneaware_clean_v1_part_00_13/shards/shard_000007,3289,test
57864,12,/Users/liuqing/Projects/01_E2E_QA_Code/E2E-Evaluation/outputs/waymo_5neighbor_context_laneaware_clean_v1_part_13_26/shards/shard_000003,175,test
19997,3,/Users/liuqing/Projects/01_E2E_QA_Code/E2E-Evaluation/outputs/waymo_5neighbor_context_laneaware_clean_v1_part_00_13/shards/shard_000003,4991,test
71805,14,/Users/liuqing/Projects/01_E2E_QA_Code/E2E-Evaluation/outputs/waymo_5neighbor_context_laneaware_clean_v1_part_13_26/shards/shard_000005,4095,test
1415,0,/Users/liuqing/Projects/01_E2E_QA_Code/E2E-Evaluation/outputs/waymo_5neighbor_context_laneaware_clean_v1_part_00_13/shards/shard_000000,1415,test
98678,20,/Users/liuqing/Projects/01_E2E_QA_Code/E2E-Evaluation/outputs/waymo_5neighbor_context_laneaware_clean_v1_part_26_39/shards/shard_000002,4251,test
81034,16,/Users/liuqing/Projects/01_E2E_QA_Code/E2E-Evaluation/outputs/waymo_5neighbor_context_laneaware_clean_v1_part_13_26/shards/shard_000007,3313,test
7691,1,/Users/liuqing/Projects/01_E2E_QA_Code/E2E-Evaluation/outputs/waymo_5neighbor_context_laneaware_clean_v1_part_00_13/shards/shard_000001,2689,test
7697,1,/Users/liuqing/Projects/01_E2E_QA_Code/E2E-Evaluation/outputs/waymo_5neighbor_context_laneaware_clean_v1_part_00_13/shards/shard_000001,2695,test
144141,30,/Users/liuqing/Projects/01_E2E_QA_Code/E2E-Evaluation/outputs/waymo_5neighbor_context_laneaware_clean_v1_part_39_51/shards/shard_000003,2872,test
158864,33,/Users/liuqing/Projects/01_E2E_QA_Code/E2E-Evaluation/outputs/waymo_5neighbor_context_laneaware_clean_v1_part_39_51/shards/shard_000006,2592,test
117394,24,/Users/liuqing/Projects/01_E2E_QA_Code/E2E-Evaluation/outputs/waymo_5neighbor_context_laneaware_clean_v1_part_26_39/shards/shard_000006,2946,test
57709,12,/Users/liuqing/Projects/01_E2E_QA_Code/E2E-Evaluation/outputs/waymo_5neighbor_context_laneaware_clean_v1_part_13_26/shards/shard_000003,20,test
22324,4,/Users/liuqing/Projects/01_E2E_QA_Code/E2E-Evaluation/outputs/waymo_5neighbor_context_laneaware_clean_v1_part_00_13/shards/shard_000004,2318,test
73943,15,/Users/liuqing/Projects/01_E2E_QA_Code/E2E-Evaluation/outputs/waymo_5neighbor_context_laneaware_clean_v1_part_13_26/shards/shard_000006,1222,test
75728,15,/Users/liuqing/Projects/01_E2E_QA_Code/E2E-Evaluation/outputs/waymo_5neighbor_context_laneaware_clean_v1_part_13_26/shards/shard_000006,3007,test
199,0,/Users/liuqing/Projects/01_E2E_QA_Code/E2E-Evaluation/outputs/waymo_5neighbor_context_laneaware_clean_v1_part_00_13/shards/shard_000000,199,test
61938,12,/Users/liuqing/Projects/01_E2E_QA_Code/E2E-Evaluation/outputs/waymo_5neighbor_context_laneaware_clean_v1_part_13_26/shards/shard_000003,4249,test
83190,17,/Users/liuqing/Projects/01_E2E_QA_Code/E2E-Evaluation/outputs/waymo_5neighbor_context_laneaware_clean_v1_part_13_26/shards/shard_000008,460,test
13938,2,/Users/liuqing/Projects/01_E2E_QA_Code/E2E-Evaluation/outputs/waymo_5neighbor_context_laneaware_clean_v1_part_00_13/shards/shard_000002,3932,test
81358,16,/Users/liuqing/Projects/01_E2E_QA_Code/E2E-Evaluation/outputs/waymo_5neighbor_context_laneaware_clean_v1_part_13_26/shards/shard_000007,3637,test
103843,21,/Users/liuqing/Projects/01_E2E_QA_Code/E2E-Evaluation/outputs/waymo_5neighbor_context_laneaware_clean_v1_part_26_39/shards/shard_000003,4412,test
126334,27,/Users/liuqing/Projects/01_E2E_QA_Code/E2E-Evaluation/outputs/waymo_5neighbor_context_laneaware_clean_v1_part_39_51/shards/shard_000000,84,test
27270,5,/Users/liuqing/Projects/01_E2E_QA_Code/E2E-Evaluation/outputs/waymo_5neighbor_context_laneaware_clean_v1_part_00_13/shards/shard_000005,2253,test
146431,31,/Users/liuqing/Projects/01_E2E_QA_Code/E2E-Evaluation/outputs/waymo_5neighbor_context_laneaware_clean_v1_part_39_51/shards/shard_000004,161,test
20040,4,/Users/liuqing/Projects/01_E2E_QA_Code/E2E-Evaluation/outputs/waymo_5neighbor_context_laneaware_clean_v1_part_00_13/shards/shard_000004,34,test
11746,2,/Users/liuqing/Projects/01_E2E_QA_Code/E2E-Evaluation/outputs/waymo_5neighbor_context_laneaware_clean_v1_part_00_13/shards/shard_000002,1740,test
39654,7,/Users/liuqing/Projects/01_E2E_QA_Code/E2E-Evaluation/outputs/waymo_5neighbor_context_laneaware_clean_v1_part_00_13/shards/shard_000007,4635,test
55523,11,/Users/liuqing/Projects/01_E2E_QA_Code/E2E-Evaluation/outputs/waymo_5neighbor_context_laneaware_clean_v1_part_13_26/shards/shard_000002,2836,test
13143,2,/Users/liuqing/Projects/01_E2E_QA_Code/E2E-Evaluation/outputs/waymo_5neighbor_context_laneaware_clean_v1_part_00_13/shards/shard_000002,3137,test
124453,26,/Users/liuqing/Projects/01_E2E_QA_Code/E2E-Evaluation/outputs/waymo_5neighbor_context_laneaware_clean_v1_part_26_39/shards/shard_000008,0,test
11750,2,/Users/liuqing/Projects/01_E2E_QA_Code/E2E-Evaluation/outputs/waymo_5neighbor_context_laneaware_clean_v1_part_00_13/shards/shard_000002,1744,test
149106,31,/Users/liuqing/Projects/01_E2E_QA_Code/E2E-Evaluation/outputs/waymo_5neighbor_context_laneaware_clean_v1_part_39_51/shards/shard_000004,2836,test
60846,12,/Users/liuqing/Projects/01_E2E_QA_Code/E2E-Evaluation/outputs/waymo_5neighbor_context_laneaware_clean_v1_part_13_26/shards/shard_000003,3157,test
53594,11,/Users/liuqing/Projects/01_E2E_QA_Code/E2E-Evaluation/outputs/waymo_5neighbor_context_laneaware_clean_v1_part_13_26/shards/shard_000002,907,test
86517,18,/Users/liuqing/Projects/01_E2E_QA_Code/E2E-Evaluation/outputs/waymo_5neighbor_context_laneaware_clean_v1_part_26_39/shards/shard_000000,2094,test
31309,6,/Users/liuqing/Projects/01_E2E_QA_Code/E2E-Evaluation/outputs/waymo_5neighbor_context_laneaware_clean_v1_part_00_13/shards/shard_000006,1291,test
151977,32,/Users/liuqing/Projects/01_E2E_QA_Code/E2E-Evaluation/outputs/waymo_5neighbor_context_laneaware_clean_v1_part_39_51/shards/shard_000005,706,test
146239,30,/Users/liuqing/Projects/01_E2E_QA_Code/E2E-Evaluation/outputs/waymo_5neighbor_context_laneaware_clean_v1_part_39_51/shards/shard_000003,4970,test
81059,16,/Users/liuqing/Projects/01_E2E_QA_Code/E2E-Evaluation/outputs/waymo_5neighbor_context_laneaware_clean_v1_part_13_26/shards/shard_000007,3338,test
105306,22,/Users/liuqing/Projects/01_E2E_QA_Code/E2E-Evaluation/outputs/waymo_5neighbor_context_laneaware_clean_v1_part_26_39/shards/shard_000004,874,test
86201,18,/Users/liuqing/Projects/01_E2E_QA_Code/E2E-Evaluation/outputs/waymo_5neighbor_context_laneaware_clean_v1_part_26_39/shards/shard_000000,1778,test
61827,12,/Users/liuqing/Projects/01_E2E_QA_Code/E2E-Evaluation/outputs/waymo_5neighbor_context_laneaware_clean_v1_part_13_26/shards/shard_000003,4138,test
63952,13,/Users/liuqing/Projects/01_E2E_QA_Code/E2E-Evaluation/outputs/waymo_5neighbor_context_laneaware_clean_v1_part_13_26/shards/shard_000004,1250,test
70097,14,/Users/liuqing/Projects/01_E2E_QA_Code/E2E-Evaluation/outputs/waymo_5neighbor_context_laneaware_clean_v1_part_13_26/shards/shard_000005,2387,test
150687,31,/Users/liuqing/Projects/01_E2E_QA_Code/E2E-Evaluation/outputs/waymo_5neighbor_context_laneaware_clean_v1_part_39_51/shards/shard_000004,4417,test
2368,0,/Users/liuqing/Projects/01_E2E_QA_Code/E2E-Evaluation/outputs/waymo_5neighbor_context_laneaware_clean_v1_part_00_13/shards/shard_000000,2368,test
73194,15,/Users/liuqing/Projects/01_E2E_QA_Code/E2E-Evaluation/outputs/waymo_5neighbor_context_laneaware_clean_v1_part_13_26/shards/shard_000006,473,test
163406,34,/Users/liuqing/Projects/01_E2E_QA_Code/E2E-Evaluation/outputs/waymo_5neighbor_context_laneaware_clean_v1_part_39_51/shards/shard_000007,2126,test
121813,25,/Users/liuqing/Projects/01_E2E_QA_Code/E2E-Evaluation/outputs/waymo_5neighbor_context_laneaware_clean_v1_part_26_39/shards/shard_000007,2364,test
31313,6,/Users/liuqing/Projects/01_E2E_QA_Code/E2E-Evaluation/outputs/waymo_5neighbor_context_laneaware_clean_v1_part_00_13/shards/shard_000006,1295,test
143498,30,/Users/liuqing/Projects/01_E2E_QA_Code/E2E-Evaluation/outputs/waymo_5neighbor_context_laneaware_clean_v1_part_39_51/shards/shard_000003,2229,test
164697,34,/Users/liuqing/Projects/01_E2E_QA_Code/E2E-Evaluation/outputs/waymo_5neighbor_context_laneaware_clean_v1_part_39_51/shards/shard_000007,3417,test
141020,29,/Users/liuqing/Projects/01_E2E_QA_Code/E2E-Evaluation/outputs/waymo_5neighbor_context_laneaware_clean_v1_part_39_51/shards/shard_000002,4767,test
123971,25,/Users/liuqing/Projects/01_E2E_QA_Code/E2E-Evaluation/outputs/waymo_5neighbor_context_laneaware_clean_v1_part_26_39/shards/shard_000007,4522,test
157695,33,/Users/liuqing/Projects/01_E2E_QA_Code/E2E-Evaluation/outputs/waymo_5neighbor_context_laneaware_clean_v1_part_39_51/shards/shard_000006,1423,test
36520,7,/Users/liuqing/Projects/01_E2E_QA_Code/E2E-Evaluation/outputs/waymo_5neighbor_context_laneaware_clean_v1_part_00_13/shards/shard_000007,1501,test
61951,12,/Users/liuqing/Projects/01_E2E_QA_Code/E2E-Evaluation/outputs/waymo_5neighbor_context_laneaware_clean_v1_part_13_26/shards/shard_000003,4262,test
158786,33,/Users/liuqing/Projects/01_E2E_QA_Code/E2E-Evaluation/outputs/waymo_5neighbor_context_laneaware_clean_v1_part_39_51/shards/shard_000006,2514,test
76833,15,/Users/liuqing/Projects/01_E2E_QA_Code/E2E-Evaluation/outputs/waymo_5neighbor_context_laneaware_clean_v1_part_13_26/shards/shard_000006,4112,test
12626,2,/Users/liuqing/Projects/01_E2E_QA_Code/E2E-Evaluation/outputs/waymo_5neighbor_context_laneaware_clean_v1_part_00_13/shards/shard_000002,2620,test
92145,19,/Users/liuqing/Projects/01_E2E_QA_Code/E2E-Evaluation/outputs/waymo_5neighbor_context_laneaware_clean_v1_part_26_39/shards/shard_000001,2718,test
160998,33,/Users/liuqing/Projects/01_E2E_QA_Code/E2E-Evaluation/outputs/waymo_5neighbor_context_laneaware_clean_v1_part_39_51/shards/shard_000006,4726,test
57742,12,/Users/liuqing/Projects/01_E2E_QA_Code/E2E-Evaluation/outputs/waymo_5neighbor_context_laneaware_clean_v1_part_13_26/shards/shard_000003,53,test
40635,8,/Users/liuqing/Projects/01_E2E_QA_Code/E2E-Evaluation/outputs/waymo_5neighbor_context_laneaware_clean_v1_part_00_13/shards/shard_000008,607,test
31796,6,/Users/liuqing/Projects/01_E2E_QA_Code/E2E-Evaluation/outputs/waymo_5neighbor_context_laneaware_clean_v1_part_00_13/shards/shard_000006,1778,test
118288,24,/Users/liuqing/Projects/01_E2E_QA_Code/E2E-Evaluation/outputs/waymo_5neighbor_context_laneaware_clean_v1_part_26_39/shards/shard_000006,3840,test
10900,2,/Users/liuqing/Projects/01_E2E_QA_Code/E2E-Evaluation/outputs/waymo_5neighbor_context_laneaware_clean_v1_part_00_13/shards/shard_000002,894,test
151730,32,/Users/liuqing/Projects/01_E2E_QA_Code/E2E-Evaluation/outputs/waymo_5neighbor_context_laneaware_clean_v1_part_39_51/shards/shard_000005,459,test
15406,3,/Users/liuqing/Projects/01_E2E_QA_Code/E2E-Evaluation/outputs/waymo_5neighbor_context_laneaware_clean_v1_part_00_13/shards/shard_000003,400,test
52419,10,/Users/liuqing/Projects/01_E2E_QA_Code/E2E-Evaluation/outputs/waymo_5neighbor_context_laneaware_clean_v1_part_13_26/shards/shard_000001,4734,test
22302,4,/Users/liuqing/Projects/01_E2E_QA_Code/E2E-Evaluation/outputs/waymo_5neighbor_context_laneaware_clean_v1_part_00_13/shards/shard_000004,2296,test
125872,26,/Users/liuqing/Projects/01_E2E_QA_Code/E2E-Evaluation/outputs/waymo_5neighbor_context_laneaware_clean_v1_part_26_39/shards/shard_000008,1419,test
71178,14,/Users/liuqing/Projects/01_E2E_QA_Code/E2E-Evaluation/outputs/waymo_5neighbor_context_laneaware_clean_v1_part_13_26/shards/shard_000005,3468,test
59781,12,/Users/liuqing/Projects/01_E2E_QA_Code/E2E-Evaluation/outputs/waymo_5neighbor_context_laneaware_clean_v1_part_13_26/shards/shard_000003,2092,test
132783,28,/Users/liuqing/Projects/01_E2E_QA_Code/E2E-Evaluation/outputs/waymo_5neighbor_context_laneaware_clean_v1_part_39_51/shards/shard_000001,1532,test
80468,16,/Users/liuqing/Projects/01_E2E_QA_Code/E2E-Evaluation/outputs/waymo_5neighbor_context_laneaware_clean_v1_part_13_26/shards/shard_000007,2747,test
32475,6,/Users/liuqing/Projects/01_E2E_QA_Code/E2E-Evaluation/outputs/waymo_5neighbor_context_laneaware_clean_v1_part_00_13/shards/shard_000006,2457,test
13139,2,/Users/liuqing/Projects/01_E2E_QA_Code/E2E-Evaluation/outputs/waymo_5neighbor_context_laneaware_clean_v1_part_00_13/shards/shard_000002,3133,test
30328,6,/Users/liuqing/Projects/01_E2E_QA_Code/E2E-Evaluation/outputs/waymo_5neighbor_context_laneaware_clean_v1_part_00_13/shards/shard_000006,310,test
84605,18,/Users/liuqing/Projects/01_E2E_QA_Code/E2E-Evaluation/outputs/waymo_5neighbor_context_laneaware_clean_v1_part_26_39/shards/shard_000000,182,test
77900,16,/Users/liuqing/Projects/01_E2E_QA_Code/E2E-Evaluation/outputs/waymo_5neighbor_context_laneaware_clean_v1_part_13_26/shards/shard_000007,179,test
126367,27,/Users/liuqing/Projects/01_E2E_QA_Code/E2E-Evaluation/outputs/waymo_5neighbor_context_laneaware_clean_v1_part_39_51/shards/shard_000000,117,test
56602,11,/Users/liuqing/Projects/01_E2E_QA_Code/E2E-Evaluation/outputs/waymo_5neighbor_context_laneaware_clean_v1_part_13_26/shards/shard_000002,3915,test
51170,10,/Users/liuqing/Projects/01_E2E_QA_Code/E2E-Evaluation/outputs/waymo_5neighbor_context_laneaware_clean_v1_part_13_26/shards/shard_000001,3485,test
159265,33,/Users/liuqing/Projects/01_E2E_QA_Code/E2E-Evaluation/outputs/waymo_5neighbor_context_laneaware_clean_v1_part_39_51/shards/shard_000006,2993,test
2597,0,/Users/liuqing/Projects/01_E2E_QA_Code/E2E-Evaluation/outputs/waymo_5neighbor_context_laneaware_clean_v1_part_00_13/shards/shard_000000,2597,test
94937,20,/Users/liuqing/Projects/01_E2E_QA_Code/E2E-Evaluation/outputs/waymo_5neighbor_context_laneaware_clean_v1_part_26_39/shards/shard_000002,510,test
316,0,/Users/liuqing/Projects/01_E2E_QA_Code/E2E-Evaluation/outputs/waymo_5neighbor_context_laneaware_clean_v1_part_00_13/shards/shard_000000,316,test
100639,21,/Users/liuqing/Projects/01_E2E_QA_Code/E2E-Evaluation/outputs/waymo_5neighbor_context_laneaware_clean_v1_part_26_39/shards/shard_000003,1208,test
126338,27,/Users/liuqing/Projects/01_E2E_QA_Code/E2E-Evaluation/outputs/waymo_5neighbor_context_laneaware_clean_v1_part_39_51/shards/shard_000000,88,test
150930,31,/Users/liuqing/Projects/01_E2E_QA_Code/E2E-Evaluation/outputs/waymo_5neighbor_context_laneaware_clean_v1_part_39_51/shards/shard_000004,4660,test
46193,9,/Users/liuqing/Projects/01_E2E_QA_Code/E2E-Evaluation/outputs/waymo_5neighbor_context_laneaware_clean_v1_part_13_26/shards/shard_000000,3521,test
30333,6,/Users/liuqing/Projects/01_E2E_QA_Code/E2E-Evaluation/outputs/waymo_5neighbor_context_laneaware_clean_v1_part_00_13/shards/shard_000006,315,test
12210,2,/Users/liuqing/Projects/01_E2E_QA_Code/E2E-Evaluation/outputs/waymo_5neighbor_context_laneaware_clean_v1_part_00_13/shards/shard_000002,2204,test
136438,29,/Users/liuqing/Projects/01_E2E_QA_Code/E2E-Evaluation/outputs/waymo_5neighbor_context_laneaware_clean_v1_part_39_51/shards/shard_000002,185,test
56859,11,/Users/liuqing/Projects/01_E2E_QA_Code/E2E-Evaluation/outputs/waymo_5neighbor_context_laneaware_clean_v1_part_13_26/shards/shard_000002,4172,test
57382,11,/Users/liuqing/Projects/01_E2E_QA_Code/E2E-Evaluation/outputs/waymo_5neighbor_context_laneaware_clean_v1_part_13_26/shards/shard_000002,4695,test
42879,9,/Users/liuqing/Projects/01_E2E_QA_Code/E2E-Evaluation/outputs/waymo_5neighbor_context_laneaware_clean_v1_part_13_26/shards/shard_000000,207,test
97154,20,/Users/liuqing/Projects/01_E2E_QA_Code/E2E-Evaluation/outputs/waymo_5neighbor_context_laneaware_clean_v1_part_26_39/shards/shard_000002,2727,test
140881,29,/Users/liuqing/Projects/01_E2E_QA_Code/E2E-Evaluation/outputs/waymo_5neighbor_context_laneaware_clean_v1_part_39_51/shards/shard_000002,4628,test
158767,33,/Users/liuqing/Projects/01_E2E_QA_Code/E2E-Evaluation/outputs/waymo_5neighbor_context_laneaware_clean_v1_part_39_51/shards/shard_000006,2495,test
77901,16,/Users/liuqing/Projects/01_E2E_QA_Code/E2E-Evaluation/outputs/waymo_5neighbor_context_laneaware_clean_v1_part_13_26/shards/shard_000007,180,test
196,0,/Users/liuqing/Projects/01_E2E_QA_Code/E2E-Evaluation/outputs/waymo_5neighbor_context_laneaware_clean_v1_part_00_13/shards/shard_000000,196,test
159279,33,/Users/liuqing/Projects/01_E2E_QA_Code/E2E-Evaluation/outputs/waymo_5neighbor_context_laneaware_clean_v1_part_39_51/shards/shard_000006,3007,test
122716,25,/Users/liuqing/Projects/01_E2E_QA_Code/E2E-Evaluation/outputs/waymo_5neighbor_context_laneaware_clean_v1_part_26_39/shards/shard_000007,3267,test
102580,21,/Users/liuqing/Projects/01_E2E_QA_Code/E2E-Evaluation/outputs/waymo_5neighbor_context_laneaware_clean_v1_part_26_39/shards/shard_000003,3149,test
110820,23,/Users/liuqing/Projects/01_E2E_QA_Code/E2E-Evaluation/outputs/waymo_5neighbor_context_laneaware_clean_v1_part_26_39/shards/shard_000005,1381,test
155014,32,/Users/liuqing/Projects/01_E2E_QA_Code/E2E-Evaluation/outputs/waymo_5neighbor_context_laneaware_clean_v1_part_39_51/shards/shard_000005,3743,test
50400,10,/Users/liuqing/Projects/01_E2E_QA_Code/E2E-Evaluation/outputs/waymo_5neighbor_context_laneaware_clean_v1_part_13_26/shards/shard_000001,2715,test
63569,13,/Users/liuqing/Projects/01_E2E_QA_Code/E2E-Evaluation/outputs/waymo_5neighbor_context_laneaware_clean_v1_part_13_26/shards/shard_000004,867,test
84385,17,/Users/liuqing/Projects/01_E2E_QA_Code/E2E-Evaluation/outputs/waymo_5neighbor_context_laneaware_clean_v1_part_13_26/shards/shard_000008,1655,test
122268,25,/Users/liuqing/Projects/01_E2E_QA_Code/E2E-Evaluation/outputs/waymo_5neighbor_context_laneaware_clean_v1_part_26_39/shards/shard_000007,2819,test
79096,16,/Users/liuqing/Projects/01_E2E_QA_Code/E2E-Evaluation/outputs/waymo_5neighbor_context_laneaware_clean_v1_part_13_26/shards/shard_000007,1375,test
83307,17,/Users/liuqing/Projects/01_E2E_QA_Code/E2E-Evaluation/outputs/waymo_5neighbor_context_laneaware_clean_v1_part_13_26/shards/shard_000008,577,test
13956,2,/Users/liuqing/Projects/01_E2E_QA_Code/E2E-Evaluation/outputs/waymo_5neighbor_context_laneaware_clean_v1_part_00_13/shards/shard_000002,3950,test
24345,4,/Users/liuqing/Projects/01_E2E_QA_Code/E2E-Evaluation/outputs/waymo_5neighbor_context_laneaware_clean_v1_part_00_13/shards/shard_000004,4339,test
60841,12,/Users/liuqing/Projects/01_E2E_QA_Code/E2E-Evaluation/outputs/waymo_5neighbor_context_laneaware_clean_v1_part_13_26/shards/shard_000003,3152,test
8247,1,/Users/liuqing/Projects/01_E2E_QA_Code/E2E-Evaluation/outputs/waymo_5neighbor_context_laneaware_clean_v1_part_00_13/shards/shard_000001,3245,test
57173,11,/Users/liuqing/Projects/01_E2E_QA_Code/E2E-Evaluation/outputs/waymo_5neighbor_context_laneaware_clean_v1_part_13_26/shards/shard_000002,4486,test
72962,15,/Users/liuqing/Projects/01_E2E_QA_Code/E2E-Evaluation/outputs/waymo_5neighbor_context_laneaware_clean_v1_part_13_26/shards/shard_000006,241,test
125873,26,/Users/liuqing/Projects/01_E2E_QA_Code/E2E-Evaluation/outputs/waymo_5neighbor_context_laneaware_clean_v1_part_26_39/shards/shard_000008,1420,test
118888,24,/Users/liuqing/Projects/01_E2E_QA_Code/E2E-Evaluation/outputs/waymo_5neighbor_context_laneaware_clean_v1_part_26_39/shards/shard_000006,4440,test
97835,20,/Users/liuqing/Projects/01_E2E_QA_Code/E2E-Evaluation/outputs/waymo_5neighbor_context_laneaware_clean_v1_part_26_39/shards/shard_000002,3408,test
123879,25,/Users/liuqing/Projects/01_E2E_QA_Code/E2E-Evaluation/outputs/waymo_5neighbor_context_laneaware_clean_v1_part_26_39/shards/shard_000007,4430,test
71212,14,/Users/liuqing/Projects/01_E2E_QA_Code/E2E-Evaluation/outputs/waymo_5neighbor_context_laneaware_clean_v1_part_13_26/shards/shard_000005,3502,test
43348,9,/Users/liuqing/Projects/01_E2E_QA_Code/E2E-Evaluation/outputs/waymo_5neighbor_context_laneaware_clean_v1_part_13_26/shards/shard_000000,676,test
121876,25,/Users/liuqing/Projects/01_E2E_QA_Code/E2E-Evaluation/outputs/waymo_5neighbor_context_laneaware_clean_v1_part_26_39/shards/shard_000007,2427,test
144894,30,/Users/liuqing/Projects/01_E2E_QA_Code/E2E-Evaluation/outputs/waymo_5neighbor_context_laneaware_clean_v1_part_39_51/shards/shard_000003,3625,test
137718,29,/Users/liuqing/Projects/01_E2E_QA_Code/E2E-Evaluation/outputs/waymo_5neighbor_context_laneaware_clean_v1_part_39_51/shards/shard_000002,1465,test
93882,19,/Users/liuqing/Projects/01_E2E_QA_Code/E2E-Evaluation/outputs/waymo_5neighbor_context_laneaware_clean_v1_part_26_39/shards/shard_000001,4455,test
