session_id,exposure_class,raw_candidate_scenarios,ranked_candidates_examined,representative_log_id,representative_scenario_token,source_provenance_status,representative_source_partition,representative_source_database_fingerprint_sha256,selection_rank_sha256,execution_initial_speed_available,execution_initial_speed_mps,initial_speed_ge_3_61,native_route_available,native_route_identity,route_reference_complete,map_support_available,scenario_loadable_metadata_only,precontext_fields_available,precontext_id,production_executor_compatible,duplicate_alias_status,static_eligibility_status,exclusion_reason,ambiguity_reason,final_primary_roster_member
2021.05.12.22.00.38_veh-35,E1_UNRELATED_HISTORICAL_USE,6462,2,2021.05.12.22.00.38_veh-35_01008_01518,d0837a7f981851cb,COMPLETE,mini,a0eb28569c4fc9e2c3b058408d0d931126a2cedc6a0246ac288268133e990164,0016eaaea91e01f65f9e22b0c41c87c6036f8f0cf874d6d2add611e2f659c2e2,true,8.657141,true,true,2250b79ab39c981f3e9ccedd0f8ce7a66c5a864d9e7a44377ecac94f5bdb808e,true,true,true,true,02507cc04fe2238e76b1ae9ccb077f7fcfbedc5a48663d622fefa12b35666f0c,true,NO_DUPLICATE_SESSION_ID_FROZEN_SOURCE_ALIASES_CANONICALIZED,STATIC_ELIGIBLE,,,false
2021.05.12.22.28.35_veh-35,E3_PRIMARY_METHOD_DEVELOPMENT,7825,0,,,COMPLETE,,,,false,,false,false,,false,false,false,false,,false,NO_DUPLICATE_SESSION_ID_FROZEN_SOURCE_ALIASES_CANONICALIZED,STATIC_INELIGIBLE,EXPOSURE_POLICY_E3_E4,,false
2021.05.12.23.36.44_veh-35,E3_PRIMARY_METHOD_DEVELOPMENT,15299,0,,,COMPLETE,,,,false,,false,false,,false,false,false,false,,false,NO_DUPLICATE_SESSION_ID_FROZEN_SOURCE_ALIASES_CANONICALIZED,STATIC_INELIGIBLE,EXPOSURE_POLICY_E3_E4,,false
2021.05.25.14.16.10_veh-35,E3_PRIMARY_METHOD_DEVELOPMENT,8039,0,,,COMPLETE,,,,false,,false,false,,false,false,false,false,,false,NO_DUPLICATE_SESSION_ID_FROZEN_SOURCE_ALIASES_CANONICALIZED,STATIC_INELIGIBLE,EXPOSURE_POLICY_E3_E4,,false
2021.06.03.12.02.06_veh-35,E3_PRIMARY_METHOD_DEVELOPMENT,5648,0,,,COMPLETE,,,,false,,false,false,,false,false,false,false,,false,NO_DUPLICATE_SESSION_ID_FROZEN_SOURCE_ALIASES_CANONICALIZED,STATIC_INELIGIBLE,EXPOSURE_POLICY_E3_E4,,false
2021.06.03.13.55.17_veh-35,E1_UNRELATED_HISTORICAL_USE,5399,1,2021.06.03.13.55.17_veh-35_00073_00426,6702b69f3e2e50b0,COMPLETE,mini,8951369712de22204277cadb4811b4d0cabd58c14888f91e76f0c8f4a99cb7ce,000359dc448cb0b93e5b5af7d0377996d5675583f9ff00e0e80675ede9ca135e,true,13.497573,true,true,905d2b0ef8c9f63e6c0059501c526cc28d4e2aead7048d68c0cbc9e92d1eb921,true,true,true,true,4dec687341f37133224043fe9d4d7f1f39e71c5e1c5247089d0f5f5098346248,true,NO_DUPLICATE_SESSION_ID_FROZEN_SOURCE_ALIASES_CANONICALIZED,STATIC_ELIGIBLE,,,false
2021.06.07.12.54.00_veh-35,E3_PRIMARY_METHOD_DEVELOPMENT,7172,0,,,COMPLETE,,,,false,,false,false,,false,false,false,false,,false,NO_DUPLICATE_SESSION_ID_FROZEN_SOURCE_ALIASES_CANONICALIZED,STATIC_INELIGIBLE,EXPOSURE_POLICY_E3_E4,,false
2021.06.07.18.53.26_veh-26,E3_PRIMARY_METHOD_DEVELOPMENT,7100,0,,,COMPLETE,,,,false,,false,false,,false,false,false,false,,false,NO_DUPLICATE_SESSION_ID_FROZEN_SOURCE_ALIASES_CANONICALIZED,STATIC_INELIGIBLE,EXPOSURE_POLICY_E3_E4,,false
2021.06.08.12.54.54_veh-26,E3_PRIMARY_METHOD_DEVELOPMENT,7958,0,,,COMPLETE,,,,false,,false,false,,false,false,false,false,,false,NO_DUPLICATE_SESSION_ID_FROZEN_SOURCE_ALIASES_CANONICALIZED,STATIC_INELIGIBLE,EXPOSURE_POLICY_E3_E4,,false
2021.06.08.14.35.24_veh-26,E3_PRIMARY_METHOD_DEVELOPMENT,7393,0,,,COMPLETE,,,,false,,false,false,,false,false,false,false,,false,NO_DUPLICATE_SESSION_ID_FROZEN_SOURCE_ALIASES_CANONICALIZED,STATIC_INELIGIBLE,EXPOSURE_POLICY_E3_E4,,false
2021.06.08.16.31.33_veh-38,E1_UNRELATED_HISTORICAL_USE,7287,4,2021.06.08.16.31.33_veh-38_01589_02072,b8b71961685f5a2f,COMPLETE,mini,9f56ca56f595558b215371702ba809dbdaaf04a5ccca5507f209de5475c4013b,002cf819b65c22e53da73126ecbfc85964f661d0e653c3d5d4acf5bf8473a664,true,9.646268,true,true,c4fc37a71ef89a184590e441ad8e3c9307daf318a5d69bebb14b85d1d1556363,true,true,true,true,70b9f7224d06db2475b38e91c122d155350064a79882d3fd57d8f1e66a83e342,true,NO_DUPLICATE_SESSION_ID_FROZEN_SOURCE_ALIASES_CANONICALIZED,STATIC_ELIGIBLE,,,false
2021.06.09.11.54.15_veh-12,E1_UNRELATED_HISTORICAL_USE,5934,6,2021.06.09.11.54.15_veh-12_04366_04810,7f458dabb6795290,COMPLETE,mini,5c930ee5ab63789e573a46c18d101db61d9de9a8467ba24d0f97dfb34816159c,003bab278ec39ee3606134957de8ac5e1236c0c3aaf9176a418cb65b459c323f,true,5.250501,true,true,380a71ecba83435692159fbd6a012f692555b731a5ee0a104faeb0d10750156a,true,true,true,true,02a6c7d177911c9e5bfd75a0b610c7fa557106c723c7fbeb9b51a181243874b9,true,NO_DUPLICATE_SESSION_ID_FROZEN_SOURCE_ALIASES_CANONICALIZED,STATIC_ELIGIBLE,,,false
2021.06.09.12.39.51_veh-26,E5_UNTOUCHED_CONFIRMATORY,12376,6,2021.06.09.12.39.51_veh-26_01943_02303,2e29ac6a3c9e53a7,COMPLETE,mini,1b890447b0132d2118c77c0468c79a5710e472df0bfecf7bf4101a7b59dc8f51,0032ffc9a90a5d6b2818a736ab09956d4bdeae6cfdbdb91e3452a11d0ce8e4d5,true,9.938513,true,true,b57726085a8e184d48c3a3954ac0e2382519c2f2fa6c7ffd3f51af5f08fc4fc6,true,true,true,true,a88cfdbb68f06cafa5586c1ec58496eec2c5718f99168e3fe4c1d889cabb1ce1,true,NO_DUPLICATE_SESSION_ID_FROZEN_SOURCE_ALIASES_CANONICALIZED,STATIC_ELIGIBLE,,,false
2021.06.09.14.03.17_veh-12,E3_PRIMARY_METHOD_DEVELOPMENT,6138,0,,,COMPLETE,,,,false,,false,false,,false,false,false,false,,false,NO_DUPLICATE_SESSION_ID_FROZEN_SOURCE_ALIASES_CANONICALIZED,STATIC_INELIGIBLE,EXPOSURE_POLICY_E3_E4,,false
2021.06.09.14.58.55_veh-35,E1_UNRELATED_HISTORICAL_USE,12759,5,2021.06.09.14.58.55_veh-35_01894_02311,ce51ddd8428556d1,COMPLETE,mini,28bcff2a697640f09add4a7eb0c33a710fb3f79a8cc6132f780f8d3814e7fc5d,0027e256f7c3c7071d9a48cc8e4d3518c6d2d45fbc51ffdf6ca813323988b7b1,true,3.673220,true,true,6db13655f62bc7dab6c874e67fe398ac9883500bfa1d33cfd314bc6bf05c5c1b,true,true,true,true,d11e6a8503e87f9853722eea1622ab5bbdac0ce360f17e04a3236de609f9a263,true,NO_DUPLICATE_SESSION_ID_FROZEN_SOURCE_ALIASES_CANONICALIZED,STATIC_ELIGIBLE,,,false
2021.06.09.17.23.18_veh-38,E3_PRIMARY_METHOD_DEVELOPMENT,14437,0,,,COMPLETE,,,,false,,false,false,,false,false,false,false,,false,NO_DUPLICATE_SESSION_ID_FROZEN_SOURCE_ALIASES_CANONICALIZED,STATIC_INELIGIBLE,EXPOSURE_POLICY_E3_E4,,false
2021.06.09.17.37.09_veh-12,E3_PRIMARY_METHOD_DEVELOPMENT,5991,0,,,COMPLETE,,,,false,,false,false,,false,false,false,false,,false,NO_DUPLICATE_SESSION_ID_FROZEN_SOURCE_ALIASES_CANONICALIZED,STATIC_INELIGIBLE,EXPOSURE_POLICY_E3_E4,,false
2021.06.14.16.32.09_veh-35,E3_PRIMARY_METHOD_DEVELOPMENT,6716,0,,,COMPLETE,,,,false,,false,false,,false,false,false,false,,false,NO_DUPLICATE_SESSION_ID_FROZEN_SOURCE_ALIASES_CANONICALIZED,STATIC_INELIGIBLE,EXPOSURE_POLICY_E3_E4,,false
2021.06.14.16.48.02_veh-12,E3_PRIMARY_METHOD_DEVELOPMENT,12134,0,,,COMPLETE,,,,false,,false,false,,false,false,false,false,,false,NO_DUPLICATE_SESSION_ID_FROZEN_SOURCE_ALIASES_CANONICALIZED,STATIC_INELIGIBLE,EXPOSURE_POLICY_E3_E4,,false
2021.06.14.17.26.26_veh-38,E1_UNRELATED_HISTORICAL_USE,5930,1,2021.06.14.17.26.26_veh-38_04544_04920,85650262a42b5093,COMPLETE,mini,18d10b26f4b470e8457df5bd0861cb9154287fcfd2f0b7a40f471f8574e6d67c,000a1c431940488e79945258e0d53769e3ddd32d1e385bae3c13f0938cde5341,true,6.030392,true,true,8078d2b39b8070d4abb770a16e9aaa24df1b57fe91ab50380665b6364ad04f51,true,true,true,true,c33bf8640716f2962de93fceea5ae7ceb624659672cfc5b2063e437baa10f6ca,true,NO_DUPLICATE_SESSION_ID_FROZEN_SOURCE_ALIASES_CANONICALIZED,STATIC_ELIGIBLE,,,false
2021.06.14.18.33.41_veh-35,E1_UNRELATED_HISTORICAL_USE,4934,5,2021.06.14.18.33.41_veh-35_03901_04264,a9839b915307500b,COMPLETE,mini,e73d3dc41a8d08afcda555cfac84c8cd91f952bec90ece70181f5b3beb5b2189,0050cd7e8bf6847f13e17a81773acabfa84a72400d01a3edaf5ffb7452050277,true,3.642420,true,true,6014096fc9029171a81382ad8a5131e0b643787e0e8c77dc261e336621fc06b4,true,true,true,true,299ffdaff13ab6177b189da37b6f14f36f7c48807ba0fe2c3c9c38d10ed46ad1,true,NO_DUPLICATE_SESSION_ID_FROZEN_SOURCE_ALIASES_CANONICALIZED,STATIC_ELIGIBLE,,,false
2021.06.14.18.42.45_veh-12,E1_UNRELATED_HISTORICAL_USE,8182,1,2021.06.14.18.42.45_veh-12_03445_03902,b3c6c44e95045321,COMPLETE,mini,530b133be15d7d8399c18152e47bed88b6517a5dcd1ed83e65703193fe7a68aa,0003162aef31975e80f05c6bfc57586b66ad7be98a8fba83a9a1cceb5fc6ede9,true,9.341519,true,true,522d466a8aaace58005347cc46622abd394d31a8511e6615b0b7ca2f4f37752c,true,true,true,true,097de65f7037114bf9396e0c1c31d66e9aa0a8569c44806ea6af28ac567498a2,true,NO_DUPLICATE_SESSION_ID_FROZEN_SOURCE_ALIASES_CANONICALIZED,STATIC_ELIGIBLE,,,false
2021.06.14.19.22.11_veh-38,E3_PRIMARY_METHOD_DEVELOPMENT,6330,0,,,COMPLETE,,,,false,,false,false,,false,false,false,false,,false,NO_DUPLICATE_SESSION_ID_FROZEN_SOURCE_ALIASES_CANONICALIZED,STATIC_INELIGIBLE,EXPOSURE_POLICY_E3_E4,,false
2021.06.23.15.56.12_veh-16,E3_PRIMARY_METHOD_DEVELOPMENT,6623,0,,,COMPLETE,,,,false,,false,false,,false,false,false,false,,false,NO_DUPLICATE_SESSION_ID_FROZEN_SOURCE_ALIASES_CANONICALIZED,STATIC_INELIGIBLE,EXPOSURE_POLICY_E3_E4,,false
2021.06.23.16.54.19_veh-35,E3_PRIMARY_METHOD_DEVELOPMENT,6848,0,,,COMPLETE,,,,false,,false,false,,false,false,false,false,,false,NO_DUPLICATE_SESSION_ID_FROZEN_SOURCE_ALIASES_CANONICALIZED,STATIC_INELIGIBLE,EXPOSURE_POLICY_E3_E4,,false
2021.06.23.17.31.36_veh-16,E1_UNRELATED_HISTORICAL_USE,6325,2,2021.06.23.17.31.36_veh-16_00016_00377,5672e0979e7a5407,COMPLETE,mini,0b8fab69604ba354148ef717f532c06a48f806dcd6cdf32f422acb43278ad4e6,0025d0c8756b871a96017ea11067f447452e76cdcbf63100ec5d739b21f8490e,true,5.472454,true,true,bb89ebd8f1167778197f7a995a3980ea9fbb774024f9a2c31d6c7255843b2aa7,true,true,true,true,4e8ce1da51aa54243e52137e3ba48fd287d717f68fb29bb9bba78ce90dbdc574,true,NO_DUPLICATE_SESSION_ID_FROZEN_SOURCE_ALIASES_CANONICALIZED,STATIC_ELIGIBLE,,,false
2021.06.28.15.02.02_veh-38,E3_PRIMARY_METHOD_DEVELOPMENT,6458,0,,,COMPLETE,,,,false,,false,false,,false,false,false,false,,false,NO_DUPLICATE_SESSION_ID_FROZEN_SOURCE_ALIASES_CANONICALIZED,STATIC_INELIGIBLE,EXPOSURE_POLICY_E3_E4,,false
2021.06.28.16.29.11_veh-38,E3_PRIMARY_METHOD_DEVELOPMENT,14697,0,,,COMPLETE,,,,false,,false,false,,false,false,false,false,,false,NO_DUPLICATE_SESSION_ID_FROZEN_SOURCE_ALIASES_CANONICALIZED,STATIC_INELIGIBLE,EXPOSURE_POLICY_E3_E4,,false
2021.06.28.16.57.59_veh-26,E3_PRIMARY_METHOD_DEVELOPMENT,7252,0,,,COMPLETE,,,,false,,false,false,,false,false,false,false,,false,NO_DUPLICATE_SESSION_ID_FROZEN_SOURCE_ALIASES_CANONICALIZED,STATIC_INELIGIBLE,EXPOSURE_POLICY_E3_E4,,false
2021.07.09.17.06.37_veh-35,E1_UNRELATED_HISTORICAL_USE,7869,4,2021.07.09.17.06.37_veh-35_00258_00748,e7a31b3406f35ff6,COMPLETE,mini,e8d711c3de9b620bbb57f98416995d1ba772e443acb454b5c3d3519663a94c57,0014edad5c40bc129077f02c7d79b3808fa8b50544768bfb024c4881d54cf7b7,true,13.863889,true,true,61c5a1aa71cf573e94f302bc6fb5ac600cb095fa74aabb7ea229797179ae0a0d,true,true,true,true,aa4246955a92449c96fcc507143be06a430977174c5d1b20304f39dd4de77dcf,true,NO_DUPLICATE_SESSION_ID_FROZEN_SOURCE_ALIASES_CANONICALIZED,STATIC_ELIGIBLE,,,false
2021.07.09.20.59.12_veh-38,E3_PRIMARY_METHOD_DEVELOPMENT,7629,0,,,COMPLETE,,,,false,,false,false,,false,false,false,false,,false,NO_DUPLICATE_SESSION_ID_FROZEN_SOURCE_ALIASES_CANONICALIZED,STATIC_INELIGIBLE,EXPOSURE_POLICY_E3_E4,,false
2021.07.16.00.51.05_veh-17,E1_UNRELATED_HISTORICAL_USE,7881,6,2021.07.16.00.51.05_veh-17_01352_01901,d6b96c66b5b856fb,COMPLETE,mini,3ccae4b368e92de4cc013f571f72b3b819f5a6bbc4504068238c735fd849e11e,0025eaca486b9552463d83f68626ca46990f7bad91464b6897175b851bae373f,true,5.538518,true,true,c7e3e08082a2faa0e3d24a119095ffdc208d4e3815bf01a961d3890712166029,true,true,true,true,fd342cda6dc28c26fd8abe6284e27e62c6b3c26370239ef25dede08290151aad,true,NO_DUPLICATE_SESSION_ID_FROZEN_SOURCE_ALIASES_CANONICALIZED,STATIC_ELIGIBLE,,,false
2021.07.16.18.06.21_veh-38,E3_PRIMARY_METHOD_DEVELOPMENT,21366,0,,,COMPLETE,,,,false,,false,false,,false,false,false,false,,false,NO_DUPLICATE_SESSION_ID_FROZEN_SOURCE_ALIASES_CANONICALIZED,STATIC_INELIGIBLE,EXPOSURE_POLICY_E3_E4,,false
2021.07.16.18.19.22_veh-35,E1_UNRELATED_HISTORICAL_USE,6737,3,2021.07.16.18.19.22_veh-35_00440_00858,d20658b631ea5d30,COMPLETE,mini,7bf8d405a71ee01877c7c2532ed2f2ffaea08cf636d21ad216e2780457ece614,001ad05ab3f5306584bd0e9d2f2659b11c63d5130dc2254f58646eebfb0419cd,true,6.307455,true,true,2fc330b981c8f05976c25a9e10d164d6ac29359fd1f6249722c0349483ba901d,true,true,true,true,552d51315e725456ee9fbfaaf5e01753988f1542b79802e58ec84b4f29298746,true,NO_DUPLICATE_SESSION_ID_FROZEN_SOURCE_ALIASES_CANONICALIZED,STATIC_ELIGIBLE,,,false
2021.07.16.20.45.29_veh-35,E3_PRIMARY_METHOD_DEVELOPMENT,13992,0,,,COMPLETE,,,,false,,false,false,,false,false,false,false,,false,NO_DUPLICATE_SESSION_ID_FROZEN_SOURCE_ALIASES_CANONICALIZED,STATIC_INELIGIBLE,EXPOSURE_POLICY_E3_E4,,false
2021.07.24.20.37.45_veh-17,E1_UNRELATED_HISTORICAL_USE,5138,4,2021.07.24.20.37.45_veh-17_00015_00375,0f715a4d91c85664,COMPLETE,mini,815285fdd78b826cf36da838120eed687bfb074eca3b0e78f60d1d4b0cfb9dd4,00221f65237c84221f9cb22acc466ac25ab040a5c5a216ad680166f94270f2e8,true,10.318135,true,true,775d203159da390e17aded57e336de06d7e77fbcd86802f64337b1f0d5c09407,true,true,true,true,468fbad7d26c12f69994f04fdbe27917da6d3ea1789b67c6872be58a8c68404a,true,NO_DUPLICATE_SESSION_ID_FROZEN_SOURCE_ALIASES_CANONICALIZED,STATIC_ELIGIBLE,,,false
2021.07.24.23.50.16_veh-17,E3_PRIMARY_METHOD_DEVELOPMENT,5879,0,,,COMPLETE,,,,false,,false,false,,false,false,false,false,,false,NO_DUPLICATE_SESSION_ID_FROZEN_SOURCE_ALIASES_CANONICALIZED,STATIC_INELIGIBLE,EXPOSURE_POLICY_E3_E4,,false
2021.08.09.17.55.59_veh-28,E5_UNTOUCHED_CONFIRMATORY,5121,12,2021.08.09.17.55.59_veh-28_00021_00307,b8d7997a92725080,COMPLETE,mini,67d7169a4c71dd8c0965e5ef576c3a5a734becb32e241a8f9fe427417ccc9761,0041bb9d8c02edc2748e1a7e11a40665828dd949cb2537ebbabdb6f286ab8f4e,true,9.420299,true,true,9b54e886acea82adc4a04672f96183556b7a01c8b28219b1e4b617300bb120b4,true,true,true,true,e8ebbbd04b825b6a69da801a82b16d5889191a86e97e8837025e00898b2e3f03,true,NO_DUPLICATE_SESSION_ID_FROZEN_SOURCE_ALIASES_CANONICALIZED,STATIC_ELIGIBLE,,,false
2021.08.17.13.10.50_veh-08,E2_BENCHMARK_ENGINEERING,14068,3,2021.08.17.13.10.50_veh-08_00122_00295,1b62357f0af159f2,COMPLETE,train_pittsburgh,08011e1dc4198cef15d0a4b0fc35b004fe478a8f89f7b86e7fb2d48bed4ffd3f,0007e463e1349717238031858bbb2b2473dc58145c0441782282d6de8a5f34a8,true,4.769163,true,true,b5296b652fb7d198730b2e8d72137d2b0891a90e3ef23aa90bb2b61ee73d19b6,true,true,true,true,11770cea39c233855da30f1a846cba5645ae3dcbc07f2fa051f327f656f53e18,true,NO_DUPLICATE_SESSION_ID_FROZEN_SOURCE_ALIASES_CANONICALIZED,STATIC_ELIGIBLE,,,false
2021.08.17.13.15.12_veh-45,E1_UNRELATED_HISTORICAL_USE,25240,3,2021.08.17.13.15.12_veh-45_00324_00489,f22d3eb465355897,COMPLETE,train_pittsburgh,3b343efd7ec1917bc41bc06f0bc53338879e4864fd988bd51e42f49a19f56e97,0009785ce9274b673accaf86113de2f61dec0e95e03f6a89be0ee0d80d3b0666,true,8.304616,true,true,7b2ff1e2d94aa8f273e87711d5ae9085d86a251d8ba4ca79c33da5831c844b39,true,true,true,true,eaf3429619686a911dd9c62b7e3d5c4fc4b7d49287f55baa81e941747dd3e038,true,NO_DUPLICATE_SESSION_ID_FROZEN_SOURCE_ALIASES_CANONICALIZED,STATIC_ELIGIBLE,,,false
2021.08.17.14.32.33_veh-08,E1_UNRELATED_HISTORICAL_USE,22310,1,2021.08.17.14.32.33_veh-08_00521_01051,343bff6840945c34,COMPLETE,train_pittsburgh,f7742631f59561e4179fcdb57da82d750d6ad25041af200ae290d05be1c89a38,0003558a560eab79f850f13f86bafd53007b899af8bc93b9268794cb684310aa,true,5.465175,true,true,6bf0985d2e8ac67ced6ec54d8523a414f970bab9d59e6585b77e57b514d1cb93,true,true,true,true,9f841f8f19e721df80f8fbc7513806bcbd8dca7c8e82e97160bb047db6133b58,true,NO_DUPLICATE_SESSION_ID_FROZEN_SOURCE_ALIASES_CANONICALIZED,STATIC_ELIGIBLE,,,false
2021.08.17.14.45.12_veh-42,E1_UNRELATED_HISTORICAL_USE,21578,2,2021.08.17.14.45.12_veh-42_01119_01535,2be79e58eb545880,COMPLETE,train_pittsburgh,42e8d85b46ab1f5a51208235c7c5161cd94d10bb97191e3b335ef428d4c39915,0008c28985e1d87d26ee6f6b814e2ca4a2beb51cceba4d1f6b9cff20550a646a,true,7.958659,true,true,0fde7ad9859b5ab8ea5d3af427def7c84b4d7475c3ce7ac264367179d24a4be3,true,true,true,true,790ff20f4925efd2a6d23618a382b62ae6b11510bc0ce411b63072689f8a88a6,true,NO_DUPLICATE_SESSION_ID_FROZEN_SOURCE_ALIASES_CANONICALIZED,STATIC_ELIGIBLE,,,false
2021.08.17.16.48.45_veh-43,E2_BENCHMARK_ENGINEERING,42859,1,2021.08.17.16.48.45_veh-43_02070_02652,d28cd3b626a258ef,COMPLETE,train_pittsburgh,7f912007bc1192ea9521b30ba45c651178386e974bb90021af117851180a0573,00033996c8a20cbe41e916c31441570030f8615c49e8200e8d8bc54c5af8dd8a,true,12.560950,true,true,a9c89f1858c69ab21dbf941283873905a0780e5070b6f9c0723742873124425e,true,true,true,true,19ddbccfaba5015756c6814244c608c1c712fd2a65a5e07ff9e805fc6b3f7285,true,NO_DUPLICATE_SESSION_ID_FROZEN_SOURCE_ALIASES_CANONICALIZED,STATIC_ELIGIBLE,,,false
2021.08.17.16.57.11_veh-08,E3_PRIMARY_METHOD_DEVELOPMENT,18749,0,,,COMPLETE,,,,false,,false,false,,false,false,false,false,,false,NO_DUPLICATE_SESSION_ID_FROZEN_SOURCE_ALIASES_CANONICALIZED,STATIC_INELIGIBLE,EXPOSURE_POLICY_E3_E4,,false
2021.08.17.17.17.01_veh-45,E3_PRIMARY_METHOD_DEVELOPMENT,29761,0,,,COMPLETE,,,,false,,false,false,,false,false,false,false,,false,NO_DUPLICATE_SESSION_ID_FROZEN_SOURCE_ALIASES_CANONICALIZED,STATIC_INELIGIBLE,EXPOSURE_POLICY_E3_E4,,false
2021.08.17.17.55.18_veh-43,E1_UNRELATED_HISTORICAL_USE,16892,6,2021.08.17.17.55.18_veh-43_00802_01030,9212a4453ca65876,COMPLETE,train_pittsburgh,bd84b4bef7e4d77c5ca148f06b0a3a85b5b48177e4793c9c180caa7c0cc33a34,000ffdb3e3f3790ffe49f0458a30a08d3a8bfcb2c7b008c34a854480ae25f57c,true,7.785004,true,true,0c53617021bf99fef78613a2ff6308da9e784eac91512f4b348d3fd2484aaa76,true,true,true,true,fd0291a27642895a73dc779cba682c1a7dc12cfed2a268852de6a0276c599efb,true,NO_DUPLICATE_SESSION_ID_FROZEN_SOURCE_ALIASES_CANONICALIZED,STATIC_ELIGIBLE,,,false
2021.08.17.18.11.12_veh-08,E1_UNRELATED_HISTORICAL_USE,20867,6,2021.08.17.18.11.12_veh-08_00234_00611,929f8733ef575f88,COMPLETE,train_pittsburgh,6ac2e9aaad6574ac7e512d39c39247b83cf7b4235ad3beff7282577cb85be737,001709ad2b2fca5762b1b095d9f69d645f5c8ba3507eea2ff5187cfe5b633f9d,true,12.344907,true,true,b12947a574ab13fac198ddab1b50ea49d658207fd2a55ade39af30c8799238a4,true,true,true,true,f03586e1a29d721ad55b51f5d62e4a94613d1df99a67a265b2de01c754de3f24,true,NO_DUPLICATE_SESSION_ID_FROZEN_SOURCE_ALIASES_CANONICALIZED,STATIC_ELIGIBLE,,,false
2021.08.17.18.13.38_veh-45,E1_UNRELATED_HISTORICAL_USE,21935,6,2021.08.17.18.13.38_veh-45_00410_00618,99fb3b0e352f595b,COMPLETE,train_pittsburgh,22a0c1f28a7f85c8b80abff5e5419a8a7f058867b7cf0afe7436a918b927618e,000a54c68c28cccd3c8cd21191544bb63df7a584a960bdfff8d730afb34c68d8,true,8.292594,true,true,511efe7da687fef803f6dabe657f1bad12ee2094e4c89503ef8dde4935959b25,true,true,true,true,609d95c98ad488a9b25ac19c785dce802a77166550fef58f6ff7bd01f7f7e509,true,NO_DUPLICATE_SESSION_ID_FROZEN_SOURCE_ALIASES_CANONICALIZED,STATIC_ELIGIBLE,,,false
2021.08.17.18.44.32_veh-08,E1_UNRELATED_HISTORICAL_USE,17746,15,2021.08.17.18.44.32_veh-08_00873_01540,cbf5f0c8aff554a5,COMPLETE,train_pittsburgh,1cb3c75b746cb01223b66bddc8ff4126c3ee131fd5d109fa453737e80e61130c,002a535f4bb81c2d49b0b373517a052149c196474d72bd29d128652230561fdf,true,7.012733,true,true,a65b6cfed5fe7a28338612e8dd3c239d55e9182cebb328adf38d4153b8d7cd3c,true,true,true,true,7ab1d82cdde094fc7bcfb3c55cd9944c0b0ded68c1ba3a97c76df7b60df04bb5,true,NO_DUPLICATE_SESSION_ID_FROZEN_SOURCE_ALIASES_CANONICALIZED,STATIC_ELIGIBLE,,,false
2021.08.17.18.54.02_veh-45,E1_UNRELATED_HISTORICAL_USE,28285,13,2021.08.17.18.54.02_veh-45_02202_02416,c531088f238856b5,COMPLETE,train_pittsburgh,a45bf2f0154b87d64b030bea4791a483ac65fe30aed35fa3c0799389da046bdf,002f3bd17934645607072ba1588f924b0648256c71f657c7c956a2d7e1c67f8c,true,10.981376,true,true,c08a3479d63a19b46b18b34d919ccdbf09b5965e1204dcd3643b36c40c0cee6c,true,true,true,true,0c102d272d4a3614186584518ea402d535b0c05124fa2ad1fcb14ab9703d757d,true,NO_DUPLICATE_SESSION_ID_FROZEN_SOURCE_ALIASES_CANONICALIZED,STATIC_ELIGIBLE,,,false
2021.08.17.19.18.39_veh-08,E1_UNRELATED_HISTORICAL_USE,5898,2,2021.08.17.19.18.39_veh-08_00208_00380,d4d5aa15faae5acc,COMPLETE,train_pittsburgh,9e2ff522e81e0c9f3446c5aad0b1088d3e3e38037e38f65e16ff7d6e5b4b4ceb,0011579a0459ff2456717656f381a097494c407c5b07268bb69d8640e6247952,true,9.781190,true,true,d46134b7e9d0d2e58cf9073b829edb210946180e42f6917180a5bce72b873e4d,true,true,true,true,73d9da285941a8e8fe5776b04f352f444c84c55e12ba1c1e9bba72bfa60fdbf6,true,NO_DUPLICATE_SESSION_ID_FROZEN_SOURCE_ALIASES_CANONICALIZED,STATIC_ELIGIBLE,,,false
2021.08.19.14.06.23_veh-45,E2_BENCHMARK_ENGINEERING,28184,2,2021.08.19.14.06.23_veh-45_02208_02388,743e46e164a45f80,COMPLETE,train_pittsburgh,ed38f5b0cacee2f8b040b30774a82268adebfc51a606d8533122b741d77ba137,0004870d0c20c50d436548ba0e050d0ee1b6a9b0cab8cb35c648084088ce4ff9,true,8.499926,true,true,43aa583690f2a35f39b4cf5f74a74d19013a98d52314585e4e658efc1544a56c,true,true,true,true,228f58b9f0e01090346462712ba861882398bcc0947cb665495da151ed93cf88,true,NO_DUPLICATE_SESSION_ID_FROZEN_SOURCE_ALIASES_CANONICALIZED,STATIC_ELIGIBLE,,,false
2021.08.19.15.03.05_veh-45,E1_UNRELATED_HISTORICAL_USE,25902,4,2021.08.19.15.03.05_veh-45_01383_01593,0a7fd2c341e2533a,COMPLETE,train_pittsburgh,ca540b5222fdf9a182a15b6c072f0b9a09372b8a7c4230073a0befc9ee79bd29,00098f165e96eb5a135d68c95b505bc3519b5d795cb48b1d81d3308df20dc6cb,true,12.172286,true,true,56851c1f9a863a30bf6fc9c7174e6a05abba88e381c713dc84a5e5749003ecad,true,true,true,true,ec1b9176bfb663e2a500d3c44ca5054a779f42c6afd66838caf8f9e543c5ace8,true,NO_DUPLICATE_SESSION_ID_FROZEN_SOURCE_ALIASES_CANONICALIZED,STATIC_ELIGIBLE,,,false
2021.08.19.17.06.41_veh-08,E2_BENCHMARK_ENGINEERING,15768,3,2021.08.19.17.06.41_veh-08_00708_00885,0445da10c7ff5702,COMPLETE,train_pittsburgh,c7baf78b75b8895475ff811d2dd2d94296296a534d8c6397c774fd99f181cb69,00137d2eac56fdb8ad4c773f5cd5a44b53b4e6b3b5d895130069e73da2b0dd21,true,4.974414,true,true,c75944b745fd3391bbbb57cc5218e646d2d30e3d06f57266b54f86bc6098b465,true,true,true,true,ca5089229ca2abbc755012ac9a434b687aa0f3cffef75e93deeb116ec3d71420,true,NO_DUPLICATE_SESSION_ID_FROZEN_SOURCE_ALIASES_CANONICALIZED,STATIC_ELIGIBLE,,,false
2021.08.19.17.14.40_veh-45,E1_UNRELATED_HISTORICAL_USE,28961,5,2021.08.19.17.14.40_veh-45_02585_02856,9ffea8105c625f40,COMPLETE,train_pittsburgh,d12c2b054f94b0aac45abe0b727b9ed35838e206b9a2630adda8693086e72a6e,0004dc3721f47b02d33fc85899fd3705b15732270ceb945126aec1f459e2e88c,true,8.386672,true,true,6c80a085f06e8be28cb6428d207ecf36602dad8f915b79e022761f089dd1ac2a,true,true,true,true,15d4ec6d51f14c95c32906e6ccf5a2d81326e7b1e4e33f82e6c3298963f0e457,true,NO_DUPLICATE_SESSION_ID_FROZEN_SOURCE_ALIASES_CANONICALIZED,STATIC_ELIGIBLE,,,false
2021.08.19.17.42.11_veh-08,E1_UNRELATED_HISTORICAL_USE,18176,6,2021.08.19.17.42.11_veh-08_01092_01496,779e7334beb950f7,COMPLETE,train_pittsburgh,4ea458a2c41eb6b6a38742c0f582c6a4009549c7a59c363fecbb5f85b366add4,0010ee196856befabab2c7e0dac5c528ab465396ed27f9b638783c8b0cdf1850,true,8.638200,true,true,e04c8a3f90e7e2e44269e9ca0e034ac720fbc243315aa9f4122ca8aa83f6e84d,true,true,true,true,e0274c6442e15f35eee3a0e96824aeae4d09e2b6531277e60e4e6d57861bd667,true,NO_DUPLICATE_SESSION_ID_FROZEN_SOURCE_ALIASES_CANONICALIZED,STATIC_ELIGIBLE,,,false
2021.08.19.18.08.28_veh-45,E2_BENCHMARK_ENGINEERING,27427,1,2021.08.19.18.08.28_veh-45_00056_00141,f20620760d8b571f,COMPLETE,train_pittsburgh,a059f1a64ef970b90341b5d0444bfd6d44d6968489b25728d120c549a632ba59,000375c37820ba5591c1dbed3804868d4c72d0c8c8b62ce0e104ac9e30c12518,true,5.460794,true,true,73cd59e9eb54fd78984c156d1dfec48a3d21b81b603105835c3b6c5c7ce5abfe,true,true,true,true,60437168deadb8c5406436ece4c36a379ff63ee2e2f7803011d4d3b1d30fd439,true,NO_DUPLICATE_SESSION_ID_FROZEN_SOURCE_ALIASES_CANONICALIZED,STATIC_ELIGIBLE,,,false
2021.08.19.19.03.27_veh-45,E2_BENCHMARK_ENGINEERING,27666,10,2021.08.19.19.03.27_veh-45_00912_01425,4459774f0b375c7e,COMPLETE,train_pittsburgh,f31d29cab218cd00ac27c39299b5de40f8473ee70b30fe26a869c45ee8ccf76c,0017bdf396a0dfa768f3067c3fd4e8a3470f61712bea4f2d0eb0eb8cc2f63be3,true,8.380279,true,true,6f9449a7683359474a4e7c7891b9528e17b0f98b605ab5e55d11f5b9d9ef1e8f,true,true,true,true,6319245052316d0bdc9f6c59e3cd7678c97f9a6d1662403a207260aa6a6d0f3f,true,NO_DUPLICATE_SESSION_ID_FROZEN_SOURCE_ALIASES_CANONICALIZED,STATIC_ELIGIBLE,,,false
2021.08.19.19.22.25_veh-08,E1_UNRELATED_HISTORICAL_USE,9840,7,2021.08.19.19.22.25_veh-08_01633_01801,cdcf29c447495de8,COMPLETE,train_pittsburgh,58bc4e72b4bcb08ba393467cefc6c29cbb4259d752b5646215d1a520de5a995f,0025d2fc7eb1ce839df968d044efc1d39cda898cdfc0b763394c1384add7297f,true,10.198556,true,true,b5562baee6903757516b1a636ce8c7894c40c2e43082598d73dc58e2fadb833d,true,true,true,true,4f093ea7660edc3cf32fd79af6ae0ff6d545f88c644be807a93511fa726853f8,true,NO_DUPLICATE_SESSION_ID_FROZEN_SOURCE_ALIASES_CANONICALIZED,STATIC_ELIGIBLE,,,false
2021.08.20.12.28.52_veh-42,E2_BENCHMARK_ENGINEERING,17847,2,2021.08.20.12.28.52_veh-42_00290_00447,de64a85e163259c5,COMPLETE,train_pittsburgh,eefc9fdaee6cc66b1a65b5e106dddd9df5940a41b2e5b02e94db1307149b86a1,000ad8711bc076a42e9f017de1b21d421dcd6b8e582076e22b8d689d4babc2a7,true,12.777726,true,true,6f8ac26dab9ee985c7ef6dd1139bea63fa45d4a587248a2d0b1786dfb9564e69,true,true,true,true,bfaa5a472ec3ae5cf4e741ce5440bd2fccf048558ad8770af3e44969129bddf7,true,NO_DUPLICATE_SESSION_ID_FROZEN_SOURCE_ALIASES_CANONICALIZED,STATIC_ELIGIBLE,,,false
2021.08.20.13.00.37_veh-08,E1_UNRELATED_HISTORICAL_USE,33411,5,2021.08.20.13.00.37_veh-08_00607_01068,b0df10d6df5e55c9,COMPLETE,train_pittsburgh,451e229825f46ad230ebf45587a939ed92cf3cf73f659d0c9407a1b5b6c062df,00102b5525c5f62250fc61ca8de2a271b6b2288c5ce8cd4011f3e11dbd89c5b3,true,9.891793,true,true,ebbf7351b6e0e03c2ab1c6bd68287e3d2e9d1b78c131fc5950c40c3783a7f4ba,true,true,true,true,648d7ac2c4dee30fda2ece1480186be8a9679572954a3c0c994bb8f664faec35,true,NO_DUPLICATE_SESSION_ID_FROZEN_SOURCE_ALIASES_CANONICALIZED,STATIC_ELIGIBLE,,,false
2021.08.20.13.02.56_veh-42,E1_UNRELATED_HISTORICAL_USE,15037,2,2021.08.20.13.02.56_veh-42_01204_01440,a65e6d2f0d5d5c57,COMPLETE,train_pittsburgh,92475b41bbce640ec1dfbbe784f8ff70f2be2b65de65433da67aef922d6245e8,0000f3472e5a1b138ab1a3dae5173b87732234ffb6eb62982e181e56ec2b87d9,true,6.784594,true,true,1d8bf159570aa706ec5528e6464e49beaf8176ed80e2752f4ad0cf5ba6a9f84e,true,true,true,true,4338b15e1483154f6b9b4bfffcdf21addfb543e6ebe59f7f2553339507993c0d,true,NO_DUPLICATE_SESSION_ID_FROZEN_SOURCE_ALIASES_CANONICALIZED,STATIC_ELIGIBLE,,,false
2021.08.20.13.34.11_veh-45,E1_UNRELATED_HISTORICAL_USE,12171,4,2021.08.20.13.34.11_veh-45_00280_00652,ddedb03d69695925,COMPLETE,train_pittsburgh,1b53ca90049ede106a1e2fd54cff19160735ceaf7322620eb1c8fc40432aa032,00214f7a3fd7ac019d7879449f19fc9dfd8c44ead63d0d785078d611bed245ad,true,7.567595,true,true,f8a920a5231a85bdf8328086a54a94a24836ba549d1e64917b13df3bad055251,true,true,true,true,788cd017b5baeb9e56423adf12a18ec53abcc4a773d2000fb0d8c1d55817bd61,true,NO_DUPLICATE_SESSION_ID_FROZEN_SOURCE_ALIASES_CANONICALIZED,STATIC_ELIGIBLE,,,false
2021.08.20.14.28.03_veh-45,E1_UNRELATED_HISTORICAL_USE,34469,4,2021.08.20.14.28.03_veh-45_00239_00641,cffa105230d75804,COMPLETE,train_pittsburgh,8f6fbba44b29d57d31c30d1b0f77b2f6671801f343e019a477e3018ffce4830e,00022f9425799ef408aded91e3f89a21cebcbfb5439e3940753942e7de77a885,true,6.006042,true,true,b75e7f103fb37af10c2a6e3b79499d1834fb6aa198a7564fd06625cf0aeb51e2,true,true,true,true,535c5df156fe4a695fd4ef60d65af33e2ed8bc4b19d5c665f86165c35c088e30,true,NO_DUPLICATE_SESSION_ID_FROZEN_SOURCE_ALIASES_CANONICALIZED,STATIC_ELIGIBLE,,,false
2021.08.20.16.40.09_veh-45,E2_BENCHMARK_ENGINEERING,22658,1,2021.08.20.16.40.09_veh-45_00168_00513,15e8e80432dc5b3b,COMPLETE,train_pittsburgh,73e35ddc28c232e3bf556cc367424b6b606be98aaee5f616c7d713ad86ba301a,0003765f67e82a633a35d86fcccd8a9ee161c1b8dda24dabfad69fc4c06112cb,true,5.284789,true,true,df3af66368e5ab60b6ab10284461d84b51db800e5fa8bd9ca41ba3e9899ed1ba,true,true,true,true,e9dd3019ec6a4b6c315a14c693a3f5106387c0f77fd7adbad3522d44d0ff5320,true,NO_DUPLICATE_SESSION_ID_FROZEN_SOURCE_ALIASES_CANONICALIZED,STATIC_ELIGIBLE,,,false
2021.08.20.16.54.30_veh-08,E1_UNRELATED_HISTORICAL_USE,26153,4,2021.08.20.16.54.30_veh-08_00500_00814,81a8d8265fbe5198,COMPLETE,train_pittsburgh,ac5bd714f2f9e479729f2b6ff986e792cf9757110c0d057eae22b1b6a5508dea,000c6bdfd889e15d55049cd9ebe99faf5c697904f75458f9857ac2cfd4bc7657,true,6.844755,true,true,4a4cc0905f0c7eb3b94e3f5f5bc15b486f16f4bd6421c0c9e24124fab8ae1572,true,true,true,true,41ac062a5f9d22b1f470fd44da762363e36e5ca074bd652050d4b2e89501037f,true,NO_DUPLICATE_SESSION_ID_FROZEN_SOURCE_ALIASES_CANONICALIZED,STATIC_ELIGIBLE,,,false
2021.08.20.17.52.54_veh-08,E1_UNRELATED_HISTORICAL_USE,31510,1,2021.08.20.17.52.54_veh-08_00199_00643,8b783538ff4c5481,COMPLETE,train_pittsburgh,188755d62571f920423175041831435fa9308e66253acd5e8effa24e0d5c0bb4,00006fa73b063629613fbc9c617229d2a63121c53986548d0282b00ddb1e42fc,true,4.878479,true,true,617e10d70b9667ff99deac6bb77d076075da219d33b6c074835bfa67fd739bba,true,true,true,true,43750a0d286e24974508795007758bbdf4fe5344a7d3735731cb2cc5e9e97e07,true,NO_DUPLICATE_SESSION_ID_FROZEN_SOURCE_ALIASES_CANONICALIZED,STATIC_ELIGIBLE,,,false
2021.08.20.17.54.47_veh-45,E2_BENCHMARK_ENGINEERING,26941,1,2021.08.20.17.54.47_veh-45_02107_02455,772c0c242adb566d,COMPLETE,train_pittsburgh,43a65d3286121ac142585ef753a8035d18b2065e58f8ebf02df041a67a9f7df0,0003ca3616c5b95d35282655bf2559b9a598924191c89471ec982dff8909bdc7,true,4.694694,true,true,4010bfcef46c3304bcab0744521607b44fcd91f7b81f3e0d4164f732d8fd0562,true,true,true,true,e029f02726f11392e8ca9e07b851024dd8ece15cf42c3364429e373ecc78f01b,true,NO_DUPLICATE_SESSION_ID_FROZEN_SOURCE_ALIASES_CANONICALIZED,STATIC_ELIGIBLE,,,false
2021.08.20.18.44.47_veh-08,E2_BENCHMARK_ENGINEERING,27172,2,2021.08.20.18.44.47_veh-08_01382_01958,6d45542ba9a35e59,COMPLETE,train_pittsburgh,2d5d346eb384361b946c6b737f1c4fda104945d2918d5043c3b621e8698ba447,00052e2f744f5d9e42b5b974bcf5794a22e8d77ff3ee7a114b30f8b863bfd60e,true,6.889990,true,true,1b8a34972fcfa4d83d096092d95a1441315572238b4a4c4192c89a006781e883,true,true,true,true,ebe85e798ac27fc12763819dd6da5e212a89dbcc8b366935d412111e4a5ca76e,true,NO_DUPLICATE_SESSION_ID_FROZEN_SOURCE_ALIASES_CANONICALIZED,STATIC_ELIGIBLE,,,false
2021.08.20.19.10.41_veh-45,E2_BENCHMARK_ENGINEERING,18895,10,2021.08.20.19.10.41_veh-45_01720_02069,418afdfe53925e78,COMPLETE,train_pittsburgh,d29a7b3fab2275ad0f2029af8c4c8138e05ac5eaadc87707ae9cd3391ad703d0,001c3584880b2a1998a563c981bea03beeab9a5fbd4d2f08765d8bbc1f596146,true,8.415866,true,true,369dda1bc6cf9d84095373b0347f39aee785510d169cb1f4ffd1857b8f6d032f,true,true,true,true,f9900339d5feebead8688a21640df96f042d8f4ee6ff39e35b0a840259ac9ddb,true,NO_DUPLICATE_SESSION_ID_FROZEN_SOURCE_ALIASES_CANONICALIZED,STATIC_ELIGIBLE,,,false
2021.08.23.12.33.24_veh-42,E2_BENCHMARK_ENGINEERING,23207,3,2021.08.23.12.33.24_veh-42_02142_02317,58e28f36c65e5619,COMPLETE,train_pittsburgh,ce33ca658b9a729d89755e7ec613c838dfa7c8b3db2c3fc1fe22458fff7681cb,0003bb0e6cb265b08c4ac7e8fe9e44ff8268224313facdd14a75284ee3b4d1f9,true,13.616467,true,true,615936e391061ce7c87d5448a3633a8fd44fccf43a7c228b6d4eea6e21da8f3a,true,true,true,true,e0ca5eacf8e2fd109b731cb540d405c58c6ea830d733901d71c39818d6ab708d,true,NO_DUPLICATE_SESSION_ID_FROZEN_SOURCE_ALIASES_CANONICALIZED,STATIC_ELIGIBLE,,,false
2021.08.23.12.37.38_veh-45,E1_UNRELATED_HISTORICAL_USE,29791,3,2021.08.23.12.37.38_veh-45_02043_02159,dae990a6291d5c74,COMPLETE,train_pittsburgh,55160a77aaa9846674f88564700cf22c083269beb5fb18d7ae2d66e63f558985,0006768066b4d06dc32e3d923a312ce0e8059ea12de36bbf83e4e7182cf6e967,true,12.096555,true,true,4ad43352c909640f85cbbc1673171ba5f238b59ca58deb8274e5edc53e425065,true,true,true,true,9e622f13101165c00bb98cfc481bfcb765fef6c4c5a82c310b6a9809ef71457f,true,NO_DUPLICATE_SESSION_ID_FROZEN_SOURCE_ALIASES_CANONICALIZED,STATIC_ELIGIBLE,,,false
2021.08.23.13.17.08_veh-42,E2_BENCHMARK_ENGINEERING,28960,4,2021.08.23.13.17.08_veh-42_00936_01423,2a0e75cd59cb54bf,COMPLETE,train_pittsburgh,74c3be5ed9c0b506214669413f1699707d0dfcfb483cbed62b443a470e724be5,00045737f6f1e8aabf8effdaf4767afacde13f61621ae932a8b59c53d391dbf8,true,11.097216,true,true,b8cf5de3608a1e516d90477aafef4d9ac781ecefa784f0f4faa7d01edcba6697,true,true,true,true,7627916a0499c1fb30dfb35fde6e307f018161cb8a478ac07645d6fe3c3a6569,true,NO_DUPLICATE_SESSION_ID_FROZEN_SOURCE_ALIASES_CANONICALIZED,STATIC_ELIGIBLE,,,false
2021.08.23.13.26.46_veh-45,E1_UNRELATED_HISTORICAL_USE,29339,4,2021.08.23.13.26.46_veh-45_01481_02501,154d6bae990351f6,COMPLETE,train_pittsburgh,02d2f65e31ce6a8f406c9fffd8b36ee59fe502f3a780eefb72e683771e2f2431,0002128fa783530fc4b03a1895ca03a7ca6d8d69faaceeeed327c85dddfbd849,true,5.971682,true,true,3344c675a694131676c6ab3a496c0651ae439a60b8d39c5b4ad0ab0ec748374c,true,true,true,true,2c692966535afddcbbf941bf63cb45601984b24b84932b80172c1b9e5581559c,true,NO_DUPLICATE_SESSION_ID_FROZEN_SOURCE_ALIASES_CANONICALIZED,STATIC_ELIGIBLE,,,false
2021.08.23.13.28.21_veh-08,E1_UNRELATED_HISTORICAL_USE,18582,1,2021.08.23.13.28.21_veh-08_01254_01911,8d25f48b2d265c38,COMPLETE,train_pittsburgh,820f6ba368af34fc4053b4314185d0d8ab806c4212b213c3fb44e9d9e07531af,0000475d605821c6593e6635fd4d5b63b6f27e3c95b07819fe8775e6924524c4,true,7.300263,true,true,fe55040f865585436444d6eb0339fa61cd78dc5a755e5f16203428f4d9d472ea,true,true,true,true,6b40175a39814c2d4b5aa86dc91b3c9da59ad34b917538515db65bde5242e046,true,NO_DUPLICATE_SESSION_ID_FROZEN_SOURCE_ALIASES_CANONICALIZED,STATIC_ELIGIBLE,,,false
2021.08.23.14.02.02_veh-42,E1_UNRELATED_HISTORICAL_USE,11931,59,2021.08.23.14.02.02_veh-42_02230_02309,0c589860adff5b03,COMPLETE,train_pittsburgh,a84b96ab66e109b0239c356045463845d73270191d6e5d6a0b508a8907e39dbe,016e876c5c46dafec0f9177a6586a02ce5b0753fc566b40ff4fd50203c2d6bcb,true,6.353310,true,true,e3c52d9ab878a4408bd6f36956826a45e2b5de5b33ea4b8f878e1c13db46ede3,true,true,true,true,b6d94c823c5a6a57ea490c353aa208d1056cbeffb0e8a83a3625eabe7cc44805,true,NO_DUPLICATE_SESSION_ID_FROZEN_SOURCE_ALIASES_CANONICALIZED,STATIC_ELIGIBLE,,,false
2021.08.23.14.27.31_veh-45,E2_BENCHMARK_ENGINEERING,29947,6,2021.08.23.14.27.31_veh-45_01488_02301,71b1e48986945289,COMPLETE,train_pittsburgh,6c9a29e4bfa0f0f23886132f9338996f981731c0ccb8746535133815d081c4c4,0008aab3606a484b3cca738f6f01cd04a83fce2d74978eb156656c82858ab935,true,4.386996,true,true,b2af91773e1850f10356e544ad4018fb81850a46be9116dee3b038199e492d51,true,true,true,true,c11dd0aaed17466500b03a7c33ef34dbde2dfc4c2a3ca7cde976611093f94e6b,true,NO_DUPLICATE_SESSION_ID_FROZEN_SOURCE_ALIASES_CANONICALIZED,STATIC_ELIGIBLE,,,false
2021.08.23.15.14.44_veh-08,E1_UNRELATED_HISTORICAL_USE,20091,13,2021.08.23.15.14.44_veh-08_00161_00895,99779cd1b4dd5988,COMPLETE,train_pittsburgh,fbd678f9716982280a702837b065709442207389b324dbbf0037182803f8a283,001c0358546bec0f3ffa4090beb5db8875301686ee6a735d57c950f2854bdc03,true,9.532991,true,true,5dd64a4e4a4a9b5a379cbdeaa33188bb7787ec12a687369349e27672b2b370ad,true,true,true,true,df9b03e88323bc3de5fed44772efe56fa67a360269677d63820986002546ad50,true,NO_DUPLICATE_SESSION_ID_FROZEN_SOURCE_ALIASES_CANONICALIZED,STATIC_ELIGIBLE,,,false
2021.08.23.16.32.43_veh-45,E1_UNRELATED_HISTORICAL_USE,22154,7,2021.08.23.16.32.43_veh-45_01332_01572,8bcec95349fe59c1,COMPLETE,train_pittsburgh,a5555b9a234d1d5dac334cf836f2438d0ee05f16bdb00ea43d4450b1969e674e,0012ef19053f40261454f2f47f695995b14f6e546c54cdb11f90769971bcde92,true,11.156383,true,true,f5286f2387ac6ae508875d601a6b0d61dfeb04129c288714a9dce1aecb636bb8,true,true,true,true,9988079105f19cce54717e5465051f99665d5b9eaa32abc964b192b03a6894d5,true,NO_DUPLICATE_SESSION_ID_FROZEN_SOURCE_ALIASES_CANONICALIZED,STATIC_ELIGIBLE,,,false
2021.08.23.16.51.29_veh-42,E1_UNRELATED_HISTORICAL_USE,29619,2,2021.08.23.16.51.29_veh-42_00291_01035,a51d59d04d845c24,COMPLETE,train_pittsburgh,776dca01c2512a02181ebd87cf2ec3f6b91a1aa400b85309574a44dda899e10b,00023deebacb8b7f4c52ba2b1b33a66cd088c7b2ec80b4db64049781fa1eb936,true,7.739325,true,true,c428daf33583595d92c634949701806de46c8d138105aa204b6dab9ae65d8b82,true,true,true,true,e9ddcf01e8109e7c194c4f7140916c0c61058170b69af373f3fb7a4b37562faf,true,NO_DUPLICATE_SESSION_ID_FROZEN_SOURCE_ALIASES_CANONICALIZED,STATIC_ELIGIBLE,,,false
2021.08.23.16.53.37_veh-08,E2_BENCHMARK_ENGINEERING,22901,1,2021.08.23.16.53.37_veh-08_00016_00648,c12178e439105fed,COMPLETE,train_pittsburgh,dbc76152e614c02bbe9142a4ebc73e40ba0bc19b29be9ecb389dcb560c5e1ab7,0003e7eecacdf0d9a6a7a3123956768b165a99cfd60147a7ce59b5ca24e8b7c6,true,8.075633,true,true,a32cfb3f02f16a48716211a3467650ab5393b1935fbf2010cae43d883c66810c,true,true,true,true,2df0dfd652555f67b1be1b7266a9d635b0fb8d0613e13b57f0b1361a0dfc31a5,true,NO_DUPLICATE_SESSION_ID_FROZEN_SOURCE_ALIASES_CANONICALIZED,STATIC_ELIGIBLE,,,false
2021.08.23.17.20.10_veh-45,E2_BENCHMARK_ENGINEERING,27036,10,2021.08.23.17.20.10_veh-45_02277_02706,2dc6aa6afd2d5eff,COMPLETE,train_pittsburgh,d2a0e504299b21a872bb3150867ccac5d8a832ac67ac52fac82cfdbb6ef1e460,001c2c436d1415dbf63a17381024881ffe52f85240a92c57378bcf076312b9f5,true,6.006798,true,true,52f2c0765456b8c057618a42dff17f23531f07836e1e8f85d1f66f3df81e4598,true,true,true,true,75c41f619aa01af31463e4a8077a9aad768d8b773749e54e6b1a1082c7210081,true,NO_DUPLICATE_SESSION_ID_FROZEN_SOURCE_ALIASES_CANONICALIZED,STATIC_ELIGIBLE,,,false
2021.08.23.17.33.08_veh-08,E1_UNRELATED_HISTORICAL_USE,28665,1,2021.08.23.17.33.08_veh-08_00029_00104,ff2a6c11598e5d42,COMPLETE,train_pittsburgh,4185909da43a81be134aa1203e355987e80f0dbb31ce304714694d18dc5deca9,000273c85452ea5371da4cf33babef938bd00bd1a7d4db3ba1e885c69e1c8301,true,11.968714,true,true,dae6a986f2e14baa8fbcf1421bab4d08af90db2df860cece287b8d17c5a4f3e1,true,true,true,true,3e046f7508ab8d92f05ec105f13575679a628db69fa3f2b260a860c3129a6f85,true,NO_DUPLICATE_SESSION_ID_FROZEN_SOURCE_ALIASES_CANONICALIZED,STATIC_ELIGIBLE,,,false
2021.08.23.17.36.45_veh-42,E1_UNRELATED_HISTORICAL_USE,25964,2,2021.08.23.17.36.45_veh-42_00023_01720,a6df2e05944e5780,COMPLETE,train_pittsburgh,1acff78c79da21a0b413da50db91fe0a24a24d9dfc15480531162d36e3b495ac,0003d76a5b862bc73c1b6b89cacfcde7c8a7c6c0c2f8af9895546482022474e5,true,6.743035,true,true,a7e0a9470abe2f0fc8c30edf2ad7b19df212436c0e2c4050fdd2bdb73b6fd848,true,true,true,true,b33ba2c00ded84e673c44dd0442d4244591bf9bf0fdab1632bebbf0c63863c62,true,NO_DUPLICATE_SESSION_ID_FROZEN_SOURCE_ALIASES_CANONICALIZED,STATIC_ELIGIBLE,,,false
2021.08.23.18.16.02_veh-42,E1_UNRELATED_HISTORICAL_USE,22080,4,2021.08.23.18.16.02_veh-42_00016_00227,ebf90b5ce0f15ff3,COMPLETE,train_pittsburgh,a4796eb3c252a7d87043ea7feb93f9eefbc88f05705ba941a4bcc0f0a84b644f,00099528e7670fddfa0b56e8915ef2917888ccc7beabd85ca22f21a139a5dad4,true,8.321168,true,true,2e0e76ae942ea47ecac1e822a288ec19b21c72c0cd9ff5fcd68b56c6467deb8b,true,true,true,true,82b40026a9a955ccfd8ed8b882280b5140e2d5f41473a29d8390a0948e440401,true,NO_DUPLICATE_SESSION_ID_FROZEN_SOURCE_ALIASES_CANONICALIZED,STATIC_ELIGIBLE,,,false
2021.08.23.18.22.47_veh-45,E1_UNRELATED_HISTORICAL_USE,25883,1,2021.08.23.18.22.47_veh-45_00343_00814,d7dafc9a8d285dee,COMPLETE,train_pittsburgh,d6600203e43408e40df7e005b13c807662d9e7681236b9e1216f496fed2ed982,0000ff71d5801a9b6534b33bb696ef13f30b6e26e8ba3ae97580bfac9e625a7e,true,4.600423,true,true,7f558ac215d1a8c6af65b68a1ded89b81e45e188e3f1da6fa07b709debf13826,true,true,true,true,0efb13cd421b2af9c477f182f0c9937355e31c07b35ef19245d1d1fdc3eda375,true,NO_DUPLICATE_SESSION_ID_FROZEN_SOURCE_ALIASES_CANONICALIZED,STATIC_ELIGIBLE,,,false
2021.08.23.19.08.29_veh-42,E1_UNRELATED_HISTORICAL_USE,26707,4,2021.08.23.19.08.29_veh-42_00159_00870,74aa68d99cd154ec,COMPLETE,train_pittsburgh,8a7f7a162dad02ed07d4afb2c557b3af0a91cfa9450587ae900e4a283f6612c9,0006c28f5c6b574cf6f480bef3b3da79d3275f8519a6ec24cf1663298049d527,true,5.544196,true,true,21afb9db522b213839af68b39092b8a9bb633104ed25404b956fe63f586b116d,true,true,true,true,2fd2349d097b7e851726f88b1a39b19e4aa06ea78943a0df5bb65a012afe1dbc,true,NO_DUPLICATE_SESSION_ID_FROZEN_SOURCE_ALIASES_CANONICALIZED,STATIC_ELIGIBLE,,,false
2021.08.23.19.12.30_veh-45,E1_UNRELATED_HISTORICAL_USE,28007,6,2021.08.23.19.12.30_veh-45_00037_01032,96421d10ad935eef,COMPLETE,train_pittsburgh,92307cfc4d75c8ee3110ed06dcc75cabd2fde512866a0213a25058308c49b1f3,0008e55d78223c690d9f7530946b9798740ff08abfe754f81dffdadec1587a8f,true,3.959360,true,true,e82a4bc61f3cc4b124558052b4adb51ab3f7ff391c0b95e356bb43e34d60ad20,true,true,true,true,102c346ee81b50d8629bff7034f778089a404261f558ddd90c1d9fdfac756918,true,NO_DUPLICATE_SESSION_ID_FROZEN_SOURCE_ALIASES_CANONICALIZED,STATIC_ELIGIBLE,,,false
2021.08.23.19.33.55_veh-08,E1_UNRELATED_HISTORICAL_USE,23449,1,2021.08.23.19.33.55_veh-08_00580_01530,75a2bebefdcf58ff,COMPLETE,train_pittsburgh,6bbd4f710b5169e1530536ca55e1001368452814061f973eaaffe9c6a8bbfa6b,0003567551f88674d02fa9a6195c45d9eb9d38a48d3eb58b13024261949df9c4,true,6.169141,true,true,ad59467e48f3791eba458df4b6a46b645d48030ec7e4860873b483c97479c0ed,true,true,true,true,417f5b0e020e2ea225b7af5045d808198b3fbcc06a86ddb2d27ff1a247836d05,true,NO_DUPLICATE_SESSION_ID_FROZEN_SOURCE_ALIASES_CANONICALIZED,STATIC_ELIGIBLE,,,false
2021.08.23.19.47.22_veh-42,E1_UNRELATED_HISTORICAL_USE,25922,10,2021.08.23.19.47.22_veh-42_00030_00572,9fd5363a9a1255f5,COMPLETE,train_pittsburgh,d24d6637b13bee5fbac8d3dc030f00930b89abe8436ce78c45c964b55a27879f,00174fd783ee56ee86fdd82ad7a28bb3f20e889ab0a2cf5f1f8efc5b6d736c51,true,7.596502,true,true,84b51294eba80261406cc7a247b4b3814b93876ed4a3f874f0d00313d62b63d6,true,true,true,true,9b99af1654f140e6b2996459616e38b2862f36179c615ca91463533f729eba85,true,NO_DUPLICATE_SESSION_ID_FROZEN_SOURCE_ALIASES_CANONICALIZED,STATIC_ELIGIBLE,,,false
2021.08.23.20.15.12_veh-45,E1_UNRELATED_HISTORICAL_USE,16885,3,2021.08.23.20.15.12_veh-45_01670_01782,2696f7d0ff87504c,COMPLETE,train_pittsburgh,838aa3e8fcc02cafb07fd5c828bacc0609a72c36061d823ad8da13ac4df5facb,0003ea408c6ef8aa420e09119747f4148631916b5cbe7af8cae850df26d54899,true,8.507875,true,true,c8f1c309bde6a3746461b1f66a4e1f8f59682ab7d32aa1837c04b617f37e2bf4,true,true,true,true,f9827e01fa1a37c895ee797a354809b439c9fe72af3903c937e591fda2efb9f1,true,NO_DUPLICATE_SESSION_ID_FROZEN_SOURCE_ALIASES_CANONICALIZED,STATIC_ELIGIBLE,,,false
2021.08.24.13.12.55_veh-45,E5_UNTOUCHED_CONFIRMATORY,1291,256,,,COMPLETE,,,,false,,false,false,,false,false,false,false,,false,NO_DUPLICATE_SESSION_ID_FROZEN_SOURCE_ALIASES_CANONICALIZED,STATIC_AMBIGUOUS,,"NO_ELIGIBLE_IDENTITY_IN_DETERMINISTIC_TOP_256;PREFIX_REJECTIONS=EXECUTION_INITIAL_SPEED_BELOW_3P61:76,NATIVE_ROUTE_REFERENCE_UNAVAILABLE:ValueError:6,OFFICIAL_EXACT_SCENARIO_RESOLUTION_NOT_ONE:174;REMAINING_CANDIDATES_NOT_MAP_EVALUATED",false
2021.08.25.13.09.17_veh-08,E2_BENCHMARK_ENGINEERING,40229,6,2021.08.25.13.09.17_veh-08_02585_03033,821e9cb59afe5cfc,COMPLETE,train_pittsburgh,ff386f13ae2ff30044eb04038cf1b4a55437af0e50e10eb9a2b56151734db65e,00066356c232ddf70bd13f357304d3b1cd9d0489418a777e11437314bb3896d5,true,8.197156,true,true,aa20f4cf4a8cf765941adb7b0fbcd47d5c0679358dc94c31a21c071bb2bbf140,true,true,true,true,1d289d4fabceda2b132abb0eb77f89c348d5d2104bab43318e642e0c71619a5d,true,NO_DUPLICATE_SESSION_ID_FROZEN_SOURCE_ALIASES_CANONICALIZED,STATIC_ELIGIBLE,,,false
2021.08.25.14.12.46_veh-08,E1_UNRELATED_HISTORICAL_USE,35651,6,2021.08.25.14.12.46_veh-08_03118_03426,151dfba26283581f,COMPLETE,train_pittsburgh,9a7421e8b2f5bb902468ada02fe0ad56e33258dc346f12b62d694ce2f5d3fca9,00095f1d2c92e3c07c6ea906cad815422394e843151260fe785a7b16b7a2434f,true,7.994687,true,true,39374a68e4c270fd9e0e44bf2b36f21547cc0ab3dd32b325c7d608200d03483e,true,true,true,true,801c65ab258d44b515d758dc9c45dbe329e35fd843660c8110f343e129cc2416,true,NO_DUPLICATE_SESSION_ID_FROZEN_SOURCE_ALIASES_CANONICALIZED,STATIC_ELIGIBLE,,,false
2021.08.25.14.46.50_veh-45,E2_BENCHMARK_ENGINEERING,22933,2,2021.08.25.14.46.50_veh-45_00369_00789,355873ebea165a98,COMPLETE,train_pittsburgh,6c1408a205de6a4084de793411f02d1418d2ec88934b9a23cffc86d12b8cf52b,000346677f4b92547bd566434e0fb9b077c2a09cb4b1d4d96cf588af1582355d,true,14.838377,true,true,083bc0d1491c8c717af9bd88d9004ebaa17549abdb514f1727d410cfafd4819d,true,true,true,true,856e9c0072c209a87458555686dff0e39b6cadd29bc515df9ecb14c1f4f499cb,true,NO_DUPLICATE_SESSION_ID_FROZEN_SOURCE_ALIASES_CANONICALIZED,STATIC_ELIGIBLE,,,false
2021.08.25.17.10.24_veh-45,E1_UNRELATED_HISTORICAL_USE,37613,2,2021.08.25.17.10.24_veh-45_00154_00509,b4ddd2b493565db3,COMPLETE,train_pittsburgh,96b62b61c54f18fe9620eb7dc4760aed9b9da7d50ba4cc188bd82b1dd3412680,00022f8d469df9df7a34ec2b620e035f330992496441e89977595f1a38250fcd,true,11.684372,true,true,1706fc845183f4dd382bdd294e5a26fba79d83916d68dec6c677739ece3fe6a7,true,true,true,true,476a0c95589b4a40f96171a2fc5f57f7b140c03d1014824268fda83bbec442d1,true,NO_DUPLICATE_SESSION_ID_FROZEN_SOURCE_ALIASES_CANONICALIZED,STATIC_ELIGIBLE,,,false
2021.08.25.17.17.57_veh-42,E2_BENCHMARK_ENGINEERING,18507,5,2021.08.25.17.17.57_veh-42_00327_01003,2e0fcd5d856d5d14,COMPLETE,train_pittsburgh,00a1191d0e0005e7f98bea93fcf4cfc9fca04d9f3f3c76a709f547cd6f7dee8c,0011feccede36876255581ad1c8401d0feb41f39a940668ee4944f5633d582fa,true,8.236299,true,true,1a5e4d8b3ced34085dc101262b735dad9a05a6533c185aed7fc0667a3c186ec6,true,true,true,true,996b56dcc6575c75e9265be261c67d76ffabddb7652403918e5c7d4611b76861,true,NO_DUPLICATE_SESSION_ID_FROZEN_SOURCE_ALIASES_CANONICALIZED,STATIC_ELIGIBLE,,,false
2021.08.25.17.54.16_veh-42,E1_UNRELATED_HISTORICAL_USE,19933,16,2021.08.25.17.54.16_veh-42_01453_01881,e218607dfa6d5e27,COMPLETE,train_pittsburgh,b6279192dc600d6dd27d0e4366cc314931e902e705a07e6367c0cf9e0d1eb6bf,002b54a112d4d1f7cf6ed0b137b19b55737b30565ba7be520e96434ac53c12b8,true,6.149190,true,true,39651414b9b02e33dde805e732fb0b943dd78a05d852e76a382649ac267465ed,true,true,true,true,9472e0e4fef285ab191891ae3585c59c687d2d92992432945f8f47bdbf04dd8d,true,NO_DUPLICATE_SESSION_ID_FROZEN_SOURCE_ALIASES_CANONICALIZED,STATIC_ELIGIBLE,,,false
2021.08.25.18.07.15_veh-45,E1_UNRELATED_HISTORICAL_USE,34957,1,2021.08.25.18.07.15_veh-45_01074_01672,623eeac51c985141,COMPLETE,train_pittsburgh,9cd755546eadb1f0bcf2f4d852e819e06f434b29e425f91d3094060657b276c1,000169b1b6e7b3f505ee7d5d769ec2c66d6f778e632e2ca02fc91d9362b00f73,true,7.098296,true,true,cc2f0cc2b578a2ba7542f8ae62e00130190154a381c88d17ddf272af0bc9ec02,true,true,true,true,85ba235e264bc6794ceb7359d1208af3dded99b573db150ff758183e3dfe4a8e,true,NO_DUPLICATE_SESSION_ID_FROZEN_SOURCE_ALIASES_CANONICALIZED,STATIC_ELIGIBLE,,,false
2021.08.25.18.29.43_veh-42,E1_UNRELATED_HISTORICAL_USE,21750,1,2021.08.25.18.29.43_veh-42_01494_01818,f3c4960d4e5b5d65,COMPLETE,train_pittsburgh,6aee42bd4930a1c5fd3063db9900a6c86cd87002b937ee2166445b5a585e7b4c,0002d4306e75a222fb30fad1382070792d497576ef39d35fa1f09ab7e1231756,true,7.834855,true,true,210055d12d7e9b05ef4cc92b7da25bd3cef26ea8a53da54c86ef147bdefa9463,true,true,true,true,2df7e0a2cab0a335f1ba9e1a13759be63dc27e8cfc5ffd04aa9d4f6bc3dbe86e,true,NO_DUPLICATE_SESSION_ID_FROZEN_SOURCE_ALIASES_CANONICALIZED,STATIC_ELIGIBLE,,,false
2021.08.25.19.06.07_veh-42,E1_UNRELATED_HISTORICAL_USE,18522,5,2021.08.25.19.06.07_veh-42_01126_01421,746f9345210e5281,COMPLETE,train_pittsburgh,6c3a8247e6ada740e2f76a11e4d3e2bf66bf1be43ba8bc8dd7cbfa6e1cf11970,0012136eff7bdfe78a878d7ec86537e0b2acd43e8aa227c779013f7fd17f1100,true,8.551599,true,true,17cd51457ea4b82ce5a69577d09fa2e8a1a12e3e861874924a185465559d1193,true,true,true,true,61add4e15004e69385491190dcde67b72deea61253807866daffd8f4bac74f44,true,NO_DUPLICATE_SESSION_ID_FROZEN_SOURCE_ALIASES_CANONICALIZED,STATIC_ELIGIBLE,,,false
2021.08.25.19.15.01_veh-45,E2_BENCHMARK_ENGINEERING,29520,1,2021.08.25.19.15.01_veh-45_01070_01141,44763c74933554da,COMPLETE,train_pittsburgh,32f4c8e92e06e55b08b3d9437d80bf094b9d3c64486fd548cd70d1d15da828ab,0005ebf6f3919b02b4a31f5101e2dfff96e973fd44c167c0fbd3eb941da9bf34,true,12.648316,true,true,4ad43352c909640f85cbbc1673171ba5f238b59ca58deb8274e5edc53e425065,true,true,true,true,2fe4e1759d312094240fbc3578eeff95effef3e322451201fbda55c21c91f48a,true,NO_DUPLICATE_SESSION_ID_FROZEN_SOURCE_ALIASES_CANONICALIZED,STATIC_ELIGIBLE,,,false
2021.08.25.19.30.22_veh-08,E1_UNRELATED_HISTORICAL_USE,15030,2,2021.08.25.19.30.22_veh-08_01138_01710,5088b5a2ddc1532f,COMPLETE,train_pittsburgh,6bd3e619ff9f2cb1ddbd9d7d2dad19016897edf95ddcb0f262cf5a0cfc2e4e28,0009228f9dc5b854e4572535849875fbd42b3ed9aeb8cb10aadc8a0a2f159014,true,6.238530,true,true,0820dc38bfd68a4abc6ba7f9a35b12985abf73400ac6f8fb641a5c5eb76e3f28,true,true,true,true,2316a5ff095f2136dcf755aa942202943354bf8bbef8a51c8e1f3177b5de1a7b,true,NO_DUPLICATE_SESSION_ID_FROZEN_SOURCE_ALIASES_CANONICALIZED,STATIC_ELIGIBLE,,,false
2021.08.25.19.45.41_veh-42,E1_UNRELATED_HISTORICAL_USE,19718,21,2021.08.25.19.45.41_veh-42_01035_01564,b7250ff4d7395621,COMPLETE,train_pittsburgh,2711312d63f9d42a171c3a6acb5996ff73a81c4481397dd8a8ebcb8f5399984d,0058ad83fa42848393b9383290c6839dc58fcbb2e90f4797823deb51dc4b8ac3,true,5.910897,true,true,c566172490d4ecc7bd627e9577258ca8b401035056c0688f16da16b0833678f4,true,true,true,true,2ad5e287dc3ff96e153484f474b92ca27329da99f305cb3a9e3baad40e7850f7,true,NO_DUPLICATE_SESSION_ID_FROZEN_SOURCE_ALIASES_CANONICALIZED,STATIC_ELIGIBLE,,,false
2021.08.25.20.03.09_veh-08,E1_UNRELATED_HISTORICAL_USE,20662,2,2021.08.25.20.03.09_veh-08_00016_00999,6c2fc5f3f3a05f3d,COMPLETE,train_pittsburgh,a239e2eebc01d7d54d98feb038f3c0b9babfc7cc896ff5de47cf5e9514469ec8,0000c564272630d975ad25e414e7d24e951a871e78fa716fb784f4728a4c9c3c,true,5.996950,true,true,cde1a5eafed8ff26d455f68ba8b81a93f4103c17718f9ceb309b383980a32e60,true,true,true,true,1e4ca083d1665b80236548632379f3b05397a34d44e4450c360f47c827203891,true,NO_DUPLICATE_SESSION_ID_FROZEN_SOURCE_ALIASES_CANONICALIZED,STATIC_ELIGIBLE,,,false
2021.08.25.20.03.37_veh-45,E2_BENCHMARK_ENGINEERING,20452,1,2021.08.25.20.03.37_veh-45_01824_02008,5b7bddc9f0b55823,COMPLETE,train_pittsburgh,be7dc9491947c9ebcd57709061f65383304c3e6a2701383cfba1487644f33b25,0003ee0696907adba9f14bb1986d90c5a32d18693b39ea3950a229255a8ea465,true,8.214626,true,true,b81e288fd67d2e24c16b268a1e77d6a108e2c09feb1b46c62b17a47e10788185,true,true,true,true,c859ab1edcb7dd40dc0b2c8a41f080cb33385e667577f4eab1bdd77a0a7e466b,true,NO_DUPLICATE_SESSION_ID_FROZEN_SOURCE_ALIASES_CANONICALIZED,STATIC_ELIGIBLE,,,false
2021.08.25.20.20.58_veh-42,E1_UNRELATED_HISTORICAL_USE,17168,9,2021.08.25.20.20.58_veh-42_00128_00365,3b2e375747e75e93,COMPLETE,train_pittsburgh,cd8864cacb612b8931d2ac901e1ba06613bebfe124ae9e3502bb1bac8d905ea0,0015c4490f95cf5beefb7cce6ff86fb626a5a5e830a4512c13eedba705320161,true,10.390759,true,true,2123025cd969d2bbb2156962fd9450a91e28b3050ee37439f2a738beeca02be2,true,true,true,true,3d1e1738ddd3e021379ee9a6078a2aae68640a5cb625208566ab196428c3af28,true,NO_DUPLICATE_SESSION_ID_FROZEN_SOURCE_ALIASES_CANONICALIZED,STATIC_ELIGIBLE,,,false
2021.08.26.14.34.54_veh-08,E1_UNRELATED_HISTORICAL_USE,23141,3,2021.08.26.14.34.54_veh-08_02393_02538,78203b6f607d5faa,COMPLETE,train_pittsburgh,0d453590cf1f5c97d8f8af4adca94721b5c6bd8ff57a81e034421260118fa6ab,0007b008b948662b38481548ece7646cb55f6d32c0dcdf948b64bd91017eb731,true,5.418664,true,true,aba206ec3c1474923b23547e6e97c2e0af6b02e42deef9d66909f607b39eafa4,true,true,true,true,74831a60e530e43c656359745e327ddc2a305d922be323b7d0c0d14bec62372b,true,NO_DUPLICATE_SESSION_ID_FROZEN_SOURCE_ALIASES_CANONICALIZED,STATIC_ELIGIBLE,,,false
2021.08.26.15.12.21_veh-42,E1_UNRELATED_HISTORICAL_USE,6748,25,2021.08.26.15.12.21_veh-42_00678_00809,116d4f25ef3450cb,COMPLETE,train_pittsburgh,ee8ac042ffc3e3b4b651c267584c56161d6cdd1f2c2ef15faf29cd9c3ee5e245,00df5c8340da8ce290aa1dbce8f29d6d07d270f64e68920b63b9c3f0003f338a,true,5.114721,true,true,01fd9947099912b1699328925ae05ca30f97cea4a6f1658dd22af81790f2fe3e,true,true,true,true,79809265c0408ea3b3465c9b1e84248be7b2a38a074cd462c39d4d4e2bb37b5a,true,NO_DUPLICATE_SESSION_ID_FROZEN_SOURCE_ALIASES_CANONICALIZED,STATIC_ELIGIBLE,,,false
2021.08.26.15.22.00_veh-08,E1_UNRELATED_HISTORICAL_USE,16751,3,2021.08.26.15.22.00_veh-08_00274_00485,4d65dd01aa40579f,COMPLETE,train_pittsburgh,1857ea24a28f0be4a6244077f67eea8d6ab383f1f32c6deaabab6d17a64c7516,00118b5d0e2a2022ce1fc191cdbcd85d2ee38a6715797352d5791c828ae9dc38,true,4.458797,true,true,e7adf00ac363dbce2479569aeed3f9597107f779a44ae8c9378dbec9c9ec0bf4,true,true,true,true,817f55820f366b6a93aba42d2a121fe9ae31a74a053cbc834399760c99f8766e,true,NO_DUPLICATE_SESSION_ID_FROZEN_SOURCE_ALIASES_CANONICALIZED,STATIC_ELIGIBLE,,,false
2021.08.26.17.14.36_veh-08,E2_BENCHMARK_ENGINEERING,35589,4,2021.08.26.17.14.36_veh-08_00510_00722,218e05d7125e5d96,COMPLETE,train_pittsburgh,761e753f69802d2b7b480295ad15ffaca76d7b73af1e951affeb4d3abff5f3e3,0004bd660585aeed19babdc552a5b7e0d5ace60036298f335b065db66f48a6cd,true,6.367551,true,true,29aa8e27084655c44fec82b8f269adbea9138f5d49df9509c2d5399529f66392,true,true,true,true,316ad5547047eeda975c9f14593d9bf06e9b07037d6ba6794a691ebcb2fbf36d,true,NO_DUPLICATE_SESSION_ID_FROZEN_SOURCE_ALIASES_CANONICALIZED,STATIC_ELIGIBLE,,,false
2021.08.26.18.17.33_veh-08,E1_UNRELATED_HISTORICAL_USE,12867,2,2021.08.26.18.17.33_veh-08_00324_00678,22f4290d584b5d9e,COMPLETE,train_pittsburgh,992b9d3de90edccfa358c2e1d21c20bbb9510e75530d5ae460b790bd2fb972ea,000cc8b9bbaa73eebcd6e29f6fa7ff27e8bcccc7a97a230817ff72b8b83d04c1,true,4.208502,true,true,b8b29150143696194ebe1d516fa2442fe7ad9a174e849b42df73e829bdcf9158,true,true,true,true,082951b8071d661f15e01d98d93839fb1a1ea0c36bd81627f3e512845b576bc0,true,NO_DUPLICATE_SESSION_ID_FROZEN_SOURCE_ALIASES_CANONICALIZED,STATIC_ELIGIBLE,,,false
2021.08.27.13.08.25_veh-42,E1_UNRELATED_HISTORICAL_USE,31947,3,2021.08.27.13.08.25_veh-42_00375_01720,b6e85ceb11525f2d,COMPLETE,train_pittsburgh,f5050927271c96ec73b033c5b62fbc473033f31c33a1c9bcb7f6dd46003a2adc,0004ac41a45806905b9b5ad432e616daebbfac8960942a9e65fe7a1e15d7fc1e,true,5.388167,true,true,b5465717fa44e411d05d9eac9649a617400413cc1577e611d8fcb94a9121587a,true,true,true,true,ef1d68dda3ee1a86f237993b6dd0807d50ac535bb8cba0e92058ad1f19ad6723,true,NO_DUPLICATE_SESSION_ID_FROZEN_SOURCE_ALIASES_CANONICALIZED,STATIC_ELIGIBLE,,,false
2021.08.27.13.48.56_veh-08,E1_UNRELATED_HISTORICAL_USE,21242,8,2021.08.27.13.48.56_veh-08_00894_01162,9cb86ef115cf5ca3,COMPLETE,train_pittsburgh,9a38aecd2f98f99097df67b08666d9594365e8cc76458bf4b35354af053d3873,001c081ffbeea90ecffe974cc761ecd1c49f60a14891e55612741e3fa36709bf,true,7.411667,true,true,9fbe0dc8633b84b0df662daa21807cdb45ba091b0e0a8b78cb42267e28f7267f,true,true,true,true,232d0f7974bdd2944812889782d013ce435855f4b62ad22b8fc33e8bc580003d,true,NO_DUPLICATE_SESSION_ID_FROZEN_SOURCE_ALIASES_CANONICALIZED,STATIC_ELIGIBLE,,,false
2021.08.27.14.14.40_veh-45,E2_BENCHMARK_ENGINEERING,37079,1,2021.08.27.14.14.40_veh-45_00090_00162,fdc4182015855898,COMPLETE,train_pittsburgh,63d30974e621b0769822e37a929f0f49263677bc8257255a0f2f54866f8556e0,00014bfe3117669c65d232b2937866c49e245c2bb268593c46abc317f26d4017,true,13.418876,true,true,1706fc845183f4dd382bdd294e5a26fba79d83916d68dec6c677739ece3fe6a7,true,true,true,true,fe1189a5f6373586e97c367aa41b9e4c86ff34c0f629e27d90b148e3a2a158bd,true,NO_DUPLICATE_SESSION_ID_FROZEN_SOURCE_ALIASES_CANONICALIZED,STATIC_ELIGIBLE,,,false
2021.08.27.14.24.38_veh-42,E2_BENCHMARK_ENGINEERING,28603,1,2021.08.27.14.24.38_veh-42_00028_00101,5f903c95ad345df1,COMPLETE,train_pittsburgh,4d4af13d761f5eed7221ada0b74ed0fb6b6f08c4343d89a6f87aa8a87bf40738,0005a2fc623d4bacf2510491c47da8b20ebc06d8748bba41345f5a5eed975f13,true,8.234629,true,true,23005038a3560aa304bdcf4012bf8c782c7ff9d3a0b3b7bd7616aa0b1a6adbf8,true,true,true,true,8e90c9665e123958e721b66ff1eaf81d870d1545a2b2600077babd2a97fd46f6,true,NO_DUPLICATE_SESSION_ID_FROZEN_SOURCE_ALIASES_CANONICALIZED,STATIC_ELIGIBLE,,,false
2021.08.27.14.37.47_veh-08,E1_UNRELATED_HISTORICAL_USE,27434,6,2021.08.27.14.37.47_veh-08_00225_00426,376307aec32b594a,COMPLETE,train_pittsburgh,d00370cb384ee4c8f0552a131b9990ad814eadcb9254cf4a0a1164e01166eacc,000fecac0f23c13c2d73e96b105dda9456958d7ba18e94a592fc074c7d9c818d,true,5.648425,true,true,e25d4fc96d8adbb3bdab5df7fe53ee81917c6024a6629924330c21099b053bdb,true,true,true,true,80c2b6bccd3284384deb1400cca228a143cc269306e83987d79cf17e21c9623a,true,NO_DUPLICATE_SESSION_ID_FROZEN_SOURCE_ALIASES_CANONICALIZED,STATIC_ELIGIBLE,,,false
2021.08.27.16.43.13_veh-08,E5_UNTOUCHED_CONFIRMATORY,14150,2,2021.08.27.16.43.13_veh-08_00145_00527,49b4ff45e630527b,COMPLETE,train_pittsburgh,85c1d8520259f97fdbab0156f0be649fda9d01d4538868444e74c432757a7690,0004721ae0c954508da5b7b3d23a43facd0a75a215cc0928979f49cd9c0c852e,true,8.041995,true,true,ca78cedcf8b3ba1afd16c79ac763f2e0076e4c2b99a8621ec354bf9016aa56a9,true,true,true,true,8534a585799dcc9a30138dd46255db1eab8deb2c3881a25bb637d0693fb956e0,true,NO_DUPLICATE_SESSION_ID_FROZEN_SOURCE_ALIASES_CANONICALIZED,STATIC_ELIGIBLE,,,false
2021.08.27.16.46.47_veh-45,E1_UNRELATED_HISTORICAL_USE,33135,1,2021.08.27.16.46.47_veh-45_02244_02729,4623e26918185ace,COMPLETE,train_pittsburgh,3ea3a2db9ba1b58a953e7b3bbae01a08359f257ea5ef9984b0540519ea513244,0001478d207dd48ab5d5d4a7d54be0456ac6c672597489bbb85fb566c1c24657,true,12.723047,true,true,40a1a6b2c62fe56f004f9b828bedeb8ca53c3002ae6c01eac47c060976bfd148,true,true,true,true,130c6facd9d76c109d50799763f1fa33b3a3996b045ed34e166a32adad3effe5,true,NO_DUPLICATE_SESSION_ID_FROZEN_SOURCE_ALIASES_CANONICALIZED,STATIC_ELIGIBLE,,,false
2021.08.30.13.08.03_veh-08,E1_UNRELATED_HISTORICAL_USE,21882,1,2021.08.30.13.08.03_veh-08_00207_00494,3c4050eab6365ec7,COMPLETE,train_pittsburgh,c3b7e5340eab9d9d049f7819f9f0599fb184909d6819264f3d8e065ac541796c,00082498730c805a4b086d9ee986530a2ed6d8f17c88fbf0b45c090c455f7b5e,true,12.415472,true,true,a8517d980da819435307112670f9e3d613379d82a05b56617fd0e8d5b9bf0f71,true,true,true,true,0d07a7ed6268b438f18f7434f51544a5abe643607a020846ae1e7fa94bffd28d,true,NO_DUPLICATE_SESSION_ID_FROZEN_SOURCE_ALIASES_CANONICALIZED,STATIC_ELIGIBLE,,,false
2021.08.30.13.47.20_veh-08,E1_UNRELATED_HISTORICAL_USE,22232,13,2021.08.30.13.47.20_veh-08_01338_01823,dd4ed73c56075840,COMPLETE,train_pittsburgh,6582f5b371126d28c27bbbac860e378c6f1841ed3a649e62b115c40b6bc8fe24,002229117ac8b414b6ff1cc1766248d017cdbc7f5e37a853091b0989600b6c93,true,9.721223,true,true,c76877e9b4efffdc556f32cbd8d68645ceaab6eaee5dab2d3383df41d8b7182f,true,true,true,true,9ab2370b0edd1d88f74ee18bf421b399bd0ba86ea89e0d02c758bc03fb9b4f66,true,NO_DUPLICATE_SESSION_ID_FROZEN_SOURCE_ALIASES_CANONICALIZED,STATIC_ELIGIBLE,,,false
2021.08.30.14.29.08_veh-45,E2_BENCHMARK_ENGINEERING,31174,2,2021.08.30.14.29.08_veh-45_01105_01737,764030fccd5b534c,COMPLETE,train_pittsburgh,5ae831e4dd455e26f73d844c7021cb897d4546fd651dc9a4cf56328efd3ba69f,00041491447d3537a1203c425989b57ad799faa5132fe86746fbaa641f5da74c,true,5.578284,true,true,82753557065fc743813ccd96c162910f61640cef1986d6d35e646edfdf6157a0,true,true,true,true,5ff29817c02bfff9068156a96f2f1b89f12c0cc6e4925d01d9e181fe94550586,true,NO_DUPLICATE_SESSION_ID_FROZEN_SOURCE_ALIASES_CANONICALIZED,STATIC_ELIGIBLE,,,false
2021.08.30.14.36.46_veh-08,E2_BENCHMARK_ENGINEERING,16477,1,2021.08.30.14.36.46_veh-08_00873_01639,f6a6259c3d84555f,COMPLETE,train_pittsburgh,a9d1941acd774f82a939268432e011044a9481e8bec29ffb150ad88ac0ea7722,000270c38e5d5253df82a01c7c2a3d0ecc24c643ca19d3055bf6bca1592056c3,true,6.510848,true,true,e9a06cb7388a43d1285a8809711ee351d20d6283a826d3f2a7b27d74135c4cc9,true,true,true,true,6468c200fce45ca71fabdfed60239d427167f9ad1eb56001e358178457700917,true,NO_DUPLICATE_SESSION_ID_FROZEN_SOURCE_ALIASES_CANONICALIZED,STATIC_ELIGIBLE,,,false
2021.08.30.14.41.24_veh-42,E1_UNRELATED_HISTORICAL_USE,912,256,,,COMPLETE,,,,false,,false,false,,false,false,false,false,,false,NO_DUPLICATE_SESSION_ID_FROZEN_SOURCE_ALIASES_CANONICALIZED,STATIC_AMBIGUOUS,,NO_ELIGIBLE_IDENTITY_IN_DETERMINISTIC_TOP_256;PREFIX_REJECTIONS=OFFICIAL_EXACT_SCENARIO_RESOLUTION_NOT_ONE:256;REMAINING_CANDIDATES_NOT_MAP_EVALUATED,false
2021.08.30.14.54.34_veh-40,E3_PRIMARY_METHOD_DEVELOPMENT,5908,0,,,COMPLETE,,,,false,,false,false,,false,false,false,false,,false,NO_DUPLICATE_SESSION_ID_FROZEN_SOURCE_ALIASES_CANONICALIZED,STATIC_INELIGIBLE,EXPOSURE_POLICY_E3_E4,,false
2021.08.30.15.12.56_veh-08,E1_UNRELATED_HISTORICAL_USE,15341,2,2021.08.30.15.12.56_veh-08_00275_00407,1f6667670b7e5327,COMPLETE,train_pittsburgh,7b4a60dca795d497208cf3e8a187e232ebfd9e9590ee88218b91f2fcea0f6ed1,00032e49e7cdda61d206af9c7b97825fa5dc8ea7735c98d93575ad7c833a1283,true,11.422713,true,true,89e78fc489f5848d4847c7a329c788d41e15e2a604e23df641ac2738e71ffeb7,true,true,true,true,acfdac141ce6804a948641ebc0daf28e4f4968a660ee12c956f17730177e568d,true,NO_DUPLICATE_SESSION_ID_FROZEN_SOURCE_ALIASES_CANONICALIZED,STATIC_ELIGIBLE,,,false
2021.08.30.16.39.44_veh-45,E1_UNRELATED_HISTORICAL_USE,24174,1,2021.08.30.16.39.44_veh-45_01827_02061,14dd137e0631547f,COMPLETE,train_pittsburgh,a766eb9ba94ca25a617bf5f01ce26e8a43389904b0363ab687d3f97b89bbcd1b,0002d0bab1ee21a384e625dfb14f3b67d5fb4c556204d7c9ac44ac1e653b4ae6,true,6.528115,true,true,7a72393f6fa412acb01f98848540057e2f73762af3bd2d3cf604ccadeed37f9f,true,true,true,true,7d92381b2baa95470eec3e6c06190acc31d6fef0cd3109a2b3ea206e0cce8cf6,true,NO_DUPLICATE_SESSION_ID_FROZEN_SOURCE_ALIASES_CANONICALIZED,STATIC_ELIGIBLE,,,false
2021.08.30.17.40.28_veh-45,E1_UNRELATED_HISTORICAL_USE,26684,12,2021.08.30.17.40.28_veh-45_01190_01325,158056cca8d45c47,COMPLETE,train_pittsburgh,23479c532acef349d2df62d1c6464237580465977424af24ba7e106444316d34,0018cf0c0d45229d8c573edcc84289b97459197d952cbdb377b4a1e3680ccbcb,true,11.897076,true,true,dccabbc8229b5e0fcadb421c2f50ca6800062c28168f7b7147a83019b1ee4b23,true,true,true,true,a7b8a6963d2de58e6259aa664495ef96f370bb40e23ba866d8c56a579b7bd83b,true,NO_DUPLICATE_SESSION_ID_FROZEN_SOURCE_ALIASES_CANONICALIZED,STATIC_ELIGIBLE,,,false
2021.08.30.18.54.11_veh-45,E1_UNRELATED_HISTORICAL_USE,20842,1,2021.08.30.18.54.11_veh-45_01093_01375,d800b073c4ce50ee,COMPLETE,train_pittsburgh,b91438a1cda4aaf542497145d4ed369f0f15dc0706c6f5c9888156a7bc61d8e8,0004a3c7c1947c87c5307754a9dc668301e3deb6411f2f9fffb6213a05006ed4,true,6.670827,true,true,339e30921c94689013cfe6dba4f6fc015c9cd12fadf33138e1aabaa2f44a6a05,true,true,true,true,52f7291047ba3bd593cd0d59fa634a87b745bc55d838ab958f511d00fa6bb6f5,true,NO_DUPLICATE_SESSION_ID_FROZEN_SOURCE_ALIASES_CANONICALIZED,STATIC_ELIGIBLE,,,false
2021.08.30.19.47.46_veh-45,E2_BENCHMARK_ENGINEERING,27745,2,2021.08.30.19.47.46_veh-45_00076_00285,13ffc96b9b305a53,COMPLETE,train_pittsburgh,69e5599e923fc75a52555826140cc3b9d6afd2ddcaa70860c774c77e6214e220,000962122ea87b7e24b632eac9170e78d6b42b1dfaaa72e5a3fa6c6b8b5ae63e,true,5.520822,true,true,dd479a80ad35ef07fd8994b8b47b7ff8daec6963d00b85d8e9297928e8de0ba7,true,true,true,true,3d6fd0f4dd88b3f7dba02c74c9f0a209d6cbae41a30277654b3e0b76999ecb6b,true,NO_DUPLICATE_SESSION_ID_FROZEN_SOURCE_ALIASES_CANONICALIZED,STATIC_ELIGIBLE,,,false
2021.08.31.14.55.32_veh-08,E2_BENCHMARK_ENGINEERING,19879,6,2021.08.31.14.55.32_veh-08_01493_01713,f2a6464a51905766,COMPLETE,train_pittsburgh,2626f1ba5cb1cc2618e722511d0a2fa79c1f3a219ffe46c23476f31a563907fe,00232abebc84be226b77b05aa4390269050a9f7c6b91b7daebb357fb44cf1620,true,10.291031,true,true,d2277bb0d606c69d3f5d85590c5f661dcd460e1f03786d38e1f329d540f93a21,true,true,true,true,b7554ef3ee14ea7543b35f7bd60d663cfc636c96da949cf68316bed550825ec5,true,NO_DUPLICATE_SESSION_ID_FROZEN_SOURCE_ALIASES_CANONICALIZED,STATIC_ELIGIBLE,,,false
2021.09.02.12.54.17_veh-08,E2_BENCHMARK_ENGINEERING,35173,3,2021.09.02.12.54.17_veh-08_00341_00924,bfd94d40dbf85a88,COMPLETE,train_pittsburgh,c0a1ef1cb6442ce7740f688c25c6895df6140678bc841b3613eb8edf678f2bed,000513d4132ba6c44f612aad54d79cb233662185e62d108ffd76bdbb8d649954,true,7.585663,true,true,7f028d4e888c3e42ca4153011ce7278ec84c89100785eea23dab65aedb134e0d,true,true,true,true,48aa57d91dd0ffa76a9f87bda5b2c67d5ec1f57114dc21ac804b7406568821cc,true,NO_DUPLICATE_SESSION_ID_FROZEN_SOURCE_ALIASES_CANONICALIZED,STATIC_ELIGIBLE,,,false
2021.09.02.14.10.27_veh-08,E2_BENCHMARK_ENGINEERING,46024,1,2021.09.02.14.10.27_veh-08_02043_02167,cb546eedbf255421,COMPLETE,train_pittsburgh,6c11435ddcfb2cfc80369e621b4eacb44f9787ba04bc1e5cab48594b1e81d74f,000019b97aa64eb741942498b91f6f0af7dcb583bcf1ee1e868c989e355ed9e4,true,10.760236,true,true,dae6a986f2e14baa8fbcf1421bab4d08af90db2df860cece287b8d17c5a4f3e1,true,true,true,true,fdf7a88c0b5962e1dc48726a7ecf3ffd60db26d30939ceed0d3fb2a1d52534d3,true,NO_DUPLICATE_SESSION_ID_FROZEN_SOURCE_ALIASES_CANONICALIZED,STATIC_ELIGIBLE,,,false
2021.09.02.15.07.50_veh-08,E1_UNRELATED_HISTORICAL_USE,15128,6,2021.09.02.15.07.50_veh-08_00016_00379,0f02fd15171c5dcb,COMPLETE,train_pittsburgh,3e0e102065de40e721bc548555ade6efbe650f53d975d733e28edddb67a1cd38,002095f0a948e3a5feff3f3552575889e35001f41f5f0bf1cae334c39979f38d,true,5.983260,true,true,cd18b1eeea827cf661f25b915ea78f850db604eecc85131a3eb45a68cacce36d,true,true,true,true,9f865513d034fbc0632cd005f6417ba5fc9526f07e6b9c0215e0f2dcfb690ad9,true,NO_DUPLICATE_SESSION_ID_FROZEN_SOURCE_ALIASES_CANONICALIZED,STATIC_ELIGIBLE,,,false
2021.09.02.17.04.02_veh-08,E1_UNRELATED_HISTORICAL_USE,31750,256,,,COMPLETE,,,,false,,false,false,,false,false,false,false,,false,NO_DUPLICATE_SESSION_ID_FROZEN_SOURCE_ALIASES_CANONICALIZED,STATIC_AMBIGUOUS,,"NO_ELIGIBLE_IDENTITY_IN_DETERMINISTIC_TOP_256;PREFIX_REJECTIONS=EXECUTION_INITIAL_SPEED_BELOW_3P61:96,NATIVE_ROUTE_REFERENCE_UNAVAILABLE:ValueError:60,OFFICIAL_EXACT_SCENARIO_RESOLUTION_NOT_ONE:100;REMAINING_CANDIDATES_NOT_MAP_EVALUATED",false
2021.09.03.14.16.10_veh-08,E2_BENCHMARK_ENGINEERING,35848,4,2021.09.03.14.16.10_veh-08_01944_02312,6047a409901056ce,COMPLETE,train_pittsburgh,ace44787a58179e31473d6669cb475524d0cdc318d5250f7467bb5ec3f7eb8f2,0009c1ef20a8e49b8e9b277f12def5570dfe2fb5fb53527aa1aa9a25666899b5,true,10.557375,true,true,9813a7f59c4e59e78c7d48db8e4dc654559e4272daf58e151b906d0275988f58,true,true,true,true,f4e7b3ee4eacdf0765d02d5428dbc8cd74d631989ff0ed721740bf2a02b0a07e,true,NO_DUPLICATE_SESSION_ID_FROZEN_SOURCE_ALIASES_CANONICALIZED,STATIC_ELIGIBLE,,,false
2021.09.03.16.25.50_veh-42,E2_BENCHMARK_ENGINEERING,19911,7,2021.09.03.16.25.50_veh-42_00016_00340,cf821fe00f81559e,COMPLETE,train_pittsburgh,e26e56b8d1a494a202e40e7421ed9f87ea06e2e77d3e18407d32409a969d7290,001edc1ee4fec3af60d0f3bc8fc4c76946871f94444d6fff873184b05084c4ff,true,13.793643,true,true,4663007d9e79ec447591ff71ce8df8fad1dcc35a3fecd10d2b453d224e923ff0,true,true,true,true,24cc6c53eec4aff535f4a631e6733c48edc99966d858e6973e76184937e773c5,true,NO_DUPLICATE_SESSION_ID_FROZEN_SOURCE_ALIASES_CANONICALIZED,STATIC_ELIGIBLE,,,false
2021.09.03.16.38.35_veh-08,E2_BENCHMARK_ENGINEERING,42505,8,2021.09.03.16.38.35_veh-08_00026_00837,dc276862ba4a5f1f,COMPLETE,train_pittsburgh,65dc1033f0f5030cd9484f0e190ce58c1fa8c81def9d04f1db8fedc2a2afaef5,0010ce5cc53db7ce459c959594e4d97156319d3851c4f6f403eec136a168fd63,true,12.353634,true,true,ee05001ed8e4d1a94e5ce493883690fe4f26e70d7d3a9d5941ec7d25c106b31c,true,true,true,true,c55aa29de71e37089e0f5ed22b5fb158aa8f5e01327ce48f7a9598d99b0b451a,true,NO_DUPLICATE_SESSION_ID_FROZEN_SOURCE_ALIASES_CANONICALIZED,STATIC_ELIGIBLE,,,false
2021.09.03.17.02.10_veh-42,E2_BENCHMARK_ENGINEERING,24033,4,2021.09.03.17.02.10_veh-42_01804_02024,0b7c6c51de7e564b,COMPLETE,train_pittsburgh,76f32c575f9a260b34bf52a894e2856b2dddb88be85dedd927a2df21352d5165,0007d21412eae181b4b162e63f6c00b17f6ae51b76f07b7de1b149a00189f4df,true,11.674582,true,true,5d31b6edae57c5edbb7d58787fdf6a5746bdb0684c93b3b5dcc9b18e21bd27c9,true,true,true,true,907fb1b06023c94b2f41c242fc78b891569ff2bb537731ca46b2ae80ab1e7c65,true,NO_DUPLICATE_SESSION_ID_FROZEN_SOURCE_ALIASES_CANONICALIZED,STATIC_ELIGIBLE,,,false
2021.09.03.17.40.20_veh-42,E1_UNRELATED_HISTORICAL_USE,25198,1,2021.09.03.17.40.20_veh-42_00142_00931,d77fb3beaece5170,COMPLETE,train_pittsburgh,9d919673535b16fd23d30b6ae80161a08001460d8a010a8f21078078d8a1deba,00057ccce67fd360bc3821128fbce7a321882250abf80d31040c6d8d0c53fab1,true,5.635684,true,true,26b3b8af4eee4c3cff17147b8a8a6e3c890bb9d198b4e9572c8648993f832d38,true,true,true,true,bee4d69955b11a010801db6ca8722b588def19cee26ba8c02841337b2fd1ee77,true,NO_DUPLICATE_SESSION_ID_FROZEN_SOURCE_ALIASES_CANONICALIZED,STATIC_ELIGIBLE,,,false
2021.09.07.13.06.36_veh-42,E2_BENCHMARK_ENGINEERING,20377,4,2021.09.07.13.06.36_veh-42_00954_01243,b4d91b51e3715360,COMPLETE,train_pittsburgh,e13d6383781007b144d6a15cda2bf74c6aa6613c476d3e7e3da28d9ab71f893a,0004e5c4be892f2ad96a50a0b33dff3ec6e38e4b1a835e1788c29e9ef14f5bcd,true,8.663138,true,true,82928756c2d84175d4e72245e7c4ee549ebad9b451880695a54594d2e6ce8dfa,true,true,true,true,34d3076da5548f1f643f905b304b6576622193c699767ddabd9c6a72d616e8a0,true,NO_DUPLICATE_SESSION_ID_FROZEN_SOURCE_ALIASES_CANONICALIZED,STATIC_ELIGIBLE,,,false
2021.09.09.13.32.12_veh-43,E2_BENCHMARK_ENGINEERING,37852,4,2021.09.09.13.32.12_veh-43_00646_01672,6228d5e3f50057d7,COMPLETE,train_pittsburgh,4e3a784614ab0568d9e88dd36d6ad1a6b311ca329710bf83da5dd9c5749f0c83,000416667f19ddffd825a843b4f1250c032c54839114a5ca1efcfa230fe5dd59,true,6.797507,true,true,98170b68b06530e0ee604a20ab3ba3992c6660d49b2311d7975576a29c9e8d63,true,true,true,true,28be2e30c0ae17fc7a24803fcb3f2e26bdadc3fbcbda689a9c89a7f26669b91e,true,NO_DUPLICATE_SESSION_ID_FROZEN_SOURCE_ALIASES_CANONICALIZED,STATIC_ELIGIBLE,,,false
2021.09.09.14.34.34_veh-43,E1_UNRELATED_HISTORICAL_USE,34596,2,2021.09.09.14.34.34_veh-43_00093_00870,9aa2e136863559e3,COMPLETE,train_pittsburgh,6cfa5a7fbcfe4ba4e17c93ff0e64691125068d65b2c410e17820fd7a44810db0,00023d0010dac08f8942f81daffcc102879bd22fb5f6b92d2b8ea439d3529061,true,7.773873,true,true,196df6d5b57b38bc823f1b1a8542164fdbb75df8cc81e67c6ad03bfb3055c002,true,true,true,true,be817c647462735aae95d97df6ddaf0b573336edf3affddf96b49f692756bbaa,true,NO_DUPLICATE_SESSION_ID_FROZEN_SOURCE_ALIASES_CANONICALIZED,STATIC_ELIGIBLE,,,false
2021.09.09.16.51.32_veh-42,E1_UNRELATED_HISTORICAL_USE,8777,3,2021.09.09.16.51.32_veh-42_00161_00562,cbab3d3262005b49,COMPLETE,train_pittsburgh,7aeaf1b6d6793f5d34b17d44a65ecd361204b02c1960bcf5b07cdfc8cdab6670,00089483b0fcbeb9de8ccc202f79dfe83e011e7895b59ae413ebbd790f552d5f,true,13.680542,true,true,477446863dc4a6a6872dc68881aaf17f55fb54baab41763a200c24bd1f6bcbec,true,true,true,true,3f7d6d6507b197be32bb6879af916f06cda9c2ede4a23906e083dcbd0cdd0add,true,NO_DUPLICATE_SESSION_ID_FROZEN_SOURCE_ALIASES_CANONICALIZED,STATIC_ELIGIBLE,,,false
2021.09.09.17.29.55_veh-42,E2_BENCHMARK_ENGINEERING,18880,4,2021.09.09.17.29.55_veh-42_00016_00151,607433a017e75c86,COMPLETE,train_pittsburgh,0ea59e902394cc07d5c9a9aa7a109ad5ea129c94d4458868e7e4a4478fd5951d,0010724f1d4f64e3b9d79903abbae5062c6c57417822019da02d4fa754333988,true,5.958606,true,true,d3861bbd728903176699aea2c4670f2733c1703b80b8b72b6097b8300757a33e,true,true,true,true,0f881553ca625892a3fe1b6318d30f512a06da3f63ab6e7fdf33d8bb1a29d7ef,true,NO_DUPLICATE_SESSION_ID_FROZEN_SOURCE_ALIASES_CANONICALIZED,STATIC_ELIGIBLE,,,false
2021.09.09.18.12.06_veh-42,E1_UNRELATED_HISTORICAL_USE,20307,1,2021.09.09.18.12.06_veh-42_00036_00389,b0a3380acf8f596a,COMPLETE,train_pittsburgh,cd579e41c8cd1c4aa575a0b5c7f0774f340707a265c05c57bd41a1bd413e6f8d,0001913a700f975f61a9d291210689a17aecc926f2c89ecf296403633e4b18bc,true,10.447341,true,true,0cac29f07cd7357b5de85107b8650898696b1c6fded3cee312cb3223b30aed19,true,true,true,true,5d9ee4ade5b9e57df5d38dcc34039950e54095a2b55e4f0ec48049ca5227f874,true,NO_DUPLICATE_SESSION_ID_FROZEN_SOURCE_ALIASES_CANONICALIZED,STATIC_ELIGIBLE,,,false
2021.09.09.18.47.17_veh-45,E1_UNRELATED_HISTORICAL_USE,37789,1,2021.09.09.18.47.17_veh-45_01201_01645,a28a6eba9c635c95,COMPLETE,train_pittsburgh,6fd66b0a09a0d599361abede85f25aef1c2e0ffa9650a365bacd38bdb5e0b75a,00019a15bd2ddba83948abcf165abb6c23c2d1190e57bc005670eb122aa85b98,true,12.147091,true,true,a0cc0b66b1d98f4f71c578539c5e6b0cbcab3a1b5ff0b9f423d5f231d92afd35,true,true,true,true,5b08adafb57d31d0ac30f27c2b4aa510b7a9a387edb6e543468111b95a24c96f,true,NO_DUPLICATE_SESSION_ID_FROZEN_SOURCE_ALIASES_CANONICALIZED,STATIC_ELIGIBLE,,,false
2021.09.09.19.17.35_veh-42,E1_UNRELATED_HISTORICAL_USE,18408,3,2021.09.09.19.17.35_veh-42_01051_01399,a26e55b889a75777,COMPLETE,train_pittsburgh,170ca1ef4caeac2cbf2b51d285fb038f5d6d9bcaae45b09c5cc7e005ef920940,000b4e97a49f53d151c2490c48ad039c206811a7a84800a718ee0ff8cd4afd1c,true,5.684185,true,true,732253187f0ceb029cd668db2441be415be75bfeaeab1c3cfc929190d3b34dce,true,true,true,true,6e8e667c5d2a17f515c3d5039e476bbfd2df0bfa8df30ca2c1eb227e2e2c2f4f,true,NO_DUPLICATE_SESSION_ID_FROZEN_SOURCE_ALIASES_CANONICALIZED,STATIC_ELIGIBLE,,,false
2021.09.09.19.47.56_veh-45,E2_BENCHMARK_ENGINEERING,26135,1,2021.09.09.19.47.56_veh-45_01177_01260,d08c4ec5e7fa58c8,COMPLETE,train_pittsburgh,1c3c1f9ff7d2bac4ebcd93582be112cb4591f7bff3bc3ed725f42a239f7b5f84,00001994b5bb9cecf11197dc81cb34bc0df4f716cf0812b9113f89569b35aa46,true,12.454836,true,true,4ad43352c909640f85cbbc1673171ba5f238b59ca58deb8274e5edc53e425065,true,true,true,true,d411079f68485772768985d644a27801a0276a3ad41436976e870d613e4d1a14,true,NO_DUPLICATE_SESSION_ID_FROZEN_SOURCE_ALIASES_CANONICALIZED,STATIC_ELIGIBLE,,,false
2021.09.09.20.07.29_veh-42,E1_UNRELATED_HISTORICAL_USE,20879,7,2021.09.09.20.07.29_veh-42_00466_00828,54018051607c55ce,COMPLETE,train_pittsburgh,42b7f77a48a85be823b2b92d5ee9a9917fc6619d93fc5eac02b7446910826317,001d915bfb95d0a8b70c1e7cc0a94f5de9a6bd2e5372e003663534dbb6ca3f86,true,4.790779,true,true,8c61107d17a0eed13d292e06a522433f1ea55b7f7a3d8498947e73c172cdf23e,true,true,true,true,c4077c6cc2a520155e1a4abf42a5a9a58b1a91f45a70eadbb32b6d92ae5b0a68,true,NO_DUPLICATE_SESSION_ID_FROZEN_SOURCE_ALIASES_CANONICALIZED,STATIC_ELIGIBLE,,,false
2021.09.10.13.58.49_veh-42,E1_UNRELATED_HISTORICAL_USE,28728,4,2021.09.10.13.58.49_veh-42_00119_00710,7063c455eb4e54ae,COMPLETE,train_pittsburgh,a0b6c64648bb46029d958dc52281279b8b34c06f1b3e67ca92975cb623ff3165,0005aa89139ad03f519676c30136ac8b4653f8f80e1728933effa6aab8d82d6a,true,5.472979,true,true,6b0bded33431d0c90c5cfff23b54262d9607b6e1fbe242cdbf97e68b382564a5,true,true,true,true,7cfde72cc1d2c1cd3054e984a8789cb4440925dd594353469d4bdd4e9621b7c1,true,NO_DUPLICATE_SESSION_ID_FROZEN_SOURCE_ALIASES_CANONICALIZED,STATIC_ELIGIBLE,,,false
2021.09.10.14.26.51_veh-45,E1_UNRELATED_HISTORICAL_USE,16880,2,2021.09.10.14.26.51_veh-45_00045_00137,debf103fb1105e8d,COMPLETE,train_pittsburgh,5f1010c0bfff0878b66b64459881a3e3dbc316c4d8c9534dd1856cd525944a95,000e806589e4b02f188841b6738722c827e81a004d2cfec3dda4d3d77f281884,true,11.971590,true,true,0110f587b8b9b47c50f451053987ae983815dade113fecbedcf5c5b60efb6d0e,true,true,true,true,0089df64951d59d260e128b0fea62b01852cf900a4155f33eec35a8dd21e7c95,true,NO_DUPLICATE_SESSION_ID_FROZEN_SOURCE_ALIASES_CANONICALIZED,STATIC_ELIGIBLE,,,false
2021.09.10.14.44.55_veh-42,E1_UNRELATED_HISTORICAL_USE,29169,1,2021.09.10.14.44.55_veh-42_01037_01315,28c5d6bb794c5c71,COMPLETE,train_pittsburgh,5d4fd77a3bf631ac8bab5ebeb14c71ba521b18cabdfe72966fd8bef2082d8957,00059c65ec26750fe002172af68db84ac6efa685e8438bb973d188a061e59ce5,true,8.105791,true,true,804b25e6a40c42855308aa46d59dca67b6abb94d1d35df91b4ca6df584eaed7f,true,true,true,true,579637299ddbd212969092ce46595eb08218a0dacc469b77006438313d6c4e34,true,NO_DUPLICATE_SESSION_ID_FROZEN_SOURCE_ALIASES_CANONICALIZED,STATIC_ELIGIBLE,,,false
2021.09.10.15.00.33_veh-45,E0_METADATA_ONLY,11128,5,2021.09.10.15.00.33_veh-45_00596_00800,af890a17dc0d56ba,COMPLETE,train_pittsburgh,5c716e494ef1ed386cf31a702d03b5ebdca8ca78b3158fd6d2f6acc7b4a69821,001ff4e83bebc83ccc59effedfc26f96622d4870b7897462d55d949848e10a8c,true,4.959084,true,true,964500b91a515ec1350e2dee74310192790a91a9278b60f0087336718c1dc300,true,true,true,true,ce0d800ae0f48a3099cfe6395971566afadef3f09286cc5ead74a652d603c0e6,true,NO_DUPLICATE_SESSION_ID_FROZEN_SOURCE_ALIASES_CANONICALIZED,STATIC_ELIGIBLE,,,false
2021.09.10.17.09.03_veh-42,E2_BENCHMARK_ENGINEERING,39916,1,2021.09.10.17.09.03_veh-42_00016_00105,1c3d5374be3c505c,COMPLETE,train_pittsburgh,dcc4b9dca1bae2330d96d0c3e7768391df600c05be60e22003ab214189ef5deb,0002932d735631fe8f9a9471bb3dcaa6e8203cea503c1128bff6adef51f1db30,true,11.901043,true,true,dccabbc8229b5e0fcadb421c2f50ca6800062c28168f7b7147a83019b1ee4b23,true,true,true,true,8a32bbf70c1f90e2fca14b3be0c756579c3b4c2af340915bc7c99b754cd8e0f8,true,NO_DUPLICATE_SESSION_ID_FROZEN_SOURCE_ALIASES_CANONICALIZED,STATIC_ELIGIBLE,,,false
2021.09.10.18.03.24_veh-42,E2_BENCHMARK_ENGINEERING,39966,2,2021.09.10.18.03.24_veh-42_01572_02075,d112eb66274955f7,COMPLETE,train_pittsburgh,c157e336c9bacce72e23e13a2b964cbd3b57a30ff8daea727f39d159e2992942,00023b42cbaec0ff04550d0ec4c82141ed542672141c7fb20de37a1438433055,true,9.059208,true,true,20fa150c9b0b5453d34ee79ba6d54cb068de0749afab147028d1808fa565f89b,true,true,true,true,ef62c48f770a98af701cfd6d15568e6b49b5ee13a09091d935a2820cd45ddf6d,true,NO_DUPLICATE_SESSION_ID_FROZEN_SOURCE_ALIASES_CANONICALIZED,STATIC_ELIGIBLE,,,false
2021.09.10.19.22.47_veh-42,E1_UNRELATED_HISTORICAL_USE,31987,1,2021.09.10.19.22.47_veh-42_01062_02421,5ad206dc981259b5,COMPLETE,train_pittsburgh,954fec45883c14531a5422203df42caec93949e05c2d27517d986e43dc9668b6,000088e16adc43c86412565cdc09b2bd251f4558ea3345f6a7b78dc3143e81d7,true,5.908585,true,true,6b52d14feb245727816ad843eaa484926142532b47a4f78f8087719ed3f98411,true,true,true,true,7a36e04a952a29a5ac38ccb300f465373855395f5418766e2bc8dd7eddbd501f,true,NO_DUPLICATE_SESSION_ID_FROZEN_SOURCE_ALIASES_CANONICALIZED,STATIC_ELIGIBLE,,,false
2021.09.10.20.06.13_veh-42,E1_UNRELATED_HISTORICAL_USE,22079,3,2021.09.10.20.06.13_veh-42_01090_01664,b8b8f50d39be53eb,COMPLETE,train_pittsburgh,2339a1e54f6cbcf517900c7673007f541b12c67893876aa929aee92ce4d044ae,000a5ae314e6643d318bc2ce9d889a04d27e1093bac89bf148eedb799666d999,true,8.022508,true,true,c7cf20a1f674a035f9d87011db06ee627ba382074d5581c705834d3b516b0f91,true,true,true,true,f45542f1c8f0e18c867dfbaf8bc14c02382e265bc5166cdd8a961259f83c0938,true,NO_DUPLICATE_SESSION_ID_FROZEN_SOURCE_ALIASES_CANONICALIZED,STATIC_ELIGIBLE,,,false
2021.09.13.13.20.43_veh-45,E1_UNRELATED_HISTORICAL_USE,32009,3,2021.09.13.13.20.43_veh-45_02418_02734,26f309bdf7bd548a,COMPLETE,train_pittsburgh,7583993b2f0ecd9f66ec452cc351f90fcfafe754e9f2cda9abb6873e34ac3fa1,00048fa982c83be6523fd0759f744a4b632a16b7db918f212a091b9eb4042c4a,true,7.762832,true,true,280f03e0fdc74d2c42e0e3301c8d15b439c1d92aae075de146f6582b39291951,true,true,true,true,631608851bd7d5352ac31e88b3028d1c0f00a9d19b58057c00848940e0edec8b,true,NO_DUPLICATE_SESSION_ID_FROZEN_SOURCE_ALIASES_CANONICALIZED,STATIC_ELIGIBLE,,,false
2021.09.13.14.24.27_veh-45,E2_BENCHMARK_ENGINEERING,31729,5,2021.09.13.14.24.27_veh-45_00963_01115,7b1ae9290d285d28,COMPLETE,train_pittsburgh,0c4b43b486c4a97c5c2dc52009f29379fe008278cc35627596e7a8565f6b2ce2,000b4bc0df69a2487781aca6f8c38abab9e8f1afc55103422589b472f7d85110,true,12.940033,true,true,083bc0d1491c8c717af9bd88d9004ebaa17549abdb514f1727d410cfafd4819d,true,true,true,true,50f1f069929a9b22c4eb2c6d52405367dbeccd05428532c66f41737a91c41db6,true,NO_DUPLICATE_SESSION_ID_FROZEN_SOURCE_ALIASES_CANONICALIZED,STATIC_ELIGIBLE,,,false
2021.09.13.18.55.23_veh-45,E2_BENCHMARK_ENGINEERING,33529,7,2021.09.13.18.55.23_veh-45_02833_02990,a1903899a7955289,COMPLETE,train_pittsburgh,fab8df4bcb0342aa232d1bfbf3a6269ef87c25c13345ec7cd0765788acad2378,0006680a06a6149d44b953cad1bcd56d8d789b167100c80d1236599946e9fa76,true,6.313095,true,true,471a47d9ae75c9101f333b95b524e7a8747a6b4251c1ab3c0cd58f402ba3d1ae,true,true,true,true,8458cfa8a6f27869442dc91e10d1e0349f4956f511ba151fd481e6867981a98d,true,NO_DUPLICATE_SESSION_ID_FROZEN_SOURCE_ALIASES_CANONICALIZED,STATIC_ELIGIBLE,,,false
2021.09.13.19.54.06_veh-45,E2_BENCHMARK_ENGINEERING,30085,4,2021.09.13.19.54.06_veh-45_00016_00242,b3b4ce26fc47564c,COMPLETE,train_pittsburgh,a90db59415d82054a985617f78011e597dd5fb4cf6755481438554925ad32b6e,000567632aed001d43429347ec204eaeddae0a806aff229e88da34dde762123d,true,7.359358,true,true,4dd74709f11a5d3a5dfe5b07ae8716c47b2dc4d8767d197d26208d8c6d41223a,true,true,true,true,489245b1b7d0e72f7f0052bdc0fdd40d8102810f087e16c9d1a74bf676061954,true,NO_DUPLICATE_SESSION_ID_FROZEN_SOURCE_ALIASES_CANONICALIZED,STATIC_ELIGIBLE,,,false
2021.09.13.21.07.09_veh-45,E1_UNRELATED_HISTORICAL_USE,11367,1,2021.09.13.21.07.09_veh-45_00503_00734,4efafc3aec145719,COMPLETE,train_pittsburgh,fb67faa9208292293f728782c28687b6d2ad15ed2c24f185de96be890ddceddc,00014633056d43955e2e37fc460390687ecbfde419c50c32366030139bfbbd65,true,12.543944,true,true,b29b72d8a52bb42e7a6a26339bfb767df873dd1482ff8dc514aeecd0514aa02e,true,true,true,true,7c7e31f1b1f8426ee64acfbe64c1d7bf929c2903c4cac190915e8da4bb64edb5,true,NO_DUPLICATE_SESSION_ID_FROZEN_SOURCE_ALIASES_CANONICALIZED,STATIC_ELIGIBLE,,,false
2021.09.15.12.49.18_veh-45,E1_UNRELATED_HISTORICAL_USE,16141,6,2021.09.15.12.49.18_veh-45_01155_01320,405659bb185156da,COMPLETE,train_pittsburgh,3a0d3f7697b397a16e1398b1f318eb727561dc76a5a9f3df4f97b203968611bb,000c6a844e8810cbc6bf1d32dcd2ed3efd73d33ea53f07928a166fc0e98795fe,true,10.438645,true,true,639470006023ce11441470666f1779615f1e13c85b58760eb2fcd821d897e2f6,true,true,true,true,4a3e863d129758ccf43d930c39b06483ff93ccec6ee4c2f8e5ba070f1ba4671c,true,NO_DUPLICATE_SESSION_ID_FROZEN_SOURCE_ALIASES_CANONICALIZED,STATIC_ELIGIBLE,,,false
2021.09.15.13.06.21_veh-42,E1_UNRELATED_HISTORICAL_USE,39351,9,2021.09.15.13.06.21_veh-42_00169_00749,f9b4e537c6fc5190,COMPLETE,train_pittsburgh,f2fcf6b1cdee1b6bd194ec30c15d9c75df6b8362eb2fc0fff8c5725c3e2a845e,000f9186e63f00a8eeef1bacc27b968c80e8cc0455f6c84947bf1f3b24769ba9,true,8.604883,true,true,9fbe0dc8633b84b0df662daa21807cdb45ba091b0e0a8b78cb42267e28f7267f,true,true,true,true,9872f3d159a172da47b07d2712ee2957426d794d37117f0c0b9f01787b9fc17e,true,NO_DUPLICATE_SESSION_ID_FROZEN_SOURCE_ALIASES_CANONICALIZED,STATIC_ELIGIBLE,,,false
2021.09.15.13.26.07_veh-45,E1_UNRELATED_HISTORICAL_USE,21133,4,2021.09.15.13.26.07_veh-45_00278_00999,b2bd39778db45c96,COMPLETE,train_pittsburgh,59a3df5e7a90fbb2e3a963db6d2feab9fde6d5f07bdb2085509f504ebd79a0ea,000742715779c1a055ae9b9299e314cd6d19d9e00f1a463edc71138542fd39e5,true,7.435228,true,true,8c4592f838223e791eceb044e425fc1dabfa51c4d9a7a03f3bab8dff8ebc22d0,true,true,true,true,49d8dbbf0dbcc764d848a09d58bf58cd981fc43dc0a739c9288c3da38a35af17,true,NO_DUPLICATE_SESSION_ID_FROZEN_SOURCE_ALIASES_CANONICALIZED,STATIC_ELIGIBLE,,,false
2021.09.15.14.18.26_veh-45,E1_UNRELATED_HISTORICAL_USE,23285,1,2021.09.15.14.18.26_veh-45_00987_01261,160b21957ed45ea2,COMPLETE,train_pittsburgh,032005780d9eadf8000bb2136b5b35f2ef42733ae36c7b0b59cd402a255be73f,00023170e6f884cc7e0bcbb3fb4204d7097bbe026f47a4cda79d18169a701d29,true,7.577570,true,true,eb42ee0387ae39f7dbc9685c78f18ef9e76a9a7abd588fdeee1d4f7e34f4ee2d,true,true,true,true,c8a126dbf38a58bc9a63a79a7b0bb684f746adf822d029f9002929b52e08319b,true,NO_DUPLICATE_SESSION_ID_FROZEN_SOURCE_ALIASES_CANONICALIZED,STATIC_ELIGIBLE,,,false
2021.09.15.14.30.33_veh-42,E1_UNRELATED_HISTORICAL_USE,37240,5,2021.09.15.14.30.33_veh-42_02304_02447,c59bf3e1dbe45886,COMPLETE,train_pittsburgh,91f83ad5bcdb8ce33bbed0bd78cde20bd14e74af166b774449ecb81e12a185cb,000ffda9617c83ed574f95dba5212d4b2cdb26c4b234e848646f49b26288269a,true,7.002174,true,true,4131d2957ae3825c26f91e5f21d603c8a4a1500648b226bef969719780329db8,true,true,true,true,e9c906dd6a3366fac16ddd70da1814a062a08be719aa6423d9c3383e25b9488c,true,NO_DUPLICATE_SESSION_ID_FROZEN_SOURCE_ALIASES_CANONICALIZED,STATIC_ELIGIBLE,,,false
2021.09.15.14.57.57_veh-45,E1_UNRELATED_HISTORICAL_USE,25517,1,2021.09.15.14.57.57_veh-45_00346_01183,03cd173da4e458d8,COMPLETE,train_pittsburgh,8dcdb775c874ac370a530492bc83b49d233a33e82b07b11ca78c41e3089d6810,00017afbdf9832c1940bfb4e4ce00e9866fe8491082253a692f16287558eb12d,true,8.225763,true,true,f53a6f01833e30b64dc3ae22fb41e0f10a3d19390f643a3c1737942e3968d82c,true,true,true,true,6faed51571574fcdfdc557469797d6190b98352a658f5aa0c620b6aaa1a680e3,true,NO_DUPLICATE_SESSION_ID_FROZEN_SOURCE_ALIASES_CANONICALIZED,STATIC_ELIGIBLE,,,false
2021.09.15.17.01.41_veh-45,E1_UNRELATED_HISTORICAL_USE,21191,1,2021.09.15.17.01.41_veh-45_00425_01226,9413fcc3ce605f29,COMPLETE,train_pittsburgh,0bb10dfa9db07c0a4c07cd9bf3e4bd0f6d33c2b9bccc5eb79ac696459091a7e5,0003a660cdb14a7e049db11e68e0f4c554d21e908a34fd7e1f36968400c3f26d,true,5.694389,true,true,ecdc674de907c9d4114dc6012c61930884804f79e8309ae0c397e82d11ac799a,true,true,true,true,5724664c6d13c6d0fd94e3b805fd020443e94523fcc16f3245510a608975ff00,true,NO_DUPLICATE_SESSION_ID_FROZEN_SOURCE_ALIASES_CANONICALIZED,STATIC_ELIGIBLE,,,false
2021.09.15.17.41.38_veh-45,E1_UNRELATED_HISTORICAL_USE,16607,1,2021.09.15.17.41.38_veh-45_00011_00436,76373ce8725453c1,COMPLETE,train_pittsburgh,7418af520a1c58f02824f09e6fc7eff797f2e842e9f6c89dccf8698fa0b6bc12,00061a3bc7f84ae4a4efa8e2349f2982cc3ed0594761ae821cfa847c3eee5ee4,true,5.642951,true,true,78c10c9cd6e1d8aea37fcd3c56a447b591cb19fe02a6797b4fbc1a4dfe07ad4c,true,true,true,true,b4aba722465cbe520304c4de3b8d9419084a1b8cfddf7975c6a15d6d736101a4,true,NO_DUPLICATE_SESSION_ID_FROZEN_SOURCE_ALIASES_CANONICALIZED,STATIC_ELIGIBLE,,,false
2021.09.15.18.28.05_veh-45,E1_UNRELATED_HISTORICAL_USE,20105,1,2021.09.15.18.28.05_veh-45_00196_00273,d39dd93e936c5b62,COMPLETE,train_pittsburgh,9c424f050519ac839151bef7ff3c65afd43607adda1396a7884d42084a4d8adc,00004b83e5d5d5aeaac6ee07b7b161c106c9a9fb4ca9d3e432c31cf0aee4be0f,true,11.761883,true,true,1706fc845183f4dd382bdd294e5a26fba79d83916d68dec6c677739ece3fe6a7,true,true,true,true,19aae2c24d20602aa222cd94a58e850778e8221b4a4fef95db7f079d1eaf565e,true,NO_DUPLICATE_SESSION_ID_FROZEN_SOURCE_ALIASES_CANONICALIZED,STATIC_ELIGIBLE,,,false
2021.09.16.15.12.03_veh-42,E3_PRIMARY_METHOD_DEVELOPMENT,5662,0,,,COMPLETE,,,,false,,false,false,,false,false,false,false,,false,NO_DUPLICATE_SESSION_ID_FROZEN_SOURCE_ALIASES_CANONICALIZED,STATIC_INELIGIBLE,EXPOSURE_POLICY_E3_E4,,false
2021.09.17.12.58.10_veh-45,E1_UNRELATED_HISTORICAL_USE,27308,8,2021.09.17.12.58.10_veh-45_00693_00915,5cde5492c6e555e4,COMPLETE,train_pittsburgh,e1bd67115e4e3e531515e3b614870ccf4553a9b76af92f073264f7953e9da957,0017577d59bd53a9607addb701a4fdd0e7d6e1ccb41ad99e49ef728761d2fa22,true,6.353884,true,true,cc211a17a09656c6ead273eed1619c08260fb4d4f099b6febb366ae52a638db0,true,true,true,true,2e5ad6e262f09ebc259b33edac30714229a8bf3a4d32f4407393fa71f53a9e6b,true,NO_DUPLICATE_SESSION_ID_FROZEN_SOURCE_ALIASES_CANONICALIZED,STATIC_ELIGIBLE,,,false
2021.09.17.13.27.08_veh-42,E1_UNRELATED_HISTORICAL_USE,15674,1,2021.09.17.13.27.08_veh-42_00434_01037,e024ad25999e5723,COMPLETE,train_pittsburgh,8048ab159e71d3ee7c030adf20ce9f3cdb93ded0493c19a48f767063ebae220d,0000a9d69beee810025c1dd8826ec93095d4a4ef109325e5f7b5421aeeac5575,true,5.606457,true,true,036ed8086029925e55f4e5f3033912f08d414bf57f8ea85da0c70b03bfb7b4eb,true,true,true,true,66980033573500031f7de4271949ee13e142fbc6db5fa181d5f037ca871ad606,true,NO_DUPLICATE_SESSION_ID_FROZEN_SOURCE_ALIASES_CANONICALIZED,STATIC_ELIGIBLE,,,false
2021.09.17.14.16.10_veh-42,E1_UNRELATED_HISTORICAL_USE,13040,5,2021.09.17.14.16.10_veh-42_00590_00737,285b7c87e4af5086,COMPLETE,train_pittsburgh,1891e2b58b5decd683b80262ced7f23432f2ca2d9e1a6ab841e235bbf7328f52,0026d70a06dc43af5d2d3b44392958f1464591a0148b54d8a8533c08393d2fb5,true,6.090997,true,true,ddc6eed932839cc6d8a2629686cd8d69b448c56a0b77b1fc551519debf8dabac,true,true,true,true,2b5252df11c87e30f795177a30e778a82926b54e4659227f40d919391cc49579,true,NO_DUPLICATE_SESSION_ID_FROZEN_SOURCE_ALIASES_CANONICALIZED,STATIC_ELIGIBLE,,,false
2021.09.17.14.16.24_veh-45,E1_UNRELATED_HISTORICAL_USE,33427,1,2021.09.17.14.16.24_veh-45_01340_01767,6a72f4b2d63e571d,COMPLETE,train_pittsburgh,b65b752fbaaaa3b83b6a9ae7cda387ec5564dcfd9d68622a91f9f839779f37b1,00014668009c360621abbb0656f6dec22b95bb3180ea18ff6eca8e574f7cbdb0,true,7.613477,true,true,fc60869243c1b860dcad3047a251248713c693f70a767b5887c92f0439885984,true,true,true,true,370ea50c36aa7ee04974a398d9ab1fd9d4f48b5edda1d78566c88bc048408454,true,NO_DUPLICATE_SESSION_ID_FROZEN_SOURCE_ALIASES_CANONICALIZED,STATIC_ELIGIBLE,,,false
2021.09.17.14.49.23_veh-42,E2_BENCHMARK_ENGINEERING,25954,1,2021.09.17.14.49.23_veh-42_00135_00310,9fe700abf47057f0,COMPLETE,train_pittsburgh,1f381a8302e57adb58a7b387a0ba5a7d69454c630e5815dd171c7b6f3f86fe23,00002a3a8b1775b1891cb77f366a88aa81da32d587af085970667a2b4c29fa01,true,14.151694,true,true,c65e8c8269b52a632bf87230412e0ce19bd35ef1dcaef43d6993eaf4fd47778d,true,true,true,true,17c78f356097e5a8a7acc4dcb0c09a22df787df908417348c485f0f6586fd4b5,true,NO_DUPLICATE_SESSION_ID_FROZEN_SOURCE_ALIASES_CANONICALIZED,STATIC_ELIGIBLE,,,false
2021.09.17.16.35.20_veh-45,E2_BENCHMARK_ENGINEERING,30749,1,2021.09.17.16.35.20_veh-45_00394_00540,c8b38a24c1b1531b,COMPLETE,train_pittsburgh,8c082499dbfb057fe1530587790d126e8f323d2b0b104abf0dbd446082ef6c1f,000085803c4ff0ea0115e412a450c35d7d5b1abf7999fb2a71e2ea72deff011a,true,7.816115,true,true,94ab85054017a4cba3df3f3f3cd6e9c87c2f252a8918b51dc0b5c3562bc8a159,true,true,true,true,047c3e533a689572830a7a340c0bcb8935781f997eeca640c0dc6a47cf06e1cb,true,NO_DUPLICATE_SESSION_ID_FROZEN_SOURCE_ALIASES_CANONICALIZED,STATIC_ELIGIBLE,,,false
2021.09.17.17.36.45_veh-45,E1_UNRELATED_HISTORICAL_USE,13433,1,2021.09.17.17.36.45_veh-45_00338_00529,04eb2faac8f55cfd,COMPLETE,train_pittsburgh,21a7ac455d2f130b4ec133710fe160e4ff99da932c8d04899b5dc810a98f94c1,001141f7ca08c3bfc58bbfce84592289d699a0b2779edf55debbf7b813da6f28,true,9.292886,true,true,a7af99f2623148e97321204a66a53f4e05170f394aa2f3d5fe27ab047c509dda,true,true,true,true,21c85614bec07a17c6f7d2b5cfe75f690c09d8f43e1036d771af6ec1a2285b9d,true,NO_DUPLICATE_SESSION_ID_FROZEN_SOURCE_ALIASES_CANONICALIZED,STATIC_ELIGIBLE,,,false
2021.09.17.18.16.32_veh-45,E1_UNRELATED_HISTORICAL_USE,36753,9,2021.09.17.18.16.32_veh-45_01447_01769,fafe0c117f07514c,COMPLETE,train_pittsburgh,a54f2422ebbd8a689df2c193f3c1ca2256e1e7d2306a8cf841a78879465dd84c,000f4ca6a32fc77c62017ea2b506ceba454c9b21bdd78d090d6ab98a6fa66c3e,true,6.435817,true,true,46fc82f004a971aff7009be4beb207aed9a8a67b09735d7d55928aaedfa18bee,true,true,true,true,61037e5e251e8875a00fbb355b2845662e50fbbf8222925beaa453aa04afe48c,true,NO_DUPLICATE_SESSION_ID_FROZEN_SOURCE_ALIASES_CANONICALIZED,STATIC_ELIGIBLE,,,false
2021.09.17.18.42.25_veh-08,E1_UNRELATED_HISTORICAL_USE,35013,1,2021.09.17.18.42.25_veh-08_01760_02084,2a0b0d98fcab5f1f,COMPLETE,train_pittsburgh,259caac74c770e8a4cf359b4d5157c4e6db90e54d9a556264f519bc86f7e9fe3,0003f2ec862127c8cf421ca670a22d423e51962b47633d503f800e2eacb3b726,true,6.706677,true,true,88abd2bdfe974975331d24dda9907656da56aa30d0230194492b9d4f9617f5df,true,true,true,true,eeaed835b663171f46ab32789cdb489231b3e9ad53d227e37d6def11dd1d62cc,true,NO_DUPLICATE_SESSION_ID_FROZEN_SOURCE_ALIASES_CANONICALIZED,STATIC_ELIGIBLE,,,false
2021.09.17.19.20.02_veh-45,E2_BENCHMARK_ENGINEERING,37271,4,2021.09.17.19.20.02_veh-45_00559_00692,8b6c1a92071a5110,COMPLETE,train_pittsburgh,f98f466ad12c935739da3bc4bb50993dd8dde498a1a95d79a3dc938041d678a9,0007193c2ccc328b412c12b654f3992d5f11300e1a9269d3049653d91b85b20d,true,13.122261,true,true,0f113beb6d6f53ef3cc58220da591dbbe24cfac4c879eb50917e86d5c36d384a,true,true,true,true,a766bedf725563c40feb5268839d2d3dd51270bc3e41001a8a49b6dd5b917c98,true,NO_DUPLICATE_SESSION_ID_FROZEN_SOURCE_ALIASES_CANONICALIZED,STATIC_ELIGIBLE,,,false
2021.09.17.19.38.59_veh-08,E1_UNRELATED_HISTORICAL_USE,34502,8,2021.09.17.19.38.59_veh-08_01524_02752,9af83998dcfe5b25,COMPLETE,train_pittsburgh,60cdfb9c53cf71d7a8d7065ecaa51df4a2e71d266701e18582586a00ebbcb130,00089a898a895dac77f69b2e47b944c5da2e6985e14cfd67e4147af0e43b13d9,true,3.640094,true,true,61e6861437a48e72f7a59c07295bf8ca14ed3d2e9a1ecda824374b13c5bf7c27,true,true,true,true,7ff2ec868c6748c235ae9bd64fc1f92d13595f8457be5e8aab8ae4f349e430be,true,NO_DUPLICATE_SESSION_ID_FROZEN_SOURCE_ALIASES_CANONICALIZED,STATIC_ELIGIBLE,,,false
2021.09.17.20.30.55_veh-08,E1_UNRELATED_HISTORICAL_USE,33877,1,2021.09.17.20.30.55_veh-08_02644_02784,6c478498c2d8539e,COMPLETE,train_pittsburgh,ab422709402c57a6388a82d1e23c4c55e63b367eb0f53b9e5a7b63366bad4b6c,000014762112882ab248cce7a9695ec6cc846356ccf44791419b795317f3c8b9,true,11.990254,true,true,667184200003d8ab4368c377ca29fa6ca8b2745a85a4446cd1c797aed60ae104,true,true,true,true,c8dc11d7b20182a58d025be10a201242800a907ac55931f7155222488b50f075,true,NO_DUPLICATE_SESSION_ID_FROZEN_SOURCE_ALIASES_CANONICALIZED,STATIC_ELIGIBLE,,,false
2021.09.17.20.31.03_veh-45,E1_UNRELATED_HISTORICAL_USE,17747,5,2021.09.17.20.31.03_veh-45_01038_01394,6bd95fd9312752e3,COMPLETE,train_pittsburgh,7119c38c5e170df248272364a6c6e47dc6c1c3e462ce4e7f9f261721388999e8,000661c5a115f6d84ef9d7944013075c1e300833cdfc789776272f4ceb8c97d2,true,4.286718,true,true,3977f6af6458c4280c5450056e22329d6c7d1d5e46768e058e850e115ce5baa0,true,true,true,true,96a3004e7d52e39d46fbf2ffc50f03b19d8dd760b17dc1b185e094d8afd2f52d,true,NO_DUPLICATE_SESSION_ID_FROZEN_SOURCE_ALIASES_CANONICALIZED,STATIC_ELIGIBLE,,,false
2021.09.20.12.58.53_veh-42,E2_BENCHMARK_ENGINEERING,29402,1,2021.09.20.12.58.53_veh-42_00016_00125,9b2ef80dc6aa521f,COMPLETE,train_pittsburgh,f16b2269c30cd74e8e330a10791b2b987285465b8ac2966af4f73bd0e327d55b,000166e562083925e99838a2f231ca171aaec8804662f7c89a77f49ee975c5c0,true,6.757906,true,true,23005038a3560aa304bdcf4012bf8c782c7ff9d3a0b3b7bd7616aa0b1a6adbf8,true,true,true,true,a6c668e265e3e63066688241c9a4b01c738d1edc647d4faac63e318c17cc5dc7,true,NO_DUPLICATE_SESSION_ID_FROZEN_SOURCE_ALIASES_CANONICALIZED,STATIC_ELIGIBLE,,,false
2021.09.20.13.46.45_veh-42,E1_UNRELATED_HISTORICAL_USE,24907,2,2021.09.20.13.46.45_veh-42_00401_00526,220e059ff5b35cfa,COMPLETE,train_pittsburgh,e4a65d9cac5d5ecebe545c018f0aea29ee749e1f54617842bda1132b7635d55f,000120ea4a8eb0bd45f0d923ee43719019aad5fce3265ee4ec48d1d9a57d2021,true,11.909644,true,true,9a0d3898b27d9ef22fc0da20b175de27ec89813206d7f18dd6bcc0d9b0751d7e,true,true,true,true,2b997a6a4e2217486a4e35502e5961923c8813f31199063edf82c8c55bbab1c4,true,NO_DUPLICATE_SESSION_ID_FROZEN_SOURCE_ALIASES_CANONICALIZED,STATIC_ELIGIBLE,,,false
2021.09.20.14.04.18_veh-08,E1_UNRELATED_HISTORICAL_USE,28031,3,2021.09.20.14.04.18_veh-08_01165_02197,99464b3cf9dd5242,COMPLETE,train_pittsburgh,9f211feb1f955c0c7004dcbcb0fc87c73c27bee2d7be980d38a5e5b5c8905285,000b57015b32694b6694deecba5507d448540778c5489bc49f6eac6f508ee98f,true,7.992004,true,true,d086ec4f519fd72f9ddd5b558e3b72bcd5c87bad587f2accc9393770df78311f,true,true,true,true,b6d03b7c7dbb69440ffaf82e60322035c1e400ee0052c6331197e356f4bd8d82,true,NO_DUPLICATE_SESSION_ID_FROZEN_SOURCE_ALIASES_CANONICALIZED,STATIC_ELIGIBLE,,,false
2021.09.20.14.38.07_veh-42,E1_UNRELATED_HISTORICAL_USE,27337,1,2021.09.20.14.38.07_veh-42_02732_02824,e7e2a835cd3058e3,COMPLETE,train_pittsburgh,86a788e7a91068c8017d2ec3718a32735ed8eb02487275bfc8fb79cea61580fc,0005032625065cc2caaddea5a5440f6c214432bf2e7511692b91d0a0ef1d95e9,true,12.463769,true,true,457984aab54821cd11e71251132f0ebc705bbf5b53d0a6fac49f9b6ffd569bc8,true,true,true,true,bcada5fd7cbbf5ad6b1ab62b1d2ea6fec3701dd47303a7b9cb7cfb2c0fcded01,true,NO_DUPLICATE_SESSION_ID_FROZEN_SOURCE_ALIASES_CANONICALIZED,STATIC_ELIGIBLE,,,false
2021.09.20.14.50.11_veh-08,E1_UNRELATED_HISTORICAL_USE,18856,1,2021.09.20.14.50.11_veh-08_00016_01146,b204760a6cf75f48,COMPLETE,train_pittsburgh,84a3fc43c1d9e64afcf2d1565e87103594c41d5dae0337b2ac7ed23ccf479be1,000058635b84123602e45c84a3b0d780a63d8cc4ba0c81f31b6179f528bc1e0c,true,6.599561,true,true,0b80d59a5d453e2c8b025f615522a43b8d57ff28e9b76621753ddfd3a271deb1,true,true,true,true,ae790065240d33840e378cff79dcc41cde8154f264e7e174ef49020a8b8e3b1f,true,NO_DUPLICATE_SESSION_ID_FROZEN_SOURCE_ALIASES_CANONICALIZED,STATIC_ELIGIBLE,,,false
2021.09.20.17.01.23_veh-08,E1_UNRELATED_HISTORICAL_USE,16632,2,2021.09.20.17.01.23_veh-08_00974_01766,cdc8f8f4b4285a8e,COMPLETE,train_pittsburgh,0754e50b01df5fa8041e8a4a875eadfc1f95c4283a7972385453c8a603e1992e,0007de0bbed043b61c4e5020f1bdbdfe1298e4ed7e8bf0300a647c49eb6dd4a3,true,6.551668,true,true,86ce220331fcc6b8880c3e59dd48f5ec7c7e82c1457d736dcf94737dc55b6be3,true,true,true,true,b49d715ff523041c3b6314829628bf908bdee90ac2a4a7f865693faaa52fc5f6,true,NO_DUPLICATE_SESSION_ID_FROZEN_SOURCE_ALIASES_CANONICALIZED,STATIC_ELIGIBLE,,,false
2021.09.20.17.42.50_veh-08,E2_BENCHMARK_ENGINEERING,19014,13,2021.09.20.17.42.50_veh-08_00322_00551,2aaa876730875879,COMPLETE,train_pittsburgh,355e13d0d98b50ab031709e7afe92d8284c08ff81a9a30777191de07f614166b,00295a4f9012c914f9d39732e43ef073e684ba28b1f0a93140b2cc322b81f3de,true,4.019258,true,true,6059bf483389fb318d45dc9d34793b03766a17ce4d1aa26132e01dd323807bf5,true,true,true,true,b80eeec4ac4532d1713940e6e83c98c101cc6b195920f6fb0520f6e8eb211955,true,NO_DUPLICATE_SESSION_ID_FROZEN_SOURCE_ALIASES_CANONICALIZED,STATIC_ELIGIBLE,,,false
2021.09.20.18.15.46_veh-08,E1_UNRELATED_HISTORICAL_USE,12872,11,2021.09.20.18.15.46_veh-08_00796_01182,0d56878203d7543b,COMPLETE,train_pittsburgh,2c4c9c86a0ce7ef9f2bac842611e4573cc39871000d6a60c303ece999c1b7832,003389889d9e8f8f6f135edd5639503d0391fc90a4afde6105ceb952c23fb916,true,6.139055,true,true,1acde16bea0ee797e0854c3e09fed45f33061d754ef0d1b0416be4ca5c283761,true,true,true,true,4a926057e343d881c0f441dacd75d85e69772ad1296d4d4ae4ade801a7dc8198,true,NO_DUPLICATE_SESSION_ID_FROZEN_SOURCE_ALIASES_CANONICALIZED,STATIC_ELIGIBLE,,,false
2021.09.20.18.55.11_veh-08,E1_UNRELATED_HISTORICAL_USE,12663,2,2021.09.20.18.55.11_veh-08_00839_01047,65fb529461e3506c,COMPLETE,train_pittsburgh,371505aa8a8d29213a8f41142a4ecfe141b48740d9d541b72a012abf028a012f,00057e3ca754c0fc47520848483a12683aeb046ff1ad369c05c478be6f06eaa5,true,8.312800,true,true,947ea0d62b3f4a68f9b905a2d41e47b0dcd8bd933e5aadec58ce1eaeba159675,true,true,true,true,761724f718e670b7030bef8e6f5196cf3e1af69cbd8ec7aacd10bab0bb8fbd83,true,NO_DUPLICATE_SESSION_ID_FROZEN_SOURCE_ALIASES_CANONICALIZED,STATIC_ELIGIBLE,,,false
2021.09.20.19.38.32_veh-08,E1_UNRELATED_HISTORICAL_USE,34792,1,2021.09.20.19.38.32_veh-08_00236_01202,2e50d6a6cd49598a,COMPLETE,train_pittsburgh,b28f89a7db5f85f9955d6747df18a15bc606d22f548b2111cc059eb2ebbc4510,000271beb825c98ff4ee78b67ceee96e3277e9335c0ede41b7fb4eb8112091e1,true,11.554601,true,true,b12947a574ab13fac198ddab1b50ea49d658207fd2a55ade39af30c8799238a4,true,true,true,true,2a302da1a806c01a75b7e3a49b651d6a4aaf2f16e457e34efb3c8e3e6dc52fde,true,NO_DUPLICATE_SESSION_ID_FROZEN_SOURCE_ALIASES_CANONICALIZED,STATIC_ELIGIBLE,,,false
2021.09.20.20.32.00_veh-08,E1_UNRELATED_HISTORICAL_USE,32882,22,2021.09.20.20.32.00_veh-08_00746_01631,ac03d5e2cc6e5f26,COMPLETE,train_pittsburgh,ed982d63e73e531cccbd54d455a92e227c123e449dd555ccba64c6f03571e1cb,0036c2ae5914a24c2d380cf879dd9f772d5822ac8c26a428ce4c78df46180442,true,9.242698,true,true,6dc06897114d685bbfe061ec2c7baee3de8b6b562397398aab5f9ccda495a380,true,true,true,true,7a268286929084befe73eb77b54c5723f520de56e4022e7007940e5c5cd70475,true,NO_DUPLICATE_SESSION_ID_FROZEN_SOURCE_ALIASES_CANONICALIZED,STATIC_ELIGIBLE,,,false
2021.09.21.16.42.24_veh-08,E1_UNRELATED_HISTORICAL_USE,24832,7,2021.09.21.16.42.24_veh-08_02115_02448,af608288a2295c1e,COMPLETE,train_pittsburgh,f769bf4febb7e8fe8ba266cfca26da9bf52a85ad0350675d3470992b1ef69335,0018b27e835e2f6688b4aa6493c0f1168f4eb62b3943c48f0560eb347113a551,true,9.244513,true,true,a918afc4ec66f23d8d340971e977815ec9e3990d102bfea0fd6ad5977b993bb9,true,true,true,true,1c01d02d6450bd57e6a44b69d9e6f8842b8e1869eec7cf4eacbdcb63f1a5bafe,true,NO_DUPLICATE_SESSION_ID_FROZEN_SOURCE_ALIASES_CANONICALIZED,STATIC_ELIGIBLE,,,false
2021.09.21.17.53.12_veh-08,E2_BENCHMARK_ENGINEERING,27963,4,2021.09.21.17.53.12_veh-08_01885_02099,c16482c330895d07,COMPLETE,train_pittsburgh,f3e8031a8672d162aa13124de5c1e415e804443ce550223518c53ba9a5a34f17,000699c497fe70310d977b19bbed93d735341213f3a9976e20556ae0c3988dfc,true,8.611517,true,true,baaad530acdb6622ba5a3ff0b62ac08bb359848db131ef2747b5d078a6b399e5,true,true,true,true,fcaa757bfbedbdd63601dd336db2adae1a388af7340753ecb4e3d6ef241635ac,true,NO_DUPLICATE_SESSION_ID_FROZEN_SOURCE_ALIASES_CANONICALIZED,STATIC_ELIGIBLE,,,false
2021.09.21.18.07.37_veh-45,E1_UNRELATED_HISTORICAL_USE,25528,1,2021.09.21.18.07.37_veh-45_00438_00626,d7e9ce86ec7e5ea6,COMPLETE,train_pittsburgh,d767ef5ee67d6f8272aaaeb038bebbfa4221a824788dbc125aa7c2576f8b951c,00040a7380bee1b1e21ee15c7e267c59731ff1f5273b338d50f206df8e8c1146,true,9.853530,true,true,2c6e80cc3b1381950f8a668015eb3accd147b58c215820163a656f482e7397ee,true,true,true,true,e9e8f51cd20560f292a4492b5cf2800e1defd46a8fa908b10e75a1385180d50d,true,NO_DUPLICATE_SESSION_ID_FROZEN_SOURCE_ALIASES_CANONICALIZED,STATIC_ELIGIBLE,,,false
2021.09.21.18.54.31_veh-45,E1_UNRELATED_HISTORICAL_USE,26973,7,2021.09.21.18.54.31_veh-45_02138_02345,3df125cd573e517e,COMPLETE,train_pittsburgh,1695250b0938ee02dac687934ee3a54dc30a157bdbba5d27fe11bb13b66b1157,000b1532a69a3864020e0b5be9877f044a323b781aa26eebb13b7e4b64d7572a,true,7.844145,true,true,a96646134c7d3571f13708645de280bc1c03bdb0c5ac6c5bedfb7b9cf8d805f7,true,true,true,true,a5a9045307b2e1ddeda6013ea9b24165133e3a24adf7f43d300d7504186d85c9,true,NO_DUPLICATE_SESSION_ID_FROZEN_SOURCE_ALIASES_CANONICALIZED,STATIC_ELIGIBLE,,,false
2021.09.21.19.41.31_veh-45,E1_UNRELATED_HISTORICAL_USE,28753,1,2021.09.21.19.41.31_veh-45_01828_02370,c550d665ee3e5574,COMPLETE,train_pittsburgh,f132fcc46a39f8f20985fdca073867a18ba666ad84782da34242f6383e020bd9,0003bf8fd6c8dc7b422cf85ed879e86d2fb07fe56d82c44de7b7c4d0c0b989e0,true,5.322868,true,true,f468a351d6a3a670f25fe3a5dfc4e06a685a79f108000d20683d908dbb081f4e,true,true,true,true,e0ea6abfa3f85587de596eb204ba2811b8343375d3d8c6c35d02c9a0e1fffb22,true,NO_DUPLICATE_SESSION_ID_FROZEN_SOURCE_ALIASES_CANONICALIZED,STATIC_ELIGIBLE,,,false
2021.09.21.20.04.35_veh-08,E1_UNRELATED_HISTORICAL_USE,37407,1,2021.09.21.20.04.35_veh-08_01935_02511,153451afa6eb53b5,COMPLETE,train_pittsburgh,f4b0c18f32be4a3fc8895cf374fb17e02e186ffe1e709fc9c24ee3bffb854dd4,000071065dbc43f265d1fc72bbfda4918179e74516d2ea2777a38b756df654de,true,4.302560,true,true,61156e1c088216bd6a3e762ac30198a093a1814decaf4d914bef24d2bcd430b6,true,true,true,true,8f71cd2c6ff12a4664f2bc940965d09ae8c5e264d1f624ba002bb838ed818349,true,NO_DUPLICATE_SESSION_ID_FROZEN_SOURCE_ALIASES_CANONICALIZED,STATIC_ELIGIBLE,,,false
2021.09.21.20.37.06_veh-45,E2_BENCHMARK_ENGINEERING,21130,1,2021.09.21.20.37.06_veh-45_00379_00688,db786c1dc47b54bc,COMPLETE,train_pittsburgh,0b912a4b57e109b6201ab6bd35e52f3e2fe1b1e1057001e69fab55bbb42c301b,000d3465e896e4eb675c59edf85d932febc17639acb85b3f1cc795cef545318c,true,6.571020,true,true,a04fb57afbbd57eeac5e41b894b67fc1db6d1ff748fb11b19269504a3250232f,true,true,true,true,1d3168bf396e66f8e0fd1298142e2613cd72e307cc8506aad1ca90395cdda567,true,NO_DUPLICATE_SESSION_ID_FROZEN_SOURCE_ALIASES_CANONICALIZED,STATIC_ELIGIBLE,,,false
2021.09.23.13.07.52_veh-45,E2_BENCHMARK_ENGINEERING,21790,5,2021.09.23.13.07.52_veh-45_00355_00848,92642617344d549f,COMPLETE,train_pittsburgh,7d6e763ea4f11dca7f3097c0493267ea11ece1989e19f8efc031302bc1d2d697,00012193ee023cc75176ce3e2af266de035d425e3d008a69254ed2248ec8c16a,true,4.565492,true,true,cee032aa88097c3061726e2f2cf5e4c8758662a423e2f9ce6b7eb147d004b6ca,true,true,true,true,d35e0fff4bed83df630357ac62f992166c8997b50a74e4399e926d4e6cca2b57,true,NO_DUPLICATE_SESSION_ID_FROZEN_SOURCE_ALIASES_CANONICALIZED,STATIC_ELIGIBLE,,,false
2021.09.23.13.54.40_veh-45,E1_UNRELATED_HISTORICAL_USE,23215,2,2021.09.23.13.54.40_veh-45_01383_01932,102397d06bdb59aa,COMPLETE,train_pittsburgh,dd2105c24592afd9382ed94574e1fb9e1d8836ca2af5d17026d4fc6364049f71,00035d9c272fd05a39efd3ffb3a070989ca26e64a6dac793bc70638dc3685c96,true,5.911614,true,true,61d2709412e2bdd3c9e634ddd83ea5d5d5519f26cc314981d0015b0566be202f,true,true,true,true,06a4932cff130e85ba367fb3b599be314ab3232d91f6038658ebae327b650520,true,NO_DUPLICATE_SESSION_ID_FROZEN_SOURCE_ALIASES_CANONICALIZED,STATIC_ELIGIBLE,,,false
2021.09.23.14.44.24_veh-45,E2_BENCHMARK_ENGINEERING,31499,3,2021.09.23.14.44.24_veh-45_00353_01052,0806bd818a025b1b,COMPLETE,train_pittsburgh,e7426fa01a696c9e190f45a8bd6f42eab151f06612acdd87895bf4082f775b66,000636fdd5763001b469004edc4703c1b0ecb390ec14050a914c0ee63449ceb3,true,7.722069,true,true,62667f1042fca8bb71188c1e63560c333340b2edd637cbaa6efad05df84bb3e9,true,true,true,true,8acdcfec25e264d13c80e93140db51a381f4ff2b63ae8f806482c2183e592252,true,NO_DUPLICATE_SESSION_ID_FROZEN_SOURCE_ALIASES_CANONICALIZED,STATIC_ELIGIBLE,,,false
2021.09.23.17.03.56_veh-45,E1_UNRELATED_HISTORICAL_USE,31936,4,2021.09.23.17.03.56_veh-45_00891_01489,4fbf9c1eca615a6b,COMPLETE,train_pittsburgh,280b06719c1b4806fcb47a87b2fecf71992d56e88172dc20464f143ad95964e2,000830ed7d81898bf135c38e7265c461388cb9f1a51da8155b6047ffdb6218c8,true,7.587115,true,true,1132e6011e43db4a250b362859198e8032233a2d9a3cf9b3eb93d5c47442d830,true,true,true,true,d32dac582d1e1a0098a9b902cebe23419bed158035551fb09bfd1670a72f2805,true,NO_DUPLICATE_SESSION_ID_FROZEN_SOURCE_ALIASES_CANONICALIZED,STATIC_ELIGIBLE,,,false
2021.09.23.17.57.13_veh-45,E1_UNRELATED_HISTORICAL_USE,29889,5,2021.09.23.17.57.13_veh-45_00795_01020,344ed285ed6f5ba5,COMPLETE,train_pittsburgh,78d05dc43a34b2fe8a478b3042dc98db313e0e6da2c5000dd617e6bbc4c2d5e6,0009048da30c25459a3e199bf9a6f3009412b8a49193772165a80bd97c1631c7,true,6.302910,true,true,da7ed0ad6689ae3563daed0e10bf3f11f70a8d3e67934bab52fc53bb5f600e2e,true,true,true,true,1c8866f64d7a9239a7fa876aa5464df3a9ae0a5a49de1efa1b74c1f5991b4359,true,NO_DUPLICATE_SESSION_ID_FROZEN_SOURCE_ALIASES_CANONICALIZED,STATIC_ELIGIBLE,,,false
2021.09.23.18.57.19_veh-45,E1_UNRELATED_HISTORICAL_USE,33698,14,2021.09.23.18.57.19_veh-45_02075_02318,ee90ac7c238d5336,COMPLETE,train_pittsburgh,a6255d9c242402f1c2614e16699d3589d857656694dad1d1da672d3b36425904,0023f494856f8e7c6f0d828e2bdf5e0f992e03acbf25148605ea65db4111585e,true,3.694776,true,true,f19a4e98443ca8c0ba131b3baf4720ad50b4c87afa9751986160f1fe611e5549,true,true,true,true,4f190822c5174e7384297461f93eabc00b02aea547c289b07c56e3c25fa91d05,true,NO_DUPLICATE_SESSION_ID_FROZEN_SOURCE_ALIASES_CANONICALIZED,STATIC_ELIGIBLE,,,false
2021.09.23.19.52.54_veh-45,E1_UNRELATED_HISTORICAL_USE,24374,3,2021.09.23.19.52.54_veh-45_00625_00830,73475fc145fe59f9,COMPLETE,train_pittsburgh,5a82a305e28ab507778adbfdec6d12eff3eb5deb8b6a24e749bed73b22781cc6,00062bc0a7174f535f12386af1d31039e2fe65167a63b09ab976e8b52c6d8ad4,true,6.857634,true,true,4e91e6e295f82bb77c82d232ae8591db56c2afe8815e803c666df37a2569b5d7,true,true,true,true,2d9e608bad844361bd82c93a20ab7639af2e96e1bd9c06d669ec95ae1552bcbb,true,NO_DUPLICATE_SESSION_ID_FROZEN_SOURCE_ALIASES_CANONICALIZED,STATIC_ELIGIBLE,,,false
2021.09.23.20.37.33_veh-45,E1_UNRELATED_HISTORICAL_USE,23243,2,2021.09.23.20.37.33_veh-45_02087_02313,fdadc7f28aa35ce1,COMPLETE,train_pittsburgh,0a295bd6c0e2efca434890484712bd139dfa1a14199ccdeaf7fad2c43e5039ba,000bc1d4c56a6fd43d68e22b808d864cb0b7bc9f756702f76955be867935ce9d,true,7.824205,true,true,89781e2b09d0a75cd1745a1c2731d36f0617e3282c633424b559cd5128d39783,true,true,true,true,3a54a04fdaed35e8e8247673226d7d1ac9ec62540f84466e52c6e47bbd5b1fd8,true,NO_DUPLICATE_SESSION_ID_FROZEN_SOURCE_ALIASES_CANONICALIZED,STATIC_ELIGIBLE,,,false
2021.09.24.14.23.05_veh-45,E1_UNRELATED_HISTORICAL_USE,38190,1,2021.09.24.14.23.05_veh-45_02144_02442,26ccfa78f15f50a7,COMPLETE,train_pittsburgh,46f925bf90704eeac862ed513a96d8d2a59cf9434dc36aa62b6f4b558086752e,0000c1d7cd06366c8b6ede7c315ebd5403bec552348ea9eaf1e0eaf02b7815d6,true,4.286350,true,true,32eea64eabbbd8d2f15cb1d665cc16ad6e9d1f39dae2ee9c2debc9135d2ca36d,true,true,true,true,51df4082e0c1962f4e5d589657411e8fe431b7ae6bb192c1b000d1b57335392f,true,NO_DUPLICATE_SESSION_ID_FROZEN_SOURCE_ALIASES_CANONICALIZED,STATIC_ELIGIBLE,,,false
2021.09.27.14.45.42_veh-44,E1_UNRELATED_HISTORICAL_USE,43355,3,2021.09.27.14.45.42_veh-44_02609_03216,42dd4c07b49c53b4,COMPLETE,train_pittsburgh,b595157ee78ee4bc09693a88cc3a1830bc56f5ceb0107cfb1ee354ae3de7291a,00016109c5ca6dc0ccc0ed6837d8df2cc2dee47a1f28b4a97f8f943513ff11b7,true,7.880531,true,true,d44a5463f2d4e44edc9fbe0fe0bf3e4c188b994af8299144c284419f1eabcc41,true,true,true,true,cb7a5c9cbbf2336fea1e4bcc5dfc2cd16e904122989f0a828bf100be7a9c08fa,true,NO_DUPLICATE_SESSION_ID_FROZEN_SOURCE_ALIASES_CANONICALIZED,STATIC_ELIGIBLE,,,false
2021.09.27.17.06.43_veh-44,E1_UNRELATED_HISTORICAL_USE,23659,2,2021.09.27.17.06.43_veh-44_00237_00336,b3a6468819365e14,COMPLETE,train_pittsburgh,f0cd419a52f3492626523b81671bfe4822d1650a62b01b1c5e90f698dad3a8ef,0001075f7a442e77c923ad8695839b9c19c3e02afb4cc624b5025fd56edfade8,true,9.442267,true,true,5a99a2faf4b27b23126eb709d4be0140e58024d285cb92630f914699f3c57ef0,true,true,true,true,a27d03e98812cb618f28de2c4208f3961f5c45c0d2f06529510e5a9fa0ce4577,true,NO_DUPLICATE_SESSION_ID_FROZEN_SOURCE_ALIASES_CANONICALIZED,STATIC_ELIGIBLE,,,false
2021.09.27.17.52.47_veh-44,E2_BENCHMARK_ENGINEERING,21029,4,2021.09.27.17.52.47_veh-44_01131_01267,da7a9065299e5cc2,COMPLETE,train_pittsburgh,fe63bbae283e407467dd9f78ec3c9c801d0bdedc6088a8174ca2c19d23c2caa8,00082c0446111d2db58b88f5b84610a31c2e853e53f332680078ae2785dfdf14,true,7.886355,true,true,4a93526a7179b8c6ecd272f4827cdce9dab0239e355c3e62a10485f2f94f567f,true,true,true,true,35f178b8b12fc49a8028a0bff8474370451619733f6132749bb145b3d1cc6e01,true,NO_DUPLICATE_SESSION_ID_FROZEN_SOURCE_ALIASES_CANONICALIZED,STATIC_ELIGIBLE,,,false
2021.09.27.18.51.35_veh-44,E1_UNRELATED_HISTORICAL_USE,28837,3,2021.09.27.18.51.35_veh-44_00369_01255,97bff3e619815c20,COMPLETE,train_pittsburgh,71570d2649dcb6bd9ec319361eb579569d0363623f63d12892ee1a2b0c629b73,00013a586d204397658f7a62e113eb9bdc6980f974b36acb524fd90119b6578a,true,7.977638,true,true,b094866f262640c12217d46a48d82d3b7bd329004af2ae0d2349fe255e4bee55,true,true,true,true,822a44a78912dd16fc8a185f2b54affbb182f0364649a9903491e7f9bc21fdde,true,NO_DUPLICATE_SESSION_ID_FROZEN_SOURCE_ALIASES_CANONICALIZED,STATIC_ELIGIBLE,,,false
2021.09.27.19.43.19_veh-44,E1_UNRELATED_HISTORICAL_USE,19702,1,2021.09.27.19.43.19_veh-44_00016_00587,27ec055febb75e2c,COMPLETE,train_pittsburgh,1b9e3f990e3b72606d354aa924555d4821ce8d08cab07b3c42218b2ff05a65ce,000ef0de14809afd39179ff48bff5ed31ce4c2291d57fa50546f0f45896b9a14,true,3.806993,true,true,c3c43ceee25f7d5ce3ec5cb2d963eaa86968dd5a95df7452056cc824b6264d0c,true,true,true,true,039757eebd74f8b97e8d1b78fbd761a225784625c18ce420565fba7b1020a278,true,NO_DUPLICATE_SESSION_ID_FROZEN_SOURCE_ALIASES_CANONICALIZED,STATIC_ELIGIBLE,,,false
2021.09.28.13.24.06_veh-44,E2_BENCHMARK_ENGINEERING,37513,1,2021.09.28.13.24.06_veh-44_02970_03103,1d5769ba8a5357a8,COMPLETE,train_pittsburgh,b294944a5725c2540632990355d4658902d80bba393f357d2b4bad6c9a279522,0003d45d32dedb142a08b70fc5901d977431dd00075cb57709fcca01ffc03fd6,true,10.716628,true,true,fc51bc7749010ffcc0cca9709636f1d895305bfac8aba180799a57286ab2c133,true,true,true,true,a115ec736b62dc4d2508daa1854cbc276429ffe80d4ca218ac3760940b7bc275,true,NO_DUPLICATE_SESSION_ID_FROZEN_SOURCE_ALIASES_CANONICALIZED,STATIC_ELIGIBLE,,,false
2021.09.28.14.23.32_veh-44,E2_BENCHMARK_ENGINEERING,36847,5,2021.09.28.14.23.32_veh-44_00437_00870,9e57714805a253f5,COMPLETE,train_pittsburgh,646667b9ae4f40debcba8f8a9c753356b712796cdefc0b47d61c9bf7ab1397f0,0003e8ff2b03872cf7d520e36d607bcd3ede1ef4d04b13817b1da841b3da9848,true,4.347430,true,true,9b1dc5ceb0b2f7e89d7df02ef173595d38eeee99c0552d694a415b05142cc6b6,true,true,true,true,f19d261c26a22e13db19310682b5f35124946728d2ee129ce30a897707ec13c7,true,NO_DUPLICATE_SESSION_ID_FROZEN_SOURCE_ALIASES_CANONICALIZED,STATIC_ELIGIBLE,,,false
2021.09.28.15.17.00_veh-44,E1_UNRELATED_HISTORICAL_USE,26262,1,2021.09.28.15.17.00_veh-44_02215_02366,a015ab921e3659b5,COMPLETE,train_pittsburgh,e0aafa84ff71395defc38baddbb006b648c599d2fa72a71a9cd13da139cb033d,0007a0f22c6b2ad22bc9e5609cfb24b3c2048dd98a29a17578b4410c181f66c2,true,11.270569,true,true,c08a3479d63a19b46b18b34d919ccdbf09b5965e1204dcd3643b36c40c0cee6c,true,true,true,true,3d1707062c83443a6a161e5b9b053543ecd52a610589c7640d018ebfaa5e2587,true,NO_DUPLICATE_SESSION_ID_FROZEN_SOURCE_ALIASES_CANONICALIZED,STATIC_ELIGIBLE,,,false
2021.09.28.16.09.49_veh-44,E1_UNRELATED_HISTORICAL_USE,20092,2,2021.09.28.16.09.49_veh-44_00738_00987,2c46c9b12d0751e8,COMPLETE,train_pittsburgh,42e905d57f82e3aa4d5f2fe8b00ebe9c9249dc677befbedb8cf1a27fed3c4baf,0005d8fca6ee249be89a776020c88f9f7c571cbe7d6565fb313bf33213e41405,true,6.973583,true,true,2d2beb859f0623237b0bda575cb0e0ff99a69b50c61b10e5ea8b1a7a9f8c424f,true,true,true,true,45425bf154a13135578730df865e7d46063d30ce59a2846f6b9006318a26d565,true,NO_DUPLICATE_SESSION_ID_FROZEN_SOURCE_ALIASES_CANONICALIZED,STATIC_ELIGIBLE,,,false
2021.09.28.16.50.03_veh-44,E2_BENCHMARK_ENGINEERING,20604,3,2021.09.28.16.50.03_veh-44_00782_01293,25aef4af0bfb51b7,COMPLETE,train_pittsburgh,88bcd572ed5f7e985a09d8d021edbc55a07c1ce2c29b7086cf8699b2c4116344,000c712672247f4c76f3f4259bc69e988eadb4b59470b5d85ac8c1da6128e6c1,true,14.385815,true,true,556987306721a1be103c29691a6e8cf4805ed38410886a4b1314e23b14da44f9,true,true,true,true,aa1667fcd40df3e6120872e77aff8a124813ded1213b60c9e7b71eba3dcde6af,true,NO_DUPLICATE_SESSION_ID_FROZEN_SOURCE_ALIASES_CANONICALIZED,STATIC_ELIGIBLE,,,false
2021.09.28.17.43.06_veh-44,E1_UNRELATED_HISTORICAL_USE,19295,4,2021.09.28.17.43.06_veh-44_00563_01082,2343564f3b795133,COMPLETE,train_pittsburgh,6760efea4fb35a9075e0543b66793503f16193a2769563223bb6d04b875e8c53,000f601c0d4875c4972bfadf07e3b5941076a715143e8b34f6d2b74276c2c5c2,true,12.689215,true,true,bc14f2033a7268bb8278d16df47c282b8c50cbfd9efe467898a13fe739d45aeb,true,true,true,true,160bad27e7761126d1f22e1bcac13628061a963f8b9c1f50f5a0e9984173d6f7,true,NO_DUPLICATE_SESSION_ID_FROZEN_SOURCE_ALIASES_CANONICALIZED,STATIC_ELIGIBLE,,,false
2021.09.28.18.22.59_veh-44,E2_BENCHMARK_ENGINEERING,24210,12,2021.09.28.18.22.59_veh-44_00997_01880,033fb29bdcaf5474,COMPLETE,train_pittsburgh,3e5871ada65fc6ae6705909b32670eef1bf29275703cc471537fc1d73a43c58e,001300279629f8abf8c788af1653d5e3a66c7eed4f4266310bff430c14ad5f9f,true,5.721089,true,true,a64bca350a1f07ef19d1d1b57302f0b32126e309f76a47f8800b488f901a95b7,true,true,true,true,e8fa79cb4a33127ea49ea602bc4fc6c1fff0038302551c2db3f2bcad8b5b05f8,true,NO_DUPLICATE_SESSION_ID_FROZEN_SOURCE_ALIASES_CANONICALIZED,STATIC_ELIGIBLE,,,false
2021.09.28.18.57.35_veh-44,E2_BENCHMARK_ENGINEERING,9646,6,2021.09.28.18.57.35_veh-44_02010_02187,b2ffac16a91a5dc6,COMPLETE,train_pittsburgh,26024e707f823719e4bc1ea937fb9474ff3d6d2bc1eb517c738d768673386fe1,0030016c8fa3a27c7b7cdde866618ebb16fc79dccfb50f13c3ac41c20f6fa7b2,true,3.642644,true,true,db96332955c4a3de8e2d564d25c8f052af6af7b3bff2ede9d6999c3bd2b8e5da,true,true,true,true,2c9e9b3d573bcdc536df874f9e8546af723f3189a01982c180e51c1ae684295b,true,NO_DUPLICATE_SESSION_ID_FROZEN_SOURCE_ALIASES_CANONICALIZED,STATIC_ELIGIBLE,,,false
2021.09.28.19.55.30_veh-44,E2_BENCHMARK_ENGINEERING,37343,6,2021.09.28.19.55.30_veh-44_01239_01384,bc82021d6c735f38,COMPLETE,train_pittsburgh,315fd8669b114a17e84f6e04ddd6c3065708fd9b792a209e7168dfa8e5558d4c,00058528204fdff61e67a65c7ab696798451771570e295ef2e675034b9478970,true,10.303577,true,true,3423eb677d91b759f50a00085e1b83a5ddc040b10427eb64fa2a40ccc79e72e9,true,true,true,true,12a90f5dfe5fc2353346864838899ca3b901ab1199addf42528036d6b334a221,true,NO_DUPLICATE_SESSION_ID_FROZEN_SOURCE_ALIASES_CANONICALIZED,STATIC_ELIGIBLE,,,false
2021.09.30.13.08.26_veh-44,E1_UNRELATED_HISTORICAL_USE,23304,7,2021.09.30.13.08.26_veh-44_00402_00779,8b5162dbd72557d2,COMPLETE,train_pittsburgh,6caa93d48db6c9aae2f3b4e0f6ffcd3601daa74a9075ad2e4fd90da1ff08b02b,00088e3715b461b24b092b5bdb439533250aa1ae013aad55aec69256e99ea5ee,true,8.098082,true,true,d6e0cdd927210c3a85fe8bac086351490a75b6930922c3afab1172b5d743666d,true,true,true,true,ef38d9ce871a04c02a1c5de8175e2373d7100238f68dfe5dc9ad58a26f03b02e,true,NO_DUPLICATE_SESSION_ID_FROZEN_SOURCE_ALIASES_CANONICALIZED,STATIC_ELIGIBLE,,,false
2021.09.30.13.54.09_veh-44,E1_UNRELATED_HISTORICAL_USE,36386,2,2021.09.30.13.54.09_veh-44_01902_02192,7e06cd4084cd5bc4,COMPLETE,train_pittsburgh,8b698af0c3b0ae1e161ade042e0b614e9e3fa27f62f66b1764fca9d16f6ca153,00013bd2ededef61b91d9e12219f4e2d9892c545fb0d77c40268c6cd493b73af,true,7.314122,true,true,d90c2d8a02c1d877fd17e66c0ba11498ca651df79fbcc6f340d03dc0b505188e,true,true,true,true,a1506fa2206e4c05a3047ecf02f276aee3d7a83abd1c013d6484c310ccc439f0,true,NO_DUPLICATE_SESSION_ID_FROZEN_SOURCE_ALIASES_CANONICALIZED,STATIC_ELIGIBLE,,,false
2021.09.30.15.05.51_veh-44,E1_UNRELATED_HISTORICAL_USE,28378,2,2021.09.30.15.05.51_veh-44_01655_02241,c48451ac7fcb5ac3,COMPLETE,train_pittsburgh,1683a563599b3ba930d52affbcdf7fb918d4b83152b0e66770ac54fd46d63f34,0005eadbe6a7821086356b9326c2c6b83c8c3403a67dd161244628814b5dc159,true,7.326075,true,true,4f2ebeb67ddd28b45b02a33c7963798db1084cd38e80a74b82962b9b919c4518,true,true,true,true,26c4a3437113f0ff720eef98b3bae2e9d97ec3b26dc8171206a87f6591810d51,true,NO_DUPLICATE_SESSION_ID_FROZEN_SOURCE_ALIASES_CANONICALIZED,STATIC_ELIGIBLE,,,false
2021.09.30.17.20.14_veh-44,E2_BENCHMARK_ENGINEERING,24307,7,2021.09.30.17.20.14_veh-44_00422_00647,823450e3b3495cf2,COMPLETE,train_pittsburgh,ec4306921e7b2d2a713d18147a1873845bec1d1a11b295b9e0b33b0c5c319a5d,0010963526201b4a9be0eadebf09f0beb1e60fcae512127da8e485a1509c4404,true,10.422870,true,true,b5296b652fb7d198730b2e8d72137d2b0891a90e3ef23aa90bb2b61ee73d19b6,true,true,true,true,a091d8ad5ff05c1b626346470e80b2a2e86615bbaa369d51e173f5562080359a,true,NO_DUPLICATE_SESSION_ID_FROZEN_SOURCE_ALIASES_CANONICALIZED,STATIC_ELIGIBLE,,,false
2021.09.30.18.01.05_veh-44,E1_UNRELATED_HISTORICAL_USE,24831,4,2021.09.30.18.01.05_veh-44_00016_00976,0eb0ca63c5465be3,COMPLETE,train_pittsburgh,2ee6734fa3e4544b83d0e453c1ba7de61786c6d1e0aa02011af5641ee8c3af34,0001edbda0a7febfe74daa6406de711d8508744c069cdbfb9e13dd19fac36073,true,8.655889,true,true,838f79820e1ddc5320dbdc2d8fcc82d8d6a221130e2f66383f857ad969bd6d43,true,true,true,true,1293e9bc6c817ab0c847b49701e3c07124b83382d3a5669da4583e48efc80259,true,NO_DUPLICATE_SESSION_ID_FROZEN_SOURCE_ALIASES_CANONICALIZED,STATIC_ELIGIBLE,,,false
2021.09.30.19.11.40_veh-44,E1_UNRELATED_HISTORICAL_USE,22678,1,2021.09.30.19.11.40_veh-44_00580_02260,f35b48ec346657dd,COMPLETE,train_pittsburgh,bcf36fa24e8cd42444b9cd68b335729b22d9a5b36c44e505a9fd1a5995193aaf,0002857746c65fb473558e2209b6b79bcbad13b362dab3e344492178a7f90415,true,9.451684,true,true,649ff31e08b207be8b6071cf20c51ee6441608afe70fc505b18f6827c7042908,true,true,true,true,4741039ebeaf4d56c7ff7413a784073e33e887e0ebf2b2cc4e0ef063f2874d23,true,NO_DUPLICATE_SESSION_ID_FROZEN_SOURCE_ALIASES_CANONICALIZED,STATIC_ELIGIBLE,,,false
2021.09.30.20.55.20_veh-44,E5_UNTOUCHED_CONFIRMATORY,3569,2,2021.09.30.20.55.20_veh-44_00299_00460,00db528f878d52cd,COMPLETE,train_pittsburgh,17d14158dddf7c8c7ace0e8d788e6277825f60a9152ea634d447aef33fed768b,002dc36e0a79812cf1639ce54d98057705d09bafd751722a19ce4ddc61c7eae6,true,8.974012,true,true,b7895fb77a1948ef39db75c398454111647a82a1740450c17831d88289ca0773,true,true,true,true,4d5a5416c72660695fde5bd94dd36ac4f5ce5bb828bb19332669f2f20f29d291,true,NO_DUPLICATE_SESSION_ID_FROZEN_SOURCE_ALIASES_CANONICALIZED,STATIC_ELIGIBLE,,,false
2021.10.01.12.54.53_veh-44,E1_UNRELATED_HISTORICAL_USE,21010,1,2021.10.01.12.54.53_veh-44_02019_02101,fb3dd2b572b25252,COMPLETE,train_pittsburgh,a7a09f53707647bf4387e7cf8ce8fd1eba20cdc06c9e71b9e11504774161bc8b,0002df9e1270d808429ac6b9a877cfe358457c74a93738c523a01e9c39e077ba,true,9.784320,true,true,4a93526a7179b8c6ecd272f4827cdce9dab0239e355c3e62a10485f2f94f567f,true,true,true,true,19728c567788f688f36eced702fa0870091e2c4ee9d103d2a2ac8382a10bb5bc,true,NO_DUPLICATE_SESSION_ID_FROZEN_SOURCE_ALIASES_CANONICALIZED,STATIC_ELIGIBLE,,,false
2021.10.01.14.16.29_veh-44,E1_UNRELATED_HISTORICAL_USE,19114,1,2021.10.01.14.16.29_veh-44_00112_00513,ab3a5fa1cbf65ff9,COMPLETE,train_pittsburgh,73bd33b257bb6757ca85a9dab8c359fa52de2abb992813f15b208e0701583677,00001342c9469e40130cad472e23ae3b53a043157147137d3aaaa4725f58e6e3,true,13.709486,true,true,6f8ac26dab9ee985c7ef6dd1139bea63fa45d4a587248a2d0b1786dfb9564e69,true,true,true,true,b68041c1de6e97f3b8cfc554bfaa685fbc151dc4ca45e4e8b5d3464659d9a6ee,true,NO_DUPLICATE_SESSION_ID_FROZEN_SOURCE_ALIASES_CANONICALIZED,STATIC_ELIGIBLE,,,false
2021.10.01.14.49.24_veh-44,E1_UNRELATED_HISTORICAL_USE,18873,4,2021.10.01.14.49.24_veh-44_01453_01551,d30cf3c8b6a95b48,COMPLETE,train_pittsburgh,1538ded432d32c5f749c28830c2a7f1de7adc703137bd58492b73fa76e12e608,0006bf8662fff5bcc9b618c03860656e841435a25f6defdab738bf9c2662a1fd,true,10.871515,true,true,284d16399049c0c17e0d794f083bf467d1f7ae44329724505e2731ce3be37eeb,true,true,true,true,72ae5aa949123867788ce9cf4eacb6c12df3a94c6cb548c496f2cbea727feec9,true,NO_DUPLICATE_SESSION_ID_FROZEN_SOURCE_ALIASES_CANONICALIZED,STATIC_ELIGIBLE,,,false
2021.10.01.16.53.37_veh-44,E1_UNRELATED_HISTORICAL_USE,22566,1,2021.10.01.16.53.37_veh-44_01654_01884,4a94aef80ec55a66,COMPLETE,train_pittsburgh,5d762e99eebbcb521421f4ed2b3b9274a9c8e35196fb9fc449f1c1569e8436d6,00032a006c884f49a2685890acfcf1a9a8f61c28bd46b2b96f8a585f7dabcbe8,true,10.651098,true,true,284d16399049c0c17e0d794f083bf467d1f7ae44329724505e2731ce3be37eeb,true,true,true,true,f6b3b4836d3f1370ead72b85ed17192b8d71655889efb12c67e9841b72b57727,true,NO_DUPLICATE_SESSION_ID_FROZEN_SOURCE_ALIASES_CANONICALIZED,STATIC_ELIGIBLE,,,false
2021.10.01.17.28.18_veh-44,E2_BENCHMARK_ENGINEERING,20793,4,2021.10.01.17.28.18_veh-44_01567_01717,460828425cb45a3e,COMPLETE,train_pittsburgh,5a1c27153a712b543439e5aee9121c0cade3703ead42dafb55254fedf8a67382,0007dc3a0842282542aa0d3fd91861d174f411ee5ed0adf88b14471e86102cea,true,12.429145,true,true,615936e391061ce7c87d5448a3633a8fd44fccf43a7c228b6d4eea6e21da8f3a,true,true,true,true,50233e216fca18be217ac21201d09e3f4b44ff52f8f601e2a5710d4d5135819a,true,NO_DUPLICATE_SESSION_ID_FROZEN_SOURCE_ALIASES_CANONICALIZED,STATIC_ELIGIBLE,,,false
2021.10.01.18.24.31_veh-44,E1_UNRELATED_HISTORICAL_USE,12585,5,2021.10.01.18.24.31_veh-44_01137_01493,0f86af7d7c5d5c6f,COMPLETE,train_pittsburgh,2ed18d0c3ee50b79ff82b0bc26fe56078cb4e3c62b618d67eb0288d028479f0d,000c52e2b2a4b973f211785f7289fba54700152b2b07b0ffd7ba26dc0f8889b2,true,7.292415,true,true,c6c00792e438acf0ceec467239e4c46244b77dd4d053ca94ee1bbb13c14716d7,true,true,true,true,da0531d3924275824b03d5744cfa7ccd3ee95142f987f1235367d984b88543a0,true,NO_DUPLICATE_SESSION_ID_FROZEN_SOURCE_ALIASES_CANONICALIZED,STATIC_ELIGIBLE,,,false
2021.10.01.18.57.27_veh-44,E2_BENCHMARK_ENGINEERING,18707,5,2021.10.01.18.57.27_veh-44_00790_01658,a8946c565c575c3e,COMPLETE,train_pittsburgh,5d89cc97b62ddf9f1a4dca88c97c825ef2fbed1781bf8c296cbb5040cff59d26,0006c28a59a7268b0d2ed961bbd3d9d7e1af1e8a9f50242cc9661dce428b9848,true,7.943207,true,true,ad928f9d709bf32794533a27bb8e5fff0378010e4e24d21959a72948bf0adfcf,true,true,true,true,43d7b14192425d9ce2084193f45ae0e29cd73d960477ed08e6e9806ea7310670,true,NO_DUPLICATE_SESSION_ID_FROZEN_SOURCE_ALIASES_CANONICALIZED,STATIC_ELIGIBLE,,,false
2021.10.01.19.16.42_veh-28,E3_PRIMARY_METHOD_DEVELOPMENT,13708,0,,,COMPLETE,,,,false,,false,false,,false,false,false,false,,false,NO_DUPLICATE_SESSION_ID_FROZEN_SOURCE_ALIASES_CANONICALIZED,STATIC_INELIGIBLE,EXPOSURE_POLICY_E3_E4,,false
2021.10.05.07.10.04_veh-52,E3_PRIMARY_METHOD_DEVELOPMENT,3755,0,,,COMPLETE,,,,false,,false,false,,false,false,false,false,,false,NO_DUPLICATE_SESSION_ID_FROZEN_SOURCE_ALIASES_CANONICALIZED,STATIC_INELIGIBLE,EXPOSURE_POLICY_E3_E4,,false
2021.10.06.07.26.10_veh-52,E3_PRIMARY_METHOD_DEVELOPMENT,5526,0,,,COMPLETE,,,,false,,false,false,,false,false,false,false,,false,NO_DUPLICATE_SESSION_ID_FROZEN_SOURCE_ALIASES_CANONICALIZED,STATIC_INELIGIBLE,EXPOSURE_POLICY_E3_E4,,false
2021.10.06.17.43.07_veh-28,E1_UNRELATED_HISTORICAL_USE,5100,7,2021.10.06.17.43.07_veh-28_00508_00877,5584fa943bb750c3,COMPLETE,mini,6e066e5344d24d136c51574a40b0e88bbf2bf5698597be91be5845648c996948,00b9979bdf6d39d83dda99980976d18611613b2a0d5d2f8062f6de1542c1765e,true,7.763555,true,true,3b88d2641072653f0ead88e63fdd0691d43da9fec7f61d445f9803fd28a75d46,true,true,true,true,14f8838b474bd62377dd33e61c2473020e27084831d8a39d2e0a46d5ce4556f1,true,NO_DUPLICATE_SESSION_ID_FROZEN_SOURCE_ALIASES_CANONICALIZED,STATIC_ELIGIBLE,,,false
2021.10.11.02.57.41_veh-50,E1_UNRELATED_HISTORICAL_USE,9655,8,2021.10.11.02.57.41_veh-50_01522_02088,739bea8269bc5dd0,COMPLETE,mini,bbd88f571b91549b8a5802345534b1b1f6c2e7adb62349ed79605ef32047a497,0053e8dae41f408f1aa9835dabf994a57c6fcd4672e49461f249205db6acff8d,true,5.553132,true,true,14982eab492b9335094b865db69237ec95b8796a4c23098d6d2f3100dc6b2a26,true,true,true,true,36e3a726481e9590941c235188d370d131450adb13de482cf967ae7cf9ecafc9,true,NO_DUPLICATE_SESSION_ID_FROZEN_SOURCE_ALIASES_CANONICALIZED,STATIC_ELIGIBLE,,,false
2021.10.11.07.12.18_veh-50,E1_UNRELATED_HISTORICAL_USE,839,2,2021.10.11.07.12.18_veh-50_00211_00304,3d46360972fa5340,COMPLETE,mini,687cd0bbf4db18a7ebc825d8634d39ff40301cb329e0aaf6d679c052ea5f6ec6,0264abed3135b40ce3c2c9642dd9e9cc50c4ea85d16ba685011bf338d68003eb,true,10.254822,true,true,08814cf7365d6606100c34e1ce24d5750bf503732b142de43552d1361b3a8870,true,true,true,true,1f87e6062e7199601daf586451879e2ef4c6bf2cafe02ed66e074cf84bb92b04,true,NO_DUPLICATE_SESSION_ID_FROZEN_SOURCE_ALIASES_CANONICALIZED,STATIC_ELIGIBLE,,,false
2021.10.11.08.31.07_veh-50,E3_PRIMARY_METHOD_DEVELOPMENT,2387,0,,,COMPLETE,,,,false,,false,false,,false,false,false,false,,false,NO_DUPLICATE_SESSION_ID_FROZEN_SOURCE_ALIASES_CANONICALIZED,STATIC_INELIGIBLE,EXPOSURE_POLICY_E3_E4,,false
