session_id,session_identity_status,exposure_class,v_policy_status,claim_a_raw_candidate,claim_b_raw_candidate,strict_c_raw_candidate,log_count,log_identity_status,scenario_count,scenario_token_inventory_status,timestamp_status,map_locations,map_support_status,source_fingerprint_complete,duplicate_identity_status,role_reservation_status,static_initial_speed_status,static_route_reference_status,required_ego_state_status,callback_schema_support_status,static_applicability_status,source_role_provenance_status,full_v_provenance_status,technical_binding_status,certified_v_status,statistical_cluster
2021.05.12.22.00.38_veh-35,COMPLETE_UNIQUE_FROZEN_SESSION_KEY,E1_UNRELATED_HISTORICAL_USE,CANDIDATE,true,true,false,1,COMPLETE_FROZEN_LOG_KEYS,6462,COMPLETE_FROZEN_COUNT_AND_HASH,COMPLETE_LOG_ACQUISITION_TIMESTAMP,las_vegas,MAP_METADATA_PRESENT_RUNTIME_SUPPORT_NOT_CERTIFIED,true,NO_DUPLICATE_SESSION_ID_FROZEN_SOURCE_ALIASES_CANONICALIZED,CANDIDATE_POOL_ONLY_NO_FINAL_V_OR_C_RESERVATION,AMBIGUOUS_EXECUTION_INITIAL_STATE_NOT_BOUND,AMBIGUOUS_OFFICIAL_NATIVE_ROUTE_NOT_BOUND,AMBIGUOUS_EXECUTION_EXTRACTION_NOT_BOUND,BLOCKED_PRODUCTION_CALLBACK_CHAIN_NOT_BOUND,AMBIGUOUS_METADATA_INCOMPLETE,COMPLETE,INCOMPLETE_PRECONTEXT_AND_EXECUTION_BINDING,BLOCKED_SHARED_ENGINEERING_CONTRACT,NOT_CERTIFIED,2021.05.12.22.00.38_veh-35
2021.05.12.22.28.35_veh-35,COMPLETE_UNIQUE_FROZEN_SESSION_KEY,E3_PRIMARY_METHOD_DEVELOPMENT,EXCLUDED_E3_E4,false,false,false,1,COMPLETE_FROZEN_LOG_KEYS,7825,COMPLETE_FROZEN_COUNT_AND_HASH,COMPLETE_LOG_ACQUISITION_TIMESTAMP,las_vegas,NOT_ASSESSED_POLICY_EXCLUDED,true,NO_DUPLICATE_SESSION_ID_FROZEN_SOURCE_ALIASES_CANONICALIZED,DEVELOPMENT_ONLY_EXCLUDED_FROM_PRIMARY_V,NOT_ASSESSED_POLICY_EXCLUDED,NOT_ASSESSED_POLICY_EXCLUDED,NOT_ASSESSED_POLICY_EXCLUDED,NOT_APPLICABLE_POLICY_EXCLUDED,INELIGIBLE_E3_E4,COMPLETE,NOT_APPLICABLE_POLICY_EXCLUDED,NOT_APPLICABLE_POLICY_EXCLUDED,NOT_CERTIFIED,2021.05.12.22.28.35_veh-35
2021.05.12.23.36.44_veh-35,COMPLETE_UNIQUE_FROZEN_SESSION_KEY,E3_PRIMARY_METHOD_DEVELOPMENT,EXCLUDED_E3_E4,false,false,false,3,COMPLETE_FROZEN_LOG_KEYS,15299,COMPLETE_FROZEN_COUNT_AND_HASH,COMPLETE_LOG_ACQUISITION_TIMESTAMP,las_vegas,NOT_ASSESSED_POLICY_EXCLUDED,true,NO_DUPLICATE_SESSION_ID_FROZEN_SOURCE_ALIASES_CANONICALIZED,DEVELOPMENT_ONLY_EXCLUDED_FROM_PRIMARY_V,NOT_ASSESSED_POLICY_EXCLUDED,NOT_ASSESSED_POLICY_EXCLUDED,NOT_ASSESSED_POLICY_EXCLUDED,NOT_APPLICABLE_POLICY_EXCLUDED,INELIGIBLE_E3_E4,COMPLETE,NOT_APPLICABLE_POLICY_EXCLUDED,NOT_APPLICABLE_POLICY_EXCLUDED,NOT_CERTIFIED,2021.05.12.23.36.44_veh-35
2021.05.25.14.16.10_veh-35,COMPLETE_UNIQUE_FROZEN_SESSION_KEY,E3_PRIMARY_METHOD_DEVELOPMENT,EXCLUDED_E3_E4,false,false,false,1,COMPLETE_FROZEN_LOG_KEYS,8039,COMPLETE_FROZEN_COUNT_AND_HASH,COMPLETE_LOG_ACQUISITION_TIMESTAMP,las_vegas,NOT_ASSESSED_POLICY_EXCLUDED,true,NO_DUPLICATE_SESSION_ID_FROZEN_SOURCE_ALIASES_CANONICALIZED,DEVELOPMENT_ONLY_EXCLUDED_FROM_PRIMARY_V,NOT_ASSESSED_POLICY_EXCLUDED,NOT_ASSESSED_POLICY_EXCLUDED,NOT_ASSESSED_POLICY_EXCLUDED,NOT_APPLICABLE_POLICY_EXCLUDED,INELIGIBLE_E3_E4,COMPLETE,NOT_APPLICABLE_POLICY_EXCLUDED,NOT_APPLICABLE_POLICY_EXCLUDED,NOT_CERTIFIED,2021.05.25.14.16.10_veh-35
2021.06.03.12.02.06_veh-35,COMPLETE_UNIQUE_FROZEN_SESSION_KEY,E3_PRIMARY_METHOD_DEVELOPMENT,EXCLUDED_E3_E4,false,false,false,1,COMPLETE_FROZEN_LOG_KEYS,5648,COMPLETE_FROZEN_COUNT_AND_HASH,COMPLETE_LOG_ACQUISITION_TIMESTAMP,las_vegas,NOT_ASSESSED_POLICY_EXCLUDED,true,NO_DUPLICATE_SESSION_ID_FROZEN_SOURCE_ALIASES_CANONICALIZED,DEVELOPMENT_ONLY_EXCLUDED_FROM_PRIMARY_V,NOT_ASSESSED_POLICY_EXCLUDED,NOT_ASSESSED_POLICY_EXCLUDED,NOT_ASSESSED_POLICY_EXCLUDED,NOT_APPLICABLE_POLICY_EXCLUDED,INELIGIBLE_E3_E4,COMPLETE,NOT_APPLICABLE_POLICY_EXCLUDED,NOT_APPLICABLE_POLICY_EXCLUDED,NOT_CERTIFIED,2021.06.03.12.02.06_veh-35
2021.06.03.13.55.17_veh-35,COMPLETE_UNIQUE_FROZEN_SESSION_KEY,E1_UNRELATED_HISTORICAL_USE,CANDIDATE,true,true,false,1,COMPLETE_FROZEN_LOG_KEYS,5399,COMPLETE_FROZEN_COUNT_AND_HASH,COMPLETE_LOG_ACQUISITION_TIMESTAMP,las_vegas,MAP_METADATA_PRESENT_RUNTIME_SUPPORT_NOT_CERTIFIED,true,NO_DUPLICATE_SESSION_ID_FROZEN_SOURCE_ALIASES_CANONICALIZED,CANDIDATE_POOL_ONLY_NO_FINAL_V_OR_C_RESERVATION,AMBIGUOUS_EXECUTION_INITIAL_STATE_NOT_BOUND,AMBIGUOUS_OFFICIAL_NATIVE_ROUTE_NOT_BOUND,AMBIGUOUS_EXECUTION_EXTRACTION_NOT_BOUND,BLOCKED_PRODUCTION_CALLBACK_CHAIN_NOT_BOUND,AMBIGUOUS_METADATA_INCOMPLETE,COMPLETE,INCOMPLETE_PRECONTEXT_AND_EXECUTION_BINDING,BLOCKED_SHARED_ENGINEERING_CONTRACT,NOT_CERTIFIED,2021.06.03.13.55.17_veh-35
2021.06.07.12.54.00_veh-35,COMPLETE_UNIQUE_FROZEN_SESSION_KEY,E3_PRIMARY_METHOD_DEVELOPMENT,EXCLUDED_E3_E4,false,false,false,1,COMPLETE_FROZEN_LOG_KEYS,7172,COMPLETE_FROZEN_COUNT_AND_HASH,COMPLETE_LOG_ACQUISITION_TIMESTAMP,las_vegas,NOT_ASSESSED_POLICY_EXCLUDED,true,NO_DUPLICATE_SESSION_ID_FROZEN_SOURCE_ALIASES_CANONICALIZED,DEVELOPMENT_ONLY_EXCLUDED_FROM_PRIMARY_V,NOT_ASSESSED_POLICY_EXCLUDED,NOT_ASSESSED_POLICY_EXCLUDED,NOT_ASSESSED_POLICY_EXCLUDED,NOT_APPLICABLE_POLICY_EXCLUDED,INELIGIBLE_E3_E4,COMPLETE,NOT_APPLICABLE_POLICY_EXCLUDED,NOT_APPLICABLE_POLICY_EXCLUDED,NOT_CERTIFIED,2021.06.07.12.54.00_veh-35
2021.06.07.18.53.26_veh-26,COMPLETE_UNIQUE_FROZEN_SESSION_KEY,E3_PRIMARY_METHOD_DEVELOPMENT,EXCLUDED_E3_E4,false,false,false,1,COMPLETE_FROZEN_LOG_KEYS,7100,COMPLETE_FROZEN_COUNT_AND_HASH,COMPLETE_LOG_ACQUISITION_TIMESTAMP,las_vegas,NOT_ASSESSED_POLICY_EXCLUDED,true,NO_DUPLICATE_SESSION_ID_FROZEN_SOURCE_ALIASES_CANONICALIZED,DEVELOPMENT_ONLY_EXCLUDED_FROM_PRIMARY_V,NOT_ASSESSED_POLICY_EXCLUDED,NOT_ASSESSED_POLICY_EXCLUDED,NOT_ASSESSED_POLICY_EXCLUDED,NOT_APPLICABLE_POLICY_EXCLUDED,INELIGIBLE_E3_E4,COMPLETE,NOT_APPLICABLE_POLICY_EXCLUDED,NOT_APPLICABLE_POLICY_EXCLUDED,NOT_CERTIFIED,2021.06.07.18.53.26_veh-26
2021.06.08.12.54.54_veh-26,COMPLETE_UNIQUE_FROZEN_SESSION_KEY,E3_PRIMARY_METHOD_DEVELOPMENT,EXCLUDED_E3_E4,false,false,false,1,COMPLETE_FROZEN_LOG_KEYS,7958,COMPLETE_FROZEN_COUNT_AND_HASH,COMPLETE_LOG_ACQUISITION_TIMESTAMP,las_vegas,NOT_ASSESSED_POLICY_EXCLUDED,true,NO_DUPLICATE_SESSION_ID_FROZEN_SOURCE_ALIASES_CANONICALIZED,DEVELOPMENT_ONLY_EXCLUDED_FROM_PRIMARY_V,NOT_ASSESSED_POLICY_EXCLUDED,NOT_ASSESSED_POLICY_EXCLUDED,NOT_ASSESSED_POLICY_EXCLUDED,NOT_APPLICABLE_POLICY_EXCLUDED,INELIGIBLE_E3_E4,COMPLETE,NOT_APPLICABLE_POLICY_EXCLUDED,NOT_APPLICABLE_POLICY_EXCLUDED,NOT_CERTIFIED,2021.06.08.12.54.54_veh-26
2021.06.08.14.35.24_veh-26,COMPLETE_UNIQUE_FROZEN_SESSION_KEY,E3_PRIMARY_METHOD_DEVELOPMENT,EXCLUDED_E3_E4,false,false,false,1,COMPLETE_FROZEN_LOG_KEYS,7393,COMPLETE_FROZEN_COUNT_AND_HASH,COMPLETE_LOG_ACQUISITION_TIMESTAMP,las_vegas,NOT_ASSESSED_POLICY_EXCLUDED,true,NO_DUPLICATE_SESSION_ID_FROZEN_SOURCE_ALIASES_CANONICALIZED,DEVELOPMENT_ONLY_EXCLUDED_FROM_PRIMARY_V,NOT_ASSESSED_POLICY_EXCLUDED,NOT_ASSESSED_POLICY_EXCLUDED,NOT_ASSESSED_POLICY_EXCLUDED,NOT_APPLICABLE_POLICY_EXCLUDED,INELIGIBLE_E3_E4,COMPLETE,NOT_APPLICABLE_POLICY_EXCLUDED,NOT_APPLICABLE_POLICY_EXCLUDED,NOT_CERTIFIED,2021.06.08.14.35.24_veh-26
2021.06.08.16.31.33_veh-38,COMPLETE_UNIQUE_FROZEN_SESSION_KEY,E1_UNRELATED_HISTORICAL_USE,CANDIDATE,true,true,false,1,COMPLETE_FROZEN_LOG_KEYS,7287,COMPLETE_FROZEN_COUNT_AND_HASH,COMPLETE_LOG_ACQUISITION_TIMESTAMP,las_vegas,MAP_METADATA_PRESENT_RUNTIME_SUPPORT_NOT_CERTIFIED,true,NO_DUPLICATE_SESSION_ID_FROZEN_SOURCE_ALIASES_CANONICALIZED,CANDIDATE_POOL_ONLY_NO_FINAL_V_OR_C_RESERVATION,AMBIGUOUS_EXECUTION_INITIAL_STATE_NOT_BOUND,AMBIGUOUS_OFFICIAL_NATIVE_ROUTE_NOT_BOUND,AMBIGUOUS_EXECUTION_EXTRACTION_NOT_BOUND,BLOCKED_PRODUCTION_CALLBACK_CHAIN_NOT_BOUND,AMBIGUOUS_METADATA_INCOMPLETE,COMPLETE,INCOMPLETE_PRECONTEXT_AND_EXECUTION_BINDING,BLOCKED_SHARED_ENGINEERING_CONTRACT,NOT_CERTIFIED,2021.06.08.16.31.33_veh-38
2021.06.09.11.54.15_veh-12,COMPLETE_UNIQUE_FROZEN_SESSION_KEY,E1_UNRELATED_HISTORICAL_USE,CANDIDATE,true,true,false,1,COMPLETE_FROZEN_LOG_KEYS,5934,COMPLETE_FROZEN_COUNT_AND_HASH,COMPLETE_LOG_ACQUISITION_TIMESTAMP,las_vegas,MAP_METADATA_PRESENT_RUNTIME_SUPPORT_NOT_CERTIFIED,true,NO_DUPLICATE_SESSION_ID_FROZEN_SOURCE_ALIASES_CANONICALIZED,CANDIDATE_POOL_ONLY_NO_FINAL_V_OR_C_RESERVATION,AMBIGUOUS_EXECUTION_INITIAL_STATE_NOT_BOUND,AMBIGUOUS_OFFICIAL_NATIVE_ROUTE_NOT_BOUND,AMBIGUOUS_EXECUTION_EXTRACTION_NOT_BOUND,BLOCKED_PRODUCTION_CALLBACK_CHAIN_NOT_BOUND,AMBIGUOUS_METADATA_INCOMPLETE,COMPLETE,INCOMPLETE_PRECONTEXT_AND_EXECUTION_BINDING,BLOCKED_SHARED_ENGINEERING_CONTRACT,NOT_CERTIFIED,2021.06.09.11.54.15_veh-12
2021.06.09.12.39.51_veh-26,COMPLETE_UNIQUE_FROZEN_SESSION_KEY,E5_UNTOUCHED_CONFIRMATORY,CANDIDATE,true,true,true,2,COMPLETE_FROZEN_LOG_KEYS,12376,COMPLETE_FROZEN_COUNT_AND_HASH,COMPLETE_LOG_ACQUISITION_TIMESTAMP,las_vegas,MAP_METADATA_PRESENT_RUNTIME_SUPPORT_NOT_CERTIFIED,true,NO_DUPLICATE_SESSION_ID_FROZEN_SOURCE_ALIASES_CANONICALIZED,CANDIDATE_POOL_ONLY_NO_FINAL_V_OR_C_RESERVATION,AMBIGUOUS_EXECUTION_INITIAL_STATE_NOT_BOUND,AMBIGUOUS_OFFICIAL_NATIVE_ROUTE_NOT_BOUND,AMBIGUOUS_EXECUTION_EXTRACTION_NOT_BOUND,BLOCKED_PRODUCTION_CALLBACK_CHAIN_NOT_BOUND,AMBIGUOUS_METADATA_INCOMPLETE,COMPLETE,INCOMPLETE_PRECONTEXT_AND_EXECUTION_BINDING,BLOCKED_SHARED_ENGINEERING_CONTRACT,NOT_CERTIFIED,2021.06.09.12.39.51_veh-26
2021.06.09.14.03.17_veh-12,COMPLETE_UNIQUE_FROZEN_SESSION_KEY,E3_PRIMARY_METHOD_DEVELOPMENT,EXCLUDED_E3_E4,false,false,false,1,COMPLETE_FROZEN_LOG_KEYS,6138,COMPLETE_FROZEN_COUNT_AND_HASH,COMPLETE_LOG_ACQUISITION_TIMESTAMP,las_vegas,NOT_ASSESSED_POLICY_EXCLUDED,true,NO_DUPLICATE_SESSION_ID_FROZEN_SOURCE_ALIASES_CANONICALIZED,DEVELOPMENT_ONLY_EXCLUDED_FROM_PRIMARY_V,NOT_ASSESSED_POLICY_EXCLUDED,NOT_ASSESSED_POLICY_EXCLUDED,NOT_ASSESSED_POLICY_EXCLUDED,NOT_APPLICABLE_POLICY_EXCLUDED,INELIGIBLE_E3_E4,COMPLETE,NOT_APPLICABLE_POLICY_EXCLUDED,NOT_APPLICABLE_POLICY_EXCLUDED,NOT_CERTIFIED,2021.06.09.14.03.17_veh-12
2021.06.09.14.58.55_veh-35,COMPLETE_UNIQUE_FROZEN_SESSION_KEY,E1_UNRELATED_HISTORICAL_USE,CANDIDATE,true,true,false,2,COMPLETE_FROZEN_LOG_KEYS,12759,COMPLETE_FROZEN_COUNT_AND_HASH,COMPLETE_LOG_ACQUISITION_TIMESTAMP,las_vegas,MAP_METADATA_PRESENT_RUNTIME_SUPPORT_NOT_CERTIFIED,true,NO_DUPLICATE_SESSION_ID_FROZEN_SOURCE_ALIASES_CANONICALIZED,CANDIDATE_POOL_ONLY_NO_FINAL_V_OR_C_RESERVATION,AMBIGUOUS_EXECUTION_INITIAL_STATE_NOT_BOUND,AMBIGUOUS_OFFICIAL_NATIVE_ROUTE_NOT_BOUND,AMBIGUOUS_EXECUTION_EXTRACTION_NOT_BOUND,BLOCKED_PRODUCTION_CALLBACK_CHAIN_NOT_BOUND,AMBIGUOUS_METADATA_INCOMPLETE,COMPLETE,INCOMPLETE_PRECONTEXT_AND_EXECUTION_BINDING,BLOCKED_SHARED_ENGINEERING_CONTRACT,NOT_CERTIFIED,2021.06.09.14.58.55_veh-35
2021.06.09.17.23.18_veh-38,COMPLETE_UNIQUE_FROZEN_SESSION_KEY,E3_PRIMARY_METHOD_DEVELOPMENT,EXCLUDED_E3_E4,false,false,false,2,COMPLETE_FROZEN_LOG_KEYS,14437,COMPLETE_FROZEN_COUNT_AND_HASH,COMPLETE_LOG_ACQUISITION_TIMESTAMP,las_vegas,NOT_ASSESSED_POLICY_EXCLUDED,true,NO_DUPLICATE_SESSION_ID_FROZEN_SOURCE_ALIASES_CANONICALIZED,DEVELOPMENT_ONLY_EXCLUDED_FROM_PRIMARY_V,NOT_ASSESSED_POLICY_EXCLUDED,NOT_ASSESSED_POLICY_EXCLUDED,NOT_ASSESSED_POLICY_EXCLUDED,NOT_APPLICABLE_POLICY_EXCLUDED,INELIGIBLE_E3_E4,COMPLETE,NOT_APPLICABLE_POLICY_EXCLUDED,NOT_APPLICABLE_POLICY_EXCLUDED,NOT_CERTIFIED,2021.06.09.17.23.18_veh-38
2021.06.09.17.37.09_veh-12,COMPLETE_UNIQUE_FROZEN_SESSION_KEY,E3_PRIMARY_METHOD_DEVELOPMENT,EXCLUDED_E3_E4,false,false,false,1,COMPLETE_FROZEN_LOG_KEYS,5991,COMPLETE_FROZEN_COUNT_AND_HASH,COMPLETE_LOG_ACQUISITION_TIMESTAMP,las_vegas,NOT_ASSESSED_POLICY_EXCLUDED,true,NO_DUPLICATE_SESSION_ID_FROZEN_SOURCE_ALIASES_CANONICALIZED,DEVELOPMENT_ONLY_EXCLUDED_FROM_PRIMARY_V,NOT_ASSESSED_POLICY_EXCLUDED,NOT_ASSESSED_POLICY_EXCLUDED,NOT_ASSESSED_POLICY_EXCLUDED,NOT_APPLICABLE_POLICY_EXCLUDED,INELIGIBLE_E3_E4,COMPLETE,NOT_APPLICABLE_POLICY_EXCLUDED,NOT_APPLICABLE_POLICY_EXCLUDED,NOT_CERTIFIED,2021.06.09.17.37.09_veh-12
2021.06.14.16.32.09_veh-35,COMPLETE_UNIQUE_FROZEN_SESSION_KEY,E3_PRIMARY_METHOD_DEVELOPMENT,EXCLUDED_E3_E4,false,false,false,1,COMPLETE_FROZEN_LOG_KEYS,6716,COMPLETE_FROZEN_COUNT_AND_HASH,COMPLETE_LOG_ACQUISITION_TIMESTAMP,las_vegas,NOT_ASSESSED_POLICY_EXCLUDED,true,NO_DUPLICATE_SESSION_ID_FROZEN_SOURCE_ALIASES_CANONICALIZED,DEVELOPMENT_ONLY_EXCLUDED_FROM_PRIMARY_V,NOT_ASSESSED_POLICY_EXCLUDED,NOT_ASSESSED_POLICY_EXCLUDED,NOT_ASSESSED_POLICY_EXCLUDED,NOT_APPLICABLE_POLICY_EXCLUDED,INELIGIBLE_E3_E4,COMPLETE,NOT_APPLICABLE_POLICY_EXCLUDED,NOT_APPLICABLE_POLICY_EXCLUDED,NOT_CERTIFIED,2021.06.14.16.32.09_veh-35
2021.06.14.16.48.02_veh-12,COMPLETE_UNIQUE_FROZEN_SESSION_KEY,E3_PRIMARY_METHOD_DEVELOPMENT,EXCLUDED_E3_E4,false,false,false,2,COMPLETE_FROZEN_LOG_KEYS,12134,COMPLETE_FROZEN_COUNT_AND_HASH,COMPLETE_LOG_ACQUISITION_TIMESTAMP,las_vegas,NOT_ASSESSED_POLICY_EXCLUDED,true,NO_DUPLICATE_SESSION_ID_FROZEN_SOURCE_ALIASES_CANONICALIZED,DEVELOPMENT_ONLY_EXCLUDED_FROM_PRIMARY_V,NOT_ASSESSED_POLICY_EXCLUDED,NOT_ASSESSED_POLICY_EXCLUDED,NOT_ASSESSED_POLICY_EXCLUDED,NOT_APPLICABLE_POLICY_EXCLUDED,INELIGIBLE_E3_E4,COMPLETE,NOT_APPLICABLE_POLICY_EXCLUDED,NOT_APPLICABLE_POLICY_EXCLUDED,NOT_CERTIFIED,2021.06.14.16.48.02_veh-12
2021.06.14.17.26.26_veh-38,COMPLETE_UNIQUE_FROZEN_SESSION_KEY,E1_UNRELATED_HISTORICAL_USE,CANDIDATE,true,true,false,1,COMPLETE_FROZEN_LOG_KEYS,5930,COMPLETE_FROZEN_COUNT_AND_HASH,COMPLETE_LOG_ACQUISITION_TIMESTAMP,las_vegas,MAP_METADATA_PRESENT_RUNTIME_SUPPORT_NOT_CERTIFIED,true,NO_DUPLICATE_SESSION_ID_FROZEN_SOURCE_ALIASES_CANONICALIZED,CANDIDATE_POOL_ONLY_NO_FINAL_V_OR_C_RESERVATION,AMBIGUOUS_EXECUTION_INITIAL_STATE_NOT_BOUND,AMBIGUOUS_OFFICIAL_NATIVE_ROUTE_NOT_BOUND,AMBIGUOUS_EXECUTION_EXTRACTION_NOT_BOUND,BLOCKED_PRODUCTION_CALLBACK_CHAIN_NOT_BOUND,AMBIGUOUS_METADATA_INCOMPLETE,COMPLETE,INCOMPLETE_PRECONTEXT_AND_EXECUTION_BINDING,BLOCKED_SHARED_ENGINEERING_CONTRACT,NOT_CERTIFIED,2021.06.14.17.26.26_veh-38
2021.06.14.18.33.41_veh-35,COMPLETE_UNIQUE_FROZEN_SESSION_KEY,E1_UNRELATED_HISTORICAL_USE,CANDIDATE,true,true,false,1,COMPLETE_FROZEN_LOG_KEYS,4934,COMPLETE_FROZEN_COUNT_AND_HASH,COMPLETE_LOG_ACQUISITION_TIMESTAMP,las_vegas,MAP_METADATA_PRESENT_RUNTIME_SUPPORT_NOT_CERTIFIED,true,NO_DUPLICATE_SESSION_ID_FROZEN_SOURCE_ALIASES_CANONICALIZED,CANDIDATE_POOL_ONLY_NO_FINAL_V_OR_C_RESERVATION,AMBIGUOUS_EXECUTION_INITIAL_STATE_NOT_BOUND,AMBIGUOUS_OFFICIAL_NATIVE_ROUTE_NOT_BOUND,AMBIGUOUS_EXECUTION_EXTRACTION_NOT_BOUND,BLOCKED_PRODUCTION_CALLBACK_CHAIN_NOT_BOUND,AMBIGUOUS_METADATA_INCOMPLETE,COMPLETE,INCOMPLETE_PRECONTEXT_AND_EXECUTION_BINDING,BLOCKED_SHARED_ENGINEERING_CONTRACT,NOT_CERTIFIED,2021.06.14.18.33.41_veh-35
2021.06.14.18.42.45_veh-12,COMPLETE_UNIQUE_FROZEN_SESSION_KEY,E1_UNRELATED_HISTORICAL_USE,CANDIDATE,true,true,false,1,COMPLETE_FROZEN_LOG_KEYS,8182,COMPLETE_FROZEN_COUNT_AND_HASH,COMPLETE_LOG_ACQUISITION_TIMESTAMP,las_vegas,MAP_METADATA_PRESENT_RUNTIME_SUPPORT_NOT_CERTIFIED,true,NO_DUPLICATE_SESSION_ID_FROZEN_SOURCE_ALIASES_CANONICALIZED,CANDIDATE_POOL_ONLY_NO_FINAL_V_OR_C_RESERVATION,AMBIGUOUS_EXECUTION_INITIAL_STATE_NOT_BOUND,AMBIGUOUS_OFFICIAL_NATIVE_ROUTE_NOT_BOUND,AMBIGUOUS_EXECUTION_EXTRACTION_NOT_BOUND,BLOCKED_PRODUCTION_CALLBACK_CHAIN_NOT_BOUND,AMBIGUOUS_METADATA_INCOMPLETE,COMPLETE,INCOMPLETE_PRECONTEXT_AND_EXECUTION_BINDING,BLOCKED_SHARED_ENGINEERING_CONTRACT,NOT_CERTIFIED,2021.06.14.18.42.45_veh-12
2021.06.14.19.22.11_veh-38,COMPLETE_UNIQUE_FROZEN_SESSION_KEY,E3_PRIMARY_METHOD_DEVELOPMENT,EXCLUDED_E3_E4,false,false,false,1,COMPLETE_FROZEN_LOG_KEYS,6330,COMPLETE_FROZEN_COUNT_AND_HASH,COMPLETE_LOG_ACQUISITION_TIMESTAMP,las_vegas,NOT_ASSESSED_POLICY_EXCLUDED,true,NO_DUPLICATE_SESSION_ID_FROZEN_SOURCE_ALIASES_CANONICALIZED,DEVELOPMENT_ONLY_EXCLUDED_FROM_PRIMARY_V,NOT_ASSESSED_POLICY_EXCLUDED,NOT_ASSESSED_POLICY_EXCLUDED,NOT_ASSESSED_POLICY_EXCLUDED,NOT_APPLICABLE_POLICY_EXCLUDED,INELIGIBLE_E3_E4,COMPLETE,NOT_APPLICABLE_POLICY_EXCLUDED,NOT_APPLICABLE_POLICY_EXCLUDED,NOT_CERTIFIED,2021.06.14.19.22.11_veh-38
2021.06.23.15.56.12_veh-16,COMPLETE_UNIQUE_FROZEN_SESSION_KEY,E3_PRIMARY_METHOD_DEVELOPMENT,EXCLUDED_E3_E4,false,false,false,1,COMPLETE_FROZEN_LOG_KEYS,6623,COMPLETE_FROZEN_COUNT_AND_HASH,COMPLETE_LOG_ACQUISITION_TIMESTAMP,las_vegas,NOT_ASSESSED_POLICY_EXCLUDED,true,NO_DUPLICATE_SESSION_ID_FROZEN_SOURCE_ALIASES_CANONICALIZED,DEVELOPMENT_ONLY_EXCLUDED_FROM_PRIMARY_V,NOT_ASSESSED_POLICY_EXCLUDED,NOT_ASSESSED_POLICY_EXCLUDED,NOT_ASSESSED_POLICY_EXCLUDED,NOT_APPLICABLE_POLICY_EXCLUDED,INELIGIBLE_E3_E4,COMPLETE,NOT_APPLICABLE_POLICY_EXCLUDED,NOT_APPLICABLE_POLICY_EXCLUDED,NOT_CERTIFIED,2021.06.23.15.56.12_veh-16
2021.06.23.16.54.19_veh-35,COMPLETE_UNIQUE_FROZEN_SESSION_KEY,E3_PRIMARY_METHOD_DEVELOPMENT,EXCLUDED_E3_E4,false,false,false,1,COMPLETE_FROZEN_LOG_KEYS,6848,COMPLETE_FROZEN_COUNT_AND_HASH,COMPLETE_LOG_ACQUISITION_TIMESTAMP,las_vegas,NOT_ASSESSED_POLICY_EXCLUDED,true,NO_DUPLICATE_SESSION_ID_FROZEN_SOURCE_ALIASES_CANONICALIZED,DEVELOPMENT_ONLY_EXCLUDED_FROM_PRIMARY_V,NOT_ASSESSED_POLICY_EXCLUDED,NOT_ASSESSED_POLICY_EXCLUDED,NOT_ASSESSED_POLICY_EXCLUDED,NOT_APPLICABLE_POLICY_EXCLUDED,INELIGIBLE_E3_E4,COMPLETE,NOT_APPLICABLE_POLICY_EXCLUDED,NOT_APPLICABLE_POLICY_EXCLUDED,NOT_CERTIFIED,2021.06.23.16.54.19_veh-35
2021.06.23.17.31.36_veh-16,COMPLETE_UNIQUE_FROZEN_SESSION_KEY,E1_UNRELATED_HISTORICAL_USE,CANDIDATE,true,true,false,1,COMPLETE_FROZEN_LOG_KEYS,6325,COMPLETE_FROZEN_COUNT_AND_HASH,COMPLETE_LOG_ACQUISITION_TIMESTAMP,las_vegas,MAP_METADATA_PRESENT_RUNTIME_SUPPORT_NOT_CERTIFIED,true,NO_DUPLICATE_SESSION_ID_FROZEN_SOURCE_ALIASES_CANONICALIZED,CANDIDATE_POOL_ONLY_NO_FINAL_V_OR_C_RESERVATION,AMBIGUOUS_EXECUTION_INITIAL_STATE_NOT_BOUND,AMBIGUOUS_OFFICIAL_NATIVE_ROUTE_NOT_BOUND,AMBIGUOUS_EXECUTION_EXTRACTION_NOT_BOUND,BLOCKED_PRODUCTION_CALLBACK_CHAIN_NOT_BOUND,AMBIGUOUS_METADATA_INCOMPLETE,COMPLETE,INCOMPLETE_PRECONTEXT_AND_EXECUTION_BINDING,BLOCKED_SHARED_ENGINEERING_CONTRACT,NOT_CERTIFIED,2021.06.23.17.31.36_veh-16
2021.06.28.15.02.02_veh-38,COMPLETE_UNIQUE_FROZEN_SESSION_KEY,E3_PRIMARY_METHOD_DEVELOPMENT,EXCLUDED_E3_E4,false,false,false,1,COMPLETE_FROZEN_LOG_KEYS,6458,COMPLETE_FROZEN_COUNT_AND_HASH,COMPLETE_LOG_ACQUISITION_TIMESTAMP,las_vegas,NOT_ASSESSED_POLICY_EXCLUDED,true,NO_DUPLICATE_SESSION_ID_FROZEN_SOURCE_ALIASES_CANONICALIZED,DEVELOPMENT_ONLY_EXCLUDED_FROM_PRIMARY_V,NOT_ASSESSED_POLICY_EXCLUDED,NOT_ASSESSED_POLICY_EXCLUDED,NOT_ASSESSED_POLICY_EXCLUDED,NOT_APPLICABLE_POLICY_EXCLUDED,INELIGIBLE_E3_E4,COMPLETE,NOT_APPLICABLE_POLICY_EXCLUDED,NOT_APPLICABLE_POLICY_EXCLUDED,NOT_CERTIFIED,2021.06.28.15.02.02_veh-38
2021.06.28.16.29.11_veh-38,COMPLETE_UNIQUE_FROZEN_SESSION_KEY,E3_PRIMARY_METHOD_DEVELOPMENT,EXCLUDED_E3_E4,false,false,false,2,COMPLETE_FROZEN_LOG_KEYS,14697,COMPLETE_FROZEN_COUNT_AND_HASH,COMPLETE_LOG_ACQUISITION_TIMESTAMP,las_vegas,NOT_ASSESSED_POLICY_EXCLUDED,true,NO_DUPLICATE_SESSION_ID_FROZEN_SOURCE_ALIASES_CANONICALIZED,DEVELOPMENT_ONLY_EXCLUDED_FROM_PRIMARY_V,NOT_ASSESSED_POLICY_EXCLUDED,NOT_ASSESSED_POLICY_EXCLUDED,NOT_ASSESSED_POLICY_EXCLUDED,NOT_APPLICABLE_POLICY_EXCLUDED,INELIGIBLE_E3_E4,COMPLETE,NOT_APPLICABLE_POLICY_EXCLUDED,NOT_APPLICABLE_POLICY_EXCLUDED,NOT_CERTIFIED,2021.06.28.16.29.11_veh-38
2021.06.28.16.57.59_veh-26,COMPLETE_UNIQUE_FROZEN_SESSION_KEY,E3_PRIMARY_METHOD_DEVELOPMENT,EXCLUDED_E3_E4,false,false,false,1,COMPLETE_FROZEN_LOG_KEYS,7252,COMPLETE_FROZEN_COUNT_AND_HASH,COMPLETE_LOG_ACQUISITION_TIMESTAMP,las_vegas,NOT_ASSESSED_POLICY_EXCLUDED,true,NO_DUPLICATE_SESSION_ID_FROZEN_SOURCE_ALIASES_CANONICALIZED,DEVELOPMENT_ONLY_EXCLUDED_FROM_PRIMARY_V,NOT_ASSESSED_POLICY_EXCLUDED,NOT_ASSESSED_POLICY_EXCLUDED,NOT_ASSESSED_POLICY_EXCLUDED,NOT_APPLICABLE_POLICY_EXCLUDED,INELIGIBLE_E3_E4,COMPLETE,NOT_APPLICABLE_POLICY_EXCLUDED,NOT_APPLICABLE_POLICY_EXCLUDED,NOT_CERTIFIED,2021.06.28.16.57.59_veh-26
2021.07.09.17.06.37_veh-35,COMPLETE_UNIQUE_FROZEN_SESSION_KEY,E1_UNRELATED_HISTORICAL_USE,CANDIDATE,true,true,false,1,COMPLETE_FROZEN_LOG_KEYS,7869,COMPLETE_FROZEN_COUNT_AND_HASH,COMPLETE_LOG_ACQUISITION_TIMESTAMP,las_vegas,MAP_METADATA_PRESENT_RUNTIME_SUPPORT_NOT_CERTIFIED,true,NO_DUPLICATE_SESSION_ID_FROZEN_SOURCE_ALIASES_CANONICALIZED,CANDIDATE_POOL_ONLY_NO_FINAL_V_OR_C_RESERVATION,AMBIGUOUS_EXECUTION_INITIAL_STATE_NOT_BOUND,AMBIGUOUS_OFFICIAL_NATIVE_ROUTE_NOT_BOUND,AMBIGUOUS_EXECUTION_EXTRACTION_NOT_BOUND,BLOCKED_PRODUCTION_CALLBACK_CHAIN_NOT_BOUND,AMBIGUOUS_METADATA_INCOMPLETE,COMPLETE,INCOMPLETE_PRECONTEXT_AND_EXECUTION_BINDING,BLOCKED_SHARED_ENGINEERING_CONTRACT,NOT_CERTIFIED,2021.07.09.17.06.37_veh-35
2021.07.09.20.59.12_veh-38,COMPLETE_UNIQUE_FROZEN_SESSION_KEY,E3_PRIMARY_METHOD_DEVELOPMENT,EXCLUDED_E3_E4,false,false,false,1,COMPLETE_FROZEN_LOG_KEYS,7629,COMPLETE_FROZEN_COUNT_AND_HASH,COMPLETE_LOG_ACQUISITION_TIMESTAMP,las_vegas,NOT_ASSESSED_POLICY_EXCLUDED,true,NO_DUPLICATE_SESSION_ID_FROZEN_SOURCE_ALIASES_CANONICALIZED,DEVELOPMENT_ONLY_EXCLUDED_FROM_PRIMARY_V,NOT_ASSESSED_POLICY_EXCLUDED,NOT_ASSESSED_POLICY_EXCLUDED,NOT_ASSESSED_POLICY_EXCLUDED,NOT_APPLICABLE_POLICY_EXCLUDED,INELIGIBLE_E3_E4,COMPLETE,NOT_APPLICABLE_POLICY_EXCLUDED,NOT_APPLICABLE_POLICY_EXCLUDED,NOT_CERTIFIED,2021.07.09.20.59.12_veh-38
2021.07.16.00.51.05_veh-17,COMPLETE_UNIQUE_FROZEN_SESSION_KEY,E1_UNRELATED_HISTORICAL_USE,CANDIDATE,true,true,false,1,COMPLETE_FROZEN_LOG_KEYS,7881,COMPLETE_FROZEN_COUNT_AND_HASH,COMPLETE_LOG_ACQUISITION_TIMESTAMP,las_vegas,MAP_METADATA_PRESENT_RUNTIME_SUPPORT_NOT_CERTIFIED,true,NO_DUPLICATE_SESSION_ID_FROZEN_SOURCE_ALIASES_CANONICALIZED,CANDIDATE_POOL_ONLY_NO_FINAL_V_OR_C_RESERVATION,AMBIGUOUS_EXECUTION_INITIAL_STATE_NOT_BOUND,AMBIGUOUS_OFFICIAL_NATIVE_ROUTE_NOT_BOUND,AMBIGUOUS_EXECUTION_EXTRACTION_NOT_BOUND,BLOCKED_PRODUCTION_CALLBACK_CHAIN_NOT_BOUND,AMBIGUOUS_METADATA_INCOMPLETE,COMPLETE,INCOMPLETE_PRECONTEXT_AND_EXECUTION_BINDING,BLOCKED_SHARED_ENGINEERING_CONTRACT,NOT_CERTIFIED,2021.07.16.00.51.05_veh-17
2021.07.16.18.06.21_veh-38,COMPLETE_UNIQUE_FROZEN_SESSION_KEY,E3_PRIMARY_METHOD_DEVELOPMENT,EXCLUDED_E3_E4,false,false,false,3,COMPLETE_FROZEN_LOG_KEYS,21366,COMPLETE_FROZEN_COUNT_AND_HASH,COMPLETE_LOG_ACQUISITION_TIMESTAMP,las_vegas,NOT_ASSESSED_POLICY_EXCLUDED,true,NO_DUPLICATE_SESSION_ID_FROZEN_SOURCE_ALIASES_CANONICALIZED,DEVELOPMENT_ONLY_EXCLUDED_FROM_PRIMARY_V,NOT_ASSESSED_POLICY_EXCLUDED,NOT_ASSESSED_POLICY_EXCLUDED,NOT_ASSESSED_POLICY_EXCLUDED,NOT_APPLICABLE_POLICY_EXCLUDED,INELIGIBLE_E3_E4,COMPLETE,NOT_APPLICABLE_POLICY_EXCLUDED,NOT_APPLICABLE_POLICY_EXCLUDED,NOT_CERTIFIED,2021.07.16.18.06.21_veh-38
2021.07.16.18.19.22_veh-35,COMPLETE_UNIQUE_FROZEN_SESSION_KEY,E1_UNRELATED_HISTORICAL_USE,CANDIDATE,true,true,false,1,COMPLETE_FROZEN_LOG_KEYS,6737,COMPLETE_FROZEN_COUNT_AND_HASH,COMPLETE_LOG_ACQUISITION_TIMESTAMP,las_vegas,MAP_METADATA_PRESENT_RUNTIME_SUPPORT_NOT_CERTIFIED,true,NO_DUPLICATE_SESSION_ID_FROZEN_SOURCE_ALIASES_CANONICALIZED,CANDIDATE_POOL_ONLY_NO_FINAL_V_OR_C_RESERVATION,AMBIGUOUS_EXECUTION_INITIAL_STATE_NOT_BOUND,AMBIGUOUS_OFFICIAL_NATIVE_ROUTE_NOT_BOUND,AMBIGUOUS_EXECUTION_EXTRACTION_NOT_BOUND,BLOCKED_PRODUCTION_CALLBACK_CHAIN_NOT_BOUND,AMBIGUOUS_METADATA_INCOMPLETE,COMPLETE,INCOMPLETE_PRECONTEXT_AND_EXECUTION_BINDING,BLOCKED_SHARED_ENGINEERING_CONTRACT,NOT_CERTIFIED,2021.07.16.18.19.22_veh-35
2021.07.16.20.45.29_veh-35,COMPLETE_UNIQUE_FROZEN_SESSION_KEY,E3_PRIMARY_METHOD_DEVELOPMENT,EXCLUDED_E3_E4,false,false,false,2,COMPLETE_FROZEN_LOG_KEYS,13992,COMPLETE_FROZEN_COUNT_AND_HASH,COMPLETE_LOG_ACQUISITION_TIMESTAMP,las_vegas,NOT_ASSESSED_POLICY_EXCLUDED,true,NO_DUPLICATE_SESSION_ID_FROZEN_SOURCE_ALIASES_CANONICALIZED,DEVELOPMENT_ONLY_EXCLUDED_FROM_PRIMARY_V,NOT_ASSESSED_POLICY_EXCLUDED,NOT_ASSESSED_POLICY_EXCLUDED,NOT_ASSESSED_POLICY_EXCLUDED,NOT_APPLICABLE_POLICY_EXCLUDED,INELIGIBLE_E3_E4,COMPLETE,NOT_APPLICABLE_POLICY_EXCLUDED,NOT_APPLICABLE_POLICY_EXCLUDED,NOT_CERTIFIED,2021.07.16.20.45.29_veh-35
2021.07.24.20.37.45_veh-17,COMPLETE_UNIQUE_FROZEN_SESSION_KEY,E1_UNRELATED_HISTORICAL_USE,CANDIDATE,true,true,false,1,COMPLETE_FROZEN_LOG_KEYS,5138,COMPLETE_FROZEN_COUNT_AND_HASH,COMPLETE_LOG_ACQUISITION_TIMESTAMP,las_vegas,MAP_METADATA_PRESENT_RUNTIME_SUPPORT_NOT_CERTIFIED,true,NO_DUPLICATE_SESSION_ID_FROZEN_SOURCE_ALIASES_CANONICALIZED,CANDIDATE_POOL_ONLY_NO_FINAL_V_OR_C_RESERVATION,AMBIGUOUS_EXECUTION_INITIAL_STATE_NOT_BOUND,AMBIGUOUS_OFFICIAL_NATIVE_ROUTE_NOT_BOUND,AMBIGUOUS_EXECUTION_EXTRACTION_NOT_BOUND,BLOCKED_PRODUCTION_CALLBACK_CHAIN_NOT_BOUND,AMBIGUOUS_METADATA_INCOMPLETE,COMPLETE,INCOMPLETE_PRECONTEXT_AND_EXECUTION_BINDING,BLOCKED_SHARED_ENGINEERING_CONTRACT,NOT_CERTIFIED,2021.07.24.20.37.45_veh-17
2021.07.24.23.50.16_veh-17,COMPLETE_UNIQUE_FROZEN_SESSION_KEY,E3_PRIMARY_METHOD_DEVELOPMENT,EXCLUDED_E3_E4,false,false,false,1,COMPLETE_FROZEN_LOG_KEYS,5879,COMPLETE_FROZEN_COUNT_AND_HASH,COMPLETE_LOG_ACQUISITION_TIMESTAMP,las_vegas,NOT_ASSESSED_POLICY_EXCLUDED,true,NO_DUPLICATE_SESSION_ID_FROZEN_SOURCE_ALIASES_CANONICALIZED,DEVELOPMENT_ONLY_EXCLUDED_FROM_PRIMARY_V,NOT_ASSESSED_POLICY_EXCLUDED,NOT_ASSESSED_POLICY_EXCLUDED,NOT_ASSESSED_POLICY_EXCLUDED,NOT_APPLICABLE_POLICY_EXCLUDED,INELIGIBLE_E3_E4,COMPLETE,NOT_APPLICABLE_POLICY_EXCLUDED,NOT_APPLICABLE_POLICY_EXCLUDED,NOT_CERTIFIED,2021.07.24.23.50.16_veh-17
2021.08.09.17.55.59_veh-28,COMPLETE_UNIQUE_FROZEN_SESSION_KEY,E5_UNTOUCHED_CONFIRMATORY,CANDIDATE,true,true,true,1,COMPLETE_FROZEN_LOG_KEYS,5121,COMPLETE_FROZEN_COUNT_AND_HASH,COMPLETE_LOG_ACQUISITION_TIMESTAMP,us-ma-boston,MAP_METADATA_PRESENT_RUNTIME_SUPPORT_NOT_CERTIFIED,true,NO_DUPLICATE_SESSION_ID_FROZEN_SOURCE_ALIASES_CANONICALIZED,CANDIDATE_POOL_ONLY_NO_FINAL_V_OR_C_RESERVATION,AMBIGUOUS_EXECUTION_INITIAL_STATE_NOT_BOUND,AMBIGUOUS_OFFICIAL_NATIVE_ROUTE_NOT_BOUND,AMBIGUOUS_EXECUTION_EXTRACTION_NOT_BOUND,BLOCKED_PRODUCTION_CALLBACK_CHAIN_NOT_BOUND,AMBIGUOUS_METADATA_INCOMPLETE,COMPLETE,INCOMPLETE_PRECONTEXT_AND_EXECUTION_BINDING,BLOCKED_SHARED_ENGINEERING_CONTRACT,NOT_CERTIFIED,2021.08.09.17.55.59_veh-28
2021.08.17.13.10.50_veh-08,COMPLETE_UNIQUE_FROZEN_SESSION_KEY,E2_BENCHMARK_ENGINEERING,CANDIDATE,false,true,false,4,COMPLETE_FROZEN_LOG_KEYS,14068,COMPLETE_FROZEN_COUNT_AND_HASH,COMPLETE_LOG_ACQUISITION_TIMESTAMP,us-pa-pittsburgh-hazelwood,MAP_METADATA_PRESENT_RUNTIME_SUPPORT_NOT_CERTIFIED,true,NO_DUPLICATE_SESSION_ID_FROZEN_SOURCE_ALIASES_CANONICALIZED,CANDIDATE_POOL_ONLY_NO_FINAL_V_OR_C_RESERVATION,AMBIGUOUS_EXECUTION_INITIAL_STATE_NOT_BOUND,AMBIGUOUS_OFFICIAL_NATIVE_ROUTE_NOT_BOUND,AMBIGUOUS_EXECUTION_EXTRACTION_NOT_BOUND,BLOCKED_PRODUCTION_CALLBACK_CHAIN_NOT_BOUND,AMBIGUOUS_METADATA_INCOMPLETE,COMPLETE,INCOMPLETE_PRECONTEXT_AND_EXECUTION_BINDING,BLOCKED_SHARED_ENGINEERING_CONTRACT,NOT_CERTIFIED,2021.08.17.13.10.50_veh-08
2021.08.17.13.15.12_veh-45,COMPLETE_UNIQUE_FROZEN_SESSION_KEY,E1_UNRELATED_HISTORICAL_USE,CANDIDATE,true,true,false,12,COMPLETE_FROZEN_LOG_KEYS,25240,COMPLETE_FROZEN_COUNT_AND_HASH,COMPLETE_LOG_ACQUISITION_TIMESTAMP,us-pa-pittsburgh-hazelwood,MAP_METADATA_PRESENT_RUNTIME_SUPPORT_NOT_CERTIFIED,true,NO_DUPLICATE_SESSION_ID_FROZEN_SOURCE_ALIASES_CANONICALIZED,CANDIDATE_POOL_ONLY_NO_FINAL_V_OR_C_RESERVATION,AMBIGUOUS_EXECUTION_INITIAL_STATE_NOT_BOUND,AMBIGUOUS_OFFICIAL_NATIVE_ROUTE_NOT_BOUND,AMBIGUOUS_EXECUTION_EXTRACTION_NOT_BOUND,BLOCKED_PRODUCTION_CALLBACK_CHAIN_NOT_BOUND,AMBIGUOUS_METADATA_INCOMPLETE,COMPLETE,INCOMPLETE_PRECONTEXT_AND_EXECUTION_BINDING,BLOCKED_SHARED_ENGINEERING_CONTRACT,NOT_CERTIFIED,2021.08.17.13.15.12_veh-45
2021.08.17.14.32.33_veh-08,COMPLETE_UNIQUE_FROZEN_SESSION_KEY,E1_UNRELATED_HISTORICAL_USE,CANDIDATE,true,true,false,6,COMPLETE_FROZEN_LOG_KEYS,22310,COMPLETE_FROZEN_COUNT_AND_HASH,COMPLETE_LOG_ACQUISITION_TIMESTAMP,us-pa-pittsburgh-hazelwood,MAP_METADATA_PRESENT_RUNTIME_SUPPORT_NOT_CERTIFIED,true,NO_DUPLICATE_SESSION_ID_FROZEN_SOURCE_ALIASES_CANONICALIZED,CANDIDATE_POOL_ONLY_NO_FINAL_V_OR_C_RESERVATION,AMBIGUOUS_EXECUTION_INITIAL_STATE_NOT_BOUND,AMBIGUOUS_OFFICIAL_NATIVE_ROUTE_NOT_BOUND,AMBIGUOUS_EXECUTION_EXTRACTION_NOT_BOUND,BLOCKED_PRODUCTION_CALLBACK_CHAIN_NOT_BOUND,AMBIGUOUS_METADATA_INCOMPLETE,COMPLETE,INCOMPLETE_PRECONTEXT_AND_EXECUTION_BINDING,BLOCKED_SHARED_ENGINEERING_CONTRACT,NOT_CERTIFIED,2021.08.17.14.32.33_veh-08
2021.08.17.14.45.12_veh-42,COMPLETE_UNIQUE_FROZEN_SESSION_KEY,E1_UNRELATED_HISTORICAL_USE,CANDIDATE,true,true,false,7,COMPLETE_FROZEN_LOG_KEYS,21578,COMPLETE_FROZEN_COUNT_AND_HASH,COMPLETE_LOG_ACQUISITION_TIMESTAMP,us-pa-pittsburgh-hazelwood,MAP_METADATA_PRESENT_RUNTIME_SUPPORT_NOT_CERTIFIED,true,NO_DUPLICATE_SESSION_ID_FROZEN_SOURCE_ALIASES_CANONICALIZED,CANDIDATE_POOL_ONLY_NO_FINAL_V_OR_C_RESERVATION,AMBIGUOUS_EXECUTION_INITIAL_STATE_NOT_BOUND,AMBIGUOUS_OFFICIAL_NATIVE_ROUTE_NOT_BOUND,AMBIGUOUS_EXECUTION_EXTRACTION_NOT_BOUND,BLOCKED_PRODUCTION_CALLBACK_CHAIN_NOT_BOUND,AMBIGUOUS_METADATA_INCOMPLETE,COMPLETE,INCOMPLETE_PRECONTEXT_AND_EXECUTION_BINDING,BLOCKED_SHARED_ENGINEERING_CONTRACT,NOT_CERTIFIED,2021.08.17.14.45.12_veh-42
2021.08.17.16.48.45_veh-43,COMPLETE_UNIQUE_FROZEN_SESSION_KEY,E2_BENCHMARK_ENGINEERING,CANDIDATE,false,true,false,12,COMPLETE_FROZEN_LOG_KEYS,42859,COMPLETE_FROZEN_COUNT_AND_HASH,COMPLETE_LOG_ACQUISITION_TIMESTAMP,us-pa-pittsburgh-hazelwood,MAP_METADATA_PRESENT_RUNTIME_SUPPORT_NOT_CERTIFIED,true,NO_DUPLICATE_SESSION_ID_FROZEN_SOURCE_ALIASES_CANONICALIZED,CANDIDATE_POOL_ONLY_NO_FINAL_V_OR_C_RESERVATION,AMBIGUOUS_EXECUTION_INITIAL_STATE_NOT_BOUND,AMBIGUOUS_OFFICIAL_NATIVE_ROUTE_NOT_BOUND,AMBIGUOUS_EXECUTION_EXTRACTION_NOT_BOUND,BLOCKED_PRODUCTION_CALLBACK_CHAIN_NOT_BOUND,AMBIGUOUS_METADATA_INCOMPLETE,COMPLETE,INCOMPLETE_PRECONTEXT_AND_EXECUTION_BINDING,BLOCKED_SHARED_ENGINEERING_CONTRACT,NOT_CERTIFIED,2021.08.17.16.48.45_veh-43
2021.08.17.16.57.11_veh-08,COMPLETE_UNIQUE_FROZEN_SESSION_KEY,E3_PRIMARY_METHOD_DEVELOPMENT,EXCLUDED_E3_E4,false,false,false,3,COMPLETE_FROZEN_LOG_KEYS,18749,COMPLETE_FROZEN_COUNT_AND_HASH,COMPLETE_LOG_ACQUISITION_TIMESTAMP,us-pa-pittsburgh-hazelwood,NOT_ASSESSED_POLICY_EXCLUDED,true,NO_DUPLICATE_SESSION_ID_FROZEN_SOURCE_ALIASES_CANONICALIZED,DEVELOPMENT_ONLY_EXCLUDED_FROM_PRIMARY_V,NOT_ASSESSED_POLICY_EXCLUDED,NOT_ASSESSED_POLICY_EXCLUDED,NOT_ASSESSED_POLICY_EXCLUDED,NOT_APPLICABLE_POLICY_EXCLUDED,INELIGIBLE_E3_E4,COMPLETE,NOT_APPLICABLE_POLICY_EXCLUDED,NOT_APPLICABLE_POLICY_EXCLUDED,NOT_CERTIFIED,2021.08.17.16.57.11_veh-08
2021.08.17.17.17.01_veh-45,COMPLETE_UNIQUE_FROZEN_SESSION_KEY,E3_PRIMARY_METHOD_DEVELOPMENT,EXCLUDED_E3_E4,false,false,false,8,COMPLETE_FROZEN_LOG_KEYS,29761,COMPLETE_FROZEN_COUNT_AND_HASH,COMPLETE_LOG_ACQUISITION_TIMESTAMP,us-pa-pittsburgh-hazelwood,NOT_ASSESSED_POLICY_EXCLUDED,true,NO_DUPLICATE_SESSION_ID_FROZEN_SOURCE_ALIASES_CANONICALIZED,DEVELOPMENT_ONLY_EXCLUDED_FROM_PRIMARY_V,NOT_ASSESSED_POLICY_EXCLUDED,NOT_ASSESSED_POLICY_EXCLUDED,NOT_ASSESSED_POLICY_EXCLUDED,NOT_APPLICABLE_POLICY_EXCLUDED,INELIGIBLE_E3_E4,COMPLETE,NOT_APPLICABLE_POLICY_EXCLUDED,NOT_APPLICABLE_POLICY_EXCLUDED,NOT_CERTIFIED,2021.08.17.17.17.01_veh-45
2021.08.17.17.55.18_veh-43,COMPLETE_UNIQUE_FROZEN_SESSION_KEY,E1_UNRELATED_HISTORICAL_USE,CANDIDATE,true,true,false,5,COMPLETE_FROZEN_LOG_KEYS,16892,COMPLETE_FROZEN_COUNT_AND_HASH,COMPLETE_LOG_ACQUISITION_TIMESTAMP,us-pa-pittsburgh-hazelwood,MAP_METADATA_PRESENT_RUNTIME_SUPPORT_NOT_CERTIFIED,true,NO_DUPLICATE_SESSION_ID_FROZEN_SOURCE_ALIASES_CANONICALIZED,CANDIDATE_POOL_ONLY_NO_FINAL_V_OR_C_RESERVATION,AMBIGUOUS_EXECUTION_INITIAL_STATE_NOT_BOUND,AMBIGUOUS_OFFICIAL_NATIVE_ROUTE_NOT_BOUND,AMBIGUOUS_EXECUTION_EXTRACTION_NOT_BOUND,BLOCKED_PRODUCTION_CALLBACK_CHAIN_NOT_BOUND,AMBIGUOUS_METADATA_INCOMPLETE,COMPLETE,INCOMPLETE_PRECONTEXT_AND_EXECUTION_BINDING,BLOCKED_SHARED_ENGINEERING_CONTRACT,NOT_CERTIFIED,2021.08.17.17.55.18_veh-43
2021.08.17.18.11.12_veh-08,COMPLETE_UNIQUE_FROZEN_SESSION_KEY,E1_UNRELATED_HISTORICAL_USE,CANDIDATE,true,true,false,4,COMPLETE_FROZEN_LOG_KEYS,20867,COMPLETE_FROZEN_COUNT_AND_HASH,COMPLETE_LOG_ACQUISITION_TIMESTAMP,us-pa-pittsburgh-hazelwood,MAP_METADATA_PRESENT_RUNTIME_SUPPORT_NOT_CERTIFIED,true,NO_DUPLICATE_SESSION_ID_FROZEN_SOURCE_ALIASES_CANONICALIZED,CANDIDATE_POOL_ONLY_NO_FINAL_V_OR_C_RESERVATION,AMBIGUOUS_EXECUTION_INITIAL_STATE_NOT_BOUND,AMBIGUOUS_OFFICIAL_NATIVE_ROUTE_NOT_BOUND,AMBIGUOUS_EXECUTION_EXTRACTION_NOT_BOUND,BLOCKED_PRODUCTION_CALLBACK_CHAIN_NOT_BOUND,AMBIGUOUS_METADATA_INCOMPLETE,COMPLETE,INCOMPLETE_PRECONTEXT_AND_EXECUTION_BINDING,BLOCKED_SHARED_ENGINEERING_CONTRACT,NOT_CERTIFIED,2021.08.17.18.11.12_veh-08
2021.08.17.18.13.38_veh-45,COMPLETE_UNIQUE_FROZEN_SESSION_KEY,E1_UNRELATED_HISTORICAL_USE,CANDIDATE,true,true,false,5,COMPLETE_FROZEN_LOG_KEYS,21935,COMPLETE_FROZEN_COUNT_AND_HASH,COMPLETE_LOG_ACQUISITION_TIMESTAMP,us-pa-pittsburgh-hazelwood,MAP_METADATA_PRESENT_RUNTIME_SUPPORT_NOT_CERTIFIED,true,NO_DUPLICATE_SESSION_ID_FROZEN_SOURCE_ALIASES_CANONICALIZED,CANDIDATE_POOL_ONLY_NO_FINAL_V_OR_C_RESERVATION,AMBIGUOUS_EXECUTION_INITIAL_STATE_NOT_BOUND,AMBIGUOUS_OFFICIAL_NATIVE_ROUTE_NOT_BOUND,AMBIGUOUS_EXECUTION_EXTRACTION_NOT_BOUND,BLOCKED_PRODUCTION_CALLBACK_CHAIN_NOT_BOUND,AMBIGUOUS_METADATA_INCOMPLETE,COMPLETE,INCOMPLETE_PRECONTEXT_AND_EXECUTION_BINDING,BLOCKED_SHARED_ENGINEERING_CONTRACT,NOT_CERTIFIED,2021.08.17.18.13.38_veh-45
2021.08.17.18.44.32_veh-08,COMPLETE_UNIQUE_FROZEN_SESSION_KEY,E1_UNRELATED_HISTORICAL_USE,CANDIDATE,true,true,false,3,COMPLETE_FROZEN_LOG_KEYS,17746,COMPLETE_FROZEN_COUNT_AND_HASH,COMPLETE_LOG_ACQUISITION_TIMESTAMP,us-pa-pittsburgh-hazelwood,MAP_METADATA_PRESENT_RUNTIME_SUPPORT_NOT_CERTIFIED,true,NO_DUPLICATE_SESSION_ID_FROZEN_SOURCE_ALIASES_CANONICALIZED,CANDIDATE_POOL_ONLY_NO_FINAL_V_OR_C_RESERVATION,AMBIGUOUS_EXECUTION_INITIAL_STATE_NOT_BOUND,AMBIGUOUS_OFFICIAL_NATIVE_ROUTE_NOT_BOUND,AMBIGUOUS_EXECUTION_EXTRACTION_NOT_BOUND,BLOCKED_PRODUCTION_CALLBACK_CHAIN_NOT_BOUND,AMBIGUOUS_METADATA_INCOMPLETE,COMPLETE,INCOMPLETE_PRECONTEXT_AND_EXECUTION_BINDING,BLOCKED_SHARED_ENGINEERING_CONTRACT,NOT_CERTIFIED,2021.08.17.18.44.32_veh-08
2021.08.17.18.54.02_veh-45,COMPLETE_UNIQUE_FROZEN_SESSION_KEY,E1_UNRELATED_HISTORICAL_USE,CANDIDATE,true,true,false,7,COMPLETE_FROZEN_LOG_KEYS,28285,COMPLETE_FROZEN_COUNT_AND_HASH,COMPLETE_LOG_ACQUISITION_TIMESTAMP,us-pa-pittsburgh-hazelwood,MAP_METADATA_PRESENT_RUNTIME_SUPPORT_NOT_CERTIFIED,true,NO_DUPLICATE_SESSION_ID_FROZEN_SOURCE_ALIASES_CANONICALIZED,CANDIDATE_POOL_ONLY_NO_FINAL_V_OR_C_RESERVATION,AMBIGUOUS_EXECUTION_INITIAL_STATE_NOT_BOUND,AMBIGUOUS_OFFICIAL_NATIVE_ROUTE_NOT_BOUND,AMBIGUOUS_EXECUTION_EXTRACTION_NOT_BOUND,BLOCKED_PRODUCTION_CALLBACK_CHAIN_NOT_BOUND,AMBIGUOUS_METADATA_INCOMPLETE,COMPLETE,INCOMPLETE_PRECONTEXT_AND_EXECUTION_BINDING,BLOCKED_SHARED_ENGINEERING_CONTRACT,NOT_CERTIFIED,2021.08.17.18.54.02_veh-45
2021.08.17.19.18.39_veh-08,COMPLETE_UNIQUE_FROZEN_SESSION_KEY,E1_UNRELATED_HISTORICAL_USE,CANDIDATE,true,true,false,4,COMPLETE_FROZEN_LOG_KEYS,5898,COMPLETE_FROZEN_COUNT_AND_HASH,COMPLETE_LOG_ACQUISITION_TIMESTAMP,us-pa-pittsburgh-hazelwood,MAP_METADATA_PRESENT_RUNTIME_SUPPORT_NOT_CERTIFIED,true,NO_DUPLICATE_SESSION_ID_FROZEN_SOURCE_ALIASES_CANONICALIZED,CANDIDATE_POOL_ONLY_NO_FINAL_V_OR_C_RESERVATION,AMBIGUOUS_EXECUTION_INITIAL_STATE_NOT_BOUND,AMBIGUOUS_OFFICIAL_NATIVE_ROUTE_NOT_BOUND,AMBIGUOUS_EXECUTION_EXTRACTION_NOT_BOUND,BLOCKED_PRODUCTION_CALLBACK_CHAIN_NOT_BOUND,AMBIGUOUS_METADATA_INCOMPLETE,COMPLETE,INCOMPLETE_PRECONTEXT_AND_EXECUTION_BINDING,BLOCKED_SHARED_ENGINEERING_CONTRACT,NOT_CERTIFIED,2021.08.17.19.18.39_veh-08
2021.08.19.14.06.23_veh-45,COMPLETE_UNIQUE_FROZEN_SESSION_KEY,E2_BENCHMARK_ENGINEERING,CANDIDATE,false,true,false,8,COMPLETE_FROZEN_LOG_KEYS,28184,COMPLETE_FROZEN_COUNT_AND_HASH,COMPLETE_LOG_ACQUISITION_TIMESTAMP,us-pa-pittsburgh-hazelwood,MAP_METADATA_PRESENT_RUNTIME_SUPPORT_NOT_CERTIFIED,true,NO_DUPLICATE_SESSION_ID_FROZEN_SOURCE_ALIASES_CANONICALIZED,CANDIDATE_POOL_ONLY_NO_FINAL_V_OR_C_RESERVATION,AMBIGUOUS_EXECUTION_INITIAL_STATE_NOT_BOUND,AMBIGUOUS_OFFICIAL_NATIVE_ROUTE_NOT_BOUND,AMBIGUOUS_EXECUTION_EXTRACTION_NOT_BOUND,BLOCKED_PRODUCTION_CALLBACK_CHAIN_NOT_BOUND,AMBIGUOUS_METADATA_INCOMPLETE,COMPLETE,INCOMPLETE_PRECONTEXT_AND_EXECUTION_BINDING,BLOCKED_SHARED_ENGINEERING_CONTRACT,NOT_CERTIFIED,2021.08.19.14.06.23_veh-45
2021.08.19.15.03.05_veh-45,COMPLETE_UNIQUE_FROZEN_SESSION_KEY,E1_UNRELATED_HISTORICAL_USE,CANDIDATE,true,true,false,8,COMPLETE_FROZEN_LOG_KEYS,25902,COMPLETE_FROZEN_COUNT_AND_HASH,COMPLETE_LOG_ACQUISITION_TIMESTAMP,us-pa-pittsburgh-hazelwood,MAP_METADATA_PRESENT_RUNTIME_SUPPORT_NOT_CERTIFIED,true,NO_DUPLICATE_SESSION_ID_FROZEN_SOURCE_ALIASES_CANONICALIZED,CANDIDATE_POOL_ONLY_NO_FINAL_V_OR_C_RESERVATION,AMBIGUOUS_EXECUTION_INITIAL_STATE_NOT_BOUND,AMBIGUOUS_OFFICIAL_NATIVE_ROUTE_NOT_BOUND,AMBIGUOUS_EXECUTION_EXTRACTION_NOT_BOUND,BLOCKED_PRODUCTION_CALLBACK_CHAIN_NOT_BOUND,AMBIGUOUS_METADATA_INCOMPLETE,COMPLETE,INCOMPLETE_PRECONTEXT_AND_EXECUTION_BINDING,BLOCKED_SHARED_ENGINEERING_CONTRACT,NOT_CERTIFIED,2021.08.19.15.03.05_veh-45
2021.08.19.17.06.41_veh-08,COMPLETE_UNIQUE_FROZEN_SESSION_KEY,E2_BENCHMARK_ENGINEERING,CANDIDATE,false,true,false,5,COMPLETE_FROZEN_LOG_KEYS,15768,COMPLETE_FROZEN_COUNT_AND_HASH,COMPLETE_LOG_ACQUISITION_TIMESTAMP,us-pa-pittsburgh-hazelwood,MAP_METADATA_PRESENT_RUNTIME_SUPPORT_NOT_CERTIFIED,true,NO_DUPLICATE_SESSION_ID_FROZEN_SOURCE_ALIASES_CANONICALIZED,CANDIDATE_POOL_ONLY_NO_FINAL_V_OR_C_RESERVATION,AMBIGUOUS_EXECUTION_INITIAL_STATE_NOT_BOUND,AMBIGUOUS_OFFICIAL_NATIVE_ROUTE_NOT_BOUND,AMBIGUOUS_EXECUTION_EXTRACTION_NOT_BOUND,BLOCKED_PRODUCTION_CALLBACK_CHAIN_NOT_BOUND,AMBIGUOUS_METADATA_INCOMPLETE,COMPLETE,INCOMPLETE_PRECONTEXT_AND_EXECUTION_BINDING,BLOCKED_SHARED_ENGINEERING_CONTRACT,NOT_CERTIFIED,2021.08.19.17.06.41_veh-08
2021.08.19.17.14.40_veh-45,COMPLETE_UNIQUE_FROZEN_SESSION_KEY,E1_UNRELATED_HISTORICAL_USE,CANDIDATE,true,true,false,10,COMPLETE_FROZEN_LOG_KEYS,28961,COMPLETE_FROZEN_COUNT_AND_HASH,COMPLETE_LOG_ACQUISITION_TIMESTAMP,us-pa-pittsburgh-hazelwood,MAP_METADATA_PRESENT_RUNTIME_SUPPORT_NOT_CERTIFIED,true,NO_DUPLICATE_SESSION_ID_FROZEN_SOURCE_ALIASES_CANONICALIZED,CANDIDATE_POOL_ONLY_NO_FINAL_V_OR_C_RESERVATION,AMBIGUOUS_EXECUTION_INITIAL_STATE_NOT_BOUND,AMBIGUOUS_OFFICIAL_NATIVE_ROUTE_NOT_BOUND,AMBIGUOUS_EXECUTION_EXTRACTION_NOT_BOUND,BLOCKED_PRODUCTION_CALLBACK_CHAIN_NOT_BOUND,AMBIGUOUS_METADATA_INCOMPLETE,COMPLETE,INCOMPLETE_PRECONTEXT_AND_EXECUTION_BINDING,BLOCKED_SHARED_ENGINEERING_CONTRACT,NOT_CERTIFIED,2021.08.19.17.14.40_veh-45
2021.08.19.17.42.11_veh-08,COMPLETE_UNIQUE_FROZEN_SESSION_KEY,E1_UNRELATED_HISTORICAL_USE,CANDIDATE,true,true,false,6,COMPLETE_FROZEN_LOG_KEYS,18176,COMPLETE_FROZEN_COUNT_AND_HASH,COMPLETE_LOG_ACQUISITION_TIMESTAMP,us-pa-pittsburgh-hazelwood,MAP_METADATA_PRESENT_RUNTIME_SUPPORT_NOT_CERTIFIED,true,NO_DUPLICATE_SESSION_ID_FROZEN_SOURCE_ALIASES_CANONICALIZED,CANDIDATE_POOL_ONLY_NO_FINAL_V_OR_C_RESERVATION,AMBIGUOUS_EXECUTION_INITIAL_STATE_NOT_BOUND,AMBIGUOUS_OFFICIAL_NATIVE_ROUTE_NOT_BOUND,AMBIGUOUS_EXECUTION_EXTRACTION_NOT_BOUND,BLOCKED_PRODUCTION_CALLBACK_CHAIN_NOT_BOUND,AMBIGUOUS_METADATA_INCOMPLETE,COMPLETE,INCOMPLETE_PRECONTEXT_AND_EXECUTION_BINDING,BLOCKED_SHARED_ENGINEERING_CONTRACT,NOT_CERTIFIED,2021.08.19.17.42.11_veh-08
2021.08.19.18.08.28_veh-45,COMPLETE_UNIQUE_FROZEN_SESSION_KEY,E2_BENCHMARK_ENGINEERING,CANDIDATE,false,true,false,7,COMPLETE_FROZEN_LOG_KEYS,27427,COMPLETE_FROZEN_COUNT_AND_HASH,COMPLETE_LOG_ACQUISITION_TIMESTAMP,us-pa-pittsburgh-hazelwood,MAP_METADATA_PRESENT_RUNTIME_SUPPORT_NOT_CERTIFIED,true,NO_DUPLICATE_SESSION_ID_FROZEN_SOURCE_ALIASES_CANONICALIZED,CANDIDATE_POOL_ONLY_NO_FINAL_V_OR_C_RESERVATION,AMBIGUOUS_EXECUTION_INITIAL_STATE_NOT_BOUND,AMBIGUOUS_OFFICIAL_NATIVE_ROUTE_NOT_BOUND,AMBIGUOUS_EXECUTION_EXTRACTION_NOT_BOUND,BLOCKED_PRODUCTION_CALLBACK_CHAIN_NOT_BOUND,AMBIGUOUS_METADATA_INCOMPLETE,COMPLETE,INCOMPLETE_PRECONTEXT_AND_EXECUTION_BINDING,BLOCKED_SHARED_ENGINEERING_CONTRACT,NOT_CERTIFIED,2021.08.19.18.08.28_veh-45
2021.08.19.19.03.27_veh-45,COMPLETE_UNIQUE_FROZEN_SESSION_KEY,E2_BENCHMARK_ENGINEERING,CANDIDATE,false,true,false,6,COMPLETE_FROZEN_LOG_KEYS,27666,COMPLETE_FROZEN_COUNT_AND_HASH,COMPLETE_LOG_ACQUISITION_TIMESTAMP,us-pa-pittsburgh-hazelwood,MAP_METADATA_PRESENT_RUNTIME_SUPPORT_NOT_CERTIFIED,true,NO_DUPLICATE_SESSION_ID_FROZEN_SOURCE_ALIASES_CANONICALIZED,CANDIDATE_POOL_ONLY_NO_FINAL_V_OR_C_RESERVATION,AMBIGUOUS_EXECUTION_INITIAL_STATE_NOT_BOUND,AMBIGUOUS_OFFICIAL_NATIVE_ROUTE_NOT_BOUND,AMBIGUOUS_EXECUTION_EXTRACTION_NOT_BOUND,BLOCKED_PRODUCTION_CALLBACK_CHAIN_NOT_BOUND,AMBIGUOUS_METADATA_INCOMPLETE,COMPLETE,INCOMPLETE_PRECONTEXT_AND_EXECUTION_BINDING,BLOCKED_SHARED_ENGINEERING_CONTRACT,NOT_CERTIFIED,2021.08.19.19.03.27_veh-45
2021.08.19.19.22.25_veh-08,COMPLETE_UNIQUE_FROZEN_SESSION_KEY,E1_UNRELATED_HISTORICAL_USE,CANDIDATE,true,true,false,5,COMPLETE_FROZEN_LOG_KEYS,9840,COMPLETE_FROZEN_COUNT_AND_HASH,COMPLETE_LOG_ACQUISITION_TIMESTAMP,us-pa-pittsburgh-hazelwood,MAP_METADATA_PRESENT_RUNTIME_SUPPORT_NOT_CERTIFIED,true,NO_DUPLICATE_SESSION_ID_FROZEN_SOURCE_ALIASES_CANONICALIZED,CANDIDATE_POOL_ONLY_NO_FINAL_V_OR_C_RESERVATION,AMBIGUOUS_EXECUTION_INITIAL_STATE_NOT_BOUND,AMBIGUOUS_OFFICIAL_NATIVE_ROUTE_NOT_BOUND,AMBIGUOUS_EXECUTION_EXTRACTION_NOT_BOUND,BLOCKED_PRODUCTION_CALLBACK_CHAIN_NOT_BOUND,AMBIGUOUS_METADATA_INCOMPLETE,COMPLETE,INCOMPLETE_PRECONTEXT_AND_EXECUTION_BINDING,BLOCKED_SHARED_ENGINEERING_CONTRACT,NOT_CERTIFIED,2021.08.19.19.22.25_veh-08
2021.08.20.12.28.52_veh-42,COMPLETE_UNIQUE_FROZEN_SESSION_KEY,E2_BENCHMARK_ENGINEERING,CANDIDATE,false,true,false,7,COMPLETE_FROZEN_LOG_KEYS,17847,COMPLETE_FROZEN_COUNT_AND_HASH,COMPLETE_LOG_ACQUISITION_TIMESTAMP,us-pa-pittsburgh-hazelwood,MAP_METADATA_PRESENT_RUNTIME_SUPPORT_NOT_CERTIFIED,true,NO_DUPLICATE_SESSION_ID_FROZEN_SOURCE_ALIASES_CANONICALIZED,CANDIDATE_POOL_ONLY_NO_FINAL_V_OR_C_RESERVATION,AMBIGUOUS_EXECUTION_INITIAL_STATE_NOT_BOUND,AMBIGUOUS_OFFICIAL_NATIVE_ROUTE_NOT_BOUND,AMBIGUOUS_EXECUTION_EXTRACTION_NOT_BOUND,BLOCKED_PRODUCTION_CALLBACK_CHAIN_NOT_BOUND,AMBIGUOUS_METADATA_INCOMPLETE,COMPLETE,INCOMPLETE_PRECONTEXT_AND_EXECUTION_BINDING,BLOCKED_SHARED_ENGINEERING_CONTRACT,NOT_CERTIFIED,2021.08.20.12.28.52_veh-42
2021.08.20.13.00.37_veh-08,COMPLETE_UNIQUE_FROZEN_SESSION_KEY,E1_UNRELATED_HISTORICAL_USE,CANDIDATE,true,true,false,11,COMPLETE_FROZEN_LOG_KEYS,33411,COMPLETE_FROZEN_COUNT_AND_HASH,COMPLETE_LOG_ACQUISITION_TIMESTAMP,us-pa-pittsburgh-hazelwood,MAP_METADATA_PRESENT_RUNTIME_SUPPORT_NOT_CERTIFIED,true,NO_DUPLICATE_SESSION_ID_FROZEN_SOURCE_ALIASES_CANONICALIZED,CANDIDATE_POOL_ONLY_NO_FINAL_V_OR_C_RESERVATION,AMBIGUOUS_EXECUTION_INITIAL_STATE_NOT_BOUND,AMBIGUOUS_OFFICIAL_NATIVE_ROUTE_NOT_BOUND,AMBIGUOUS_EXECUTION_EXTRACTION_NOT_BOUND,BLOCKED_PRODUCTION_CALLBACK_CHAIN_NOT_BOUND,AMBIGUOUS_METADATA_INCOMPLETE,COMPLETE,INCOMPLETE_PRECONTEXT_AND_EXECUTION_BINDING,BLOCKED_SHARED_ENGINEERING_CONTRACT,NOT_CERTIFIED,2021.08.20.13.00.37_veh-08
2021.08.20.13.02.56_veh-42,COMPLETE_UNIQUE_FROZEN_SESSION_KEY,E1_UNRELATED_HISTORICAL_USE,CANDIDATE,true,true,false,9,COMPLETE_FROZEN_LOG_KEYS,15037,COMPLETE_FROZEN_COUNT_AND_HASH,COMPLETE_LOG_ACQUISITION_TIMESTAMP,us-pa-pittsburgh-hazelwood,MAP_METADATA_PRESENT_RUNTIME_SUPPORT_NOT_CERTIFIED,true,NO_DUPLICATE_SESSION_ID_FROZEN_SOURCE_ALIASES_CANONICALIZED,CANDIDATE_POOL_ONLY_NO_FINAL_V_OR_C_RESERVATION,AMBIGUOUS_EXECUTION_INITIAL_STATE_NOT_BOUND,AMBIGUOUS_OFFICIAL_NATIVE_ROUTE_NOT_BOUND,AMBIGUOUS_EXECUTION_EXTRACTION_NOT_BOUND,BLOCKED_PRODUCTION_CALLBACK_CHAIN_NOT_BOUND,AMBIGUOUS_METADATA_INCOMPLETE,COMPLETE,INCOMPLETE_PRECONTEXT_AND_EXECUTION_BINDING,BLOCKED_SHARED_ENGINEERING_CONTRACT,NOT_CERTIFIED,2021.08.20.13.02.56_veh-42
2021.08.20.13.34.11_veh-45,COMPLETE_UNIQUE_FROZEN_SESSION_KEY,E1_UNRELATED_HISTORICAL_USE,CANDIDATE,true,true,false,5,COMPLETE_FROZEN_LOG_KEYS,12171,COMPLETE_FROZEN_COUNT_AND_HASH,COMPLETE_LOG_ACQUISITION_TIMESTAMP,us-pa-pittsburgh-hazelwood,MAP_METADATA_PRESENT_RUNTIME_SUPPORT_NOT_CERTIFIED,true,NO_DUPLICATE_SESSION_ID_FROZEN_SOURCE_ALIASES_CANONICALIZED,CANDIDATE_POOL_ONLY_NO_FINAL_V_OR_C_RESERVATION,AMBIGUOUS_EXECUTION_INITIAL_STATE_NOT_BOUND,AMBIGUOUS_OFFICIAL_NATIVE_ROUTE_NOT_BOUND,AMBIGUOUS_EXECUTION_EXTRACTION_NOT_BOUND,BLOCKED_PRODUCTION_CALLBACK_CHAIN_NOT_BOUND,AMBIGUOUS_METADATA_INCOMPLETE,COMPLETE,INCOMPLETE_PRECONTEXT_AND_EXECUTION_BINDING,BLOCKED_SHARED_ENGINEERING_CONTRACT,NOT_CERTIFIED,2021.08.20.13.34.11_veh-45
2021.08.20.14.28.03_veh-45,COMPLETE_UNIQUE_FROZEN_SESSION_KEY,E1_UNRELATED_HISTORICAL_USE,CANDIDATE,true,true,false,11,COMPLETE_FROZEN_LOG_KEYS,34469,COMPLETE_FROZEN_COUNT_AND_HASH,COMPLETE_LOG_ACQUISITION_TIMESTAMP,us-pa-pittsburgh-hazelwood,MAP_METADATA_PRESENT_RUNTIME_SUPPORT_NOT_CERTIFIED,true,NO_DUPLICATE_SESSION_ID_FROZEN_SOURCE_ALIASES_CANONICALIZED,CANDIDATE_POOL_ONLY_NO_FINAL_V_OR_C_RESERVATION,AMBIGUOUS_EXECUTION_INITIAL_STATE_NOT_BOUND,AMBIGUOUS_OFFICIAL_NATIVE_ROUTE_NOT_BOUND,AMBIGUOUS_EXECUTION_EXTRACTION_NOT_BOUND,BLOCKED_PRODUCTION_CALLBACK_CHAIN_NOT_BOUND,AMBIGUOUS_METADATA_INCOMPLETE,COMPLETE,INCOMPLETE_PRECONTEXT_AND_EXECUTION_BINDING,BLOCKED_SHARED_ENGINEERING_CONTRACT,NOT_CERTIFIED,2021.08.20.14.28.03_veh-45
2021.08.20.16.40.09_veh-45,COMPLETE_UNIQUE_FROZEN_SESSION_KEY,E2_BENCHMARK_ENGINEERING,CANDIDATE,false,true,false,11,COMPLETE_FROZEN_LOG_KEYS,22658,COMPLETE_FROZEN_COUNT_AND_HASH,COMPLETE_LOG_ACQUISITION_TIMESTAMP,us-pa-pittsburgh-hazelwood,MAP_METADATA_PRESENT_RUNTIME_SUPPORT_NOT_CERTIFIED,true,NO_DUPLICATE_SESSION_ID_FROZEN_SOURCE_ALIASES_CANONICALIZED,CANDIDATE_POOL_ONLY_NO_FINAL_V_OR_C_RESERVATION,AMBIGUOUS_EXECUTION_INITIAL_STATE_NOT_BOUND,AMBIGUOUS_OFFICIAL_NATIVE_ROUTE_NOT_BOUND,AMBIGUOUS_EXECUTION_EXTRACTION_NOT_BOUND,BLOCKED_PRODUCTION_CALLBACK_CHAIN_NOT_BOUND,AMBIGUOUS_METADATA_INCOMPLETE,COMPLETE,INCOMPLETE_PRECONTEXT_AND_EXECUTION_BINDING,BLOCKED_SHARED_ENGINEERING_CONTRACT,NOT_CERTIFIED,2021.08.20.16.40.09_veh-45
2021.08.20.16.54.30_veh-08,COMPLETE_UNIQUE_FROZEN_SESSION_KEY,E1_UNRELATED_HISTORICAL_USE,CANDIDATE,true,true,false,11,COMPLETE_FROZEN_LOG_KEYS,26153,COMPLETE_FROZEN_COUNT_AND_HASH,COMPLETE_LOG_ACQUISITION_TIMESTAMP,us-pa-pittsburgh-hazelwood,MAP_METADATA_PRESENT_RUNTIME_SUPPORT_NOT_CERTIFIED,true,NO_DUPLICATE_SESSION_ID_FROZEN_SOURCE_ALIASES_CANONICALIZED,CANDIDATE_POOL_ONLY_NO_FINAL_V_OR_C_RESERVATION,AMBIGUOUS_EXECUTION_INITIAL_STATE_NOT_BOUND,AMBIGUOUS_OFFICIAL_NATIVE_ROUTE_NOT_BOUND,AMBIGUOUS_EXECUTION_EXTRACTION_NOT_BOUND,BLOCKED_PRODUCTION_CALLBACK_CHAIN_NOT_BOUND,AMBIGUOUS_METADATA_INCOMPLETE,COMPLETE,INCOMPLETE_PRECONTEXT_AND_EXECUTION_BINDING,BLOCKED_SHARED_ENGINEERING_CONTRACT,NOT_CERTIFIED,2021.08.20.16.54.30_veh-08
2021.08.20.17.52.54_veh-08,COMPLETE_UNIQUE_FROZEN_SESSION_KEY,E1_UNRELATED_HISTORICAL_USE,CANDIDATE,true,true,false,11,COMPLETE_FROZEN_LOG_KEYS,31510,COMPLETE_FROZEN_COUNT_AND_HASH,COMPLETE_LOG_ACQUISITION_TIMESTAMP,us-pa-pittsburgh-hazelwood,MAP_METADATA_PRESENT_RUNTIME_SUPPORT_NOT_CERTIFIED,true,NO_DUPLICATE_SESSION_ID_FROZEN_SOURCE_ALIASES_CANONICALIZED,CANDIDATE_POOL_ONLY_NO_FINAL_V_OR_C_RESERVATION,AMBIGUOUS_EXECUTION_INITIAL_STATE_NOT_BOUND,AMBIGUOUS_OFFICIAL_NATIVE_ROUTE_NOT_BOUND,AMBIGUOUS_EXECUTION_EXTRACTION_NOT_BOUND,BLOCKED_PRODUCTION_CALLBACK_CHAIN_NOT_BOUND,AMBIGUOUS_METADATA_INCOMPLETE,COMPLETE,INCOMPLETE_PRECONTEXT_AND_EXECUTION_BINDING,BLOCKED_SHARED_ENGINEERING_CONTRACT,NOT_CERTIFIED,2021.08.20.17.52.54_veh-08
2021.08.20.17.54.47_veh-45,COMPLETE_UNIQUE_FROZEN_SESSION_KEY,E2_BENCHMARK_ENGINEERING,CANDIDATE,false,true,false,13,COMPLETE_FROZEN_LOG_KEYS,26941,COMPLETE_FROZEN_COUNT_AND_HASH,COMPLETE_LOG_ACQUISITION_TIMESTAMP,us-pa-pittsburgh-hazelwood,MAP_METADATA_PRESENT_RUNTIME_SUPPORT_NOT_CERTIFIED,true,NO_DUPLICATE_SESSION_ID_FROZEN_SOURCE_ALIASES_CANONICALIZED,CANDIDATE_POOL_ONLY_NO_FINAL_V_OR_C_RESERVATION,AMBIGUOUS_EXECUTION_INITIAL_STATE_NOT_BOUND,AMBIGUOUS_OFFICIAL_NATIVE_ROUTE_NOT_BOUND,AMBIGUOUS_EXECUTION_EXTRACTION_NOT_BOUND,BLOCKED_PRODUCTION_CALLBACK_CHAIN_NOT_BOUND,AMBIGUOUS_METADATA_INCOMPLETE,COMPLETE,INCOMPLETE_PRECONTEXT_AND_EXECUTION_BINDING,BLOCKED_SHARED_ENGINEERING_CONTRACT,NOT_CERTIFIED,2021.08.20.17.54.47_veh-45
2021.08.20.18.44.47_veh-08,COMPLETE_UNIQUE_FROZEN_SESSION_KEY,E2_BENCHMARK_ENGINEERING,CANDIDATE,false,true,false,5,COMPLETE_FROZEN_LOG_KEYS,27172,COMPLETE_FROZEN_COUNT_AND_HASH,COMPLETE_LOG_ACQUISITION_TIMESTAMP,us-pa-pittsburgh-hazelwood,MAP_METADATA_PRESENT_RUNTIME_SUPPORT_NOT_CERTIFIED,true,NO_DUPLICATE_SESSION_ID_FROZEN_SOURCE_ALIASES_CANONICALIZED,CANDIDATE_POOL_ONLY_NO_FINAL_V_OR_C_RESERVATION,AMBIGUOUS_EXECUTION_INITIAL_STATE_NOT_BOUND,AMBIGUOUS_OFFICIAL_NATIVE_ROUTE_NOT_BOUND,AMBIGUOUS_EXECUTION_EXTRACTION_NOT_BOUND,BLOCKED_PRODUCTION_CALLBACK_CHAIN_NOT_BOUND,AMBIGUOUS_METADATA_INCOMPLETE,COMPLETE,INCOMPLETE_PRECONTEXT_AND_EXECUTION_BINDING,BLOCKED_SHARED_ENGINEERING_CONTRACT,NOT_CERTIFIED,2021.08.20.18.44.47_veh-08
2021.08.20.19.10.41_veh-45,COMPLETE_UNIQUE_FROZEN_SESSION_KEY,E2_BENCHMARK_ENGINEERING,CANDIDATE,false,true,false,8,COMPLETE_FROZEN_LOG_KEYS,18895,COMPLETE_FROZEN_COUNT_AND_HASH,COMPLETE_LOG_ACQUISITION_TIMESTAMP,us-pa-pittsburgh-hazelwood,MAP_METADATA_PRESENT_RUNTIME_SUPPORT_NOT_CERTIFIED,true,NO_DUPLICATE_SESSION_ID_FROZEN_SOURCE_ALIASES_CANONICALIZED,CANDIDATE_POOL_ONLY_NO_FINAL_V_OR_C_RESERVATION,AMBIGUOUS_EXECUTION_INITIAL_STATE_NOT_BOUND,AMBIGUOUS_OFFICIAL_NATIVE_ROUTE_NOT_BOUND,AMBIGUOUS_EXECUTION_EXTRACTION_NOT_BOUND,BLOCKED_PRODUCTION_CALLBACK_CHAIN_NOT_BOUND,AMBIGUOUS_METADATA_INCOMPLETE,COMPLETE,INCOMPLETE_PRECONTEXT_AND_EXECUTION_BINDING,BLOCKED_SHARED_ENGINEERING_CONTRACT,NOT_CERTIFIED,2021.08.20.19.10.41_veh-45
2021.08.23.12.33.24_veh-42,COMPLETE_UNIQUE_FROZEN_SESSION_KEY,E2_BENCHMARK_ENGINEERING,CANDIDATE,false,true,false,9,COMPLETE_FROZEN_LOG_KEYS,23207,COMPLETE_FROZEN_COUNT_AND_HASH,COMPLETE_LOG_ACQUISITION_TIMESTAMP,us-pa-pittsburgh-hazelwood,MAP_METADATA_PRESENT_RUNTIME_SUPPORT_NOT_CERTIFIED,true,NO_DUPLICATE_SESSION_ID_FROZEN_SOURCE_ALIASES_CANONICALIZED,CANDIDATE_POOL_ONLY_NO_FINAL_V_OR_C_RESERVATION,AMBIGUOUS_EXECUTION_INITIAL_STATE_NOT_BOUND,AMBIGUOUS_OFFICIAL_NATIVE_ROUTE_NOT_BOUND,AMBIGUOUS_EXECUTION_EXTRACTION_NOT_BOUND,BLOCKED_PRODUCTION_CALLBACK_CHAIN_NOT_BOUND,AMBIGUOUS_METADATA_INCOMPLETE,COMPLETE,INCOMPLETE_PRECONTEXT_AND_EXECUTION_BINDING,BLOCKED_SHARED_ENGINEERING_CONTRACT,NOT_CERTIFIED,2021.08.23.12.33.24_veh-42
2021.08.23.12.37.38_veh-45,COMPLETE_UNIQUE_FROZEN_SESSION_KEY,E1_UNRELATED_HISTORICAL_USE,CANDIDATE,true,true,false,14,COMPLETE_FROZEN_LOG_KEYS,29791,COMPLETE_FROZEN_COUNT_AND_HASH,COMPLETE_LOG_ACQUISITION_TIMESTAMP,us-pa-pittsburgh-hazelwood,MAP_METADATA_PRESENT_RUNTIME_SUPPORT_NOT_CERTIFIED,true,NO_DUPLICATE_SESSION_ID_FROZEN_SOURCE_ALIASES_CANONICALIZED,CANDIDATE_POOL_ONLY_NO_FINAL_V_OR_C_RESERVATION,AMBIGUOUS_EXECUTION_INITIAL_STATE_NOT_BOUND,AMBIGUOUS_OFFICIAL_NATIVE_ROUTE_NOT_BOUND,AMBIGUOUS_EXECUTION_EXTRACTION_NOT_BOUND,BLOCKED_PRODUCTION_CALLBACK_CHAIN_NOT_BOUND,AMBIGUOUS_METADATA_INCOMPLETE,COMPLETE,INCOMPLETE_PRECONTEXT_AND_EXECUTION_BINDING,BLOCKED_SHARED_ENGINEERING_CONTRACT,NOT_CERTIFIED,2021.08.23.12.37.38_veh-45
2021.08.23.13.17.08_veh-42,COMPLETE_UNIQUE_FROZEN_SESSION_KEY,E2_BENCHMARK_ENGINEERING,CANDIDATE,false,true,false,13,COMPLETE_FROZEN_LOG_KEYS,28960,COMPLETE_FROZEN_COUNT_AND_HASH,COMPLETE_LOG_ACQUISITION_TIMESTAMP,us-pa-pittsburgh-hazelwood,MAP_METADATA_PRESENT_RUNTIME_SUPPORT_NOT_CERTIFIED,true,NO_DUPLICATE_SESSION_ID_FROZEN_SOURCE_ALIASES_CANONICALIZED,CANDIDATE_POOL_ONLY_NO_FINAL_V_OR_C_RESERVATION,AMBIGUOUS_EXECUTION_INITIAL_STATE_NOT_BOUND,AMBIGUOUS_OFFICIAL_NATIVE_ROUTE_NOT_BOUND,AMBIGUOUS_EXECUTION_EXTRACTION_NOT_BOUND,BLOCKED_PRODUCTION_CALLBACK_CHAIN_NOT_BOUND,AMBIGUOUS_METADATA_INCOMPLETE,COMPLETE,INCOMPLETE_PRECONTEXT_AND_EXECUTION_BINDING,BLOCKED_SHARED_ENGINEERING_CONTRACT,NOT_CERTIFIED,2021.08.23.13.17.08_veh-42
2021.08.23.13.26.46_veh-45,COMPLETE_UNIQUE_FROZEN_SESSION_KEY,E1_UNRELATED_HISTORICAL_USE,CANDIDATE,true,true,false,6,COMPLETE_FROZEN_LOG_KEYS,29339,COMPLETE_FROZEN_COUNT_AND_HASH,COMPLETE_LOG_ACQUISITION_TIMESTAMP,us-pa-pittsburgh-hazelwood,MAP_METADATA_PRESENT_RUNTIME_SUPPORT_NOT_CERTIFIED,true,NO_DUPLICATE_SESSION_ID_FROZEN_SOURCE_ALIASES_CANONICALIZED,CANDIDATE_POOL_ONLY_NO_FINAL_V_OR_C_RESERVATION,AMBIGUOUS_EXECUTION_INITIAL_STATE_NOT_BOUND,AMBIGUOUS_OFFICIAL_NATIVE_ROUTE_NOT_BOUND,AMBIGUOUS_EXECUTION_EXTRACTION_NOT_BOUND,BLOCKED_PRODUCTION_CALLBACK_CHAIN_NOT_BOUND,AMBIGUOUS_METADATA_INCOMPLETE,COMPLETE,INCOMPLETE_PRECONTEXT_AND_EXECUTION_BINDING,BLOCKED_SHARED_ENGINEERING_CONTRACT,NOT_CERTIFIED,2021.08.23.13.26.46_veh-45
2021.08.23.13.28.21_veh-08,COMPLETE_UNIQUE_FROZEN_SESSION_KEY,E1_UNRELATED_HISTORICAL_USE,CANDIDATE,true,true,false,7,COMPLETE_FROZEN_LOG_KEYS,18582,COMPLETE_FROZEN_COUNT_AND_HASH,COMPLETE_LOG_ACQUISITION_TIMESTAMP,us-pa-pittsburgh-hazelwood,MAP_METADATA_PRESENT_RUNTIME_SUPPORT_NOT_CERTIFIED,true,NO_DUPLICATE_SESSION_ID_FROZEN_SOURCE_ALIASES_CANONICALIZED,CANDIDATE_POOL_ONLY_NO_FINAL_V_OR_C_RESERVATION,AMBIGUOUS_EXECUTION_INITIAL_STATE_NOT_BOUND,AMBIGUOUS_OFFICIAL_NATIVE_ROUTE_NOT_BOUND,AMBIGUOUS_EXECUTION_EXTRACTION_NOT_BOUND,BLOCKED_PRODUCTION_CALLBACK_CHAIN_NOT_BOUND,AMBIGUOUS_METADATA_INCOMPLETE,COMPLETE,INCOMPLETE_PRECONTEXT_AND_EXECUTION_BINDING,BLOCKED_SHARED_ENGINEERING_CONTRACT,NOT_CERTIFIED,2021.08.23.13.28.21_veh-08
2021.08.23.14.02.02_veh-42,COMPLETE_UNIQUE_FROZEN_SESSION_KEY,E1_UNRELATED_HISTORICAL_USE,CANDIDATE,true,true,false,9,COMPLETE_FROZEN_LOG_KEYS,11931,COMPLETE_FROZEN_COUNT_AND_HASH,COMPLETE_LOG_ACQUISITION_TIMESTAMP,us-pa-pittsburgh-hazelwood,MAP_METADATA_PRESENT_RUNTIME_SUPPORT_NOT_CERTIFIED,true,NO_DUPLICATE_SESSION_ID_FROZEN_SOURCE_ALIASES_CANONICALIZED,CANDIDATE_POOL_ONLY_NO_FINAL_V_OR_C_RESERVATION,AMBIGUOUS_EXECUTION_INITIAL_STATE_NOT_BOUND,AMBIGUOUS_OFFICIAL_NATIVE_ROUTE_NOT_BOUND,AMBIGUOUS_EXECUTION_EXTRACTION_NOT_BOUND,BLOCKED_PRODUCTION_CALLBACK_CHAIN_NOT_BOUND,AMBIGUOUS_METADATA_INCOMPLETE,COMPLETE,INCOMPLETE_PRECONTEXT_AND_EXECUTION_BINDING,BLOCKED_SHARED_ENGINEERING_CONTRACT,NOT_CERTIFIED,2021.08.23.14.02.02_veh-42
2021.08.23.14.27.31_veh-45,COMPLETE_UNIQUE_FROZEN_SESSION_KEY,E2_BENCHMARK_ENGINEERING,CANDIDATE,false,true,false,10,COMPLETE_FROZEN_LOG_KEYS,29947,COMPLETE_FROZEN_COUNT_AND_HASH,COMPLETE_LOG_ACQUISITION_TIMESTAMP,us-pa-pittsburgh-hazelwood,MAP_METADATA_PRESENT_RUNTIME_SUPPORT_NOT_CERTIFIED,true,NO_DUPLICATE_SESSION_ID_FROZEN_SOURCE_ALIASES_CANONICALIZED,CANDIDATE_POOL_ONLY_NO_FINAL_V_OR_C_RESERVATION,AMBIGUOUS_EXECUTION_INITIAL_STATE_NOT_BOUND,AMBIGUOUS_OFFICIAL_NATIVE_ROUTE_NOT_BOUND,AMBIGUOUS_EXECUTION_EXTRACTION_NOT_BOUND,BLOCKED_PRODUCTION_CALLBACK_CHAIN_NOT_BOUND,AMBIGUOUS_METADATA_INCOMPLETE,COMPLETE,INCOMPLETE_PRECONTEXT_AND_EXECUTION_BINDING,BLOCKED_SHARED_ENGINEERING_CONTRACT,NOT_CERTIFIED,2021.08.23.14.27.31_veh-45
2021.08.23.15.14.44_veh-08,COMPLETE_UNIQUE_FROZEN_SESSION_KEY,E1_UNRELATED_HISTORICAL_USE,CANDIDATE,true,true,false,7,COMPLETE_FROZEN_LOG_KEYS,20091,COMPLETE_FROZEN_COUNT_AND_HASH,COMPLETE_LOG_ACQUISITION_TIMESTAMP,us-pa-pittsburgh-hazelwood,MAP_METADATA_PRESENT_RUNTIME_SUPPORT_NOT_CERTIFIED,true,NO_DUPLICATE_SESSION_ID_FROZEN_SOURCE_ALIASES_CANONICALIZED,CANDIDATE_POOL_ONLY_NO_FINAL_V_OR_C_RESERVATION,AMBIGUOUS_EXECUTION_INITIAL_STATE_NOT_BOUND,AMBIGUOUS_OFFICIAL_NATIVE_ROUTE_NOT_BOUND,AMBIGUOUS_EXECUTION_EXTRACTION_NOT_BOUND,BLOCKED_PRODUCTION_CALLBACK_CHAIN_NOT_BOUND,AMBIGUOUS_METADATA_INCOMPLETE,COMPLETE,INCOMPLETE_PRECONTEXT_AND_EXECUTION_BINDING,BLOCKED_SHARED_ENGINEERING_CONTRACT,NOT_CERTIFIED,2021.08.23.15.14.44_veh-08
2021.08.23.16.32.43_veh-45,COMPLETE_UNIQUE_FROZEN_SESSION_KEY,E1_UNRELATED_HISTORICAL_USE,CANDIDATE,true,true,false,11,COMPLETE_FROZEN_LOG_KEYS,22154,COMPLETE_FROZEN_COUNT_AND_HASH,COMPLETE_LOG_ACQUISITION_TIMESTAMP,us-pa-pittsburgh-hazelwood,MAP_METADATA_PRESENT_RUNTIME_SUPPORT_NOT_CERTIFIED,true,NO_DUPLICATE_SESSION_ID_FROZEN_SOURCE_ALIASES_CANONICALIZED,CANDIDATE_POOL_ONLY_NO_FINAL_V_OR_C_RESERVATION,AMBIGUOUS_EXECUTION_INITIAL_STATE_NOT_BOUND,AMBIGUOUS_OFFICIAL_NATIVE_ROUTE_NOT_BOUND,AMBIGUOUS_EXECUTION_EXTRACTION_NOT_BOUND,BLOCKED_PRODUCTION_CALLBACK_CHAIN_NOT_BOUND,AMBIGUOUS_METADATA_INCOMPLETE,COMPLETE,INCOMPLETE_PRECONTEXT_AND_EXECUTION_BINDING,BLOCKED_SHARED_ENGINEERING_CONTRACT,NOT_CERTIFIED,2021.08.23.16.32.43_veh-45
2021.08.23.16.51.29_veh-42,COMPLETE_UNIQUE_FROZEN_SESSION_KEY,E1_UNRELATED_HISTORICAL_USE,CANDIDATE,true,true,false,6,COMPLETE_FROZEN_LOG_KEYS,29619,COMPLETE_FROZEN_COUNT_AND_HASH,COMPLETE_LOG_ACQUISITION_TIMESTAMP,us-pa-pittsburgh-hazelwood,MAP_METADATA_PRESENT_RUNTIME_SUPPORT_NOT_CERTIFIED,true,NO_DUPLICATE_SESSION_ID_FROZEN_SOURCE_ALIASES_CANONICALIZED,CANDIDATE_POOL_ONLY_NO_FINAL_V_OR_C_RESERVATION,AMBIGUOUS_EXECUTION_INITIAL_STATE_NOT_BOUND,AMBIGUOUS_OFFICIAL_NATIVE_ROUTE_NOT_BOUND,AMBIGUOUS_EXECUTION_EXTRACTION_NOT_BOUND,BLOCKED_PRODUCTION_CALLBACK_CHAIN_NOT_BOUND,AMBIGUOUS_METADATA_INCOMPLETE,COMPLETE,INCOMPLETE_PRECONTEXT_AND_EXECUTION_BINDING,BLOCKED_SHARED_ENGINEERING_CONTRACT,NOT_CERTIFIED,2021.08.23.16.51.29_veh-42
2021.08.23.16.53.37_veh-08,COMPLETE_UNIQUE_FROZEN_SESSION_KEY,E2_BENCHMARK_ENGINEERING,CANDIDATE,false,true,false,4,COMPLETE_FROZEN_LOG_KEYS,22901,COMPLETE_FROZEN_COUNT_AND_HASH,COMPLETE_LOG_ACQUISITION_TIMESTAMP,us-pa-pittsburgh-hazelwood,MAP_METADATA_PRESENT_RUNTIME_SUPPORT_NOT_CERTIFIED,true,NO_DUPLICATE_SESSION_ID_FROZEN_SOURCE_ALIASES_CANONICALIZED,CANDIDATE_POOL_ONLY_NO_FINAL_V_OR_C_RESERVATION,AMBIGUOUS_EXECUTION_INITIAL_STATE_NOT_BOUND,AMBIGUOUS_OFFICIAL_NATIVE_ROUTE_NOT_BOUND,AMBIGUOUS_EXECUTION_EXTRACTION_NOT_BOUND,BLOCKED_PRODUCTION_CALLBACK_CHAIN_NOT_BOUND,AMBIGUOUS_METADATA_INCOMPLETE,COMPLETE,INCOMPLETE_PRECONTEXT_AND_EXECUTION_BINDING,BLOCKED_SHARED_ENGINEERING_CONTRACT,NOT_CERTIFIED,2021.08.23.16.53.37_veh-08
2021.08.23.17.20.10_veh-45,COMPLETE_UNIQUE_FROZEN_SESSION_KEY,E2_BENCHMARK_ENGINEERING,CANDIDATE,false,true,false,11,COMPLETE_FROZEN_LOG_KEYS,27036,COMPLETE_FROZEN_COUNT_AND_HASH,COMPLETE_LOG_ACQUISITION_TIMESTAMP,us-pa-pittsburgh-hazelwood,MAP_METADATA_PRESENT_RUNTIME_SUPPORT_NOT_CERTIFIED,true,NO_DUPLICATE_SESSION_ID_FROZEN_SOURCE_ALIASES_CANONICALIZED,CANDIDATE_POOL_ONLY_NO_FINAL_V_OR_C_RESERVATION,AMBIGUOUS_EXECUTION_INITIAL_STATE_NOT_BOUND,AMBIGUOUS_OFFICIAL_NATIVE_ROUTE_NOT_BOUND,AMBIGUOUS_EXECUTION_EXTRACTION_NOT_BOUND,BLOCKED_PRODUCTION_CALLBACK_CHAIN_NOT_BOUND,AMBIGUOUS_METADATA_INCOMPLETE,COMPLETE,INCOMPLETE_PRECONTEXT_AND_EXECUTION_BINDING,BLOCKED_SHARED_ENGINEERING_CONTRACT,NOT_CERTIFIED,2021.08.23.17.20.10_veh-45
2021.08.23.17.33.08_veh-08,COMPLETE_UNIQUE_FROZEN_SESSION_KEY,E1_UNRELATED_HISTORICAL_USE,CANDIDATE,true,true,false,9,COMPLETE_FROZEN_LOG_KEYS,28665,COMPLETE_FROZEN_COUNT_AND_HASH,COMPLETE_LOG_ACQUISITION_TIMESTAMP,us-pa-pittsburgh-hazelwood,MAP_METADATA_PRESENT_RUNTIME_SUPPORT_NOT_CERTIFIED,true,NO_DUPLICATE_SESSION_ID_FROZEN_SOURCE_ALIASES_CANONICALIZED,CANDIDATE_POOL_ONLY_NO_FINAL_V_OR_C_RESERVATION,AMBIGUOUS_EXECUTION_INITIAL_STATE_NOT_BOUND,AMBIGUOUS_OFFICIAL_NATIVE_ROUTE_NOT_BOUND,AMBIGUOUS_EXECUTION_EXTRACTION_NOT_BOUND,BLOCKED_PRODUCTION_CALLBACK_CHAIN_NOT_BOUND,AMBIGUOUS_METADATA_INCOMPLETE,COMPLETE,INCOMPLETE_PRECONTEXT_AND_EXECUTION_BINDING,BLOCKED_SHARED_ENGINEERING_CONTRACT,NOT_CERTIFIED,2021.08.23.17.33.08_veh-08
2021.08.23.17.36.45_veh-42,COMPLETE_UNIQUE_FROZEN_SESSION_KEY,E1_UNRELATED_HISTORICAL_USE,CANDIDATE,true,true,false,2,COMPLETE_FROZEN_LOG_KEYS,25964,COMPLETE_FROZEN_COUNT_AND_HASH,COMPLETE_LOG_ACQUISITION_TIMESTAMP,us-pa-pittsburgh-hazelwood,MAP_METADATA_PRESENT_RUNTIME_SUPPORT_NOT_CERTIFIED,true,NO_DUPLICATE_SESSION_ID_FROZEN_SOURCE_ALIASES_CANONICALIZED,CANDIDATE_POOL_ONLY_NO_FINAL_V_OR_C_RESERVATION,AMBIGUOUS_EXECUTION_INITIAL_STATE_NOT_BOUND,AMBIGUOUS_OFFICIAL_NATIVE_ROUTE_NOT_BOUND,AMBIGUOUS_EXECUTION_EXTRACTION_NOT_BOUND,BLOCKED_PRODUCTION_CALLBACK_CHAIN_NOT_BOUND,AMBIGUOUS_METADATA_INCOMPLETE,COMPLETE,INCOMPLETE_PRECONTEXT_AND_EXECUTION_BINDING,BLOCKED_SHARED_ENGINEERING_CONTRACT,NOT_CERTIFIED,2021.08.23.17.36.45_veh-42
2021.08.23.18.16.02_veh-42,COMPLETE_UNIQUE_FROZEN_SESSION_KEY,E1_UNRELATED_HISTORICAL_USE,CANDIDATE,true,true,false,6,COMPLETE_FROZEN_LOG_KEYS,22080,COMPLETE_FROZEN_COUNT_AND_HASH,COMPLETE_LOG_ACQUISITION_TIMESTAMP,us-pa-pittsburgh-hazelwood,MAP_METADATA_PRESENT_RUNTIME_SUPPORT_NOT_CERTIFIED,true,NO_DUPLICATE_SESSION_ID_FROZEN_SOURCE_ALIASES_CANONICALIZED,CANDIDATE_POOL_ONLY_NO_FINAL_V_OR_C_RESERVATION,AMBIGUOUS_EXECUTION_INITIAL_STATE_NOT_BOUND,AMBIGUOUS_OFFICIAL_NATIVE_ROUTE_NOT_BOUND,AMBIGUOUS_EXECUTION_EXTRACTION_NOT_BOUND,BLOCKED_PRODUCTION_CALLBACK_CHAIN_NOT_BOUND,AMBIGUOUS_METADATA_INCOMPLETE,COMPLETE,INCOMPLETE_PRECONTEXT_AND_EXECUTION_BINDING,BLOCKED_SHARED_ENGINEERING_CONTRACT,NOT_CERTIFIED,2021.08.23.18.16.02_veh-42
2021.08.23.18.22.47_veh-45,COMPLETE_UNIQUE_FROZEN_SESSION_KEY,E1_UNRELATED_HISTORICAL_USE,CANDIDATE,true,true,false,6,COMPLETE_FROZEN_LOG_KEYS,25883,COMPLETE_FROZEN_COUNT_AND_HASH,COMPLETE_LOG_ACQUISITION_TIMESTAMP,us-pa-pittsburgh-hazelwood,MAP_METADATA_PRESENT_RUNTIME_SUPPORT_NOT_CERTIFIED,true,NO_DUPLICATE_SESSION_ID_FROZEN_SOURCE_ALIASES_CANONICALIZED,CANDIDATE_POOL_ONLY_NO_FINAL_V_OR_C_RESERVATION,AMBIGUOUS_EXECUTION_INITIAL_STATE_NOT_BOUND,AMBIGUOUS_OFFICIAL_NATIVE_ROUTE_NOT_BOUND,AMBIGUOUS_EXECUTION_EXTRACTION_NOT_BOUND,BLOCKED_PRODUCTION_CALLBACK_CHAIN_NOT_BOUND,AMBIGUOUS_METADATA_INCOMPLETE,COMPLETE,INCOMPLETE_PRECONTEXT_AND_EXECUTION_BINDING,BLOCKED_SHARED_ENGINEERING_CONTRACT,NOT_CERTIFIED,2021.08.23.18.22.47_veh-45
2021.08.23.19.08.29_veh-42,COMPLETE_UNIQUE_FROZEN_SESSION_KEY,E1_UNRELATED_HISTORICAL_USE,CANDIDATE,true,true,false,5,COMPLETE_FROZEN_LOG_KEYS,26707,COMPLETE_FROZEN_COUNT_AND_HASH,COMPLETE_LOG_ACQUISITION_TIMESTAMP,us-pa-pittsburgh-hazelwood,MAP_METADATA_PRESENT_RUNTIME_SUPPORT_NOT_CERTIFIED,true,NO_DUPLICATE_SESSION_ID_FROZEN_SOURCE_ALIASES_CANONICALIZED,CANDIDATE_POOL_ONLY_NO_FINAL_V_OR_C_RESERVATION,AMBIGUOUS_EXECUTION_INITIAL_STATE_NOT_BOUND,AMBIGUOUS_OFFICIAL_NATIVE_ROUTE_NOT_BOUND,AMBIGUOUS_EXECUTION_EXTRACTION_NOT_BOUND,BLOCKED_PRODUCTION_CALLBACK_CHAIN_NOT_BOUND,AMBIGUOUS_METADATA_INCOMPLETE,COMPLETE,INCOMPLETE_PRECONTEXT_AND_EXECUTION_BINDING,BLOCKED_SHARED_ENGINEERING_CONTRACT,NOT_CERTIFIED,2021.08.23.19.08.29_veh-42
2021.08.23.19.12.30_veh-45,COMPLETE_UNIQUE_FROZEN_SESSION_KEY,E1_UNRELATED_HISTORICAL_USE,CANDIDATE,true,true,false,8,COMPLETE_FROZEN_LOG_KEYS,28007,COMPLETE_FROZEN_COUNT_AND_HASH,COMPLETE_LOG_ACQUISITION_TIMESTAMP,us-pa-pittsburgh-hazelwood,MAP_METADATA_PRESENT_RUNTIME_SUPPORT_NOT_CERTIFIED,true,NO_DUPLICATE_SESSION_ID_FROZEN_SOURCE_ALIASES_CANONICALIZED,CANDIDATE_POOL_ONLY_NO_FINAL_V_OR_C_RESERVATION,AMBIGUOUS_EXECUTION_INITIAL_STATE_NOT_BOUND,AMBIGUOUS_OFFICIAL_NATIVE_ROUTE_NOT_BOUND,AMBIGUOUS_EXECUTION_EXTRACTION_NOT_BOUND,BLOCKED_PRODUCTION_CALLBACK_CHAIN_NOT_BOUND,AMBIGUOUS_METADATA_INCOMPLETE,COMPLETE,INCOMPLETE_PRECONTEXT_AND_EXECUTION_BINDING,BLOCKED_SHARED_ENGINEERING_CONTRACT,NOT_CERTIFIED,2021.08.23.19.12.30_veh-45
2021.08.23.19.33.55_veh-08,COMPLETE_UNIQUE_FROZEN_SESSION_KEY,E1_UNRELATED_HISTORICAL_USE,CANDIDATE,true,true,false,7,COMPLETE_FROZEN_LOG_KEYS,23449,COMPLETE_FROZEN_COUNT_AND_HASH,COMPLETE_LOG_ACQUISITION_TIMESTAMP,us-pa-pittsburgh-hazelwood,MAP_METADATA_PRESENT_RUNTIME_SUPPORT_NOT_CERTIFIED,true,NO_DUPLICATE_SESSION_ID_FROZEN_SOURCE_ALIASES_CANONICALIZED,CANDIDATE_POOL_ONLY_NO_FINAL_V_OR_C_RESERVATION,AMBIGUOUS_EXECUTION_INITIAL_STATE_NOT_BOUND,AMBIGUOUS_OFFICIAL_NATIVE_ROUTE_NOT_BOUND,AMBIGUOUS_EXECUTION_EXTRACTION_NOT_BOUND,BLOCKED_PRODUCTION_CALLBACK_CHAIN_NOT_BOUND,AMBIGUOUS_METADATA_INCOMPLETE,COMPLETE,INCOMPLETE_PRECONTEXT_AND_EXECUTION_BINDING,BLOCKED_SHARED_ENGINEERING_CONTRACT,NOT_CERTIFIED,2021.08.23.19.33.55_veh-08
2021.08.23.19.47.22_veh-42,COMPLETE_UNIQUE_FROZEN_SESSION_KEY,E1_UNRELATED_HISTORICAL_USE,CANDIDATE,true,true,false,7,COMPLETE_FROZEN_LOG_KEYS,25922,COMPLETE_FROZEN_COUNT_AND_HASH,COMPLETE_LOG_ACQUISITION_TIMESTAMP,us-pa-pittsburgh-hazelwood,MAP_METADATA_PRESENT_RUNTIME_SUPPORT_NOT_CERTIFIED,true,NO_DUPLICATE_SESSION_ID_FROZEN_SOURCE_ALIASES_CANONICALIZED,CANDIDATE_POOL_ONLY_NO_FINAL_V_OR_C_RESERVATION,AMBIGUOUS_EXECUTION_INITIAL_STATE_NOT_BOUND,AMBIGUOUS_OFFICIAL_NATIVE_ROUTE_NOT_BOUND,AMBIGUOUS_EXECUTION_EXTRACTION_NOT_BOUND,BLOCKED_PRODUCTION_CALLBACK_CHAIN_NOT_BOUND,AMBIGUOUS_METADATA_INCOMPLETE,COMPLETE,INCOMPLETE_PRECONTEXT_AND_EXECUTION_BINDING,BLOCKED_SHARED_ENGINEERING_CONTRACT,NOT_CERTIFIED,2021.08.23.19.47.22_veh-42
2021.08.23.20.15.12_veh-45,COMPLETE_UNIQUE_FROZEN_SESSION_KEY,E1_UNRELATED_HISTORICAL_USE,CANDIDATE,true,true,false,7,COMPLETE_FROZEN_LOG_KEYS,16885,COMPLETE_FROZEN_COUNT_AND_HASH,COMPLETE_LOG_ACQUISITION_TIMESTAMP,us-pa-pittsburgh-hazelwood,MAP_METADATA_PRESENT_RUNTIME_SUPPORT_NOT_CERTIFIED,true,NO_DUPLICATE_SESSION_ID_FROZEN_SOURCE_ALIASES_CANONICALIZED,CANDIDATE_POOL_ONLY_NO_FINAL_V_OR_C_RESERVATION,AMBIGUOUS_EXECUTION_INITIAL_STATE_NOT_BOUND,AMBIGUOUS_OFFICIAL_NATIVE_ROUTE_NOT_BOUND,AMBIGUOUS_EXECUTION_EXTRACTION_NOT_BOUND,BLOCKED_PRODUCTION_CALLBACK_CHAIN_NOT_BOUND,AMBIGUOUS_METADATA_INCOMPLETE,COMPLETE,INCOMPLETE_PRECONTEXT_AND_EXECUTION_BINDING,BLOCKED_SHARED_ENGINEERING_CONTRACT,NOT_CERTIFIED,2021.08.23.20.15.12_veh-45
2021.08.24.13.12.55_veh-45,COMPLETE_UNIQUE_FROZEN_SESSION_KEY,E5_UNTOUCHED_CONFIRMATORY,CANDIDATE,true,true,true,1,COMPLETE_FROZEN_LOG_KEYS,1291,COMPLETE_FROZEN_COUNT_AND_HASH,COMPLETE_LOG_ACQUISITION_TIMESTAMP,us-pa-pittsburgh-hazelwood,MAP_METADATA_PRESENT_RUNTIME_SUPPORT_NOT_CERTIFIED,true,NO_DUPLICATE_SESSION_ID_FROZEN_SOURCE_ALIASES_CANONICALIZED,CANDIDATE_POOL_ONLY_NO_FINAL_V_OR_C_RESERVATION,AMBIGUOUS_EXECUTION_INITIAL_STATE_NOT_BOUND,AMBIGUOUS_OFFICIAL_NATIVE_ROUTE_NOT_BOUND,AMBIGUOUS_EXECUTION_EXTRACTION_NOT_BOUND,BLOCKED_PRODUCTION_CALLBACK_CHAIN_NOT_BOUND,AMBIGUOUS_METADATA_INCOMPLETE,COMPLETE,INCOMPLETE_PRECONTEXT_AND_EXECUTION_BINDING,BLOCKED_SHARED_ENGINEERING_CONTRACT,NOT_CERTIFIED,2021.08.24.13.12.55_veh-45
2021.08.25.13.09.17_veh-08,COMPLETE_UNIQUE_FROZEN_SESSION_KEY,E2_BENCHMARK_ENGINEERING,CANDIDATE,false,true,false,12,COMPLETE_FROZEN_LOG_KEYS,40229,COMPLETE_FROZEN_COUNT_AND_HASH,COMPLETE_LOG_ACQUISITION_TIMESTAMP,us-pa-pittsburgh-hazelwood,MAP_METADATA_PRESENT_RUNTIME_SUPPORT_NOT_CERTIFIED,true,NO_DUPLICATE_SESSION_ID_FROZEN_SOURCE_ALIASES_CANONICALIZED,CANDIDATE_POOL_ONLY_NO_FINAL_V_OR_C_RESERVATION,AMBIGUOUS_EXECUTION_INITIAL_STATE_NOT_BOUND,AMBIGUOUS_OFFICIAL_NATIVE_ROUTE_NOT_BOUND,AMBIGUOUS_EXECUTION_EXTRACTION_NOT_BOUND,BLOCKED_PRODUCTION_CALLBACK_CHAIN_NOT_BOUND,AMBIGUOUS_METADATA_INCOMPLETE,COMPLETE,INCOMPLETE_PRECONTEXT_AND_EXECUTION_BINDING,BLOCKED_SHARED_ENGINEERING_CONTRACT,NOT_CERTIFIED,2021.08.25.13.09.17_veh-08
2021.08.25.14.12.46_veh-08,COMPLETE_UNIQUE_FROZEN_SESSION_KEY,E1_UNRELATED_HISTORICAL_USE,CANDIDATE,true,true,false,14,COMPLETE_FROZEN_LOG_KEYS,35651,COMPLETE_FROZEN_COUNT_AND_HASH,COMPLETE_LOG_ACQUISITION_TIMESTAMP,us-pa-pittsburgh-hazelwood,MAP_METADATA_PRESENT_RUNTIME_SUPPORT_NOT_CERTIFIED,true,NO_DUPLICATE_SESSION_ID_FROZEN_SOURCE_ALIASES_CANONICALIZED,CANDIDATE_POOL_ONLY_NO_FINAL_V_OR_C_RESERVATION,AMBIGUOUS_EXECUTION_INITIAL_STATE_NOT_BOUND,AMBIGUOUS_OFFICIAL_NATIVE_ROUTE_NOT_BOUND,AMBIGUOUS_EXECUTION_EXTRACTION_NOT_BOUND,BLOCKED_PRODUCTION_CALLBACK_CHAIN_NOT_BOUND,AMBIGUOUS_METADATA_INCOMPLETE,COMPLETE,INCOMPLETE_PRECONTEXT_AND_EXECUTION_BINDING,BLOCKED_SHARED_ENGINEERING_CONTRACT,NOT_CERTIFIED,2021.08.25.14.12.46_veh-08
2021.08.25.14.46.50_veh-45,COMPLETE_UNIQUE_FROZEN_SESSION_KEY,E2_BENCHMARK_ENGINEERING,CANDIDATE,false,true,false,11,COMPLETE_FROZEN_LOG_KEYS,22933,COMPLETE_FROZEN_COUNT_AND_HASH,COMPLETE_LOG_ACQUISITION_TIMESTAMP,us-pa-pittsburgh-hazelwood,MAP_METADATA_PRESENT_RUNTIME_SUPPORT_NOT_CERTIFIED,true,NO_DUPLICATE_SESSION_ID_FROZEN_SOURCE_ALIASES_CANONICALIZED,CANDIDATE_POOL_ONLY_NO_FINAL_V_OR_C_RESERVATION,AMBIGUOUS_EXECUTION_INITIAL_STATE_NOT_BOUND,AMBIGUOUS_OFFICIAL_NATIVE_ROUTE_NOT_BOUND,AMBIGUOUS_EXECUTION_EXTRACTION_NOT_BOUND,BLOCKED_PRODUCTION_CALLBACK_CHAIN_NOT_BOUND,AMBIGUOUS_METADATA_INCOMPLETE,COMPLETE,INCOMPLETE_PRECONTEXT_AND_EXECUTION_BINDING,BLOCKED_SHARED_ENGINEERING_CONTRACT,NOT_CERTIFIED,2021.08.25.14.46.50_veh-45
2021.08.25.17.10.24_veh-45,COMPLETE_UNIQUE_FROZEN_SESSION_KEY,E1_UNRELATED_HISTORICAL_USE,CANDIDATE,true,true,false,10,COMPLETE_FROZEN_LOG_KEYS,37613,COMPLETE_FROZEN_COUNT_AND_HASH,COMPLETE_LOG_ACQUISITION_TIMESTAMP,us-pa-pittsburgh-hazelwood,MAP_METADATA_PRESENT_RUNTIME_SUPPORT_NOT_CERTIFIED,true,NO_DUPLICATE_SESSION_ID_FROZEN_SOURCE_ALIASES_CANONICALIZED,CANDIDATE_POOL_ONLY_NO_FINAL_V_OR_C_RESERVATION,AMBIGUOUS_EXECUTION_INITIAL_STATE_NOT_BOUND,AMBIGUOUS_OFFICIAL_NATIVE_ROUTE_NOT_BOUND,AMBIGUOUS_EXECUTION_EXTRACTION_NOT_BOUND,BLOCKED_PRODUCTION_CALLBACK_CHAIN_NOT_BOUND,AMBIGUOUS_METADATA_INCOMPLETE,COMPLETE,INCOMPLETE_PRECONTEXT_AND_EXECUTION_BINDING,BLOCKED_SHARED_ENGINEERING_CONTRACT,NOT_CERTIFIED,2021.08.25.17.10.24_veh-45
2021.08.25.17.17.57_veh-42,COMPLETE_UNIQUE_FROZEN_SESSION_KEY,E2_BENCHMARK_ENGINEERING,CANDIDATE,false,true,false,4,COMPLETE_FROZEN_LOG_KEYS,18507,COMPLETE_FROZEN_COUNT_AND_HASH,COMPLETE_LOG_ACQUISITION_TIMESTAMP,us-pa-pittsburgh-hazelwood,MAP_METADATA_PRESENT_RUNTIME_SUPPORT_NOT_CERTIFIED,true,NO_DUPLICATE_SESSION_ID_FROZEN_SOURCE_ALIASES_CANONICALIZED,CANDIDATE_POOL_ONLY_NO_FINAL_V_OR_C_RESERVATION,AMBIGUOUS_EXECUTION_INITIAL_STATE_NOT_BOUND,AMBIGUOUS_OFFICIAL_NATIVE_ROUTE_NOT_BOUND,AMBIGUOUS_EXECUTION_EXTRACTION_NOT_BOUND,BLOCKED_PRODUCTION_CALLBACK_CHAIN_NOT_BOUND,AMBIGUOUS_METADATA_INCOMPLETE,COMPLETE,INCOMPLETE_PRECONTEXT_AND_EXECUTION_BINDING,BLOCKED_SHARED_ENGINEERING_CONTRACT,NOT_CERTIFIED,2021.08.25.17.17.57_veh-42
2021.08.25.17.54.16_veh-42,COMPLETE_UNIQUE_FROZEN_SESSION_KEY,E1_UNRELATED_HISTORICAL_USE,CANDIDATE,true,true,false,6,COMPLETE_FROZEN_LOG_KEYS,19933,COMPLETE_FROZEN_COUNT_AND_HASH,COMPLETE_LOG_ACQUISITION_TIMESTAMP,us-pa-pittsburgh-hazelwood,MAP_METADATA_PRESENT_RUNTIME_SUPPORT_NOT_CERTIFIED,true,NO_DUPLICATE_SESSION_ID_FROZEN_SOURCE_ALIASES_CANONICALIZED,CANDIDATE_POOL_ONLY_NO_FINAL_V_OR_C_RESERVATION,AMBIGUOUS_EXECUTION_INITIAL_STATE_NOT_BOUND,AMBIGUOUS_OFFICIAL_NATIVE_ROUTE_NOT_BOUND,AMBIGUOUS_EXECUTION_EXTRACTION_NOT_BOUND,BLOCKED_PRODUCTION_CALLBACK_CHAIN_NOT_BOUND,AMBIGUOUS_METADATA_INCOMPLETE,COMPLETE,INCOMPLETE_PRECONTEXT_AND_EXECUTION_BINDING,BLOCKED_SHARED_ENGINEERING_CONTRACT,NOT_CERTIFIED,2021.08.25.17.54.16_veh-42
2021.08.25.18.07.15_veh-45,COMPLETE_UNIQUE_FROZEN_SESSION_KEY,E1_UNRELATED_HISTORICAL_USE,CANDIDATE,true,true,false,10,COMPLETE_FROZEN_LOG_KEYS,34957,COMPLETE_FROZEN_COUNT_AND_HASH,COMPLETE_LOG_ACQUISITION_TIMESTAMP,us-pa-pittsburgh-hazelwood,MAP_METADATA_PRESENT_RUNTIME_SUPPORT_NOT_CERTIFIED,true,NO_DUPLICATE_SESSION_ID_FROZEN_SOURCE_ALIASES_CANONICALIZED,CANDIDATE_POOL_ONLY_NO_FINAL_V_OR_C_RESERVATION,AMBIGUOUS_EXECUTION_INITIAL_STATE_NOT_BOUND,AMBIGUOUS_OFFICIAL_NATIVE_ROUTE_NOT_BOUND,AMBIGUOUS_EXECUTION_EXTRACTION_NOT_BOUND,BLOCKED_PRODUCTION_CALLBACK_CHAIN_NOT_BOUND,AMBIGUOUS_METADATA_INCOMPLETE,COMPLETE,INCOMPLETE_PRECONTEXT_AND_EXECUTION_BINDING,BLOCKED_SHARED_ENGINEERING_CONTRACT,NOT_CERTIFIED,2021.08.25.18.07.15_veh-45
2021.08.25.18.29.43_veh-42,COMPLETE_UNIQUE_FROZEN_SESSION_KEY,E1_UNRELATED_HISTORICAL_USE,CANDIDATE,true,true,false,7,COMPLETE_FROZEN_LOG_KEYS,21750,COMPLETE_FROZEN_COUNT_AND_HASH,COMPLETE_LOG_ACQUISITION_TIMESTAMP,us-pa-pittsburgh-hazelwood,MAP_METADATA_PRESENT_RUNTIME_SUPPORT_NOT_CERTIFIED,true,NO_DUPLICATE_SESSION_ID_FROZEN_SOURCE_ALIASES_CANONICALIZED,CANDIDATE_POOL_ONLY_NO_FINAL_V_OR_C_RESERVATION,AMBIGUOUS_EXECUTION_INITIAL_STATE_NOT_BOUND,AMBIGUOUS_OFFICIAL_NATIVE_ROUTE_NOT_BOUND,AMBIGUOUS_EXECUTION_EXTRACTION_NOT_BOUND,BLOCKED_PRODUCTION_CALLBACK_CHAIN_NOT_BOUND,AMBIGUOUS_METADATA_INCOMPLETE,COMPLETE,INCOMPLETE_PRECONTEXT_AND_EXECUTION_BINDING,BLOCKED_SHARED_ENGINEERING_CONTRACT,NOT_CERTIFIED,2021.08.25.18.29.43_veh-42
2021.08.25.19.06.07_veh-42,COMPLETE_UNIQUE_FROZEN_SESSION_KEY,E1_UNRELATED_HISTORICAL_USE,CANDIDATE,true,true,false,5,COMPLETE_FROZEN_LOG_KEYS,18522,COMPLETE_FROZEN_COUNT_AND_HASH,COMPLETE_LOG_ACQUISITION_TIMESTAMP,us-pa-pittsburgh-hazelwood,MAP_METADATA_PRESENT_RUNTIME_SUPPORT_NOT_CERTIFIED,true,NO_DUPLICATE_SESSION_ID_FROZEN_SOURCE_ALIASES_CANONICALIZED,CANDIDATE_POOL_ONLY_NO_FINAL_V_OR_C_RESERVATION,AMBIGUOUS_EXECUTION_INITIAL_STATE_NOT_BOUND,AMBIGUOUS_OFFICIAL_NATIVE_ROUTE_NOT_BOUND,AMBIGUOUS_EXECUTION_EXTRACTION_NOT_BOUND,BLOCKED_PRODUCTION_CALLBACK_CHAIN_NOT_BOUND,AMBIGUOUS_METADATA_INCOMPLETE,COMPLETE,INCOMPLETE_PRECONTEXT_AND_EXECUTION_BINDING,BLOCKED_SHARED_ENGINEERING_CONTRACT,NOT_CERTIFIED,2021.08.25.19.06.07_veh-42
2021.08.25.19.15.01_veh-45,COMPLETE_UNIQUE_FROZEN_SESSION_KEY,E2_BENCHMARK_ENGINEERING,CANDIDATE,false,true,false,8,COMPLETE_FROZEN_LOG_KEYS,29520,COMPLETE_FROZEN_COUNT_AND_HASH,COMPLETE_LOG_ACQUISITION_TIMESTAMP,us-pa-pittsburgh-hazelwood,MAP_METADATA_PRESENT_RUNTIME_SUPPORT_NOT_CERTIFIED,true,NO_DUPLICATE_SESSION_ID_FROZEN_SOURCE_ALIASES_CANONICALIZED,CANDIDATE_POOL_ONLY_NO_FINAL_V_OR_C_RESERVATION,AMBIGUOUS_EXECUTION_INITIAL_STATE_NOT_BOUND,AMBIGUOUS_OFFICIAL_NATIVE_ROUTE_NOT_BOUND,AMBIGUOUS_EXECUTION_EXTRACTION_NOT_BOUND,BLOCKED_PRODUCTION_CALLBACK_CHAIN_NOT_BOUND,AMBIGUOUS_METADATA_INCOMPLETE,COMPLETE,INCOMPLETE_PRECONTEXT_AND_EXECUTION_BINDING,BLOCKED_SHARED_ENGINEERING_CONTRACT,NOT_CERTIFIED,2021.08.25.19.15.01_veh-45
2021.08.25.19.30.22_veh-08,COMPLETE_UNIQUE_FROZEN_SESSION_KEY,E1_UNRELATED_HISTORICAL_USE,CANDIDATE,true,true,false,5,COMPLETE_FROZEN_LOG_KEYS,15030,COMPLETE_FROZEN_COUNT_AND_HASH,COMPLETE_LOG_ACQUISITION_TIMESTAMP,us-pa-pittsburgh-hazelwood,MAP_METADATA_PRESENT_RUNTIME_SUPPORT_NOT_CERTIFIED,true,NO_DUPLICATE_SESSION_ID_FROZEN_SOURCE_ALIASES_CANONICALIZED,CANDIDATE_POOL_ONLY_NO_FINAL_V_OR_C_RESERVATION,AMBIGUOUS_EXECUTION_INITIAL_STATE_NOT_BOUND,AMBIGUOUS_OFFICIAL_NATIVE_ROUTE_NOT_BOUND,AMBIGUOUS_EXECUTION_EXTRACTION_NOT_BOUND,BLOCKED_PRODUCTION_CALLBACK_CHAIN_NOT_BOUND,AMBIGUOUS_METADATA_INCOMPLETE,COMPLETE,INCOMPLETE_PRECONTEXT_AND_EXECUTION_BINDING,BLOCKED_SHARED_ENGINEERING_CONTRACT,NOT_CERTIFIED,2021.08.25.19.30.22_veh-08
2021.08.25.19.45.41_veh-42,COMPLETE_UNIQUE_FROZEN_SESSION_KEY,E1_UNRELATED_HISTORICAL_USE,CANDIDATE,true,true,false,6,COMPLETE_FROZEN_LOG_KEYS,19718,COMPLETE_FROZEN_COUNT_AND_HASH,COMPLETE_LOG_ACQUISITION_TIMESTAMP,us-pa-pittsburgh-hazelwood,MAP_METADATA_PRESENT_RUNTIME_SUPPORT_NOT_CERTIFIED,true,NO_DUPLICATE_SESSION_ID_FROZEN_SOURCE_ALIASES_CANONICALIZED,CANDIDATE_POOL_ONLY_NO_FINAL_V_OR_C_RESERVATION,AMBIGUOUS_EXECUTION_INITIAL_STATE_NOT_BOUND,AMBIGUOUS_OFFICIAL_NATIVE_ROUTE_NOT_BOUND,AMBIGUOUS_EXECUTION_EXTRACTION_NOT_BOUND,BLOCKED_PRODUCTION_CALLBACK_CHAIN_NOT_BOUND,AMBIGUOUS_METADATA_INCOMPLETE,COMPLETE,INCOMPLETE_PRECONTEXT_AND_EXECUTION_BINDING,BLOCKED_SHARED_ENGINEERING_CONTRACT,NOT_CERTIFIED,2021.08.25.19.45.41_veh-42
2021.08.25.20.03.09_veh-08,COMPLETE_UNIQUE_FROZEN_SESSION_KEY,E1_UNRELATED_HISTORICAL_USE,CANDIDATE,true,true,false,5,COMPLETE_FROZEN_LOG_KEYS,20662,COMPLETE_FROZEN_COUNT_AND_HASH,COMPLETE_LOG_ACQUISITION_TIMESTAMP,us-pa-pittsburgh-hazelwood,MAP_METADATA_PRESENT_RUNTIME_SUPPORT_NOT_CERTIFIED,true,NO_DUPLICATE_SESSION_ID_FROZEN_SOURCE_ALIASES_CANONICALIZED,CANDIDATE_POOL_ONLY_NO_FINAL_V_OR_C_RESERVATION,AMBIGUOUS_EXECUTION_INITIAL_STATE_NOT_BOUND,AMBIGUOUS_OFFICIAL_NATIVE_ROUTE_NOT_BOUND,AMBIGUOUS_EXECUTION_EXTRACTION_NOT_BOUND,BLOCKED_PRODUCTION_CALLBACK_CHAIN_NOT_BOUND,AMBIGUOUS_METADATA_INCOMPLETE,COMPLETE,INCOMPLETE_PRECONTEXT_AND_EXECUTION_BINDING,BLOCKED_SHARED_ENGINEERING_CONTRACT,NOT_CERTIFIED,2021.08.25.20.03.09_veh-08
2021.08.25.20.03.37_veh-45,COMPLETE_UNIQUE_FROZEN_SESSION_KEY,E2_BENCHMARK_ENGINEERING,CANDIDATE,false,true,false,7,COMPLETE_FROZEN_LOG_KEYS,20452,COMPLETE_FROZEN_COUNT_AND_HASH,COMPLETE_LOG_ACQUISITION_TIMESTAMP,us-pa-pittsburgh-hazelwood,MAP_METADATA_PRESENT_RUNTIME_SUPPORT_NOT_CERTIFIED,true,NO_DUPLICATE_SESSION_ID_FROZEN_SOURCE_ALIASES_CANONICALIZED,CANDIDATE_POOL_ONLY_NO_FINAL_V_OR_C_RESERVATION,AMBIGUOUS_EXECUTION_INITIAL_STATE_NOT_BOUND,AMBIGUOUS_OFFICIAL_NATIVE_ROUTE_NOT_BOUND,AMBIGUOUS_EXECUTION_EXTRACTION_NOT_BOUND,BLOCKED_PRODUCTION_CALLBACK_CHAIN_NOT_BOUND,AMBIGUOUS_METADATA_INCOMPLETE,COMPLETE,INCOMPLETE_PRECONTEXT_AND_EXECUTION_BINDING,BLOCKED_SHARED_ENGINEERING_CONTRACT,NOT_CERTIFIED,2021.08.25.20.03.37_veh-45
2021.08.25.20.20.58_veh-42,COMPLETE_UNIQUE_FROZEN_SESSION_KEY,E1_UNRELATED_HISTORICAL_USE,CANDIDATE,true,true,false,5,COMPLETE_FROZEN_LOG_KEYS,17168,COMPLETE_FROZEN_COUNT_AND_HASH,COMPLETE_LOG_ACQUISITION_TIMESTAMP,us-pa-pittsburgh-hazelwood,MAP_METADATA_PRESENT_RUNTIME_SUPPORT_NOT_CERTIFIED,true,NO_DUPLICATE_SESSION_ID_FROZEN_SOURCE_ALIASES_CANONICALIZED,CANDIDATE_POOL_ONLY_NO_FINAL_V_OR_C_RESERVATION,AMBIGUOUS_EXECUTION_INITIAL_STATE_NOT_BOUND,AMBIGUOUS_OFFICIAL_NATIVE_ROUTE_NOT_BOUND,AMBIGUOUS_EXECUTION_EXTRACTION_NOT_BOUND,BLOCKED_PRODUCTION_CALLBACK_CHAIN_NOT_BOUND,AMBIGUOUS_METADATA_INCOMPLETE,COMPLETE,INCOMPLETE_PRECONTEXT_AND_EXECUTION_BINDING,BLOCKED_SHARED_ENGINEERING_CONTRACT,NOT_CERTIFIED,2021.08.25.20.20.58_veh-42
2021.08.26.14.34.54_veh-08,COMPLETE_UNIQUE_FROZEN_SESSION_KEY,E1_UNRELATED_HISTORICAL_USE,CANDIDATE,true,true,false,8,COMPLETE_FROZEN_LOG_KEYS,23141,COMPLETE_FROZEN_COUNT_AND_HASH,COMPLETE_LOG_ACQUISITION_TIMESTAMP,us-pa-pittsburgh-hazelwood,MAP_METADATA_PRESENT_RUNTIME_SUPPORT_NOT_CERTIFIED,true,NO_DUPLICATE_SESSION_ID_FROZEN_SOURCE_ALIASES_CANONICALIZED,CANDIDATE_POOL_ONLY_NO_FINAL_V_OR_C_RESERVATION,AMBIGUOUS_EXECUTION_INITIAL_STATE_NOT_BOUND,AMBIGUOUS_OFFICIAL_NATIVE_ROUTE_NOT_BOUND,AMBIGUOUS_EXECUTION_EXTRACTION_NOT_BOUND,BLOCKED_PRODUCTION_CALLBACK_CHAIN_NOT_BOUND,AMBIGUOUS_METADATA_INCOMPLETE,COMPLETE,INCOMPLETE_PRECONTEXT_AND_EXECUTION_BINDING,BLOCKED_SHARED_ENGINEERING_CONTRACT,NOT_CERTIFIED,2021.08.26.14.34.54_veh-08
2021.08.26.15.12.21_veh-42,COMPLETE_UNIQUE_FROZEN_SESSION_KEY,E1_UNRELATED_HISTORICAL_USE,CANDIDATE,true,true,false,6,COMPLETE_FROZEN_LOG_KEYS,6748,COMPLETE_FROZEN_COUNT_AND_HASH,COMPLETE_LOG_ACQUISITION_TIMESTAMP,us-pa-pittsburgh-hazelwood,MAP_METADATA_PRESENT_RUNTIME_SUPPORT_NOT_CERTIFIED,true,NO_DUPLICATE_SESSION_ID_FROZEN_SOURCE_ALIASES_CANONICALIZED,CANDIDATE_POOL_ONLY_NO_FINAL_V_OR_C_RESERVATION,AMBIGUOUS_EXECUTION_INITIAL_STATE_NOT_BOUND,AMBIGUOUS_OFFICIAL_NATIVE_ROUTE_NOT_BOUND,AMBIGUOUS_EXECUTION_EXTRACTION_NOT_BOUND,BLOCKED_PRODUCTION_CALLBACK_CHAIN_NOT_BOUND,AMBIGUOUS_METADATA_INCOMPLETE,COMPLETE,INCOMPLETE_PRECONTEXT_AND_EXECUTION_BINDING,BLOCKED_SHARED_ENGINEERING_CONTRACT,NOT_CERTIFIED,2021.08.26.15.12.21_veh-42
2021.08.26.15.22.00_veh-08,COMPLETE_UNIQUE_FROZEN_SESSION_KEY,E1_UNRELATED_HISTORICAL_USE,CANDIDATE,true,true,false,6,COMPLETE_FROZEN_LOG_KEYS,16751,COMPLETE_FROZEN_COUNT_AND_HASH,COMPLETE_LOG_ACQUISITION_TIMESTAMP,us-pa-pittsburgh-hazelwood,MAP_METADATA_PRESENT_RUNTIME_SUPPORT_NOT_CERTIFIED,true,NO_DUPLICATE_SESSION_ID_FROZEN_SOURCE_ALIASES_CANONICALIZED,CANDIDATE_POOL_ONLY_NO_FINAL_V_OR_C_RESERVATION,AMBIGUOUS_EXECUTION_INITIAL_STATE_NOT_BOUND,AMBIGUOUS_OFFICIAL_NATIVE_ROUTE_NOT_BOUND,AMBIGUOUS_EXECUTION_EXTRACTION_NOT_BOUND,BLOCKED_PRODUCTION_CALLBACK_CHAIN_NOT_BOUND,AMBIGUOUS_METADATA_INCOMPLETE,COMPLETE,INCOMPLETE_PRECONTEXT_AND_EXECUTION_BINDING,BLOCKED_SHARED_ENGINEERING_CONTRACT,NOT_CERTIFIED,2021.08.26.15.22.00_veh-08
2021.08.26.17.14.36_veh-08,COMPLETE_UNIQUE_FROZEN_SESSION_KEY,E2_BENCHMARK_ENGINEERING,CANDIDATE,false,true,false,12,COMPLETE_FROZEN_LOG_KEYS,35589,COMPLETE_FROZEN_COUNT_AND_HASH,COMPLETE_LOG_ACQUISITION_TIMESTAMP,us-pa-pittsburgh-hazelwood,MAP_METADATA_PRESENT_RUNTIME_SUPPORT_NOT_CERTIFIED,true,NO_DUPLICATE_SESSION_ID_FROZEN_SOURCE_ALIASES_CANONICALIZED,CANDIDATE_POOL_ONLY_NO_FINAL_V_OR_C_RESERVATION,AMBIGUOUS_EXECUTION_INITIAL_STATE_NOT_BOUND,AMBIGUOUS_OFFICIAL_NATIVE_ROUTE_NOT_BOUND,AMBIGUOUS_EXECUTION_EXTRACTION_NOT_BOUND,BLOCKED_PRODUCTION_CALLBACK_CHAIN_NOT_BOUND,AMBIGUOUS_METADATA_INCOMPLETE,COMPLETE,INCOMPLETE_PRECONTEXT_AND_EXECUTION_BINDING,BLOCKED_SHARED_ENGINEERING_CONTRACT,NOT_CERTIFIED,2021.08.26.17.14.36_veh-08
2021.08.26.18.17.33_veh-08,COMPLETE_UNIQUE_FROZEN_SESSION_KEY,E1_UNRELATED_HISTORICAL_USE,CANDIDATE,true,true,false,3,COMPLETE_FROZEN_LOG_KEYS,12867,COMPLETE_FROZEN_COUNT_AND_HASH,COMPLETE_LOG_ACQUISITION_TIMESTAMP,us-pa-pittsburgh-hazelwood,MAP_METADATA_PRESENT_RUNTIME_SUPPORT_NOT_CERTIFIED,true,NO_DUPLICATE_SESSION_ID_FROZEN_SOURCE_ALIASES_CANONICALIZED,CANDIDATE_POOL_ONLY_NO_FINAL_V_OR_C_RESERVATION,AMBIGUOUS_EXECUTION_INITIAL_STATE_NOT_BOUND,AMBIGUOUS_OFFICIAL_NATIVE_ROUTE_NOT_BOUND,AMBIGUOUS_EXECUTION_EXTRACTION_NOT_BOUND,BLOCKED_PRODUCTION_CALLBACK_CHAIN_NOT_BOUND,AMBIGUOUS_METADATA_INCOMPLETE,COMPLETE,INCOMPLETE_PRECONTEXT_AND_EXECUTION_BINDING,BLOCKED_SHARED_ENGINEERING_CONTRACT,NOT_CERTIFIED,2021.08.26.18.17.33_veh-08
2021.08.27.13.08.25_veh-42,COMPLETE_UNIQUE_FROZEN_SESSION_KEY,E1_UNRELATED_HISTORICAL_USE,CANDIDATE,true,true,false,5,COMPLETE_FROZEN_LOG_KEYS,31947,COMPLETE_FROZEN_COUNT_AND_HASH,COMPLETE_LOG_ACQUISITION_TIMESTAMP,us-pa-pittsburgh-hazelwood,MAP_METADATA_PRESENT_RUNTIME_SUPPORT_NOT_CERTIFIED,true,NO_DUPLICATE_SESSION_ID_FROZEN_SOURCE_ALIASES_CANONICALIZED,CANDIDATE_POOL_ONLY_NO_FINAL_V_OR_C_RESERVATION,AMBIGUOUS_EXECUTION_INITIAL_STATE_NOT_BOUND,AMBIGUOUS_OFFICIAL_NATIVE_ROUTE_NOT_BOUND,AMBIGUOUS_EXECUTION_EXTRACTION_NOT_BOUND,BLOCKED_PRODUCTION_CALLBACK_CHAIN_NOT_BOUND,AMBIGUOUS_METADATA_INCOMPLETE,COMPLETE,INCOMPLETE_PRECONTEXT_AND_EXECUTION_BINDING,BLOCKED_SHARED_ENGINEERING_CONTRACT,NOT_CERTIFIED,2021.08.27.13.08.25_veh-42
2021.08.27.13.48.56_veh-08,COMPLETE_UNIQUE_FROZEN_SESSION_KEY,E1_UNRELATED_HISTORICAL_USE,CANDIDATE,true,true,false,9,COMPLETE_FROZEN_LOG_KEYS,21242,COMPLETE_FROZEN_COUNT_AND_HASH,COMPLETE_LOG_ACQUISITION_TIMESTAMP,us-pa-pittsburgh-hazelwood,MAP_METADATA_PRESENT_RUNTIME_SUPPORT_NOT_CERTIFIED,true,NO_DUPLICATE_SESSION_ID_FROZEN_SOURCE_ALIASES_CANONICALIZED,CANDIDATE_POOL_ONLY_NO_FINAL_V_OR_C_RESERVATION,AMBIGUOUS_EXECUTION_INITIAL_STATE_NOT_BOUND,AMBIGUOUS_OFFICIAL_NATIVE_ROUTE_NOT_BOUND,AMBIGUOUS_EXECUTION_EXTRACTION_NOT_BOUND,BLOCKED_PRODUCTION_CALLBACK_CHAIN_NOT_BOUND,AMBIGUOUS_METADATA_INCOMPLETE,COMPLETE,INCOMPLETE_PRECONTEXT_AND_EXECUTION_BINDING,BLOCKED_SHARED_ENGINEERING_CONTRACT,NOT_CERTIFIED,2021.08.27.13.48.56_veh-08
2021.08.27.14.14.40_veh-45,COMPLETE_UNIQUE_FROZEN_SESSION_KEY,E2_BENCHMARK_ENGINEERING,CANDIDATE,false,true,false,11,COMPLETE_FROZEN_LOG_KEYS,37079,COMPLETE_FROZEN_COUNT_AND_HASH,COMPLETE_LOG_ACQUISITION_TIMESTAMP,us-pa-pittsburgh-hazelwood,MAP_METADATA_PRESENT_RUNTIME_SUPPORT_NOT_CERTIFIED,true,NO_DUPLICATE_SESSION_ID_FROZEN_SOURCE_ALIASES_CANONICALIZED,CANDIDATE_POOL_ONLY_NO_FINAL_V_OR_C_RESERVATION,AMBIGUOUS_EXECUTION_INITIAL_STATE_NOT_BOUND,AMBIGUOUS_OFFICIAL_NATIVE_ROUTE_NOT_BOUND,AMBIGUOUS_EXECUTION_EXTRACTION_NOT_BOUND,BLOCKED_PRODUCTION_CALLBACK_CHAIN_NOT_BOUND,AMBIGUOUS_METADATA_INCOMPLETE,COMPLETE,INCOMPLETE_PRECONTEXT_AND_EXECUTION_BINDING,BLOCKED_SHARED_ENGINEERING_CONTRACT,NOT_CERTIFIED,2021.08.27.14.14.40_veh-45
2021.08.27.14.24.38_veh-42,COMPLETE_UNIQUE_FROZEN_SESSION_KEY,E2_BENCHMARK_ENGINEERING,CANDIDATE,false,true,false,6,COMPLETE_FROZEN_LOG_KEYS,28603,COMPLETE_FROZEN_COUNT_AND_HASH,COMPLETE_LOG_ACQUISITION_TIMESTAMP,us-pa-pittsburgh-hazelwood,MAP_METADATA_PRESENT_RUNTIME_SUPPORT_NOT_CERTIFIED,true,NO_DUPLICATE_SESSION_ID_FROZEN_SOURCE_ALIASES_CANONICALIZED,CANDIDATE_POOL_ONLY_NO_FINAL_V_OR_C_RESERVATION,AMBIGUOUS_EXECUTION_INITIAL_STATE_NOT_BOUND,AMBIGUOUS_OFFICIAL_NATIVE_ROUTE_NOT_BOUND,AMBIGUOUS_EXECUTION_EXTRACTION_NOT_BOUND,BLOCKED_PRODUCTION_CALLBACK_CHAIN_NOT_BOUND,AMBIGUOUS_METADATA_INCOMPLETE,COMPLETE,INCOMPLETE_PRECONTEXT_AND_EXECUTION_BINDING,BLOCKED_SHARED_ENGINEERING_CONTRACT,NOT_CERTIFIED,2021.08.27.14.24.38_veh-42
2021.08.27.14.37.47_veh-08,COMPLETE_UNIQUE_FROZEN_SESSION_KEY,E1_UNRELATED_HISTORICAL_USE,CANDIDATE,true,true,false,12,COMPLETE_FROZEN_LOG_KEYS,27434,COMPLETE_FROZEN_COUNT_AND_HASH,COMPLETE_LOG_ACQUISITION_TIMESTAMP,us-pa-pittsburgh-hazelwood,MAP_METADATA_PRESENT_RUNTIME_SUPPORT_NOT_CERTIFIED,true,NO_DUPLICATE_SESSION_ID_FROZEN_SOURCE_ALIASES_CANONICALIZED,CANDIDATE_POOL_ONLY_NO_FINAL_V_OR_C_RESERVATION,AMBIGUOUS_EXECUTION_INITIAL_STATE_NOT_BOUND,AMBIGUOUS_OFFICIAL_NATIVE_ROUTE_NOT_BOUND,AMBIGUOUS_EXECUTION_EXTRACTION_NOT_BOUND,BLOCKED_PRODUCTION_CALLBACK_CHAIN_NOT_BOUND,AMBIGUOUS_METADATA_INCOMPLETE,COMPLETE,INCOMPLETE_PRECONTEXT_AND_EXECUTION_BINDING,BLOCKED_SHARED_ENGINEERING_CONTRACT,NOT_CERTIFIED,2021.08.27.14.37.47_veh-08
2021.08.27.16.43.13_veh-08,COMPLETE_UNIQUE_FROZEN_SESSION_KEY,E5_UNTOUCHED_CONFIRMATORY,CANDIDATE,true,true,true,6,COMPLETE_FROZEN_LOG_KEYS,14150,COMPLETE_FROZEN_COUNT_AND_HASH,COMPLETE_LOG_ACQUISITION_TIMESTAMP,us-pa-pittsburgh-hazelwood,MAP_METADATA_PRESENT_RUNTIME_SUPPORT_NOT_CERTIFIED,true,NO_DUPLICATE_SESSION_ID_FROZEN_SOURCE_ALIASES_CANONICALIZED,CANDIDATE_POOL_ONLY_NO_FINAL_V_OR_C_RESERVATION,AMBIGUOUS_EXECUTION_INITIAL_STATE_NOT_BOUND,AMBIGUOUS_OFFICIAL_NATIVE_ROUTE_NOT_BOUND,AMBIGUOUS_EXECUTION_EXTRACTION_NOT_BOUND,BLOCKED_PRODUCTION_CALLBACK_CHAIN_NOT_BOUND,AMBIGUOUS_METADATA_INCOMPLETE,COMPLETE,INCOMPLETE_PRECONTEXT_AND_EXECUTION_BINDING,BLOCKED_SHARED_ENGINEERING_CONTRACT,NOT_CERTIFIED,2021.08.27.16.43.13_veh-08
2021.08.27.16.46.47_veh-45,COMPLETE_UNIQUE_FROZEN_SESSION_KEY,E1_UNRELATED_HISTORICAL_USE,CANDIDATE,true,true,false,6,COMPLETE_FROZEN_LOG_KEYS,33135,COMPLETE_FROZEN_COUNT_AND_HASH,COMPLETE_LOG_ACQUISITION_TIMESTAMP,us-pa-pittsburgh-hazelwood,MAP_METADATA_PRESENT_RUNTIME_SUPPORT_NOT_CERTIFIED,true,NO_DUPLICATE_SESSION_ID_FROZEN_SOURCE_ALIASES_CANONICALIZED,CANDIDATE_POOL_ONLY_NO_FINAL_V_OR_C_RESERVATION,AMBIGUOUS_EXECUTION_INITIAL_STATE_NOT_BOUND,AMBIGUOUS_OFFICIAL_NATIVE_ROUTE_NOT_BOUND,AMBIGUOUS_EXECUTION_EXTRACTION_NOT_BOUND,BLOCKED_PRODUCTION_CALLBACK_CHAIN_NOT_BOUND,AMBIGUOUS_METADATA_INCOMPLETE,COMPLETE,INCOMPLETE_PRECONTEXT_AND_EXECUTION_BINDING,BLOCKED_SHARED_ENGINEERING_CONTRACT,NOT_CERTIFIED,2021.08.27.16.46.47_veh-45
2021.08.30.13.08.03_veh-08,COMPLETE_UNIQUE_FROZEN_SESSION_KEY,E1_UNRELATED_HISTORICAL_USE,CANDIDATE,true,true,false,6,COMPLETE_FROZEN_LOG_KEYS,21882,COMPLETE_FROZEN_COUNT_AND_HASH,COMPLETE_LOG_ACQUISITION_TIMESTAMP,us-pa-pittsburgh-hazelwood,MAP_METADATA_PRESENT_RUNTIME_SUPPORT_NOT_CERTIFIED,true,NO_DUPLICATE_SESSION_ID_FROZEN_SOURCE_ALIASES_CANONICALIZED,CANDIDATE_POOL_ONLY_NO_FINAL_V_OR_C_RESERVATION,AMBIGUOUS_EXECUTION_INITIAL_STATE_NOT_BOUND,AMBIGUOUS_OFFICIAL_NATIVE_ROUTE_NOT_BOUND,AMBIGUOUS_EXECUTION_EXTRACTION_NOT_BOUND,BLOCKED_PRODUCTION_CALLBACK_CHAIN_NOT_BOUND,AMBIGUOUS_METADATA_INCOMPLETE,COMPLETE,INCOMPLETE_PRECONTEXT_AND_EXECUTION_BINDING,BLOCKED_SHARED_ENGINEERING_CONTRACT,NOT_CERTIFIED,2021.08.30.13.08.03_veh-08
2021.08.30.13.47.20_veh-08,COMPLETE_UNIQUE_FROZEN_SESSION_KEY,E1_UNRELATED_HISTORICAL_USE,CANDIDATE,true,true,false,6,COMPLETE_FROZEN_LOG_KEYS,22232,COMPLETE_FROZEN_COUNT_AND_HASH,COMPLETE_LOG_ACQUISITION_TIMESTAMP,us-pa-pittsburgh-hazelwood,MAP_METADATA_PRESENT_RUNTIME_SUPPORT_NOT_CERTIFIED,true,NO_DUPLICATE_SESSION_ID_FROZEN_SOURCE_ALIASES_CANONICALIZED,CANDIDATE_POOL_ONLY_NO_FINAL_V_OR_C_RESERVATION,AMBIGUOUS_EXECUTION_INITIAL_STATE_NOT_BOUND,AMBIGUOUS_OFFICIAL_NATIVE_ROUTE_NOT_BOUND,AMBIGUOUS_EXECUTION_EXTRACTION_NOT_BOUND,BLOCKED_PRODUCTION_CALLBACK_CHAIN_NOT_BOUND,AMBIGUOUS_METADATA_INCOMPLETE,COMPLETE,INCOMPLETE_PRECONTEXT_AND_EXECUTION_BINDING,BLOCKED_SHARED_ENGINEERING_CONTRACT,NOT_CERTIFIED,2021.08.30.13.47.20_veh-08
2021.08.30.14.29.08_veh-45,COMPLETE_UNIQUE_FROZEN_SESSION_KEY,E2_BENCHMARK_ENGINEERING,CANDIDATE,false,true,false,11,COMPLETE_FROZEN_LOG_KEYS,31174,COMPLETE_FROZEN_COUNT_AND_HASH,COMPLETE_LOG_ACQUISITION_TIMESTAMP,us-pa-pittsburgh-hazelwood,MAP_METADATA_PRESENT_RUNTIME_SUPPORT_NOT_CERTIFIED,true,NO_DUPLICATE_SESSION_ID_FROZEN_SOURCE_ALIASES_CANONICALIZED,CANDIDATE_POOL_ONLY_NO_FINAL_V_OR_C_RESERVATION,AMBIGUOUS_EXECUTION_INITIAL_STATE_NOT_BOUND,AMBIGUOUS_OFFICIAL_NATIVE_ROUTE_NOT_BOUND,AMBIGUOUS_EXECUTION_EXTRACTION_NOT_BOUND,BLOCKED_PRODUCTION_CALLBACK_CHAIN_NOT_BOUND,AMBIGUOUS_METADATA_INCOMPLETE,COMPLETE,INCOMPLETE_PRECONTEXT_AND_EXECUTION_BINDING,BLOCKED_SHARED_ENGINEERING_CONTRACT,NOT_CERTIFIED,2021.08.30.14.29.08_veh-45
2021.08.30.14.36.46_veh-08,COMPLETE_UNIQUE_FROZEN_SESSION_KEY,E2_BENCHMARK_ENGINEERING,CANDIDATE,false,true,false,3,COMPLETE_FROZEN_LOG_KEYS,16477,COMPLETE_FROZEN_COUNT_AND_HASH,COMPLETE_LOG_ACQUISITION_TIMESTAMP,us-pa-pittsburgh-hazelwood,MAP_METADATA_PRESENT_RUNTIME_SUPPORT_NOT_CERTIFIED,true,NO_DUPLICATE_SESSION_ID_FROZEN_SOURCE_ALIASES_CANONICALIZED,CANDIDATE_POOL_ONLY_NO_FINAL_V_OR_C_RESERVATION,AMBIGUOUS_EXECUTION_INITIAL_STATE_NOT_BOUND,AMBIGUOUS_OFFICIAL_NATIVE_ROUTE_NOT_BOUND,AMBIGUOUS_EXECUTION_EXTRACTION_NOT_BOUND,BLOCKED_PRODUCTION_CALLBACK_CHAIN_NOT_BOUND,AMBIGUOUS_METADATA_INCOMPLETE,COMPLETE,INCOMPLETE_PRECONTEXT_AND_EXECUTION_BINDING,BLOCKED_SHARED_ENGINEERING_CONTRACT,NOT_CERTIFIED,2021.08.30.14.36.46_veh-08
2021.08.30.14.41.24_veh-42,COMPLETE_UNIQUE_FROZEN_SESSION_KEY,E1_UNRELATED_HISTORICAL_USE,CANDIDATE,true,true,false,1,COMPLETE_FROZEN_LOG_KEYS,912,COMPLETE_FROZEN_COUNT_AND_HASH,COMPLETE_LOG_ACQUISITION_TIMESTAMP,us-pa-pittsburgh-hazelwood,MAP_METADATA_PRESENT_RUNTIME_SUPPORT_NOT_CERTIFIED,true,NO_DUPLICATE_SESSION_ID_FROZEN_SOURCE_ALIASES_CANONICALIZED,CANDIDATE_POOL_ONLY_NO_FINAL_V_OR_C_RESERVATION,AMBIGUOUS_EXECUTION_INITIAL_STATE_NOT_BOUND,AMBIGUOUS_OFFICIAL_NATIVE_ROUTE_NOT_BOUND,AMBIGUOUS_EXECUTION_EXTRACTION_NOT_BOUND,BLOCKED_PRODUCTION_CALLBACK_CHAIN_NOT_BOUND,AMBIGUOUS_METADATA_INCOMPLETE,COMPLETE,INCOMPLETE_PRECONTEXT_AND_EXECUTION_BINDING,BLOCKED_SHARED_ENGINEERING_CONTRACT,NOT_CERTIFIED,2021.08.30.14.41.24_veh-42
2021.08.30.14.54.34_veh-40,COMPLETE_UNIQUE_FROZEN_SESSION_KEY,E3_PRIMARY_METHOD_DEVELOPMENT,EXCLUDED_E3_E4,false,false,false,1,COMPLETE_FROZEN_LOG_KEYS,5908,COMPLETE_FROZEN_COUNT_AND_HASH,COMPLETE_LOG_ACQUISITION_TIMESTAMP,us-ma-boston,NOT_ASSESSED_POLICY_EXCLUDED,true,NO_DUPLICATE_SESSION_ID_FROZEN_SOURCE_ALIASES_CANONICALIZED,DEVELOPMENT_ONLY_EXCLUDED_FROM_PRIMARY_V,NOT_ASSESSED_POLICY_EXCLUDED,NOT_ASSESSED_POLICY_EXCLUDED,NOT_ASSESSED_POLICY_EXCLUDED,NOT_APPLICABLE_POLICY_EXCLUDED,INELIGIBLE_E3_E4,COMPLETE,NOT_APPLICABLE_POLICY_EXCLUDED,NOT_APPLICABLE_POLICY_EXCLUDED,NOT_CERTIFIED,2021.08.30.14.54.34_veh-40
2021.08.30.15.12.56_veh-08,COMPLETE_UNIQUE_FROZEN_SESSION_KEY,E1_UNRELATED_HISTORICAL_USE,CANDIDATE,true,true,false,7,COMPLETE_FROZEN_LOG_KEYS,15341,COMPLETE_FROZEN_COUNT_AND_HASH,COMPLETE_LOG_ACQUISITION_TIMESTAMP,us-pa-pittsburgh-hazelwood,MAP_METADATA_PRESENT_RUNTIME_SUPPORT_NOT_CERTIFIED,true,NO_DUPLICATE_SESSION_ID_FROZEN_SOURCE_ALIASES_CANONICALIZED,CANDIDATE_POOL_ONLY_NO_FINAL_V_OR_C_RESERVATION,AMBIGUOUS_EXECUTION_INITIAL_STATE_NOT_BOUND,AMBIGUOUS_OFFICIAL_NATIVE_ROUTE_NOT_BOUND,AMBIGUOUS_EXECUTION_EXTRACTION_NOT_BOUND,BLOCKED_PRODUCTION_CALLBACK_CHAIN_NOT_BOUND,AMBIGUOUS_METADATA_INCOMPLETE,COMPLETE,INCOMPLETE_PRECONTEXT_AND_EXECUTION_BINDING,BLOCKED_SHARED_ENGINEERING_CONTRACT,NOT_CERTIFIED,2021.08.30.15.12.56_veh-08
2021.08.30.16.39.44_veh-45,COMPLETE_UNIQUE_FROZEN_SESSION_KEY,E1_UNRELATED_HISTORICAL_USE,CANDIDATE,true,true,false,14,COMPLETE_FROZEN_LOG_KEYS,24174,COMPLETE_FROZEN_COUNT_AND_HASH,COMPLETE_LOG_ACQUISITION_TIMESTAMP,us-pa-pittsburgh-hazelwood,MAP_METADATA_PRESENT_RUNTIME_SUPPORT_NOT_CERTIFIED,true,NO_DUPLICATE_SESSION_ID_FROZEN_SOURCE_ALIASES_CANONICALIZED,CANDIDATE_POOL_ONLY_NO_FINAL_V_OR_C_RESERVATION,AMBIGUOUS_EXECUTION_INITIAL_STATE_NOT_BOUND,AMBIGUOUS_OFFICIAL_NATIVE_ROUTE_NOT_BOUND,AMBIGUOUS_EXECUTION_EXTRACTION_NOT_BOUND,BLOCKED_PRODUCTION_CALLBACK_CHAIN_NOT_BOUND,AMBIGUOUS_METADATA_INCOMPLETE,COMPLETE,INCOMPLETE_PRECONTEXT_AND_EXECUTION_BINDING,BLOCKED_SHARED_ENGINEERING_CONTRACT,NOT_CERTIFIED,2021.08.30.16.39.44_veh-45
2021.08.30.17.40.28_veh-45,COMPLETE_UNIQUE_FROZEN_SESSION_KEY,E1_UNRELATED_HISTORICAL_USE,CANDIDATE,true,true,false,9,COMPLETE_FROZEN_LOG_KEYS,26684,COMPLETE_FROZEN_COUNT_AND_HASH,COMPLETE_LOG_ACQUISITION_TIMESTAMP,us-pa-pittsburgh-hazelwood,MAP_METADATA_PRESENT_RUNTIME_SUPPORT_NOT_CERTIFIED,true,NO_DUPLICATE_SESSION_ID_FROZEN_SOURCE_ALIASES_CANONICALIZED,CANDIDATE_POOL_ONLY_NO_FINAL_V_OR_C_RESERVATION,AMBIGUOUS_EXECUTION_INITIAL_STATE_NOT_BOUND,AMBIGUOUS_OFFICIAL_NATIVE_ROUTE_NOT_BOUND,AMBIGUOUS_EXECUTION_EXTRACTION_NOT_BOUND,BLOCKED_PRODUCTION_CALLBACK_CHAIN_NOT_BOUND,AMBIGUOUS_METADATA_INCOMPLETE,COMPLETE,INCOMPLETE_PRECONTEXT_AND_EXECUTION_BINDING,BLOCKED_SHARED_ENGINEERING_CONTRACT,NOT_CERTIFIED,2021.08.30.17.40.28_veh-45
2021.08.30.18.54.11_veh-45,COMPLETE_UNIQUE_FROZEN_SESSION_KEY,E1_UNRELATED_HISTORICAL_USE,CANDIDATE,true,true,false,8,COMPLETE_FROZEN_LOG_KEYS,20842,COMPLETE_FROZEN_COUNT_AND_HASH,COMPLETE_LOG_ACQUISITION_TIMESTAMP,us-pa-pittsburgh-hazelwood,MAP_METADATA_PRESENT_RUNTIME_SUPPORT_NOT_CERTIFIED,true,NO_DUPLICATE_SESSION_ID_FROZEN_SOURCE_ALIASES_CANONICALIZED,CANDIDATE_POOL_ONLY_NO_FINAL_V_OR_C_RESERVATION,AMBIGUOUS_EXECUTION_INITIAL_STATE_NOT_BOUND,AMBIGUOUS_OFFICIAL_NATIVE_ROUTE_NOT_BOUND,AMBIGUOUS_EXECUTION_EXTRACTION_NOT_BOUND,BLOCKED_PRODUCTION_CALLBACK_CHAIN_NOT_BOUND,AMBIGUOUS_METADATA_INCOMPLETE,COMPLETE,INCOMPLETE_PRECONTEXT_AND_EXECUTION_BINDING,BLOCKED_SHARED_ENGINEERING_CONTRACT,NOT_CERTIFIED,2021.08.30.18.54.11_veh-45
2021.08.30.19.47.46_veh-45,COMPLETE_UNIQUE_FROZEN_SESSION_KEY,E2_BENCHMARK_ENGINEERING,CANDIDATE,false,true,false,14,COMPLETE_FROZEN_LOG_KEYS,27745,COMPLETE_FROZEN_COUNT_AND_HASH,COMPLETE_LOG_ACQUISITION_TIMESTAMP,us-pa-pittsburgh-hazelwood,MAP_METADATA_PRESENT_RUNTIME_SUPPORT_NOT_CERTIFIED,true,NO_DUPLICATE_SESSION_ID_FROZEN_SOURCE_ALIASES_CANONICALIZED,CANDIDATE_POOL_ONLY_NO_FINAL_V_OR_C_RESERVATION,AMBIGUOUS_EXECUTION_INITIAL_STATE_NOT_BOUND,AMBIGUOUS_OFFICIAL_NATIVE_ROUTE_NOT_BOUND,AMBIGUOUS_EXECUTION_EXTRACTION_NOT_BOUND,BLOCKED_PRODUCTION_CALLBACK_CHAIN_NOT_BOUND,AMBIGUOUS_METADATA_INCOMPLETE,COMPLETE,INCOMPLETE_PRECONTEXT_AND_EXECUTION_BINDING,BLOCKED_SHARED_ENGINEERING_CONTRACT,NOT_CERTIFIED,2021.08.30.19.47.46_veh-45
2021.08.31.14.55.32_veh-08,COMPLETE_UNIQUE_FROZEN_SESSION_KEY,E2_BENCHMARK_ENGINEERING,CANDIDATE,false,true,false,7,COMPLETE_FROZEN_LOG_KEYS,19879,COMPLETE_FROZEN_COUNT_AND_HASH,COMPLETE_LOG_ACQUISITION_TIMESTAMP,us-pa-pittsburgh-hazelwood,MAP_METADATA_PRESENT_RUNTIME_SUPPORT_NOT_CERTIFIED,true,NO_DUPLICATE_SESSION_ID_FROZEN_SOURCE_ALIASES_CANONICALIZED,CANDIDATE_POOL_ONLY_NO_FINAL_V_OR_C_RESERVATION,AMBIGUOUS_EXECUTION_INITIAL_STATE_NOT_BOUND,AMBIGUOUS_OFFICIAL_NATIVE_ROUTE_NOT_BOUND,AMBIGUOUS_EXECUTION_EXTRACTION_NOT_BOUND,BLOCKED_PRODUCTION_CALLBACK_CHAIN_NOT_BOUND,AMBIGUOUS_METADATA_INCOMPLETE,COMPLETE,INCOMPLETE_PRECONTEXT_AND_EXECUTION_BINDING,BLOCKED_SHARED_ENGINEERING_CONTRACT,NOT_CERTIFIED,2021.08.31.14.55.32_veh-08
2021.09.02.12.54.17_veh-08,COMPLETE_UNIQUE_FROZEN_SESSION_KEY,E2_BENCHMARK_ENGINEERING,CANDIDATE,false,true,false,13,COMPLETE_FROZEN_LOG_KEYS,35173,COMPLETE_FROZEN_COUNT_AND_HASH,COMPLETE_LOG_ACQUISITION_TIMESTAMP,us-pa-pittsburgh-hazelwood,MAP_METADATA_PRESENT_RUNTIME_SUPPORT_NOT_CERTIFIED,true,NO_DUPLICATE_SESSION_ID_FROZEN_SOURCE_ALIASES_CANONICALIZED,CANDIDATE_POOL_ONLY_NO_FINAL_V_OR_C_RESERVATION,AMBIGUOUS_EXECUTION_INITIAL_STATE_NOT_BOUND,AMBIGUOUS_OFFICIAL_NATIVE_ROUTE_NOT_BOUND,AMBIGUOUS_EXECUTION_EXTRACTION_NOT_BOUND,BLOCKED_PRODUCTION_CALLBACK_CHAIN_NOT_BOUND,AMBIGUOUS_METADATA_INCOMPLETE,COMPLETE,INCOMPLETE_PRECONTEXT_AND_EXECUTION_BINDING,BLOCKED_SHARED_ENGINEERING_CONTRACT,NOT_CERTIFIED,2021.09.02.12.54.17_veh-08
2021.09.02.14.10.27_veh-08,COMPLETE_UNIQUE_FROZEN_SESSION_KEY,E2_BENCHMARK_ENGINEERING,CANDIDATE,false,true,false,10,COMPLETE_FROZEN_LOG_KEYS,46024,COMPLETE_FROZEN_COUNT_AND_HASH,COMPLETE_LOG_ACQUISITION_TIMESTAMP,us-pa-pittsburgh-hazelwood,MAP_METADATA_PRESENT_RUNTIME_SUPPORT_NOT_CERTIFIED,true,NO_DUPLICATE_SESSION_ID_FROZEN_SOURCE_ALIASES_CANONICALIZED,CANDIDATE_POOL_ONLY_NO_FINAL_V_OR_C_RESERVATION,AMBIGUOUS_EXECUTION_INITIAL_STATE_NOT_BOUND,AMBIGUOUS_OFFICIAL_NATIVE_ROUTE_NOT_BOUND,AMBIGUOUS_EXECUTION_EXTRACTION_NOT_BOUND,BLOCKED_PRODUCTION_CALLBACK_CHAIN_NOT_BOUND,AMBIGUOUS_METADATA_INCOMPLETE,COMPLETE,INCOMPLETE_PRECONTEXT_AND_EXECUTION_BINDING,BLOCKED_SHARED_ENGINEERING_CONTRACT,NOT_CERTIFIED,2021.09.02.14.10.27_veh-08
2021.09.02.15.07.50_veh-08,COMPLETE_UNIQUE_FROZEN_SESSION_KEY,E1_UNRELATED_HISTORICAL_USE,CANDIDATE,true,true,false,6,COMPLETE_FROZEN_LOG_KEYS,15128,COMPLETE_FROZEN_COUNT_AND_HASH,COMPLETE_LOG_ACQUISITION_TIMESTAMP,us-pa-pittsburgh-hazelwood,MAP_METADATA_PRESENT_RUNTIME_SUPPORT_NOT_CERTIFIED,true,NO_DUPLICATE_SESSION_ID_FROZEN_SOURCE_ALIASES_CANONICALIZED,CANDIDATE_POOL_ONLY_NO_FINAL_V_OR_C_RESERVATION,AMBIGUOUS_EXECUTION_INITIAL_STATE_NOT_BOUND,AMBIGUOUS_OFFICIAL_NATIVE_ROUTE_NOT_BOUND,AMBIGUOUS_EXECUTION_EXTRACTION_NOT_BOUND,BLOCKED_PRODUCTION_CALLBACK_CHAIN_NOT_BOUND,AMBIGUOUS_METADATA_INCOMPLETE,COMPLETE,INCOMPLETE_PRECONTEXT_AND_EXECUTION_BINDING,BLOCKED_SHARED_ENGINEERING_CONTRACT,NOT_CERTIFIED,2021.09.02.15.07.50_veh-08
2021.09.02.17.04.02_veh-08,COMPLETE_UNIQUE_FROZEN_SESSION_KEY,E1_UNRELATED_HISTORICAL_USE,CANDIDATE,true,true,false,12,COMPLETE_FROZEN_LOG_KEYS,31750,COMPLETE_FROZEN_COUNT_AND_HASH,COMPLETE_LOG_ACQUISITION_TIMESTAMP,us-pa-pittsburgh-hazelwood,MAP_METADATA_PRESENT_RUNTIME_SUPPORT_NOT_CERTIFIED,true,NO_DUPLICATE_SESSION_ID_FROZEN_SOURCE_ALIASES_CANONICALIZED,CANDIDATE_POOL_ONLY_NO_FINAL_V_OR_C_RESERVATION,AMBIGUOUS_EXECUTION_INITIAL_STATE_NOT_BOUND,AMBIGUOUS_OFFICIAL_NATIVE_ROUTE_NOT_BOUND,AMBIGUOUS_EXECUTION_EXTRACTION_NOT_BOUND,BLOCKED_PRODUCTION_CALLBACK_CHAIN_NOT_BOUND,AMBIGUOUS_METADATA_INCOMPLETE,COMPLETE,INCOMPLETE_PRECONTEXT_AND_EXECUTION_BINDING,BLOCKED_SHARED_ENGINEERING_CONTRACT,NOT_CERTIFIED,2021.09.02.17.04.02_veh-08
2021.09.03.14.16.10_veh-08,COMPLETE_UNIQUE_FROZEN_SESSION_KEY,E2_BENCHMARK_ENGINEERING,CANDIDATE,false,true,false,13,COMPLETE_FROZEN_LOG_KEYS,35848,COMPLETE_FROZEN_COUNT_AND_HASH,COMPLETE_LOG_ACQUISITION_TIMESTAMP,us-pa-pittsburgh-hazelwood,MAP_METADATA_PRESENT_RUNTIME_SUPPORT_NOT_CERTIFIED,true,NO_DUPLICATE_SESSION_ID_FROZEN_SOURCE_ALIASES_CANONICALIZED,CANDIDATE_POOL_ONLY_NO_FINAL_V_OR_C_RESERVATION,AMBIGUOUS_EXECUTION_INITIAL_STATE_NOT_BOUND,AMBIGUOUS_OFFICIAL_NATIVE_ROUTE_NOT_BOUND,AMBIGUOUS_EXECUTION_EXTRACTION_NOT_BOUND,BLOCKED_PRODUCTION_CALLBACK_CHAIN_NOT_BOUND,AMBIGUOUS_METADATA_INCOMPLETE,COMPLETE,INCOMPLETE_PRECONTEXT_AND_EXECUTION_BINDING,BLOCKED_SHARED_ENGINEERING_CONTRACT,NOT_CERTIFIED,2021.09.03.14.16.10_veh-08
2021.09.03.16.25.50_veh-42,COMPLETE_UNIQUE_FROZEN_SESSION_KEY,E2_BENCHMARK_ENGINEERING,CANDIDATE,false,true,false,7,COMPLETE_FROZEN_LOG_KEYS,19911,COMPLETE_FROZEN_COUNT_AND_HASH,COMPLETE_LOG_ACQUISITION_TIMESTAMP,us-pa-pittsburgh-hazelwood,MAP_METADATA_PRESENT_RUNTIME_SUPPORT_NOT_CERTIFIED,true,NO_DUPLICATE_SESSION_ID_FROZEN_SOURCE_ALIASES_CANONICALIZED,CANDIDATE_POOL_ONLY_NO_FINAL_V_OR_C_RESERVATION,AMBIGUOUS_EXECUTION_INITIAL_STATE_NOT_BOUND,AMBIGUOUS_OFFICIAL_NATIVE_ROUTE_NOT_BOUND,AMBIGUOUS_EXECUTION_EXTRACTION_NOT_BOUND,BLOCKED_PRODUCTION_CALLBACK_CHAIN_NOT_BOUND,AMBIGUOUS_METADATA_INCOMPLETE,COMPLETE,INCOMPLETE_PRECONTEXT_AND_EXECUTION_BINDING,BLOCKED_SHARED_ENGINEERING_CONTRACT,NOT_CERTIFIED,2021.09.03.16.25.50_veh-42
2021.09.03.16.38.35_veh-08,COMPLETE_UNIQUE_FROZEN_SESSION_KEY,E2_BENCHMARK_ENGINEERING,CANDIDATE,false,true,false,6,COMPLETE_FROZEN_LOG_KEYS,42505,COMPLETE_FROZEN_COUNT_AND_HASH,COMPLETE_LOG_ACQUISITION_TIMESTAMP,us-pa-pittsburgh-hazelwood,MAP_METADATA_PRESENT_RUNTIME_SUPPORT_NOT_CERTIFIED,true,NO_DUPLICATE_SESSION_ID_FROZEN_SOURCE_ALIASES_CANONICALIZED,CANDIDATE_POOL_ONLY_NO_FINAL_V_OR_C_RESERVATION,AMBIGUOUS_EXECUTION_INITIAL_STATE_NOT_BOUND,AMBIGUOUS_OFFICIAL_NATIVE_ROUTE_NOT_BOUND,AMBIGUOUS_EXECUTION_EXTRACTION_NOT_BOUND,BLOCKED_PRODUCTION_CALLBACK_CHAIN_NOT_BOUND,AMBIGUOUS_METADATA_INCOMPLETE,COMPLETE,INCOMPLETE_PRECONTEXT_AND_EXECUTION_BINDING,BLOCKED_SHARED_ENGINEERING_CONTRACT,NOT_CERTIFIED,2021.09.03.16.38.35_veh-08
2021.09.03.17.02.10_veh-42,COMPLETE_UNIQUE_FROZEN_SESSION_KEY,E2_BENCHMARK_ENGINEERING,CANDIDATE,false,true,false,9,COMPLETE_FROZEN_LOG_KEYS,24033,COMPLETE_FROZEN_COUNT_AND_HASH,COMPLETE_LOG_ACQUISITION_TIMESTAMP,us-pa-pittsburgh-hazelwood,MAP_METADATA_PRESENT_RUNTIME_SUPPORT_NOT_CERTIFIED,true,NO_DUPLICATE_SESSION_ID_FROZEN_SOURCE_ALIASES_CANONICALIZED,CANDIDATE_POOL_ONLY_NO_FINAL_V_OR_C_RESERVATION,AMBIGUOUS_EXECUTION_INITIAL_STATE_NOT_BOUND,AMBIGUOUS_OFFICIAL_NATIVE_ROUTE_NOT_BOUND,AMBIGUOUS_EXECUTION_EXTRACTION_NOT_BOUND,BLOCKED_PRODUCTION_CALLBACK_CHAIN_NOT_BOUND,AMBIGUOUS_METADATA_INCOMPLETE,COMPLETE,INCOMPLETE_PRECONTEXT_AND_EXECUTION_BINDING,BLOCKED_SHARED_ENGINEERING_CONTRACT,NOT_CERTIFIED,2021.09.03.17.02.10_veh-42
2021.09.03.17.40.20_veh-42,COMPLETE_UNIQUE_FROZEN_SESSION_KEY,E1_UNRELATED_HISTORICAL_USE,CANDIDATE,true,true,false,3,COMPLETE_FROZEN_LOG_KEYS,25198,COMPLETE_FROZEN_COUNT_AND_HASH,COMPLETE_LOG_ACQUISITION_TIMESTAMP,us-pa-pittsburgh-hazelwood,MAP_METADATA_PRESENT_RUNTIME_SUPPORT_NOT_CERTIFIED,true,NO_DUPLICATE_SESSION_ID_FROZEN_SOURCE_ALIASES_CANONICALIZED,CANDIDATE_POOL_ONLY_NO_FINAL_V_OR_C_RESERVATION,AMBIGUOUS_EXECUTION_INITIAL_STATE_NOT_BOUND,AMBIGUOUS_OFFICIAL_NATIVE_ROUTE_NOT_BOUND,AMBIGUOUS_EXECUTION_EXTRACTION_NOT_BOUND,BLOCKED_PRODUCTION_CALLBACK_CHAIN_NOT_BOUND,AMBIGUOUS_METADATA_INCOMPLETE,COMPLETE,INCOMPLETE_PRECONTEXT_AND_EXECUTION_BINDING,BLOCKED_SHARED_ENGINEERING_CONTRACT,NOT_CERTIFIED,2021.09.03.17.40.20_veh-42
2021.09.07.13.06.36_veh-42,COMPLETE_UNIQUE_FROZEN_SESSION_KEY,E2_BENCHMARK_ENGINEERING,CANDIDATE,false,true,false,5,COMPLETE_FROZEN_LOG_KEYS,20377,COMPLETE_FROZEN_COUNT_AND_HASH,COMPLETE_LOG_ACQUISITION_TIMESTAMP,us-pa-pittsburgh-hazelwood,MAP_METADATA_PRESENT_RUNTIME_SUPPORT_NOT_CERTIFIED,true,NO_DUPLICATE_SESSION_ID_FROZEN_SOURCE_ALIASES_CANONICALIZED,CANDIDATE_POOL_ONLY_NO_FINAL_V_OR_C_RESERVATION,AMBIGUOUS_EXECUTION_INITIAL_STATE_NOT_BOUND,AMBIGUOUS_OFFICIAL_NATIVE_ROUTE_NOT_BOUND,AMBIGUOUS_EXECUTION_EXTRACTION_NOT_BOUND,BLOCKED_PRODUCTION_CALLBACK_CHAIN_NOT_BOUND,AMBIGUOUS_METADATA_INCOMPLETE,COMPLETE,INCOMPLETE_PRECONTEXT_AND_EXECUTION_BINDING,BLOCKED_SHARED_ENGINEERING_CONTRACT,NOT_CERTIFIED,2021.09.07.13.06.36_veh-42
2021.09.09.13.32.12_veh-43,COMPLETE_UNIQUE_FROZEN_SESSION_KEY,E2_BENCHMARK_ENGINEERING,CANDIDATE,false,true,false,7,COMPLETE_FROZEN_LOG_KEYS,37852,COMPLETE_FROZEN_COUNT_AND_HASH,COMPLETE_LOG_ACQUISITION_TIMESTAMP,us-pa-pittsburgh-hazelwood,MAP_METADATA_PRESENT_RUNTIME_SUPPORT_NOT_CERTIFIED,true,NO_DUPLICATE_SESSION_ID_FROZEN_SOURCE_ALIASES_CANONICALIZED,CANDIDATE_POOL_ONLY_NO_FINAL_V_OR_C_RESERVATION,AMBIGUOUS_EXECUTION_INITIAL_STATE_NOT_BOUND,AMBIGUOUS_OFFICIAL_NATIVE_ROUTE_NOT_BOUND,AMBIGUOUS_EXECUTION_EXTRACTION_NOT_BOUND,BLOCKED_PRODUCTION_CALLBACK_CHAIN_NOT_BOUND,AMBIGUOUS_METADATA_INCOMPLETE,COMPLETE,INCOMPLETE_PRECONTEXT_AND_EXECUTION_BINDING,BLOCKED_SHARED_ENGINEERING_CONTRACT,NOT_CERTIFIED,2021.09.09.13.32.12_veh-43
2021.09.09.14.34.34_veh-43,COMPLETE_UNIQUE_FROZEN_SESSION_KEY,E1_UNRELATED_HISTORICAL_USE,CANDIDATE,true,true,false,5,COMPLETE_FROZEN_LOG_KEYS,34596,COMPLETE_FROZEN_COUNT_AND_HASH,COMPLETE_LOG_ACQUISITION_TIMESTAMP,us-pa-pittsburgh-hazelwood,MAP_METADATA_PRESENT_RUNTIME_SUPPORT_NOT_CERTIFIED,true,NO_DUPLICATE_SESSION_ID_FROZEN_SOURCE_ALIASES_CANONICALIZED,CANDIDATE_POOL_ONLY_NO_FINAL_V_OR_C_RESERVATION,AMBIGUOUS_EXECUTION_INITIAL_STATE_NOT_BOUND,AMBIGUOUS_OFFICIAL_NATIVE_ROUTE_NOT_BOUND,AMBIGUOUS_EXECUTION_EXTRACTION_NOT_BOUND,BLOCKED_PRODUCTION_CALLBACK_CHAIN_NOT_BOUND,AMBIGUOUS_METADATA_INCOMPLETE,COMPLETE,INCOMPLETE_PRECONTEXT_AND_EXECUTION_BINDING,BLOCKED_SHARED_ENGINEERING_CONTRACT,NOT_CERTIFIED,2021.09.09.14.34.34_veh-43
2021.09.09.16.51.32_veh-42,COMPLETE_UNIQUE_FROZEN_SESSION_KEY,E1_UNRELATED_HISTORICAL_USE,CANDIDATE,true,true,false,5,COMPLETE_FROZEN_LOG_KEYS,8777,COMPLETE_FROZEN_COUNT_AND_HASH,COMPLETE_LOG_ACQUISITION_TIMESTAMP,us-pa-pittsburgh-hazelwood,MAP_METADATA_PRESENT_RUNTIME_SUPPORT_NOT_CERTIFIED,true,NO_DUPLICATE_SESSION_ID_FROZEN_SOURCE_ALIASES_CANONICALIZED,CANDIDATE_POOL_ONLY_NO_FINAL_V_OR_C_RESERVATION,AMBIGUOUS_EXECUTION_INITIAL_STATE_NOT_BOUND,AMBIGUOUS_OFFICIAL_NATIVE_ROUTE_NOT_BOUND,AMBIGUOUS_EXECUTION_EXTRACTION_NOT_BOUND,BLOCKED_PRODUCTION_CALLBACK_CHAIN_NOT_BOUND,AMBIGUOUS_METADATA_INCOMPLETE,COMPLETE,INCOMPLETE_PRECONTEXT_AND_EXECUTION_BINDING,BLOCKED_SHARED_ENGINEERING_CONTRACT,NOT_CERTIFIED,2021.09.09.16.51.32_veh-42
2021.09.09.17.29.55_veh-42,COMPLETE_UNIQUE_FROZEN_SESSION_KEY,E2_BENCHMARK_ENGINEERING,CANDIDATE,false,true,false,6,COMPLETE_FROZEN_LOG_KEYS,18880,COMPLETE_FROZEN_COUNT_AND_HASH,COMPLETE_LOG_ACQUISITION_TIMESTAMP,us-pa-pittsburgh-hazelwood,MAP_METADATA_PRESENT_RUNTIME_SUPPORT_NOT_CERTIFIED,true,NO_DUPLICATE_SESSION_ID_FROZEN_SOURCE_ALIASES_CANONICALIZED,CANDIDATE_POOL_ONLY_NO_FINAL_V_OR_C_RESERVATION,AMBIGUOUS_EXECUTION_INITIAL_STATE_NOT_BOUND,AMBIGUOUS_OFFICIAL_NATIVE_ROUTE_NOT_BOUND,AMBIGUOUS_EXECUTION_EXTRACTION_NOT_BOUND,BLOCKED_PRODUCTION_CALLBACK_CHAIN_NOT_BOUND,AMBIGUOUS_METADATA_INCOMPLETE,COMPLETE,INCOMPLETE_PRECONTEXT_AND_EXECUTION_BINDING,BLOCKED_SHARED_ENGINEERING_CONTRACT,NOT_CERTIFIED,2021.09.09.17.29.55_veh-42
2021.09.09.18.12.06_veh-42,COMPLETE_UNIQUE_FROZEN_SESSION_KEY,E1_UNRELATED_HISTORICAL_USE,CANDIDATE,true,true,false,3,COMPLETE_FROZEN_LOG_KEYS,20307,COMPLETE_FROZEN_COUNT_AND_HASH,COMPLETE_LOG_ACQUISITION_TIMESTAMP,us-pa-pittsburgh-hazelwood,MAP_METADATA_PRESENT_RUNTIME_SUPPORT_NOT_CERTIFIED,true,NO_DUPLICATE_SESSION_ID_FROZEN_SOURCE_ALIASES_CANONICALIZED,CANDIDATE_POOL_ONLY_NO_FINAL_V_OR_C_RESERVATION,AMBIGUOUS_EXECUTION_INITIAL_STATE_NOT_BOUND,AMBIGUOUS_OFFICIAL_NATIVE_ROUTE_NOT_BOUND,AMBIGUOUS_EXECUTION_EXTRACTION_NOT_BOUND,BLOCKED_PRODUCTION_CALLBACK_CHAIN_NOT_BOUND,AMBIGUOUS_METADATA_INCOMPLETE,COMPLETE,INCOMPLETE_PRECONTEXT_AND_EXECUTION_BINDING,BLOCKED_SHARED_ENGINEERING_CONTRACT,NOT_CERTIFIED,2021.09.09.18.12.06_veh-42
2021.09.09.18.47.17_veh-45,COMPLETE_UNIQUE_FROZEN_SESSION_KEY,E1_UNRELATED_HISTORICAL_USE,CANDIDATE,true,true,false,12,COMPLETE_FROZEN_LOG_KEYS,37789,COMPLETE_FROZEN_COUNT_AND_HASH,COMPLETE_LOG_ACQUISITION_TIMESTAMP,us-pa-pittsburgh-hazelwood,MAP_METADATA_PRESENT_RUNTIME_SUPPORT_NOT_CERTIFIED,true,NO_DUPLICATE_SESSION_ID_FROZEN_SOURCE_ALIASES_CANONICALIZED,CANDIDATE_POOL_ONLY_NO_FINAL_V_OR_C_RESERVATION,AMBIGUOUS_EXECUTION_INITIAL_STATE_NOT_BOUND,AMBIGUOUS_OFFICIAL_NATIVE_ROUTE_NOT_BOUND,AMBIGUOUS_EXECUTION_EXTRACTION_NOT_BOUND,BLOCKED_PRODUCTION_CALLBACK_CHAIN_NOT_BOUND,AMBIGUOUS_METADATA_INCOMPLETE,COMPLETE,INCOMPLETE_PRECONTEXT_AND_EXECUTION_BINDING,BLOCKED_SHARED_ENGINEERING_CONTRACT,NOT_CERTIFIED,2021.09.09.18.47.17_veh-45
2021.09.09.19.17.35_veh-42,COMPLETE_UNIQUE_FROZEN_SESSION_KEY,E1_UNRELATED_HISTORICAL_USE,CANDIDATE,true,true,false,3,COMPLETE_FROZEN_LOG_KEYS,18408,COMPLETE_FROZEN_COUNT_AND_HASH,COMPLETE_LOG_ACQUISITION_TIMESTAMP,us-pa-pittsburgh-hazelwood,MAP_METADATA_PRESENT_RUNTIME_SUPPORT_NOT_CERTIFIED,true,NO_DUPLICATE_SESSION_ID_FROZEN_SOURCE_ALIASES_CANONICALIZED,CANDIDATE_POOL_ONLY_NO_FINAL_V_OR_C_RESERVATION,AMBIGUOUS_EXECUTION_INITIAL_STATE_NOT_BOUND,AMBIGUOUS_OFFICIAL_NATIVE_ROUTE_NOT_BOUND,AMBIGUOUS_EXECUTION_EXTRACTION_NOT_BOUND,BLOCKED_PRODUCTION_CALLBACK_CHAIN_NOT_BOUND,AMBIGUOUS_METADATA_INCOMPLETE,COMPLETE,INCOMPLETE_PRECONTEXT_AND_EXECUTION_BINDING,BLOCKED_SHARED_ENGINEERING_CONTRACT,NOT_CERTIFIED,2021.09.09.19.17.35_veh-42
2021.09.09.19.47.56_veh-45,COMPLETE_UNIQUE_FROZEN_SESSION_KEY,E2_BENCHMARK_ENGINEERING,CANDIDATE,false,true,false,6,COMPLETE_FROZEN_LOG_KEYS,26135,COMPLETE_FROZEN_COUNT_AND_HASH,COMPLETE_LOG_ACQUISITION_TIMESTAMP,us-pa-pittsburgh-hazelwood,MAP_METADATA_PRESENT_RUNTIME_SUPPORT_NOT_CERTIFIED,true,NO_DUPLICATE_SESSION_ID_FROZEN_SOURCE_ALIASES_CANONICALIZED,CANDIDATE_POOL_ONLY_NO_FINAL_V_OR_C_RESERVATION,AMBIGUOUS_EXECUTION_INITIAL_STATE_NOT_BOUND,AMBIGUOUS_OFFICIAL_NATIVE_ROUTE_NOT_BOUND,AMBIGUOUS_EXECUTION_EXTRACTION_NOT_BOUND,BLOCKED_PRODUCTION_CALLBACK_CHAIN_NOT_BOUND,AMBIGUOUS_METADATA_INCOMPLETE,COMPLETE,INCOMPLETE_PRECONTEXT_AND_EXECUTION_BINDING,BLOCKED_SHARED_ENGINEERING_CONTRACT,NOT_CERTIFIED,2021.09.09.19.47.56_veh-45
2021.09.09.20.07.29_veh-42,COMPLETE_UNIQUE_FROZEN_SESSION_KEY,E1_UNRELATED_HISTORICAL_USE,CANDIDATE,true,true,false,14,COMPLETE_FROZEN_LOG_KEYS,20879,COMPLETE_FROZEN_COUNT_AND_HASH,COMPLETE_LOG_ACQUISITION_TIMESTAMP,us-pa-pittsburgh-hazelwood,MAP_METADATA_PRESENT_RUNTIME_SUPPORT_NOT_CERTIFIED,true,NO_DUPLICATE_SESSION_ID_FROZEN_SOURCE_ALIASES_CANONICALIZED,CANDIDATE_POOL_ONLY_NO_FINAL_V_OR_C_RESERVATION,AMBIGUOUS_EXECUTION_INITIAL_STATE_NOT_BOUND,AMBIGUOUS_OFFICIAL_NATIVE_ROUTE_NOT_BOUND,AMBIGUOUS_EXECUTION_EXTRACTION_NOT_BOUND,BLOCKED_PRODUCTION_CALLBACK_CHAIN_NOT_BOUND,AMBIGUOUS_METADATA_INCOMPLETE,COMPLETE,INCOMPLETE_PRECONTEXT_AND_EXECUTION_BINDING,BLOCKED_SHARED_ENGINEERING_CONTRACT,NOT_CERTIFIED,2021.09.09.20.07.29_veh-42
2021.09.10.13.58.49_veh-42,COMPLETE_UNIQUE_FROZEN_SESSION_KEY,E1_UNRELATED_HISTORICAL_USE,CANDIDATE,true,true,false,10,COMPLETE_FROZEN_LOG_KEYS,28728,COMPLETE_FROZEN_COUNT_AND_HASH,COMPLETE_LOG_ACQUISITION_TIMESTAMP,us-pa-pittsburgh-hazelwood,MAP_METADATA_PRESENT_RUNTIME_SUPPORT_NOT_CERTIFIED,true,NO_DUPLICATE_SESSION_ID_FROZEN_SOURCE_ALIASES_CANONICALIZED,CANDIDATE_POOL_ONLY_NO_FINAL_V_OR_C_RESERVATION,AMBIGUOUS_EXECUTION_INITIAL_STATE_NOT_BOUND,AMBIGUOUS_OFFICIAL_NATIVE_ROUTE_NOT_BOUND,AMBIGUOUS_EXECUTION_EXTRACTION_NOT_BOUND,BLOCKED_PRODUCTION_CALLBACK_CHAIN_NOT_BOUND,AMBIGUOUS_METADATA_INCOMPLETE,COMPLETE,INCOMPLETE_PRECONTEXT_AND_EXECUTION_BINDING,BLOCKED_SHARED_ENGINEERING_CONTRACT,NOT_CERTIFIED,2021.09.10.13.58.49_veh-42
2021.09.10.14.26.51_veh-45,COMPLETE_UNIQUE_FROZEN_SESSION_KEY,E1_UNRELATED_HISTORICAL_USE,CANDIDATE,true,true,false,6,COMPLETE_FROZEN_LOG_KEYS,16880,COMPLETE_FROZEN_COUNT_AND_HASH,COMPLETE_LOG_ACQUISITION_TIMESTAMP,us-pa-pittsburgh-hazelwood,MAP_METADATA_PRESENT_RUNTIME_SUPPORT_NOT_CERTIFIED,true,NO_DUPLICATE_SESSION_ID_FROZEN_SOURCE_ALIASES_CANONICALIZED,CANDIDATE_POOL_ONLY_NO_FINAL_V_OR_C_RESERVATION,AMBIGUOUS_EXECUTION_INITIAL_STATE_NOT_BOUND,AMBIGUOUS_OFFICIAL_NATIVE_ROUTE_NOT_BOUND,AMBIGUOUS_EXECUTION_EXTRACTION_NOT_BOUND,BLOCKED_PRODUCTION_CALLBACK_CHAIN_NOT_BOUND,AMBIGUOUS_METADATA_INCOMPLETE,COMPLETE,INCOMPLETE_PRECONTEXT_AND_EXECUTION_BINDING,BLOCKED_SHARED_ENGINEERING_CONTRACT,NOT_CERTIFIED,2021.09.10.14.26.51_veh-45
2021.09.10.14.44.55_veh-42,COMPLETE_UNIQUE_FROZEN_SESSION_KEY,E1_UNRELATED_HISTORICAL_USE,CANDIDATE,true,true,false,12,COMPLETE_FROZEN_LOG_KEYS,29169,COMPLETE_FROZEN_COUNT_AND_HASH,COMPLETE_LOG_ACQUISITION_TIMESTAMP,us-pa-pittsburgh-hazelwood,MAP_METADATA_PRESENT_RUNTIME_SUPPORT_NOT_CERTIFIED,true,NO_DUPLICATE_SESSION_ID_FROZEN_SOURCE_ALIASES_CANONICALIZED,CANDIDATE_POOL_ONLY_NO_FINAL_V_OR_C_RESERVATION,AMBIGUOUS_EXECUTION_INITIAL_STATE_NOT_BOUND,AMBIGUOUS_OFFICIAL_NATIVE_ROUTE_NOT_BOUND,AMBIGUOUS_EXECUTION_EXTRACTION_NOT_BOUND,BLOCKED_PRODUCTION_CALLBACK_CHAIN_NOT_BOUND,AMBIGUOUS_METADATA_INCOMPLETE,COMPLETE,INCOMPLETE_PRECONTEXT_AND_EXECUTION_BINDING,BLOCKED_SHARED_ENGINEERING_CONTRACT,NOT_CERTIFIED,2021.09.10.14.44.55_veh-42
2021.09.10.15.00.33_veh-45,COMPLETE_UNIQUE_FROZEN_SESSION_KEY,E0_METADATA_ONLY,CANDIDATE,true,true,false,6,COMPLETE_FROZEN_LOG_KEYS,11128,COMPLETE_FROZEN_COUNT_AND_HASH,COMPLETE_LOG_ACQUISITION_TIMESTAMP,us-pa-pittsburgh-hazelwood,MAP_METADATA_PRESENT_RUNTIME_SUPPORT_NOT_CERTIFIED,true,NO_DUPLICATE_SESSION_ID_FROZEN_SOURCE_ALIASES_CANONICALIZED,CANDIDATE_POOL_ONLY_NO_FINAL_V_OR_C_RESERVATION,AMBIGUOUS_EXECUTION_INITIAL_STATE_NOT_BOUND,AMBIGUOUS_OFFICIAL_NATIVE_ROUTE_NOT_BOUND,AMBIGUOUS_EXECUTION_EXTRACTION_NOT_BOUND,BLOCKED_PRODUCTION_CALLBACK_CHAIN_NOT_BOUND,AMBIGUOUS_METADATA_INCOMPLETE,COMPLETE,INCOMPLETE_PRECONTEXT_AND_EXECUTION_BINDING,BLOCKED_SHARED_ENGINEERING_CONTRACT,NOT_CERTIFIED,2021.09.10.15.00.33_veh-45
2021.09.10.17.09.03_veh-42,COMPLETE_UNIQUE_FROZEN_SESSION_KEY,E2_BENCHMARK_ENGINEERING,CANDIDATE,false,true,false,6,COMPLETE_FROZEN_LOG_KEYS,39916,COMPLETE_FROZEN_COUNT_AND_HASH,COMPLETE_LOG_ACQUISITION_TIMESTAMP,us-pa-pittsburgh-hazelwood,MAP_METADATA_PRESENT_RUNTIME_SUPPORT_NOT_CERTIFIED,true,NO_DUPLICATE_SESSION_ID_FROZEN_SOURCE_ALIASES_CANONICALIZED,CANDIDATE_POOL_ONLY_NO_FINAL_V_OR_C_RESERVATION,AMBIGUOUS_EXECUTION_INITIAL_STATE_NOT_BOUND,AMBIGUOUS_OFFICIAL_NATIVE_ROUTE_NOT_BOUND,AMBIGUOUS_EXECUTION_EXTRACTION_NOT_BOUND,BLOCKED_PRODUCTION_CALLBACK_CHAIN_NOT_BOUND,AMBIGUOUS_METADATA_INCOMPLETE,COMPLETE,INCOMPLETE_PRECONTEXT_AND_EXECUTION_BINDING,BLOCKED_SHARED_ENGINEERING_CONTRACT,NOT_CERTIFIED,2021.09.10.17.09.03_veh-42
2021.09.10.18.03.24_veh-42,COMPLETE_UNIQUE_FROZEN_SESSION_KEY,E2_BENCHMARK_ENGINEERING,CANDIDATE,false,true,false,9,COMPLETE_FROZEN_LOG_KEYS,39966,COMPLETE_FROZEN_COUNT_AND_HASH,COMPLETE_LOG_ACQUISITION_TIMESTAMP,us-pa-pittsburgh-hazelwood,MAP_METADATA_PRESENT_RUNTIME_SUPPORT_NOT_CERTIFIED,true,NO_DUPLICATE_SESSION_ID_FROZEN_SOURCE_ALIASES_CANONICALIZED,CANDIDATE_POOL_ONLY_NO_FINAL_V_OR_C_RESERVATION,AMBIGUOUS_EXECUTION_INITIAL_STATE_NOT_BOUND,AMBIGUOUS_OFFICIAL_NATIVE_ROUTE_NOT_BOUND,AMBIGUOUS_EXECUTION_EXTRACTION_NOT_BOUND,BLOCKED_PRODUCTION_CALLBACK_CHAIN_NOT_BOUND,AMBIGUOUS_METADATA_INCOMPLETE,COMPLETE,INCOMPLETE_PRECONTEXT_AND_EXECUTION_BINDING,BLOCKED_SHARED_ENGINEERING_CONTRACT,NOT_CERTIFIED,2021.09.10.18.03.24_veh-42
2021.09.10.19.22.47_veh-42,COMPLETE_UNIQUE_FROZEN_SESSION_KEY,E1_UNRELATED_HISTORICAL_USE,CANDIDATE,true,true,false,4,COMPLETE_FROZEN_LOG_KEYS,31987,COMPLETE_FROZEN_COUNT_AND_HASH,COMPLETE_LOG_ACQUISITION_TIMESTAMP,us-pa-pittsburgh-hazelwood,MAP_METADATA_PRESENT_RUNTIME_SUPPORT_NOT_CERTIFIED,true,NO_DUPLICATE_SESSION_ID_FROZEN_SOURCE_ALIASES_CANONICALIZED,CANDIDATE_POOL_ONLY_NO_FINAL_V_OR_C_RESERVATION,AMBIGUOUS_EXECUTION_INITIAL_STATE_NOT_BOUND,AMBIGUOUS_OFFICIAL_NATIVE_ROUTE_NOT_BOUND,AMBIGUOUS_EXECUTION_EXTRACTION_NOT_BOUND,BLOCKED_PRODUCTION_CALLBACK_CHAIN_NOT_BOUND,AMBIGUOUS_METADATA_INCOMPLETE,COMPLETE,INCOMPLETE_PRECONTEXT_AND_EXECUTION_BINDING,BLOCKED_SHARED_ENGINEERING_CONTRACT,NOT_CERTIFIED,2021.09.10.19.22.47_veh-42
2021.09.10.20.06.13_veh-42,COMPLETE_UNIQUE_FROZEN_SESSION_KEY,E1_UNRELATED_HISTORICAL_USE,CANDIDATE,true,true,false,3,COMPLETE_FROZEN_LOG_KEYS,22079,COMPLETE_FROZEN_COUNT_AND_HASH,COMPLETE_LOG_ACQUISITION_TIMESTAMP,us-pa-pittsburgh-hazelwood,MAP_METADATA_PRESENT_RUNTIME_SUPPORT_NOT_CERTIFIED,true,NO_DUPLICATE_SESSION_ID_FROZEN_SOURCE_ALIASES_CANONICALIZED,CANDIDATE_POOL_ONLY_NO_FINAL_V_OR_C_RESERVATION,AMBIGUOUS_EXECUTION_INITIAL_STATE_NOT_BOUND,AMBIGUOUS_OFFICIAL_NATIVE_ROUTE_NOT_BOUND,AMBIGUOUS_EXECUTION_EXTRACTION_NOT_BOUND,BLOCKED_PRODUCTION_CALLBACK_CHAIN_NOT_BOUND,AMBIGUOUS_METADATA_INCOMPLETE,COMPLETE,INCOMPLETE_PRECONTEXT_AND_EXECUTION_BINDING,BLOCKED_SHARED_ENGINEERING_CONTRACT,NOT_CERTIFIED,2021.09.10.20.06.13_veh-42
2021.09.13.13.20.43_veh-45,COMPLETE_UNIQUE_FROZEN_SESSION_KEY,E1_UNRELATED_HISTORICAL_USE,CANDIDATE,true,true,false,11,COMPLETE_FROZEN_LOG_KEYS,32009,COMPLETE_FROZEN_COUNT_AND_HASH,COMPLETE_LOG_ACQUISITION_TIMESTAMP,us-pa-pittsburgh-hazelwood,MAP_METADATA_PRESENT_RUNTIME_SUPPORT_NOT_CERTIFIED,true,NO_DUPLICATE_SESSION_ID_FROZEN_SOURCE_ALIASES_CANONICALIZED,CANDIDATE_POOL_ONLY_NO_FINAL_V_OR_C_RESERVATION,AMBIGUOUS_EXECUTION_INITIAL_STATE_NOT_BOUND,AMBIGUOUS_OFFICIAL_NATIVE_ROUTE_NOT_BOUND,AMBIGUOUS_EXECUTION_EXTRACTION_NOT_BOUND,BLOCKED_PRODUCTION_CALLBACK_CHAIN_NOT_BOUND,AMBIGUOUS_METADATA_INCOMPLETE,COMPLETE,INCOMPLETE_PRECONTEXT_AND_EXECUTION_BINDING,BLOCKED_SHARED_ENGINEERING_CONTRACT,NOT_CERTIFIED,2021.09.13.13.20.43_veh-45
2021.09.13.14.24.27_veh-45,COMPLETE_UNIQUE_FROZEN_SESSION_KEY,E2_BENCHMARK_ENGINEERING,CANDIDATE,false,true,false,11,COMPLETE_FROZEN_LOG_KEYS,31729,COMPLETE_FROZEN_COUNT_AND_HASH,COMPLETE_LOG_ACQUISITION_TIMESTAMP,us-pa-pittsburgh-hazelwood,MAP_METADATA_PRESENT_RUNTIME_SUPPORT_NOT_CERTIFIED,true,NO_DUPLICATE_SESSION_ID_FROZEN_SOURCE_ALIASES_CANONICALIZED,CANDIDATE_POOL_ONLY_NO_FINAL_V_OR_C_RESERVATION,AMBIGUOUS_EXECUTION_INITIAL_STATE_NOT_BOUND,AMBIGUOUS_OFFICIAL_NATIVE_ROUTE_NOT_BOUND,AMBIGUOUS_EXECUTION_EXTRACTION_NOT_BOUND,BLOCKED_PRODUCTION_CALLBACK_CHAIN_NOT_BOUND,AMBIGUOUS_METADATA_INCOMPLETE,COMPLETE,INCOMPLETE_PRECONTEXT_AND_EXECUTION_BINDING,BLOCKED_SHARED_ENGINEERING_CONTRACT,NOT_CERTIFIED,2021.09.13.14.24.27_veh-45
2021.09.13.18.55.23_veh-45,COMPLETE_UNIQUE_FROZEN_SESSION_KEY,E2_BENCHMARK_ENGINEERING,CANDIDATE,false,true,false,14,COMPLETE_FROZEN_LOG_KEYS,33529,COMPLETE_FROZEN_COUNT_AND_HASH,COMPLETE_LOG_ACQUISITION_TIMESTAMP,us-pa-pittsburgh-hazelwood,MAP_METADATA_PRESENT_RUNTIME_SUPPORT_NOT_CERTIFIED,true,NO_DUPLICATE_SESSION_ID_FROZEN_SOURCE_ALIASES_CANONICALIZED,CANDIDATE_POOL_ONLY_NO_FINAL_V_OR_C_RESERVATION,AMBIGUOUS_EXECUTION_INITIAL_STATE_NOT_BOUND,AMBIGUOUS_OFFICIAL_NATIVE_ROUTE_NOT_BOUND,AMBIGUOUS_EXECUTION_EXTRACTION_NOT_BOUND,BLOCKED_PRODUCTION_CALLBACK_CHAIN_NOT_BOUND,AMBIGUOUS_METADATA_INCOMPLETE,COMPLETE,INCOMPLETE_PRECONTEXT_AND_EXECUTION_BINDING,BLOCKED_SHARED_ENGINEERING_CONTRACT,NOT_CERTIFIED,2021.09.13.18.55.23_veh-45
2021.09.13.19.54.06_veh-45,COMPLETE_UNIQUE_FROZEN_SESSION_KEY,E2_BENCHMARK_ENGINEERING,CANDIDATE,false,true,false,12,COMPLETE_FROZEN_LOG_KEYS,30085,COMPLETE_FROZEN_COUNT_AND_HASH,COMPLETE_LOG_ACQUISITION_TIMESTAMP,us-pa-pittsburgh-hazelwood,MAP_METADATA_PRESENT_RUNTIME_SUPPORT_NOT_CERTIFIED,true,NO_DUPLICATE_SESSION_ID_FROZEN_SOURCE_ALIASES_CANONICALIZED,CANDIDATE_POOL_ONLY_NO_FINAL_V_OR_C_RESERVATION,AMBIGUOUS_EXECUTION_INITIAL_STATE_NOT_BOUND,AMBIGUOUS_OFFICIAL_NATIVE_ROUTE_NOT_BOUND,AMBIGUOUS_EXECUTION_EXTRACTION_NOT_BOUND,BLOCKED_PRODUCTION_CALLBACK_CHAIN_NOT_BOUND,AMBIGUOUS_METADATA_INCOMPLETE,COMPLETE,INCOMPLETE_PRECONTEXT_AND_EXECUTION_BINDING,BLOCKED_SHARED_ENGINEERING_CONTRACT,NOT_CERTIFIED,2021.09.13.19.54.06_veh-45
2021.09.13.21.07.09_veh-45,COMPLETE_UNIQUE_FROZEN_SESSION_KEY,E1_UNRELATED_HISTORICAL_USE,CANDIDATE,true,true,false,7,COMPLETE_FROZEN_LOG_KEYS,11367,COMPLETE_FROZEN_COUNT_AND_HASH,COMPLETE_LOG_ACQUISITION_TIMESTAMP,us-pa-pittsburgh-hazelwood,MAP_METADATA_PRESENT_RUNTIME_SUPPORT_NOT_CERTIFIED,true,NO_DUPLICATE_SESSION_ID_FROZEN_SOURCE_ALIASES_CANONICALIZED,CANDIDATE_POOL_ONLY_NO_FINAL_V_OR_C_RESERVATION,AMBIGUOUS_EXECUTION_INITIAL_STATE_NOT_BOUND,AMBIGUOUS_OFFICIAL_NATIVE_ROUTE_NOT_BOUND,AMBIGUOUS_EXECUTION_EXTRACTION_NOT_BOUND,BLOCKED_PRODUCTION_CALLBACK_CHAIN_NOT_BOUND,AMBIGUOUS_METADATA_INCOMPLETE,COMPLETE,INCOMPLETE_PRECONTEXT_AND_EXECUTION_BINDING,BLOCKED_SHARED_ENGINEERING_CONTRACT,NOT_CERTIFIED,2021.09.13.21.07.09_veh-45
2021.09.15.12.49.18_veh-45,COMPLETE_UNIQUE_FROZEN_SESSION_KEY,E1_UNRELATED_HISTORICAL_USE,CANDIDATE,true,true,false,6,COMPLETE_FROZEN_LOG_KEYS,16141,COMPLETE_FROZEN_COUNT_AND_HASH,COMPLETE_LOG_ACQUISITION_TIMESTAMP,us-pa-pittsburgh-hazelwood,MAP_METADATA_PRESENT_RUNTIME_SUPPORT_NOT_CERTIFIED,true,NO_DUPLICATE_SESSION_ID_FROZEN_SOURCE_ALIASES_CANONICALIZED,CANDIDATE_POOL_ONLY_NO_FINAL_V_OR_C_RESERVATION,AMBIGUOUS_EXECUTION_INITIAL_STATE_NOT_BOUND,AMBIGUOUS_OFFICIAL_NATIVE_ROUTE_NOT_BOUND,AMBIGUOUS_EXECUTION_EXTRACTION_NOT_BOUND,BLOCKED_PRODUCTION_CALLBACK_CHAIN_NOT_BOUND,AMBIGUOUS_METADATA_INCOMPLETE,COMPLETE,INCOMPLETE_PRECONTEXT_AND_EXECUTION_BINDING,BLOCKED_SHARED_ENGINEERING_CONTRACT,NOT_CERTIFIED,2021.09.15.12.49.18_veh-45
2021.09.15.13.06.21_veh-42,COMPLETE_UNIQUE_FROZEN_SESSION_KEY,E1_UNRELATED_HISTORICAL_USE,CANDIDATE,true,true,false,13,COMPLETE_FROZEN_LOG_KEYS,39351,COMPLETE_FROZEN_COUNT_AND_HASH,COMPLETE_LOG_ACQUISITION_TIMESTAMP,us-pa-pittsburgh-hazelwood,MAP_METADATA_PRESENT_RUNTIME_SUPPORT_NOT_CERTIFIED,true,NO_DUPLICATE_SESSION_ID_FROZEN_SOURCE_ALIASES_CANONICALIZED,CANDIDATE_POOL_ONLY_NO_FINAL_V_OR_C_RESERVATION,AMBIGUOUS_EXECUTION_INITIAL_STATE_NOT_BOUND,AMBIGUOUS_OFFICIAL_NATIVE_ROUTE_NOT_BOUND,AMBIGUOUS_EXECUTION_EXTRACTION_NOT_BOUND,BLOCKED_PRODUCTION_CALLBACK_CHAIN_NOT_BOUND,AMBIGUOUS_METADATA_INCOMPLETE,COMPLETE,INCOMPLETE_PRECONTEXT_AND_EXECUTION_BINDING,BLOCKED_SHARED_ENGINEERING_CONTRACT,NOT_CERTIFIED,2021.09.15.13.06.21_veh-42
2021.09.15.13.26.07_veh-45,COMPLETE_UNIQUE_FROZEN_SESSION_KEY,E1_UNRELATED_HISTORICAL_USE,CANDIDATE,true,true,false,6,COMPLETE_FROZEN_LOG_KEYS,21133,COMPLETE_FROZEN_COUNT_AND_HASH,COMPLETE_LOG_ACQUISITION_TIMESTAMP,us-pa-pittsburgh-hazelwood,MAP_METADATA_PRESENT_RUNTIME_SUPPORT_NOT_CERTIFIED,true,NO_DUPLICATE_SESSION_ID_FROZEN_SOURCE_ALIASES_CANONICALIZED,CANDIDATE_POOL_ONLY_NO_FINAL_V_OR_C_RESERVATION,AMBIGUOUS_EXECUTION_INITIAL_STATE_NOT_BOUND,AMBIGUOUS_OFFICIAL_NATIVE_ROUTE_NOT_BOUND,AMBIGUOUS_EXECUTION_EXTRACTION_NOT_BOUND,BLOCKED_PRODUCTION_CALLBACK_CHAIN_NOT_BOUND,AMBIGUOUS_METADATA_INCOMPLETE,COMPLETE,INCOMPLETE_PRECONTEXT_AND_EXECUTION_BINDING,BLOCKED_SHARED_ENGINEERING_CONTRACT,NOT_CERTIFIED,2021.09.15.13.26.07_veh-45
2021.09.15.14.18.26_veh-45,COMPLETE_UNIQUE_FROZEN_SESSION_KEY,E1_UNRELATED_HISTORICAL_USE,CANDIDATE,true,true,false,6,COMPLETE_FROZEN_LOG_KEYS,23285,COMPLETE_FROZEN_COUNT_AND_HASH,COMPLETE_LOG_ACQUISITION_TIMESTAMP,us-pa-pittsburgh-hazelwood,MAP_METADATA_PRESENT_RUNTIME_SUPPORT_NOT_CERTIFIED,true,NO_DUPLICATE_SESSION_ID_FROZEN_SOURCE_ALIASES_CANONICALIZED,CANDIDATE_POOL_ONLY_NO_FINAL_V_OR_C_RESERVATION,AMBIGUOUS_EXECUTION_INITIAL_STATE_NOT_BOUND,AMBIGUOUS_OFFICIAL_NATIVE_ROUTE_NOT_BOUND,AMBIGUOUS_EXECUTION_EXTRACTION_NOT_BOUND,BLOCKED_PRODUCTION_CALLBACK_CHAIN_NOT_BOUND,AMBIGUOUS_METADATA_INCOMPLETE,COMPLETE,INCOMPLETE_PRECONTEXT_AND_EXECUTION_BINDING,BLOCKED_SHARED_ENGINEERING_CONTRACT,NOT_CERTIFIED,2021.09.15.14.18.26_veh-45
2021.09.15.14.30.33_veh-42,COMPLETE_UNIQUE_FROZEN_SESSION_KEY,E1_UNRELATED_HISTORICAL_USE,CANDIDATE,true,true,false,13,COMPLETE_FROZEN_LOG_KEYS,37240,COMPLETE_FROZEN_COUNT_AND_HASH,COMPLETE_LOG_ACQUISITION_TIMESTAMP,us-pa-pittsburgh-hazelwood,MAP_METADATA_PRESENT_RUNTIME_SUPPORT_NOT_CERTIFIED,true,NO_DUPLICATE_SESSION_ID_FROZEN_SOURCE_ALIASES_CANONICALIZED,CANDIDATE_POOL_ONLY_NO_FINAL_V_OR_C_RESERVATION,AMBIGUOUS_EXECUTION_INITIAL_STATE_NOT_BOUND,AMBIGUOUS_OFFICIAL_NATIVE_ROUTE_NOT_BOUND,AMBIGUOUS_EXECUTION_EXTRACTION_NOT_BOUND,BLOCKED_PRODUCTION_CALLBACK_CHAIN_NOT_BOUND,AMBIGUOUS_METADATA_INCOMPLETE,COMPLETE,INCOMPLETE_PRECONTEXT_AND_EXECUTION_BINDING,BLOCKED_SHARED_ENGINEERING_CONTRACT,NOT_CERTIFIED,2021.09.15.14.30.33_veh-42
2021.09.15.14.57.57_veh-45,COMPLETE_UNIQUE_FROZEN_SESSION_KEY,E1_UNRELATED_HISTORICAL_USE,CANDIDATE,true,true,false,6,COMPLETE_FROZEN_LOG_KEYS,25517,COMPLETE_FROZEN_COUNT_AND_HASH,COMPLETE_LOG_ACQUISITION_TIMESTAMP,us-pa-pittsburgh-hazelwood,MAP_METADATA_PRESENT_RUNTIME_SUPPORT_NOT_CERTIFIED,true,NO_DUPLICATE_SESSION_ID_FROZEN_SOURCE_ALIASES_CANONICALIZED,CANDIDATE_POOL_ONLY_NO_FINAL_V_OR_C_RESERVATION,AMBIGUOUS_EXECUTION_INITIAL_STATE_NOT_BOUND,AMBIGUOUS_OFFICIAL_NATIVE_ROUTE_NOT_BOUND,AMBIGUOUS_EXECUTION_EXTRACTION_NOT_BOUND,BLOCKED_PRODUCTION_CALLBACK_CHAIN_NOT_BOUND,AMBIGUOUS_METADATA_INCOMPLETE,COMPLETE,INCOMPLETE_PRECONTEXT_AND_EXECUTION_BINDING,BLOCKED_SHARED_ENGINEERING_CONTRACT,NOT_CERTIFIED,2021.09.15.14.57.57_veh-45
2021.09.15.17.01.41_veh-45,COMPLETE_UNIQUE_FROZEN_SESSION_KEY,E1_UNRELATED_HISTORICAL_USE,CANDIDATE,true,true,false,6,COMPLETE_FROZEN_LOG_KEYS,21191,COMPLETE_FROZEN_COUNT_AND_HASH,COMPLETE_LOG_ACQUISITION_TIMESTAMP,us-pa-pittsburgh-hazelwood,MAP_METADATA_PRESENT_RUNTIME_SUPPORT_NOT_CERTIFIED,true,NO_DUPLICATE_SESSION_ID_FROZEN_SOURCE_ALIASES_CANONICALIZED,CANDIDATE_POOL_ONLY_NO_FINAL_V_OR_C_RESERVATION,AMBIGUOUS_EXECUTION_INITIAL_STATE_NOT_BOUND,AMBIGUOUS_OFFICIAL_NATIVE_ROUTE_NOT_BOUND,AMBIGUOUS_EXECUTION_EXTRACTION_NOT_BOUND,BLOCKED_PRODUCTION_CALLBACK_CHAIN_NOT_BOUND,AMBIGUOUS_METADATA_INCOMPLETE,COMPLETE,INCOMPLETE_PRECONTEXT_AND_EXECUTION_BINDING,BLOCKED_SHARED_ENGINEERING_CONTRACT,NOT_CERTIFIED,2021.09.15.17.01.41_veh-45
2021.09.15.17.41.38_veh-45,COMPLETE_UNIQUE_FROZEN_SESSION_KEY,E1_UNRELATED_HISTORICAL_USE,CANDIDATE,true,true,false,6,COMPLETE_FROZEN_LOG_KEYS,16607,COMPLETE_FROZEN_COUNT_AND_HASH,COMPLETE_LOG_ACQUISITION_TIMESTAMP,us-pa-pittsburgh-hazelwood,MAP_METADATA_PRESENT_RUNTIME_SUPPORT_NOT_CERTIFIED,true,NO_DUPLICATE_SESSION_ID_FROZEN_SOURCE_ALIASES_CANONICALIZED,CANDIDATE_POOL_ONLY_NO_FINAL_V_OR_C_RESERVATION,AMBIGUOUS_EXECUTION_INITIAL_STATE_NOT_BOUND,AMBIGUOUS_OFFICIAL_NATIVE_ROUTE_NOT_BOUND,AMBIGUOUS_EXECUTION_EXTRACTION_NOT_BOUND,BLOCKED_PRODUCTION_CALLBACK_CHAIN_NOT_BOUND,AMBIGUOUS_METADATA_INCOMPLETE,COMPLETE,INCOMPLETE_PRECONTEXT_AND_EXECUTION_BINDING,BLOCKED_SHARED_ENGINEERING_CONTRACT,NOT_CERTIFIED,2021.09.15.17.41.38_veh-45
2021.09.15.18.28.05_veh-45,COMPLETE_UNIQUE_FROZEN_SESSION_KEY,E1_UNRELATED_HISTORICAL_USE,CANDIDATE,true,true,false,5,COMPLETE_FROZEN_LOG_KEYS,20105,COMPLETE_FROZEN_COUNT_AND_HASH,COMPLETE_LOG_ACQUISITION_TIMESTAMP,us-pa-pittsburgh-hazelwood,MAP_METADATA_PRESENT_RUNTIME_SUPPORT_NOT_CERTIFIED,true,NO_DUPLICATE_SESSION_ID_FROZEN_SOURCE_ALIASES_CANONICALIZED,CANDIDATE_POOL_ONLY_NO_FINAL_V_OR_C_RESERVATION,AMBIGUOUS_EXECUTION_INITIAL_STATE_NOT_BOUND,AMBIGUOUS_OFFICIAL_NATIVE_ROUTE_NOT_BOUND,AMBIGUOUS_EXECUTION_EXTRACTION_NOT_BOUND,BLOCKED_PRODUCTION_CALLBACK_CHAIN_NOT_BOUND,AMBIGUOUS_METADATA_INCOMPLETE,COMPLETE,INCOMPLETE_PRECONTEXT_AND_EXECUTION_BINDING,BLOCKED_SHARED_ENGINEERING_CONTRACT,NOT_CERTIFIED,2021.09.15.18.28.05_veh-45
2021.09.16.15.12.03_veh-42,COMPLETE_UNIQUE_FROZEN_SESSION_KEY,E3_PRIMARY_METHOD_DEVELOPMENT,EXCLUDED_E3_E4,false,false,false,1,COMPLETE_FROZEN_LOG_KEYS,5662,COMPLETE_FROZEN_COUNT_AND_HASH,COMPLETE_LOG_ACQUISITION_TIMESTAMP,us-pa-pittsburgh-hazelwood,NOT_ASSESSED_POLICY_EXCLUDED,true,NO_DUPLICATE_SESSION_ID_FROZEN_SOURCE_ALIASES_CANONICALIZED,DEVELOPMENT_ONLY_EXCLUDED_FROM_PRIMARY_V,NOT_ASSESSED_POLICY_EXCLUDED,NOT_ASSESSED_POLICY_EXCLUDED,NOT_ASSESSED_POLICY_EXCLUDED,NOT_APPLICABLE_POLICY_EXCLUDED,INELIGIBLE_E3_E4,COMPLETE,NOT_APPLICABLE_POLICY_EXCLUDED,NOT_APPLICABLE_POLICY_EXCLUDED,NOT_CERTIFIED,2021.09.16.15.12.03_veh-42
2021.09.17.12.58.10_veh-45,COMPLETE_UNIQUE_FROZEN_SESSION_KEY,E1_UNRELATED_HISTORICAL_USE,CANDIDATE,true,true,false,9,COMPLETE_FROZEN_LOG_KEYS,27308,COMPLETE_FROZEN_COUNT_AND_HASH,COMPLETE_LOG_ACQUISITION_TIMESTAMP,us-pa-pittsburgh-hazelwood,MAP_METADATA_PRESENT_RUNTIME_SUPPORT_NOT_CERTIFIED,true,NO_DUPLICATE_SESSION_ID_FROZEN_SOURCE_ALIASES_CANONICALIZED,CANDIDATE_POOL_ONLY_NO_FINAL_V_OR_C_RESERVATION,AMBIGUOUS_EXECUTION_INITIAL_STATE_NOT_BOUND,AMBIGUOUS_OFFICIAL_NATIVE_ROUTE_NOT_BOUND,AMBIGUOUS_EXECUTION_EXTRACTION_NOT_BOUND,BLOCKED_PRODUCTION_CALLBACK_CHAIN_NOT_BOUND,AMBIGUOUS_METADATA_INCOMPLETE,COMPLETE,INCOMPLETE_PRECONTEXT_AND_EXECUTION_BINDING,BLOCKED_SHARED_ENGINEERING_CONTRACT,NOT_CERTIFIED,2021.09.17.12.58.10_veh-45
2021.09.17.13.27.08_veh-42,COMPLETE_UNIQUE_FROZEN_SESSION_KEY,E1_UNRELATED_HISTORICAL_USE,CANDIDATE,true,true,false,5,COMPLETE_FROZEN_LOG_KEYS,15674,COMPLETE_FROZEN_COUNT_AND_HASH,COMPLETE_LOG_ACQUISITION_TIMESTAMP,us-pa-pittsburgh-hazelwood,MAP_METADATA_PRESENT_RUNTIME_SUPPORT_NOT_CERTIFIED,true,NO_DUPLICATE_SESSION_ID_FROZEN_SOURCE_ALIASES_CANONICALIZED,CANDIDATE_POOL_ONLY_NO_FINAL_V_OR_C_RESERVATION,AMBIGUOUS_EXECUTION_INITIAL_STATE_NOT_BOUND,AMBIGUOUS_OFFICIAL_NATIVE_ROUTE_NOT_BOUND,AMBIGUOUS_EXECUTION_EXTRACTION_NOT_BOUND,BLOCKED_PRODUCTION_CALLBACK_CHAIN_NOT_BOUND,AMBIGUOUS_METADATA_INCOMPLETE,COMPLETE,INCOMPLETE_PRECONTEXT_AND_EXECUTION_BINDING,BLOCKED_SHARED_ENGINEERING_CONTRACT,NOT_CERTIFIED,2021.09.17.13.27.08_veh-42
2021.09.17.14.16.10_veh-42,COMPLETE_UNIQUE_FROZEN_SESSION_KEY,E1_UNRELATED_HISTORICAL_USE,CANDIDATE,true,true,false,8,COMPLETE_FROZEN_LOG_KEYS,13040,COMPLETE_FROZEN_COUNT_AND_HASH,COMPLETE_LOG_ACQUISITION_TIMESTAMP,us-pa-pittsburgh-hazelwood,MAP_METADATA_PRESENT_RUNTIME_SUPPORT_NOT_CERTIFIED,true,NO_DUPLICATE_SESSION_ID_FROZEN_SOURCE_ALIASES_CANONICALIZED,CANDIDATE_POOL_ONLY_NO_FINAL_V_OR_C_RESERVATION,AMBIGUOUS_EXECUTION_INITIAL_STATE_NOT_BOUND,AMBIGUOUS_OFFICIAL_NATIVE_ROUTE_NOT_BOUND,AMBIGUOUS_EXECUTION_EXTRACTION_NOT_BOUND,BLOCKED_PRODUCTION_CALLBACK_CHAIN_NOT_BOUND,AMBIGUOUS_METADATA_INCOMPLETE,COMPLETE,INCOMPLETE_PRECONTEXT_AND_EXECUTION_BINDING,BLOCKED_SHARED_ENGINEERING_CONTRACT,NOT_CERTIFIED,2021.09.17.14.16.10_veh-42
2021.09.17.14.16.24_veh-45,COMPLETE_UNIQUE_FROZEN_SESSION_KEY,E1_UNRELATED_HISTORICAL_USE,CANDIDATE,true,true,false,7,COMPLETE_FROZEN_LOG_KEYS,33427,COMPLETE_FROZEN_COUNT_AND_HASH,COMPLETE_LOG_ACQUISITION_TIMESTAMP,us-pa-pittsburgh-hazelwood,MAP_METADATA_PRESENT_RUNTIME_SUPPORT_NOT_CERTIFIED,true,NO_DUPLICATE_SESSION_ID_FROZEN_SOURCE_ALIASES_CANONICALIZED,CANDIDATE_POOL_ONLY_NO_FINAL_V_OR_C_RESERVATION,AMBIGUOUS_EXECUTION_INITIAL_STATE_NOT_BOUND,AMBIGUOUS_OFFICIAL_NATIVE_ROUTE_NOT_BOUND,AMBIGUOUS_EXECUTION_EXTRACTION_NOT_BOUND,BLOCKED_PRODUCTION_CALLBACK_CHAIN_NOT_BOUND,AMBIGUOUS_METADATA_INCOMPLETE,COMPLETE,INCOMPLETE_PRECONTEXT_AND_EXECUTION_BINDING,BLOCKED_SHARED_ENGINEERING_CONTRACT,NOT_CERTIFIED,2021.09.17.14.16.24_veh-45
2021.09.17.14.49.23_veh-42,COMPLETE_UNIQUE_FROZEN_SESSION_KEY,E2_BENCHMARK_ENGINEERING,CANDIDATE,false,true,false,12,COMPLETE_FROZEN_LOG_KEYS,25954,COMPLETE_FROZEN_COUNT_AND_HASH,COMPLETE_LOG_ACQUISITION_TIMESTAMP,us-pa-pittsburgh-hazelwood,MAP_METADATA_PRESENT_RUNTIME_SUPPORT_NOT_CERTIFIED,true,NO_DUPLICATE_SESSION_ID_FROZEN_SOURCE_ALIASES_CANONICALIZED,CANDIDATE_POOL_ONLY_NO_FINAL_V_OR_C_RESERVATION,AMBIGUOUS_EXECUTION_INITIAL_STATE_NOT_BOUND,AMBIGUOUS_OFFICIAL_NATIVE_ROUTE_NOT_BOUND,AMBIGUOUS_EXECUTION_EXTRACTION_NOT_BOUND,BLOCKED_PRODUCTION_CALLBACK_CHAIN_NOT_BOUND,AMBIGUOUS_METADATA_INCOMPLETE,COMPLETE,INCOMPLETE_PRECONTEXT_AND_EXECUTION_BINDING,BLOCKED_SHARED_ENGINEERING_CONTRACT,NOT_CERTIFIED,2021.09.17.14.49.23_veh-42
2021.09.17.16.35.20_veh-45,COMPLETE_UNIQUE_FROZEN_SESSION_KEY,E2_BENCHMARK_ENGINEERING,CANDIDATE,false,true,false,14,COMPLETE_FROZEN_LOG_KEYS,30749,COMPLETE_FROZEN_COUNT_AND_HASH,COMPLETE_LOG_ACQUISITION_TIMESTAMP,us-pa-pittsburgh-hazelwood,MAP_METADATA_PRESENT_RUNTIME_SUPPORT_NOT_CERTIFIED,true,NO_DUPLICATE_SESSION_ID_FROZEN_SOURCE_ALIASES_CANONICALIZED,CANDIDATE_POOL_ONLY_NO_FINAL_V_OR_C_RESERVATION,AMBIGUOUS_EXECUTION_INITIAL_STATE_NOT_BOUND,AMBIGUOUS_OFFICIAL_NATIVE_ROUTE_NOT_BOUND,AMBIGUOUS_EXECUTION_EXTRACTION_NOT_BOUND,BLOCKED_PRODUCTION_CALLBACK_CHAIN_NOT_BOUND,AMBIGUOUS_METADATA_INCOMPLETE,COMPLETE,INCOMPLETE_PRECONTEXT_AND_EXECUTION_BINDING,BLOCKED_SHARED_ENGINEERING_CONTRACT,NOT_CERTIFIED,2021.09.17.16.35.20_veh-45
2021.09.17.17.36.45_veh-45,COMPLETE_UNIQUE_FROZEN_SESSION_KEY,E1_UNRELATED_HISTORICAL_USE,CANDIDATE,true,true,false,5,COMPLETE_FROZEN_LOG_KEYS,13433,COMPLETE_FROZEN_COUNT_AND_HASH,COMPLETE_LOG_ACQUISITION_TIMESTAMP,us-pa-pittsburgh-hazelwood,MAP_METADATA_PRESENT_RUNTIME_SUPPORT_NOT_CERTIFIED,true,NO_DUPLICATE_SESSION_ID_FROZEN_SOURCE_ALIASES_CANONICALIZED,CANDIDATE_POOL_ONLY_NO_FINAL_V_OR_C_RESERVATION,AMBIGUOUS_EXECUTION_INITIAL_STATE_NOT_BOUND,AMBIGUOUS_OFFICIAL_NATIVE_ROUTE_NOT_BOUND,AMBIGUOUS_EXECUTION_EXTRACTION_NOT_BOUND,BLOCKED_PRODUCTION_CALLBACK_CHAIN_NOT_BOUND,AMBIGUOUS_METADATA_INCOMPLETE,COMPLETE,INCOMPLETE_PRECONTEXT_AND_EXECUTION_BINDING,BLOCKED_SHARED_ENGINEERING_CONTRACT,NOT_CERTIFIED,2021.09.17.17.36.45_veh-45
2021.09.17.18.16.32_veh-45,COMPLETE_UNIQUE_FROZEN_SESSION_KEY,E1_UNRELATED_HISTORICAL_USE,CANDIDATE,true,true,false,9,COMPLETE_FROZEN_LOG_KEYS,36753,COMPLETE_FROZEN_COUNT_AND_HASH,COMPLETE_LOG_ACQUISITION_TIMESTAMP,us-pa-pittsburgh-hazelwood,MAP_METADATA_PRESENT_RUNTIME_SUPPORT_NOT_CERTIFIED,true,NO_DUPLICATE_SESSION_ID_FROZEN_SOURCE_ALIASES_CANONICALIZED,CANDIDATE_POOL_ONLY_NO_FINAL_V_OR_C_RESERVATION,AMBIGUOUS_EXECUTION_INITIAL_STATE_NOT_BOUND,AMBIGUOUS_OFFICIAL_NATIVE_ROUTE_NOT_BOUND,AMBIGUOUS_EXECUTION_EXTRACTION_NOT_BOUND,BLOCKED_PRODUCTION_CALLBACK_CHAIN_NOT_BOUND,AMBIGUOUS_METADATA_INCOMPLETE,COMPLETE,INCOMPLETE_PRECONTEXT_AND_EXECUTION_BINDING,BLOCKED_SHARED_ENGINEERING_CONTRACT,NOT_CERTIFIED,2021.09.17.18.16.32_veh-45
2021.09.17.18.42.25_veh-08,COMPLETE_UNIQUE_FROZEN_SESSION_KEY,E1_UNRELATED_HISTORICAL_USE,CANDIDATE,true,true,false,7,COMPLETE_FROZEN_LOG_KEYS,35013,COMPLETE_FROZEN_COUNT_AND_HASH,COMPLETE_LOG_ACQUISITION_TIMESTAMP,us-pa-pittsburgh-hazelwood,MAP_METADATA_PRESENT_RUNTIME_SUPPORT_NOT_CERTIFIED,true,NO_DUPLICATE_SESSION_ID_FROZEN_SOURCE_ALIASES_CANONICALIZED,CANDIDATE_POOL_ONLY_NO_FINAL_V_OR_C_RESERVATION,AMBIGUOUS_EXECUTION_INITIAL_STATE_NOT_BOUND,AMBIGUOUS_OFFICIAL_NATIVE_ROUTE_NOT_BOUND,AMBIGUOUS_EXECUTION_EXTRACTION_NOT_BOUND,BLOCKED_PRODUCTION_CALLBACK_CHAIN_NOT_BOUND,AMBIGUOUS_METADATA_INCOMPLETE,COMPLETE,INCOMPLETE_PRECONTEXT_AND_EXECUTION_BINDING,BLOCKED_SHARED_ENGINEERING_CONTRACT,NOT_CERTIFIED,2021.09.17.18.42.25_veh-08
2021.09.17.19.20.02_veh-45,COMPLETE_UNIQUE_FROZEN_SESSION_KEY,E2_BENCHMARK_ENGINEERING,CANDIDATE,false,true,false,13,COMPLETE_FROZEN_LOG_KEYS,37271,COMPLETE_FROZEN_COUNT_AND_HASH,COMPLETE_LOG_ACQUISITION_TIMESTAMP,us-pa-pittsburgh-hazelwood,MAP_METADATA_PRESENT_RUNTIME_SUPPORT_NOT_CERTIFIED,true,NO_DUPLICATE_SESSION_ID_FROZEN_SOURCE_ALIASES_CANONICALIZED,CANDIDATE_POOL_ONLY_NO_FINAL_V_OR_C_RESERVATION,AMBIGUOUS_EXECUTION_INITIAL_STATE_NOT_BOUND,AMBIGUOUS_OFFICIAL_NATIVE_ROUTE_NOT_BOUND,AMBIGUOUS_EXECUTION_EXTRACTION_NOT_BOUND,BLOCKED_PRODUCTION_CALLBACK_CHAIN_NOT_BOUND,AMBIGUOUS_METADATA_INCOMPLETE,COMPLETE,INCOMPLETE_PRECONTEXT_AND_EXECUTION_BINDING,BLOCKED_SHARED_ENGINEERING_CONTRACT,NOT_CERTIFIED,2021.09.17.19.20.02_veh-45
2021.09.17.19.38.59_veh-08,COMPLETE_UNIQUE_FROZEN_SESSION_KEY,E1_UNRELATED_HISTORICAL_USE,CANDIDATE,true,true,false,4,COMPLETE_FROZEN_LOG_KEYS,34502,COMPLETE_FROZEN_COUNT_AND_HASH,COMPLETE_LOG_ACQUISITION_TIMESTAMP,us-pa-pittsburgh-hazelwood,MAP_METADATA_PRESENT_RUNTIME_SUPPORT_NOT_CERTIFIED,true,NO_DUPLICATE_SESSION_ID_FROZEN_SOURCE_ALIASES_CANONICALIZED,CANDIDATE_POOL_ONLY_NO_FINAL_V_OR_C_RESERVATION,AMBIGUOUS_EXECUTION_INITIAL_STATE_NOT_BOUND,AMBIGUOUS_OFFICIAL_NATIVE_ROUTE_NOT_BOUND,AMBIGUOUS_EXECUTION_EXTRACTION_NOT_BOUND,BLOCKED_PRODUCTION_CALLBACK_CHAIN_NOT_BOUND,AMBIGUOUS_METADATA_INCOMPLETE,COMPLETE,INCOMPLETE_PRECONTEXT_AND_EXECUTION_BINDING,BLOCKED_SHARED_ENGINEERING_CONTRACT,NOT_CERTIFIED,2021.09.17.19.38.59_veh-08
2021.09.17.20.30.55_veh-08,COMPLETE_UNIQUE_FROZEN_SESSION_KEY,E1_UNRELATED_HISTORICAL_USE,CANDIDATE,true,true,false,6,COMPLETE_FROZEN_LOG_KEYS,33877,COMPLETE_FROZEN_COUNT_AND_HASH,COMPLETE_LOG_ACQUISITION_TIMESTAMP,us-pa-pittsburgh-hazelwood,MAP_METADATA_PRESENT_RUNTIME_SUPPORT_NOT_CERTIFIED,true,NO_DUPLICATE_SESSION_ID_FROZEN_SOURCE_ALIASES_CANONICALIZED,CANDIDATE_POOL_ONLY_NO_FINAL_V_OR_C_RESERVATION,AMBIGUOUS_EXECUTION_INITIAL_STATE_NOT_BOUND,AMBIGUOUS_OFFICIAL_NATIVE_ROUTE_NOT_BOUND,AMBIGUOUS_EXECUTION_EXTRACTION_NOT_BOUND,BLOCKED_PRODUCTION_CALLBACK_CHAIN_NOT_BOUND,AMBIGUOUS_METADATA_INCOMPLETE,COMPLETE,INCOMPLETE_PRECONTEXT_AND_EXECUTION_BINDING,BLOCKED_SHARED_ENGINEERING_CONTRACT,NOT_CERTIFIED,2021.09.17.20.30.55_veh-08
2021.09.17.20.31.03_veh-45,COMPLETE_UNIQUE_FROZEN_SESSION_KEY,E1_UNRELATED_HISTORICAL_USE,CANDIDATE,true,true,false,5,COMPLETE_FROZEN_LOG_KEYS,17747,COMPLETE_FROZEN_COUNT_AND_HASH,COMPLETE_LOG_ACQUISITION_TIMESTAMP,us-pa-pittsburgh-hazelwood,MAP_METADATA_PRESENT_RUNTIME_SUPPORT_NOT_CERTIFIED,true,NO_DUPLICATE_SESSION_ID_FROZEN_SOURCE_ALIASES_CANONICALIZED,CANDIDATE_POOL_ONLY_NO_FINAL_V_OR_C_RESERVATION,AMBIGUOUS_EXECUTION_INITIAL_STATE_NOT_BOUND,AMBIGUOUS_OFFICIAL_NATIVE_ROUTE_NOT_BOUND,AMBIGUOUS_EXECUTION_EXTRACTION_NOT_BOUND,BLOCKED_PRODUCTION_CALLBACK_CHAIN_NOT_BOUND,AMBIGUOUS_METADATA_INCOMPLETE,COMPLETE,INCOMPLETE_PRECONTEXT_AND_EXECUTION_BINDING,BLOCKED_SHARED_ENGINEERING_CONTRACT,NOT_CERTIFIED,2021.09.17.20.31.03_veh-45
2021.09.20.12.58.53_veh-42,COMPLETE_UNIQUE_FROZEN_SESSION_KEY,E2_BENCHMARK_ENGINEERING,CANDIDATE,false,true,false,10,COMPLETE_FROZEN_LOG_KEYS,29402,COMPLETE_FROZEN_COUNT_AND_HASH,COMPLETE_LOG_ACQUISITION_TIMESTAMP,us-pa-pittsburgh-hazelwood,MAP_METADATA_PRESENT_RUNTIME_SUPPORT_NOT_CERTIFIED,true,NO_DUPLICATE_SESSION_ID_FROZEN_SOURCE_ALIASES_CANONICALIZED,CANDIDATE_POOL_ONLY_NO_FINAL_V_OR_C_RESERVATION,AMBIGUOUS_EXECUTION_INITIAL_STATE_NOT_BOUND,AMBIGUOUS_OFFICIAL_NATIVE_ROUTE_NOT_BOUND,AMBIGUOUS_EXECUTION_EXTRACTION_NOT_BOUND,BLOCKED_PRODUCTION_CALLBACK_CHAIN_NOT_BOUND,AMBIGUOUS_METADATA_INCOMPLETE,COMPLETE,INCOMPLETE_PRECONTEXT_AND_EXECUTION_BINDING,BLOCKED_SHARED_ENGINEERING_CONTRACT,NOT_CERTIFIED,2021.09.20.12.58.53_veh-42
2021.09.20.13.46.45_veh-42,COMPLETE_UNIQUE_FROZEN_SESSION_KEY,E1_UNRELATED_HISTORICAL_USE,CANDIDATE,true,true,false,8,COMPLETE_FROZEN_LOG_KEYS,24907,COMPLETE_FROZEN_COUNT_AND_HASH,COMPLETE_LOG_ACQUISITION_TIMESTAMP,us-pa-pittsburgh-hazelwood,MAP_METADATA_PRESENT_RUNTIME_SUPPORT_NOT_CERTIFIED,true,NO_DUPLICATE_SESSION_ID_FROZEN_SOURCE_ALIASES_CANONICALIZED,CANDIDATE_POOL_ONLY_NO_FINAL_V_OR_C_RESERVATION,AMBIGUOUS_EXECUTION_INITIAL_STATE_NOT_BOUND,AMBIGUOUS_OFFICIAL_NATIVE_ROUTE_NOT_BOUND,AMBIGUOUS_EXECUTION_EXTRACTION_NOT_BOUND,BLOCKED_PRODUCTION_CALLBACK_CHAIN_NOT_BOUND,AMBIGUOUS_METADATA_INCOMPLETE,COMPLETE,INCOMPLETE_PRECONTEXT_AND_EXECUTION_BINDING,BLOCKED_SHARED_ENGINEERING_CONTRACT,NOT_CERTIFIED,2021.09.20.13.46.45_veh-42
2021.09.20.14.04.18_veh-08,COMPLETE_UNIQUE_FROZEN_SESSION_KEY,E1_UNRELATED_HISTORICAL_USE,CANDIDATE,true,true,false,8,COMPLETE_FROZEN_LOG_KEYS,28031,COMPLETE_FROZEN_COUNT_AND_HASH,COMPLETE_LOG_ACQUISITION_TIMESTAMP,us-pa-pittsburgh-hazelwood,MAP_METADATA_PRESENT_RUNTIME_SUPPORT_NOT_CERTIFIED,true,NO_DUPLICATE_SESSION_ID_FROZEN_SOURCE_ALIASES_CANONICALIZED,CANDIDATE_POOL_ONLY_NO_FINAL_V_OR_C_RESERVATION,AMBIGUOUS_EXECUTION_INITIAL_STATE_NOT_BOUND,AMBIGUOUS_OFFICIAL_NATIVE_ROUTE_NOT_BOUND,AMBIGUOUS_EXECUTION_EXTRACTION_NOT_BOUND,BLOCKED_PRODUCTION_CALLBACK_CHAIN_NOT_BOUND,AMBIGUOUS_METADATA_INCOMPLETE,COMPLETE,INCOMPLETE_PRECONTEXT_AND_EXECUTION_BINDING,BLOCKED_SHARED_ENGINEERING_CONTRACT,NOT_CERTIFIED,2021.09.20.14.04.18_veh-08
2021.09.20.14.38.07_veh-42,COMPLETE_UNIQUE_FROZEN_SESSION_KEY,E1_UNRELATED_HISTORICAL_USE,CANDIDATE,true,true,false,12,COMPLETE_FROZEN_LOG_KEYS,27337,COMPLETE_FROZEN_COUNT_AND_HASH,COMPLETE_LOG_ACQUISITION_TIMESTAMP,us-pa-pittsburgh-hazelwood,MAP_METADATA_PRESENT_RUNTIME_SUPPORT_NOT_CERTIFIED,true,NO_DUPLICATE_SESSION_ID_FROZEN_SOURCE_ALIASES_CANONICALIZED,CANDIDATE_POOL_ONLY_NO_FINAL_V_OR_C_RESERVATION,AMBIGUOUS_EXECUTION_INITIAL_STATE_NOT_BOUND,AMBIGUOUS_OFFICIAL_NATIVE_ROUTE_NOT_BOUND,AMBIGUOUS_EXECUTION_EXTRACTION_NOT_BOUND,BLOCKED_PRODUCTION_CALLBACK_CHAIN_NOT_BOUND,AMBIGUOUS_METADATA_INCOMPLETE,COMPLETE,INCOMPLETE_PRECONTEXT_AND_EXECUTION_BINDING,BLOCKED_SHARED_ENGINEERING_CONTRACT,NOT_CERTIFIED,2021.09.20.14.38.07_veh-42
2021.09.20.14.50.11_veh-08,COMPLETE_UNIQUE_FROZEN_SESSION_KEY,E1_UNRELATED_HISTORICAL_USE,CANDIDATE,true,true,false,4,COMPLETE_FROZEN_LOG_KEYS,18856,COMPLETE_FROZEN_COUNT_AND_HASH,COMPLETE_LOG_ACQUISITION_TIMESTAMP,us-pa-pittsburgh-hazelwood,MAP_METADATA_PRESENT_RUNTIME_SUPPORT_NOT_CERTIFIED,true,NO_DUPLICATE_SESSION_ID_FROZEN_SOURCE_ALIASES_CANONICALIZED,CANDIDATE_POOL_ONLY_NO_FINAL_V_OR_C_RESERVATION,AMBIGUOUS_EXECUTION_INITIAL_STATE_NOT_BOUND,AMBIGUOUS_OFFICIAL_NATIVE_ROUTE_NOT_BOUND,AMBIGUOUS_EXECUTION_EXTRACTION_NOT_BOUND,BLOCKED_PRODUCTION_CALLBACK_CHAIN_NOT_BOUND,AMBIGUOUS_METADATA_INCOMPLETE,COMPLETE,INCOMPLETE_PRECONTEXT_AND_EXECUTION_BINDING,BLOCKED_SHARED_ENGINEERING_CONTRACT,NOT_CERTIFIED,2021.09.20.14.50.11_veh-08
2021.09.20.17.01.23_veh-08,COMPLETE_UNIQUE_FROZEN_SESSION_KEY,E1_UNRELATED_HISTORICAL_USE,CANDIDATE,true,true,false,4,COMPLETE_FROZEN_LOG_KEYS,16632,COMPLETE_FROZEN_COUNT_AND_HASH,COMPLETE_LOG_ACQUISITION_TIMESTAMP,us-pa-pittsburgh-hazelwood,MAP_METADATA_PRESENT_RUNTIME_SUPPORT_NOT_CERTIFIED,true,NO_DUPLICATE_SESSION_ID_FROZEN_SOURCE_ALIASES_CANONICALIZED,CANDIDATE_POOL_ONLY_NO_FINAL_V_OR_C_RESERVATION,AMBIGUOUS_EXECUTION_INITIAL_STATE_NOT_BOUND,AMBIGUOUS_OFFICIAL_NATIVE_ROUTE_NOT_BOUND,AMBIGUOUS_EXECUTION_EXTRACTION_NOT_BOUND,BLOCKED_PRODUCTION_CALLBACK_CHAIN_NOT_BOUND,AMBIGUOUS_METADATA_INCOMPLETE,COMPLETE,INCOMPLETE_PRECONTEXT_AND_EXECUTION_BINDING,BLOCKED_SHARED_ENGINEERING_CONTRACT,NOT_CERTIFIED,2021.09.20.17.01.23_veh-08
2021.09.20.17.42.50_veh-08,COMPLETE_UNIQUE_FROZEN_SESSION_KEY,E2_BENCHMARK_ENGINEERING,CANDIDATE,false,true,false,5,COMPLETE_FROZEN_LOG_KEYS,19014,COMPLETE_FROZEN_COUNT_AND_HASH,COMPLETE_LOG_ACQUISITION_TIMESTAMP,us-pa-pittsburgh-hazelwood,MAP_METADATA_PRESENT_RUNTIME_SUPPORT_NOT_CERTIFIED,true,NO_DUPLICATE_SESSION_ID_FROZEN_SOURCE_ALIASES_CANONICALIZED,CANDIDATE_POOL_ONLY_NO_FINAL_V_OR_C_RESERVATION,AMBIGUOUS_EXECUTION_INITIAL_STATE_NOT_BOUND,AMBIGUOUS_OFFICIAL_NATIVE_ROUTE_NOT_BOUND,AMBIGUOUS_EXECUTION_EXTRACTION_NOT_BOUND,BLOCKED_PRODUCTION_CALLBACK_CHAIN_NOT_BOUND,AMBIGUOUS_METADATA_INCOMPLETE,COMPLETE,INCOMPLETE_PRECONTEXT_AND_EXECUTION_BINDING,BLOCKED_SHARED_ENGINEERING_CONTRACT,NOT_CERTIFIED,2021.09.20.17.42.50_veh-08
2021.09.20.18.15.46_veh-08,COMPLETE_UNIQUE_FROZEN_SESSION_KEY,E1_UNRELATED_HISTORICAL_USE,CANDIDATE,true,true,false,6,COMPLETE_FROZEN_LOG_KEYS,12872,COMPLETE_FROZEN_COUNT_AND_HASH,COMPLETE_LOG_ACQUISITION_TIMESTAMP,us-pa-pittsburgh-hazelwood,MAP_METADATA_PRESENT_RUNTIME_SUPPORT_NOT_CERTIFIED,true,NO_DUPLICATE_SESSION_ID_FROZEN_SOURCE_ALIASES_CANONICALIZED,CANDIDATE_POOL_ONLY_NO_FINAL_V_OR_C_RESERVATION,AMBIGUOUS_EXECUTION_INITIAL_STATE_NOT_BOUND,AMBIGUOUS_OFFICIAL_NATIVE_ROUTE_NOT_BOUND,AMBIGUOUS_EXECUTION_EXTRACTION_NOT_BOUND,BLOCKED_PRODUCTION_CALLBACK_CHAIN_NOT_BOUND,AMBIGUOUS_METADATA_INCOMPLETE,COMPLETE,INCOMPLETE_PRECONTEXT_AND_EXECUTION_BINDING,BLOCKED_SHARED_ENGINEERING_CONTRACT,NOT_CERTIFIED,2021.09.20.18.15.46_veh-08
2021.09.20.18.55.11_veh-08,COMPLETE_UNIQUE_FROZEN_SESSION_KEY,E1_UNRELATED_HISTORICAL_USE,CANDIDATE,true,true,false,5,COMPLETE_FROZEN_LOG_KEYS,12663,COMPLETE_FROZEN_COUNT_AND_HASH,COMPLETE_LOG_ACQUISITION_TIMESTAMP,us-pa-pittsburgh-hazelwood,MAP_METADATA_PRESENT_RUNTIME_SUPPORT_NOT_CERTIFIED,true,NO_DUPLICATE_SESSION_ID_FROZEN_SOURCE_ALIASES_CANONICALIZED,CANDIDATE_POOL_ONLY_NO_FINAL_V_OR_C_RESERVATION,AMBIGUOUS_EXECUTION_INITIAL_STATE_NOT_BOUND,AMBIGUOUS_OFFICIAL_NATIVE_ROUTE_NOT_BOUND,AMBIGUOUS_EXECUTION_EXTRACTION_NOT_BOUND,BLOCKED_PRODUCTION_CALLBACK_CHAIN_NOT_BOUND,AMBIGUOUS_METADATA_INCOMPLETE,COMPLETE,INCOMPLETE_PRECONTEXT_AND_EXECUTION_BINDING,BLOCKED_SHARED_ENGINEERING_CONTRACT,NOT_CERTIFIED,2021.09.20.18.55.11_veh-08
2021.09.20.19.38.32_veh-08,COMPLETE_UNIQUE_FROZEN_SESSION_KEY,E1_UNRELATED_HISTORICAL_USE,CANDIDATE,true,true,false,7,COMPLETE_FROZEN_LOG_KEYS,34792,COMPLETE_FROZEN_COUNT_AND_HASH,COMPLETE_LOG_ACQUISITION_TIMESTAMP,us-pa-pittsburgh-hazelwood,MAP_METADATA_PRESENT_RUNTIME_SUPPORT_NOT_CERTIFIED,true,NO_DUPLICATE_SESSION_ID_FROZEN_SOURCE_ALIASES_CANONICALIZED,CANDIDATE_POOL_ONLY_NO_FINAL_V_OR_C_RESERVATION,AMBIGUOUS_EXECUTION_INITIAL_STATE_NOT_BOUND,AMBIGUOUS_OFFICIAL_NATIVE_ROUTE_NOT_BOUND,AMBIGUOUS_EXECUTION_EXTRACTION_NOT_BOUND,BLOCKED_PRODUCTION_CALLBACK_CHAIN_NOT_BOUND,AMBIGUOUS_METADATA_INCOMPLETE,COMPLETE,INCOMPLETE_PRECONTEXT_AND_EXECUTION_BINDING,BLOCKED_SHARED_ENGINEERING_CONTRACT,NOT_CERTIFIED,2021.09.20.19.38.32_veh-08
2021.09.20.20.32.00_veh-08,COMPLETE_UNIQUE_FROZEN_SESSION_KEY,E1_UNRELATED_HISTORICAL_USE,CANDIDATE,true,true,false,5,COMPLETE_FROZEN_LOG_KEYS,32882,COMPLETE_FROZEN_COUNT_AND_HASH,COMPLETE_LOG_ACQUISITION_TIMESTAMP,us-pa-pittsburgh-hazelwood,MAP_METADATA_PRESENT_RUNTIME_SUPPORT_NOT_CERTIFIED,true,NO_DUPLICATE_SESSION_ID_FROZEN_SOURCE_ALIASES_CANONICALIZED,CANDIDATE_POOL_ONLY_NO_FINAL_V_OR_C_RESERVATION,AMBIGUOUS_EXECUTION_INITIAL_STATE_NOT_BOUND,AMBIGUOUS_OFFICIAL_NATIVE_ROUTE_NOT_BOUND,AMBIGUOUS_EXECUTION_EXTRACTION_NOT_BOUND,BLOCKED_PRODUCTION_CALLBACK_CHAIN_NOT_BOUND,AMBIGUOUS_METADATA_INCOMPLETE,COMPLETE,INCOMPLETE_PRECONTEXT_AND_EXECUTION_BINDING,BLOCKED_SHARED_ENGINEERING_CONTRACT,NOT_CERTIFIED,2021.09.20.20.32.00_veh-08
2021.09.21.16.42.24_veh-08,COMPLETE_UNIQUE_FROZEN_SESSION_KEY,E1_UNRELATED_HISTORICAL_USE,CANDIDATE,true,true,false,10,COMPLETE_FROZEN_LOG_KEYS,24832,COMPLETE_FROZEN_COUNT_AND_HASH,COMPLETE_LOG_ACQUISITION_TIMESTAMP,us-pa-pittsburgh-hazelwood,MAP_METADATA_PRESENT_RUNTIME_SUPPORT_NOT_CERTIFIED,true,NO_DUPLICATE_SESSION_ID_FROZEN_SOURCE_ALIASES_CANONICALIZED,CANDIDATE_POOL_ONLY_NO_FINAL_V_OR_C_RESERVATION,AMBIGUOUS_EXECUTION_INITIAL_STATE_NOT_BOUND,AMBIGUOUS_OFFICIAL_NATIVE_ROUTE_NOT_BOUND,AMBIGUOUS_EXECUTION_EXTRACTION_NOT_BOUND,BLOCKED_PRODUCTION_CALLBACK_CHAIN_NOT_BOUND,AMBIGUOUS_METADATA_INCOMPLETE,COMPLETE,INCOMPLETE_PRECONTEXT_AND_EXECUTION_BINDING,BLOCKED_SHARED_ENGINEERING_CONTRACT,NOT_CERTIFIED,2021.09.21.16.42.24_veh-08
2021.09.21.17.53.12_veh-08,COMPLETE_UNIQUE_FROZEN_SESSION_KEY,E2_BENCHMARK_ENGINEERING,CANDIDATE,false,true,false,15,COMPLETE_FROZEN_LOG_KEYS,27963,COMPLETE_FROZEN_COUNT_AND_HASH,COMPLETE_LOG_ACQUISITION_TIMESTAMP,us-pa-pittsburgh-hazelwood,MAP_METADATA_PRESENT_RUNTIME_SUPPORT_NOT_CERTIFIED,true,NO_DUPLICATE_SESSION_ID_FROZEN_SOURCE_ALIASES_CANONICALIZED,CANDIDATE_POOL_ONLY_NO_FINAL_V_OR_C_RESERVATION,AMBIGUOUS_EXECUTION_INITIAL_STATE_NOT_BOUND,AMBIGUOUS_OFFICIAL_NATIVE_ROUTE_NOT_BOUND,AMBIGUOUS_EXECUTION_EXTRACTION_NOT_BOUND,BLOCKED_PRODUCTION_CALLBACK_CHAIN_NOT_BOUND,AMBIGUOUS_METADATA_INCOMPLETE,COMPLETE,INCOMPLETE_PRECONTEXT_AND_EXECUTION_BINDING,BLOCKED_SHARED_ENGINEERING_CONTRACT,NOT_CERTIFIED,2021.09.21.17.53.12_veh-08
2021.09.21.18.07.37_veh-45,COMPLETE_UNIQUE_FROZEN_SESSION_KEY,E1_UNRELATED_HISTORICAL_USE,CANDIDATE,true,true,false,13,COMPLETE_FROZEN_LOG_KEYS,25528,COMPLETE_FROZEN_COUNT_AND_HASH,COMPLETE_LOG_ACQUISITION_TIMESTAMP,us-pa-pittsburgh-hazelwood,MAP_METADATA_PRESENT_RUNTIME_SUPPORT_NOT_CERTIFIED,true,NO_DUPLICATE_SESSION_ID_FROZEN_SOURCE_ALIASES_CANONICALIZED,CANDIDATE_POOL_ONLY_NO_FINAL_V_OR_C_RESERVATION,AMBIGUOUS_EXECUTION_INITIAL_STATE_NOT_BOUND,AMBIGUOUS_OFFICIAL_NATIVE_ROUTE_NOT_BOUND,AMBIGUOUS_EXECUTION_EXTRACTION_NOT_BOUND,BLOCKED_PRODUCTION_CALLBACK_CHAIN_NOT_BOUND,AMBIGUOUS_METADATA_INCOMPLETE,COMPLETE,INCOMPLETE_PRECONTEXT_AND_EXECUTION_BINDING,BLOCKED_SHARED_ENGINEERING_CONTRACT,NOT_CERTIFIED,2021.09.21.18.07.37_veh-45
2021.09.21.18.54.31_veh-45,COMPLETE_UNIQUE_FROZEN_SESSION_KEY,E1_UNRELATED_HISTORICAL_USE,CANDIDATE,true,true,false,10,COMPLETE_FROZEN_LOG_KEYS,26973,COMPLETE_FROZEN_COUNT_AND_HASH,COMPLETE_LOG_ACQUISITION_TIMESTAMP,us-pa-pittsburgh-hazelwood,MAP_METADATA_PRESENT_RUNTIME_SUPPORT_NOT_CERTIFIED,true,NO_DUPLICATE_SESSION_ID_FROZEN_SOURCE_ALIASES_CANONICALIZED,CANDIDATE_POOL_ONLY_NO_FINAL_V_OR_C_RESERVATION,AMBIGUOUS_EXECUTION_INITIAL_STATE_NOT_BOUND,AMBIGUOUS_OFFICIAL_NATIVE_ROUTE_NOT_BOUND,AMBIGUOUS_EXECUTION_EXTRACTION_NOT_BOUND,BLOCKED_PRODUCTION_CALLBACK_CHAIN_NOT_BOUND,AMBIGUOUS_METADATA_INCOMPLETE,COMPLETE,INCOMPLETE_PRECONTEXT_AND_EXECUTION_BINDING,BLOCKED_SHARED_ENGINEERING_CONTRACT,NOT_CERTIFIED,2021.09.21.18.54.31_veh-45
2021.09.21.19.41.31_veh-45,COMPLETE_UNIQUE_FROZEN_SESSION_KEY,E1_UNRELATED_HISTORICAL_USE,CANDIDATE,true,true,false,8,COMPLETE_FROZEN_LOG_KEYS,28753,COMPLETE_FROZEN_COUNT_AND_HASH,COMPLETE_LOG_ACQUISITION_TIMESTAMP,us-pa-pittsburgh-hazelwood,MAP_METADATA_PRESENT_RUNTIME_SUPPORT_NOT_CERTIFIED,true,NO_DUPLICATE_SESSION_ID_FROZEN_SOURCE_ALIASES_CANONICALIZED,CANDIDATE_POOL_ONLY_NO_FINAL_V_OR_C_RESERVATION,AMBIGUOUS_EXECUTION_INITIAL_STATE_NOT_BOUND,AMBIGUOUS_OFFICIAL_NATIVE_ROUTE_NOT_BOUND,AMBIGUOUS_EXECUTION_EXTRACTION_NOT_BOUND,BLOCKED_PRODUCTION_CALLBACK_CHAIN_NOT_BOUND,AMBIGUOUS_METADATA_INCOMPLETE,COMPLETE,INCOMPLETE_PRECONTEXT_AND_EXECUTION_BINDING,BLOCKED_SHARED_ENGINEERING_CONTRACT,NOT_CERTIFIED,2021.09.21.19.41.31_veh-45
2021.09.21.20.04.35_veh-08,COMPLETE_UNIQUE_FROZEN_SESSION_KEY,E1_UNRELATED_HISTORICAL_USE,CANDIDATE,true,true,false,8,COMPLETE_FROZEN_LOG_KEYS,37407,COMPLETE_FROZEN_COUNT_AND_HASH,COMPLETE_LOG_ACQUISITION_TIMESTAMP,us-pa-pittsburgh-hazelwood,MAP_METADATA_PRESENT_RUNTIME_SUPPORT_NOT_CERTIFIED,true,NO_DUPLICATE_SESSION_ID_FROZEN_SOURCE_ALIASES_CANONICALIZED,CANDIDATE_POOL_ONLY_NO_FINAL_V_OR_C_RESERVATION,AMBIGUOUS_EXECUTION_INITIAL_STATE_NOT_BOUND,AMBIGUOUS_OFFICIAL_NATIVE_ROUTE_NOT_BOUND,AMBIGUOUS_EXECUTION_EXTRACTION_NOT_BOUND,BLOCKED_PRODUCTION_CALLBACK_CHAIN_NOT_BOUND,AMBIGUOUS_METADATA_INCOMPLETE,COMPLETE,INCOMPLETE_PRECONTEXT_AND_EXECUTION_BINDING,BLOCKED_SHARED_ENGINEERING_CONTRACT,NOT_CERTIFIED,2021.09.21.20.04.35_veh-08
2021.09.21.20.37.06_veh-45,COMPLETE_UNIQUE_FROZEN_SESSION_KEY,E2_BENCHMARK_ENGINEERING,CANDIDATE,false,true,false,10,COMPLETE_FROZEN_LOG_KEYS,21130,COMPLETE_FROZEN_COUNT_AND_HASH,COMPLETE_LOG_ACQUISITION_TIMESTAMP,us-pa-pittsburgh-hazelwood,MAP_METADATA_PRESENT_RUNTIME_SUPPORT_NOT_CERTIFIED,true,NO_DUPLICATE_SESSION_ID_FROZEN_SOURCE_ALIASES_CANONICALIZED,CANDIDATE_POOL_ONLY_NO_FINAL_V_OR_C_RESERVATION,AMBIGUOUS_EXECUTION_INITIAL_STATE_NOT_BOUND,AMBIGUOUS_OFFICIAL_NATIVE_ROUTE_NOT_BOUND,AMBIGUOUS_EXECUTION_EXTRACTION_NOT_BOUND,BLOCKED_PRODUCTION_CALLBACK_CHAIN_NOT_BOUND,AMBIGUOUS_METADATA_INCOMPLETE,COMPLETE,INCOMPLETE_PRECONTEXT_AND_EXECUTION_BINDING,BLOCKED_SHARED_ENGINEERING_CONTRACT,NOT_CERTIFIED,2021.09.21.20.37.06_veh-45
2021.09.23.13.07.52_veh-45,COMPLETE_UNIQUE_FROZEN_SESSION_KEY,E2_BENCHMARK_ENGINEERING,CANDIDATE,false,true,false,6,COMPLETE_FROZEN_LOG_KEYS,21790,COMPLETE_FROZEN_COUNT_AND_HASH,COMPLETE_LOG_ACQUISITION_TIMESTAMP,us-pa-pittsburgh-hazelwood,MAP_METADATA_PRESENT_RUNTIME_SUPPORT_NOT_CERTIFIED,true,NO_DUPLICATE_SESSION_ID_FROZEN_SOURCE_ALIASES_CANONICALIZED,CANDIDATE_POOL_ONLY_NO_FINAL_V_OR_C_RESERVATION,AMBIGUOUS_EXECUTION_INITIAL_STATE_NOT_BOUND,AMBIGUOUS_OFFICIAL_NATIVE_ROUTE_NOT_BOUND,AMBIGUOUS_EXECUTION_EXTRACTION_NOT_BOUND,BLOCKED_PRODUCTION_CALLBACK_CHAIN_NOT_BOUND,AMBIGUOUS_METADATA_INCOMPLETE,COMPLETE,INCOMPLETE_PRECONTEXT_AND_EXECUTION_BINDING,BLOCKED_SHARED_ENGINEERING_CONTRACT,NOT_CERTIFIED,2021.09.23.13.07.52_veh-45
2021.09.23.13.54.40_veh-45,COMPLETE_UNIQUE_FROZEN_SESSION_KEY,E1_UNRELATED_HISTORICAL_USE,CANDIDATE,true,true,false,9,COMPLETE_FROZEN_LOG_KEYS,23215,COMPLETE_FROZEN_COUNT_AND_HASH,COMPLETE_LOG_ACQUISITION_TIMESTAMP,us-pa-pittsburgh-hazelwood,MAP_METADATA_PRESENT_RUNTIME_SUPPORT_NOT_CERTIFIED,true,NO_DUPLICATE_SESSION_ID_FROZEN_SOURCE_ALIASES_CANONICALIZED,CANDIDATE_POOL_ONLY_NO_FINAL_V_OR_C_RESERVATION,AMBIGUOUS_EXECUTION_INITIAL_STATE_NOT_BOUND,AMBIGUOUS_OFFICIAL_NATIVE_ROUTE_NOT_BOUND,AMBIGUOUS_EXECUTION_EXTRACTION_NOT_BOUND,BLOCKED_PRODUCTION_CALLBACK_CHAIN_NOT_BOUND,AMBIGUOUS_METADATA_INCOMPLETE,COMPLETE,INCOMPLETE_PRECONTEXT_AND_EXECUTION_BINDING,BLOCKED_SHARED_ENGINEERING_CONTRACT,NOT_CERTIFIED,2021.09.23.13.54.40_veh-45
2021.09.23.14.44.24_veh-45,COMPLETE_UNIQUE_FROZEN_SESSION_KEY,E2_BENCHMARK_ENGINEERING,CANDIDATE,false,true,false,8,COMPLETE_FROZEN_LOG_KEYS,31499,COMPLETE_FROZEN_COUNT_AND_HASH,COMPLETE_LOG_ACQUISITION_TIMESTAMP,us-pa-pittsburgh-hazelwood,MAP_METADATA_PRESENT_RUNTIME_SUPPORT_NOT_CERTIFIED,true,NO_DUPLICATE_SESSION_ID_FROZEN_SOURCE_ALIASES_CANONICALIZED,CANDIDATE_POOL_ONLY_NO_FINAL_V_OR_C_RESERVATION,AMBIGUOUS_EXECUTION_INITIAL_STATE_NOT_BOUND,AMBIGUOUS_OFFICIAL_NATIVE_ROUTE_NOT_BOUND,AMBIGUOUS_EXECUTION_EXTRACTION_NOT_BOUND,BLOCKED_PRODUCTION_CALLBACK_CHAIN_NOT_BOUND,AMBIGUOUS_METADATA_INCOMPLETE,COMPLETE,INCOMPLETE_PRECONTEXT_AND_EXECUTION_BINDING,BLOCKED_SHARED_ENGINEERING_CONTRACT,NOT_CERTIFIED,2021.09.23.14.44.24_veh-45
2021.09.23.17.03.56_veh-45,COMPLETE_UNIQUE_FROZEN_SESSION_KEY,E1_UNRELATED_HISTORICAL_USE,CANDIDATE,true,true,false,9,COMPLETE_FROZEN_LOG_KEYS,31936,COMPLETE_FROZEN_COUNT_AND_HASH,COMPLETE_LOG_ACQUISITION_TIMESTAMP,us-pa-pittsburgh-hazelwood,MAP_METADATA_PRESENT_RUNTIME_SUPPORT_NOT_CERTIFIED,true,NO_DUPLICATE_SESSION_ID_FROZEN_SOURCE_ALIASES_CANONICALIZED,CANDIDATE_POOL_ONLY_NO_FINAL_V_OR_C_RESERVATION,AMBIGUOUS_EXECUTION_INITIAL_STATE_NOT_BOUND,AMBIGUOUS_OFFICIAL_NATIVE_ROUTE_NOT_BOUND,AMBIGUOUS_EXECUTION_EXTRACTION_NOT_BOUND,BLOCKED_PRODUCTION_CALLBACK_CHAIN_NOT_BOUND,AMBIGUOUS_METADATA_INCOMPLETE,COMPLETE,INCOMPLETE_PRECONTEXT_AND_EXECUTION_BINDING,BLOCKED_SHARED_ENGINEERING_CONTRACT,NOT_CERTIFIED,2021.09.23.17.03.56_veh-45
2021.09.23.17.57.13_veh-45,COMPLETE_UNIQUE_FROZEN_SESSION_KEY,E1_UNRELATED_HISTORICAL_USE,CANDIDATE,true,true,false,9,COMPLETE_FROZEN_LOG_KEYS,29889,COMPLETE_FROZEN_COUNT_AND_HASH,COMPLETE_LOG_ACQUISITION_TIMESTAMP,us-pa-pittsburgh-hazelwood,MAP_METADATA_PRESENT_RUNTIME_SUPPORT_NOT_CERTIFIED,true,NO_DUPLICATE_SESSION_ID_FROZEN_SOURCE_ALIASES_CANONICALIZED,CANDIDATE_POOL_ONLY_NO_FINAL_V_OR_C_RESERVATION,AMBIGUOUS_EXECUTION_INITIAL_STATE_NOT_BOUND,AMBIGUOUS_OFFICIAL_NATIVE_ROUTE_NOT_BOUND,AMBIGUOUS_EXECUTION_EXTRACTION_NOT_BOUND,BLOCKED_PRODUCTION_CALLBACK_CHAIN_NOT_BOUND,AMBIGUOUS_METADATA_INCOMPLETE,COMPLETE,INCOMPLETE_PRECONTEXT_AND_EXECUTION_BINDING,BLOCKED_SHARED_ENGINEERING_CONTRACT,NOT_CERTIFIED,2021.09.23.17.57.13_veh-45
2021.09.23.18.57.19_veh-45,COMPLETE_UNIQUE_FROZEN_SESSION_KEY,E1_UNRELATED_HISTORICAL_USE,CANDIDATE,true,true,false,8,COMPLETE_FROZEN_LOG_KEYS,33698,COMPLETE_FROZEN_COUNT_AND_HASH,COMPLETE_LOG_ACQUISITION_TIMESTAMP,us-pa-pittsburgh-hazelwood,MAP_METADATA_PRESENT_RUNTIME_SUPPORT_NOT_CERTIFIED,true,NO_DUPLICATE_SESSION_ID_FROZEN_SOURCE_ALIASES_CANONICALIZED,CANDIDATE_POOL_ONLY_NO_FINAL_V_OR_C_RESERVATION,AMBIGUOUS_EXECUTION_INITIAL_STATE_NOT_BOUND,AMBIGUOUS_OFFICIAL_NATIVE_ROUTE_NOT_BOUND,AMBIGUOUS_EXECUTION_EXTRACTION_NOT_BOUND,BLOCKED_PRODUCTION_CALLBACK_CHAIN_NOT_BOUND,AMBIGUOUS_METADATA_INCOMPLETE,COMPLETE,INCOMPLETE_PRECONTEXT_AND_EXECUTION_BINDING,BLOCKED_SHARED_ENGINEERING_CONTRACT,NOT_CERTIFIED,2021.09.23.18.57.19_veh-45
2021.09.23.19.52.54_veh-45,COMPLETE_UNIQUE_FROZEN_SESSION_KEY,E1_UNRELATED_HISTORICAL_USE,CANDIDATE,true,true,false,9,COMPLETE_FROZEN_LOG_KEYS,24374,COMPLETE_FROZEN_COUNT_AND_HASH,COMPLETE_LOG_ACQUISITION_TIMESTAMP,us-pa-pittsburgh-hazelwood,MAP_METADATA_PRESENT_RUNTIME_SUPPORT_NOT_CERTIFIED,true,NO_DUPLICATE_SESSION_ID_FROZEN_SOURCE_ALIASES_CANONICALIZED,CANDIDATE_POOL_ONLY_NO_FINAL_V_OR_C_RESERVATION,AMBIGUOUS_EXECUTION_INITIAL_STATE_NOT_BOUND,AMBIGUOUS_OFFICIAL_NATIVE_ROUTE_NOT_BOUND,AMBIGUOUS_EXECUTION_EXTRACTION_NOT_BOUND,BLOCKED_PRODUCTION_CALLBACK_CHAIN_NOT_BOUND,AMBIGUOUS_METADATA_INCOMPLETE,COMPLETE,INCOMPLETE_PRECONTEXT_AND_EXECUTION_BINDING,BLOCKED_SHARED_ENGINEERING_CONTRACT,NOT_CERTIFIED,2021.09.23.19.52.54_veh-45
2021.09.23.20.37.33_veh-45,COMPLETE_UNIQUE_FROZEN_SESSION_KEY,E1_UNRELATED_HISTORICAL_USE,CANDIDATE,true,true,false,7,COMPLETE_FROZEN_LOG_KEYS,23243,COMPLETE_FROZEN_COUNT_AND_HASH,COMPLETE_LOG_ACQUISITION_TIMESTAMP,us-pa-pittsburgh-hazelwood,MAP_METADATA_PRESENT_RUNTIME_SUPPORT_NOT_CERTIFIED,true,NO_DUPLICATE_SESSION_ID_FROZEN_SOURCE_ALIASES_CANONICALIZED,CANDIDATE_POOL_ONLY_NO_FINAL_V_OR_C_RESERVATION,AMBIGUOUS_EXECUTION_INITIAL_STATE_NOT_BOUND,AMBIGUOUS_OFFICIAL_NATIVE_ROUTE_NOT_BOUND,AMBIGUOUS_EXECUTION_EXTRACTION_NOT_BOUND,BLOCKED_PRODUCTION_CALLBACK_CHAIN_NOT_BOUND,AMBIGUOUS_METADATA_INCOMPLETE,COMPLETE,INCOMPLETE_PRECONTEXT_AND_EXECUTION_BINDING,BLOCKED_SHARED_ENGINEERING_CONTRACT,NOT_CERTIFIED,2021.09.23.20.37.33_veh-45
2021.09.24.14.23.05_veh-45,COMPLETE_UNIQUE_FROZEN_SESSION_KEY,E1_UNRELATED_HISTORICAL_USE,CANDIDATE,true,true,false,12,COMPLETE_FROZEN_LOG_KEYS,38190,COMPLETE_FROZEN_COUNT_AND_HASH,COMPLETE_LOG_ACQUISITION_TIMESTAMP,us-pa-pittsburgh-hazelwood,MAP_METADATA_PRESENT_RUNTIME_SUPPORT_NOT_CERTIFIED,true,NO_DUPLICATE_SESSION_ID_FROZEN_SOURCE_ALIASES_CANONICALIZED,CANDIDATE_POOL_ONLY_NO_FINAL_V_OR_C_RESERVATION,AMBIGUOUS_EXECUTION_INITIAL_STATE_NOT_BOUND,AMBIGUOUS_OFFICIAL_NATIVE_ROUTE_NOT_BOUND,AMBIGUOUS_EXECUTION_EXTRACTION_NOT_BOUND,BLOCKED_PRODUCTION_CALLBACK_CHAIN_NOT_BOUND,AMBIGUOUS_METADATA_INCOMPLETE,COMPLETE,INCOMPLETE_PRECONTEXT_AND_EXECUTION_BINDING,BLOCKED_SHARED_ENGINEERING_CONTRACT,NOT_CERTIFIED,2021.09.24.14.23.05_veh-45
2021.09.27.14.45.42_veh-44,COMPLETE_UNIQUE_FROZEN_SESSION_KEY,E1_UNRELATED_HISTORICAL_USE,CANDIDATE,true,true,false,4,COMPLETE_FROZEN_LOG_KEYS,43355,COMPLETE_FROZEN_COUNT_AND_HASH,COMPLETE_LOG_ACQUISITION_TIMESTAMP,us-pa-pittsburgh-hazelwood,MAP_METADATA_PRESENT_RUNTIME_SUPPORT_NOT_CERTIFIED,true,NO_DUPLICATE_SESSION_ID_FROZEN_SOURCE_ALIASES_CANONICALIZED,CANDIDATE_POOL_ONLY_NO_FINAL_V_OR_C_RESERVATION,AMBIGUOUS_EXECUTION_INITIAL_STATE_NOT_BOUND,AMBIGUOUS_OFFICIAL_NATIVE_ROUTE_NOT_BOUND,AMBIGUOUS_EXECUTION_EXTRACTION_NOT_BOUND,BLOCKED_PRODUCTION_CALLBACK_CHAIN_NOT_BOUND,AMBIGUOUS_METADATA_INCOMPLETE,COMPLETE,INCOMPLETE_PRECONTEXT_AND_EXECUTION_BINDING,BLOCKED_SHARED_ENGINEERING_CONTRACT,NOT_CERTIFIED,2021.09.27.14.45.42_veh-44
2021.09.27.17.06.43_veh-44,COMPLETE_UNIQUE_FROZEN_SESSION_KEY,E1_UNRELATED_HISTORICAL_USE,CANDIDATE,true,true,false,8,COMPLETE_FROZEN_LOG_KEYS,23659,COMPLETE_FROZEN_COUNT_AND_HASH,COMPLETE_LOG_ACQUISITION_TIMESTAMP,us-pa-pittsburgh-hazelwood,MAP_METADATA_PRESENT_RUNTIME_SUPPORT_NOT_CERTIFIED,true,NO_DUPLICATE_SESSION_ID_FROZEN_SOURCE_ALIASES_CANONICALIZED,CANDIDATE_POOL_ONLY_NO_FINAL_V_OR_C_RESERVATION,AMBIGUOUS_EXECUTION_INITIAL_STATE_NOT_BOUND,AMBIGUOUS_OFFICIAL_NATIVE_ROUTE_NOT_BOUND,AMBIGUOUS_EXECUTION_EXTRACTION_NOT_BOUND,BLOCKED_PRODUCTION_CALLBACK_CHAIN_NOT_BOUND,AMBIGUOUS_METADATA_INCOMPLETE,COMPLETE,INCOMPLETE_PRECONTEXT_AND_EXECUTION_BINDING,BLOCKED_SHARED_ENGINEERING_CONTRACT,NOT_CERTIFIED,2021.09.27.17.06.43_veh-44
2021.09.27.17.52.47_veh-44,COMPLETE_UNIQUE_FROZEN_SESSION_KEY,E2_BENCHMARK_ENGINEERING,CANDIDATE,false,true,false,7,COMPLETE_FROZEN_LOG_KEYS,21029,COMPLETE_FROZEN_COUNT_AND_HASH,COMPLETE_LOG_ACQUISITION_TIMESTAMP,us-pa-pittsburgh-hazelwood,MAP_METADATA_PRESENT_RUNTIME_SUPPORT_NOT_CERTIFIED,true,NO_DUPLICATE_SESSION_ID_FROZEN_SOURCE_ALIASES_CANONICALIZED,CANDIDATE_POOL_ONLY_NO_FINAL_V_OR_C_RESERVATION,AMBIGUOUS_EXECUTION_INITIAL_STATE_NOT_BOUND,AMBIGUOUS_OFFICIAL_NATIVE_ROUTE_NOT_BOUND,AMBIGUOUS_EXECUTION_EXTRACTION_NOT_BOUND,BLOCKED_PRODUCTION_CALLBACK_CHAIN_NOT_BOUND,AMBIGUOUS_METADATA_INCOMPLETE,COMPLETE,INCOMPLETE_PRECONTEXT_AND_EXECUTION_BINDING,BLOCKED_SHARED_ENGINEERING_CONTRACT,NOT_CERTIFIED,2021.09.27.17.52.47_veh-44
2021.09.27.18.51.35_veh-44,COMPLETE_UNIQUE_FROZEN_SESSION_KEY,E1_UNRELATED_HISTORICAL_USE,CANDIDATE,true,true,false,8,COMPLETE_FROZEN_LOG_KEYS,28837,COMPLETE_FROZEN_COUNT_AND_HASH,COMPLETE_LOG_ACQUISITION_TIMESTAMP,us-pa-pittsburgh-hazelwood,MAP_METADATA_PRESENT_RUNTIME_SUPPORT_NOT_CERTIFIED,true,NO_DUPLICATE_SESSION_ID_FROZEN_SOURCE_ALIASES_CANONICALIZED,CANDIDATE_POOL_ONLY_NO_FINAL_V_OR_C_RESERVATION,AMBIGUOUS_EXECUTION_INITIAL_STATE_NOT_BOUND,AMBIGUOUS_OFFICIAL_NATIVE_ROUTE_NOT_BOUND,AMBIGUOUS_EXECUTION_EXTRACTION_NOT_BOUND,BLOCKED_PRODUCTION_CALLBACK_CHAIN_NOT_BOUND,AMBIGUOUS_METADATA_INCOMPLETE,COMPLETE,INCOMPLETE_PRECONTEXT_AND_EXECUTION_BINDING,BLOCKED_SHARED_ENGINEERING_CONTRACT,NOT_CERTIFIED,2021.09.27.18.51.35_veh-44
2021.09.27.19.43.19_veh-44,COMPLETE_UNIQUE_FROZEN_SESSION_KEY,E1_UNRELATED_HISTORICAL_USE,CANDIDATE,true,true,false,3,COMPLETE_FROZEN_LOG_KEYS,19702,COMPLETE_FROZEN_COUNT_AND_HASH,COMPLETE_LOG_ACQUISITION_TIMESTAMP,us-pa-pittsburgh-hazelwood,MAP_METADATA_PRESENT_RUNTIME_SUPPORT_NOT_CERTIFIED,true,NO_DUPLICATE_SESSION_ID_FROZEN_SOURCE_ALIASES_CANONICALIZED,CANDIDATE_POOL_ONLY_NO_FINAL_V_OR_C_RESERVATION,AMBIGUOUS_EXECUTION_INITIAL_STATE_NOT_BOUND,AMBIGUOUS_OFFICIAL_NATIVE_ROUTE_NOT_BOUND,AMBIGUOUS_EXECUTION_EXTRACTION_NOT_BOUND,BLOCKED_PRODUCTION_CALLBACK_CHAIN_NOT_BOUND,AMBIGUOUS_METADATA_INCOMPLETE,COMPLETE,INCOMPLETE_PRECONTEXT_AND_EXECUTION_BINDING,BLOCKED_SHARED_ENGINEERING_CONTRACT,NOT_CERTIFIED,2021.09.27.19.43.19_veh-44
2021.09.28.13.24.06_veh-44,COMPLETE_UNIQUE_FROZEN_SESSION_KEY,E2_BENCHMARK_ENGINEERING,CANDIDATE,false,true,false,8,COMPLETE_FROZEN_LOG_KEYS,37513,COMPLETE_FROZEN_COUNT_AND_HASH,COMPLETE_LOG_ACQUISITION_TIMESTAMP,us-pa-pittsburgh-hazelwood,MAP_METADATA_PRESENT_RUNTIME_SUPPORT_NOT_CERTIFIED,true,NO_DUPLICATE_SESSION_ID_FROZEN_SOURCE_ALIASES_CANONICALIZED,CANDIDATE_POOL_ONLY_NO_FINAL_V_OR_C_RESERVATION,AMBIGUOUS_EXECUTION_INITIAL_STATE_NOT_BOUND,AMBIGUOUS_OFFICIAL_NATIVE_ROUTE_NOT_BOUND,AMBIGUOUS_EXECUTION_EXTRACTION_NOT_BOUND,BLOCKED_PRODUCTION_CALLBACK_CHAIN_NOT_BOUND,AMBIGUOUS_METADATA_INCOMPLETE,COMPLETE,INCOMPLETE_PRECONTEXT_AND_EXECUTION_BINDING,BLOCKED_SHARED_ENGINEERING_CONTRACT,NOT_CERTIFIED,2021.09.28.13.24.06_veh-44
2021.09.28.14.23.32_veh-44,COMPLETE_UNIQUE_FROZEN_SESSION_KEY,E2_BENCHMARK_ENGINEERING,CANDIDATE,false,true,false,8,COMPLETE_FROZEN_LOG_KEYS,36847,COMPLETE_FROZEN_COUNT_AND_HASH,COMPLETE_LOG_ACQUISITION_TIMESTAMP,us-pa-pittsburgh-hazelwood,MAP_METADATA_PRESENT_RUNTIME_SUPPORT_NOT_CERTIFIED,true,NO_DUPLICATE_SESSION_ID_FROZEN_SOURCE_ALIASES_CANONICALIZED,CANDIDATE_POOL_ONLY_NO_FINAL_V_OR_C_RESERVATION,AMBIGUOUS_EXECUTION_INITIAL_STATE_NOT_BOUND,AMBIGUOUS_OFFICIAL_NATIVE_ROUTE_NOT_BOUND,AMBIGUOUS_EXECUTION_EXTRACTION_NOT_BOUND,BLOCKED_PRODUCTION_CALLBACK_CHAIN_NOT_BOUND,AMBIGUOUS_METADATA_INCOMPLETE,COMPLETE,INCOMPLETE_PRECONTEXT_AND_EXECUTION_BINDING,BLOCKED_SHARED_ENGINEERING_CONTRACT,NOT_CERTIFIED,2021.09.28.14.23.32_veh-44
2021.09.28.15.17.00_veh-44,COMPLETE_UNIQUE_FROZEN_SESSION_KEY,E1_UNRELATED_HISTORICAL_USE,CANDIDATE,true,true,false,7,COMPLETE_FROZEN_LOG_KEYS,26262,COMPLETE_FROZEN_COUNT_AND_HASH,COMPLETE_LOG_ACQUISITION_TIMESTAMP,us-pa-pittsburgh-hazelwood,MAP_METADATA_PRESENT_RUNTIME_SUPPORT_NOT_CERTIFIED,true,NO_DUPLICATE_SESSION_ID_FROZEN_SOURCE_ALIASES_CANONICALIZED,CANDIDATE_POOL_ONLY_NO_FINAL_V_OR_C_RESERVATION,AMBIGUOUS_EXECUTION_INITIAL_STATE_NOT_BOUND,AMBIGUOUS_OFFICIAL_NATIVE_ROUTE_NOT_BOUND,AMBIGUOUS_EXECUTION_EXTRACTION_NOT_BOUND,BLOCKED_PRODUCTION_CALLBACK_CHAIN_NOT_BOUND,AMBIGUOUS_METADATA_INCOMPLETE,COMPLETE,INCOMPLETE_PRECONTEXT_AND_EXECUTION_BINDING,BLOCKED_SHARED_ENGINEERING_CONTRACT,NOT_CERTIFIED,2021.09.28.15.17.00_veh-44
2021.09.28.16.09.49_veh-44,COMPLETE_UNIQUE_FROZEN_SESSION_KEY,E1_UNRELATED_HISTORICAL_USE,CANDIDATE,true,true,false,8,COMPLETE_FROZEN_LOG_KEYS,20092,COMPLETE_FROZEN_COUNT_AND_HASH,COMPLETE_LOG_ACQUISITION_TIMESTAMP,us-pa-pittsburgh-hazelwood,MAP_METADATA_PRESENT_RUNTIME_SUPPORT_NOT_CERTIFIED,true,NO_DUPLICATE_SESSION_ID_FROZEN_SOURCE_ALIASES_CANONICALIZED,CANDIDATE_POOL_ONLY_NO_FINAL_V_OR_C_RESERVATION,AMBIGUOUS_EXECUTION_INITIAL_STATE_NOT_BOUND,AMBIGUOUS_OFFICIAL_NATIVE_ROUTE_NOT_BOUND,AMBIGUOUS_EXECUTION_EXTRACTION_NOT_BOUND,BLOCKED_PRODUCTION_CALLBACK_CHAIN_NOT_BOUND,AMBIGUOUS_METADATA_INCOMPLETE,COMPLETE,INCOMPLETE_PRECONTEXT_AND_EXECUTION_BINDING,BLOCKED_SHARED_ENGINEERING_CONTRACT,NOT_CERTIFIED,2021.09.28.16.09.49_veh-44
2021.09.28.16.50.03_veh-44,COMPLETE_UNIQUE_FROZEN_SESSION_KEY,E2_BENCHMARK_ENGINEERING,CANDIDATE,false,true,false,6,COMPLETE_FROZEN_LOG_KEYS,20604,COMPLETE_FROZEN_COUNT_AND_HASH,COMPLETE_LOG_ACQUISITION_TIMESTAMP,us-pa-pittsburgh-hazelwood,MAP_METADATA_PRESENT_RUNTIME_SUPPORT_NOT_CERTIFIED,true,NO_DUPLICATE_SESSION_ID_FROZEN_SOURCE_ALIASES_CANONICALIZED,CANDIDATE_POOL_ONLY_NO_FINAL_V_OR_C_RESERVATION,AMBIGUOUS_EXECUTION_INITIAL_STATE_NOT_BOUND,AMBIGUOUS_OFFICIAL_NATIVE_ROUTE_NOT_BOUND,AMBIGUOUS_EXECUTION_EXTRACTION_NOT_BOUND,BLOCKED_PRODUCTION_CALLBACK_CHAIN_NOT_BOUND,AMBIGUOUS_METADATA_INCOMPLETE,COMPLETE,INCOMPLETE_PRECONTEXT_AND_EXECUTION_BINDING,BLOCKED_SHARED_ENGINEERING_CONTRACT,NOT_CERTIFIED,2021.09.28.16.50.03_veh-44
2021.09.28.17.43.06_veh-44,COMPLETE_UNIQUE_FROZEN_SESSION_KEY,E1_UNRELATED_HISTORICAL_USE,CANDIDATE,true,true,false,4,COMPLETE_FROZEN_LOG_KEYS,19295,COMPLETE_FROZEN_COUNT_AND_HASH,COMPLETE_LOG_ACQUISITION_TIMESTAMP,us-pa-pittsburgh-hazelwood,MAP_METADATA_PRESENT_RUNTIME_SUPPORT_NOT_CERTIFIED,true,NO_DUPLICATE_SESSION_ID_FROZEN_SOURCE_ALIASES_CANONICALIZED,CANDIDATE_POOL_ONLY_NO_FINAL_V_OR_C_RESERVATION,AMBIGUOUS_EXECUTION_INITIAL_STATE_NOT_BOUND,AMBIGUOUS_OFFICIAL_NATIVE_ROUTE_NOT_BOUND,AMBIGUOUS_EXECUTION_EXTRACTION_NOT_BOUND,BLOCKED_PRODUCTION_CALLBACK_CHAIN_NOT_BOUND,AMBIGUOUS_METADATA_INCOMPLETE,COMPLETE,INCOMPLETE_PRECONTEXT_AND_EXECUTION_BINDING,BLOCKED_SHARED_ENGINEERING_CONTRACT,NOT_CERTIFIED,2021.09.28.17.43.06_veh-44
2021.09.28.18.22.59_veh-44,COMPLETE_UNIQUE_FROZEN_SESSION_KEY,E2_BENCHMARK_ENGINEERING,CANDIDATE,false,true,false,4,COMPLETE_FROZEN_LOG_KEYS,24210,COMPLETE_FROZEN_COUNT_AND_HASH,COMPLETE_LOG_ACQUISITION_TIMESTAMP,us-pa-pittsburgh-hazelwood,MAP_METADATA_PRESENT_RUNTIME_SUPPORT_NOT_CERTIFIED,true,NO_DUPLICATE_SESSION_ID_FROZEN_SOURCE_ALIASES_CANONICALIZED,CANDIDATE_POOL_ONLY_NO_FINAL_V_OR_C_RESERVATION,AMBIGUOUS_EXECUTION_INITIAL_STATE_NOT_BOUND,AMBIGUOUS_OFFICIAL_NATIVE_ROUTE_NOT_BOUND,AMBIGUOUS_EXECUTION_EXTRACTION_NOT_BOUND,BLOCKED_PRODUCTION_CALLBACK_CHAIN_NOT_BOUND,AMBIGUOUS_METADATA_INCOMPLETE,COMPLETE,INCOMPLETE_PRECONTEXT_AND_EXECUTION_BINDING,BLOCKED_SHARED_ENGINEERING_CONTRACT,NOT_CERTIFIED,2021.09.28.18.22.59_veh-44
2021.09.28.18.57.35_veh-44,COMPLETE_UNIQUE_FROZEN_SESSION_KEY,E2_BENCHMARK_ENGINEERING,CANDIDATE,false,true,false,6,COMPLETE_FROZEN_LOG_KEYS,9646,COMPLETE_FROZEN_COUNT_AND_HASH,COMPLETE_LOG_ACQUISITION_TIMESTAMP,us-pa-pittsburgh-hazelwood,MAP_METADATA_PRESENT_RUNTIME_SUPPORT_NOT_CERTIFIED,true,NO_DUPLICATE_SESSION_ID_FROZEN_SOURCE_ALIASES_CANONICALIZED,CANDIDATE_POOL_ONLY_NO_FINAL_V_OR_C_RESERVATION,AMBIGUOUS_EXECUTION_INITIAL_STATE_NOT_BOUND,AMBIGUOUS_OFFICIAL_NATIVE_ROUTE_NOT_BOUND,AMBIGUOUS_EXECUTION_EXTRACTION_NOT_BOUND,BLOCKED_PRODUCTION_CALLBACK_CHAIN_NOT_BOUND,AMBIGUOUS_METADATA_INCOMPLETE,COMPLETE,INCOMPLETE_PRECONTEXT_AND_EXECUTION_BINDING,BLOCKED_SHARED_ENGINEERING_CONTRACT,NOT_CERTIFIED,2021.09.28.18.57.35_veh-44
2021.09.28.19.55.30_veh-44,COMPLETE_UNIQUE_FROZEN_SESSION_KEY,E2_BENCHMARK_ENGINEERING,CANDIDATE,false,true,false,11,COMPLETE_FROZEN_LOG_KEYS,37343,COMPLETE_FROZEN_COUNT_AND_HASH,COMPLETE_LOG_ACQUISITION_TIMESTAMP,us-pa-pittsburgh-hazelwood,MAP_METADATA_PRESENT_RUNTIME_SUPPORT_NOT_CERTIFIED,true,NO_DUPLICATE_SESSION_ID_FROZEN_SOURCE_ALIASES_CANONICALIZED,CANDIDATE_POOL_ONLY_NO_FINAL_V_OR_C_RESERVATION,AMBIGUOUS_EXECUTION_INITIAL_STATE_NOT_BOUND,AMBIGUOUS_OFFICIAL_NATIVE_ROUTE_NOT_BOUND,AMBIGUOUS_EXECUTION_EXTRACTION_NOT_BOUND,BLOCKED_PRODUCTION_CALLBACK_CHAIN_NOT_BOUND,AMBIGUOUS_METADATA_INCOMPLETE,COMPLETE,INCOMPLETE_PRECONTEXT_AND_EXECUTION_BINDING,BLOCKED_SHARED_ENGINEERING_CONTRACT,NOT_CERTIFIED,2021.09.28.19.55.30_veh-44
2021.09.30.13.08.26_veh-44,COMPLETE_UNIQUE_FROZEN_SESSION_KEY,E1_UNRELATED_HISTORICAL_USE,CANDIDATE,true,true,false,10,COMPLETE_FROZEN_LOG_KEYS,23304,COMPLETE_FROZEN_COUNT_AND_HASH,COMPLETE_LOG_ACQUISITION_TIMESTAMP,us-pa-pittsburgh-hazelwood,MAP_METADATA_PRESENT_RUNTIME_SUPPORT_NOT_CERTIFIED,true,NO_DUPLICATE_SESSION_ID_FROZEN_SOURCE_ALIASES_CANONICALIZED,CANDIDATE_POOL_ONLY_NO_FINAL_V_OR_C_RESERVATION,AMBIGUOUS_EXECUTION_INITIAL_STATE_NOT_BOUND,AMBIGUOUS_OFFICIAL_NATIVE_ROUTE_NOT_BOUND,AMBIGUOUS_EXECUTION_EXTRACTION_NOT_BOUND,BLOCKED_PRODUCTION_CALLBACK_CHAIN_NOT_BOUND,AMBIGUOUS_METADATA_INCOMPLETE,COMPLETE,INCOMPLETE_PRECONTEXT_AND_EXECUTION_BINDING,BLOCKED_SHARED_ENGINEERING_CONTRACT,NOT_CERTIFIED,2021.09.30.13.08.26_veh-44
2021.09.30.13.54.09_veh-44,COMPLETE_UNIQUE_FROZEN_SESSION_KEY,E1_UNRELATED_HISTORICAL_USE,CANDIDATE,true,true,false,4,COMPLETE_FROZEN_LOG_KEYS,36386,COMPLETE_FROZEN_COUNT_AND_HASH,COMPLETE_LOG_ACQUISITION_TIMESTAMP,us-pa-pittsburgh-hazelwood,MAP_METADATA_PRESENT_RUNTIME_SUPPORT_NOT_CERTIFIED,true,NO_DUPLICATE_SESSION_ID_FROZEN_SOURCE_ALIASES_CANONICALIZED,CANDIDATE_POOL_ONLY_NO_FINAL_V_OR_C_RESERVATION,AMBIGUOUS_EXECUTION_INITIAL_STATE_NOT_BOUND,AMBIGUOUS_OFFICIAL_NATIVE_ROUTE_NOT_BOUND,AMBIGUOUS_EXECUTION_EXTRACTION_NOT_BOUND,BLOCKED_PRODUCTION_CALLBACK_CHAIN_NOT_BOUND,AMBIGUOUS_METADATA_INCOMPLETE,COMPLETE,INCOMPLETE_PRECONTEXT_AND_EXECUTION_BINDING,BLOCKED_SHARED_ENGINEERING_CONTRACT,NOT_CERTIFIED,2021.09.30.13.54.09_veh-44
2021.09.30.15.05.51_veh-44,COMPLETE_UNIQUE_FROZEN_SESSION_KEY,E1_UNRELATED_HISTORICAL_USE,CANDIDATE,true,true,false,4,COMPLETE_FROZEN_LOG_KEYS,28378,COMPLETE_FROZEN_COUNT_AND_HASH,COMPLETE_LOG_ACQUISITION_TIMESTAMP,us-pa-pittsburgh-hazelwood,MAP_METADATA_PRESENT_RUNTIME_SUPPORT_NOT_CERTIFIED,true,NO_DUPLICATE_SESSION_ID_FROZEN_SOURCE_ALIASES_CANONICALIZED,CANDIDATE_POOL_ONLY_NO_FINAL_V_OR_C_RESERVATION,AMBIGUOUS_EXECUTION_INITIAL_STATE_NOT_BOUND,AMBIGUOUS_OFFICIAL_NATIVE_ROUTE_NOT_BOUND,AMBIGUOUS_EXECUTION_EXTRACTION_NOT_BOUND,BLOCKED_PRODUCTION_CALLBACK_CHAIN_NOT_BOUND,AMBIGUOUS_METADATA_INCOMPLETE,COMPLETE,INCOMPLETE_PRECONTEXT_AND_EXECUTION_BINDING,BLOCKED_SHARED_ENGINEERING_CONTRACT,NOT_CERTIFIED,2021.09.30.15.05.51_veh-44
2021.09.30.17.20.14_veh-44,COMPLETE_UNIQUE_FROZEN_SESSION_KEY,E2_BENCHMARK_ENGINEERING,CANDIDATE,false,true,false,6,COMPLETE_FROZEN_LOG_KEYS,24307,COMPLETE_FROZEN_COUNT_AND_HASH,COMPLETE_LOG_ACQUISITION_TIMESTAMP,us-pa-pittsburgh-hazelwood,MAP_METADATA_PRESENT_RUNTIME_SUPPORT_NOT_CERTIFIED,true,NO_DUPLICATE_SESSION_ID_FROZEN_SOURCE_ALIASES_CANONICALIZED,CANDIDATE_POOL_ONLY_NO_FINAL_V_OR_C_RESERVATION,AMBIGUOUS_EXECUTION_INITIAL_STATE_NOT_BOUND,AMBIGUOUS_OFFICIAL_NATIVE_ROUTE_NOT_BOUND,AMBIGUOUS_EXECUTION_EXTRACTION_NOT_BOUND,BLOCKED_PRODUCTION_CALLBACK_CHAIN_NOT_BOUND,AMBIGUOUS_METADATA_INCOMPLETE,COMPLETE,INCOMPLETE_PRECONTEXT_AND_EXECUTION_BINDING,BLOCKED_SHARED_ENGINEERING_CONTRACT,NOT_CERTIFIED,2021.09.30.17.20.14_veh-44
2021.09.30.18.01.05_veh-44,COMPLETE_UNIQUE_FROZEN_SESSION_KEY,E1_UNRELATED_HISTORICAL_USE,CANDIDATE,true,true,false,5,COMPLETE_FROZEN_LOG_KEYS,24831,COMPLETE_FROZEN_COUNT_AND_HASH,COMPLETE_LOG_ACQUISITION_TIMESTAMP,us-pa-pittsburgh-hazelwood,MAP_METADATA_PRESENT_RUNTIME_SUPPORT_NOT_CERTIFIED,true,NO_DUPLICATE_SESSION_ID_FROZEN_SOURCE_ALIASES_CANONICALIZED,CANDIDATE_POOL_ONLY_NO_FINAL_V_OR_C_RESERVATION,AMBIGUOUS_EXECUTION_INITIAL_STATE_NOT_BOUND,AMBIGUOUS_OFFICIAL_NATIVE_ROUTE_NOT_BOUND,AMBIGUOUS_EXECUTION_EXTRACTION_NOT_BOUND,BLOCKED_PRODUCTION_CALLBACK_CHAIN_NOT_BOUND,AMBIGUOUS_METADATA_INCOMPLETE,COMPLETE,INCOMPLETE_PRECONTEXT_AND_EXECUTION_BINDING,BLOCKED_SHARED_ENGINEERING_CONTRACT,NOT_CERTIFIED,2021.09.30.18.01.05_veh-44
2021.09.30.19.11.40_veh-44,COMPLETE_UNIQUE_FROZEN_SESSION_KEY,E1_UNRELATED_HISTORICAL_USE,CANDIDATE,true,true,false,1,COMPLETE_FROZEN_LOG_KEYS,22678,COMPLETE_FROZEN_COUNT_AND_HASH,COMPLETE_LOG_ACQUISITION_TIMESTAMP,us-pa-pittsburgh-hazelwood,MAP_METADATA_PRESENT_RUNTIME_SUPPORT_NOT_CERTIFIED,true,NO_DUPLICATE_SESSION_ID_FROZEN_SOURCE_ALIASES_CANONICALIZED,CANDIDATE_POOL_ONLY_NO_FINAL_V_OR_C_RESERVATION,AMBIGUOUS_EXECUTION_INITIAL_STATE_NOT_BOUND,AMBIGUOUS_OFFICIAL_NATIVE_ROUTE_NOT_BOUND,AMBIGUOUS_EXECUTION_EXTRACTION_NOT_BOUND,BLOCKED_PRODUCTION_CALLBACK_CHAIN_NOT_BOUND,AMBIGUOUS_METADATA_INCOMPLETE,COMPLETE,INCOMPLETE_PRECONTEXT_AND_EXECUTION_BINDING,BLOCKED_SHARED_ENGINEERING_CONTRACT,NOT_CERTIFIED,2021.09.30.19.11.40_veh-44
2021.09.30.20.55.20_veh-44,COMPLETE_UNIQUE_FROZEN_SESSION_KEY,E5_UNTOUCHED_CONFIRMATORY,CANDIDATE,true,true,true,3,COMPLETE_FROZEN_LOG_KEYS,3569,COMPLETE_FROZEN_COUNT_AND_HASH,COMPLETE_LOG_ACQUISITION_TIMESTAMP,us-pa-pittsburgh-hazelwood,MAP_METADATA_PRESENT_RUNTIME_SUPPORT_NOT_CERTIFIED,true,NO_DUPLICATE_SESSION_ID_FROZEN_SOURCE_ALIASES_CANONICALIZED,CANDIDATE_POOL_ONLY_NO_FINAL_V_OR_C_RESERVATION,AMBIGUOUS_EXECUTION_INITIAL_STATE_NOT_BOUND,AMBIGUOUS_OFFICIAL_NATIVE_ROUTE_NOT_BOUND,AMBIGUOUS_EXECUTION_EXTRACTION_NOT_BOUND,BLOCKED_PRODUCTION_CALLBACK_CHAIN_NOT_BOUND,AMBIGUOUS_METADATA_INCOMPLETE,COMPLETE,INCOMPLETE_PRECONTEXT_AND_EXECUTION_BINDING,BLOCKED_SHARED_ENGINEERING_CONTRACT,NOT_CERTIFIED,2021.09.30.20.55.20_veh-44
2021.10.01.12.54.53_veh-44,COMPLETE_UNIQUE_FROZEN_SESSION_KEY,E1_UNRELATED_HISTORICAL_USE,CANDIDATE,true,true,false,9,COMPLETE_FROZEN_LOG_KEYS,21010,COMPLETE_FROZEN_COUNT_AND_HASH,COMPLETE_LOG_ACQUISITION_TIMESTAMP,us-pa-pittsburgh-hazelwood,MAP_METADATA_PRESENT_RUNTIME_SUPPORT_NOT_CERTIFIED,true,NO_DUPLICATE_SESSION_ID_FROZEN_SOURCE_ALIASES_CANONICALIZED,CANDIDATE_POOL_ONLY_NO_FINAL_V_OR_C_RESERVATION,AMBIGUOUS_EXECUTION_INITIAL_STATE_NOT_BOUND,AMBIGUOUS_OFFICIAL_NATIVE_ROUTE_NOT_BOUND,AMBIGUOUS_EXECUTION_EXTRACTION_NOT_BOUND,BLOCKED_PRODUCTION_CALLBACK_CHAIN_NOT_BOUND,AMBIGUOUS_METADATA_INCOMPLETE,COMPLETE,INCOMPLETE_PRECONTEXT_AND_EXECUTION_BINDING,BLOCKED_SHARED_ENGINEERING_CONTRACT,NOT_CERTIFIED,2021.10.01.12.54.53_veh-44
2021.10.01.14.16.29_veh-44,COMPLETE_UNIQUE_FROZEN_SESSION_KEY,E1_UNRELATED_HISTORICAL_USE,CANDIDATE,true,true,false,5,COMPLETE_FROZEN_LOG_KEYS,19114,COMPLETE_FROZEN_COUNT_AND_HASH,COMPLETE_LOG_ACQUISITION_TIMESTAMP,us-pa-pittsburgh-hazelwood,MAP_METADATA_PRESENT_RUNTIME_SUPPORT_NOT_CERTIFIED,true,NO_DUPLICATE_SESSION_ID_FROZEN_SOURCE_ALIASES_CANONICALIZED,CANDIDATE_POOL_ONLY_NO_FINAL_V_OR_C_RESERVATION,AMBIGUOUS_EXECUTION_INITIAL_STATE_NOT_BOUND,AMBIGUOUS_OFFICIAL_NATIVE_ROUTE_NOT_BOUND,AMBIGUOUS_EXECUTION_EXTRACTION_NOT_BOUND,BLOCKED_PRODUCTION_CALLBACK_CHAIN_NOT_BOUND,AMBIGUOUS_METADATA_INCOMPLETE,COMPLETE,INCOMPLETE_PRECONTEXT_AND_EXECUTION_BINDING,BLOCKED_SHARED_ENGINEERING_CONTRACT,NOT_CERTIFIED,2021.10.01.14.16.29_veh-44
2021.10.01.14.49.24_veh-44,COMPLETE_UNIQUE_FROZEN_SESSION_KEY,E1_UNRELATED_HISTORICAL_USE,CANDIDATE,true,true,false,3,COMPLETE_FROZEN_LOG_KEYS,18873,COMPLETE_FROZEN_COUNT_AND_HASH,COMPLETE_LOG_ACQUISITION_TIMESTAMP,us-pa-pittsburgh-hazelwood,MAP_METADATA_PRESENT_RUNTIME_SUPPORT_NOT_CERTIFIED,true,NO_DUPLICATE_SESSION_ID_FROZEN_SOURCE_ALIASES_CANONICALIZED,CANDIDATE_POOL_ONLY_NO_FINAL_V_OR_C_RESERVATION,AMBIGUOUS_EXECUTION_INITIAL_STATE_NOT_BOUND,AMBIGUOUS_OFFICIAL_NATIVE_ROUTE_NOT_BOUND,AMBIGUOUS_EXECUTION_EXTRACTION_NOT_BOUND,BLOCKED_PRODUCTION_CALLBACK_CHAIN_NOT_BOUND,AMBIGUOUS_METADATA_INCOMPLETE,COMPLETE,INCOMPLETE_PRECONTEXT_AND_EXECUTION_BINDING,BLOCKED_SHARED_ENGINEERING_CONTRACT,NOT_CERTIFIED,2021.10.01.14.49.24_veh-44
2021.10.01.16.53.37_veh-44,COMPLETE_UNIQUE_FROZEN_SESSION_KEY,E1_UNRELATED_HISTORICAL_USE,CANDIDATE,true,true,false,5,COMPLETE_FROZEN_LOG_KEYS,22566,COMPLETE_FROZEN_COUNT_AND_HASH,COMPLETE_LOG_ACQUISITION_TIMESTAMP,us-pa-pittsburgh-hazelwood,MAP_METADATA_PRESENT_RUNTIME_SUPPORT_NOT_CERTIFIED,true,NO_DUPLICATE_SESSION_ID_FROZEN_SOURCE_ALIASES_CANONICALIZED,CANDIDATE_POOL_ONLY_NO_FINAL_V_OR_C_RESERVATION,AMBIGUOUS_EXECUTION_INITIAL_STATE_NOT_BOUND,AMBIGUOUS_OFFICIAL_NATIVE_ROUTE_NOT_BOUND,AMBIGUOUS_EXECUTION_EXTRACTION_NOT_BOUND,BLOCKED_PRODUCTION_CALLBACK_CHAIN_NOT_BOUND,AMBIGUOUS_METADATA_INCOMPLETE,COMPLETE,INCOMPLETE_PRECONTEXT_AND_EXECUTION_BINDING,BLOCKED_SHARED_ENGINEERING_CONTRACT,NOT_CERTIFIED,2021.10.01.16.53.37_veh-44
2021.10.01.17.28.18_veh-44,COMPLETE_UNIQUE_FROZEN_SESSION_KEY,E2_BENCHMARK_ENGINEERING,CANDIDATE,false,true,false,5,COMPLETE_FROZEN_LOG_KEYS,20793,COMPLETE_FROZEN_COUNT_AND_HASH,COMPLETE_LOG_ACQUISITION_TIMESTAMP,us-pa-pittsburgh-hazelwood,MAP_METADATA_PRESENT_RUNTIME_SUPPORT_NOT_CERTIFIED,true,NO_DUPLICATE_SESSION_ID_FROZEN_SOURCE_ALIASES_CANONICALIZED,CANDIDATE_POOL_ONLY_NO_FINAL_V_OR_C_RESERVATION,AMBIGUOUS_EXECUTION_INITIAL_STATE_NOT_BOUND,AMBIGUOUS_OFFICIAL_NATIVE_ROUTE_NOT_BOUND,AMBIGUOUS_EXECUTION_EXTRACTION_NOT_BOUND,BLOCKED_PRODUCTION_CALLBACK_CHAIN_NOT_BOUND,AMBIGUOUS_METADATA_INCOMPLETE,COMPLETE,INCOMPLETE_PRECONTEXT_AND_EXECUTION_BINDING,BLOCKED_SHARED_ENGINEERING_CONTRACT,NOT_CERTIFIED,2021.10.01.17.28.18_veh-44
2021.10.01.18.24.31_veh-44,COMPLETE_UNIQUE_FROZEN_SESSION_KEY,E1_UNRELATED_HISTORICAL_USE,CANDIDATE,true,true,false,4,COMPLETE_FROZEN_LOG_KEYS,12585,COMPLETE_FROZEN_COUNT_AND_HASH,COMPLETE_LOG_ACQUISITION_TIMESTAMP,us-pa-pittsburgh-hazelwood,MAP_METADATA_PRESENT_RUNTIME_SUPPORT_NOT_CERTIFIED,true,NO_DUPLICATE_SESSION_ID_FROZEN_SOURCE_ALIASES_CANONICALIZED,CANDIDATE_POOL_ONLY_NO_FINAL_V_OR_C_RESERVATION,AMBIGUOUS_EXECUTION_INITIAL_STATE_NOT_BOUND,AMBIGUOUS_OFFICIAL_NATIVE_ROUTE_NOT_BOUND,AMBIGUOUS_EXECUTION_EXTRACTION_NOT_BOUND,BLOCKED_PRODUCTION_CALLBACK_CHAIN_NOT_BOUND,AMBIGUOUS_METADATA_INCOMPLETE,COMPLETE,INCOMPLETE_PRECONTEXT_AND_EXECUTION_BINDING,BLOCKED_SHARED_ENGINEERING_CONTRACT,NOT_CERTIFIED,2021.10.01.18.24.31_veh-44
2021.10.01.18.57.27_veh-44,COMPLETE_UNIQUE_FROZEN_SESSION_KEY,E2_BENCHMARK_ENGINEERING,CANDIDATE,false,true,false,4,COMPLETE_FROZEN_LOG_KEYS,18707,COMPLETE_FROZEN_COUNT_AND_HASH,COMPLETE_LOG_ACQUISITION_TIMESTAMP,us-pa-pittsburgh-hazelwood,MAP_METADATA_PRESENT_RUNTIME_SUPPORT_NOT_CERTIFIED,true,NO_DUPLICATE_SESSION_ID_FROZEN_SOURCE_ALIASES_CANONICALIZED,CANDIDATE_POOL_ONLY_NO_FINAL_V_OR_C_RESERVATION,AMBIGUOUS_EXECUTION_INITIAL_STATE_NOT_BOUND,AMBIGUOUS_OFFICIAL_NATIVE_ROUTE_NOT_BOUND,AMBIGUOUS_EXECUTION_EXTRACTION_NOT_BOUND,BLOCKED_PRODUCTION_CALLBACK_CHAIN_NOT_BOUND,AMBIGUOUS_METADATA_INCOMPLETE,COMPLETE,INCOMPLETE_PRECONTEXT_AND_EXECUTION_BINDING,BLOCKED_SHARED_ENGINEERING_CONTRACT,NOT_CERTIFIED,2021.10.01.18.57.27_veh-44
2021.10.01.19.16.42_veh-28,COMPLETE_UNIQUE_FROZEN_SESSION_KEY,E3_PRIMARY_METHOD_DEVELOPMENT,EXCLUDED_E3_E4,false,false,false,2,COMPLETE_FROZEN_LOG_KEYS,13708,COMPLETE_FROZEN_COUNT_AND_HASH,COMPLETE_LOG_ACQUISITION_TIMESTAMP,us-ma-boston,NOT_ASSESSED_POLICY_EXCLUDED,true,NO_DUPLICATE_SESSION_ID_FROZEN_SOURCE_ALIASES_CANONICALIZED,DEVELOPMENT_ONLY_EXCLUDED_FROM_PRIMARY_V,NOT_ASSESSED_POLICY_EXCLUDED,NOT_ASSESSED_POLICY_EXCLUDED,NOT_ASSESSED_POLICY_EXCLUDED,NOT_APPLICABLE_POLICY_EXCLUDED,INELIGIBLE_E3_E4,COMPLETE,NOT_APPLICABLE_POLICY_EXCLUDED,NOT_APPLICABLE_POLICY_EXCLUDED,NOT_CERTIFIED,2021.10.01.19.16.42_veh-28
2021.10.05.07.10.04_veh-52,COMPLETE_UNIQUE_FROZEN_SESSION_KEY,E3_PRIMARY_METHOD_DEVELOPMENT,EXCLUDED_E3_E4,false,false,false,1,COMPLETE_FROZEN_LOG_KEYS,3755,COMPLETE_FROZEN_COUNT_AND_HASH,COMPLETE_LOG_ACQUISITION_TIMESTAMP,sg-one-north,NOT_ASSESSED_POLICY_EXCLUDED,true,NO_DUPLICATE_SESSION_ID_FROZEN_SOURCE_ALIASES_CANONICALIZED,DEVELOPMENT_ONLY_EXCLUDED_FROM_PRIMARY_V,NOT_ASSESSED_POLICY_EXCLUDED,NOT_ASSESSED_POLICY_EXCLUDED,NOT_ASSESSED_POLICY_EXCLUDED,NOT_APPLICABLE_POLICY_EXCLUDED,INELIGIBLE_E3_E4,COMPLETE,NOT_APPLICABLE_POLICY_EXCLUDED,NOT_APPLICABLE_POLICY_EXCLUDED,NOT_CERTIFIED,2021.10.05.07.10.04_veh-52
2021.10.06.07.26.10_veh-52,COMPLETE_UNIQUE_FROZEN_SESSION_KEY,E3_PRIMARY_METHOD_DEVELOPMENT,EXCLUDED_E3_E4,false,false,false,1,COMPLETE_FROZEN_LOG_KEYS,5526,COMPLETE_FROZEN_COUNT_AND_HASH,COMPLETE_LOG_ACQUISITION_TIMESTAMP,sg-one-north,NOT_ASSESSED_POLICY_EXCLUDED,true,NO_DUPLICATE_SESSION_ID_FROZEN_SOURCE_ALIASES_CANONICALIZED,DEVELOPMENT_ONLY_EXCLUDED_FROM_PRIMARY_V,NOT_ASSESSED_POLICY_EXCLUDED,NOT_ASSESSED_POLICY_EXCLUDED,NOT_ASSESSED_POLICY_EXCLUDED,NOT_APPLICABLE_POLICY_EXCLUDED,INELIGIBLE_E3_E4,COMPLETE,NOT_APPLICABLE_POLICY_EXCLUDED,NOT_APPLICABLE_POLICY_EXCLUDED,NOT_CERTIFIED,2021.10.06.07.26.10_veh-52
2021.10.06.17.43.07_veh-28,COMPLETE_UNIQUE_FROZEN_SESSION_KEY,E1_UNRELATED_HISTORICAL_USE,CANDIDATE,true,true,false,1,COMPLETE_FROZEN_LOG_KEYS,5100,COMPLETE_FROZEN_COUNT_AND_HASH,COMPLETE_LOG_ACQUISITION_TIMESTAMP,us-ma-boston,MAP_METADATA_PRESENT_RUNTIME_SUPPORT_NOT_CERTIFIED,true,NO_DUPLICATE_SESSION_ID_FROZEN_SOURCE_ALIASES_CANONICALIZED,CANDIDATE_POOL_ONLY_NO_FINAL_V_OR_C_RESERVATION,AMBIGUOUS_EXECUTION_INITIAL_STATE_NOT_BOUND,AMBIGUOUS_OFFICIAL_NATIVE_ROUTE_NOT_BOUND,AMBIGUOUS_EXECUTION_EXTRACTION_NOT_BOUND,BLOCKED_PRODUCTION_CALLBACK_CHAIN_NOT_BOUND,AMBIGUOUS_METADATA_INCOMPLETE,COMPLETE,INCOMPLETE_PRECONTEXT_AND_EXECUTION_BINDING,BLOCKED_SHARED_ENGINEERING_CONTRACT,NOT_CERTIFIED,2021.10.06.17.43.07_veh-28
2021.10.11.02.57.41_veh-50,COMPLETE_UNIQUE_FROZEN_SESSION_KEY,E1_UNRELATED_HISTORICAL_USE,CANDIDATE,true,true,false,2,COMPLETE_FROZEN_LOG_KEYS,9655,COMPLETE_FROZEN_COUNT_AND_HASH,COMPLETE_LOG_ACQUISITION_TIMESTAMP,sg-one-north,MAP_METADATA_PRESENT_RUNTIME_SUPPORT_NOT_CERTIFIED,true,NO_DUPLICATE_SESSION_ID_FROZEN_SOURCE_ALIASES_CANONICALIZED,CANDIDATE_POOL_ONLY_NO_FINAL_V_OR_C_RESERVATION,AMBIGUOUS_EXECUTION_INITIAL_STATE_NOT_BOUND,AMBIGUOUS_OFFICIAL_NATIVE_ROUTE_NOT_BOUND,AMBIGUOUS_EXECUTION_EXTRACTION_NOT_BOUND,BLOCKED_PRODUCTION_CALLBACK_CHAIN_NOT_BOUND,AMBIGUOUS_METADATA_INCOMPLETE,COMPLETE,INCOMPLETE_PRECONTEXT_AND_EXECUTION_BINDING,BLOCKED_SHARED_ENGINEERING_CONTRACT,NOT_CERTIFIED,2021.10.11.02.57.41_veh-50
2021.10.11.07.12.18_veh-50,COMPLETE_UNIQUE_FROZEN_SESSION_KEY,E1_UNRELATED_HISTORICAL_USE,CANDIDATE,true,true,false,1,COMPLETE_FROZEN_LOG_KEYS,839,COMPLETE_FROZEN_COUNT_AND_HASH,COMPLETE_LOG_ACQUISITION_TIMESTAMP,sg-one-north,MAP_METADATA_PRESENT_RUNTIME_SUPPORT_NOT_CERTIFIED,true,NO_DUPLICATE_SESSION_ID_FROZEN_SOURCE_ALIASES_CANONICALIZED,CANDIDATE_POOL_ONLY_NO_FINAL_V_OR_C_RESERVATION,AMBIGUOUS_EXECUTION_INITIAL_STATE_NOT_BOUND,AMBIGUOUS_OFFICIAL_NATIVE_ROUTE_NOT_BOUND,AMBIGUOUS_EXECUTION_EXTRACTION_NOT_BOUND,BLOCKED_PRODUCTION_CALLBACK_CHAIN_NOT_BOUND,AMBIGUOUS_METADATA_INCOMPLETE,COMPLETE,INCOMPLETE_PRECONTEXT_AND_EXECUTION_BINDING,BLOCKED_SHARED_ENGINEERING_CONTRACT,NOT_CERTIFIED,2021.10.11.07.12.18_veh-50
2021.10.11.08.31.07_veh-50,COMPLETE_UNIQUE_FROZEN_SESSION_KEY,E3_PRIMARY_METHOD_DEVELOPMENT,EXCLUDED_E3_E4,false,false,false,1,COMPLETE_FROZEN_LOG_KEYS,2387,COMPLETE_FROZEN_COUNT_AND_HASH,COMPLETE_LOG_ACQUISITION_TIMESTAMP,sg-one-north,NOT_ASSESSED_POLICY_EXCLUDED,true,NO_DUPLICATE_SESSION_ID_FROZEN_SOURCE_ALIASES_CANONICALIZED,DEVELOPMENT_ONLY_EXCLUDED_FROM_PRIMARY_V,NOT_ASSESSED_POLICY_EXCLUDED,NOT_ASSESSED_POLICY_EXCLUDED,NOT_ASSESSED_POLICY_EXCLUDED,NOT_APPLICABLE_POLICY_EXCLUDED,INELIGIBLE_E3_E4,COMPLETE,NOT_APPLICABLE_POLICY_EXCLUDED,NOT_APPLICABLE_POLICY_EXCLUDED,NOT_CERTIFIED,2021.10.11.08.31.07_veh-50
