global_row,shard_id,local_row,split
55148,11,2461,test
57462,11,4775,test
144979,30,3710,test
47848,10,163,test
76814,15,4093,test
58111,12,422,test
39433,7,4414,test
80473,16,2752,test
88680,18,4257,test
70510,14,2800,test
17136,3,2130,test
66133,13,3431,test
105598,22,1166,test
123495,25,4046,test
34693,6,4675,test
113672,23,4233,test
132065,28,814,test
11259,2,1253,test
73609,15,888,test
98924,20,4497,test
148575,31,2305,test
78551,16,830,test
86508,18,2085,test
89661,19,234,test
92357,19,2930,test
138016,29,1763,test
153198,32,1927,test
54827,11,2140,test
43468,9,796,test
57928,12,239,test
73945,15,1224,test
155239,32,3968,test
142768,30,1499,test
118415,24,3967,test
70630,14,2920,test
31324,6,1306,test
115054,24,606,test
148514,31,2244,test
14648,2,4642,test
89013,18,4590,test
26528,5,1511,test
548,0,548,test
133830,28,2579,test
9639,1,4637,test
72458,14,4748,test
70525,14,2815,test
75630,15,2909,test
60544,12,2855,test
44787,9,2115,test
58112,12,423,test
97743,20,3316,test
84160,17,1430,test
46475,9,3803,test
133396,28,2145,test
139044,29,2791,test
105232,22,800,test
98710,20,4283,test
56525,11,3838,test
42110,8,2082,test
137715,29,1462,test
136309,29,56,test
48204,10,519,test
82471,16,4750,test
93882,19,4455,test
109492,23,53,test
138531,29,2278,test
147745,31,1475,test
87825,18,3402,test
28395,5,3378,test
143624,30,2355,test
142493,30,1224,test
11670,2,1664,test
107109,22,2677,test
158494,33,2222,test
39186,7,4167,test
80577,16,2856,test
70639,14,2929,test
46498,9,3826,test
54860,11,2173,test
1421,0,1421,test
162040,34,760,test
99944,21,513,test
19887,3,4881,test
105186,22,754,test
37155,7,2136,test
34311,6,4293,test
70746,14,3036,test
12263,2,2257,test
27867,5,2850,test
145272,30,4003,test
137713,29,1460,test
26310,5,1293,test
122366,25,2917,test
137606,29,1353,test
154983,32,3712,test
9365,1,4363,test
126874,27,624,test
147045,31,775,test
36909,7,1890,test
46248,9,3576,test
21231,4,1225,test
33161,6,3143,test
74397,15,1676,test
122265,25,2816,test
9734,1,4732,test
147950,31,1680,test
121622,25,2173,test
148570,31,2300,test
14896,2,4890,test
6764,1,1762,test
14645,2,4639,test
28136,5,3119,test
49120,10,1435,test
11652,2,1646,test
87826,18,3403,test
128078,27,1828,test
104105,21,4674,test
48060,10,375,test
104946,22,514,test
79152,16,1431,test
154198,32,2927,test
24371,4,4365,test
115074,24,626,test
18168,3,3162,test
87537,18,3114,test
37326,7,2307,test
8964,1,3962,test
159678,33,3406,test
95214,20,787,test
126877,27,627,test
49766,10,2081,test
75883,15,3162,test
126370,27,120,test
119744,25,295,test
107099,22,2667,test
127776,27,1526,test
162808,34,1528,test
116557,24,2109,test
58691,12,1002,test
124421,25,4972,test
34218,6,4200,test
63254,13,552,test
153731,32,2460,test
36092,7,1073,test
146598,31,328,test
119554,25,105,test
72962,15,241,test
13948,2,3942,test
30113,6,95,test
154829,32,3558,test
127140,27,890,test
58603,12,914,test
2391,0,2391,test
12535,2,2529,test
32712,6,2694,test
14040,2,4034,test
121815,25,2366,test
102494,21,3063,test
75504,15,2783,test
63464,13,762,test
53158,11,471,test
152924,32,1653,test
15848,3,842,test
118408,24,3960,test
148179,31,1909,test
14765,2,4759,test
36902,7,1883,test
105315,22,883,test
120478,25,1029,test
78358,16,637,test
10899,2,893,test
77544,15,4823,test
123934,25,4485,test
97400,20,2973,test
14170,2,4164,test
79401,16,1680,test
90330,19,903,test
678,0,678,test
134856,28,3605,test
38310,7,3291,test
18979,3,3973,test
36333,7,1314,test
121608,25,2159,test
130754,27,4504,test
19911,3,4905,test
29393,5,4376,test
19913,3,4907,test
41572,8,1544,test
160858,33,4586,test
40437,8,409,test
92088,19,2661,test
21775,4,1769,test
104908,22,476,test
150919,31,4649,test
39865,7,4846,test
12595,2,2589,test
47067,9,4395,test
83043,17,313,test
119296,24,4848,test
37673,7,2654,test
70121,14,2411,test
43462,9,790,test
46672,9,4000,test
29813,5,4796,test
97258,20,2831,test
148186,31,1916,test
93505,19,4078,test
160069,33,3797,test
145907,30,4638,test
122536,25,3087,test
11998,2,1992,test
101667,21,2236,test
21230,4,1224,test
158401,33,2129,test
148506,31,2236,test
6499,1,1497,test
98759,20,4332,test
154987,32,3716,test
56860,11,4173,test
157491,33,1219,test
67417,13,4715,test
159271,33,2999,test
61593,12,3904,test
147742,31,1472,test
58596,12,907,test
99068,20,4641,test
99343,20,4916,test
33297,6,3279,test
99344,20,4917,test
129013,27,2763,test
62120,12,4431,test
14143,2,4137,test
132128,28,877,test
107899,22,3467,test
162271,34,991,test
47017,9,4345,test
49767,10,2082,test
106587,22,2155,test
8246,1,3244,test
130618,27,4368,test
10727,2,721,test
46703,9,4031,test
69038,14,1328,test
49772,10,2087,test
93503,19,4076,test
27274,5,2257,test
56988,11,4301,test
84945,18,522,test
17399,3,2393,test
143738,30,2469,test
145898,30,4629,test
1508,0,1508,test
49139,10,1454,test
119112,24,4664,test
79473,16,1752,test
46940,9,4268,test
124308,25,4859,test
101158,21,1727,test
87577,18,3154,test
60404,12,2715,test
114081,23,4642,test
150944,31,4674,test
153325,32,2054,test
124582,26,129,test
80569,16,2848,test
129428,27,3178,test
68086,14,376,test
153265,32,1994,test
154714,32,3443,test
110016,23,577,test
158768,33,2496,test
45646,9,2974,test
133372,28,2121,test
22614,4,2608,test
54830,11,2143,test
76196,15,3475,test
50296,10,2611,test
116145,24,1697,test
149189,31,2919,test
44369,9,1697,test
85137,18,714,test
28115,5,3098,test
30578,6,560,test
6346,1,1344,test
90637,19,1210,test
162151,34,871,test
101984,21,2553,test
122888,25,3439,test
12844,2,2838,test
163562,34,2282,test
121927,25,2478,test
40571,8,543,test
15896,3,890,test
151560,32,289,test
154964,32,3693,test
150637,31,4367,test
141016,29,4763,test
30697,6,679,test
139599,29,3346,test
22766,4,2760,test
162783,34,1503,test
24342,4,4336,test
142544,30,1275,test
153322,32,2051,test
104591,22,159,test
146348,31,78,test
34370,6,4352,test
90100,19,673,test
130211,27,3961,test
140184,29,3931,test
60761,12,3072,test
42878,9,206,test
88865,18,4442,test
150238,31,3968,test
148353,31,2083,test
19995,3,4989,test
31731,6,1713,test
148500,31,2230,test
55792,11,3105,test
675,0,675,test
149107,31,2837,test
55512,11,2825,test
99333,20,4906,test
69942,14,2232,test
128735,27,2485,test
91438,19,2011,test
67648,13,4946,test
28107,5,3090,test
47847,10,162,test
70520,14,2810,test
9420,1,4418,test
6633,1,1631,test
111066,23,1627,test
27878,5,2861,test
10941,2,935,test
134120,28,2869,test
88885,18,4462,test
137870,29,1617,test
65374,13,2672,test
102612,21,3181,test
46664,9,3992,test
46832,9,4160,test
65110,13,2408,test
47844,10,159,test
104281,21,4850,test
84607,18,184,test
121897,25,2448,test
150720,31,4450,test
80572,16,2851,test
133265,28,2014,test
47073,9,4401,test
102563,21,3132,test
39864,7,4845,test
73940,15,1219,test
135277,28,4026,test
150217,31,3947,test
137603,29,1350,test
40498,8,470,test
82806,17,76,test
66132,13,3430,test
143014,30,1745,test
11176,2,1170,test
79424,16,1703,test
15112,3,106,test
104250,21,4819,test
5239,1,237,test
38619,7,3600,test
47598,9,4926,test
3740,0,3740,test
114957,24,509,test
105151,22,719,test
122817,25,3368,test
48991,10,1306,test
127097,27,847,test
15897,3,891,test
159760,33,3488,test
99695,21,264,test
35347,7,328,test
17923,3,2917,test
42039,8,2011,test
901,0,901,test
33099,6,3081,test
60288,12,2599,test
3268,0,3268,test
7862,1,2860,test
102943,21,3512,test
131847,28,596,test
60848,12,3159,test
22610,4,2604,test
9694,1,4692,test
102645,21,3214,test
38167,7,3148,test
716,0,716,test
5731,1,729,test
138015,29,1762,test
79957,16,2236,test
7571,1,2569,test
102879,21,3448,test
12812,2,2806,test
40394,8,366,test
160562,33,4290,test
63152,13,450,test
74174,15,1453,test
11547,2,1541,test
157493,33,1221,test
57458,11,4771,test
29267,5,4250,test
79091,16,1370,test
88503,18,4080,test
162270,34,990,test
7614,1,2612,test
11536,2,1530,test
118306,24,3858,test
38404,7,3385,test
68578,14,868,test
26780,5,1763,test
140173,29,3920,test
24661,4,4655,test
53046,11,359,test
128161,27,1911,test
132816,28,1565,test
12606,2,2600,test
54807,11,2120,test
46853,9,4181,test
141757,30,488,test
26171,5,1154,test
42360,8,2332,test
146241,30,4972,test
110684,23,1245,test
76156,15,3435,test
89056,18,4633,test
34355,6,4337,test
5475,1,473,test
113668,23,4229,test
133087,28,1836,test
124160,25,4711,test
34696,6,4678,test
11530,2,1524,test
43505,9,833,test
134429,28,3178,test
10018,2,12,test
114478,24,30,test
138437,29,2184,test
113198,23,3759,test
119708,25,259,test
73199,15,478,test
52778,11,91,test
54537,11,1850,test
16168,3,1162,test
163743,34,2463,test
57711,12,22,test
115473,24,1025,test
32570,6,2552,test
145991,30,4722,test
137244,29,991,test
79956,16,2235,test
132606,28,1355,test
146502,31,232,test
68482,14,772,test
124222,25,4773,test
137118,29,865,test
54153,11,1466,test
11085,2,1079,test
154331,32,3060,test
14082,2,4076,test
11556,2,1550,test
65373,13,2671,test
122812,25,3363,test
109502,23,63,test
37400,7,2381,test
12627,2,2621,test
52382,10,4697,test
24013,4,4007,test
87583,18,3160,test
40353,8,325,test
31159,6,1141,test
48627,10,942,test
89670,19,243,test
110025,23,586,test
147890,31,1620,test
35044,7,25,test
67316,13,4614,test
150931,31,4661,test
17402,3,2396,test
69101,14,1391,test
109370,22,4938,test
2606,0,2606,test
136086,28,4835,test
92830,19,3403,test
136745,29,492,test
31896,6,1878,test
102558,21,3127,test
121822,25,2373,test
34822,6,4804,test
130939,27,4689,test
53418,11,731,test
44512,9,1840,test
129344,27,3094,test
53129,11,442,test
88188,18,3765,test
160837,33,4565,test
92084,19,2657,test
94454,20,27,test
10214,2,208,test
11672,2,1666,test
154836,32,3565,test
98640,20,4213,test
93872,19,4445,test
99106,20,4679,test
155131,32,3860,test
94012,19,4585,test
117532,24,3084,test
68479,14,769,test
161592,34,312,test
25452,5,435,test
7699,1,2697,test
81064,16,3343,test
109507,23,68,test
70636,14,2926,test
69663,14,1953,test
44366,9,1694,test
40245,8,217,test
71827,14,4117,test
150576,31,4306,test
112223,23,2784,test
17330,3,2324,test
95309,20,882,test
54536,11,1849,test
139522,29,3269,test
114958,24,510,test
41825,8,1797,test
68575,14,865,test
90408,19,981,test
58087,12,398,test
148184,31,1914,test
82300,16,4579,test
82460,16,4739,test
124457,26,4,test
43933,9,1261,test
34368,6,4350,test
100236,21,805,test
51221,10,3536,test
73752,15,1031,test
60258,12,2569,test
135646,28,4395,test
7616,1,2614,test
50904,10,3219,test
109483,23,44,test
75722,15,3001,test
34599,6,4581,test
34600,6,4582,test
54784,11,2097,test
322,0,322,test
150211,31,3941,test
162807,34,1527,test
69919,14,2209,test
104279,21,4848,test
50052,10,2367,test
144665,30,3396,test
122364,25,2915,test
109795,23,356,test
128083,27,1833,test
104252,21,4821,test
26308,5,1291,test
34357,6,4339,test
95761,20,1334,test
83244,17,514,test
44903,9,2231,test
46701,9,4029,test
11929,2,1923,test
53076,11,389,test
154128,32,2857,test
25896,5,879,test
2961,0,2961,test
143375,30,2106,test
36652,7,1633,test
3270,0,3270,test
38803,7,3784,test
41225,8,1197,test
198,0,198,test
76582,15,3861,test
118175,24,3727,test
164408,34,3128,test
8244,1,3242,test
28724,5,3707,test
84938,18,515,test
125866,26,1413,test
140886,29,4633,test
154834,32,3563,test
76027,15,3306,test
41826,8,1798,test
25473,5,456,test
115056,24,608,test
76789,15,4068,test
42356,8,2328,test
154470,32,3199,test
31188,6,1170,test
121406,25,1957,test
102731,21,3300,test
127865,27,1615,test
11089,2,1083,test
75127,15,2406,test
116055,24,1607,test
40580,8,552,test
71658,14,3948,test
58106,12,417,test
36508,7,1489,test
70234,14,2524,test
85213,18,790,test
1409,0,1409,test
13499,2,3493,test
65503,13,2801,test
147891,31,1621,test
63643,13,941,test
42264,8,2236,test
11535,2,1529,test
71980,14,4270,test
89656,19,229,test
86575,18,2152,test
9827,1,4825,test
105715,22,1283,test
12828,2,2822,test
81993,16,4272,test
105311,22,879,test
148703,31,2433,test
80526,16,2805,test
111615,23,2176,test
11339,2,1333,test
164130,34,2850,test
133236,28,1985,test
127059,27,809,test
89161,18,4738,test
145231,30,3962,test
117748,24,3300,test
132031,28,780,test
153730,32,2459,test
28598,5,3581,test
123377,25,3928,test
158132,33,1860,test
109269,22,4837,test
43892,9,1220,test
79967,16,2246,test
12420,2,2414,test
58099,12,410,test
163565,34,2285,test
61953,12,4264,test
93507,19,4080,test
36528,7,1509,test
67932,14,222,test
27626,5,2609,test
83192,17,462,test
160074,33,3802,test
150764,31,4494,test
26162,5,1145,test
149887,31,3617,test
133837,28,2586,test
20281,4,275,test
132876,28,1625,test
10726,2,720,test
124459,26,6,test
80071,16,2350,test
85260,18,837,test
83282,17,552,test
65671,13,2969,test
157799,33,1527,test
8547,1,3545,test
103685,21,4254,test
29891,5,4874,test
50890,10,3205,test
36007,7,988,test
48625,10,940,test
132603,28,1352,test
19896,3,4890,test
103365,21,3934,test
48209,10,524,test
131717,28,466,test
13703,2,3697,test
161490,34,210,test
162363,34,1083,test
46702,9,4030,test
147790,31,1520,test
2968,0,2968,test
138511,29,2258,test
110501,23,1062,test
125760,26,1307,test
74048,15,1327,test
66377,13,3675,test
163909,34,2629,test
75348,15,2627,test
14089,2,4083,test
126219,26,1766,test
60747,12,3058,test
138331,29,2078,test
98635,20,4208,test
160082,33,3810,test
15443,3,437,test
5412,1,410,test
121898,25,2449,test
162043,34,763,test
75213,15,2492,test
88854,18,4431,test
121823,25,2374,test
158793,33,2521,test
47597,9,4925,test
154710,32,3439,test
115338,24,890,test
80522,16,2801,test
102880,21,3449,test
132775,28,1524,test
111237,23,1798,test
69945,14,2235,test
132403,28,1152,test
160830,33,4558,test
33420,6,3402,test
43089,9,417,test
73192,15,471,test
68760,14,1050,test
162359,34,1079,test
136262,29,9,test
154639,32,3368,test
12600,2,2594,test
30199,6,181,test
127759,27,1509,test
108315,22,3883,test
109499,23,60,test
37395,7,2376,test
13949,2,3943,test
154252,32,2981,test
163975,34,2695,test
156910,33,638,test
21767,4,1761,test
12607,2,2601,test
90299,19,872,test
62079,12,4390,test
140178,29,3925,test
132163,28,912,test
3739,0,3739,test
38810,7,3791,test
53562,11,875,test
29634,5,4617,test
66357,13,3655,test
52004,10,4319,test
38627,7,3608,test
108009,22,3577,test
62987,13,285,test
50897,10,3212,test
74566,15,1845,test
144200,30,2931,test
57166,11,4479,test
37641,7,2622,test
113728,23,4289,test
23760,4,3754,test
13491,2,3485,test
142762,30,1493,test
370,0,370,test
29815,5,4798,test
146234,30,4965,test
132034,28,783,test
91748,19,2321,test
66779,13,4077,test
108914,22,4482,test
37669,7,2650,test
66767,13,4065,test
128736,27,2486,test
79100,16,1379,test
157893,33,1621,test
87747,18,3324,test
105493,22,1061,test
26165,5,1148,test
145905,30,4636,test
152433,32,1162,test
44364,9,1692,test
143739,30,2470,test
124517,26,64,test
29631,5,4614,test
81980,16,4259,test
54762,11,2075,test
42030,8,2002,test
109508,23,69,test
32039,6,2021,test
26281,5,1264,test
38891,7,3872,test
89453,19,26,test
50567,10,2882,test
88155,18,3732,test
87405,18,2982,test
95026,20,599,test
2889,0,2889,test
65896,13,3194,test
121519,25,2070,test
32094,6,2076,test
144205,30,2936,test
93263,19,3836,test
20041,4,35,test
76761,15,4040,test
7856,1,2854,test
43512,9,840,test
113271,23,3832,test
14090,2,4084,test
100818,21,1387,test
109525,23,86,test
143495,30,2226,test
56733,11,4046,test
159292,33,3020,test
116729,24,2281,test
102646,21,3215,test
121609,25,2160,test
119915,25,466,test
40534,8,506,test
99336,20,4909,test
42105,8,2077,test
55863,11,3176,test
84966,18,543,test
158829,33,2557,test
111071,23,1632,test
94954,20,527,test
79149,16,1428,test
33157,6,3139,test
126122,26,1669,test
116889,24,2441,test
111228,23,1789,test
56268,11,3581,test
82977,17,247,test
163772,34,2492,test
156580,33,308,test
79888,16,2167,test
164415,34,3135,test
86573,18,2150,test
84570,18,147,test
117636,24,3188,test
105139,22,707,test
2175,0,2175,test
164707,34,3427,test
119161,24,4713,test
122372,25,2923,test
79079,16,1358,test
15411,3,405,test
33473,6,3455,test
70513,14,2803,test
52777,11,90,test
6655,1,1653,test
132811,28,1560,test
121408,25,1959,test
49681,10,1996,test
26169,5,1152,test
101977,21,2546,test
68637,14,927,test
54114,11,1427,test
12000,2,1994,test
93297,19,3870,test
90036,19,609,test
96074,20,1647,test
143499,30,2230,test
110457,23,1018,test
28151,5,3134,test
11555,2,1549,test
154633,32,3362,test
155243,32,3972,test
81987,16,4266,test
138538,29,2285,test
90647,19,1220,test
129012,27,2762,test
48638,10,953,test
110632,23,1193,test
136573,29,320,test
160073,33,3801,test
82476,16,4755,test
109762,23,323,test
119478,25,29,test
15146,3,140,test
73943,15,1222,test
121518,25,2069,test
47553,9,4881,test
96001,20,1574,test
14953,2,4947,test
76835,15,4114,test
163296,34,2016,test
101084,21,1653,test
81868,16,4147,test
108684,22,4252,test
81061,16,3340,test
98038,20,3611,test
117745,24,3297,test
65271,13,2569,test
81491,16,3770,test
134123,28,2872,test
62190,12,4501,test
60278,12,2589,test
119918,25,469,test
27395,5,2378,test
156856,33,584,test
11649,2,1643,test
88677,18,4254,test
54780,11,2093,test
83751,17,1021,test
76579,15,3858,test
98679,20,4252,test
104914,22,482,test
160835,33,4563,test
33751,6,3733,test
145292,30,4023,test
146384,31,114,test
115472,24,1024,test
93327,19,3900,test
150719,31,4449,test
151558,32,287,test
53595,11,908,test
13955,2,3949,test
20585,4,579,test
81387,16,3666,test
11534,2,1528,test
38753,7,3734,test
99329,20,4902,test
155218,32,3947,test
88760,18,4337,test
152428,32,1157,test
47916,10,231,test
17090,3,2084,test
52422,10,4737,test
135265,28,4014,test
80079,16,2358,test
150235,31,3965,test
52330,10,4645,test
159459,33,3187,test
56365,11,3678,test
17470,3,2464,test
28436,5,3419,test
18084,3,3078,test
2962,0,2962,test
60267,12,2578,test
131866,28,615,test
119746,25,297,test
150580,31,4310,test
122954,25,3505,test
57167,11,4480,test
131499,28,248,test
46192,9,3520,test
51101,10,3416,test
105880,22,1448,test
27521,5,2504,test
140180,29,3927,test
59464,12,1775,test
81934,16,4213,test
14174,2,4168,test
152760,32,1489,test
64163,13,1461,test
319,0,319,test
54809,11,2122,test
87259,18,2836,test
2180,0,2180,test
152763,32,1492,test
76025,15,3304,test
28649,5,3632,test
54542,11,1855,test
68066,14,356,test
29385,5,4368,test
160834,33,4562,test
79075,16,1354,test
97264,20,2837,test
88511,18,4088,test
36912,7,1893,test
156581,33,309,test
3773,0,3773,test
17030,3,2024,test
114146,23,4707,test
67674,13,4972,test
43907,9,1235,test
99335,20,4908,test
15111,3,105,test
91423,19,1996,test
102084,21,2653,test
133879,28,2628,test
44935,9,2263,test
63574,13,872,test
123195,25,3746,test
43021,9,349,test
97783,20,3356,test
77357,15,4636,test
46251,9,3579,test
46730,9,4058,test
69915,14,2205,test
52431,10,4746,test
22313,4,2307,test
65239,13,2537,test
61095,12,3406,test
58265,12,576,test
61939,12,4250,test
7570,1,2568,test
12542,2,2536,test
17284,3,2278,test
19987,3,4981,test
92409,19,2982,test
135990,28,4739,test
106552,22,2120,test
140876,29,4623,test
90810,19,1383,test
159279,33,3007,test
119916,25,467,test
12838,2,2832,test
19148,3,4142,test
6979,1,1977,test
65108,13,2406,test
70339,14,2629,test
113669,23,4230,test
97257,20,2830,test
158861,33,2589,test
29725,5,4708,test
29810,5,4793,test
144516,30,3247,test
136304,29,51,test
137609,29,1356,test
98678,20,4251,test
63890,13,1188,test
13058,2,3052,test
38620,7,3601,test
47010,9,4338,test
57499,11,4812,test
151981,32,710,test
150578,31,4308,test
53597,11,910,test
58678,12,989,test
87507,18,3084,test
116345,24,1897,test
39866,7,4847,test
132780,28,1529,test
107318,22,2886,test
105711,22,1279,test
163911,34,2631,test
22441,4,2435,test
11340,2,1334,test
70645,14,2935,test
31456,6,1438,test
109640,23,201,test
118409,24,3961,test
99046,20,4619,test
62076,12,4387,test
137839,29,1586,test
83752,17,1022,test
132610,28,1359,test
75136,15,2415,test
67419,13,4717,test
45303,9,2631,test
116028,24,1580,test
107316,22,2884,test
49684,10,1999,test
33654,6,3636,test
20617,4,611,test
145232,30,3963,test
74049,15,1328,test
960,0,960,test
56447,11,3760,test
94784,20,357,test
136856,29,603,test
121411,25,1962,test
57873,12,184,test
48896,10,1211,test
29946,5,4929,test
155240,32,3969,test
107499,22,3067,test
76767,15,4046,test
93761,19,4334,test
157709,33,1437,test
122721,25,3272,test
83251,17,521,test
9176,1,4174,test
112174,23,2735,test
147786,31,1516,test
144030,30,2761,test
146424,31,154,test
52798,11,111,test
101975,21,2544,test
30381,6,363,test
62673,12,4984,test
135994,28,4743,test
36099,7,1080,test
66356,13,3654,test
54831,11,2144,test
106948,22,2516,test
97146,20,2719,test
68793,14,1083,test
70758,14,3048,test
82299,16,4578,test
127780,27,1530,test
97241,20,2814,test
62073,12,4384,test
143377,30,2108,test
48573,10,888,test
152476,32,1205,test
17492,3,2486,test
113670,23,4231,test
12651,2,2645,test
66845,13,4143,test
97745,20,3318,test
59606,12,1917,test
1414,0,1414,test
96964,20,2537,test
119285,24,4837,test
6639,1,1637,test
49855,10,2170,test
84610,18,187,test
142733,30,1464,test
91938,19,2511,test
121799,25,2350,test
7321,1,2319,test
147787,31,1517,test
88976,18,4553,test
130429,27,4179,test
13937,2,3931,test
53985,11,1298,test
149190,31,2920,test
102086,21,2655,test
109517,23,78,test
42874,9,202,test
155697,32,4426,test
52428,10,4743,test
3463,0,3463,test
10247,2,241,test
41564,8,1536,test
108510,22,4078,test
146425,31,155,test
63440,13,738,test
56766,11,4079,test
67322,13,4620,test
151556,32,285,test
47199,9,4527,test
84748,18,325,test
78921,16,1200,test
36070,7,1051,test
126457,27,207,test
88844,18,4421,test
101698,21,2267,test
85418,18,995,test
58242,12,553,test
124422,25,4973,test
146884,31,614,test
18427,3,3421,test
57671,11,4984,test
130397,27,4147,test
70506,14,2796,test
146190,30,4921,test
60692,12,3003,test
15566,3,560,test
79471,16,1750,test
132683,28,1432,test
53980,11,1293,test
151493,32,222,test
64161,13,1459,test
57041,11,4354,test
132407,28,1156,test
37601,7,2582,test
15151,3,145,test
48544,10,859,test
32607,6,2589,test
87225,18,2802,test
128506,27,2256,test
102889,21,3458,test
94011,19,4584,test
153276,32,2005,test
163775,34,2495,test
136002,28,4751,test
1412,0,1412,test
164416,34,3136,test
99070,20,4643,test
132611,28,1360,test
33674,6,3656,test
103361,21,3930,test
119912,25,463,test
154953,32,3682,test
10015,2,9,test
154805,32,3534,test
70634,14,2924,test
27625,5,2608,test
82325,16,4604,test
17332,3,2326,test
60755,12,3066,test
43939,9,1267,test
146887,31,617,test
124326,25,4877,test
10900,2,894,test
29554,5,4537,test
56460,11,3773,test
162361,34,1081,test
48641,10,956,test
155326,32,4055,test
130431,27,4181,test
20040,4,34,test
110641,23,1202,test
128162,27,1912,test
62468,12,4779,test
133266,28,2015,test
79369,16,1648,test
2609,0,2609,test
88866,18,4443,test
153445,32,2174,test
142188,30,919,test
11087,2,1081,test
88953,18,4530,test
96888,20,2461,test
111616,23,2177,test
110639,23,1200,test
92125,19,2698,test
26283,5,1266,test
74175,15,1454,test
66145,13,3443,test
157695,33,1423,test
23369,4,3363,test
98711,20,4284,test
48375,10,690,test
19888,3,4882,test
73737,15,1016,test
132681,28,1430,test
122712,25,3263,test
61712,12,4023,test
160077,33,3805,test
65673,13,2971,test
81358,16,3637,test
63575,13,873,test
58351,12,662,test
89177,18,4754,test
965,0,965,test
153941,32,2670,test
140468,29,4215,test
111955,23,2516,test
102617,21,3186,test
96730,20,2303,test
114588,24,140,test
89658,19,231,test
135523,28,4272,test
83307,17,577,test
143217,30,1948,test
19528,3,4522,test
69808,14,2098,test
135708,28,4457,test
73194,15,473,test
163746,34,2466,test
79142,16,1421,test
26042,5,1025,test
106643,22,2211,test
118414,24,3966,test
121962,25,2513,test
27433,5,2416,test
112093,23,2654,test
38798,7,3779,test
63462,13,760,test
21222,4,1216,test
75627,15,2906,test
143736,30,2467,test
128456,27,2206,test
20730,4,724,test
157711,33,1439,test
59170,12,1481,test
102532,21,3101,test
86672,18,2249,test
121625,25,2176,test
163781,34,2501,test
140169,29,3916,test
73751,15,1030,test
38807,7,3788,test
99340,20,4913,test
83290,17,560,test
40102,8,74,test
125831,26,1378,test
22316,4,2310,test
34313,6,4295,test
60536,12,2847,test
50892,10,3207,test
86309,18,1886,test
59463,12,1774,test
63337,13,635,test
141418,30,149,test
31318,6,1300,test
156398,33,126,test
79245,16,1524,test
3723,0,3723,test
60968,12,3279,test
94938,20,511,test
38908,7,3889,test
104486,22,54,test
154708,32,3437,test
25249,5,232,test
42040,8,2012,test
98910,20,4483,test
34521,6,4503,test
102608,21,3177,test
139037,29,2784,test
18171,3,3165,test
86011,18,1588,test
69386,14,1676,test
163289,34,2009,test
73175,15,454,test
65270,13,2568,test
56363,11,3676,test
101794,21,2363,test
44535,9,1863,test
6497,1,1495,test
91424,19,1997,test
65684,13,2982,test
152917,32,1646,test
26434,5,1417,test
95784,20,1357,test
54776,11,2089,test
3391,0,3391,test
160609,33,4337,test
63893,13,1191,test
10893,2,887,test
69950,14,2240,test
111645,23,2206,test
159299,33,3027,test
85585,18,1162,test
62074,12,4385,test
81182,16,3461,test
90641,19,1214,test
154693,32,3422,test
112171,23,2732,test
107083,22,2651,test
54538,11,1851,test
159462,33,3190,test
899,0,899,test
58088,12,399,test
158298,33,2026,test
53729,11,1042,test
47079,9,4407,test
34727,6,4709,test
111743,23,2304,test
80570,16,2849,test
84806,18,383,test
1505,0,1505,test
31838,6,1820,test
113197,23,3758,test
53080,11,393,test
121868,25,2419,test
42064,8,2036,test
145291,30,4022,test
154962,32,3691,test
108516,22,4084,test
157374,33,1102,test
22439,4,2433,test
122732,25,3283,test
102562,21,3131,test
12544,2,2538,test
52785,11,98,test
76046,15,3325,test
102942,21,3511,test
29550,5,4533,test
108774,22,4342,test
44365,9,1693,test
55522,11,2835,test
15893,3,887,test
17093,3,2087,test
57170,11,4483,test
21225,4,1219,test
79101,16,1380,test
109,0,109,test
126524,27,274,test
148361,31,2091,test
162223,34,943,test
710,0,710,test
95561,20,1134,test
13608,2,3602,test
127148,27,898,test
109524,23,85,test
16175,3,1169,test
18761,3,3755,test
92719,19,3292,test
134722,28,3471,test
136994,29,741,test
108769,22,4337,test
99585,21,154,test
106553,22,2121,test
47062,9,4390,test
117393,24,2945,test
142565,30,1296,test
29073,5,4056,test
110287,23,848,test
44786,9,2114,test
13221,2,3215,test
28145,5,3128,test
152640,32,1369,test
136440,29,187,test
151730,32,459,test
19910,3,4904,test
136287,29,34,test
112301,23,2862,test
59082,12,1393,test
28645,5,3628,test
79076,16,1355,test
58108,12,419,test
52800,11,113,test
56604,11,3917,test
54115,11,1428,test
12596,2,2590,test
96100,20,1673,test
150239,31,3969,test
17362,3,2356,test
162733,34,1453,test
110,0,110,test
122374,25,2925,test
88174,18,3751,test
54811,11,2124,test
58606,12,917,test
62188,12,4499,test
74118,15,1397,test
144668,30,3399,test
124518,26,65,test
160998,33,4726,test
81994,16,4273,test
133149,28,1898,test
161489,34,209,test
98686,20,4259,test
127587,27,1337,test
93266,19,3839,test
69829,14,2119,test
78362,16,641,test
121830,25,2381,test
63157,13,455,test
147514,31,1244,test
99342,20,4915,test
151018,31,4748,test
130215,27,3965,test
156725,33,453,test
110738,23,1299,test
119488,25,39,test
63897,13,1195,test
103276,21,3845,test
48824,10,1139,test
56102,11,3415,test
159956,33,3684,test
159546,33,3274,test
148577,31,2307,test
29633,5,4616,test
141759,30,490,test
27382,5,2365,test
98570,20,4143,test
50903,10,3218,test
24660,4,4654,test
13610,2,3604,test
32856,6,2838,test
86574,18,2151,test
41218,8,1190,test
48212,10,527,test
92742,19,3315,test
110022,23,583,test
109372,22,4940,test
52802,11,115,test
48372,10,687,test
101982,21,2551,test
157346,33,1074,test
17105,3,2099,test
88376,18,3953,test
4862,0,4862,test
101838,21,2407,test
106275,22,1843,test
57672,11,4985,test
164499,34,3219,test
18073,3,3067,test
2888,0,2888,test
51567,10,3882,test
143107,30,1838,test
84163,17,1433,test
80468,16,2747,test
154001,32,2730,test
26280,5,1263,test
143108,30,1839,test
72457,14,4747,test
73610,15,889,test
56264,11,3577,test
83675,17,945,test
156729,33,457,test
150204,31,3934,test
98630,20,4203,test
102644,21,3213,test
99045,20,4618,test
17490,3,2484,test
128941,27,2691,test
11913,2,1907,test
161306,34,26,test
67030,13,4328,test
148704,31,2434,test
55523,11,2836,test
22477,4,2471,test
151488,32,217,test
75249,15,2528,test
12483,2,2477,test
81446,16,3725,test
29808,5,4791,test
63546,13,844,test
6632,1,1630,test
86509,18,2086,test
48210,10,525,test
86962,18,2539,test
81335,16,3614,test
149109,31,2839,test
164124,34,2844,test
61949,12,4260,test
49765,10,2080,test
107105,22,2673,test
74946,15,2225,test
88867,18,4444,test
92571,19,3144,test
51792,10,4107,test
56228,11,3541,test
75260,15,2539,test
106946,22,2514,test
61722,12,4033,test
105908,22,1476,test
30001,5,4984,test
154008,32,2737,test
39695,7,4676,test
142008,30,739,test
14319,2,4313,test
12513,2,2507,test
7703,1,2701,test
105491,22,1059,test
67727,14,17,test
112252,23,2813,test
150762,31,4492,test
97826,20,3399,test
81031,16,3310,test
136080,28,4829,test
63551,13,849,test
159758,33,3486,test
33470,6,3452,test
34701,6,4683,test
121870,25,2421,test
17282,3,2276,test
157714,33,1442,test
46199,9,3527,test
95526,20,1099,test
29807,5,4790,test
153308,32,2037,test
105590,22,1158,test
140176,29,3923,test
140620,29,4367,test
155241,32,3970,test
38044,7,3025,test
86600,18,2177,test
45090,9,2418,test
132814,28,1563,test
121871,25,2422,test
123876,25,4427,test
54192,11,1505,test
114013,23,4574,test
76990,15,4269,test
81599,16,3878,test
154832,32,3561,test
12599,2,2593,test
61183,12,3494,test
77902,16,181,test
2543,0,2543,test
139043,29,2790,test
65683,13,2981,test
41571,8,1543,test
160601,33,4329,test
164501,34,3221,test
60292,12,2603,test
90649,19,1222,test
133399,28,2148,test
99645,21,214,test
133229,28,1978,test
22031,4,2025,test
70844,14,3134,test
43473,9,801,test
20961,4,955,test
86582,18,2159,test
57497,11,4810,test
4695,0,4695,test
114988,24,540,test
147108,31,838,test
35348,7,329,test
83191,17,461,test
106559,22,2127,test
7706,1,2704,test
79774,16,2053,test
29627,5,4610,test
109275,22,4843,test
137288,29,1035,test
97711,20,3284,test
105601,22,1169,test
111232,23,1793,test
78760,16,1039,test
33431,6,3413,test
76765,15,4044,test
51167,10,3482,test
42482,8,2454,test
53638,11,951,test
157700,33,1428,test
47198,9,4526,test
25950,5,933,test
162810,34,1530,test
87066,18,2643,test
81337,16,3616,test
84608,18,185,test
78967,16,1246,test
24344,4,4338,test
159876,33,3604,test
55524,11,2837,test
93928,19,4501,test
111384,23,1945,test
95566,20,1139,test
109435,22,5003,test
64031,13,1329,test
63175,13,473,test
154688,32,3417,test
64047,13,1345,test
147952,31,1682,test
120349,25,900,test
87890,18,3467,test
55646,11,2959,test
149111,31,2841,test
47546,9,4874,test
87275,18,2852,test
119931,25,482,test
71988,14,4278,test
89454,19,27,test
127866,27,1616,test
28440,5,3423,test
149508,31,3238,test
61169,12,3480,test
93566,19,4139,test
83247,17,517,test
107910,22,3478,test
154322,32,3051,test
55793,11,3106,test
132025,28,774,test
13706,2,3700,test
70093,14,2383,test
62668,12,4979,test
98708,20,4281,test
84934,18,511,test
125877,26,1424,test
55796,11,3109,test
78452,16,731,test
75880,15,3159,test
116344,24,1896,test
79367,16,1646,test
152267,32,996,test
7693,1,2691,test
79889,16,2168,test
60547,12,2858,test
154629,32,3358,test
67784,14,74,test
147949,31,1679,test
75217,15,2496,test
10898,2,892,test
32475,6,2457,test
70745,14,3035,test
162742,34,1462,test
98458,20,4031,test
32221,6,2203,test
138588,29,2335,test
25247,5,230,test
82619,16,4898,test
6552,1,1550,test
43776,9,1104,test
72566,14,4856,test
89173,18,4750,test
153082,32,1811,test
104278,21,4847,test
133213,28,1962,test
57712,12,23,test
146426,31,156,test
102878,21,3447,test
49774,10,2089,test
14965,2,4959,test
163971,34,2691,test
74179,15,1458,test
66381,13,3679,test
85412,18,989,test
109364,22,4932,test
7311,1,2309,test
29628,5,4611,test
109798,23,359,test
111205,23,1766,test
47063,9,4391,test
95147,20,720,test
21776,4,1770,test
77906,16,185,test
112303,23,2864,test
65186,13,2484,test
59784,12,2095,test
23921,4,3915,test
107098,22,2666,test
21317,4,1311,test
118142,24,3694,test
84632,18,209,test
143295,30,2026,test
26167,5,1150,test
58909,12,1220,test
33423,6,3405,test
68070,14,360,test
63554,13,852,test
52818,11,131,test
17750,3,2744,test
131382,28,131,test
167,0,167,test
70425,14,2715,test
110678,23,1239,test
42323,8,2295,test
95100,20,673,test
154130,32,2859,test
51796,10,4111,test
5407,1,405,test
78170,16,449,test
25339,5,322,test
33646,6,3628,test
105589,22,1157,test
144332,30,3063,test
116733,24,2285,test
125139,26,686,test
83694,17,964,test
122710,25,3261,test
9641,1,4639,test
38842,7,3823,test
40530,8,502,test
108908,22,4476,test
54163,11,1476,test
155715,32,4444,test
42237,8,2209,test
81070,16,3349,test
88508,18,4085,test
148711,31,2441,test
127017,27,767,test
34533,6,4515,test
88630,18,4207,test
162982,34,1702,test
75255,15,2534,test
101992,21,2561,test
54109,11,1422,test
7704,1,2702,test
132468,28,1217,test
112253,23,2814,test
81981,16,4260,test
54781,11,2094,test
98006,20,3579,test
105881,22,1449,test
112327,23,2888,test
80863,16,3142,test
62083,12,4394,test
116736,24,2288,test
146235,30,4966,test
19643,3,4637,test
153925,32,2654,test
120563,25,1114,test
25591,5,574,test
137678,29,1425,test
65674,13,2972,test
95124,20,697,test
49603,10,1918,test
10412,2,406,test
7592,1,2590,test
36067,7,1048,test
97272,20,2845,test
98051,20,3624,test
149973,31,3703,test
54535,11,1848,test
88513,18,4090,test
117399,24,2951,test
33630,6,3612,test
158,0,158,test
2887,0,2887,test
60760,12,3071,test
51165,10,3480,test
28111,5,3094,test
57861,12,172,test
13803,2,3797,test
70845,14,3135,test
61944,12,4255,test
26174,5,1157,test
13802,2,3796,test
161309,34,29,test
157698,33,1426,test
147116,31,846,test
29826,5,4809,test
76155,15,3434,test
152577,32,1306,test
125679,26,1226,test
33855,6,3837,test
132408,28,1157,test
11676,2,1670,test
97553,20,3126,test
32713,6,2695,test
99692,21,261,test
111949,23,2510,test
79498,16,1777,test
5813,1,811,test
50398,10,2713,test
62989,13,287,test
40708,8,680,test
3159,0,3159,test
161304,34,24,test
61180,12,3491,test
108990,22,4558,test
163834,34,2554,test
41016,8,988,test
28584,5,3567,test
108515,22,4083,test
163831,34,2551,test
13702,2,3696,test
87891,18,3468,test
53044,11,357,test
54778,11,2091,test
108784,22,4352,test
9887,1,4885,test
81678,16,3957,test
71487,14,3777,test
29027,5,4010,test
122365,25,2916,test
141000,29,4747,test
92148,19,2721,test
52436,10,4751,test
158860,33,2588,test
154687,32,3416,test
46705,9,4033,test
116152,24,1704,test
43514,9,842,test
102976,21,3545,test
52381,10,4696,test
46194,9,3522,test
163401,34,2121,test
57834,12,145,test
76782,15,4061,test
54543,11,1856,test
109378,22,4946,test
109327,22,4895,test
45893,9,3221,test
75644,15,2923,test
22434,4,2428,test
132083,28,832,test
50859,10,3174,test
11914,2,1908,test
119806,25,357,test
47078,9,4406,test
108779,22,4347,test
130672,27,4422,test
155763,32,4492,test
102610,21,3179,test
83248,17,518,test
108509,22,4077,test
149515,31,3245,test
101976,21,2545,test
95563,20,1136,test
53986,11,1299,test
33657,6,3639,test
83738,17,1008,test
112294,23,2855,test
70526,14,2816,test
55862,11,3175,test
31325,6,1307,test
17403,3,2397,test
60748,12,3059,test
28150,5,3133,test
43772,9,1100,test
19994,3,4988,test
126121,26,1668,test
55528,11,2841,test
156582,33,310,test
151487,32,216,test
95530,20,1103,test
35679,7,660,test
77903,16,182,test
148368,31,2098,test
128074,27,1824,test
57793,12,104,test
5730,1,728,test
82917,17,187,test
95928,20,1501,test
121964,25,2515,test
89662,19,235,test
53699,11,1012,test
143106,30,1837,test
114076,23,4637,test
10246,2,240,test
39957,7,4938,test
6630,1,1628,test
72575,14,4865,test
130821,27,4571,test
58693,12,1004,test
59986,12,2297,test
16172,3,1166,test
145520,30,4251,test
119482,25,33,test
163558,34,2278,test
6656,1,1654,test
104945,22,513,test
90994,19,1567,test
159754,33,3482,test
45305,9,2633,test
147954,31,1684,test
29852,5,4835,test
40304,8,276,test
97402,20,2975,test
81875,16,4154,test
75879,15,3158,test
39861,7,4842,test
112220,23,2781,test
61182,12,3493,test
92349,19,2922,test
43775,9,1103,test
69914,14,2204,test
134847,28,3596,test
83081,17,351,test
43175,9,503,test
159875,33,3603,test
13226,2,3220,test
15764,3,758,test
108506,22,4074,test
103364,21,3933,test
6223,1,1221,test
7314,1,2312,test
14097,2,4091,test
109522,23,83,test
147900,31,1630,test
47080,9,4408,test
41226,8,1198,test
32567,6,2549,test
124554,26,101,test
125762,26,1309,test
118184,24,3736,test
155251,32,3980,test
9824,1,4822,test
32573,6,2555,test
144032,30,2763,test
83045,17,315,test
71656,14,3946,test
19992,3,4986,test
551,0,551,test
66629,13,3927,test
56608,11,3921,test
98642,20,4215,test
102892,21,3461,test
56096,11,3409,test
132178,28,927,test
141603,30,334,test
968,0,968,test
112227,23,2788,test
70112,14,2402,test
163008,34,1728,test
108569,22,4137,test
119155,24,4707,test
148700,31,2430,test
22318,4,2312,test
29536,5,4519,test
151494,32,223,test
65107,13,2405,test
163560,34,2280,test
132472,28,1221,test
17183,3,2177,test
61721,12,4032,test
81063,16,3342,test
42263,8,2235,test
12549,2,2543,test
3265,0,3265,test
123879,25,4430,test
141708,30,439,test
97255,20,2828,test
14315,2,4309,test
46839,9,4167,test
96726,20,2299,test
124418,25,4969,test
116666,24,2218,test
53043,11,356,test
157708,33,1436,test
83695,17,965,test
74647,15,1926,test
38909,7,3890,test
9642,1,4640,test
37406,7,2387,test
102972,21,3541,test
12813,2,2807,test
35032,7,13,test
92447,19,3020,test
80524,16,2803,test
41215,8,1187,test
25970,5,953,test
65020,13,2318,test
86833,18,2410,test
22769,4,2763,test
162153,34,873,test
145326,30,4057,test
163741,34,2461,test
69918,14,2208,test
41099,8,1071,test
15126,3,120,test
83746,17,1016,test
117529,24,3081,test
132762,28,1511,test
78299,16,578,test
105698,22,1266,test
135526,28,4275,test
56451,11,3764,test
112444,23,3005,test
125868,26,1415,test
10220,2,214,test
34720,6,4702,test
101693,21,2262,test
38840,7,3821,test
124406,25,4957,test
41349,8,1321,test
21316,4,1310,test
96098,20,1671,test
108007,22,3575,test
5405,1,403,test
101695,21,2264,test
160592,33,4320,test
106209,22,1777,test
9822,1,4820,test
82328,16,4607,test
64213,13,1511,test
119701,25,252,test
93256,19,3829,test
79088,16,1367,test
127869,27,1619,test
68790,14,1080,test
57678,11,4991,test
23923,4,3917,test
96092,20,1665,test
25474,5,457,test
10943,2,937,test
82821,17,91,test
47599,9,4927,test
123494,25,4045,test
42354,8,2326,test
135271,28,4020,test
13939,2,3933,test
46946,9,4274,test
68349,14,639,test
113667,23,4228,test
52333,10,4648,test
100232,21,801,test
151731,32,460,test
90808,19,1381,test
117945,24,3497,test
88206,18,3783,test
121486,25,2037,test
126458,27,208,test
58097,12,408,test
76774,15,4053,test
11264,2,1258,test
5469,1,467,test
17755,3,2749,test
92146,19,2719,test
85702,18,1279,test
56364,11,3677,test
73761,15,1040,test
114990,24,542,test
13219,2,3213,test
161595,34,315,test
97275,20,2848,test
65418,13,2716,test
30376,6,358,test
148956,31,2686,test
26251,5,1234,test
152427,32,1156,test
34217,6,4199,test
50312,10,2627,test
24014,4,4008,test
83754,17,1024,test
119290,24,4842,test
105239,22,807,test
6,0,6,test
138436,29,2183,test
130212,27,3962,test
142186,30,917,test
20032,4,26,test
159763,33,3491,test
15697,3,691,test
35342,7,323,test
118287,24,3839,test
14313,2,4307,test
33628,6,3610,test
113725,23,4286,test
84158,17,1428,test
1503,0,1503,test
162396,34,1116,test
81055,16,3334,test
84569,18,146,test
102968,21,3537,test
72574,14,4864,test
108991,22,4559,test
80579,16,2858,test
109503,23,64,test
60752,12,3063,test
43696,9,1024,test
56233,11,3546,test
20721,4,715,test
147785,31,1515,test
50240,10,2555,test
122724,25,3275,test
153441,32,2170,test
133142,28,1891,test
122718,25,3269,test
54825,11,2138,test
116667,24,2219,test
99330,20,4903,test
31979,6,1961,test
118905,24,4457,test
133043,28,1792,test
25480,5,463,test
22030,4,2024,test
48831,10,1146,test
83733,17,1003,test
17396,3,2390,test
75510,15,2789,test
132166,28,915,test
59780,12,2091,test
43475,9,803,test
57872,12,183,test
53592,11,905,test
102309,21,2878,test
50888,10,3203,test
125837,26,1384,test
54764,11,2077,test
29814,5,4797,test
97261,20,2834,test
672,0,672,test
12639,2,2633,test
118402,24,3954,test
88537,18,4114,test
31893,6,1875,test
59086,12,1397,test
119750,25,301,test
45890,9,3218,test
42267,8,2239,test
35350,7,331,test
154123,32,2852,test
64327,13,1625,test
107086,22,2654,test
21355,4,1349,test
81499,16,3778,test
61948,12,4259,test
11075,2,1069,test
51973,10,4288,test
37650,7,2631,test
959,0,959,test
1511,0,1511,test
8626,1,3624,test
68280,14,570,test
105307,22,875,test
17180,3,2174,test
111207,23,1768,test
27376,5,2359,test
36336,7,1317,test
30326,6,308,test
77281,15,4560,test
155677,32,4406,test
126555,27,305,test
3541,0,3541,test
106852,22,2420,test
116920,24,2472,test
139605,29,3352,test
119887,25,438,test
45684,9,3012,test
95208,20,781,test
138276,29,2023,test
75131,15,2410,test
69099,14,1389,test
136186,28,4935,test
30374,6,356,test
102620,21,3189,test
43894,9,1222,test
153306,32,2035,test
67027,13,4325,test
62828,13,126,test
154713,32,3442,test
46502,9,3830,test
106976,22,2544,test
19622,3,4616,test
136656,29,403,test
118008,24,3560,test
23959,4,3953,test
158407,33,2135,test
132777,28,1526,test
157699,33,1427,test
60746,12,3057,test
108997,22,4565,test
145331,30,4062,test
148699,31,2429,test
157651,33,1379,test
45707,9,3035,test
79423,16,1702,test
84808,18,385,test
105511,22,1079,test
156733,33,461,test
59619,12,1930,test
144330,30,3061,test
108907,22,4475,test
83040,17,310,test
120667,25,1218,test
164539,34,3259,test
163738,34,2458,test
105879,22,1447,test
84627,18,204,test
5403,1,401,test
102327,21,2896,test
69385,14,1675,test
162372,34,1092,test
4687,0,4687,test
90644,19,1217,test
111748,23,2309,test
22320,4,2314,test
104947,22,515,test
40501,8,473,test
28941,5,3924,test
137290,29,1037,test
85770,18,1347,test
97178,20,2751,test
159294,33,3022,test
76766,15,4045,test
29724,5,4707,test
97171,20,2744,test
8507,1,3505,test
44940,9,2268,test
20995,4,989,test
48536,10,851,test
42321,8,2293,test
136087,28,4836,test
111739,23,2300,test
34668,6,4650,test
72461,14,4751,test
65275,13,2573,test
146386,31,116,test
39144,7,4125,test
97891,20,3464,test
126454,27,204,test
153998,32,2727,test
16209,3,1203,test
5416,1,414,test
95125,20,698,test
92153,19,2726,test
112306,23,2867,test
142004,30,735,test
75218,15,2497,test
134850,28,3599,test
28943,5,3926,test
92136,19,2709,test
23962,4,3956,test
95030,20,603,test
20279,4,273,test
156859,33,587,test
98677,20,4250,test
26757,5,1740,test
162358,34,1078,test
109511,23,72,test
8508,1,3506,test
93818,19,4391,test
38406,7,3387,test
5080,1,78,test
49837,10,2152,test
153921,32,2650,test
76747,15,4026,test
150215,31,3945,test
22319,4,2313,test
18764,3,3758,test
8078,1,3076,test
79113,16,1392,test
13714,2,3708,test
155222,32,3951,test
52432,10,4747,test
162725,34,1445,test
108773,22,4341,test
133283,28,2032,test
60277,12,2588,test
36717,7,1698,test
21226,4,1220,test
102996,21,3565,test
65019,13,2317,test
28797,5,3780,test
121696,25,2247,test
14766,2,4760,test
126553,27,303,test
95027,20,600,test
46855,9,4183,test
88212,18,3789,test
130673,27,4423,test
155719,32,4448,test
118181,24,3733,test
104950,22,518,test
98940,20,4513,test
124417,25,4968,test
33105,6,3087,test
159804,33,3532,test
105410,22,978,test
150321,31,4051,test
67325,13,4623,test
70338,14,2628,test
84968,18,545,test
102982,21,3551,test
133398,28,2147,test
62192,12,4503,test
56271,11,3584,test
1420,0,1420,test
28315,5,3298,test
101700,21,2269,test
36354,7,1335,test
115355,24,907,test
64155,13,1453,test
97376,20,2949,test
158772,33,2500,test
79426,16,1705,test
20044,4,38,test
70653,14,2943,test
119253,24,4805,test
121623,25,2174,test
149110,31,2840,test
81407,16,3686,test
60689,12,3000,test
98056,20,3629,test
134116,28,2865,test
54803,11,2116,test
72567,14,4857,test
42282,8,2254,test
74792,15,2071,test
57541,11,4854,test
97557,20,3130,test
2129,0,2129,test
77291,15,4570,test
17993,3,2987,test
74050,15,1329,test
88205,18,3782,test
57926,12,237,test
137838,29,1585,test
101991,21,2560,test
80894,16,3173,test
127068,27,818,test
67414,13,4712,test
66517,13,3815,test
3196,0,3196,test
77625,15,4904,test
46476,9,3804,test
162812,34,1532,test
111956,23,2517,test
105877,22,1445,test
60972,12,3283,test
5814,1,812,test
50151,10,2466,test
143500,30,2231,test
4433,0,4433,test
17184,3,2178,test
2967,0,2967,test
56274,11,3587,test
76047,15,3326,test
71809,14,4099,test
115340,24,892,test
101636,21,2205,test
28650,5,3633,test
34824,6,4806,test
155761,32,4490,test
58597,12,908,test
53603,11,916,test
52775,11,88,test
95926,20,1499,test
99168,20,4741,test
11257,2,1251,test
43340,9,668,test
69484,14,1774,test
39689,7,4670,test
12836,2,2830,test
155117,32,3846,test
79964,16,2243,test
139038,29,2785,test
46837,9,4165,test
68821,14,1111,test
85588,18,1165,test
117637,24,3189,test
147097,31,827,test
17022,3,2016,test
23449,4,3443,test
22604,4,2598,test
132467,28,1216,test
27881,5,2864,test
3727,0,3727,test
54162,11,1475,test
88675,18,4252,test
42107,8,2079,test
158398,33,2126,test
42045,8,2017,test
31842,6,1824,test
86012,18,1589,test
58320,12,631,test
156579,33,307,test
99048,20,4621,test
116718,24,2270,test
36004,7,985,test
28587,5,3570,test
31301,6,1283,test
83039,17,309,test
69834,14,2124,test
90493,19,1066,test
58094,12,405,test
6975,1,1973,test
150583,31,4313,test
79147,16,1426,test
101903,21,2472,test
78757,16,1036,test
109790,23,351,test
105694,22,1262,test
26452,5,1435,test
98911,20,4484,test
48642,10,957,test
14173,2,4167,test
86518,18,2095,test
133688,28,2437,test
66075,13,3373,test
108233,22,3801,test
15153,3,147,test
117392,24,2944,test
99986,21,555,test
69365,14,1655,test
132402,28,1151,test
23572,4,3566,test
149506,31,3236,test
133016,28,1765,test
20339,4,333,test
146272,31,2,test
19979,3,4973,test
141019,29,4766,test
86579,18,2156,test
47917,10,232,test
58974,12,1285,test
25867,5,850,test
38408,7,3389,test
133676,28,2425,test
154129,32,2858,test
90336,19,909,test
116558,24,2110,test
46842,9,4170,test
72465,14,4755,test
20334,4,328,test
163184,34,1904,test
132026,28,775,test
100023,21,592,test
101995,21,2564,test
56137,11,3450,test
48523,10,838,test
149273,31,3003,test
88979,18,4556,test
92740,19,3313,test
154003,32,2732,test
102579,21,3148,test
159676,33,3404,test
34685,6,4667,test
135998,28,4747,test
129419,27,3169,test
81992,16,4271,test
96959,20,2532,test
65111,13,2409,test
158588,33,2316,test
102590,21,3159,test
64669,13,1967,test
67929,14,219,test
152762,32,1491,test
153121,32,1850,test
107754,22,3322,test
36089,7,1070,test
60542,12,2853,test
51680,10,3995,test
143456,30,2187,test
126552,27,302,test
24096,4,4090,test
159297,33,3025,test
28795,5,3778,test
151933,32,662,test
113112,23,3673,test
36009,7,990,test
97707,20,3280,test
62752,13,50,test
126387,27,137,test
109519,23,80,test
62197,12,4508,test
147899,31,1629,test
3460,0,3460,test
63148,13,446,test
18258,3,3252,test
105488,22,1056,test
158777,33,2505,test
21424,4,1418,test
60844,12,3155,test
48286,10,601,test
60966,12,3277,test
99415,20,4988,test
32724,6,2706,test
99689,21,258,test
8624,1,3622,test
10729,2,723,test
98915,20,4488,test
136991,29,738,test
36126,7,1107,test
81339,16,3618,test
45685,9,3013,test
4320,0,4320,test
10424,2,418,test
96732,20,2305,test
75506,15,2785,test
103852,21,4421,test
83042,17,312,test
3543,0,3543,test
34543,6,4525,test
52421,10,4736,test
164655,34,3375,test
33150,6,3132,test
163836,34,2556,test
79150,16,1429,test
150573,31,4303,test
79071,16,1350,test
113509,23,4070,test
85033,18,610,test
34845,6,4827,test
82600,16,4879,test
90754,19,1327,test
30041,6,23,test
82296,16,4575,test
81174,16,3453,test
148977,31,2707,test
105309,22,877,test
107401,22,2969,test
160515,33,4243,test
70631,14,2921,test
162020,34,740,test
74741,15,2020,test
85595,18,1172,test
97270,20,2843,test
163293,34,2013,test
20335,4,329,test
29821,5,4804,test
46852,9,4180,test
79291,16,1570,test
101797,21,2366,test
9370,1,4368,test
85136,18,713,test
40825,8,797,test
58618,12,929,test
38615,7,3596,test
23438,4,3432,test
70421,14,2711,test
92324,19,2897,test
13097,2,3091,test
22028,4,2022,test
20489,4,483,test
60670,12,2981,test
8241,1,3239,test
10418,2,412,test
20274,4,268,test
14176,2,4170,test
61503,12,3814,test
65242,13,2540,test
53125,11,438,test
109505,23,66,test
13255,2,3249,test
44905,9,2233,test
105599,22,1167,test
150243,31,3973,test
29806,5,4789,test
132938,28,1687,test
57775,12,86,test
54813,11,2126,test
84154,17,1424,test
101083,21,1652,test
22479,4,2473,test
159953,33,3681,test
91937,19,2510,test
31320,6,1302,test
124313,25,4864,test
149781,31,3511,test
85242,18,819,test
31160,6,1142,test
144229,30,2960,test
56768,11,4081,test
144145,30,2876,test
58639,12,950,test
26788,5,1771,test
133834,28,2583,test
54960,11,2273,test
73607,15,886,test
91297,19,1870,test
71084,14,3374,test
158446,33,2174,test
96085,20,1658,test
58329,12,640,test
55142,11,2455,test
17401,3,2395,test
119340,24,4892,test
135996,28,4745,test
148705,31,2435,test
134688,28,3437,test
103682,21,4251,test
59772,12,2083,test
26166,5,1149,test
119706,25,257,test
78961,16,1240,test
47601,9,4929,test
121030,25,1581,test
133150,28,1899,test
5015,1,13,test
84623,18,200,test
154202,32,2931,test
119295,24,4847,test
48764,10,1079,test
60362,12,2673,test
44533,9,1861,test
3457,0,3457,test
88944,18,4521,test
155010,32,3739,test
72865,15,144,test
59158,12,1469,test
93763,19,4336,test
28439,5,3422,test
99416,20,4989,test
40821,8,793,test
146182,30,4913,test
122734,25,3285,test
49061,10,1376,test
42352,8,2324,test
25477,5,460,test
88856,18,4433,test
124516,26,63,test
8623,1,3621,test
102983,21,3552,test
105185,22,753,test
83735,17,1005,test
95210,20,783,test
119886,25,437,test
86569,18,2146,test
99109,20,4682,test
149274,31,3004,test
21313,4,1307,test
28720,5,3703,test
154637,32,3366,test
5071,1,69,test
74565,15,1844,test
12605,2,2599,test
20283,4,277,test
26168,5,1151,test
75250,15,2529,test
144141,30,2872,test
2366,0,2366,test
76769,15,4048,test
109366,22,4934,test
136286,29,33,test
29722,5,4705,test
94007,19,4580,test
77285,15,4564,test
43345,9,673,test
17257,3,2251,test
22762,4,2756,test
82297,16,4576,test
75683,15,2962,test
51683,10,3998,test
72464,14,4754,test
138506,29,2253,test
95931,20,1504,test
81990,16,4269,test
96540,20,2113,test
85347,18,924,test
118286,24,3838,test
33629,6,3611,test
6976,1,1974,test
18070,3,3064,test
17104,3,2098,test
8625,1,3623,test
25280,5,263,test
125759,26,1306,test
132761,28,1510,test
136084,28,4833,test
163006,34,1726,test
138420,29,2167,test
146137,30,4868,test
13704,2,3698,test
9143,1,4141,test
91941,19,2514,test
66359,13,3657,test
109500,23,61,test
102643,21,3212,test
17324,3,2318,test
55044,11,2357,test
60688,12,2999,test
118145,24,3697,test
164497,34,3217,test
56361,11,3674,test
12538,2,2532,test
31107,6,1089,test
135273,28,4022,test
26205,5,1188,test
163400,34,2120,test
7615,1,2613,test
152022,32,751,test
159298,33,3026,test
132605,28,1354,test
1502,0,1502,test
163013,34,1733,test
99050,20,4623,test
120425,25,976,test
52140,10,4455,test
74058,15,1337,test
89893,19,466,test
136312,29,59,test
144143,30,2874,test
65180,13,2478,test
113726,23,4287,test
150319,31,4049,test
60762,12,3073,test
119704,25,255,test
23452,4,3446,test
98684,20,4257,test
75617,15,2896,test
74062,15,1341,test
127143,27,893,test
160065,33,3793,test
48207,10,522,test
109639,23,200,test
118302,24,3854,test
57924,12,235,test
40494,8,466,test
145235,30,3966,test
28142,5,3125,test
102974,21,3543,test
133686,28,2435,test
66021,13,3319,test
96727,20,2300,test
34852,6,4834,test
112297,23,2858,test
163180,34,1900,test
56273,11,3586,test
8511,1,3509,test
36129,7,1110,test
151221,31,4951,test
125763,26,1310,test
77358,15,4637,test
146183,30,4914,test
132132,28,881,test
17028,3,2022,test
99134,20,4707,test
59617,12,1928,test
163777,34,2497,test
87539,18,3116,test
32870,6,2852,test
143775,30,2506,test
3861,0,3861,test
147110,31,840,test
161594,34,314,test
157696,33,1424,test
65668,13,2966,test
33474,6,3456,test
87817,18,3394,test
134634,28,3383,test
92282,19,2855,test
105737,22,1305,test
40730,8,702,test
106073,22,1641,test
139660,29,3407,test
145990,30,4721,test
158765,33,2493,test
66633,13,3931,test
19792,3,4786,test
154744,32,3473,test
142550,30,1281,test
76007,15,3286,test
87993,18,3570,test
114791,24,343,test
152761,32,1490,test
27866,5,2849,test
66844,13,4142,test
48900,10,1215,test
64204,13,1502,test
57878,12,189,test
23096,4,3090,test
127204,27,954,test
77368,15,4647,test
46835,9,4163,test
26282,5,1265,test
5811,1,809,test
112095,23,2656,test
105592,22,1160,test
7688,1,2686,test
2892,0,2892,test
137279,29,1026,test
93565,19,4138,test
150636,31,4366,test
143219,30,1950,test
124186,25,4737,test
75640,15,2919,test
38324,7,3305,test
137141,29,888,test
159540,33,3268,test
154697,32,3426,test
93817,19,4390,test
14877,2,4871,test
43507,9,835,test
18995,3,3989,test
159120,33,2848,test
108775,22,4343,test
87579,18,3156,test
49141,10,1456,test
106072,22,1640,test
66628,13,3926,test
608,0,608,test
127155,27,905,test
80443,16,2722,test
6644,1,1642,test
34040,6,4022,test
27519,5,2502,test
56862,11,4175,test
12030,2,2024,test
9726,1,4724,test
49062,10,1377,test
52392,10,4707,test
133841,28,2590,test
87814,18,3391,test
109432,22,5000,test
102988,21,3557,test
46846,9,4174,test
114078,23,4639,test
46504,9,3832,test
42325,8,2297,test
25453,5,436,test
47015,9,4343,test
15130,3,124,test
159954,33,3682,test
118405,24,3957,test
36515,7,1496,test
118007,24,3559,test
16204,3,1198,test
122722,25,3273,test
9911,1,4909,test
116665,24,2217,test
29389,5,4372,test
39188,7,4169,test
76126,15,3405,test
36128,7,1109,test
47066,9,4394,test
75347,15,2626,test
85385,18,962,test
127691,27,1441,test
69910,14,2200,test
107085,22,2653,test
81816,16,4095,test
97221,20,2794,test
121872,25,2423,test
33102,6,3084,test
106945,22,2513,test
133035,28,1784,test
717,0,717,test
113514,23,4075,test
109428,22,4996,test
33103,6,3085,test
70133,14,2423,test
79085,16,1364,test
142798,30,1529,test
40054,8,26,test
12728,2,2722,test
55141,11,2454,test
50301,10,2616,test
77287,15,4566,test
1825,0,1825,test
56232,11,3545,test
80081,16,2360,test
66020,13,3318,test
150767,31,4497,test
83246,17,516,test
121874,25,2425,test
121026,25,1577,test
8965,1,3963,test
151666,32,395,test
85140,18,717,test
34362,6,4344,test
79966,16,2245,test
124330,25,4881,test
133231,28,1980,test
80576,16,2855,test
12839,2,2833,test
65501,13,2799,test
30377,6,359,test
54958,11,2271,test
10655,2,649,test
75622,15,2901,test
109276,22,4844,test
85170,18,747,test
102589,21,3158,test
114476,24,28,test
117746,24,3298,test
7323,1,2321,test
18069,3,3063,test
109371,22,4939,test
81389,16,3668,test
99136,20,4709,test
93815,19,4388,test
104690,22,258,test
56275,11,3588,test
146608,31,338,test
12536,2,2530,test
17331,3,2325,test
4322,0,4322,test
121044,25,1595,test
136433,29,180,test
18614,3,3608,test
92206,19,2779,test
42372,8,2344,test
151489,32,218,test
54826,11,2139,test
77283,15,4562,test
96543,20,2116,test
65667,13,2965,test
128081,27,1831,test
5471,1,469,test
32063,6,2045,test
103512,21,4081,test
78357,16,636,test
92570,19,3143,test
75632,15,2911,test
136282,29,29,test
21224,4,1218,test
158825,33,2553,test
30122,6,104,test
92448,19,3021,test
110221,23,782,test
151484,32,213,test
105302,22,870,test
33158,6,3140,test
14041,2,4035,test
105586,22,1154,test
50504,10,2819,test
158778,33,2506,test
97234,20,2807,test
142006,30,737,test
50053,10,2368,test
69991,14,2281,test
98060,20,3633,test
99110,20,4683,test
146917,31,647,test
127134,27,884,test
143451,30,2182,test
101160,21,1729,test
11915,2,1909,test
36097,7,1078,test
39868,7,4849,test
119743,25,294,test
19797,3,4791,test
98625,20,4198,test
58920,12,1231,test
57463,11,4776,test
142498,30,1229,test
98009,20,3582,test
79095,16,1374,test
48530,10,845,test
69953,14,2243,test
12636,2,2630,test
147898,31,1628,test
64167,13,1465,test
2393,0,2393,test
51970,10,4285,test
38759,7,3740,test
99646,21,215,test
153044,32,1773,test
84568,18,145,test
94941,20,514,test
81322,16,3601,test
138890,29,2637,test
88202,18,3779,test
75424,15,2703,test
44033,9,1361,test
78354,16,633,test
10946,2,940,test
126384,27,134,test
71811,14,4101,test
96101,20,1674,test
8017,1,3015,test
110730,23,1291,test
143773,30,2504,test
124691,26,238,test
112902,23,3463,test
12207,2,2201,test
43463,9,791,test
51967,10,4282,test
162352,34,1072,test
34367,6,4349,test
86014,18,1591,test
39869,7,4850,test
29804,5,4787,test
40492,8,464,test
68077,14,367,test
109764,23,325,test
17141,3,2135,test
102985,21,3554,test
164538,34,3258,test
118305,24,3857,test
84161,17,1431,test
24664,4,4658,test
65341,13,2639,test
127676,27,1426,test
72564,14,4854,test
105132,22,700,test
126288,27,38,test
75885,15,3164,test
99056,20,4629,test
34705,6,4687,test
114366,23,4927,test
5233,1,231,test
36355,7,1336,test
13950,2,3944,test
157377,33,1105,test
9173,1,4171,test
129435,27,3185,test
40500,8,472,test
111,0,111,test
4792,0,4792,test
100639,21,1208,test
99143,20,4716,test
15148,3,142,test
83289,17,559,test
163974,34,2694,test
66134,13,3432,test
133842,28,2591,test
55797,11,3110,test
137688,29,1435,test
103689,21,4258,test
20294,4,288,test
25836,5,819,test
1422,0,1422,test
5323,1,321,test
70512,14,2802,test
155762,32,4491,test
54890,11,2203,test
60753,12,3064,test
38625,7,3606,test
66923,13,4221,test
83158,17,428,test
75191,15,2470,test
12603,2,2597,test
38402,7,3383,test
162737,34,1457,test
10425,2,419,test
151976,32,705,test
77437,15,4716,test
74055,15,1334,test
70635,14,2925,test
63776,13,1074,test
75262,15,2541,test
63173,13,471,test
88158,18,3735,test
27430,5,2413,test
122117,25,2668,test
109424,22,4992,test
43080,9,408,test
27431,5,2414,test
89876,19,449,test
113518,23,4079,test
30379,6,361,test
46474,9,3802,test
5241,1,239,test
109273,22,4841,test
150582,31,4312,test
85424,18,1001,test
121869,25,2420,test
10250,2,244,test
54815,11,2128,test
131853,28,602,test
95204,20,777,test
93562,19,4135,test
14098,2,4092,test
117946,24,3498,test
81989,16,4268,test
158823,33,2551,test
35857,7,838,test
12638,2,2632,test
91130,19,1703,test
125140,26,687,test
34310,6,4292,test
82417,16,4696,test
10896,2,890,test
113106,23,3667,test
88945,18,4522,test
78456,16,735,test
64663,13,1961,test
125683,26,1230,test
13918,2,3912,test
102577,21,3146,test
158172,33,1900,test
68085,14,375,test
122270,25,2821,test
84217,17,1487,test
152392,32,1121,test
69805,14,2095,test
84075,17,1345,test
94953,20,526,test
140084,29,3831,test
113727,23,4288,test
60978,12,3289,test
55520,11,2833,test
69662,14,1952,test
126445,27,195,test
106071,22,1639,test
160078,33,3806,test
39182,7,4163,test
146503,31,233,test
9831,1,4829,test
5404,1,402,test
121617,25,2168,test
75509,15,2788,test
136662,29,409,test
130820,27,4570,test
75503,15,2782,test
130936,27,4686,test
105905,22,1473,test
105304,22,872,test
99177,20,4750,test
31099,6,1081,test
27279,5,2262,test
12950,2,2944,test
3732,0,3732,test
544,0,544,test
93545,19,4118,test
44902,9,2230,test
105146,22,714,test
23579,4,3573,test
75418,15,2697,test
82942,17,212,test
102537,21,3106,test
45892,9,3220,test
60266,12,2577,test
100018,21,587,test
50303,10,2618,test
45691,9,3019,test
152434,32,1163,test
136003,28,4752,test
83728,17,998,test
9884,1,4882,test
124884,26,431,test
50242,10,2557,test
40491,8,463,test
74046,15,1325,test
40823,8,795,test
70165,14,2455,test
136288,29,35,test
63169,13,467,test
3395,0,3395,test
73606,15,885,test
151020,31,4750,test
89353,18,4930,test
148508,31,2238,test
25338,5,321,test
76398,15,3677,test
84970,18,547,test
47065,9,4393,test
163399,34,2119,test
163556,34,2276,test
62827,13,125,test
115339,24,891,test
144142,30,2873,test
121409,25,1960,test
65018,13,2316,test
124323,25,4874,test
43774,9,1102,test
16041,3,1035,test
151340,32,69,test
54636,11,1949,test
13954,2,3948,test
127688,27,1438,test
91749,19,2322,test
148253,31,1983,test
42476,8,2448,test
74771,15,2050,test
130428,27,4178,test
144090,30,2821,test
148584,31,2314,test
68643,14,933,test
150635,31,4365,test
154833,32,3562,test
3735,0,3735,test
37640,7,2621,test
6645,1,1643,test
127861,27,1611,test
162349,34,1069,test
89892,19,465,test
75725,15,3004,test
95524,20,1097,test
90648,19,1221,test
91756,19,2329,test
105134,22,702,test
150725,31,4455,test
99067,20,4640,test
60464,12,2775,test
48213,10,528,test
17754,3,2748,test
73805,15,1084,test
146143,30,4874,test
160564,33,4292,test
24341,4,4335,test
40817,8,789,test
136658,29,405,test
158858,33,2586,test
145236,30,3967,test
44681,9,2009,test
17251,3,2245,test
108314,22,3882,test
82919,17,189,test
142551,30,1282,test
128505,27,2255,test
157885,33,1613,test
126334,27,84,test
164493,34,3213,test
56357,11,3670,test
47012,9,4340,test
111413,23,1974,test
121410,25,1961,test
57771,12,82,test
91133,19,1706,test
22764,4,2758,test
116950,24,2502,test
99145,20,4718,test
143379,30,2110,test
14960,2,4954,test
60669,12,2980,test
101791,21,2360,test
11180,2,1174,test
72563,14,4853,test
2361,0,2361,test
26485,5,1468,test
144198,30,2929,test
29545,5,4528,test
69913,14,2203,test
31308,6,1290,test
109518,23,79,test
57866,12,177,test
84076,17,1346,test
53643,11,956,test
101021,21,1590,test
62672,12,4983,test
79464,16,1743,test
26252,5,1235,test
56991,11,4304,test
162021,34,741,test
31319,6,1301,test
122723,25,3274,test
96723,20,2296,test
3862,0,3862,test
38791,7,3772,test
107757,22,3325,test
38906,7,3887,test
109484,23,45,test
14434,2,4428,test
41214,8,1186,test
48426,10,741,test
26913,5,1896,test
82618,16,4897,test
17107,3,2101,test
61713,12,4024,test
150213,31,3943,test
24370,4,4364,test
126481,27,231,test
71211,14,3501,test
32091,6,2073,test
142185,30,916,test
67667,13,4965,test
58638,12,949,test
2398,0,2398,test
144337,30,3068,test
38800,7,3781,test
58321,12,632,test
63548,13,846,test
64442,13,1740,test
29262,5,4245,test
141032,29,4779,test
123317,25,3868,test
153436,32,2165,test
141001,29,4748,test
20723,4,717,test
50572,10,2887,test
80447,16,2726,test
12623,2,2617,test
20182,4,176,test
158587,33,2315,test
63891,13,1189,test
33145,6,3127,test
145328,30,4059,test
36903,7,1884,test
71176,14,3466,test
56104,11,3417,test
35862,7,843,test
148669,31,2399,test
34174,6,4156,test
74766,15,2045,test
124188,25,4739,test
19993,3,4987,test
97558,20,3131,test
79969,16,2248,test
161938,34,658,test
152645,32,1374,test
2134,0,2134,test
49764,10,2079,test
51682,10,3997,test
94245,19,4818,test
119888,25,439,test
18613,3,3607,test
44682,9,2010,test
105798,22,1366,test
162967,34,1687,test
119908,25,459,test
27871,5,2854,test
3586,0,3586,test
104501,22,69,test
75629,15,2908,test
136263,29,10,test
80661,16,2940,test
125741,26,1288,test
96692,20,2265,test
127063,27,813,test
81058,16,3337,test
95573,20,1146,test
13138,2,3132,test
29266,5,4249,test
96725,20,2298,test
29811,5,4794,test
27384,5,2367,test
92284,19,2857,test
77621,15,4900,test
148883,31,2613,test
75423,15,2702,test
33298,6,3280,test
50889,10,3204,test
59782,12,2093,test
147099,31,829,test
101157,21,1726,test
142204,30,935,test
137276,29,1023,test
108681,22,4249,test
33414,6,3396,test
107285,22,2853,test
1515,0,1515,test
84625,18,202,test
55855,11,3168,test
64664,13,1962,test
29380,5,4363,test
98582,20,4155,test
47542,9,4870,test
33415,6,3397,test
76043,15,3322,test
58323,12,634,test
141710,30,441,test
67235,13,4533,test
57770,12,81,test
127137,27,887,test
101052,21,1621,test
150579,31,4309,test
137741,29,1488,test
29640,5,4623,test
105490,22,1058,test
128452,27,2202,test
135625,28,4374,test
82612,16,4891,test
163411,34,2131,test
10878,2,872,test
87408,18,2985,test
50308,10,2623,test
153438,32,2167,test
903,0,903,test
42043,8,2015,test
97406,20,2979,test
102585,21,3154,test
62121,12,4432,test
69394,14,1684,test
120350,25,901,test
6769,1,1767,test
46854,9,4182,test
101699,21,2268,test
116029,24,1581,test
76127,15,3406,test
92358,19,2931,test
2177,0,2177,test
119292,24,4844,test
99581,21,150,test
71680,14,3970,test
10013,2,7,test
159800,33,3528,test
46943,9,4271,test
136436,29,183,test
37944,7,2925,test
88671,18,4248,test
37327,7,2308,test
64445,13,1743,test
75511,15,2790,test
18281,3,3275,test
3400,0,3400,test
82326,16,4605,test
75134,15,2413,test
134916,28,3665,test
17091,3,2085,test
9890,1,4888,test
59443,12,1754,test
144519,30,3250,test
87280,18,2857,test
10410,2,404,test
32219,6,2201,test
161025,33,4753,test
137283,29,1030,test
131870,28,619,test
20565,4,559,test
137278,29,1025,test
12845,2,2839,test
89011,18,4588,test
149269,31,2999,test
74955,15,2234,test
124409,25,4960,test
92209,19,2782,test
36072,7,1053,test
109793,23,354,test
92402,19,2975,test
73944,15,1223,test
104099,21,4668,test
98687,20,4260,test
81685,16,3964,test
76042,15,3321,test
52801,11,114,test
83757,17,1027,test
313,0,313,test
71081,14,3371,test
34540,6,4522,test
37152,7,2133,test
97789,20,3362,test
32871,6,2853,test
55648,11,2961,test
90708,19,1281,test
153919,32,2648,test
43937,9,1265,test
157376,33,1104,test
100725,21,1294,test
23092,4,3086,test
71785,14,4075,test
14966,2,4960,test
126559,27,309,test
27517,5,2500,test
91134,19,1707,test
154986,32,3715,test
22314,4,2308,test
95203,20,776,test
104155,21,4724,test
127062,27,812,test
11996,2,1990,test
81084,16,3363,test
14141,2,4135,test
97890,20,3463,test
43518,9,846,test
60297,12,2608,test
42498,8,2470,test
102536,21,3105,test
104615,22,183,test
106284,22,1852,test
18278,3,3272,test
53073,11,386,test
144335,30,3066,test
126463,27,213,test
41102,8,1074,test
158447,33,2175,test
53701,11,1014,test
40819,8,791,test
152646,32,1375,test
136860,29,607,test
126453,27,203,test
103353,21,3922,test
104484,22,52,test
149270,31,3000,test
96087,20,1660,test
127012,27,762,test
58348,12,659,test
14168,2,4162,test
139659,29,3406,test
108919,22,4487,test
128731,27,2481,test
25492,5,475,test
96068,20,1641,test
109274,22,4842,test
26036,5,1019,test
29268,5,4251,test
163573,34,2293,test
29071,5,4054,test
124551,26,98,test
47076,9,4404,test
15763,3,757,test
29639,5,4622,test
154122,32,2851,test
8242,1,3240,test
37150,7,2131,test
57780,12,91,test
85592,18,1169,test
82593,16,4872,test
110686,23,1247,test
92132,19,2705,test
150724,31,4454,test
51788,10,4103,test
96539,20,2112,test
87892,18,3469,test
38407,7,3388,test
148183,31,1913,test
34173,6,4155,test
41563,8,1535,test
22443,4,2437,test
48236,10,551,test
71171,14,3461,test
71681,14,3971,test
22616,4,2610,test
114364,23,4925,test
127135,27,885,test
102312,21,2881,test
76618,15,3897,test
37649,7,2630,test
53564,11,877,test
72404,14,4694,test
100833,21,1402,test
45216,9,2544,test
157713,33,1441,test
142609,30,1340,test
136310,29,57,test
26760,5,1743,test
159460,33,3188,test
127588,27,1338,test
129011,27,2761,test
93569,19,4142,test
137840,29,1587,test
46945,9,4273,test
76039,15,3318,test
114792,24,344,test
108513,22,4081,test
113110,23,3671,test
130210,27,3960,test
84386,17,1656,test
139471,29,3218,test
143104,30,1835,test
74399,15,1678,test
79402,16,1681,test
26312,5,1295,test
43079,9,407,test
131438,28,187,test
75350,15,2629,test
62397,12,4708,test
154332,32,3061,test
33677,6,3659,test
27402,5,2385,test
163739,34,2459,test
72307,14,4597,test
74403,15,1682,test
62667,12,4978,test
154327,32,3056,test
78460,16,739,test
133019,28,1768,test
29800,5,4783,test
11531,2,1525,test
77543,15,4822,test
101161,21,1730,test
74054,15,1333,test
109258,22,4826,test
98629,20,4202,test
155887,32,4616,test
154125,32,2854,test
125834,26,1381,test
111648,23,2209,test
50575,10,2890,test
109486,23,47,test
163182,34,1902,test
150125,31,3855,test
6553,1,1551,test
128084,27,1834,test
71224,14,3514,test
162803,34,1523,test
125137,26,684,test
90331,19,904,test
75427,15,2706,test
134124,28,2873,test
5735,1,733,test
66053,13,3351,test
107898,22,3466,test
20295,4,289,test
121866,25,2417,test
81334,16,3613,test
95708,20,1281,test
88507,18,4084,test
118185,24,3737,test
162514,34,1234,test
12509,2,2503,test
114795,24,347,test
79775,16,2054,test
20652,4,646,test
107911,22,3479,test
124583,26,130,test
86024,18,1601,test
14867,2,4861,test
97175,20,2748,test
108006,22,3574,test
87820,18,3397,test
28396,5,3379,test
107397,22,2965,test
2376,0,2376,test
53917,11,1230,test
135272,28,4021,test
15116,3,110,test
117948,24,3500,test
102641,21,3210,test
159548,33,3276,test
160512,33,4240,test
159547,33,3275,test
130818,27,4568,test
162969,34,1689,test
55150,11,2463,test
29395,5,4378,test
98939,20,4512,test
122237,25,2788,test
129171,27,2921,test
157691,33,1419,test
7864,1,2862,test
136992,29,739,test
92875,19,3448,test
56224,11,3537,test
19510,3,4504,test
88845,18,4422,test
86770,18,2347,test
88373,18,3950,test
98008,20,3581,test
110685,23,1246,test
136485,29,232,test
142734,30,1465,test
126287,27,37,test
144342,30,3073,test
40322,8,294,test
109267,22,4835,test
119158,24,4710,test
36331,7,1312,test
116731,24,2283,test
96682,20,2255,test
84385,17,1655,test
1504,0,1504,test
90420,19,993,test
29394,5,4377,test
42284,8,2256,test
109482,23,43,test
99455,21,24,test
17025,3,2019,test
52419,10,4734,test
108008,22,3576,test
22605,4,2599,test
64441,13,1739,test
7689,1,2687,test
57863,12,174,test
29391,5,4374,test
92126,19,2699,test
114776,24,328,test
75354,15,2633,test
57870,12,181,test
45921,9,3249,test
102308,21,2877,test
61718,12,4029,test
4865,0,4865,test
15895,3,889,test
104479,22,47,test
11557,2,1551,test
104158,21,4727,test
96102,20,1675,test
7613,1,2611,test
31078,6,1060,test
68131,14,421,test
59938,12,2249,test
118186,24,3738,test
34195,6,4177,test
43018,9,346,test
87818,18,3395,test
83159,17,429,test
118180,24,3732,test
70530,14,2820,test
115359,24,911,test
63895,13,1193,test
105712,22,1280,test
13140,2,3134,test
57792,12,103,test
48533,10,848,test
41220,8,1192,test
83692,17,962,test
45645,9,2973,test
147741,31,1471,test
48628,10,943,test
140086,29,3833,test
131188,27,4938,test
56231,11,3544,test
109431,22,4999,test
145268,30,3999,test
162018,34,738,test
90706,19,1279,test
43940,9,1268,test
6347,1,1345,test
4439,0,4439,test
75351,15,2630,test
43890,9,1218,test
39688,7,4669,test
79472,16,1751,test
122373,25,2924,test
154955,32,3684,test
138509,29,2256,test
6636,1,1634,test
22020,4,2014,test
152650,32,1379,test
47016,9,4344,test
13094,2,3088,test
31162,6,1144,test
81979,16,4258,test
81445,16,3724,test
160322,33,4050,test
148544,31,2274,test
94264,19,4837,test
11747,2,1741,test
103681,21,4250,test
60293,12,2604,test
105229,22,797,test
163906,34,2626,test
90560,19,1133,test
29517,5,4500,test
37643,7,2624,test
126561,27,311,test
162806,34,1526,test
24659,4,4653,test
95707,20,1280,test
76204,15,3483,test
37638,7,2619,test
81187,16,3466,test
91811,19,2384,test
11999,2,1993,test
16980,3,1974,test
44794,9,2122,test
104253,21,4822,test
73368,15,647,test
102975,21,3544,test
41227,8,1199,test
154982,32,3711,test
40310,8,282,test
12512,2,2506,test
64162,13,1460,test
28599,5,3582,test
7590,1,2588,test
40525,8,497,test
138330,29,2077,test
153078,32,1807,test
43782,9,1110,test
20280,4,274,test
40319,8,291,test
92280,19,2853,test
49172,10,1487,test
131496,28,245,test
124454,26,1,test
129432,27,3182,test
882,0,882,test
74811,15,2090,test
92135,19,2708,test
77440,15,4719,test
39693,7,4674,test
66413,13,3711,test
118406,24,3958,test
54892,11,2205,test
50058,10,2373,test
158129,33,1857,test
53706,11,1019,test
98135,20,3708,test
50299,10,2614,test
56343,11,3656,test
9662,1,4660,test
78454,16,733,test
107500,22,3068,test
114365,23,4926,test
121621,25,2172,test
33656,6,3638,test
151480,32,209,test
147114,31,844,test
92418,19,2991,test
20337,4,331,test
95728,20,1301,test
155114,32,3843,test
13940,2,3934,test
50891,10,3206,test
79406,16,1685,test
75252,15,2531,test
98757,20,4330,test
3728,0,3728,test
42369,8,2341,test
121826,25,2377,test
41189,8,1161,test
92445,19,3018,test
38622,7,3603,test
93924,19,4497,test
79111,16,1390,test
109437,22,5005,test
96814,20,2387,test
81060,16,3339,test
38046,7,3027,test
22606,4,2600,test
73811,15,1090,test
158739,33,2467,test
22026,4,2020,test
124224,25,4775,test
137841,29,1588,test
42353,8,2325,test
69956,14,2246,test
127205,27,955,test
40393,8,365,test
74739,15,2018,test
109325,22,4893,test
78359,16,638,test
118299,24,3851,test
49040,10,1355,test
89889,19,462,test
147113,31,843,test
92412,19,2985,test
102493,21,3062,test
48630,10,945,test
105233,22,801,test
7609,1,2607,test
89012,18,4589,test
59926,12,2237,test
6741,1,1739,test
50382,10,2697,test
108508,22,4076,test
155895,32,4624,test
59729,12,2040,test
35346,7,327,test
50309,10,2624,test
88882,18,4459,test
36008,7,989,test
121819,25,2370,test
42106,8,2078,test
20276,4,270,test
73941,15,1220,test
131872,28,621,test
13489,2,3483,test
96000,20,1573,test
54783,11,2096,test
11651,2,1645,test
126220,26,1767,test
80609,16,2888,test
82461,16,4740,test
46845,9,4173,test
33518,6,3500,test
110739,23,1300,test
37634,7,2615,test
137119,29,866,test
48574,10,889,test
140875,29,4622,test
49773,10,2088,test
99583,21,152,test
11874,2,1868,test
93881,19,4454,test
108561,22,4129,test
161486,34,206,test
108942,22,4510,test
58325,12,636,test
142764,30,1495,test
109510,23,71,test
146821,31,551,test
112249,23,2810,test
19891,3,4885,test
88592,18,4169,test
51358,10,3673,test
85431,18,1008,test
9825,1,4823,test
53588,11,901,test
117726,24,3278,test
111062,23,1623,test
162276,34,996,test
99341,20,4914,test
126551,27,301,test
121963,25,2514,test
12546,2,2540,test
70129,14,2419,test
69364,14,1654,test
73810,15,1089,test
65074,13,2372,test
88674,18,4251,test
6492,1,1490,test
22602,4,2596,test
160578,33,4306,test
92416,19,2989,test
26530,5,1513,test
98571,20,4144,test
102606,21,3175,test
98058,20,3631,test
62664,12,4975,test
150726,31,4456,test
163295,34,2015,test
56269,11,3582,test
5413,1,411,test
154801,32,3530,test
156911,33,639,test
125838,26,1385,test
100816,21,1385,test
84631,18,208,test
33670,6,3652,test
41187,8,1159,test
162981,34,1701,test
75421,15,2700,test
132787,28,1536,test
134868,28,3617,test
122955,25,3506,test
114482,24,34,test
93497,19,4070,test
75189,15,2468,test
48285,10,600,test
155216,32,3945,test
3397,0,3397,test
130207,27,3957,test
155892,32,4621,test
83285,17,555,test
112330,23,2891,test
141709,30,440,test
91444,19,2017,test
36512,7,1493,test
118421,24,3973,test
46372,9,3700,test
109760,23,321,test
133739,28,2488,test
31312,6,1294,test
61955,12,4266,test
116893,24,2445,test
141416,30,147,test
69379,14,1669,test
147791,31,1521,test
6654,1,1652,test
33633,6,3615,test
142549,30,1280,test
148670,31,2400,test
6761,1,1759,test
119702,25,253,test
102565,21,3134,test
35881,7,862,test
42355,8,2327,test
2374,0,2374,test
121829,25,2380,test
81867,16,4146,test
161554,34,274,test
159006,33,2734,test
68636,14,926,test
109515,23,76,test
39687,7,4668,test
38904,7,3885,test
78759,16,1038,test
33658,6,3640,test
36094,7,1075,test
49173,10,1488,test
163838,34,2558,test
66926,13,4224,test
95149,20,722,test
118907,24,4459,test
114975,24,527,test
31072,6,1054,test
6498,1,1496,test
98463,20,4036,test
100834,21,1403,test
74953,15,2232,test
26914,5,1897,test
46947,9,4275,test
152475,32,1204,test
20042,4,36,test
86898,18,2475,test
2596,0,2596,test
65500,13,2798,test
135788,28,4537,test
153081,32,1810,test
70527,14,2817,test
144233,30,2964,test
75723,15,3002,test
2598,0,2598,test
5710,1,708,test
136358,29,105,test
82808,17,78,test
153940,32,2669,test
45092,9,2420,test
116951,24,2503,test
74773,15,2052,test
118801,24,4353,test
122129,25,2680,test
129084,27,2834,test
38760,7,3741,test
67043,13,4341,test
2960,0,2960,test
34221,6,4203,test
68073,14,363,test
113754,23,4315,test
117395,24,2947,test
162348,34,1068,test
157495,33,1223,test
63156,13,454,test
98138,20,3711,test
26255,5,1238,test
155676,32,4405,test
20338,4,332,test
30330,6,312,test
143494,30,2225,test
82470,16,4749,test
102991,21,3560,test
4432,0,4432,test
7698,1,2696,test
85781,18,1358,test
28137,5,3120,test
112240,23,2801,test
109109,22,4677,test
86025,18,1602,test
97741,20,3314,test
61175,12,3486,test
43780,9,1108,test
20618,4,612,test
121039,25,1590,test
108913,22,4481,test
133038,28,1787,test
124692,26,239,test
103355,21,3924,test
70644,14,2934,test
92133,19,2706,test
131390,28,139,test
26250,5,1233,test
153437,32,2166,test
51992,10,4307,test
38841,7,3822,test
7865,1,2863,test
56138,11,3451,test
130414,27,4164,test
40828,8,800,test
27233,5,2216,test
104916,22,484,test
110638,23,1199,test
100516,21,1085,test
12604,2,2598,test
132680,28,1429,test
92147,19,2720,test
160323,33,4051,test
27515,5,2498,test
43295,9,623,test
85839,18,1416,test
158830,33,2558,test
160075,33,3803,test
89455,19,28,test
142763,30,1494,test
43343,9,671,test
81106,16,3385,test
19532,3,4526,test
31076,6,1058,test
132410,28,1159,test
49044,10,1359,test
40827,8,799,test
53728,11,1041,test
145273,30,4004,test
60540,12,2851,test
11138,2,1132,test
60286,12,2597,test
25279,5,262,test
108505,22,4073,test
76780,15,4059,test
14039,2,4033,test
88372,18,3949,test
42038,8,2010,test
143623,30,2354,test
133237,28,1986,test
55305,11,2618,test
89010,18,4587,test
56606,11,3919,test
48671,10,986,test
133737,28,2486,test
24339,4,4333,test
31841,6,1823,test
75254,15,2533,test
15147,3,141,test
111950,23,2511,test
32709,6,2691,test
20277,4,271,test
124760,26,307,test
157641,33,1369,test
100835,21,1404,test
38808,7,3789,test
4861,0,4861,test
160,0,160,test
60291,12,2602,test
131491,28,240,test
158789,33,2517,test
132036,28,785,test
159580,33,3308,test
120564,25,1115,test
48760,10,1075,test
34193,6,4175,test
101994,21,2563,test
14094,2,4088,test
124408,25,4959,test
32706,6,2688,test
91419,19,1992,test
86017,18,1594,test
137111,29,858,test
75621,15,2900,test
50061,10,2376,test
2363,0,2363,test
97242,20,2815,test
43806,9,1134,test
144029,30,2760,test
99584,21,153,test
25245,5,228,test
120197,25,748,test
63151,13,449,test
42371,8,2343,test
123598,25,4149,test
3774,0,3774,test
79718,16,1997,test
147788,31,1518,test
154638,32,3367,test
150811,31,4541,test
150322,31,4052,test
20186,4,180,test
95564,20,1137,test
146888,31,618,test
95123,20,696,test
45850,9,3178,test
13956,2,3950,test
96689,20,2262,test
160556,33,4284,test
17088,3,2082,test
12825,2,2819,test
140088,29,3835,test
93999,19,4572,test
101047,21,1616,test
160560,33,4288,test
154324,32,3053,test
94248,19,4821,test
93501,19,4074,test
88539,18,4116,test
100817,21,1386,test
75619,15,2898,test
159456,33,3184,test
56459,11,3772,test
12851,2,2845,test
34364,6,4346,test
23459,4,3453,test
9423,1,4421,test
87831,18,3408,test
86506,18,2083,test
158792,33,2520,test
84113,17,1383,test
60861,12,3172,test
153442,32,2171,test
104251,21,4820,test
18078,3,3072,test
160006,33,3734,test
39953,7,4934,test
54639,11,1952,test
26791,5,1774,test
11995,2,1989,test
142771,30,1502,test
90481,19,1054,test
48373,10,688,test
99105,20,4678,test
81488,16,3767,test
146237,30,4968,test
141203,29,4950,test
102899,21,3468,test
53128,11,441,test
106075,22,1643,test
4419,0,4419,test
148713,31,2443,test
161305,34,25,test
60409,12,2720,test
67323,13,4621,test
26311,5,1294,test
91933,19,2506,test
60463,12,2774,test
10014,2,8,test
153918,32,2647,test
52889,11,202,test
156734,33,462,test
128942,27,2692,test
160012,33,3740,test
146612,31,342,test
44640,9,1968,test
138532,29,2279,test
101053,21,1622,test
128164,27,1914,test
43506,9,834,test
140621,29,4368,test
50898,10,3213,test
54161,11,1474,test
47600,9,4928,test
149778,31,3508,test
126556,27,306,test
141029,29,4776,test
144882,30,3613,test
40316,8,288,test
9908,1,4906,test
16039,3,1033,test
144329,30,3060,test
95101,20,674,test
40832,8,804,test
119251,24,4803,test
20282,4,276,test
94448,20,21,test
5072,1,70,test
81085,16,3364,test
54073,11,1386,test
116887,24,2439,test
97260,20,2833,test
28793,5,3776,test
137611,29,1358,test
117533,24,3085,test
7608,1,2606,test
81874,16,4153,test
5244,1,242,test
13914,2,3908,test
148187,31,1917,test
106556,22,2124,test
102582,21,3151,test
98574,20,4147,test
74958,15,2237,test
34532,6,4514,test
55858,11,3171,test
59989,12,2300,test
97831,20,3404,test
162357,34,1077,test
34542,6,4524,test
90334,19,907,test
66792,13,4090,test
94735,20,308,test
88902,18,4479,test
126341,27,91,test
144139,30,2870,test
126117,26,1664,test
152652,32,1381,test
56602,11,3915,test
108995,22,4563,test
18618,3,3612,test
103363,21,3932,test
118904,24,4456,test
88840,18,4417,test
119913,25,464,test
87069,18,2646,test
146231,30,4962,test
88977,18,4554,test
47558,9,4886,test
12511,2,2505,test
19410,3,4404,test
146825,31,555,test
154189,32,2918,test
23367,4,3361,test
42358,8,2330,test
62671,12,4982,test
132069,28,818,test
34652,6,4634,test
112096,23,2657,test
12539,2,2533,test
18601,3,3595,test
49049,10,1364,test
42262,8,2234,test
116664,24,2216,test
82617,16,4896,test
69812,14,2102,test
88978,18,4555,test
17994,3,2988,test
42062,8,2034,test
89874,19,447,test
27880,5,2863,test
14761,2,4755,test
2399,0,2399,test
137742,29,1489,test
71172,14,3462,test
6231,1,1229,test
139915,29,3662,test
105796,22,1364,test
42276,8,2248,test
15439,3,433,test
7986,1,2984,test
139883,29,3630,test
124420,25,4971,test
668,0,668,test
51787,10,4102,test
86010,18,1587,test
40312,8,284,test
121407,25,1958,test
106857,22,2425,test
118610,24,4162,test
86612,18,2189,test
131061,27,4811,test
109487,23,48,test
34038,6,4020,test
129456,27,3206,test
102569,21,3138,test
151490,32,219,test
71082,14,3372,test
54041,11,1354,test
73614,15,893,test
3738,0,3738,test
17029,3,2023,test
56160,11,3473,test
36001,7,982,test
159273,33,3001,test
44910,9,2238,test
54040,11,1353,test
58972,12,1283,test
51362,10,3677,test
158449,33,2177,test
58264,12,575,test
108567,22,4135,test
118596,24,4148,test
119754,25,305,test
48239,10,554,test
19800,3,4794,test
12809,2,2803,test
84812,18,389,test
140463,29,4210,test
99181,20,4754,test
44367,9,1695,test
34041,6,4023,test
160068,33,3796,test
40352,8,324,test
66050,13,3348,test
54804,11,2117,test
121032,25,1583,test
139040,29,2787,test
46204,9,3532,test
79965,16,2244,test
70633,14,2923,test
13800,2,3794,test
90326,19,899,test
1416,0,1416,test
163692,34,2412,test
58594,12,905,test
18083,3,3077,test
48639,10,954,test
36068,7,1049,test
11137,2,1131,test
79954,16,2233,test
79294,16,1573,test
163531,34,2251,test
17143,3,2137,test
12633,2,2627,test
101172,21,1741,test
10408,2,402,test
124332,25,4883,test
69811,14,2101,test
144199,30,2930,test
94782,20,355,test
28114,5,3097,test
34669,6,4651,test
669,0,669,test
86897,18,2474,test
121901,25,2452,test
70122,14,2412,test
11260,2,1254,test
32671,6,2653,test
57879,12,190,test
94010,19,4583,test
147512,31,1242,test
162121,34,841,test
40254,8,226,test
133088,28,1837,test
56225,11,3538,test
2372,0,2372,test
117747,24,3299,test
134759,28,3508,test
162367,34,1087,test
718,0,718,test
75187,15,2466,test
161311,34,31,test
38763,7,3744,test
5081,1,79,test
103850,21,4419,test
111385,23,1946,test
111227,23,1788,test
56866,11,4179,test
157886,33,1614,test
60367,12,2678,test
81161,16,3440,test
93262,19,3835,test
78550,16,829,test
106854,22,2422,test
111064,23,1625,test
102609,21,3178,test
33471,6,3453,test
42324,8,2296,test
150810,31,4540,test
114474,24,26,test
48893,10,1208,test
17992,3,2986,test
60847,12,3158,test
116219,24,1771,test
74061,15,1340,test
68762,14,1052,test
111646,23,2207,test
52426,10,4741,test
6635,1,1633,test
159011,33,2739,test
107473,22,3041,test
143012,30,1743,test
143774,30,2505,test
98683,20,4256,test
59990,12,2301,test
122363,25,2914,test
3461,0,3461,test
38617,7,3598,test
23763,4,3757,test
39955,7,4936,test
75618,15,2897,test
162799,34,1519,test
94543,20,116,test
159675,33,3403,test
146430,31,160,test
70126,14,2416,test
113729,23,4290,test
150940,31,4670,test
140662,29,4409,test
102303,21,2872,test
28391,5,3374,test
125862,26,1409,test
83162,17,432,test
105145,22,713,test
101983,21,2552,test
37648,7,2629,test
78963,16,1242,test
138687,29,2434,test
12510,2,2504,test
132612,28,1361,test
160608,33,4336,test
25866,5,849,test
77360,15,4639,test
57348,11,4661,test
58605,12,916,test
97360,20,2933,test
7697,1,2695,test
54460,11,1773,test
73197,15,476,test
124585,26,132,test
128729,27,2479,test
99414,20,4987,test
122121,25,2672,test
85420,18,997,test
95650,20,1223,test
162150,34,870,test
22608,4,2602,test
49069,10,1384,test
43779,9,1107,test
160605,33,4333,test
52429,10,4744,test
63460,13,758,test
141566,30,297,test
105,0,105,test
115993,24,1545,test
126565,27,315,test
83166,17,436,test
114145,23,4706,test
95724,20,1297,test
123318,25,3869,test
80067,16,2346,test
96099,20,1672,test
43346,9,674,test
155886,32,4615,test
78367,16,646,test
124555,26,102,test
83189,17,459,test
19534,3,4528,test
2604,0,2604,test
126120,26,1667,test
121816,25,2367,test
69486,14,1776,test
22300,4,2294,test
10784,2,778,test
7147,1,2145,test
81819,16,4098,test
88594,18,4171,test
157308,33,1036,test
161124,33,4852,test
28148,5,3131,test
55640,11,2953,test
87274,18,2851,test
92413,19,2986,test
8308,1,3306,test
6628,1,1626,test
68759,14,1049,test
10945,2,939,test
115216,24,768,test
22325,4,2319,test
30114,6,96,test
66735,13,4033,test
100022,21,591,test
81814,16,4093,test
40573,8,545,test
140887,29,4634,test
30573,6,555,test
48823,10,1138,test
91131,19,1704,test
97665,20,3238,test
31314,6,1296,test
37671,7,2652,test
104694,22,262,test
103346,21,3915,test
42101,8,2073,test
60759,12,3070,test
73302,15,581,test
56097,11,3410,test
150634,31,4364,test
140999,29,4746,test
48763,10,1078,test
3859,0,3859,test
130619,27,4369,test
11669,2,1663,test
49048,10,1363,test
661,0,661,test
42243,8,2215,test
92210,19,2783,test
99332,20,4905,test
46667,9,3995,test
38631,7,3612,test
67931,14,221,test
131442,28,191,test
38795,7,3776,test
95031,20,604,test
122886,25,3437,test
150130,31,3860,test
88855,18,4432,test
43348,9,676,test
107312,22,2880,test
66797,13,4095,test
86645,18,2222,test
29726,5,4709,test
34723,6,4705,test
125757,26,1304,test
61942,12,4253,test
158785,33,2513,test
145330,30,4061,test
112179,23,2740,test
84089,17,1359,test
87816,18,3393,test
11090,2,1084,test
121814,25,2365,test
23557,4,3551,test
81087,16,3366,test
107286,22,2854,test
47195,9,4523,test
88681,18,4258,test
154804,32,3533,test
660,0,660,test
56139,11,3452,test
82804,17,74,test
164,0,164,test
36356,7,1337,test
136861,29,608,test
89667,19,240,test
137684,29,1431,test
154251,32,2980,test
57673,11,4986,test
140183,29,3930,test
123877,25,4428,test
9422,1,4420,test
12821,2,2815,test
68481,14,771,test
93259,19,3832,test
47064,9,4392,test
127015,27,765,test
161307,34,27,test
96083,20,1656,test
86584,18,2161,test
121614,25,2165,test
43695,9,1023,test
104499,22,67,test
15565,3,559,test
102902,21,3471,test
63336,13,634,test
69392,14,1682,test
96690,20,2263,test
107310,22,2878,test
105736,22,1304,test
85426,18,1003,test
158784,33,2512,test
21766,4,1760,test
82415,16,4694,test
84867,18,444,test
130041,27,3791,test
12481,2,2475,test
162091,34,811,test
92564,19,3137,test
83673,17,943,test
32711,6,2693,test
95722,20,1295,test
77846,16,125,test
65112,13,2410,test
34639,6,4621,test
84604,18,181,test
15145,3,139,test
82811,17,81,test
33274,6,3256,test
92420,19,2993,test
154989,32,3718,test
50381,10,2696,test
109523,23,84,test
543,0,543,test
119909,25,460,test
41198,8,1170,test
52444,10,4759,test
36073,7,1054,test
112300,23,2861,test
73757,15,1036,test
30002,5,4985,test
55732,11,3045,test
130319,27,4069,test
71178,14,3468,test
29105,5,4088,test
29824,5,4807,test
124401,25,4952,test
12849,2,2843,test
25208,5,191,test
85912,18,1489,test
146385,31,115,test
109429,22,4997,test
67563,13,4861,test
1418,0,1418,test
107474,22,3042,test
38616,7,3597,test
155013,32,3742,test
127067,27,817,test
104483,22,51,test
60269,12,2580,test
120466,25,1017,test
61723,12,4034,test
128730,27,2480,test
75428,15,2707,test
83253,17,523,test
613,0,613,test
72463,14,4753,test
60363,12,2674,test
39181,7,4162,test
27814,5,2797,test
44791,9,2119,test
98062,20,3635,test
18992,3,3986,test
17759,3,2753,test
141024,29,4771,test
3162,0,3162,test
29543,5,4526,test
108772,22,4340,test
27627,5,2610,test
22770,4,2764,test
149418,31,3148,test
39958,7,4939,test
158590,33,2318,test
156960,33,688,test
131495,28,244,test
151955,32,684,test
145271,30,4002,test
4321,0,4321,test
48631,10,946,test
122956,25,3507,test
12541,2,2535,test
92127,19,2700,test
81356,16,3635,test
154630,32,3359,test
41497,8,1469,test
68279,14,569,test
163058,34,1778,test
90327,19,900,test
52787,11,100,test
97301,20,2874,test
107400,22,2968,test
123489,25,4040,test
42884,9,212,test
28722,5,3705,test
106644,22,2212,test
40358,8,330,test
137109,29,856,test
139914,29,3661,test
905,0,905,test
12807,2,2801,test
163912,34,2632,test
134757,28,3506,test
46707,9,4035,test
130044,27,3794,test
108219,22,3787,test
150932,31,4662,test
40637,8,609,test
53727,11,1040,test
53591,11,904,test
27523,5,2506,test
80068,16,2347,test
105713,22,1281,test
102994,21,3563,test
94449,20,22,test
162512,34,1232,test
74180,15,1459,test
36716,7,1697,test
105236,22,804,test
109108,22,4676,test
147112,31,842,test
145267,30,3998,test
76617,15,3896,test
17996,3,2990,test
114530,24,82,test
40321,8,293,test
85700,18,1277,test
56734,11,4047,test
76201,15,3480,test
99044,20,4617,test
21095,4,1089,test
67782,14,72,test
124410,25,4961,test
105312,22,880,test
101974,21,2543,test
102328,21,2897,test
133673,28,2422,test
105901,22,1469,test
163406,34,2126,test
4670,0,4670,test
146187,30,4918,test
47543,9,4871,test
34687,6,4669,test
144883,30,3614,test
143103,30,1834,test
163007,34,1727,test
91422,19,1995,test
87735,18,3312,test
107897,22,3465,test
118148,24,3700,test
71466,14,3756,test
137714,29,1461,test
51166,10,3481,test
102560,21,3129,test
33856,6,3838,test
85262,18,839,test
84944,18,521,test
160513,33,4241,test
85167,18,744,test
107399,22,2967,test
51027,10,3342,test
102568,21,3137,test
35864,7,845,test
64030,13,1328,test
81333,16,3612,test
12547,2,2541,test
78917,16,1196,test
17020,3,2014,test
66841,13,4139,test
146823,31,553,test
65413,13,2711,test
81818,16,4097,test
86517,18,2094,test
41354,8,1326,test
140083,29,3830,test
59776,12,2087,test
22607,4,2601,test
105695,22,1263,test
54779,11,2092,test
63154,13,452,test
136571,29,318,test
50576,10,2891,test
20036,4,30,test
49602,10,1917,test
6641,1,1639,test
164496,34,3216,test
116238,24,1790,test
116720,24,2272,test
540,0,540,test
9174,1,4172,test
5468,1,466,test
115875,24,1427,test
131848,28,597,test
54635,11,1948,test
142497,30,1228,test
156065,32,4794,test
43019,9,347,test
96278,20,1851,test
160840,33,4568,test
31895,6,1877,test
50148,10,2463,test
5075,1,73,test
106558,22,2126,test
27398,5,2381,test
133877,28,2626,test
92573,19,3146,test
13912,2,3906,test
125873,26,1420,test
150633,31,4363,test
57930,12,241,test
31161,6,1143,test
61950,12,4261,test
81324,16,3603,test
161024,33,4752,test
101174,21,1743,test
18001,3,2995,test
50566,10,2881,test
29727,5,4710,test
53075,11,388,test
37050,7,2031,test
110831,23,1392,test
76028,15,3307,test
9696,1,4694,test
70651,14,2941,test
137679,29,1426,test
47920,10,235,test
54132,11,1445,test
48206,10,521,test
121832,25,2383,test
55794,11,3107,test
99426,20,4999,test
99173,20,4746,test
47086,9,4414,test
4416,0,4416,test
50310,10,2625,test
72864,15,143,test
73616,15,895,test
115120,24,672,test
97662,20,3235,test
122116,25,2667,test
66778,13,4076,test
26792,5,1775,test
132781,28,1530,test
66835,13,4133,test
51028,10,3343,test
48899,10,1214,test
144339,30,3070,test
99331,20,4904,test
124455,26,2,test
71467,14,3757,test
14142,2,4136,test
133041,28,1790,test
143765,30,2496,test
60976,12,3287,test
70641,14,2931,test
89171,18,4748,test
109794,23,355,test
17424,3,2418,test
101901,21,2470,test
98755,20,4328,test
80133,16,2412,test
81041,16,3320,test
10419,2,413,test
133042,28,1791,test
162410,34,1130,test
105043,22,611,test
153118,32,1847,test
98636,20,4209,test
106199,22,1767,test
71784,14,4074,test
158450,33,2178,test
135628,28,4377,test
42319,8,2291,test
7149,1,2147,test
162,0,162,test
17063,3,2057,test
128450,27,2200,test
48897,10,1212,test
163753,34,2473,test
8969,1,3967,test
118419,24,3971,test
38769,7,3750,test
81683,16,3962,test
76592,15,3871,test
150809,31,4539,test
137108,29,855,test
32710,6,2692,test
35042,7,23,test
130675,27,4425,test
72572,14,4862,test
135780,28,4529,test
96731,20,2304,test
52780,11,93,test
93255,19,3828,test
30116,6,98,test
135270,28,4019,test
143293,30,2024,test
83693,17,963,test
33092,6,3074,test
150246,31,3976,test
93247,19,3820,test
150800,31,4530,test
5809,1,807,test
154641,32,3370,test
137289,29,1036,test
81489,16,3768,test
154635,32,3364,test
53414,11,727,test
72860,15,139,test
35690,7,671,test
114574,24,126,test
61178,12,3489,test
99425,20,4998,test
121590,25,2141,test
116353,24,1905,test
29823,5,4806,test
153923,32,2652,test
24775,4,4769,test
42242,8,2214,test
43467,9,795,test
102970,21,3539,test
70744,14,3034,test
62751,13,49,test
151339,32,68,test
42876,9,204,test
92131,19,2704,test
74266,15,1545,test
85214,18,791,test
150662,31,4392,test
37636,7,2617,test
159579,33,3307,test
94707,20,280,test
31650,6,1632,test
163695,34,2415,test
63441,13,739,test
59157,12,1468,test
75132,15,2411,test
163754,34,2474,test
150216,31,3946,test
46850,9,4178,test
49119,10,1434,test
127677,27,1427,test
98005,20,3578,test
37154,7,2135,test
97147,20,2720,test
93877,19,4450,test
27796,5,2779,test
120668,25,1219,test
119485,25,36,test
145233,30,3964,test
109259,22,4827,test
96070,20,1643,test
38789,7,3770,test
141204,29,4951,test
70115,14,2405,test
102732,21,3301,test
19150,3,4144,test
130202,27,3952,test
88756,18,4333,test
11550,2,1544,test
94545,20,118,test
49065,10,1380,test
95567,20,1140,test
39967,7,4948,test
54539,11,1852,test
87742,18,3319,test
87744,18,3321,test
119479,25,30,test
31843,6,1825,test
131062,27,4812,test
131850,28,599,test
87535,18,3112,test
103517,21,4086,test
4696,0,4696,test
127103,27,853,test
46156,9,3484,test
40357,8,329,test
78461,16,740,test
87827,18,3404,test
70095,14,2385,test
92330,19,2903,test
85407,18,984,test
74812,15,2091,test
129081,27,2831,test
50883,10,3198,test
108563,22,4131,test
164656,34,3376,test
113688,23,4249,test
152472,32,1201,test
95727,20,1300,test
162400,34,1120,test
52654,10,4969,test
27385,5,2368,test
129083,27,2833,test
144518,30,3249,test
147092,31,822,test
94236,19,4809,test
31840,6,1822,test
80064,16,2343,test
60270,12,2581,test
82431,16,4710,test
163908,34,2628,test
146271,31,1,test
100237,21,806,test
99142,20,4715,test
8240,1,3238,test
161310,34,30,test
101154,21,1723,test
65181,13,2479,test
148712,31,2442,test
53708,11,1021,test
60979,12,3290,test
12811,2,2805,test
133831,28,2580,test
20057,4,51,test
51171,10,3486,test
104905,22,473,test
112338,23,2899,test
2603,0,2603,test
62829,13,127,test
130042,27,3792,test
122277,25,2828,test
8304,1,3302,test
28035,5,3018,test
96088,20,1661,test
8307,1,3305,test
110687,23,1248,test
121920,25,2471,test
70628,14,2918,test
26786,5,1769,test
67370,13,4668,test
33639,6,3621,test
159545,33,3273,test
124184,25,4735,test
86963,18,2540,test
37675,7,2656,test
61951,12,4262,test
19889,3,4883,test
92356,19,2929,test
31321,6,1303,test
96084,20,1657,test
41017,8,989,test
46202,9,3530,test
161303,34,23,test
45852,9,3180,test
86960,18,2537,test
18170,3,3164,test
17760,3,2754,test
162360,34,1080,test
103344,21,3913,test
108916,22,4484,test
84943,18,520,test
88186,18,3763,test
83312,17,582,test
127142,27,892,test
109326,22,4894,test
82418,16,4697,test
105494,22,1062,test
37049,7,2030,test
99338,20,4911,test
94446,20,19,test
139521,29,3268,test
59925,12,2236,test
114024,23,4585,test
73753,15,1032,test
53725,11,1038,test
124333,25,4884,test
115118,24,670,test
27272,5,2255,test
34366,6,4348,test
32857,6,2839,test
3274,0,3274,test
43342,9,670,test
48287,10,602,test
149112,31,2842,test
69378,14,1668,test
52445,10,4760,test
101050,21,1619,test
154799,32,3528,test
38796,7,3777,test
51968,10,4283,test
74683,15,1962,test
126442,27,192,test
131443,28,192,test
25973,5,956,test
98626,20,4199,test
58593,12,904,test
159762,33,3490,test
95705,20,1278,test
37647,7,2628,test
60586,12,2897,test
160844,33,4572,test
52655,10,4970,test
48001,10,316,test
70413,14,2703,test
43523,9,851,test
114079,23,4640,test
44529,9,1857,test
40636,8,608,test
101692,21,2261,test
69387,14,1677,test
98057,20,3630,test
48901,10,1216,test
2969,0,2969,test
11746,2,1740,test
122957,25,3508,test
135789,28,4538,test
43088,9,416,test
22312,4,2306,test
92407,19,2980,test
36359,7,1340,test
71826,14,4116,test
97972,20,3545,test
141015,29,4762,test
46253,9,3581,test
61088,12,3399,test
10781,2,775,test
117525,24,3077,test
81040,16,3319,test
96537,20,2110,test
54107,11,1420,test
48203,10,518,test
8546,1,3544,test
118176,24,3728,test
70531,14,2821,test
57679,11,4992,test
63545,13,843,test
59774,12,2085,test
85413,18,990,test
159461,33,3189,test
99407,20,4980,test
61954,12,4265,test
83171,17,441,test
159541,33,3269,test
138585,29,2332,test
21770,4,1764,test
154627,32,3356,test
104096,21,4665,test
74398,15,1677,test
118413,24,3965,test
3584,0,3584,test
81444,16,3723,test
36910,7,1891,test
30110,6,92,test
80072,16,2351,test
131869,28,618,test
159952,33,3680,test
150920,31,4650,test
77280,15,4559,test
98063,20,3636,test
144149,30,2880,test
112337,23,2898,test
73942,15,1221,test
84069,17,1339,test
34699,6,4681,test
84159,17,1429,test
64160,13,1458,test
52783,11,96,test
106593,22,2161,test
55856,11,3169,test
88883,18,4460,test
18617,3,3611,test
18424,3,3418,test
148504,31,2234,test
100024,21,593,test
157707,33,1435,test
95704,20,1277,test
74807,15,2086,test
163829,34,2549,test
148879,31,2609,test
85783,18,1360,test
154694,32,3423,test
80699,16,2978,test
127041,27,791,test
87063,18,2640,test
22736,4,2730,test
82941,17,211,test
22478,4,2472,test
23966,4,3960,test
81036,16,3315,test
16208,3,1202,test
23461,4,3455,test
70416,14,2706,test
14179,2,4173,test
75638,15,2917,test
111957,23,2518,test
102648,21,3217,test
159581,33,3309,test
157300,33,1028,test
102329,21,2898,test
152389,32,1118,test
84221,17,1491,test
162805,34,1525,test
57376,11,4689,test
20037,4,31,test
130203,27,3953,test
48892,10,1207,test
17175,3,2169,test
42258,8,2230,test
48636,10,951,test
54894,11,2207,test
133269,28,2018,test
154709,32,3438,test
29892,5,4875,test
58915,12,1226,test
130430,27,4180,test
59611,12,1922,test
72961,15,240,test
163188,34,1908,test
142732,30,1463,test
118489,24,4041,test
96886,20,2459,test
43906,9,1234,test
99176,20,4749,test
151979,32,708,test
56601,11,3914,test
153936,32,2665,test
156909,33,637,test
101988,21,2557,test
2965,0,2965,test
127268,27,1018,test
118307,24,3859,test
147098,31,828,test
160579,33,4307,test
70125,14,2415,test
56453,11,3766,test
51999,10,4314,test
160514,33,4242,test
150799,31,4529,test
126116,26,1663,test
71984,14,4274,test
28796,5,3779,test
74047,15,1326,test
74063,15,1342,test
8513,1,3511,test
83190,17,460,test
53726,11,1039,test
54782,11,2095,test
77366,15,4645,test
11916,2,1910,test
3459,0,3459,test
35062,7,43,test
124309,25,4860,test
152266,32,995,test
11141,2,1135,test
87743,18,3320,test
74954,15,2233,test
27518,5,2501,test
94453,20,26,test
2893,0,2893,test
14864,2,4858,test
69481,14,1771,test
21348,4,1342,test
48624,10,939,test
148955,31,2685,test
48888,10,1203,test
21906,4,1900,test
19892,3,4886,test
83734,17,1004,test
85771,18,1348,test
162321,34,1041,test
142553,30,1284,test
116714,24,2266,test
26040,5,1023,test
34175,6,4157,test
88173,18,3750,test
119152,24,4704,test
136355,29,102,test
34711,6,4693,test
82462,16,4741,test
80070,16,2349,test
150132,31,3862,test
147947,31,1677,test
96096,20,1669,test
136357,29,104,test
99140,20,4713,test
69479,14,1769,test
89916,19,489,test
17138,3,2132,test
34192,6,4174,test
81451,16,3730,test
89165,18,4742,test
55519,11,2832,test
48825,10,1140,test
96962,20,2535,test
143297,30,2028,test
106823,22,2391,test
58610,12,921,test
151953,32,682,test
1773,0,1773,test
55854,11,3167,test
144190,30,2921,test
101690,21,2259,test
157894,33,1622,test
117742,24,3294,test
66734,13,4032,test
70119,14,2409,test
104912,22,480,test
44029,9,1357,test
132815,28,1564,test
64211,13,1509,test
42363,8,2335,test
145438,30,4169,test
49037,10,1352,test
74274,15,1553,test
50149,10,2464,test
109826,23,387,test
57165,11,4478,test
12952,2,2946,test
46844,9,4172,test
43686,9,1014,test
39142,7,4123,test
107084,22,2652,test
5078,1,76,test
71825,14,4115,test
54459,11,1772,test
74177,15,1456,test
49209,10,1524,test
15109,3,103,test
91942,19,2515,test
126340,27,90,test
71225,14,3515,test
29378,5,4361,test
114576,24,128,test
158174,33,1902,test
159261,33,2989,test
96095,20,1668,test
72462,14,4752,test
9645,1,4643,test
44793,9,2121,test
162980,34,1700,test
27910,5,2893,test
94957,20,530,test
110233,23,794,test
123315,25,3866,test
108317,22,3885,test
122709,25,3260,test
106116,22,1684,test
23089,4,3083,test
79097,16,1376,test
50879,10,3194,test
76760,15,4039,test
6653,1,1651,test
101981,21,2550,test
14169,2,4163,test
152477,32,1206,test
113200,23,3761,test
79296,16,1575,test
60613,12,2924,test
31317,6,1299,test
136306,29,53,test
162124,34,844,test
34695,6,4677,test
106274,22,1842,test
46191,9,3519,test
27874,5,2857,test
142605,30,1336,test
155692,32,4421,test
50238,10,2553,test
78448,16,727,test
113687,23,4248,test
102310,21,2879,test
46371,9,3699,test
143035,30,1766,test
136016,28,4765,test
152435,32,1164,test
29549,5,4532,test
35983,7,964,test
132614,28,1363,test
112175,23,2736,test
154634,32,3363,test
109638,23,199,test
95022,20,595,test
132023,28,772,test
78860,16,1139,test
3456,0,3456,test
28143,5,3126,test
9829,1,4827,test
89164,18,4741,test
94242,19,4815,test
69989,14,2279,test
131851,28,600,test
143105,30,1836,test
124327,25,4878,test
108346,22,3914,test
130823,27,4573,test
2899,0,2899,test
153323,32,2052,test
24095,4,4089,test
48522,10,837,test
110503,23,1064,test
34534,6,4516,test
123929,25,4480,test
143110,30,1841,test
42065,8,2037,test
159542,33,3270,test
12808,2,2802,test
83240,17,510,test
122271,25,2822,test
66410,13,3708,test
146601,31,331,test
43087,9,415,test
5100,1,98,test
55853,11,3166,test
133394,28,2143,test
105487,22,1055,test
58326,12,637,test
70418,14,2708,test
4788,0,4788,test
105882,22,1450,test
99365,20,4938,test
81065,16,3344,test
92566,19,3139,test
2597,0,2597,test
96736,20,2309,test
60958,12,3269,test
54112,11,1425,test
154632,32,3361,test
37604,7,2585,test
70649,14,2939,test
136284,29,31,test
17096,3,2090,test
70514,14,2804,test
112334,23,2895,test
57538,11,4851,test
111688,23,2249,test
153079,32,1808,test
153074,32,1803,test
48626,10,941,test
105409,22,977,test
42278,8,2250,test
64196,13,1494,test
161553,34,273,test
66378,13,3676,test
56356,11,3669,test
6221,1,1219,test
128734,27,2484,test
95927,20,1500,test
7150,1,2148,test
98634,20,4207,test
88952,18,4529,test
123604,25,4155,test
43520,9,848,test
75729,15,3008,test
101694,21,2263,test
160600,33,4328,test
75188,15,2467,test
85255,18,832,test
66380,13,3678,test
147115,31,845,test
100638,21,1207,test
81179,16,3458,test
10216,2,210,test
52385,10,4700,test
133274,28,2023,test
92326,19,2899,test
28105,5,3088,test
130676,27,4426,test
96955,20,2528,test
120746,25,1297,test
98137,20,3710,test
93329,19,3902,test
152025,32,754,test
41568,8,1540,test
32220,6,2202,test
78553,16,832,test
95710,20,1283,test
131867,28,616,test
137738,29,1485,test
151956,32,685,test
95212,20,785,test
48524,10,839,test
61827,12,4138,test
76049,15,3328,test
82479,16,4758,test
110832,23,1393,test
63565,13,863,test
143301,30,2032,test
26284,5,1267,test
119880,25,431,test
59091,12,1402,test
6658,1,1656,test
37158,7,2139,test
63888,13,1186,test
161491,34,211,test
22327,4,2321,test
127095,27,845,test
164407,34,3127,test
114144,23,4705,test
98638,20,4211,test
75637,15,2916,test
82803,17,73,test
40314,8,286,test
77373,15,4652,test
62196,12,4507,test
112225,23,2786,test
149470,31,3200,test
86519,18,2096,test
99137,20,4710,test
111410,23,1971,test
103347,21,3916,test
53079,11,392,test
150639,31,4369,test
116740,24,2292,test
12264,2,2258,test
69483,14,1773,test
88627,18,4204,test
105903,22,1471,test
91752,19,2325,test
21223,4,1217,test
89270,18,4847,test
100395,21,964,test
2375,0,2375,test
110640,23,1201,test
47545,9,4873,test
64164,13,1462,test
104446,22,14,test
127065,27,815,test
47072,9,4400,test
17098,3,2092,test
37653,7,2634,test
25484,5,467,test
40309,8,281,test
148513,31,2243,test
46671,9,3999,test
12485,2,2479,test
28112,5,3095,test
163694,34,2414,test
105509,22,1077,test
90103,19,676,test
163827,34,2547,test
60408,12,2719,test
76751,15,4030,test
17097,3,2091,test
88672,18,4249,test
3465,0,3465,test
59166,12,1477,test
133017,28,1766,test
688,0,688,test
154326,32,3055,test
102498,21,3067,test
89269,18,4846,test
122545,25,3096,test
74273,15,1552,test
46203,9,3531,test
88947,18,4524,test
89671,19,244,test
97710,20,3283,test
42102,8,2074,test
18423,3,3417,test
63566,13,864,test
135782,28,4531,test
43934,9,1262,test
33101,6,3083,test
105507,22,1075,test
152270,32,999,test
114080,23,4641,test
132179,28,928,test
55043,11,2356,test
57351,11,4664,test
126459,27,209,test
21354,4,1348,test
98707,20,4280,test
56446,11,3759,test
108994,22,4562,test
75616,15,2895,test
18263,3,3257,test
109504,23,65,test
155220,32,3949,test
59083,12,1394,test
33638,6,3620,test
85423,18,1000,test
26488,5,1471,test
156316,33,44,test
60050,12,2361,test
106952,22,2520,test
162042,34,762,test
119739,25,290,test
71651,14,3941,test
85787,18,1364,test
48214,10,529,test
140182,29,3929,test
316,0,316,test
96809,20,2382,test
100726,21,1295,test
22432,4,2426,test
91293,19,1866,test
68075,14,365,test
142770,30,1501,test
113683,23,4244,test
85165,18,742,test
963,0,963,test
61828,12,4139,test
102778,21,3347,test
4866,0,4866,test
96724,20,2297,test
21254,4,1248,test
57378,11,4691,test
54666,11,1979,test
12631,2,2625,test
109513,23,74,test
116888,24,2440,test
67647,13,4945,test
136311,29,58,test
124405,25,4956,test
40732,8,704,test
19991,3,4985,test
140179,29,3926,test
108012,22,3580,test
11256,2,1250,test
107102,22,2670,test
9894,1,4892,test
77628,15,4907,test
66840,13,4138,test
163012,34,1732,test
54806,11,2119,test
68817,14,1107,test
47559,9,4887,test
53605,11,918,test
110943,23,1504,test
110237,23,798,test
42367,8,2339,test
79400,16,1679,test
62082,12,4393,test
61936,12,4247,test
103688,21,4257,test
3164,0,3164,test
150133,31,3863,test
151222,31,4952,test
162090,34,810,test
17474,3,2468,test
107039,22,2607,test
64486,13,1784,test
98682,20,4255,test
71205,14,3495,test
56599,11,3912,test
24470,4,4464,test
21768,4,1762,test
24010,4,4004,test
62474,12,4785,test
82807,17,77,test
81059,16,3338,test
56341,11,3654,test
83310,17,580,test
105228,22,796,test
3580,0,3580,test
158397,33,2125,test
142548,30,1279,test
23967,4,3961,test
115387,24,939,test
81332,16,3611,test
94945,20,518,test
133144,28,1893,test
124549,26,96,test
109107,22,4675,test
162796,34,1516,test
57539,11,4852,test
128073,27,1823,test
79099,16,1378,test
128324,27,2074,test
9693,1,4691,test
108562,22,4130,test
163004,34,1724,test
40824,8,796,test
13613,2,3607,test
110941,23,1502,test
66775,13,4073,test
121027,25,1578,test
116056,24,1608,test
3666,0,3666,test
14083,2,4077,test
109438,22,5006,test
155436,32,4165,test
158763,33,2491,test
159296,33,3024,test
31310,6,1292,test
113510,23,4071,test
87227,18,2804,test
160576,33,4304,test
134637,28,3386,test
159272,33,3000,test
51563,10,3878,test
105595,22,1163,test
36125,7,1106,test
153732,32,2461,test
123493,25,4044,test
144517,30,3248,test
56763,11,4076,test
56107,11,3420,test
54152,11,1465,test
6493,1,1491,test
145419,30,4150,test
106977,22,2545,test
131387,28,136,test
140465,29,4212,test
8245,1,3243,test
4700,0,4700,test
86576,18,2153,test
55518,11,2831,test
54072,11,1385,test
130822,27,4572,test
148707,31,2437,test
136664,29,411,test
40736,8,708,test
122713,25,3264,test
92662,19,3235,test
88510,18,4087,test
48211,10,526,test
47071,9,4399,test
97174,20,2747,test
369,0,369,test
162273,34,993,test
4791,0,4791,test
150688,31,4418,test
126118,26,1665,test
54077,11,1390,test
41197,8,1169,test
19513,3,4507,test
73303,15,582,test
92569,19,3142,test
142799,30,1530,test
163773,34,2493,test
118411,24,3963,test
42265,8,2237,test
19890,3,4884,test
124228,25,4779,test
58085,12,396,test
71387,14,3677,test
40579,8,551,test
12629,2,2623,test
152922,32,1651,test
108566,22,4134,test
117437,24,2989,test
42385,8,2357,test
155712,32,4441,test
89672,19,245,test
107043,22,2611,test
3667,0,3667,test
118295,24,3847,test
26313,5,1296,test
62946,13,244,test
119711,25,262,test
76036,15,3315,test
133146,28,1895,test
5816,1,814,test
95792,20,1365,test
76029,15,3308,test
121876,25,2427,test
120748,25,1299,test
119487,25,38,test
42108,8,2080,test
44028,9,1356,test
137710,29,1457,test
56455,11,3768,test
38497,7,3478,test
43519,9,847,test
119480,25,31,test
2131,0,2131,test
30686,6,668,test
150209,31,3939,test
88982,18,4559,test
116217,24,1769,test
159806,33,3534,test
114959,24,511,test
4957,0,4957,test
85408,18,985,test
111238,23,1799,test
35061,7,42,test
150127,31,3857,test
134352,28,3101,test
25482,5,465,test
30575,6,557,test
36901,7,1882,test
44363,9,1691,test
61181,12,3492,test
81873,16,4152,test
97833,20,3406,test
34598,6,4580,test
9912,1,4910,test
154203,32,2932,test
130395,27,4145,test
29818,5,4801,test
43938,9,1266,test
85419,18,996,test
121612,25,2163,test
22324,4,2318,test
127779,27,1529,test
84609,18,186,test
111689,23,2250,test
48669,10,984,test
111745,23,2306,test
12166,2,2160,test
18996,3,3990,test
87895,18,3472,test
46497,9,3825,test
65444,13,2742,test
70755,14,3045,test
22765,4,2759,test
145443,30,4174,test
54893,11,2206,test
57922,12,233,test
164409,34,3129,test
104952,22,520,test
138533,29,2280,test
67649,13,4947,test
74772,15,2051,test
94955,20,528,test
134428,28,3177,test
39145,7,4126,test
92415,19,2988,test
138530,29,2277,test
14878,2,4872,test
82478,16,4757,test
80498,16,2777,test
158776,33,2504,test
128079,27,1829,test
64521,13,1819,test
124576,26,123,test
95791,20,1364,test
57681,11,4994,test
158863,33,2591,test
95529,20,1102,test
98719,20,4292,test
53127,11,440,test
10413,2,407,test
98462,20,4035,test
79962,16,2241,test
164709,34,3429,test
34848,6,4830,test
131808,28,557,test
2901,0,2901,test
318,0,318,test
22998,4,2992,test
118751,24,4303,test
104447,22,15,test
36339,7,1320,test
86505,18,2082,test
100795,21,1364,test
38843,7,3824,test
144138,30,2869,test
148501,31,2231,test
147198,31,928,test
897,0,897,test
50901,10,3216,test
138419,29,2166,test
90418,19,991,test
132175,28,924,test
47914,10,229,test
132176,28,925,test
102499,21,3068,test
117740,24,3292,test
77282,15,4561,test
76197,15,3476,test
144671,30,3402,test
81982,16,4261,test
136488,29,235,test
36064,7,1045,test
91425,19,1998,test
80446,16,2725,test
3722,0,3722,test
163397,34,2117,test
44032,9,1360,test
66073,13,3371,test
134849,28,3598,test
10016,2,10,test
46834,9,4162,test
118802,24,4354,test
118143,24,3695,test
51969,10,4284,test
29949,5,4932,test
4701,0,4701,test
9910,1,4908,test
53589,11,902,test
81039,16,3318,test
48828,10,1143,test
73736,15,1015,test
21096,4,1090,test
163290,34,2010,test
967,0,967,test
98912,20,4485,test
8620,1,3618,test
116741,24,2293,test
63461,13,759,test
57923,12,234,test
92140,19,2713,test
140884,29,4631,test
55861,11,3174,test
44904,9,2232,test
19978,3,4972,test
98914,20,4487,test
17021,3,2015,test
14903,2,4897,test
23094,4,3088,test
34707,6,4689,test
34722,6,4704,test
108004,22,3572,test
26305,5,1288,test
109266,22,4834,test
126218,26,1765,test
162800,34,1520,test
116669,24,2221,test
46201,9,3529,test
6762,1,1760,test
133233,28,1982,test
96097,20,1670,test
111409,23,1970,test
154988,32,3717,test
33097,6,3079,test
36720,7,1701,test
26517,5,1500,test
133086,28,1835,test
28034,5,3017,test
43825,9,1153,test
104095,21,4664,test
116031,24,1583,test
85597,18,1174,test
36719,7,1700,test
89055,18,4632,test
52142,10,4457,test
9823,1,4821,test
80578,16,2857,test
19409,3,4403,test
42881,9,209,test
106,0,106,test
83278,17,548,test
30234,6,216,test
105906,22,1474,test
27797,5,2780,test
128325,27,2075,test
27522,5,2505,test
18074,3,3068,test
16416,3,1410,test
79074,16,1353,test
112172,23,2733,test
150129,31,3859,test
16983,3,1977,test
34690,6,4672,test
42497,8,2469,test
25276,5,259,test
134691,28,3440,test
12842,2,2836,test
89451,19,24,test
149860,31,3590,test
149972,31,3702,test
127689,27,1439,test
102564,21,3133,test
150241,31,3971,test
84622,18,199,test
54131,11,1444,test
162365,34,1085,test
120198,25,749,test
43684,9,1012,test
161488,34,208,test
12837,2,2831,test
55144,11,2457,test
126879,27,629,test
131439,28,188,test
20653,4,647,test
96683,20,2256,test
31652,6,1634,test
16415,3,1409,test
5417,1,415,test
148364,31,2094,test
2897,0,2897,test
73735,15,1014,test
16982,3,1976,test
94001,19,4574,test
74056,15,1335,test
66836,13,4134,test
68687,14,977,test
16414,3,1408,test
94241,19,4814,test
155803,32,4532,test
71989,14,4279,test
896,0,896,test
81326,16,3605,test
95930,20,1503,test
51058,10,3373,test
12210,2,2204,test
54759,11,2072,test
50896,10,3211,test
11917,2,1911,test
71209,14,3499,test
160081,33,3809,test
18428,3,3422,test
28109,5,3092,test
78453,16,732,test
160587,33,4315,test
58100,12,411,test
43905,9,1233,test
26307,5,1290,test
148366,31,2096,test
96072,20,1645,test
99687,21,256,test
123935,25,4486,test
79465,16,1744,test
158510,33,2238,test
101904,21,2473,test
103515,21,4084,test
66791,13,4089,test
128915,27,2665,test
133090,28,1839,test
155675,32,4404,test
117942,24,3494,test
164537,34,3257,test
55641,11,2954,test
130666,27,4416,test
8628,1,3626,test
40830,8,802,test
97405,20,2978,test
24932,4,4926,test
59156,12,1467,test
119153,24,4705,test
128944,27,2694,test
9366,1,4364,test
139478,29,3225,test
1507,0,1507,test
32478,6,2460,test
92279,19,2852,test
64667,13,1965,test
136185,28,4934,test
19990,3,4984,test
140464,29,4211,test
48532,10,847,test
13500,2,3494,test
96605,20,2178,test
148576,31,2306,test
19796,3,4790,test
11647,2,1641,test
158029,33,1757,test
133093,28,1842,test
67728,14,18,test
58241,12,552,test
164405,34,3125,test
122273,25,2824,test
21228,4,1222,test
109369,22,4937,test
162128,34,848,test
162355,34,1075,test
28113,5,3096,test
161492,34,212,test
142543,30,1274,test
48832,10,1147,test
163828,34,2548,test
109797,23,358,test
17173,3,2167,test
106174,22,1742,test
81388,16,3667,test
128077,27,1827,test
106068,22,1636,test
17102,3,2096,test
160590,33,4318,test
44796,9,2124,test
368,0,368,test
157715,33,1443,test
76833,15,4112,test
142540,30,1271,test
94266,19,4839,test
7860,1,2858,test
116221,24,1773,test
126385,27,135,test
81186,16,3465,test
95162,20,735,test
79098,16,1377,test
122960,25,3511,test
9193,1,4191,test
85348,18,925,test
12608,2,2602,test
674,0,674,test
105141,22,709,test
104448,22,16,test
95648,20,1221,test
49060,10,1375,test
18976,3,3970,test
95094,20,667,test
86308,18,1885,test
121610,25,2161,test
95148,20,721,test
56136,11,3449,test
43085,9,413,test
35046,7,27,test
96089,20,1662,test
11069,2,1063,test
130320,27,4070,test
88900,18,4477,test
120669,25,1220,test
137718,29,1465,test
130216,27,3966,test
146885,31,615,test
153443,32,2172,test
62941,13,239,test
113682,23,4243,test
122537,25,3088,test
160083,33,3811,test
38910,7,3891,test
154207,32,2936,test
97397,20,2970,test
107107,22,2675,test
81033,16,3312,test
160975,33,4703,test
46494,9,3822,test
162729,34,1449,test
139474,29,3221,test
74178,15,1457,test
46490,9,3818,test
75692,15,2971,test
73370,15,649,test
15132,3,126,test
162272,34,992,test
70507,14,2797,test
41946,8,1918,test
662,0,662,test
119125,24,4677,test
79958,16,2237,test
149471,31,3201,test
143015,30,1746,test
23368,4,3362,test
111206,23,1767,test
44644,9,1972,test
16418,3,1412,test
73200,15,479,test
76040,15,3319,test
58090,12,401,test
132138,28,887,test
102085,21,2654,test
120012,25,563,test
57769,12,80,test
101793,21,2362,test
108,0,108,test
62420,12,4731,test
50902,10,3217,test
82975,17,245,test
80942,16,3221,test
64655,13,1953,test
36063,7,1044,test
27389,5,2372,test
12208,2,2202,test
54547,11,1860,test
74791,15,2070,test
29023,5,4006,test
142494,30,1225,test
40053,8,25,test
85241,18,818,test
57046,11,4359,test
68245,14,535,test
38618,7,3599,test
58675,12,986,test
25589,5,572,test
49682,10,1997,test
83193,17,463,test
137680,29,1427,test
80501,16,2780,test
105696,22,1264,test
138277,29,2024,test
154711,32,3440,test
21771,4,1765,test
83674,17,944,test
121924,25,2475,test
122816,25,3367,test
163298,34,2018,test
56865,11,4178,test
59465,12,1776,test
97829,20,3402,test
108514,22,4082,test
93873,19,4446,test
157697,33,1425,test
159539,33,3267,test
97830,20,3403,test
92563,19,3136,test
62470,12,4781,test
42873,9,201,test
74770,15,2049,test
14178,2,4172,test
11752,2,1746,test
75349,15,2628,test
23925,4,3919,test
71650,14,3940,test
149975,31,3705,test
25479,5,462,test
69660,14,1950,test
55857,11,3170,test
160577,33,4305,test
133153,28,1902,test
138889,29,2636,test
124578,26,125,test
12514,2,2508,test
3772,0,3772,test
145441,30,4172,test
125836,26,1383,test
132177,28,926,test
77564,15,4843,test
99069,20,4642,test
155238,32,3967,test
164494,34,3214,test
35882,7,863,test
47549,9,4877,test
136659,29,406,test
115354,24,906,test
76129,15,3408,test
89168,18,4745,test
57869,12,180,test
39969,7,4950,test
42879,9,207,test
151808,32,537,test
20731,4,725,test
55882,11,3195,test
148369,31,2099,test
60535,12,2846,test
133680,28,2429,test
66924,13,4222,test
123496,25,4047,test
26481,5,1464,test
144023,30,2754,test
6232,1,1230,test
148978,31,2708,test
129429,27,3179,test
137705,29,1452,test
69814,14,2104,test
56229,11,3542,test
80608,16,2887,test
33095,6,3077,test
114473,24,25,test
26527,5,1510,test
133145,28,1894,test
52435,10,4750,test
98007,20,3580,test
155721,32,4450,test
35031,7,12,test
108703,22,4271,test
34667,6,4649,test
14868,2,4862,test
146606,31,336,test
68639,14,929,test
137287,29,1034,test
43521,9,849,test
29803,5,4786,test
134112,28,2861,test
67653,13,4951,test
77566,15,4845,test
27876,5,2859,test
141606,30,337,test
92746,19,3319,test
84605,18,182,test
126554,27,304,test
79772,16,2051,test
22022,4,2016,test
111686,23,2247,test
137685,29,1432,test
15106,3,100,test
117741,24,3293,test
81978,16,4257,test
100025,21,594,test
29723,5,4706,test
45091,9,2419,test
159951,33,3679,test
3674,0,3674,test
43081,9,409,test
22021,4,2015,test
29636,5,4619,test
131244,27,4994,test
45640,9,2968,test
90037,19,610,test
71386,14,3676,test
146185,30,4916,test
40581,8,553,test
134921,28,3670,test
52888,11,201,test
136356,29,103,test
119911,25,462,test
146145,30,4876,test
97302,20,2875,test
26533,5,1516,test
150632,31,4362,test
75247,15,2526,test
84935,18,512,test
117439,24,2991,test
151561,32,290,test
19964,3,4958,test
77624,15,4903,test
157701,33,1429,test
5076,1,74,test
51933,10,4248,test
964,0,964,test
147959,31,1689,test
69043,14,1333,test
162784,34,1504,test
65370,13,2668,test
134690,28,3439,test
60365,12,2676,test
152651,32,1380,test
128914,27,2664,test
23929,4,3923,test
116715,24,2267,test
36522,7,1503,test
1827,0,1827,test
67327,13,4625,test
156830,33,558,test
45215,9,2543,test
82921,17,191,test
163002,34,1722,test
50599,10,2914,test
96276,20,1849,test
153942,32,2671,test
102531,21,3100,test
110024,23,585,test
85587,18,1164,test
3668,0,3668,test
119341,24,4893,test
82615,16,4894,test
45683,9,3011,test
97404,20,2977,test
108010,22,3578,test
159874,33,3602,test
73208,15,487,test
88950,18,4527,test
75684,15,2963,test
124415,25,4966,test
56457,11,3770,test
109271,22,4839,test
126878,27,628,test
126112,26,1659,test
25486,5,469,test
14856,2,4850,test
25242,5,225,test
25340,5,323,test
142729,30,1460,test
142151,30,882,test
61167,12,3478,test
156723,33,451,test
86515,18,2092,test
31184,6,1166,test
148578,31,2308,test
135268,28,4017,test
94943,20,516,test
147107,31,837,test
18264,3,3258,test
131210,27,4960,test
146239,30,4970,test
155514,32,4243,test
19531,3,4525,test
85422,18,999,test
57381,11,4694,test
87893,18,3470,test
78826,16,1105,test
65274,13,2572,test
18081,3,3075,test
118407,24,3959,test
50600,10,2915,test
80704,16,2983,test
11086,2,1080,test
40566,8,538,test
45217,9,2545,test
15149,3,143,test
110818,23,1379,test
98035,20,3608,test
94952,20,525,test
54167,11,1480,test
46492,9,3820,test
136307,29,54,test
17139,3,2133,test
51679,10,3994,test
33156,6,3138,test
122717,25,3268,test
137706,29,1453,test
81181,16,3460,test
127149,27,899,test
51932,10,4247,test
151977,32,706,test
126450,27,200,test
145327,30,4058,test
6646,1,1644,test
124553,26,100,test
127040,27,790,test
97529,20,3102,test
69382,14,1672,test
81449,16,3728,test
148362,31,2092,test
18280,3,3274,test
53983,11,1296,test
159544,33,3272,test
99135,20,4708,test
136354,29,101,test
10782,2,776,test
163745,34,2465,test
149187,31,2917,test
151019,31,4749,test
60864,12,3175,test
54863,11,2176,test
19418,3,4412,test
163564,34,2284,test
87273,18,2850,test
116150,24,1702,test
56448,11,3761,test
158973,33,2701,test
75216,15,2495,test
87070,18,2647,test
164128,34,2848,test
20616,4,610,test
78360,16,639,test
46941,9,4269,test
101990,21,2559,test
108512,22,4080,test
150691,31,4421,test
73196,15,475,test
88213,18,3790,test
42036,8,2008,test
62669,12,4980,test
114487,24,39,test
99696,21,265,test
81439,16,3718,test
7983,1,2981,test
162318,34,1038,test
162513,34,1233,test
14871,2,4865,test
17924,3,2918,test
46479,9,3807,test
62854,13,152,test
121697,25,2248,test
103684,21,4253,test
78337,16,616,test
152391,32,1120,test
31799,6,1781,test
102901,21,3470,test
18282,3,3276,test
86581,18,2158,test
139600,29,3347,test
2396,0,2396,test
118902,24,4454,test
13701,2,3695,test
159805,33,3533,test
156730,33,458,test
11934,2,1928,test
31187,6,1169,test
71985,14,4275,test
44676,9,2004,test
52384,10,4699,test
149278,31,3008,test
154472,32,3201,test
41213,8,1185,test
133397,28,2146,test
116670,24,2222,test
122540,25,3091,test
157302,33,1030,test
154328,32,3057,test
14762,2,4756,test
43465,9,793,test
66383,13,3681,test
92156,19,2729,test
46506,9,3834,test
119294,24,4846,test
120469,25,1020,test
31845,6,1827,test
123600,25,4151,test
46505,9,3833,test
48427,10,742,test
132778,28,1527,test
129201,27,2951,test
128453,27,2203,test
66631,13,3929,test
146233,30,4964,test
54509,11,1822,test
16206,3,1200,test
81406,16,3685,test
57043,11,4356,test
99180,20,4753,test
70419,14,2709,test
153120,32,1849,test
68576,14,866,test
83168,17,438,test
38764,7,3745,test
127020,27,770,test
898,0,898,test
65109,13,2407,test
88209,18,3786,test
74810,15,2089,test
87961,18,3538,test
131380,28,129,test
118179,24,3731,test
4860,0,4860,test
113730,23,4291,test
82467,16,4746,test
164697,34,3417,test
118418,24,3970,test
137281,29,1028,test
26160,5,1143,test
87272,18,2849,test
83730,17,1000,test
57741,12,52,test
140666,29,4413,test
50057,10,2372,test
154091,32,2820,test
148494,31,2224,test
25333,5,316,test
91439,19,2012,test
157653,33,1381,test
140663,29,4410,test
55644,11,2957,test
130209,27,3959,test
54038,11,1351,test
28975,5,3958,test
113731,23,4292,test
100,0,100,test
6742,1,1740,test
105883,22,1451,test
34358,6,4340,test
129436,27,3186,test
65017,13,2315,test
132608,28,1357,test
90811,19,1384,test
56263,11,3576,test
27516,5,2499,test
155897,32,4626,test
155116,32,3845,test
145759,30,4490,test
11554,2,1548,test
11749,2,1743,test
162966,34,1686,test
132182,28,931,test
18164,3,3158,test
161591,34,311,test
60543,12,2854,test
9730,1,4728,test
135274,28,4023,test
53159,11,472,test
132033,28,782,test
70646,14,2936,test
162399,34,1119,test
110676,23,1237,test
164535,34,3255,test
148715,31,2445,test
87260,18,2837,test
29889,5,4872,test
2599,0,2599,test
119884,25,435,test
52379,10,4694,test
76776,15,4055,test
49045,10,1360,test
81492,16,3771,test
126289,27,39,test
43692,9,1020,test
36713,7,1694,test
106947,22,2515,test
32222,6,2204,test
131063,27,4813,test
52696,11,9,test
48895,10,1210,test
145444,30,4175,test
62195,12,4506,test
17026,3,2020,test
3267,0,3267,test
160836,33,4564,test
15128,3,122,test
105305,22,873,test
107106,22,2674,test
22317,4,2311,test
28032,5,3015,test
38761,7,3742,test
83172,17,442,test
128322,27,2072,test
80528,16,2807,test
55514,11,2827,test
70411,14,2701,test
64326,13,1624,test
22025,4,2019,test
26041,5,1024,test
97239,20,2812,test
88753,18,4330,test
6496,1,1494,test
7709,1,2707,test
81160,16,3439,test
20994,4,988,test
59778,12,2089,test
92090,19,2663,test
127060,27,810,test
75635,15,2914,test
145320,30,4051,test
51995,10,4310,test
140996,29,4743,test
150819,31,4549,test
13582,2,3576,test
45853,9,3181,test
34865,6,4847,test
118182,24,3734,test
58692,12,1003,test
40709,8,681,test
104485,22,53,test
61938,12,4249,test
85778,18,1355,test
31800,6,1782,test
100831,21,1400,test
121919,25,2470,test
99417,20,4990,test
148189,31,1919,test
137117,29,864,test
10416,2,410,test
17100,3,2094,test
14876,2,4870,test
79246,16,1525,test
56260,11,3573,test
80065,16,2344,test
48633,10,948,test
102323,21,2892,test
54456,11,1769,test
132877,28,1626,test
42887,9,215,test
106564,22,2132,test
107253,22,2821,test
69480,14,1770,test
31304,6,1286,test
8239,1,3237,test
3266,0,3266,test
34700,6,4682,test
117528,24,3080,test
80719,16,2998,test
164693,34,3413,test
114644,24,196,test
158864,33,2592,test
127102,27,852,test
132028,28,777,test
127014,27,764,test
66741,13,4039,test
108222,22,3790,test
100238,21,807,test
29893,5,4876,test
159458,33,3186,test
113961,23,4522,test
43895,9,1223,test
41199,8,1171,test
33644,6,3626,test
5016,1,14,test
158791,33,2519,test
4686,0,4686,test
92404,19,2977,test
75129,15,2408,test
62400,12,4711,test
30042,6,24,test
124182,25,4733,test
102534,21,3103,test
95787,20,1360,test
154990,32,3719,test
2357,0,2357,test
110642,23,1203,test
46193,9,3521,test
26254,5,1237,test
1498,0,1498,test
50895,10,3210,test
73171,15,450,test
59153,12,1464,test
43693,9,1021,test
132172,28,921,test
155115,32,3844,test
95527,20,1100,test
138689,29,2436,test
76619,15,3898,test
151978,32,707,test
66385,13,3683,test
143291,30,2022,test
132169,28,918,test
20959,4,953,test
122714,25,3265,test
2364,0,2364,test
102304,21,2873,test
126876,27,626,test
90756,19,1329,test
53596,11,909,test
152390,32,1119,test
67673,13,4971,test
38499,7,3480,test
59444,12,1755,test
151559,32,288,test
106069,22,1637,test
118,0,118,test
25841,5,824,test
124225,25,4776,test
77619,15,4898,test
17333,3,2327,test
104692,22,260,test
163402,34,2122,test
151497,32,226,test
496,0,496,test
137692,29,1439,test
94936,20,509,test
97374,20,2947,test
40829,8,801,test
23448,4,3442,test
3672,0,3672,test
54820,11,2133,test
4684,0,4684,test
26911,5,1894,test
151665,32,394,test
21773,4,1767,test
57877,12,188,test
57460,11,4773,test
135991,28,4740,test
163291,34,2011,test
159872,33,3600,test
158788,33,2516,test
132782,28,1531,test
50881,10,3196,test
31077,6,1059,test
69393,14,1683,test
158775,33,2503,test
75499,15,2778,test
121616,25,2167,test
92332,19,2905,test
105876,22,1444,test
124513,26,60,test
108343,22,3911,test
68635,14,925,test
50002,10,2317,test
152474,32,1203,test
42368,8,2340,test
102779,21,3348,test
84117,17,1387,test
39690,7,4671,test
94238,19,4811,test
70528,14,2818,test
20725,4,719,test
61935,12,4246,test
34729,6,4711,test
76199,15,3478,test
65144,13,2442,test
98925,20,4498,test
49677,10,1992,test
88514,18,4091,test
92327,19,2900,test
85432,18,1009,test
71805,14,4095,test
78457,16,736,test
120662,25,1213,test
164418,34,3138,test
79067,16,1346,test
104482,22,50,test
89657,19,230,test
115591,24,1143,test
157375,33,1103,test
31459,6,1441,test
41217,8,1189,test
92155,19,2728,test
117526,24,3078,test
53731,11,1044,test
37749,7,2730,test
65895,13,3193,test
14092,2,4086,test
14177,2,4171,test
137274,29,1021,test
45708,9,3036,test
1116,0,1116,test
12814,2,2808,test
160072,33,3800,test
7696,1,2694,test
155133,32,3862,test
67565,13,4863,test
131492,28,241,test
9830,1,4828,test
30121,6,103,test
46908,9,4236,test
66136,13,3434,test
124458,26,5,test
31070,6,1052,test
87962,18,3539,test
136555,29,302,test
102971,21,3540,test
148370,31,2100,test
119740,25,291,test
128728,27,2478,test
118412,24,3964,test
42042,8,2014,test
128469,27,2219,test
113269,23,3830,test
118293,24,3845,test
143290,30,2021,test
145333,30,4064,test
36673,7,1654,test
133264,28,2013,test
134919,28,3668,test
16981,3,1975,test
154640,32,3369,test
122818,25,3369,test
2474,0,2474,test
109430,22,4998,test
82327,16,4606,test
40831,8,803,test
162125,34,845,test
86565,18,2142,test
110819,23,1380,test
30044,6,26,test
131384,28,133,test
124221,25,4772,test
120742,25,1293,test
96912,20,2485,test
66626,13,3924,test
163408,34,2128,test
20588,4,582,test
81448,16,3727,test
104480,22,48,test
54644,11,1957,test
144892,30,3623,test
122266,25,2817,test
2895,0,2895,test
55860,11,3173,test
48575,10,890,test
153309,32,2038,test
63170,13,468,test
102941,21,3510,test
19507,3,4501,test
91751,19,2324,test
21098,4,1092,test
124515,26,62,test
29825,5,4808,test
40531,8,503,test
99147,20,4720,test
33159,6,3141,test
36677,7,1658,test
34703,6,4685,test
94544,20,117,test
20720,4,714,test
82813,17,83,test
148546,31,2276,test
32218,6,2200,test
59777,12,2088,test
46663,9,3991,test
29540,5,4523,test
127064,27,814,test
52698,11,11,test
158862,33,2590,test
75133,15,2412,test
90995,19,1568,test
83731,17,1001,test
67326,13,4624,test
127136,27,886,test
160856,33,4584,test
73763,15,1042,test
84969,18,546,test
99586,21,155,test
147190,31,920,test
25491,5,474,test
85256,18,833,test
136289,29,36,test
163398,34,2118,test
23961,4,3955,test
123378,25,3929,test
33640,6,3622,test
80472,16,2751,test
121328,25,1879,test
70109,14,2399,test
121619,25,2170,test
65421,13,2719,test
41565,8,1537,test
128504,27,2254,test
36905,7,1886,test
84090,17,1360,test
40248,8,220,test
111236,23,1797,test
60458,12,2769,test
132180,28,929,test
33300,6,3282,test
142492,30,1223,test
113201,23,3762,test
20589,4,583,test
105314,22,882,test
69804,14,2094,test
158509,33,2237,test
18978,3,3972,test
13713,2,3707,test
78927,16,1206,test
124522,26,69,test
40493,8,465,test
22315,4,2309,test
40711,8,683,test
136483,29,230,test
48215,10,530,test
92782,19,3355,test
149791,31,3521,test
10218,2,212,test
60866,12,3177,test
45639,9,2967,test
95565,20,1138,test
114362,23,4923,test
134589,28,3338,test
69954,14,2244,test
31794,6,1776,test
116149,24,1701,test
42320,8,2292,test
115386,24,938,test
142107,30,838,test
54814,11,2127,test
93820,19,4393,test
137608,29,1355,test
156,0,156,test
136993,29,740,test
38629,7,3610,test
127053,27,803,test
24016,4,4010,test
75126,15,2405,test
46942,9,4270,test
84747,18,324,test
81052,16,3331,test
163181,34,1901,test
108005,22,3573,test
136747,29,494,test
56230,11,3543,test
74957,15,2236,test
10779,2,773,test
48634,10,949,test
18616,3,3610,test
14145,2,4139,test
65243,13,2541,test
114577,24,129,test
53984,11,1297,test
35041,7,22,test
127061,27,811,test
76790,15,4069,test
160080,33,3808,test
77620,15,4899,test
116555,24,2107,test
68072,14,362,test
33680,6,3662,test
133679,28,2428,test
13510,2,3504,test
124577,26,124,test
61166,12,3477,test
131712,28,461,test
38165,7,3146,test
51562,10,3877,test
58327,12,638,test
51057,10,3372,test
125680,26,1227,test
87815,18,3392,test
157800,33,1528,test
50573,10,2888,test
141290,30,21,test
109641,23,202,test
13509,2,3503,test
49775,10,2090,test
83309,17,579,test
114538,24,90,test
28110,5,3093,test
62075,12,4386,test
137277,29,1024,test
42041,8,2013,test
89665,19,238,test
158585,33,2313,test
158773,33,2501,test
34706,6,4688,test
134114,28,2863,test
30380,6,362,test
52804,11,117,test
50603,10,2918,test
71170,14,3460,test
122274,25,2825,test
141415,30,146,test
146506,31,236,test
163571,34,2291,test
115207,24,759,test
142562,30,1293,test
81600,16,3879,test
81680,16,3959,test
102307,21,2876,test
27818,5,2801,test
90809,19,1382,test
54454,11,1767,test
88148,18,3725,test
115206,24,758,test
81684,16,3963,test
6640,1,1638,test
74947,15,2226,test
53604,11,917,test
86203,18,1780,test
64666,13,1964,test
46665,9,3993,test
42037,8,2009,test
50055,10,2370,test
122122,25,2673,test
85215,18,792,test
57765,12,76,test
94239,19,4812,test
84068,17,1338,test
156583,33,311,test
110836,23,1397,test
52999,11,312,test
4958,0,4958,test
134852,28,3601,test
130416,27,4166,test
42280,8,2252,test
79108,16,1387,test
84166,17,1436,test
127145,27,895,test
4319,0,4319,test
14101,2,4095,test
53640,11,953,test
51997,10,4312,test
40526,8,498,test
40246,8,218,test
94444,20,17,test
119700,25,251,test
48632,10,947,test
78366,16,645,test
127777,27,1527,test
158737,33,2465,test
146607,31,337,test
143373,30,2104,test
157303,33,1031,test
69488,14,1778,test
98061,20,3634,test
125874,26,1421,test
93875,19,4448,test
133684,28,2433,test
108220,22,3788,test
119149,24,4701,test
74945,15,2224,test
112321,23,2882,test
113116,23,3677,test
127147,27,897,test
6234,1,1232,test
12625,2,2619,test
160321,33,4049,test
141002,29,4749,test
114536,24,88,test
15105,3,99,test
79077,16,1356,test
60699,12,3010,test
60239,12,2550,test
58975,12,1286,test
68958,14,1248,test
119917,25,468,test
45643,9,2971,test
153444,32,2173,test
2654,0,2654,test
164534,34,3254,test
58677,12,988,test
113724,23,4285,test
13214,2,3208,test
32068,6,2050,test
155764,32,4493,test
85169,18,746,test
114484,24,36,test
136554,29,301,test
122542,25,3093,test
92572,19,3145,test
158173,33,1901,test
160599,33,4327,test
120565,25,1116,test
4437,0,4437,test
69992,14,2282,test
23379,4,3373,test
82818,17,88,test
1775,0,1775,test
157693,33,1421,test
61504,12,3815,test
69960,14,2250,test
51940,10,4255,test
27432,5,2415,test
15408,3,402,test
57542,11,4855,test
106591,22,2159,test
38894,7,3875,test
80130,16,2409,test
133032,28,1781,test
88625,18,4202,test
65238,13,2536,test
27374,5,2357,test
119910,25,461,test
153072,32,1801,test
83243,17,513,test
49769,10,2084,test
121828,25,2379,test
90298,19,871,test
123933,25,4484,test
150320,31,4050,test
97176,20,2749,test
157692,33,1420,test
14647,2,4641,test
13511,2,3505,test
118887,24,4439,test
50570,10,2885,test
122262,25,2813,test
35861,7,842,test
105861,22,1429,test
73611,15,890,test
80701,16,2980,test
99174,20,4747,test
115,0,115,test
150693,31,4423,test
108235,22,3803,test
18767,3,3761,test
27378,5,2361,test
155691,32,4420,test
54838,11,2151,test
11079,2,1073,test
88509,18,4086,test
143288,30,2019,test
57767,12,78,test
110017,23,578,test
56235,11,3548,test
112318,23,2879,test
132139,28,888,test
87828,18,3405,test
22023,4,2017,test
111234,23,1795,test
20488,4,482,test
85590,18,1167,test
93925,19,4498,test
148666,31,2396,test
26309,5,1292,test
5733,1,731,test
56656,11,3969,test
77541,15,4820,test
80183,16,2462,test
7988,1,2986,test
121618,25,2169,test
88371,18,3948,test
164099,34,2819,test
96734,20,2307,test
70131,14,2421,test
155678,32,4407,test
121899,25,2450,test
107,0,107,test
132131,28,880,test
81056,16,3335,test
48827,10,1142,test
114533,24,85,test
25586,5,569,test
132685,28,1434,test
151485,32,214,test
12626,2,2620,test
1413,0,1413,test
155714,32,4443,test
158130,33,1858,test
14898,2,4892,test
159290,33,3018,test
148359,31,2089,test
68820,14,1110,test
80504,16,2783,test
47197,9,4525,test
30197,6,179,test
14906,2,4900,test
130678,27,4428,test
66135,13,3433,test
100233,21,802,test
32041,6,2023,test
139519,29,3266,test
106276,22,1844,test
54034,11,1347,test
116556,24,2108,test
87404,18,2981,test
7695,1,2693,test
113319,23,3880,test
66130,13,3428,test
92142,19,2715,test
66742,13,4040,test
153277,32,2006,test
23359,4,3353,test
53918,11,1231,test
115341,24,893,test
23920,4,3914,test
22615,4,2609,test
31309,6,1291,test
88886,18,4463,test
154800,32,3529,test
95793,20,1366,test
36366,7,1347,test
127022,27,772,test
38166,7,3147,test
101637,21,2206,test
14858,2,4852,test
17092,3,2086,test
50571,10,2886,test
123605,25,4156,test
68074,14,364,test
159009,33,2737,test
961,0,961,test
154206,32,2935,test
86512,18,2089,test
128732,27,2482,test
126344,27,94,test
60838,12,3149,test
108685,22,4253,test
164404,34,3124,test
21092,4,1086,test
46729,9,4057,test
126290,27,40,test
63338,13,636,test
64050,13,1348,test
30329,6,311,test
56445,11,3758,test
98136,20,3709,test
11074,2,1068,test
93249,19,3822,test
48371,10,686,test
79073,16,1352,test
17065,3,2059,test
63390,13,688,test
64201,13,1499,test
79110,16,1389,test
103357,21,3926,test
50569,10,2884,test
65188,13,2486,test
163060,34,1780,test
101049,21,1618,test
150694,31,4424,test
109481,23,42,test
88632,18,4209,test
122453,25,3004,test
104693,22,261,test
74736,15,2015,test
41221,8,1193,test
38628,7,3609,test
135445,28,4194,test
148698,31,2428,test
122889,25,3440,test
75500,15,2779,test
20654,4,648,test
26037,5,1020,test
57875,12,186,test
159582,33,3310,test
106582,22,2150,test
63533,13,831,test
43092,9,420,test
2392,0,2392,test
102567,21,3136,test
127674,27,1424,test
125682,26,1229,test
55511,11,2824,test
123936,25,4487,test
26035,5,1018,test
65442,13,2740,test
61176,12,3487,test
88375,18,3952,test
54777,11,2090,test
96091,20,1664,test
136849,29,596,test
28147,5,3130,test
134118,28,2867,test
110019,23,580,test
133370,28,2119,test
47083,9,4411,test
56265,11,3578,test
36653,7,1634,test
76991,15,4270,test
74740,15,2019,test
60975,12,3286,test
36002,7,983,test
137157,29,904,test
144028,30,2759,test
143705,30,2436,test
42880,9,208,test
159798,33,3526,test
160557,33,4285,test
70640,14,2930,test
115345,24,897,test
88752,18,4329,test
46478,9,3806,test
106585,22,2153,test
158826,33,2554,test
163970,34,2690,test
6494,1,1492,test
44677,9,2005,test
40576,8,548,test
97887,20,3460,test
28939,5,3922,test
57836,12,147,test
79968,16,2247,test
99611,21,180,test
153124,32,1853,test
82625,16,4904,test
118144,24,3696,test
112323,23,2884,test
85789,18,1366,test
154188,32,2917,test
26206,5,1189,test
43908,9,1236,test
546,0,546,test
69943,14,2233,test
93389,19,3962,test
111229,23,1790,test
146434,31,164,test
44932,9,2260,test
94951,20,524,test
140170,29,3917,test
66128,13,3426,test
95209,20,782,test
4469,0,4469,test
121043,25,1594,test
32608,6,2590,test
133096,28,1845,test
124414,25,4965,test
163010,34,1730,test
102544,21,3113,test
147193,31,923,test
50402,10,2717,test
108939,22,4507,test
32726,6,2708,test
14043,2,4037,test
86572,18,2149,test
67650,13,4948,test
122267,25,2818,test
17489,3,2483,test
31103,6,1085,test
21765,4,1759,test
111747,23,2308,test
106586,22,2154,test
105898,22,1466,test
9922,1,4920,test
129338,27,3088,test
118885,24,4437,test
17250,3,2244,test
162801,34,1521,test
112236,23,2797,test
67031,13,4329,test
109374,22,4942,test
86964,18,2541,test
95706,20,1279,test
152021,32,750,test
40101,8,73,test
74394,15,1673,test
98637,20,4210,test
81817,16,4096,test
17329,3,2323,test
136308,29,55,test
132604,28,1353,test
78755,16,1034,test
132021,28,770,test
80575,16,2854,test
130305,27,4055,test
43891,9,1219,test
44642,9,1970,test
101051,21,1620,test
34537,6,4519,test
712,0,712,test
76203,15,3482,test
154323,32,3052,test
122730,25,3281,test
138691,29,2438,test
107097,22,2665,test
142203,30,934,test
50297,10,2612,test
122124,25,2675,test
87226,18,2803,test
12002,2,1996,test
87575,18,3152,test
54824,11,2137,test
14869,2,4863,test
73202,15,481,test
104910,22,478,test
153733,32,2462,test
72861,15,140,test
42375,8,2347,test
124398,25,4949,test
93265,19,3838,test
154715,32,3444,test
156931,33,659,test
159265,33,2993,test
160841,33,4569,test
154628,32,3357,test
122269,25,2820,test
48548,10,863,test
151492,32,221,test
64489,13,1787,test
131805,28,554,test
56450,11,3763,test
131391,28,140,test
69944,14,2234,test
41348,8,1320,test
32668,6,2650,test
142504,30,1235,test
111690,23,2251,test
137270,29,1017,test
46669,9,3997,test
95649,20,1222,test
132024,28,773,test
148507,31,2237,test
74051,15,1330,test
110235,23,796,test
151969,32,698,test
36327,7,1308,test
100390,21,959,test
140998,29,4745,test
144195,30,2926,test
65075,13,2373,test
163750,34,2470,test
21367,4,1361,test
57037,11,4350,test
125872,26,1419,test
124735,26,282,test
54642,11,1955,test
107287,22,2855,test
92281,19,2854,test
106562,22,2130,test
94718,20,291,test
25842,5,825,test
84746,18,323,test
54164,11,1477,test
28106,5,3089,test
542,0,542,test
60691,12,3002,test
119483,25,34,test
93926,19,4499,test
64158,13,1456,test
150930,31,4660,test
147082,31,812,test
31894,6,1876,test
75507,15,2786,test
45688,9,3016,test
47594,9,4922,test
70504,14,2794,test
61937,12,4248,test
38403,7,3384,test
50605,10,2920,test
3398,0,3398,test
95104,20,677,test
36091,7,1072,test
36330,7,1311,test
11084,2,1078,test
11073,2,1067,test
84072,17,1342,test
123878,25,4429,test
131211,27,4961,test
45901,9,3229,test
27868,5,2851,test
11673,2,1667,test
6743,1,1741,test
58681,12,992,test
154006,32,2735,test
93298,19,3871,test
96911,20,2484,test
160833,33,4561,test
34849,6,4831,test
80893,16,3172,test
89058,18,4635,test
106195,22,1763,test
85271,18,848,test
81183,16,3462,test
97746,20,3319,test
92122,19,2695,test
22735,4,2729,test
68816,14,1106,test
66730,13,4028,test
122535,25,3086,test
88626,18,4203,test
13941,2,3935,test
73617,15,896,test
149782,31,3512,test
122376,25,2927,test
58096,12,407,test
52439,10,4754,test
50239,10,2554,test
142796,30,1527,test
33090,6,3072,test
96686,20,2259,test
8077,1,3075,test
20286,4,280,test
12508,2,2502,test
98577,20,4150,test
37603,7,2584,test
68138,14,428,test
43781,9,1109,test
113108,23,3669,test
105136,22,704,test
12621,2,2615,test
127094,27,844,test
36338,7,1319,test
16063,3,1057,test
160842,33,4570,test
150640,31,4370,test
100796,21,1365,test
7610,1,2608,test
142546,30,1277,test
154167,32,2896,test
15699,3,693,test
32065,6,2047,test
26039,5,1022,test
24011,4,4005,test
60545,12,2856,test
47596,9,4924,test
54665,11,1978,test
4441,0,4441,test
152643,32,1372,test
135705,28,4454,test
11671,2,1665,test
74059,15,1338,test
5243,1,241,test
150172,31,3902,test
52819,11,132,test
154321,32,3050,test
97764,20,3337,test
62749,13,47,test
67369,13,4667,test
121611,25,2162,test
82816,17,86,test
38892,7,3873,test
98627,20,4200,test
66798,13,4096,test
137704,29,1451,test
163534,34,2254,test
132165,28,914,test
83279,17,549,test
136349,29,96,test
5411,1,409,test
18977,3,3971,test
24658,4,4652,test
74646,15,1925,test
93568,19,4141,test
46674,9,4002,test
86571,18,2148,test
23097,4,3091,test
129774,27,3524,test
95788,20,1361,test
33151,6,3133,test
61096,12,3407,test
44534,9,1862,test
26648,5,1631,test
44790,9,2118,test
160997,33,4725,test
6348,1,1346,test
60580,12,2891,test
103349,21,3918,test
48377,10,692,test
62662,12,4973,test
26941,5,1924,test
95205,20,778,test
17031,3,2025,test
34846,6,4828,test
711,0,711,test
89487,19,60,test
40315,8,287,test
146819,31,549,test
34528,6,4510,test
315,0,315,test
73758,15,1037,test
150941,31,4671,test
62852,13,150,test
143300,30,2031,test
62988,13,286,test
25246,5,229,test
73297,15,576,test
14900,2,4894,test
136663,29,410,test
138421,29,2168,test
3198,0,3198,test
83173,17,443,test
41098,8,1070,test
127775,27,1525,test
121488,25,2039,test
88207,18,3784,test
54075,11,1388,test
64675,13,1973,test
69485,14,1775,test
66630,13,3928,test
11082,2,1076,test
103366,21,3935,test
162965,34,1685,test
1512,0,1512,test
68480,14,770,test
34529,6,4511,test
57675,11,4988,test
109827,23,388,test
49211,10,1526,test
28794,5,3777,test
73298,15,577,test
40532,8,504,test
4438,0,4438,test
17134,3,2128,test
11930,2,1924,test
154740,32,3469,test
74789,15,2068,test
123497,25,4048,test
92123,19,2696,test
30003,5,4986,test
78948,16,1227,test
159291,33,3019,test
155006,32,3735,test
140507,29,4254,test
6226,1,1224,test
55304,11,2617,test
110236,23,797,test
138017,29,1764,test
100153,21,722,test
84067,17,1337,test
28566,5,3549,test
64199,13,1497,test
33520,6,3502,test
132063,28,812,test
79403,16,1682,test
66126,13,3424,test
66771,13,4069,test
3454,0,3454,test
39653,7,4634,test
86507,18,2084,test
53607,11,920,test
77454,15,4733,test
82129,16,4408,test
7589,1,2587,test
2894,0,2894,test
123937,25,4488,test
9661,1,4659,test
56135,11,3448,test
106197,22,1765,test
63555,13,853,test
132181,28,930,test
65670,13,2968,test
72306,14,4596,test
108699,22,4267,test
148495,31,2225,test
95720,20,1293,test
58607,12,918,test
23361,4,3355,test
141322,30,53,test
145266,30,3997,test
88846,18,4423,test
75508,15,2787,test
163967,34,2687,test
33631,6,3613,test
108013,22,3581,test
102882,21,3451,test
14314,2,4308,test
61093,12,3404,test
26529,5,1512,test
59445,12,1756,test
111414,23,1975,test
113103,23,3664,test
119486,25,37,test
127863,27,1613,test
157304,33,1032,test
101057,21,1626,test
159264,33,2992,test
71986,14,4276,test
99904,21,473,test
87407,18,2984,test
91420,19,1993,test
15102,3,96,test
142153,30,884,test
69912,14,2202,test
105503,22,1071,test
146350,31,80,test
82469,16,4748,test
155242,32,3971,test
30039,6,21,test
46731,9,4059,test
113674,23,4235,test
78758,16,1037,test
33469,6,3451,test
74808,15,2087,test
39183,7,4164,test
547,0,547,test
126388,27,138,test
154004,32,2733,test
13805,2,3799,test
118487,24,4039,test
105306,22,874,test
49050,10,1365,test
44941,9,2269,test
7489,1,2487,test
99579,21,148,test
77290,15,4569,test
26487,5,1470,test
145901,30,4632,test
43513,9,841,test
87541,18,3118,test
62944,13,242,test
4959,0,4959,test
102896,21,3465,test
161732,34,452,test
89053,18,4630,test
98838,20,4411,test
29026,5,4009,test
105718,22,1286,test
4440,0,4440,test
82817,17,87,test
126221,26,1768,test
60369,12,2680,test
98641,20,4214,test
112094,23,2655,test
48238,10,553,test
132067,28,816,test
119150,24,4702,test
74734,15,2013,test
58322,12,633,test
145335,30,4066,test
98003,20,3576,test
85429,18,1006,test
148367,31,2097,test
7692,1,2690,test
142563,30,1294,test
83753,17,1023,test
113513,23,4074,test
140503,29,4250,test
15564,3,558,test
53074,11,387,test
88754,18,4331,test
25481,5,464,test
80069,16,2348,test
143374,30,2105,test
927,0,927,test
7591,1,2589,test
77369,15,4648,test
93998,19,4571,test
9663,1,4661,test
77908,16,187,test
152916,32,1645,test
162356,34,1076,test
147516,31,1246,test
99366,20,4939,test
41219,8,1191,test
12560,2,2554,test
93250,19,3823,test
82922,17,192,test
80500,16,2779,test
13149,2,3143,test
33517,6,3499,test
110220,23,781,test
132774,28,1523,test
60047,12,2358,test
71382,14,3672,test
132133,28,882,test
92567,19,3140,test
150203,31,3933,test
77375,15,4654,test
145337,30,4068,test
121925,25,2476,test
48546,10,861,test
37401,7,2382,test
107403,22,2971,test
74564,15,1843,test
82301,16,4580,test
69040,14,1330,test
12644,2,2638,test
105716,22,1284,test
97888,20,3461,test
18431,3,3425,test
30384,6,366,test
159753,33,3481,test
53730,11,1043,test
121591,25,2142,test
160606,33,4334,test
83739,17,1009,test
65417,13,2715,test
124407,25,4958,test
73808,15,1087,test
66842,13,4140,test
74960,15,2239,test
8012,1,3010,test
94008,19,4581,test
39604,7,4585,test
55733,11,3046,test
32067,6,2049,test
54634,11,1947,test
115140,24,692,test
143102,30,1833,test
137842,29,1589,test
116342,24,1894,test
158586,33,2314,test
12949,2,2943,test
98639,20,4212,test
127019,27,769,test
70235,14,2525,test
43341,9,669,test
72558,14,4848,test
61826,12,4137,test
64048,13,1346,test
78925,16,1204,test
136077,28,4826,test
82419,16,4698,test
88589,18,4166,test
73304,15,583,test
53642,11,955,test
75626,15,2905,test
84809,18,386,test
122885,25,3436,test
71212,14,3502,test
70654,14,2944,test
89663,19,236,test
31306,6,1288,test
3585,0,3585,test
13239,2,3233,test
82594,16,4873,test
83732,17,1002,test
149514,31,3244,test
126448,27,198,test
137120,29,867,test
12841,2,2835,test
7985,1,2983,test
144026,30,2757,test
155899,32,4628,test
15761,3,755,test
61714,12,4025,test
127206,27,956,test
108943,22,4511,test
36066,7,1047,test
144336,30,3067,test
82815,17,85,test
109106,22,4674,test
99582,21,151,test
666,0,666,test
3161,0,3161,test
118300,24,3852,test
124324,25,4875,test
34190,6,4172,test
139603,29,3350,test
105862,22,1430,test
60360,12,2671,test
100230,21,799,test
58979,12,1290,test
25971,5,954,test
66147,13,3445,test
159008,33,2736,test
144976,30,3707,test
60581,12,2892,test
556,0,556,test
11539,2,1533,test
71194,14,3484,test
94005,19,4578,test
106285,22,1853,test
143292,30,2023,test
53981,11,1294,test
113272,23,3833,test
132783,28,1532,test
69098,14,1388,test
124162,25,4713,test
155688,32,4417,test
112295,23,2856,test
28394,5,3377,test
27390,5,2373,test
82624,16,4903,test
162262,34,982,test
13705,2,3699,test
32667,6,2649,test
105899,22,1467,test
134696,28,3445,test
39697,7,4678,test
92443,19,3016,test
98942,20,4515,test
21349,4,1343,test
63153,13,451,test
68133,14,423,test
55149,11,2462,test
82940,17,210,test
155696,32,4425,test
100393,21,962,test
30119,6,101,test
107405,22,2973,test
55801,11,3114,test
73367,15,646,test
160406,33,4134,test
99051,20,4624,test
671,0,671,test
6489,1,1487,test
44641,9,1969,test
25175,5,158,test
146609,31,339,test
29890,5,4873,test
40733,8,705,test
154171,32,2900,test
57739,12,50,test
36087,7,1068,test
15150,3,144,test
38804,7,3785,test
139601,29,3348,test
40055,8,27,test
67025,13,4323,test
6765,1,1763,test
50899,10,3214,test
104247,21,4816,test
11842,2,1836,test
31102,6,1084,test
132134,28,883,test
112245,23,2806,test
135522,28,4271,test
104283,21,4852,test
26304,5,1287,test
3979,0,3979,test
77292,15,4571,test
25172,5,155,test
29801,5,4784,test
4435,0,4435,test
538,0,538,test
3392,0,3392,test
39959,7,4940,test
73939,15,1218,test
62189,12,4500,test
144681,30,3412,test
155012,32,3741,test
81068,16,3347,test
40307,8,279,test
5099,1,97,test
51355,10,3670,test
142109,30,840,test
23375,4,3369,test
133273,28,2022,test
136359,29,106,test
102977,21,3546,test
93509,19,4082,test
144189,30,2920,test
22611,4,2605,test
49121,10,1436,test
66141,13,3439,test
164654,34,3374,test
4671,0,4671,test
78238,16,517,test
112182,23,2743,test
146270,31,0,test
124402,25,4953,test
47081,9,4409,test
59615,12,1926,test
50401,10,2716,test
39655,7,4636,test
44675,9,2003,test
91750,19,2323,test
40574,8,546,test
158766,33,2494,test
125835,26,1382,test
88214,18,3791,test
37402,7,2383,test
34176,6,4158,test
36096,7,1077,test
36523,7,1504,test
99418,20,4991,test
89351,18,4928,test
86834,18,2411,test
130205,27,3955,test
102588,21,3157,test
56456,11,3769,test
104515,22,83,test
144191,30,2922,test
12648,2,2642,test
153045,32,1774,test
153047,32,1776,test
90757,19,1330,test
60294,12,2605,test
60865,12,3176,test
138536,29,2283,test
54810,11,2123,test
93765,19,4338,test
31844,6,1826,test
118884,24,4436,test
37157,7,2138,test
17323,3,2317,test
121813,25,2364,test
30125,6,107,test
150208,31,3938,test
112221,23,2782,test
119297,24,4849,test
146136,30,4867,test
32670,6,2652,test
40056,8,28,test
72857,15,136,test
54963,11,2276,test
127151,27,901,test
27405,5,2388,test
38907,7,3888,test
43083,9,411,test
127058,27,808,test
119157,24,4709,test
56163,11,3476,test
92720,19,3293,test
20566,4,560,test
58976,12,1287,test
98572,20,4145,test
100026,21,595,test
26647,5,1630,test
154745,32,3474,test
34682,6,4664,test
91397,19,1970,test
60584,12,2895,test
112325,23,2886,test
162351,34,1071,test
664,0,664,test
149424,31,3154,test
111070,23,1631,test
94565,20,138,test
69659,14,1949,test
15561,3,555,test
140506,29,4253,test
84807,18,384,test
96607,20,2180,test
149188,31,2918,test
142501,30,1232,test
88628,18,4205,test
110026,23,587,test
53639,11,952,test
161026,33,4754,test
97238,20,2811,test
81679,16,3958,test
25840,5,823,test
27379,5,2362,test
47557,9,4885,test
134586,28,3335,test
79466,16,1745,test
110635,23,1196,test
113723,23,4284,test
113321,23,3882,test
43810,9,1138,test
51475,10,3790,test
101669,21,2238,test
82591,16,4870,test
87540,18,3117,test
4688,0,4688,test
58109,12,420,test
128911,27,2661,test
134433,28,3182,test
31323,6,1305,test
1500,0,1500,test
34850,6,4832,test
157378,33,1106,test
53705,11,1018,test
2133,0,2133,test
99172,20,4745,test
23761,4,3755,test
94451,20,24,test
36650,7,1631,test
149468,31,3198,test
132613,28,1362,test
76781,15,4060,test
134119,28,2868,test
83241,17,511,test
28135,5,3118,test
18615,3,3609,test
100815,21,1384,test
61943,12,4254,test
34851,6,4833,test
108313,22,3881,test
137602,29,1349,test
59937,12,2248,test
155695,32,4424,test
67237,13,4535,test
22440,4,2434,test
157890,33,1618,test
18082,3,3076,test
539,0,539,test
37323,7,2304,test
101048,21,1617,test
95572,20,1145,test
128451,27,2201,test
60283,12,2594,test
99694,21,263,test
99108,20,4681,test
15444,3,438,test
164419,34,3139,test
149539,31,3269,test
28976,5,3959,test
85257,18,834,test
44947,9,2275,test
25207,5,190,test
9816,1,4814,test
112293,23,2854,test
57837,12,148,test
60541,12,2852,test
163001,34,1721,test
82298,16,4577,test
53161,11,474,test
82434,16,4713,test
66144,13,3442,test
90325,19,898,test
134431,28,3180,test
44900,9,2228,test
99138,20,4711,test
89894,19,467,test
162362,34,1082,test
37945,7,2926,test
102780,21,3349,test
156828,33,556,test
80503,16,2782,test
136787,29,534,test
100797,21,1366,test
112242,23,2803,test
14167,2,4161,test
108565,22,4133,test
11088,2,1082,test
57865,12,176,test
10248,2,242,test
115215,24,767,test
140504,29,4251,test
4436,0,4436,test
2359,0,2359,test
164651,34,3371,test
87745,18,3322,test
147737,31,1467,test
106628,22,2196,test
98004,20,3577,test
79249,16,1528,test
12484,2,2478,test
105875,22,1443,test
47552,9,4880,test
367,0,367,test
150206,31,3936,test
19533,3,4527,test
52328,10,4643,test
66416,13,3714,test
111239,23,1800,test
89659,19,232,test
48525,10,840,test
14318,2,4312,test
79368,16,1647,test
55643,11,2956,test
156732,33,460,test
88761,18,4338,test
2607,0,2607,test
114479,24,31,test
3396,0,3396,test
163835,34,2555,test
158404,33,2132,test
54891,11,2204,test
56864,11,4177,test
23090,4,3084,test
37321,7,2302,test
75881,15,3160,test
6225,1,1223,test
81044,16,3323,test
123320,25,3871,test
18277,3,3271,test
50601,10,2916,test
82923,17,193,test
44679,9,2007,test
79078,16,1357,test
12620,2,2614,test
120663,25,1214,test
25864,5,847,test
38323,7,3304,test
128943,27,2693,test
4509,0,4509,test
109498,23,59,test
25974,5,957,test
46704,9,4032,test
154739,32,3468,test
18595,3,3589,test
113,0,113,test
29799,5,4782,test
10215,2,209,test
69806,14,2096,test
112296,23,2857,test
35691,7,672,test
33653,6,3635,test
54452,11,1765,test
42357,8,2329,test
80705,16,2984,test
51364,10,3679,test
40577,8,549,test
147087,31,817,test
98457,20,4030,test
87748,18,3325,test
30501,6,483,test
12823,2,2817,test
149882,31,3612,test
72309,14,4599,test
124230,25,4781,test
92408,19,2981,test
55864,11,3177,test
130252,27,4002,test
123606,25,4157,test
26516,5,1499,test
144203,30,2934,test
86016,18,1593,test
78549,16,828,test
11175,2,1169,test
148580,31,2310,test
27877,5,2860,test
93819,19,4392,test
74799,15,2078,test
40641,8,613,test
3166,0,3166,test
161552,34,272,test
92352,19,2925,test
80523,16,2802,test
40572,8,544,test
158822,33,2550,test
62663,12,4974,test
45895,9,3223,test
98055,20,3628,test
91935,19,2508,test
21426,4,1420,test
13711,2,3705,test
76786,15,4065,test
118804,24,4356,test
147090,31,820,test
149106,31,2836,test
1377,0,1377,test
18429,3,3423,test
152576,32,1305,test
135332,28,4081,test
41350,8,1322,test
118488,24,4040,test
54071,11,1384,test
52378,10,4693,test
38752,7,3733,test
105238,22,806,test
159803,33,3531,test
66382,13,3680,test
21090,4,1084,test
88682,18,4259,test
27391,5,2374,test
147957,31,1687,test
128458,27,2208,test
97762,20,3335,test
25248,5,231,test
20333,4,327,test
106855,22,2423,test
118303,24,3855,test
90562,19,1135,test
146181,30,4912,test
57496,11,4809,test
40816,8,788,test
122737,25,3288,test
163283,34,2003,test
107892,22,3460,test
3263,0,3263,test
13607,2,3601,test
143762,30,2493,test
40320,8,292,test
86768,18,2345,test
89268,18,4845,test
24372,4,4366,test
148574,31,2304,test
54865,11,2178,test
72460,14,4750,test
73173,15,452,test
83287,17,557,test
18172,3,3166,test
42046,8,2018,test
92086,19,2659,test
12637,2,2631,test
164410,34,3130,test
14969,2,4963,test
133276,28,2025,test
116668,24,2220,test
104098,21,4667,test
78552,16,831,test
118009,24,3561,test
50400,10,2715,test
49046,10,1361,test
52891,11,204,test
13223,2,3217,test
23969,4,3963,test
110731,23,1292,test
63571,13,869,test
9371,1,4369,test
133677,28,2426,test
