source_partition,db_path,db_file,size_bytes,mtime_utc,sqlite_readable,schema_sha256,db_fingerprint_sha256,scenario_tag_count,unique_scenario_token_count,token_set_sha256,log_count,log_ids,locations,map_versions,map_compatible,status,error
mini,/Users/liuqing/Projects/01_E2E_QA_Code/nuplan/dataset/data/cache/mini/2021.05.12.22.00.38_veh-35_01008_01518.db,2021.05.12.22.00.38_veh-35_01008_01518.db,336044032,2022-09-23T05:45:46+00:00,True,bb9292e2ba0ac6dd0635e44292adac8a3830c7282c2f1f8cd8eb399f76931bd2,a0eb28569c4fc9e2c3b058408d0d931126a2cedc6a0246ac288268133e990164,13812,6462,085ae9f0c9160bcc8e6a3069f1bf5fad6e199edac128cc726808b3b0862f7540,1,2021.05.12.22.00.38_veh-35_01008_01518,las_vegas,us-nv-las-vegas-strip,True,READY,
mini,/Users/liuqing/Projects/01_E2E_QA_Code/nuplan/dataset/data/cache/mini/2021.05.12.22.28.35_veh-35_00620_01164.db,2021.05.12.22.28.35_veh-35_00620_01164.db,344469504,2022-09-23T05:45:46+00:00,True,bb9292e2ba0ac6dd0635e44292adac8a3830c7282c2f1f8cd8eb399f76931bd2,7d412827f66fa5b72814d21d313a4aae38cdcaa042b696d7dffc39b0fb8c8623,21677,7825,99416952155653453ffafdafb9b30aae9eb4f3d58db2eefe39688e2aeb34f46a,1,2021.05.12.22.28.35_veh-35_00620_01164,las_vegas,us-nv-las-vegas-strip,True,READY,
mini,/Users/liuqing/Projects/01_E2E_QA_Code/nuplan/dataset/data/cache/mini/2021.05.12.23.36.44_veh-35_00152_00504.db,2021.05.12.23.36.44_veh-35_00152_00504.db,241618944,2022-09-23T05:45:46+00:00,True,bb9292e2ba0ac6dd0635e44292adac8a3830c7282c2f1f8cd8eb399f76931bd2,5abed9f3b4a42b2d0ba809d791c9a76ef7a9e18cc206eedb4ea4eb0f0d6618ca,10488,4584,c5f5066cf695a6324a34f902c94d8e5e9438243d35dceac94aec3b5cdf8f9eee,1,2021.05.12.23.36.44_veh-35_00152_00504,las_vegas,us-nv-las-vegas-strip,True,READY,
mini,/Users/liuqing/Projects/01_E2E_QA_Code/nuplan/dataset/data/cache/mini/2021.05.12.23.36.44_veh-35_01133_01535.db,2021.05.12.23.36.44_veh-35_01133_01535.db,195244032,2022-09-23T05:45:47+00:00,True,bb9292e2ba0ac6dd0635e44292adac8a3830c7282c2f1f8cd8eb399f76931bd2,e4df9c736b4b49eb072b5af541f7072eba4c05c16265b12a34c71c8110f9bfd6,15792,6124,db58d11017f0ef60d2125e9fd856f82ff22fdfcbd15565799f8b8d803b9a4a46,1,2021.05.12.23.36.44_veh-35_01133_01535,las_vegas,us-nv-las-vegas-strip,True,READY,
mini,/Users/liuqing/Projects/01_E2E_QA_Code/nuplan/dataset/data/cache/mini/2021.05.12.23.36.44_veh-35_02035_02387.db,2021.05.12.23.36.44_veh-35_02035_02387.db,257826816,2022-09-23T05:45:47+00:00,True,bb9292e2ba0ac6dd0635e44292adac8a3830c7282c2f1f8cd8eb399f76931bd2,462df859f4dbec963b538da914efc7b8ab2ede829912f2e69781581d6fde9f8f,10481,4591,c87513d3f3746560dcd1497d37295e9a1ef66031cda917d2ce8473c018029336,1,2021.05.12.23.36.44_veh-35_02035_02387,las_vegas,us-nv-las-vegas-strip,True,READY,
mini,/Users/liuqing/Projects/01_E2E_QA_Code/nuplan/dataset/data/cache/mini/2021.05.25.14.16.10_veh-35_01690_02183.db,2021.05.25.14.16.10_veh-35_01690_02183.db,345374720,2022-09-23T05:46:14+00:00,True,bb9292e2ba0ac6dd0635e44292adac8a3830c7282c2f1f8cd8eb399f76931bd2,948656dcdaa4095c76a5e06571c5f6d0cd52982dd12f21b16fc995861ea2c858,20724,8039,ed6fa36b3c26c92814a8b268eb639e0b5bf3a4d1d1831f29bbce1a7b672c7df5,1,2021.05.25.14.16.10_veh-35_01690_02183,las_vegas,us-nv-las-vegas-strip,True,READY,
mini,/Users/liuqing/Projects/01_E2E_QA_Code/nuplan/dataset/data/cache/mini/2021.06.03.12.02.06_veh-35_00233_00609.db,2021.06.03.12.02.06_veh-35_00233_00609.db,173629440,2022-09-23T05:46:52+00:00,True,bb9292e2ba0ac6dd0635e44292adac8a3830c7282c2f1f8cd8eb399f76931bd2,2e6fd1b6027c58b3ca884c0b02085ceede1055c14ba4eca2b4a8c1adfb93ee5c,9866,5648,c631daf6d8639dd3e43b4cb58b7d63bf3f460cb9888ca68bc8cb66a53eb6fb25,1,2021.06.03.12.02.06_veh-35_00233_00609,las_vegas,us-nv-las-vegas-strip,True,READY,
mini,/Users/liuqing/Projects/01_E2E_QA_Code/nuplan/dataset/data/cache/mini/2021.06.03.13.55.17_veh-35_00073_00426.db,2021.06.03.13.55.17_veh-35_00073_00426.db,253247488,2022-09-23T05:46:54+00:00,True,bb9292e2ba0ac6dd0635e44292adac8a3830c7282c2f1f8cd8eb399f76931bd2,8951369712de22204277cadb4811b4d0cabd58c14888f91e76f0c8f4a99cb7ce,10251,5399,cb77a2bfdc82819a5787037621421426fd841c23067eafd7c59a5a25def74c9a,1,2021.06.03.13.55.17_veh-35_00073_00426,las_vegas,us-nv-las-vegas-strip,True,READY,
mini,/Users/liuqing/Projects/01_E2E_QA_Code/nuplan/dataset/data/cache/mini/2021.06.07.12.54.00_veh-35_01843_02314.db,2021.06.07.12.54.00_veh-35_01843_02314.db,289275904,2022-09-23T05:47:02+00:00,True,bb9292e2ba0ac6dd0635e44292adac8a3830c7282c2f1f8cd8eb399f76931bd2,d6e50d5a75a827b1b5b167ca47a6b0daeb3515cf5243f1cc019c54c74fe0e0b6,13484,7172,708a5cbc54efb0a8d54fe8d01ce46717a222f1cd9b93a63fb726135d3e423086,1,2021.06.07.12.54.00_veh-35_01843_02314,las_vegas,us-nv-las-vegas-strip,True,READY,
mini,/Users/liuqing/Projects/01_E2E_QA_Code/nuplan/dataset/data/cache/mini/2021.06.07.18.53.26_veh-26_00005_00427.db,2021.06.07.18.53.26_veh-26_00005_00427.db,284086272,2022-09-23T05:47:06+00:00,True,bb9292e2ba0ac6dd0635e44292adac8a3830c7282c2f1f8cd8eb399f76931bd2,1c3619dd72e78d403d74763b9e9a052bc26930a8910800fb08b431cbb845d3f1,16891,7100,75f975c5173727307623de7ef1da17d815248e80354c801ca0de9095f6a9921b,1,2021.06.07.18.53.26_veh-26_00005_00427,las_vegas,us-nv-las-vegas-strip,True,READY,
mini,/Users/liuqing/Projects/01_E2E_QA_Code/nuplan/dataset/data/cache/mini/2021.06.08.12.54.54_veh-26_04262_04732.db,2021.06.08.12.54.54_veh-26_04262_04732.db,331657216,2022-09-23T05:47:08+00:00,True,bb9292e2ba0ac6dd0635e44292adac8a3830c7282c2f1f8cd8eb399f76931bd2,f968523b3d1c5d86523f50132ba3cccb240f715a1fb0aef522d46d4c40b973cf,15887,7958,2ab288c649ce5d8e4dc8658dd5c931bd6bc5ef6ad3ef252d6e6d1da418c48c1a,1,2021.06.08.12.54.54_veh-26_04262_04732,las_vegas,us-nv-las-vegas-strip,True,READY,
mini,/Users/liuqing/Projects/01_E2E_QA_Code/nuplan/dataset/data/cache/mini/2021.06.08.14.35.24_veh-26_02555_03004.db,2021.06.08.14.35.24_veh-26_02555_03004.db,188420096,2022-09-23T05:47:10+00:00,True,bb9292e2ba0ac6dd0635e44292adac8a3830c7282c2f1f8cd8eb399f76931bd2,3a3c8e3a5b840cd833d1981b70fe16ff70f7a2028306cfbb27c85752de0eb0ca,16110,7393,23e288183ff8cbb9a743fd98f9cf9d3e4e5d0645e35656144381f92c9d272281,1,2021.06.08.14.35.24_veh-26_02555_03004,las_vegas,us-nv-las-vegas-strip,True,READY,
mini,/Users/liuqing/Projects/01_E2E_QA_Code/nuplan/dataset/data/cache/mini/2021.06.08.16.31.33_veh-38_01589_02072.db,2021.06.08.16.31.33_veh-38_01589_02072.db,348114944,2022-09-23T05:29:47+00:00,True,bb9292e2ba0ac6dd0635e44292adac8a3830c7282c2f1f8cd8eb399f76931bd2,9f56ca56f595558b215371702ba809dbdaaf04a5ccca5507f209de5475c4013b,16673,7287,e10a5a917bc5a8aa2ecf325fb872407ae4f0842c467d2703bcfe18c1833242d0,1,2021.06.08.16.31.33_veh-38_01589_02072,las_vegas,us-nv-las-vegas-strip,True,READY,
mini,/Users/liuqing/Projects/01_E2E_QA_Code/nuplan/dataset/data/cache/mini/2021.06.09.11.54.15_veh-12_04366_04810.db,2021.06.09.11.54.15_veh-12_04366_04810.db,222048256,2022-09-23T05:47:14+00:00,True,bb9292e2ba0ac6dd0635e44292adac8a3830c7282c2f1f8cd8eb399f76931bd2,5c930ee5ab63789e573a46c18d101db61d9de9a8467ba24d0f97dfb34816159c,13720,5934,f8caff05000ade53e722208112b765fca5de6356c13e8d42e48947a2e2e0107c,1,2021.06.09.11.54.15_veh-12_04366_04810,las_vegas,us-nv-las-vegas-strip,True,READY,
mini,/Users/liuqing/Projects/01_E2E_QA_Code/nuplan/dataset/data/cache/mini/2021.06.09.12.39.51_veh-26_01943_02303.db,2021.06.09.12.39.51_veh-26_01943_02303.db,177565696,2022-09-23T05:29:49+00:00,True,bb9292e2ba0ac6dd0635e44292adac8a3830c7282c2f1f8cd8eb399f76931bd2,1b890447b0132d2118c77c0468c79a5710e472df0bfecf7bf4101a7b59dc8f51,13197,5684,3617939121416efa4e9f4e2aa7f79756bf83b43a55e6dd0833d470749f773bc2,1,2021.06.09.12.39.51_veh-26_01943_02303,las_vegas,us-nv-las-vegas-strip,True,READY,
mini,/Users/liuqing/Projects/01_E2E_QA_Code/nuplan/dataset/data/cache/mini/2021.06.09.12.39.51_veh-26_05620_06003.db,2021.06.09.12.39.51_veh-26_05620_06003.db,273944576,2022-09-23T05:29:50+00:00,True,bb9292e2ba0ac6dd0635e44292adac8a3830c7282c2f1f8cd8eb399f76931bd2,8b55c48aa7d6bb9a6e33afee1b20d1cfc97fdc573daac82e8be7b6ac36f20566,18103,6692,190564e4e177cba40843b22daba03bb3a970b0d9567dead4df8d387455b76018,1,2021.06.09.12.39.51_veh-26_05620_06003,las_vegas,us-nv-las-vegas-strip,True,READY,
mini,/Users/liuqing/Projects/01_E2E_QA_Code/nuplan/dataset/data/cache/mini/2021.06.09.14.03.17_veh-12_02584_02970.db,2021.06.09.14.03.17_veh-12_02584_02970.db,307163136,2022-09-23T05:29:51+00:00,True,bb9292e2ba0ac6dd0635e44292adac8a3830c7282c2f1f8cd8eb399f76931bd2,189f345c84b352d90cb6d2b37a6439a01d35b4ae0bb817ae1f5f0e52baddb775,25000,6138,14fb857ca3e7fcc47525fadf4d532d40f8c21fb0b45d6631562d0329bf0d0cbd,1,2021.06.09.14.03.17_veh-12_02584_02970,las_vegas,us-nv-las-vegas-strip,True,READY,
mini,/Users/liuqing/Projects/01_E2E_QA_Code/nuplan/dataset/data/cache/mini/2021.06.09.14.58.55_veh-35_01095_01484.db,2021.06.09.14.58.55_veh-35_01095_01484.db,328765440,2022-09-23T05:47:17+00:00,True,bb9292e2ba0ac6dd0635e44292adac8a3830c7282c2f1f8cd8eb399f76931bd2,2930362f55f99dfc0a88b729dcae9e0fa3730bc4cb2cbf8a5b6d881e9ff3b8e9,14644,6943,914de35ec20ef4dbc57a530a346f72bb78b78217347bcd08c1c00a1e5da602eb,1,2021.06.09.14.58.55_veh-35_01095_01484,las_vegas,us-nv-las-vegas-strip,True,READY,
mini,/Users/liuqing/Projects/01_E2E_QA_Code/nuplan/dataset/data/cache/mini/2021.06.09.14.58.55_veh-35_01894_02311.db,2021.06.09.14.58.55_veh-35_01894_02311.db,241778688,2022-09-23T05:47:17+00:00,True,bb9292e2ba0ac6dd0635e44292adac8a3830c7282c2f1f8cd8eb399f76931bd2,28bcff2a697640f09add4a7eb0c33a710fb3f79a8cc6132f780f8d3814e7fc5d,11899,5816,ff9cd922017b7d80c75bd80028e0966d06201fbda1bce6916774130b22547b79,1,2021.06.09.14.58.55_veh-35_01894_02311,las_vegas,us-nv-las-vegas-strip,True,READY,
mini,/Users/liuqing/Projects/01_E2E_QA_Code/nuplan/dataset/data/cache/mini/2021.06.09.17.23.18_veh-38_00773_01140.db,2021.06.09.17.23.18_veh-38_00773_01140.db,204587008,2022-09-23T05:47:18+00:00,True,bb9292e2ba0ac6dd0635e44292adac8a3830c7282c2f1f8cd8eb399f76931bd2,68a7d025d581ce5a40ff26f26898fb38cb5323c6167fa3db6a33391a932a3923,8073,5758,98b11f6d70d75bdee0936fac064a8fbb64b73026a8438c72074e55697d205f7a,1,2021.06.09.17.23.18_veh-38_00773_01140,las_vegas,us-nv-las-vegas-strip,True,READY,
mini,/Users/liuqing/Projects/01_E2E_QA_Code/nuplan/dataset/data/cache/mini/2021.06.09.17.23.18_veh-38_02526_03027.db,2021.06.09.17.23.18_veh-38_02526_03027.db,367718400,2022-09-23T05:47:18+00:00,True,bb9292e2ba0ac6dd0635e44292adac8a3830c7282c2f1f8cd8eb399f76931bd2,56869b46373f63190d657af45459112c5d9b162bd9137d33f5a923ea3938952d,18698,8679,67ca689bf8cf1b307a7e763c696a1bb5141560c5c0052bfa4ea5213683623b57,1,2021.06.09.17.23.18_veh-38_02526_03027,las_vegas,us-nv-las-vegas-strip,True,READY,
mini,/Users/liuqing/Projects/01_E2E_QA_Code/nuplan/dataset/data/cache/mini/2021.06.09.17.37.09_veh-12_00404_00864.db,2021.06.09.17.37.09_veh-12_00404_00864.db,348061696,2022-09-23T05:47:19+00:00,True,bb9292e2ba0ac6dd0635e44292adac8a3830c7282c2f1f8cd8eb399f76931bd2,3fb0ab84e22c68801e0a4e839388285d52a83575890cdd91e7c730c090eb13bc,23928,5991,df4a200652cb60a73a6cf6421a23c023a2c65b2aa7e22366e9335db0f4796c8d,1,2021.06.09.17.37.09_veh-12_00404_00864,las_vegas,us-nv-las-vegas-strip,True,READY,
mini,/Users/liuqing/Projects/01_E2E_QA_Code/nuplan/dataset/data/cache/mini/2021.06.14.16.32.09_veh-35_05038_05402.db,2021.06.14.16.32.09_veh-35_05038_05402.db,334794752,2022-09-23T05:47:46+00:00,True,bb9292e2ba0ac6dd0635e44292adac8a3830c7282c2f1f8cd8eb399f76931bd2,4e62cebc6c0661a69adf420df30204ef39d0e69b5f34ab0d7dfa6d3d4d6704d1,18806,6716,6cc92783cd1b0c7f4186c0e267e675a43f4dad475cd812b959397672934c9516,1,2021.06.14.16.32.09_veh-35_05038_05402,las_vegas,us-nv-las-vegas-strip,True,READY,
mini,/Users/liuqing/Projects/01_E2E_QA_Code/nuplan/dataset/data/cache/mini/2021.06.14.16.48.02_veh-12_04057_04438.db,2021.06.14.16.48.02_veh-12_04057_04438.db,261627904,2022-09-23T05:47:47+00:00,True,bb9292e2ba0ac6dd0635e44292adac8a3830c7282c2f1f8cd8eb399f76931bd2,8a0502d53d2a5adf937003dfdc95e9c87853d1d6a9dfcd7333c70e1207d822b6,18166,6679,a8ad34dcf57b1b0e8ecb32e1dd8302c2f6cacd8d7a56f6ab30235aa0e4ceaa00,1,2021.06.14.16.48.02_veh-12_04057_04438,las_vegas,us-nv-las-vegas-strip,True,READY,
mini,/Users/liuqing/Projects/01_E2E_QA_Code/nuplan/dataset/data/cache/mini/2021.06.14.16.48.02_veh-12_04978_05337.db,2021.06.14.16.48.02_veh-12_04978_05337.db,218017792,2022-09-23T05:47:47+00:00,True,bb9292e2ba0ac6dd0635e44292adac8a3830c7282c2f1f8cd8eb399f76931bd2,f6b24a2b994f6c53dbfbc3f8eae483b83a29bb5d93b8e53716002f75e79d18c5,8798,5455,0213f8e776e2c77c343e06ed22ccf8e3da77087215486d7228232b1b3a5f81e2,1,2021.06.14.16.48.02_veh-12_04978_05337,las_vegas,us-nv-las-vegas-strip,True,READY,
mini,/Users/liuqing/Projects/01_E2E_QA_Code/nuplan/dataset/data/cache/mini/2021.06.14.17.26.26_veh-38_04544_04920.db,2021.06.14.17.26.26_veh-38_04544_04920.db,299728896,2022-09-23T05:30:06+00:00,True,bb9292e2ba0ac6dd0635e44292adac8a3830c7282c2f1f8cd8eb399f76931bd2,18d10b26f4b470e8457df5bd0861cb9154287fcfd2f0b7a40f471f8574e6d67c,9268,5930,87b25e685e50597b4287c3d62923916ebc9e37603f02d2892d9c2fb56a96db82,1,2021.06.14.17.26.26_veh-38_04544_04920,las_vegas,us-nv-las-vegas-strip,True,READY,
mini,/Users/liuqing/Projects/01_E2E_QA_Code/nuplan/dataset/data/cache/mini/2021.06.14.18.33.41_veh-35_03901_04264.db,2021.06.14.18.33.41_veh-35_03901_04264.db,192028672,2022-09-23T05:47:48+00:00,True,bb9292e2ba0ac6dd0635e44292adac8a3830c7282c2f1f8cd8eb399f76931bd2,e73d3dc41a8d08afcda555cfac84c8cd91f952bec90ece70181f5b3beb5b2189,9196,4934,e34a87b07c257a16d36bf97e0e119595e55fc126fc9a9cfcd60d28036a2e03a0,1,2021.06.14.18.33.41_veh-35_03901_04264,las_vegas,us-nv-las-vegas-strip,True,READY,
mini,/Users/liuqing/Projects/01_E2E_QA_Code/nuplan/dataset/data/cache/mini/2021.06.14.18.42.45_veh-12_03445_03902.db,2021.06.14.18.42.45_veh-12_03445_03902.db,305487872,2022-09-23T05:47:49+00:00,True,bb9292e2ba0ac6dd0635e44292adac8a3830c7282c2f1f8cd8eb399f76931bd2,530b133be15d7d8399c18152e47bed88b6517a5dcd1ed83e65703193fe7a68aa,22014,8182,ea0d23cf68e66790f56b13dfe5dd63441f6c8ce2924c03976f62b22b86aacca9,1,2021.06.14.18.42.45_veh-12_03445_03902,las_vegas,us-nv-las-vegas-strip,True,READY,
mini,/Users/liuqing/Projects/01_E2E_QA_Code/nuplan/dataset/data/cache/mini/2021.06.14.19.22.11_veh-38_01480_01860.db,2021.06.14.19.22.11_veh-38_01480_01860.db,226721792,2022-09-23T05:47:49+00:00,True,bb9292e2ba0ac6dd0635e44292adac8a3830c7282c2f1f8cd8eb399f76931bd2,33f71d96fff5ee3259699bd7cadbd2f2ac76915293e3a577f259b9bbea0b84bb,15446,6330,895517b47e68304404a6544f9e69968ca43314b477bd73921ca01233ee9cd726,1,2021.06.14.19.22.11_veh-38_01480_01860,las_vegas,us-nv-las-vegas-strip,True,READY,
mini,/Users/liuqing/Projects/01_E2E_QA_Code/nuplan/dataset/data/cache/mini/2021.06.23.15.56.12_veh-16_00839_01285.db,2021.06.23.15.56.12_veh-16_00839_01285.db,242876416,2022-09-23T05:48:06+00:00,True,bb9292e2ba0ac6dd0635e44292adac8a3830c7282c2f1f8cd8eb399f76931bd2,8f446887df7ff26cf39c56fbce23750adb8990bf695d3d0fba5146733c1afcbe,9586,6623,1893b5ff3fd8d4ad66f5968c8ef6a3a56f0bd8fb0709bfb8c1c180b186ee02b6,1,2021.06.23.15.56.12_veh-16_00839_01285,las_vegas,us-nv-las-vegas-strip,True,READY,
mini,/Users/liuqing/Projects/01_E2E_QA_Code/nuplan/dataset/data/cache/mini/2021.06.23.16.54.19_veh-35_00808_01256.db,2021.06.23.16.54.19_veh-35_00808_01256.db,265089024,2022-09-23T05:48:07+00:00,True,bb9292e2ba0ac6dd0635e44292adac8a3830c7282c2f1f8cd8eb399f76931bd2,fbdd235cb33cf187c263602d4ccc930fb57b19e23fc37bdb77c5f1f201371e1b,12379,6848,3b7dcf7e709fc6143241aa11f3b589639ebd72153d109569f606b55d90ba37e0,1,2021.06.23.16.54.19_veh-35_00808_01256,las_vegas,us-nv-las-vegas-strip,True,READY,
mini,/Users/liuqing/Projects/01_E2E_QA_Code/nuplan/dataset/data/cache/mini/2021.06.23.17.31.36_veh-16_00016_00377.db,2021.06.23.17.31.36_veh-16_00016_00377.db,218189824,2022-09-23T05:48:07+00:00,True,bb9292e2ba0ac6dd0635e44292adac8a3830c7282c2f1f8cd8eb399f76931bd2,0b8fab69604ba354148ef717f532c06a48f806dcd6cdf32f422acb43278ad4e6,15942,6325,75a61649416c05c35472295c9f5e9a761d0148c77e60a891b5ae410f0914593b,1,2021.06.23.17.31.36_veh-16_00016_00377,las_vegas,us-nv-las-vegas-strip,True,READY,
mini,/Users/liuqing/Projects/01_E2E_QA_Code/nuplan/dataset/data/cache/mini/2021.06.23.20.43.31_veh-16_03607_04007.db,2021.06.23.20.43.31_veh-16_03607_04007.db,336478208,2022-09-23T05:30:13+00:00,True,bb9292e2ba0ac6dd0635e44292adac8a3830c7282c2f1f8cd8eb399f76931bd2,d18f1cb44101aba261cd67700c8296a5c4a614a01976dc2e1fe5081863132164,0,0,e3b0c44298fc1c149afbf4c8996fb92427ae41e4649b934ca495991b7852b855,1,2021.06.23.20.43.31_veh-16_03607_04007,las_vegas,us-nv-las-vegas-strip,True,READY,
mini,/Users/liuqing/Projects/01_E2E_QA_Code/nuplan/dataset/data/cache/mini/2021.06.28.15.02.02_veh-38_02398_02848.db,2021.06.28.15.02.02_veh-38_02398_02848.db,196005888,2022-09-23T05:48:15+00:00,True,bb9292e2ba0ac6dd0635e44292adac8a3830c7282c2f1f8cd8eb399f76931bd2,47ca9694076931314a46288c759a4c40221c13fed9e5e8fc29cb7da8405c79c0,13514,6458,019582074c686c951afb156f0e1a5abdf849e14b8818f8ee01185b54232a12b3,1,2021.06.28.15.02.02_veh-38_02398_02848,las_vegas,us-nv-las-vegas-strip,True,READY,
mini,/Users/liuqing/Projects/01_E2E_QA_Code/nuplan/dataset/data/cache/mini/2021.06.28.16.29.11_veh-38_01415_01821.db,2021.06.28.16.29.11_veh-38_01415_01821.db,275554304,2022-09-23T05:48:16+00:00,True,bb9292e2ba0ac6dd0635e44292adac8a3830c7282c2f1f8cd8eb399f76931bd2,8301cf667d7e08d394ba9832d51c3308a9d9b0627181a01dad7cf08053795c0d,13076,6484,407a3192614a5695f72e47c07d7020100d055de8696129cc1377336035443e0e,1,2021.06.28.16.29.11_veh-38_01415_01821,las_vegas,us-nv-las-vegas-strip,True,READY,
mini,/Users/liuqing/Projects/01_E2E_QA_Code/nuplan/dataset/data/cache/mini/2021.06.28.16.29.11_veh-38_03263_03766.db,2021.06.28.16.29.11_veh-38_03263_03766.db,260046848,2022-09-23T05:48:17+00:00,True,bb9292e2ba0ac6dd0635e44292adac8a3830c7282c2f1f8cd8eb399f76931bd2,a7af99eb740d02570852bfce71ffd4de51988a20ca42a4b63af59a9e72b7b804,17083,8213,9752db7f766019da7472c639fc11acc6fca5513c7422c9a7f142a4aee7e57ad1,1,2021.06.28.16.29.11_veh-38_03263_03766,las_vegas,us-nv-las-vegas-strip,True,READY,
mini,/Users/liuqing/Projects/01_E2E_QA_Code/nuplan/dataset/data/cache/mini/2021.06.28.16.57.59_veh-26_00016_00484.db,2021.06.28.16.57.59_veh-26_00016_00484.db,263745536,2022-09-23T05:48:17+00:00,True,bb9292e2ba0ac6dd0635e44292adac8a3830c7282c2f1f8cd8eb399f76931bd2,b066717a0ed275048ae6d16aa451dfef3cf72a8c802b66ae320632193841b4e5,15735,7252,29221c6486b08e13a4e9a223c2c65b22c0802336faefde224d8f1a57985f4927,1,2021.06.28.16.57.59_veh-26_00016_00484,las_vegas,us-nv-las-vegas-strip,True,READY,
mini,/Users/liuqing/Projects/01_E2E_QA_Code/nuplan/dataset/data/cache/mini/2021.07.09.17.06.37_veh-35_00258_00748.db,2021.07.09.17.06.37_veh-35_00258_00748.db,270643200,2022-09-23T05:48:48+00:00,True,bb9292e2ba0ac6dd0635e44292adac8a3830c7282c2f1f8cd8eb399f76931bd2,e8d711c3de9b620bbb57f98416995d1ba772e443acb454b5c3d3519663a94c57,19992,7869,63b359316ff96bdc67859b71679a317a777b924998aba035ea19e0b6006e5e07,1,2021.07.09.17.06.37_veh-35_00258_00748,las_vegas,us-nv-las-vegas-strip,True,READY,
mini,/Users/liuqing/Projects/01_E2E_QA_Code/nuplan/dataset/data/cache/mini/2021.07.09.20.59.12_veh-38_01208_01692.db,2021.07.09.20.59.12_veh-38_01208_01692.db,296345600,2022-09-23T05:30:15+00:00,True,bb9292e2ba0ac6dd0635e44292adac8a3830c7282c2f1f8cd8eb399f76931bd2,db76747c38327b4b84ad2b72fd9f6e40a6e3fb48249e128bbf7002b297b71140,12279,7629,5f3ba336528a5dcc50b268176381caf9c7da426c3398d663afd268f408b61a5d,1,2021.07.09.20.59.12_veh-38_01208_01692,las_vegas,us-nv-las-vegas-strip,True,READY,
mini,/Users/liuqing/Projects/01_E2E_QA_Code/nuplan/dataset/data/cache/mini/2021.07.16.00.51.05_veh-17_01352_01901.db,2021.07.16.00.51.05_veh-17_01352_01901.db,431718400,2022-09-23T05:49:00+00:00,True,bb9292e2ba0ac6dd0635e44292adac8a3830c7282c2f1f8cd8eb399f76931bd2,3ccae4b368e92de4cc013f571f72b3b819f5a6bbc4504068238c735fd849e11e,16897,7881,fa51cf01d917c9f18b93ad566659d7fd0b62c76579266d06a45280637ad3e1cd,1,2021.07.16.00.51.05_veh-17_01352_01901,las_vegas,us-nv-las-vegas-strip,True,READY,
mini,/Users/liuqing/Projects/01_E2E_QA_Code/nuplan/dataset/data/cache/mini/2021.07.16.18.06.21_veh-38_03231_03712.db,2021.07.16.18.06.21_veh-38_03231_03712.db,302292992,2022-09-23T05:49:02+00:00,True,bb9292e2ba0ac6dd0635e44292adac8a3830c7282c2f1f8cd8eb399f76931bd2,1e2751c56574904121d6829ff14af5357586e2506e5cd5aeb23ba2b6f82fb6bd,23453,7864,a55945e433d9e6cadfffcf2741abbccecebc5b25b45bcc3ace20ac892dd556e1,1,2021.07.16.18.06.21_veh-38_03231_03712,las_vegas,us-nv-las-vegas-strip,True,READY,
mini,/Users/liuqing/Projects/01_E2E_QA_Code/nuplan/dataset/data/cache/mini/2021.07.16.18.06.21_veh-38_04471_04922.db,2021.07.16.18.06.21_veh-38_04471_04922.db,258076672,2022-09-23T05:49:02+00:00,True,bb9292e2ba0ac6dd0635e44292adac8a3830c7282c2f1f8cd8eb399f76931bd2,27758c114c36e120aadf9590154340283b91cf117ab3ada09814cbf59c43c4fd,14918,7278,d795476f3e47d2b500e725e7fb4c9ee628bbfd8a4e2456a17c69bae8be98755d,1,2021.07.16.18.06.21_veh-38_04471_04922,las_vegas,us-nv-las-vegas-strip,True,READY,
mini,/Users/liuqing/Projects/01_E2E_QA_Code/nuplan/dataset/data/cache/mini/2021.07.16.18.06.21_veh-38_04933_05307.db,2021.07.16.18.06.21_veh-38_04933_05307.db,354758656,2022-09-23T05:49:02+00:00,True,bb9292e2ba0ac6dd0635e44292adac8a3830c7282c2f1f8cd8eb399f76931bd2,0a6d308c60a00a22ee6adcfc0f4a4c9d63a9c71a87a90996aa94f9c6590480f6,22683,6224,02f017156683e01fa0925fb9da6fcc6b0b90b641f4b817a3a4cf75aa28f3a7e8,1,2021.07.16.18.06.21_veh-38_04933_05307,las_vegas,us-nv-las-vegas-strip,True,READY,
mini,/Users/liuqing/Projects/01_E2E_QA_Code/nuplan/dataset/data/cache/mini/2021.07.16.18.19.22_veh-35_00440_00858.db,2021.07.16.18.19.22_veh-35_00440_00858.db,296091648,2022-09-23T05:49:03+00:00,True,bb9292e2ba0ac6dd0635e44292adac8a3830c7282c2f1f8cd8eb399f76931bd2,7bf8d405a71ee01877c7c2532ed2f2ffaea08cf636d21ad216e2780457ece614,23339,6737,1ce904f99cfa09cdd52a6196af56d1324ad8ec3d78cb9b2a701fa3b98e80b83d,1,2021.07.16.18.19.22_veh-35_00440_00858,las_vegas,us-nv-las-vegas-strip,True,READY,
mini,/Users/liuqing/Projects/01_E2E_QA_Code/nuplan/dataset/data/cache/mini/2021.07.16.20.45.29_veh-35_00600_01084.db,2021.07.16.20.45.29_veh-35_00600_01084.db,412368896,2022-09-23T05:49:03+00:00,True,bb9292e2ba0ac6dd0635e44292adac8a3830c7282c2f1f8cd8eb399f76931bd2,47a3962d90fab01cd0893953c30f996a968d504c2a673f4e9d3ddacff86572e8,31452,8830,dbf199ebaefe6345bd44d9cbeeee4b4d714131de9146c6aabee9132ae700a242,1,2021.07.16.20.45.29_veh-35_00600_01084,las_vegas,us-nv-las-vegas-strip,True,READY,
mini,/Users/liuqing/Projects/01_E2E_QA_Code/nuplan/dataset/data/cache/mini/2021.07.16.20.45.29_veh-35_01095_01486.db,2021.07.16.20.45.29_veh-35_01095_01486.db,192548864,2022-09-23T05:49:03+00:00,True,bb9292e2ba0ac6dd0635e44292adac8a3830c7282c2f1f8cd8eb399f76931bd2,bd912ac45bf795bba305887c95c7dd571dab94fbf0fdc3987c7dd475609e48bf,10053,5162,663791ed5b8fd4c6f65be3f8911e0a248604b15ccd6cd8d3691a99801c0ff1da,1,2021.07.16.20.45.29_veh-35_01095_01486,las_vegas,us-nv-las-vegas-strip,True,READY,
mini,/Users/liuqing/Projects/01_E2E_QA_Code/nuplan/dataset/data/cache/mini/2021.07.24.20.37.45_veh-17_00015_00375.db,2021.07.24.20.37.45_veh-17_00015_00375.db,247468032,2022-09-23T05:49:37+00:00,True,bb9292e2ba0ac6dd0635e44292adac8a3830c7282c2f1f8cd8eb399f76931bd2,815285fdd78b826cf36da838120eed687bfb074eca3b0e78f60d1d4b0cfb9dd4,10992,5138,4f48cfd78740d03acb33f549cc0666d00642d73403c3f0cdc049f01a7d464003,1,2021.07.24.20.37.45_veh-17_00015_00375,las_vegas,us-nv-las-vegas-strip,True,READY,
mini,/Users/liuqing/Projects/01_E2E_QA_Code/nuplan/dataset/data/cache/mini/2021.07.24.23.50.16_veh-17_01696_02071.db,2021.07.24.23.50.16_veh-17_01696_02071.db,282546176,2022-09-23T05:49:38+00:00,True,bb9292e2ba0ac6dd0635e44292adac8a3830c7282c2f1f8cd8eb399f76931bd2,d30beeba2ec87d624e3aa6c0ba2ae626ee096348dd33927f889b2a0ba22fd2c3,11476,5879,d602db1b761e9402514565f7717f42a325fa8b3d47a8fc51db3fddc4a6ea904b,1,2021.07.24.23.50.16_veh-17_01696_02071,las_vegas,us-nv-las-vegas-strip,True,READY,
mini,/Users/liuqing/Projects/01_E2E_QA_Code/nuplan/dataset/data/cache/mini/2021.08.09.17.55.59_veh-28_00021_00307.db,2021.08.09.17.55.59_veh-28_00021_00307.db,62267392,2022-09-23T05:49:46+00:00,True,bb9292e2ba0ac6dd0635e44292adac8a3830c7282c2f1f8cd8eb399f76931bd2,67d7169a4c71dd8c0965e5ef576c3a5a734becb32e241a8f9fe427417ccc9761,9592,5121,d20936bedbe5217877d0cd509908a57d57ced1f1d5ddc4ffe227059ce6da7177,1,2021.08.09.17.55.59_veh-28_00021_00307,us-ma-boston,us-ma-boston,True,READY,
mini,/Users/liuqing/Projects/01_E2E_QA_Code/nuplan/dataset/data/cache/mini/2021.08.17.16.57.11_veh-08_01200_01636.db,2021.08.17.16.57.11_veh-08_01200_01636.db,66789376,2022-09-23T05:49:48+00:00,True,bb9292e2ba0ac6dd0635e44292adac8a3830c7282c2f1f8cd8eb399f76931bd2,499aa1efc492625bde5c7a6189062697f134d7050ce426b53706dbb19a8ea4f1,9975,5952,7873ced8e3099b8df911640eebdce9db03d6a32070e838fc937388c3b5d1acfa,1,2021.08.17.16.57.11_veh-08_01200_01636,us-pa-pittsburgh-hazelwood,us-pa-pittsburgh-hazelwood,True,READY,
mini,/Users/liuqing/Projects/01_E2E_QA_Code/nuplan/dataset/data/cache/mini/2021.08.17.17.17.01_veh-45_02314_02798.db,2021.08.17.17.17.01_veh-45_02314_02798.db,99004416,2022-09-23T05:49:48+00:00,True,bb9292e2ba0ac6dd0635e44292adac8a3830c7282c2f1f8cd8eb399f76931bd2,dc65dc0258855aff6ac77fbb0a9d6647cf01e21930d78d65f1343f2c9189716d,11329,6775,2071f39a9f5f6f8bf28329cc3dc4f3c9fe6f6160d1384b9ad4765eec1d7dc40e,1,2021.08.17.17.17.01_veh-45_02314_02798,us-pa-pittsburgh-hazelwood,us-pa-pittsburgh-hazelwood,True,READY,
mini,/Users/liuqing/Projects/01_E2E_QA_Code/nuplan/dataset/data/cache/mini/2021.08.17.18.54.02_veh-45_00665_01065.db,2021.08.17.18.54.02_veh-45_00665_01065.db,64446464,2022-09-23T05:49:49+00:00,True,bb9292e2ba0ac6dd0635e44292adac8a3830c7282c2f1f8cd8eb399f76931bd2,3e80977742b3782638db34d81172cecede446c94afa5033b4684bdef823fc362,10445,6370,2b68400d2f6b61ba6528e53b52b8768e95e90640b08350c3fd350f147060284a,1,2021.08.17.18.54.02_veh-45_00665_01065,us-pa-pittsburgh-hazelwood,us-pa-pittsburgh-hazelwood,True,READY,
mini,/Users/liuqing/Projects/01_E2E_QA_Code/nuplan/dataset/data/cache/mini/2021.08.24.13.12.55_veh-45_00386_00472.db,2021.08.24.13.12.55_veh-45_00386_00472.db,11481088,2022-09-23T05:30:20+00:00,True,bb9292e2ba0ac6dd0635e44292adac8a3830c7282c2f1f8cd8eb399f76931bd2,d4538362bcd081443b89e52cd2375524f8b31738802ec4e642f86f616ead90a4,3714,1291,a1e6adf1227a412b27fd7dc87a8cc106516cfacd6fa304a2c20c70d86fb0a9dc,1,2021.08.24.13.12.55_veh-45_00386_00472,us-pa-pittsburgh-hazelwood,us-pa-pittsburgh-hazelwood,True,READY,
mini,/Users/liuqing/Projects/01_E2E_QA_Code/nuplan/dataset/data/cache/mini/2021.08.30.14.54.34_veh-40_00439_00835.db,2021.08.30.14.54.34_veh-40_00439_00835.db,112365568,2022-09-23T05:50:07+00:00,True,bb9292e2ba0ac6dd0635e44292adac8a3830c7282c2f1f8cd8eb399f76931bd2,65a1db1775309b913266607709c92ca5b03ab90f26e036ce67ff8446c1319c36,12611,5908,52bbccf58e801b41e458af7c552de504b47c3921a87af723ac54ed269a270c2e,1,2021.08.30.14.54.34_veh-40_00439_00835,us-ma-boston,us-ma-boston,True,READY,
mini,/Users/liuqing/Projects/01_E2E_QA_Code/nuplan/dataset/data/cache/mini/2021.09.16.15.12.03_veh-42_01037_01434.db,2021.09.16.15.12.03_veh-42_01037_01434.db,64180224,2022-09-23T05:50:42+00:00,True,bb9292e2ba0ac6dd0635e44292adac8a3830c7282c2f1f8cd8eb399f76931bd2,198ca4eac1415e0f3e0cb73ffab39566a8aa3cf4c1809bd8d8bed1904c0d5b36,10154,5662,4aaf23ad471e44206e9b02d22b9c9c3c95c73e11edf17d0543a1240272433d56,1,2021.09.16.15.12.03_veh-42_01037_01434,us-pa-pittsburgh-hazelwood,us-pa-pittsburgh-hazelwood,True,READY,
mini,/Users/liuqing/Projects/01_E2E_QA_Code/nuplan/dataset/data/cache/mini/2021.10.01.19.16.42_veh-28_02011_02410.db,2021.10.01.19.16.42_veh-28_02011_02410.db,155787264,2022-09-23T05:51:31+00:00,True,bb9292e2ba0ac6dd0635e44292adac8a3830c7282c2f1f8cd8eb399f76931bd2,1717ab1288a811b06b12de779d3995aa3540c4bfe7b4421b3d1479539814ecd1,17108,5977,64b80679a259d59be6162d51ae305d13a4137d192a70126ecabaae730af765f7,1,2021.10.01.19.16.42_veh-28_02011_02410,us-ma-boston,us-ma-boston,True,READY,
mini,/Users/liuqing/Projects/01_E2E_QA_Code/nuplan/dataset/data/cache/mini/2021.10.01.19.16.42_veh-28_03307_03808.db,2021.10.01.19.16.42_veh-28_03307_03808.db,167301120,2022-09-23T05:51:31+00:00,True,bb9292e2ba0ac6dd0635e44292adac8a3830c7282c2f1f8cd8eb399f76931bd2,fc09653b8a31e1a9b467688c67e4aed575223c1657e1db7cfc51809d77c8590a,17983,7731,3ff2528921f83654985bcda89ddafa7858feae59c87f14599bdd640a58989539,1,2021.10.01.19.16.42_veh-28_03307_03808,us-ma-boston,us-ma-boston,True,READY,
mini,/Users/liuqing/Projects/01_E2E_QA_Code/nuplan/dataset/data/cache/mini/2021.10.05.07.10.04_veh-52_01442_01802.db,2021.10.05.07.10.04_veh-52_01442_01802.db,27725824,2022-09-23T05:51:34+00:00,True,bb9292e2ba0ac6dd0635e44292adac8a3830c7282c2f1f8cd8eb399f76931bd2,a10b4dbd245dabf7c6eb6b72357d076c6e277a43a87936f694d18a2715f5ede8,7119,3755,a0d9df91f6fa230721a8d49612ae89450641158cd069c7f8e9db9636ba53304f,1,2021.10.05.07.10.04_veh-52_01442_01802,sg-one-north,sg-one-north,True,READY,
mini,/Users/liuqing/Projects/01_E2E_QA_Code/nuplan/dataset/data/cache/mini/2021.10.06.07.26.10_veh-52_00006_00398.db,2021.10.06.07.26.10_veh-52_00006_00398.db,47915008,2022-09-23T05:51:36+00:00,True,bb9292e2ba0ac6dd0635e44292adac8a3830c7282c2f1f8cd8eb399f76931bd2,b19b212f5c857fa46be9257efc00f818f4d8e935d2c4da3b63a367acf3440e86,8769,5526,435fc1bde348af36cef9b75fe6c55f4eb05ee2607e61a3372d3b390bd93a4e94,1,2021.10.06.07.26.10_veh-52_00006_00398,sg-one-north,sg-one-north,True,READY,
mini,/Users/liuqing/Projects/01_E2E_QA_Code/nuplan/dataset/data/cache/mini/2021.10.06.17.43.07_veh-28_00508_00877.db,2021.10.06.17.43.07_veh-28_00508_00877.db,58200064,2022-09-23T05:51:38+00:00,True,bb9292e2ba0ac6dd0635e44292adac8a3830c7282c2f1f8cd8eb399f76931bd2,6e066e5344d24d136c51574a40b0e88bbf2bf5698597be91be5845648c996948,10944,5100,e9d4d7a92afe2dadd87babef4a0128ab50be1d3ff433728c9810e93d4f34a2ff,1,2021.10.06.17.43.07_veh-28_00508_00877,us-ma-boston,us-ma-boston,True,READY,
mini,/Users/liuqing/Projects/01_E2E_QA_Code/nuplan/dataset/data/cache/mini/2021.10.11.02.57.41_veh-50_00352_00535.db,2021.10.11.02.57.41_veh-50_00352_00535.db,27058176,2022-09-23T05:51:43+00:00,True,bb9292e2ba0ac6dd0635e44292adac8a3830c7282c2f1f8cd8eb399f76931bd2,7aeb264cfcf0dc6fe3a2674afaa774027a1c8df5b99103ea5aa414f5a24b797b,6847,2805,2287b1af34aa65c0200e8a194ab3edc55f3b967c0b9df9585615b47f2fbe31a8,1,2021.10.11.02.57.41_veh-50_00352_00535,sg-one-north,sg-one-north,True,READY,
mini,/Users/liuqing/Projects/01_E2E_QA_Code/nuplan/dataset/data/cache/mini/2021.10.11.02.57.41_veh-50_01522_02088.db,2021.10.11.02.57.41_veh-50_01522_02088.db,55070720,2022-09-23T05:51:43+00:00,True,bb9292e2ba0ac6dd0635e44292adac8a3830c7282c2f1f8cd8eb399f76931bd2,bbd88f571b91549b8a5802345534b1b1f6c2e7adb62349ed79605ef32047a497,13090,6850,4c157973a09bd3469835b1e996c6575580124bf6733efab4efcab4cd955a618f,1,2021.10.11.02.57.41_veh-50_01522_02088,sg-one-north,sg-one-north,True,READY,
mini,/Users/liuqing/Projects/01_E2E_QA_Code/nuplan/dataset/data/cache/mini/2021.10.11.07.12.18_veh-50_00211_00304.db,2021.10.11.07.12.18_veh-50_00211_00304.db,6393856,2022-09-23T05:51:43+00:00,True,bb9292e2ba0ac6dd0635e44292adac8a3830c7282c2f1f8cd8eb399f76931bd2,687cd0bbf4db18a7ebc825d8634d39ff40301cb329e0aaf6d679c052ea5f6ec6,1838,839,fe1caa6f62f04b5884e11f4edeb697c7d735fe5b36952cbde1da41c7efe79b7d,1,2021.10.11.07.12.18_veh-50_00211_00304,sg-one-north,sg-one-north,True,READY,
mini,/Users/liuqing/Projects/01_E2E_QA_Code/nuplan/dataset/data/cache/mini/2021.10.11.08.31.07_veh-50_01750_01948.db,2021.10.11.08.31.07_veh-50_01750_01948.db,23302144,2022-09-23T05:51:44+00:00,True,bb9292e2ba0ac6dd0635e44292adac8a3830c7282c2f1f8cd8eb399f76931bd2,e25e17877324f471ae9500d775105ee1eee647504538cbdca517e3b36a3ef9da,4745,2387,ce7072a4bf104340c6ae614265621309a00506756dd27d6ddd35b967bb7bfc6d,1,2021.10.11.08.31.07_veh-50_01750_01948,sg-one-north,sg-one-north,True,READY,
train_pittsburgh,/Users/liuqing/Projects/01_E2E_QA_Code/nuplan/dataset/data/cache/train_pittsburgh/2021.08.17.13.10.50_veh-08_00122_00295.db,2021.08.17.13.10.50_veh-08_00122_00295.db,12873728,2022-09-23T05:49:47+00:00,True,bb9292e2ba0ac6dd0635e44292adac8a3830c7282c2f1f8cd8eb399f76931bd2,08011e1dc4198cef15d0a4b0fc35b004fe478a8f89f7b86e7fb2d48bed4ffd3f,4666,2331,8f25adf72615719cd05b971644773f70a1c299b2046164ea78d2f263e1006722,1,2021.08.17.13.10.50_veh-08_00122_00295,us-pa-pittsburgh-hazelwood,us-pa-pittsburgh-hazelwood,True,READY,
train_pittsburgh,/Users/liuqing/Projects/01_E2E_QA_Code/nuplan/dataset/data/cache/train_pittsburgh/2021.08.17.13.10.50_veh-08_00313_00564.db,2021.08.17.13.10.50_veh-08_00313_00564.db,40235008,2022-09-23T05:49:47+00:00,True,bb9292e2ba0ac6dd0635e44292adac8a3830c7282c2f1f8cd8eb399f76931bd2,7a8d2204abaee7eef226b445681f0b24071277918d0a810a0ec936f1597a24e7,7129,3415,bc9bcfd5572927939b795e8373a62a5f960222903f62ec3dafb62264c29634be,1,2021.08.17.13.10.50_veh-08_00313_00564,us-pa-pittsburgh-hazelwood,us-pa-pittsburgh-hazelwood,True,READY,
train_pittsburgh,/Users/liuqing/Projects/01_E2E_QA_Code/nuplan/dataset/data/cache/train_pittsburgh/2021.08.17.13.10.50_veh-08_00726_01027.db,2021.08.17.13.10.50_veh-08_00726_01027.db,42237952,2022-09-23T05:49:47+00:00,True,bb9292e2ba0ac6dd0635e44292adac8a3830c7282c2f1f8cd8eb399f76931bd2,6fc7c333a8ce2a8cdadf153ca823f8fed6fad07145edf486e2b6c158910a5505,9545,4181,f21063aeac2da0917b672b18c84a13e7b1a0f7ab5c51be3b39cf5ea387fdcb85,1,2021.08.17.13.10.50_veh-08_00726_01027,us-pa-pittsburgh-hazelwood,us-pa-pittsburgh-hazelwood,True,READY,
train_pittsburgh,/Users/liuqing/Projects/01_E2E_QA_Code/nuplan/dataset/data/cache/train_pittsburgh/2021.08.17.13.10.50_veh-08_01060_01340.db,2021.08.17.13.10.50_veh-08_01060_01340.db,38682624,2022-09-23T05:49:47+00:00,True,bb9292e2ba0ac6dd0635e44292adac8a3830c7282c2f1f8cd8eb399f76931bd2,755b5b033d17f80d2b90d1046f4967c67c3c0401b7e034732b6769923c6750f2,10269,4141,b6042ebf10512343d968c95495ce9c8abc0a0b67dcd24c6868882922438748a5,1,2021.08.17.13.10.50_veh-08_01060_01340,us-pa-pittsburgh-hazelwood,us-pa-pittsburgh-hazelwood,True,READY,
train_pittsburgh,/Users/liuqing/Projects/01_E2E_QA_Code/nuplan/dataset/data/cache/train_pittsburgh/2021.08.17.13.15.12_veh-45_00168_00302.db,2021.08.17.13.15.12_veh-45_00168_00302.db,7991296,2022-09-23T05:49:47+00:00,True,bb9292e2ba0ac6dd0635e44292adac8a3830c7282c2f1f8cd8eb399f76931bd2,38d3d5733480dd5c8bb091c5b62639b442f55728ce229d627e04271d53b9a481,3713,2487,a968ca91f4252aa930eb0e187d95754b2edafe7b919a28eecaf1be986e48af01,1,2021.08.17.13.15.12_veh-45_00168_00302,us-pa-pittsburgh-hazelwood,us-pa-pittsburgh-hazelwood,True,READY,
train_pittsburgh,/Users/liuqing/Projects/01_E2E_QA_Code/nuplan/dataset/data/cache/train_pittsburgh/2021.08.17.13.15.12_veh-45_00324_00489.db,2021.08.17.13.15.12_veh-45_00324_00489.db,14020608,2022-09-23T05:49:47+00:00,True,bb9292e2ba0ac6dd0635e44292adac8a3830c7282c2f1f8cd8eb399f76931bd2,3b343efd7ec1917bc41bc06f0bc53338879e4864fd988bd51e42f49a19f56e97,3910,2164,4e360e62de7f6a32a69aad1f16141701832f7bb3d1bb8171fd74c547f5ef0cc9,1,2021.08.17.13.15.12_veh-45_00324_00489,us-pa-pittsburgh-hazelwood,us-pa-pittsburgh-hazelwood,True,READY,
train_pittsburgh,/Users/liuqing/Projects/01_E2E_QA_Code/nuplan/dataset/data/cache/train_pittsburgh/2021.08.17.13.15.12_veh-45_00565_00643.db,2021.08.17.13.15.12_veh-45_00565_00643.db,9641984,2022-09-23T05:49:47+00:00,True,bb9292e2ba0ac6dd0635e44292adac8a3830c7282c2f1f8cd8eb399f76931bd2,092dfd55b2736f9dcca83693a55bbd99dbc3c01ed552fc852c3ae7772e9e5cd1,1524,716,40ff6ce96f8bbbffb5e1dd07101d011a13bc9b36a23cfd8e9da837ff24235eff,1,2021.08.17.13.15.12_veh-45_00565_00643,us-pa-pittsburgh-hazelwood,us-pa-pittsburgh-hazelwood,True,READY,
train_pittsburgh,/Users/liuqing/Projects/01_E2E_QA_Code/nuplan/dataset/data/cache/train_pittsburgh/2021.08.17.13.15.12_veh-45_00691_00794.db,2021.08.17.13.15.12_veh-45_00691_00794.db,20606976,2022-09-23T05:49:47+00:00,True,bb9292e2ba0ac6dd0635e44292adac8a3830c7282c2f1f8cd8eb399f76931bd2,d84e78d6a25ec433e66a9c9ef23ca8f5b8b56cd2becad773894cff9a845d9787,2478,1262,16888babf4b8d16c14c69cfd09022ceccd42aceae6825c379614d30525749e5d,1,2021.08.17.13.15.12_veh-45_00691_00794,us-pa-pittsburgh-hazelwood,us-pa-pittsburgh-hazelwood,True,READY,
train_pittsburgh,/Users/liuqing/Projects/01_E2E_QA_Code/nuplan/dataset/data/cache/train_pittsburgh/2021.08.17.13.15.12_veh-45_00819_00884.db,2021.08.17.13.15.12_veh-45_00819_00884.db,11485184,2022-09-23T05:49:47+00:00,True,bb9292e2ba0ac6dd0635e44292adac8a3830c7282c2f1f8cd8eb399f76931bd2,e11e05c0040a3c4fb2a9751d54999f0fa752aaf408ff3733ef12dc18d8ef3f3e,1075,539,76f95349eeb6ef4efce674173b72d00098c122251f45c76ba034f2b2804fe276,1,2021.08.17.13.15.12_veh-45_00819_00884,us-pa-pittsburgh-hazelwood,us-pa-pittsburgh-hazelwood,True,READY,
train_pittsburgh,/Users/liuqing/Projects/01_E2E_QA_Code/nuplan/dataset/data/cache/train_pittsburgh/2021.08.17.13.15.12_veh-45_00925_00987.db,2021.08.17.13.15.12_veh-45_00925_00987.db,7200768,2022-09-23T05:49:47+00:00,True,bb9292e2ba0ac6dd0635e44292adac8a3830c7282c2f1f8cd8eb399f76931bd2,71c567ed267276916f658c6f7beef0a2ac14a0afd5874fc11c79feb9f58120ed,1748,957,5856437ccd652a04acbdea44ed6284b7fb73eab106a3cdf6ba42d5573ebf1310,1,2021.08.17.13.15.12_veh-45_00925_00987,us-pa-pittsburgh-hazelwood,us-pa-pittsburgh-hazelwood,True,READY,
train_pittsburgh,/Users/liuqing/Projects/01_E2E_QA_Code/nuplan/dataset/data/cache/train_pittsburgh/2021.08.17.13.15.12_veh-45_01049_01467.db,2021.08.17.13.15.12_veh-45_01049_01467.db,62214144,2022-09-23T05:49:47+00:00,True,bb9292e2ba0ac6dd0635e44292adac8a3830c7282c2f1f8cd8eb399f76931bd2,6a30c9ec08996a6d64f58cd37d7a22349fa7a70316639408ae3af6850c906ee2,9612,5598,05f11a8c4d66b89fe17b28e3aac8144eabb76eb40cdfa07697c9c15c09f6d947,1,2021.08.17.13.15.12_veh-45_01049_01467,us-pa-pittsburgh-hazelwood,us-pa-pittsburgh-hazelwood,True,READY,
train_pittsburgh,/Users/liuqing/Projects/01_E2E_QA_Code/nuplan/dataset/data/cache/train_pittsburgh/2021.08.17.13.15.12_veh-45_01517_01668.db,2021.08.17.13.15.12_veh-45_01517_01668.db,24051712,2022-09-23T05:49:47+00:00,True,bb9292e2ba0ac6dd0635e44292adac8a3830c7282c2f1f8cd8eb399f76931bd2,5ea9c7d7687d96b985e05edaea9bac8f8b17330e208fbe1bf47898bc01f103c5,3143,2241,ce9b041c70a0c338c8d5c83f7916a5071377edfb24b2fa018ed8f3e5706d3bea,1,2021.08.17.13.15.12_veh-45_01517_01668,us-pa-pittsburgh-hazelwood,us-pa-pittsburgh-hazelwood,True,READY,
train_pittsburgh,/Users/liuqing/Projects/01_E2E_QA_Code/nuplan/dataset/data/cache/train_pittsburgh/2021.08.17.13.15.12_veh-45_01679_01816.db,2021.08.17.13.15.12_veh-45_01679_01816.db,21340160,2022-09-23T05:49:47+00:00,True,bb9292e2ba0ac6dd0635e44292adac8a3830c7282c2f1f8cd8eb399f76931bd2,71c66d94fb69d021996929fb8c62dea074aaac3330a8b662360e6a2432958b48,3051,1674,d9800340a05b9e8e6f9952980561a56b845b0bcb6f844eebf12ddfbf66a8ce4c,1,2021.08.17.13.15.12_veh-45_01679_01816,us-pa-pittsburgh-hazelwood,us-pa-pittsburgh-hazelwood,True,READY,
train_pittsburgh,/Users/liuqing/Projects/01_E2E_QA_Code/nuplan/dataset/data/cache/train_pittsburgh/2021.08.17.13.15.12_veh-45_02025_02103.db,2021.08.17.13.15.12_veh-45_02025_02103.db,5251072,2022-09-23T05:49:47+00:00,True,bb9292e2ba0ac6dd0635e44292adac8a3830c7282c2f1f8cd8eb399f76931bd2,54b3bc74ae5ad3a49440c800d070835ee1e3b00a5e82c96758660f341b8b68be,1752,1184,ce3e70769c2d8d97d0ebfcf025e43d3d65383516828b58d95f86564d45232c22,1,2021.08.17.13.15.12_veh-45_02025_02103,us-pa-pittsburgh-hazelwood,us-pa-pittsburgh-hazelwood,True,READY,
train_pittsburgh,/Users/liuqing/Projects/01_E2E_QA_Code/nuplan/dataset/data/cache/train_pittsburgh/2021.08.17.13.15.12_veh-45_02124_02293.db,2021.08.17.13.15.12_veh-45_02124_02293.db,14061568,2022-09-23T05:49:47+00:00,True,bb9292e2ba0ac6dd0635e44292adac8a3830c7282c2f1f8cd8eb399f76931bd2,9503496f07eb908f98c6d45d3e6084ca200db864a411a9d3f019e1398e3046d1,3703,2249,eb830a565c614db1b0e6638af0bd717c5a11bf2df1c9b20cac710688bbd11110,1,2021.08.17.13.15.12_veh-45_02124_02293,us-pa-pittsburgh-hazelwood,us-pa-pittsburgh-hazelwood,True,READY,
train_pittsburgh,/Users/liuqing/Projects/01_E2E_QA_Code/nuplan/dataset/data/cache/train_pittsburgh/2021.08.17.13.15.12_veh-45_02304_02650.db,2021.08.17.13.15.12_veh-45_02304_02650.db,39759872,2022-09-23T05:49:47+00:00,True,bb9292e2ba0ac6dd0635e44292adac8a3830c7282c2f1f8cd8eb399f76931bd2,45c5f8360e86d5496991ef08331ed7fdf989a78dbe06b5115a2d19149be505db,8581,4169,b127dbd1ad27f91652c6d26b3151255effe4452590523460f411bd043492a621,1,2021.08.17.13.15.12_veh-45_02304_02650,us-pa-pittsburgh-hazelwood,us-pa-pittsburgh-hazelwood,True,READY,
train_pittsburgh,/Users/liuqing/Projects/01_E2E_QA_Code/nuplan/dataset/data/cache/train_pittsburgh/2021.08.17.14.32.33_veh-08_00016_00354.db,2021.08.17.14.32.33_veh-08_00016_00354.db,57389056,2022-09-23T05:49:47+00:00,True,bb9292e2ba0ac6dd0635e44292adac8a3830c7282c2f1f8cd8eb399f76931bd2,73bc1afda19be96502fda3dabdb5e8ab43bd3c11779e4944bd54cad35a0f10bf,8125,4562,ee722f70022212e2a48569650a9ab53a29c4b5dd04f1828ee5a358c295dc5844,1,2021.08.17.14.32.33_veh-08_00016_00354,us-pa-pittsburgh-hazelwood,us-pa-pittsburgh-hazelwood,True,READY,
train_pittsburgh,/Users/liuqing/Projects/01_E2E_QA_Code/nuplan/dataset/data/cache/train_pittsburgh/2021.08.17.14.32.33_veh-08_00390_00468.db,2021.08.17.14.32.33_veh-08_00390_00468.db,8740864,2022-09-23T05:49:47+00:00,True,bb9292e2ba0ac6dd0635e44292adac8a3830c7282c2f1f8cd8eb399f76931bd2,3bfccd7780d5073bbbcc389c6459de56301b02a5d38e6b420b68fde64152d8e9,1429,866,ffff141c005fb75d496ed9f4b5f726825a28866a3c1105e07fab1a2ab8fc7087,1,2021.08.17.14.32.33_veh-08_00390_00468,us-pa-pittsburgh-hazelwood,us-pa-pittsburgh-hazelwood,True,READY,
train_pittsburgh,/Users/liuqing/Projects/01_E2E_QA_Code/nuplan/dataset/data/cache/train_pittsburgh/2021.08.17.14.32.33_veh-08_00521_01051.db,2021.08.17.14.32.33_veh-08_00521_01051.db,85381120,2022-09-23T05:49:47+00:00,True,bb9292e2ba0ac6dd0635e44292adac8a3830c7282c2f1f8cd8eb399f76931bd2,f7742631f59561e4179fcdb57da82d750d6ad25041af200ae290d05be1c89a38,12277,7440,d9e05c3e1f88da45220e5b736a31e1c821b9035f845f6b7273d4f7fe9e9c6e31,1,2021.08.17.14.32.33_veh-08_00521_01051,us-pa-pittsburgh-hazelwood,us-pa-pittsburgh-hazelwood,True,READY,
train_pittsburgh,/Users/liuqing/Projects/01_E2E_QA_Code/nuplan/dataset/data/cache/train_pittsburgh/2021.08.17.14.32.33_veh-08_01072_01231.db,2021.08.17.14.32.33_veh-08_01072_01231.db,10248192,2022-09-23T05:49:47+00:00,True,bb9292e2ba0ac6dd0635e44292adac8a3830c7282c2f1f8cd8eb399f76931bd2,6bb03a5d9d6ddffdb5dafe5e1d41287af31186b65cca13ee0a9cec04dde32428,3651,2385,9c75e9cb01aacb9162687ddecdd5cc0ffec3a0c217631d79591f7505300b2546,1,2021.08.17.14.32.33_veh-08_01072_01231,us-pa-pittsburgh-hazelwood,us-pa-pittsburgh-hazelwood,True,READY,
train_pittsburgh,/Users/liuqing/Projects/01_E2E_QA_Code/nuplan/dataset/data/cache/train_pittsburgh/2021.08.17.14.32.33_veh-08_01262_01528.db,2021.08.17.14.32.33_veh-08_01262_01528.db,20389888,2022-09-23T05:49:48+00:00,True,bb9292e2ba0ac6dd0635e44292adac8a3830c7282c2f1f8cd8eb399f76931bd2,014a8de773a7164aee6d0c771b0a2ec9bb5a9ae5d9a9102e7ed711de2659fa50,5821,3525,92111acc4ec3e6901231cf2a24a783d9befb1c12f6bae282a5955a4da4a555af,1,2021.08.17.14.32.33_veh-08_01262_01528,us-pa-pittsburgh-hazelwood,us-pa-pittsburgh-hazelwood,True,READY,
train_pittsburgh,/Users/liuqing/Projects/01_E2E_QA_Code/nuplan/dataset/data/cache/train_pittsburgh/2021.08.17.14.32.33_veh-08_01576_01919.db,2021.08.17.14.32.33_veh-08_01576_01919.db,26865664,2022-09-23T05:49:47+00:00,True,bb9292e2ba0ac6dd0635e44292adac8a3830c7282c2f1f8cd8eb399f76931bd2,f2e3cc1c849d765ab91121a2b178c5b2d3388089a1b5c6f9551e9df07c5acdc7,5494,3532,e74fce665520f724130e1abef684aa1aaf448ca18637515411d420c93e7382ab,1,2021.08.17.14.32.33_veh-08_01576_01919,us-pa-pittsburgh-hazelwood,us-pa-pittsburgh-hazelwood,True,READY,
train_pittsburgh,/Users/liuqing/Projects/01_E2E_QA_Code/nuplan/dataset/data/cache/train_pittsburgh/2021.08.17.14.45.12_veh-42_00092_00301.db,2021.08.17.14.45.12_veh-42_00092_00301.db,15126528,2022-09-23T05:49:48+00:00,True,bb9292e2ba0ac6dd0635e44292adac8a3830c7282c2f1f8cd8eb399f76931bd2,731acb9ad5a0c2e3edd66f24ad400a346f9926dede0842dbc5ed1fa89da0c92c,5138,2949,b30bd7e172a789a3d5949122d7d5d18008feff535082b222a67359afebc144a9,1,2021.08.17.14.45.12_veh-42_00092_00301,us-pa-pittsburgh-hazelwood,us-pa-pittsburgh-hazelwood,True,READY,
train_pittsburgh,/Users/liuqing/Projects/01_E2E_QA_Code/nuplan/dataset/data/cache/train_pittsburgh/2021.08.17.14.45.12_veh-42_00312_00531.db,2021.08.17.14.45.12_veh-42_00312_00531.db,30765056,2022-09-23T05:49:48+00:00,True,bb9292e2ba0ac6dd0635e44292adac8a3830c7282c2f1f8cd8eb399f76931bd2,f2f325a3669527aebdcb03f7fbe108e4453bed54f8fb9a99f2668c548fe957fe,4573,2469,437d1cea7a0fbad3b29579eef7796600e050026a8a23a47ad6374d7de2c4b30f,1,2021.08.17.14.45.12_veh-42_00312_00531,us-pa-pittsburgh-hazelwood,us-pa-pittsburgh-hazelwood,True,READY,
train_pittsburgh,/Users/liuqing/Projects/01_E2E_QA_Code/nuplan/dataset/data/cache/train_pittsburgh/2021.08.17.14.45.12_veh-42_00542_00803.db,2021.08.17.14.45.12_veh-42_00542_00803.db,40194048,2022-09-23T05:49:48+00:00,True,bb9292e2ba0ac6dd0635e44292adac8a3830c7282c2f1f8cd8eb399f76931bd2,96176c2641224505967ec58532e44270b74ae60855db1827ace873a8676fc29f,7638,3476,e23a8cc9ecee271a3fd9718e04f5a95172ecfd76272593cf1f7030931d82054d,1,2021.08.17.14.45.12_veh-42_00542_00803,us-pa-pittsburgh-hazelwood,us-pa-pittsburgh-hazelwood,True,READY,
train_pittsburgh,/Users/liuqing/Projects/01_E2E_QA_Code/nuplan/dataset/data/cache/train_pittsburgh/2021.08.17.14.45.12_veh-42_00831_01079.db,2021.08.17.14.45.12_veh-42_00831_01079.db,41537536,2022-09-23T05:49:48+00:00,True,bb9292e2ba0ac6dd0635e44292adac8a3830c7282c2f1f8cd8eb399f76931bd2,83f4cf76b357268b51eeb4c8c2d8dc6a615e3ead08e57624cc9ede74778d91ea,5546,3177,b65a0a15a8d687e26076d89d205a9acb20a2901951359a46943c7993e915c0c5,1,2021.08.17.14.45.12_veh-42_00831_01079,us-pa-pittsburgh-hazelwood,us-pa-pittsburgh-hazelwood,True,READY,
train_pittsburgh,/Users/liuqing/Projects/01_E2E_QA_Code/nuplan/dataset/data/cache/train_pittsburgh/2021.08.17.14.45.12_veh-42_01119_01535.db,2021.08.17.14.45.12_veh-42_01119_01535.db,60235776,2022-09-23T05:49:48+00:00,True,bb9292e2ba0ac6dd0635e44292adac8a3830c7282c2f1f8cd8eb399f76931bd2,42e8d85b46ab1f5a51208235c7c5161cd94d10bb97191e3b335ef428d4c39915,11173,5076,b2da76b69efb5e3b2ef66fba7d9ff0f61e2b7ec61ff015eaa087c09d1445ebd4,1,2021.08.17.14.45.12_veh-42_01119_01535,us-pa-pittsburgh-hazelwood,us-pa-pittsburgh-hazelwood,True,READY,
train_pittsburgh,/Users/liuqing/Projects/01_E2E_QA_Code/nuplan/dataset/data/cache/train_pittsburgh/2021.08.17.14.45.12_veh-42_01562_01754.db,2021.08.17.14.45.12_veh-42_01562_01754.db,24850432,2022-09-23T05:49:48+00:00,True,bb9292e2ba0ac6dd0635e44292adac8a3830c7282c2f1f8cd8eb399f76931bd2,d6a650bddf30b93065a3f25e72626acf6994bad019ee8a0dd1535afa8fbd1304,4229,2411,638ac25b66b3b1820eec9de49a116b706831b959279c1d6dfd1ce084193904a2,1,2021.08.17.14.45.12_veh-42_01562_01754,us-pa-pittsburgh-hazelwood,us-pa-pittsburgh-hazelwood,True,READY,
train_pittsburgh,/Users/liuqing/Projects/01_E2E_QA_Code/nuplan/dataset/data/cache/train_pittsburgh/2021.08.17.14.45.12_veh-42_01866_01999.db,2021.08.17.14.45.12_veh-42_01866_01999.db,8675328,2022-09-23T05:49:48+00:00,True,bb9292e2ba0ac6dd0635e44292adac8a3830c7282c2f1f8cd8eb399f76931bd2,02dd412967fe2c18aa846a2f9afa388f03d20d3298c7b79003ba6fe3676dd6bf,2967,2020,52aa2de3adaa797f72efb6474e49e0f4e03025ab4602176548ff7680e3939871,1,2021.08.17.14.45.12_veh-42_01866_01999,us-pa-pittsburgh-hazelwood,us-pa-pittsburgh-hazelwood,True,READY,
train_pittsburgh,/Users/liuqing/Projects/01_E2E_QA_Code/nuplan/dataset/data/cache/train_pittsburgh/2021.08.17.15.02.08_veh-45_00167_00480.db,2021.08.17.15.02.08_veh-45_00167_00480.db,38830080,2022-09-23T05:30:18+00:00,True,bb9292e2ba0ac6dd0635e44292adac8a3830c7282c2f1f8cd8eb399f76931bd2,107bae1c29567f4dac05d410a7ff08a10c9df32722760ab754130af3f3dd8bab,0,0,e3b0c44298fc1c149afbf4c8996fb92427ae41e4649b934ca495991b7852b855,1,2021.08.17.15.02.08_veh-45_00167_00480,us-pa-pittsburgh-hazelwood,us-pa-pittsburgh-hazelwood,True,READY,
train_pittsburgh,/Users/liuqing/Projects/01_E2E_QA_Code/nuplan/dataset/data/cache/train_pittsburgh/2021.08.17.15.02.08_veh-45_00505_00606.db,2021.08.17.15.02.08_veh-45_00505_00606.db,19517440,2022-09-23T05:30:19+00:00,True,bb9292e2ba0ac6dd0635e44292adac8a3830c7282c2f1f8cd8eb399f76931bd2,f395bcada73dbfe4e3a221819a764a3b23f561e59cab1572287947b345777df9,0,0,e3b0c44298fc1c149afbf4c8996fb92427ae41e4649b934ca495991b7852b855,1,2021.08.17.15.02.08_veh-45_00505_00606,us-pa-pittsburgh-hazelwood,us-pa-pittsburgh-hazelwood,True,READY,
train_pittsburgh,/Users/liuqing/Projects/01_E2E_QA_Code/nuplan/dataset/data/cache/train_pittsburgh/2021.08.17.15.02.08_veh-45_00723_00823.db,2021.08.17.15.02.08_veh-45_00723_00823.db,18558976,2022-09-23T05:30:19+00:00,True,bb9292e2ba0ac6dd0635e44292adac8a3830c7282c2f1f8cd8eb399f76931bd2,09fc070db60ad2522c72bb90c2a3e78942086eb8516623ec535f0d828373ab54,0,0,e3b0c44298fc1c149afbf4c8996fb92427ae41e4649b934ca495991b7852b855,1,2021.08.17.15.02.08_veh-45_00723_00823,us-pa-pittsburgh-hazelwood,us-pa-pittsburgh-hazelwood,True,READY,
train_pittsburgh,/Users/liuqing/Projects/01_E2E_QA_Code/nuplan/dataset/data/cache/train_pittsburgh/2021.08.17.15.02.08_veh-45_00860_01324.db,2021.08.17.15.02.08_veh-45_00860_01324.db,75104256,2022-09-23T05:30:19+00:00,True,bb9292e2ba0ac6dd0635e44292adac8a3830c7282c2f1f8cd8eb399f76931bd2,82313995ad3d980aab5137da7610238aaa4923ab5f8184123723d4f612cf9797,0,0,e3b0c44298fc1c149afbf4c8996fb92427ae41e4649b934ca495991b7852b855,1,2021.08.17.15.02.08_veh-45_00860_01324,us-pa-pittsburgh-hazelwood,us-pa-pittsburgh-hazelwood,True,READY,
train_pittsburgh,/Users/liuqing/Projects/01_E2E_QA_Code/nuplan/dataset/data/cache/train_pittsburgh/2021.08.17.15.02.08_veh-45_01348_01731.db,2021.08.17.15.02.08_veh-45_01348_01731.db,72556544,2022-09-23T05:30:19+00:00,True,bb9292e2ba0ac6dd0635e44292adac8a3830c7282c2f1f8cd8eb399f76931bd2,efee6acd02a001416a9b736fbe6db544675818280ab00420c3f623ce6305f0d1,0,0,e3b0c44298fc1c149afbf4c8996fb92427ae41e4649b934ca495991b7852b855,1,2021.08.17.15.02.08_veh-45_01348_01731,us-pa-pittsburgh-hazelwood,us-pa-pittsburgh-hazelwood,True,READY,
train_pittsburgh,/Users/liuqing/Projects/01_E2E_QA_Code/nuplan/dataset/data/cache/train_pittsburgh/2021.08.17.15.02.08_veh-45_01756_01966.db,2021.08.17.15.02.08_veh-45_01756_01966.db,37953536,2022-09-23T05:30:19+00:00,True,bb9292e2ba0ac6dd0635e44292adac8a3830c7282c2f1f8cd8eb399f76931bd2,147110b9791c48bf474b437306cf7f7f5ab72fdffd762b1ea0d42682a7d49ac6,0,0,e3b0c44298fc1c149afbf4c8996fb92427ae41e4649b934ca495991b7852b855,1,2021.08.17.15.02.08_veh-45_01756_01966,us-pa-pittsburgh-hazelwood,us-pa-pittsburgh-hazelwood,True,READY,
train_pittsburgh,/Users/liuqing/Projects/01_E2E_QA_Code/nuplan/dataset/data/cache/train_pittsburgh/2021.08.17.15.02.08_veh-45_02003_02086.db,2021.08.17.15.02.08_veh-45_02003_02086.db,15192064,2022-09-23T05:30:19+00:00,True,bb9292e2ba0ac6dd0635e44292adac8a3830c7282c2f1f8cd8eb399f76931bd2,00b790c0ecc33c8def24f52d040a10d25dca78e2ac128180e1a13f06d84c6a69,0,0,e3b0c44298fc1c149afbf4c8996fb92427ae41e4649b934ca495991b7852b855,1,2021.08.17.15.02.08_veh-45_02003_02086,us-pa-pittsburgh-hazelwood,us-pa-pittsburgh-hazelwood,True,READY,
train_pittsburgh,/Users/liuqing/Projects/01_E2E_QA_Code/nuplan/dataset/data/cache/train_pittsburgh/2021.08.17.15.02.08_veh-45_02111_02303.db,2021.08.17.15.02.08_veh-45_02111_02303.db,23465984,2022-09-23T05:30:19+00:00,True,bb9292e2ba0ac6dd0635e44292adac8a3830c7282c2f1f8cd8eb399f76931bd2,f8d3468d39fabf79eef75e2f5656f0fad79549ac95f2173fadf4156882b97f3c,0,0,e3b0c44298fc1c149afbf4c8996fb92427ae41e4649b934ca495991b7852b855,1,2021.08.17.15.02.08_veh-45_02111_02303,us-pa-pittsburgh-hazelwood,us-pa-pittsburgh-hazelwood,True,READY,
train_pittsburgh,/Users/liuqing/Projects/01_E2E_QA_Code/nuplan/dataset/data/cache/train_pittsburgh/2021.08.17.15.02.08_veh-45_02452_02521.db,2021.08.17.15.02.08_veh-45_02452_02521.db,4976640,2022-09-23T05:30:19+00:00,True,bb9292e2ba0ac6dd0635e44292adac8a3830c7282c2f1f8cd8eb399f76931bd2,5437a07ee7e18612672a245005ac786e95fe165d3c110673a76cff9e613cd645,0,0,e3b0c44298fc1c149afbf4c8996fb92427ae41e4649b934ca495991b7852b855,1,2021.08.17.15.02.08_veh-45_02452_02521,us-pa-pittsburgh-hazelwood,us-pa-pittsburgh-hazelwood,True,READY,
train_pittsburgh,/Users/liuqing/Projects/01_E2E_QA_Code/nuplan/dataset/data/cache/train_pittsburgh/2021.08.17.16.48.45_veh-43_00114_00415.db,2021.08.17.16.48.45_veh-43_00114_00415.db,25964544,2022-09-23T05:49:48+00:00,True,bb9292e2ba0ac6dd0635e44292adac8a3830c7282c2f1f8cd8eb399f76931bd2,724219c8421529956c6ca024f2c94c11d83f384b01ba92415d43fb18ed7f6093,6944,4640,4852c510c1a5055a201637303b6e33fc5272d1a5f18a2fcea57f8c293eefe97e,1,2021.08.17.16.48.45_veh-43_00114_00415,us-pa-pittsburgh-hazelwood,us-pa-pittsburgh-hazelwood,True,READY,
train_pittsburgh,/Users/liuqing/Projects/01_E2E_QA_Code/nuplan/dataset/data/cache/train_pittsburgh/2021.08.17.16.48.45_veh-43_00451_00871.db,2021.08.17.16.48.45_veh-43_00451_00871.db,68603904,2022-09-23T05:49:48+00:00,True,bb9292e2ba0ac6dd0635e44292adac8a3830c7282c2f1f8cd8eb399f76931bd2,78b3abf038574b3c753514a02b873b3f5aabd7fb9e511f4de4968c13d4420650,9744,5008,2ff5e8df28b391e0f4406050c2111c81f8e52282defcb7512478636fb32cb92c,1,2021.08.17.16.48.45_veh-43_00451_00871,us-pa-pittsburgh-hazelwood,us-pa-pittsburgh-hazelwood,True,READY,
train_pittsburgh,/Users/liuqing/Projects/01_E2E_QA_Code/nuplan/dataset/data/cache/train_pittsburgh/2021.08.17.16.48.45_veh-43_00936_01035.db,2021.08.17.16.48.45_veh-43_00936_01035.db,20529152,2022-09-23T05:49:48+00:00,True,bb9292e2ba0ac6dd0635e44292adac8a3830c7282c2f1f8cd8eb399f76931bd2,1bb55476df71b5392f6cf19bea09e8bf5a7f1dd9a28a53d2da2dcefd6130d0bc,2374,1412,37ae9d8e81dbaaf74e7b9b33ad19bbd10bfbccf22a28e24f6a3b513eb2be4fdb,1,2021.08.17.16.48.45_veh-43_00936_01035,us-pa-pittsburgh-hazelwood,us-pa-pittsburgh-hazelwood,True,READY,
train_pittsburgh,/Users/liuqing/Projects/01_E2E_QA_Code/nuplan/dataset/data/cache/train_pittsburgh/2021.08.17.16.48.45_veh-43_01060_01405.db,2021.08.17.16.48.45_veh-43_01060_01405.db,70438912,2022-09-23T05:49:48+00:00,True,bb9292e2ba0ac6dd0635e44292adac8a3830c7282c2f1f8cd8eb399f76931bd2,939a18953568b1f5e2058dbd2da4b117c8e05e84a2d5d4bb5d4941e0c64d151d,7573,4223,f3997c197f481943faec309ff4c3a2442564b1f060913c2473e80e13cfafc368,1,2021.08.17.16.48.45_veh-43_01060_01405,us-pa-pittsburgh-hazelwood,us-pa-pittsburgh-hazelwood,True,READY,
train_pittsburgh,/Users/liuqing/Projects/01_E2E_QA_Code/nuplan/dataset/data/cache/train_pittsburgh/2021.08.17.16.48.45_veh-43_01439_01665.db,2021.08.17.16.48.45_veh-43_01439_01665.db,44449792,2022-09-23T05:49:48+00:00,True,bb9292e2ba0ac6dd0635e44292adac8a3830c7282c2f1f8cd8eb399f76931bd2,cf4f61bc01d90d3e3be2ecd4fbd70dedb5f4ce9813db0f8b245b1a7ae786d162,5869,3224,bc45083330c353607adc5d37303cde0c44f6bc2a636d0abc7dc630fe975974e6,1,2021.08.17.16.48.45_veh-43_01439_01665,us-pa-pittsburgh-hazelwood,us-pa-pittsburgh-hazelwood,True,READY,
train_pittsburgh,/Users/liuqing/Projects/01_E2E_QA_Code/nuplan/dataset/data/cache/train_pittsburgh/2021.08.17.16.48.45_veh-43_01676_01764.db,2021.08.17.16.48.45_veh-43_01676_01764.db,9236480,2022-09-23T05:49:48+00:00,True,bb9292e2ba0ac6dd0635e44292adac8a3830c7282c2f1f8cd8eb399f76931bd2,abac8df70ea9d28e4d2a8248508a9e3e8a8a3f823100153b96b8a17b95035498,2117,1148,fce960ba31dce01873b783bcb76b902e77b4625e9cfd3feeb2e1a5b5cfa04120,1,2021.08.17.16.48.45_veh-43_01676_01764,us-pa-pittsburgh-hazelwood,us-pa-pittsburgh-hazelwood,True,READY,
train_pittsburgh,/Users/liuqing/Projects/01_E2E_QA_Code/nuplan/dataset/data/cache/train_pittsburgh/2021.08.17.16.48.45_veh-43_01837_02038.db,2021.08.17.16.48.45_veh-43_01837_02038.db,13467648,2022-09-23T05:49:48+00:00,True,bb9292e2ba0ac6dd0635e44292adac8a3830c7282c2f1f8cd8eb399f76931bd2,7de1ee99015556f93308d1462dc84f83ddb979e8c355a1949f6c96df5dbab4a6,4365,2880,2c70ac35b980372487e39f3077693e4cc7f00473e9567e3161a5473752b97881,1,2021.08.17.16.48.45_veh-43_01837_02038,us-pa-pittsburgh-hazelwood,us-pa-pittsburgh-hazelwood,True,READY,
train_pittsburgh,/Users/liuqing/Projects/01_E2E_QA_Code/nuplan/dataset/data/cache/train_pittsburgh/2021.08.17.16.48.45_veh-43_02070_02652.db,2021.08.17.16.48.45_veh-43_02070_02652.db,66007040,2022-09-23T05:49:48+00:00,True,bb9292e2ba0ac6dd0635e44292adac8a3830c7282c2f1f8cd8eb399f76931bd2,7f912007bc1192ea9521b30ba45c651178386e974bb90021af117851180a0573,12782,7669,29c2769257ad591d56eb780f48266ec8e71b4ef19d9de24d65516fe0258c7383,1,2021.08.17.16.48.45_veh-43_02070_02652,us-pa-pittsburgh-hazelwood,us-pa-pittsburgh-hazelwood,True,READY,
train_pittsburgh,/Users/liuqing/Projects/01_E2E_QA_Code/nuplan/dataset/data/cache/train_pittsburgh/2021.08.17.16.48.45_veh-43_02693_03062.db,2021.08.17.16.48.45_veh-43_02693_03062.db,56688640,2022-09-23T05:49:48+00:00,True,bb9292e2ba0ac6dd0635e44292adac8a3830c7282c2f1f8cd8eb399f76931bd2,d931ea67a2a7c40fcf8d5019dfbe641882114a985ae469ade40f808fdbf02f3c,8740,5193,76589ebb9bee5a0facaeeb7150260b878a1c030400a848af8749d95970b74e58,1,2021.08.17.16.48.45_veh-43_02693_03062,us-pa-pittsburgh-hazelwood,us-pa-pittsburgh-hazelwood,True,READY,
train_pittsburgh,/Users/liuqing/Projects/01_E2E_QA_Code/nuplan/dataset/data/cache/train_pittsburgh/2021.08.17.16.48.45_veh-43_03137_03245.db,2021.08.17.16.48.45_veh-43_03137_03245.db,6889472,2022-09-23T05:49:48+00:00,True,bb9292e2ba0ac6dd0635e44292adac8a3830c7282c2f1f8cd8eb399f76931bd2,fffb889c830fafd525bbb9c279aade9940a6a5447bcbd7741266417f77c201ca,2760,1596,8ae41163dcf7e614c1ba58343c9dfef0dbc77b36a0826f1fbbe53f29a7128879,1,2021.08.17.16.48.45_veh-43_03137_03245,us-pa-pittsburgh-hazelwood,us-pa-pittsburgh-hazelwood,True,READY,
train_pittsburgh,/Users/liuqing/Projects/01_E2E_QA_Code/nuplan/dataset/data/cache/train_pittsburgh/2021.08.17.16.48.45_veh-43_03268_03352.db,2021.08.17.16.48.45_veh-43_03268_03352.db,8007680,2022-09-23T05:49:48+00:00,True,bb9292e2ba0ac6dd0635e44292adac8a3830c7282c2f1f8cd8eb399f76931bd2,5cc491e99ccf13965143a17bc8f3b68fde7a3a676f1ab852ed208a7d66773b47,1289,865,c2e1e240677ee703a4c3c8daab31bba5dfe0666786b188d0ab82f0257dff7c9b,1,2021.08.17.16.48.45_veh-43_03268_03352,us-pa-pittsburgh-hazelwood,us-pa-pittsburgh-hazelwood,True,READY,
train_pittsburgh,/Users/liuqing/Projects/01_E2E_QA_Code/nuplan/dataset/data/cache/train_pittsburgh/2021.08.17.16.48.45_veh-43_03384_03788.db,2021.08.17.16.48.45_veh-43_03384_03788.db,32485376,2022-09-23T05:49:48+00:00,True,bb9292e2ba0ac6dd0635e44292adac8a3830c7282c2f1f8cd8eb399f76931bd2,0ecdda9ce7067c749f577b935a512e5968ec8cfcbc5190ab5d5567b801c876ac,8416,5001,bd0df1297f9ccb6d69acac8db80df7c1b4705923638f5610278d4c473d2166e3,1,2021.08.17.16.48.45_veh-43_03384_03788,us-pa-pittsburgh-hazelwood,us-pa-pittsburgh-hazelwood,True,READY,
train_pittsburgh,/Users/liuqing/Projects/01_E2E_QA_Code/nuplan/dataset/data/cache/train_pittsburgh/2021.08.17.16.57.11_veh-08_00206_00331.db,2021.08.17.16.57.11_veh-08_00206_00331.db,7610368,2022-09-23T05:49:48+00:00,True,bb9292e2ba0ac6dd0635e44292adac8a3830c7282c2f1f8cd8eb399f76931bd2,5c6f2a00e4048717f3914caa59d4814d4cba206411c6182c51b1ea3478a779d0,2897,2006,e24f85ef9e0d1abe36f764d3c0c6a3035e1cf874e54b1e55864da2c0c3548abc,1,2021.08.17.16.57.11_veh-08_00206_00331,us-pa-pittsburgh-hazelwood,us-pa-pittsburgh-hazelwood,True,READY,
train_pittsburgh,/Users/liuqing/Projects/01_E2E_QA_Code/nuplan/dataset/data/cache/train_pittsburgh/2021.08.17.16.57.11_veh-08_00354_01167.db,2021.08.17.16.57.11_veh-08_00354_01167.db,143327232,2022-09-23T05:49:48+00:00,True,bb9292e2ba0ac6dd0635e44292adac8a3830c7282c2f1f8cd8eb399f76931bd2,3c098b436296723f134a3c0089cc684e6cab105efc79e601d6f0ca7c09fc50ac,19460,10791,17d06bb51f62e28b88dfb04143101b986082cc0b37f21f9e4d0bffb3e3cb6c8d,1,2021.08.17.16.57.11_veh-08_00354_01167,us-pa-pittsburgh-hazelwood,us-pa-pittsburgh-hazelwood,True,READY,
train_pittsburgh,/Users/liuqing/Projects/01_E2E_QA_Code/nuplan/dataset/data/cache/train_pittsburgh/2021.08.17.16.57.11_veh-08_01200_01636.db,2021.08.17.16.57.11_veh-08_01200_01636.db,66789376,2022-09-23T05:49:48+00:00,True,bb9292e2ba0ac6dd0635e44292adac8a3830c7282c2f1f8cd8eb399f76931bd2,4c8cf67ae296e93a81ef0b358e6cb8cebd14487773a91d6c542d7142ce56c9ef,9975,5952,7873ced8e3099b8df911640eebdce9db03d6a32070e838fc937388c3b5d1acfa,1,2021.08.17.16.57.11_veh-08_01200_01636,us-pa-pittsburgh-hazelwood,us-pa-pittsburgh-hazelwood,True,READY,
train_pittsburgh,/Users/liuqing/Projects/01_E2E_QA_Code/nuplan/dataset/data/cache/train_pittsburgh/2021.08.17.17.17.01_veh-45_00123_00191.db,2021.08.17.17.17.01_veh-45_00123_00191.db,4231168,2022-09-23T05:49:48+00:00,True,bb9292e2ba0ac6dd0635e44292adac8a3830c7282c2f1f8cd8eb399f76931bd2,4b428ed6477632c843d4b569cfaee581e06acf3742352681fc1bd0f4fdd83c59,1955,1249,a8bdccaf5ce8fad33790534df49ca33ba8de1dfa2597d3d210c41123449172fb,1,2021.08.17.17.17.01_veh-45_00123_00191,us-pa-pittsburgh-hazelwood,us-pa-pittsburgh-hazelwood,True,READY,
train_pittsburgh,/Users/liuqing/Projects/01_E2E_QA_Code/nuplan/dataset/data/cache/train_pittsburgh/2021.08.17.17.17.01_veh-45_00207_00594.db,2021.08.17.17.17.01_veh-45_00207_00594.db,50479104,2022-09-23T05:49:48+00:00,True,bb9292e2ba0ac6dd0635e44292adac8a3830c7282c2f1f8cd8eb399f76931bd2,45d310e175ad02cb8c3c61eca1ceb2e33347ae5a4f1143b3250359645b39953a,9396,5055,f09bec5f8fa8ffb0c4a273c5947459540069a50604a2c18c4570fe655ec7ac13,1,2021.08.17.17.17.01_veh-45_00207_00594,us-pa-pittsburgh-hazelwood,us-pa-pittsburgh-hazelwood,True,READY,
train_pittsburgh,/Users/liuqing/Projects/01_E2E_QA_Code/nuplan/dataset/data/cache/train_pittsburgh/2021.08.17.17.17.01_veh-45_00762_01166.db,2021.08.17.17.17.01_veh-45_00762_01166.db,62406656,2022-09-23T05:49:48+00:00,True,bb9292e2ba0ac6dd0635e44292adac8a3830c7282c2f1f8cd8eb399f76931bd2,a281f3e8daa158868687fa32bb02321e0feeaae238464c79ba78f7948e0bbc68,9190,5507,4e7b610f0c0a89edec745226265ae85f747e1a2c3c35a4941ce20b6a7077a209,1,2021.08.17.17.17.01_veh-45_00762_01166,us-pa-pittsburgh-hazelwood,us-pa-pittsburgh-hazelwood,True,READY,
train_pittsburgh,/Users/liuqing/Projects/01_E2E_QA_Code/nuplan/dataset/data/cache/train_pittsburgh/2021.08.17.17.17.01_veh-45_01207_01417.db,2021.08.17.17.17.01_veh-45_01207_01417.db,38793216,2022-09-23T05:49:48+00:00,True,bb9292e2ba0ac6dd0635e44292adac8a3830c7282c2f1f8cd8eb399f76931bd2,d793260768935d2cd7232e8a902b603d1e403da01b8feeb92fc940b0142f8c04,5174,3143,2acee030065e03e46afc4182bbed3070c52fedb2525edafa5725175c8270f22b,1,2021.08.17.17.17.01_veh-45_01207_01417,us-pa-pittsburgh-hazelwood,us-pa-pittsburgh-hazelwood,True,READY,
train_pittsburgh,/Users/liuqing/Projects/01_E2E_QA_Code/nuplan/dataset/data/cache/train_pittsburgh/2021.08.17.17.17.01_veh-45_01443_01678.db,2021.08.17.17.17.01_veh-45_01443_01678.db,34226176,2022-09-23T05:49:48+00:00,True,bb9292e2ba0ac6dd0635e44292adac8a3830c7282c2f1f8cd8eb399f76931bd2,23fea27461535dbe96f5ff7736b7b6caa0165f67335031bb824108754cb049dd,5439,2648,9cff4e51c895b5ab8d7a8208cadd0b1bcb07f077f905ed0bc3546b08e3e05475,1,2021.08.17.17.17.01_veh-45_01443_01678,us-pa-pittsburgh-hazelwood,us-pa-pittsburgh-hazelwood,True,READY,
train_pittsburgh,/Users/liuqing/Projects/01_E2E_QA_Code/nuplan/dataset/data/cache/train_pittsburgh/2021.08.17.17.17.01_veh-45_01796_02069.db,2021.08.17.17.17.01_veh-45_01796_02069.db,38121472,2022-09-23T05:49:48+00:00,True,bb9292e2ba0ac6dd0635e44292adac8a3830c7282c2f1f8cd8eb399f76931bd2,47fa9f2debe8c3a9e14539af9420dfa8db56230cb01172e30d93f705d75ae743,5514,3641,e1567f292836f275c3074156ed2e679842deb06a3e943b3acace44f7a77d5d8c,1,2021.08.17.17.17.01_veh-45_01796_02069,us-pa-pittsburgh-hazelwood,us-pa-pittsburgh-hazelwood,True,READY,
train_pittsburgh,/Users/liuqing/Projects/01_E2E_QA_Code/nuplan/dataset/data/cache/train_pittsburgh/2021.08.17.17.17.01_veh-45_02098_02251.db,2021.08.17.17.17.01_veh-45_02098_02251.db,23912448,2022-09-23T05:49:48+00:00,True,bb9292e2ba0ac6dd0635e44292adac8a3830c7282c2f1f8cd8eb399f76931bd2,6b8066dc7afc7c3c05627306f878d5d24f84d3e50245c6b17333d4f09b60ad16,2677,1743,949e07cafd6a56f62b8409b153c448f91a63c510904efe7c455ded9700d148a2,1,2021.08.17.17.17.01_veh-45_02098_02251,us-pa-pittsburgh-hazelwood,us-pa-pittsburgh-hazelwood,True,READY,
train_pittsburgh,/Users/liuqing/Projects/01_E2E_QA_Code/nuplan/dataset/data/cache/train_pittsburgh/2021.08.17.17.17.01_veh-45_02314_02798.db,2021.08.17.17.17.01_veh-45_02314_02798.db,99004416,2022-09-23T05:49:48+00:00,True,bb9292e2ba0ac6dd0635e44292adac8a3830c7282c2f1f8cd8eb399f76931bd2,85d9ecc1f063ea91078fb2b6713a537414d7db3067eaa2d8746e85fa81ed16c9,11329,6775,2071f39a9f5f6f8bf28329cc3dc4f3c9fe6f6160d1384b9ad4765eec1d7dc40e,1,2021.08.17.17.17.01_veh-45_02314_02798,us-pa-pittsburgh-hazelwood,us-pa-pittsburgh-hazelwood,True,READY,
train_pittsburgh,/Users/liuqing/Projects/01_E2E_QA_Code/nuplan/dataset/data/cache/train_pittsburgh/2021.08.17.17.55.18_veh-43_00016_00083.db,2021.08.17.17.55.18_veh-43_00016_00083.db,16003072,2022-09-23T05:49:48+00:00,True,bb9292e2ba0ac6dd0635e44292adac8a3830c7282c2f1f8cd8eb399f76931bd2,08d9aaff90b5a48919b7b2404e481c2058364657075eb635e38e668162106865,1503,1088,aac6d6ad9e9cb8eb75de1c1c5e34ea83554648d72c6302190ea9d4fb9b51f99b,1,2021.08.17.17.55.18_veh-43_00016_00083,us-pa-pittsburgh-hazelwood,us-pa-pittsburgh-hazelwood,True,READY,
train_pittsburgh,/Users/liuqing/Projects/01_E2E_QA_Code/nuplan/dataset/data/cache/train_pittsburgh/2021.08.17.17.55.18_veh-43_00122_00325.db,2021.08.17.17.55.18_veh-43_00122_00325.db,37072896,2022-09-23T05:49:48+00:00,True,bb9292e2ba0ac6dd0635e44292adac8a3830c7282c2f1f8cd8eb399f76931bd2,72031d27de1fd05f52a576b1db7d1a1570ab86c7ce37afef1958dcaaa582a950,4362,2405,040e4aeb4605d2c24d1091194e0560e146b451b776d54f811bfc4967fff6e3e9,1,2021.08.17.17.55.18_veh-43_00122_00325,us-pa-pittsburgh-hazelwood,us-pa-pittsburgh-hazelwood,True,READY,
train_pittsburgh,/Users/liuqing/Projects/01_E2E_QA_Code/nuplan/dataset/data/cache/train_pittsburgh/2021.08.17.17.55.18_veh-43_00358_00673.db,2021.08.17.17.55.18_veh-43_00358_00673.db,47341568,2022-09-23T05:49:48+00:00,True,bb9292e2ba0ac6dd0635e44292adac8a3830c7282c2f1f8cd8eb399f76931bd2,9b37bc19f19c50b150218c470ca1448a4bce713420c82543b5492bbd243917e5,10390,4421,665b07a68522e2052c97a0d3c1c96d9a0e469f4db7e74567e535289bd1b426e7,1,2021.08.17.17.55.18_veh-43_00358_00673,us-pa-pittsburgh-hazelwood,us-pa-pittsburgh-hazelwood,True,READY,
train_pittsburgh,/Users/liuqing/Projects/01_E2E_QA_Code/nuplan/dataset/data/cache/train_pittsburgh/2021.08.17.17.55.18_veh-43_00802_01030.db,2021.08.17.17.55.18_veh-43_00802_01030.db,51040256,2022-09-23T05:49:48+00:00,True,bb9292e2ba0ac6dd0635e44292adac8a3830c7282c2f1f8cd8eb399f76931bd2,bd84b4bef7e4d77c5ca148f06b0a3a85b5b48177e4793c9c180caa7c0cc33a34,4959,2986,00b7090f2105d3d2cbaf812c8b80e9505dd3f5a3942678c47bbcd3016447417d,1,2021.08.17.17.55.18_veh-43_00802_01030,us-pa-pittsburgh-hazelwood,us-pa-pittsburgh-hazelwood,True,READY,
train_pittsburgh,/Users/liuqing/Projects/01_E2E_QA_Code/nuplan/dataset/data/cache/train_pittsburgh/2021.08.17.17.55.18_veh-43_01240_01704.db,2021.08.17.17.55.18_veh-43_01240_01704.db,89497600,2022-09-23T05:49:48+00:00,True,bb9292e2ba0ac6dd0635e44292adac8a3830c7282c2f1f8cd8eb399f76931bd2,6fdbd792c5c22690b06afe8387efdc63088d58a1d86270e61691d65c7176aef8,12402,5992,be89f2024d604803fe6bfe6bf7a84768e9b5f341a3dc09579c0290850e5b3a69,1,2021.08.17.17.55.18_veh-43_01240_01704,us-pa-pittsburgh-hazelwood,us-pa-pittsburgh-hazelwood,True,READY,
train_pittsburgh,/Users/liuqing/Projects/01_E2E_QA_Code/nuplan/dataset/data/cache/train_pittsburgh/2021.08.17.18.11.12_veh-08_00083_00200.db,2021.08.17.18.11.12_veh-08_00083_00200.db,7454720,2022-09-23T05:49:48+00:00,True,bb9292e2ba0ac6dd0635e44292adac8a3830c7282c2f1f8cd8eb399f76931bd2,27228abc3216200c2deb548e0cdbed172d035ea638514ff6f8c8c67c2893c7c4,2696,1721,dd02e5c8bdb19c4951a8fcc664f8782e93cbc80c4fd2157b4c5dd2650cc925f7,1,2021.08.17.18.11.12_veh-08_00083_00200,us-pa-pittsburgh-hazelwood,us-pa-pittsburgh-hazelwood,True,READY,
train_pittsburgh,/Users/liuqing/Projects/01_E2E_QA_Code/nuplan/dataset/data/cache/train_pittsburgh/2021.08.17.18.11.12_veh-08_00234_00611.db,2021.08.17.18.11.12_veh-08_00234_00611.db,32407552,2022-09-23T05:49:48+00:00,True,bb9292e2ba0ac6dd0635e44292adac8a3830c7282c2f1f8cd8eb399f76931bd2,6ac2e9aaad6574ac7e512d39c39247b83cf7b4235ad3beff7282577cb85be737,8368,5302,d3253b0e59f409434f82b0f280ad4a725ceabe43c697bee5d2173ccd63646f9e,1,2021.08.17.18.11.12_veh-08_00234_00611,us-pa-pittsburgh-hazelwood,us-pa-pittsburgh-hazelwood,True,READY,
train_pittsburgh,/Users/liuqing/Projects/01_E2E_QA_Code/nuplan/dataset/data/cache/train_pittsburgh/2021.08.17.18.11.12_veh-08_00629_01599.db,2021.08.17.18.11.12_veh-08_00629_01599.db,179933184,2022-09-23T05:49:48+00:00,True,bb9292e2ba0ac6dd0635e44292adac8a3830c7282c2f1f8cd8eb399f76931bd2,245d61e46a486449081811ec88b45f98de15539412d6a004bfee4bfff00e176e,21512,12945,64d1ee314ccd036925fcafa2dece4e2f202762b9e1fffd664102a991b9d8747d,1,2021.08.17.18.11.12_veh-08_00629_01599,us-pa-pittsburgh-hazelwood,us-pa-pittsburgh-hazelwood,True,READY,
train_pittsburgh,/Users/liuqing/Projects/01_E2E_QA_Code/nuplan/dataset/data/cache/train_pittsburgh/2021.08.17.18.11.12_veh-08_01622_01709.db,2021.08.17.18.11.12_veh-08_01622_01709.db,9150464,2022-09-23T05:49:48+00:00,True,bb9292e2ba0ac6dd0635e44292adac8a3830c7282c2f1f8cd8eb399f76931bd2,1052dd76cb65040367588fd84b7de794643c217e5a4676e1862c6f68b572eb63,1421,899,17684c3e8c9e88fa092d2002c3504ecb0068ea7b1b9a25f55af85665a191b6f6,1,2021.08.17.18.11.12_veh-08_01622_01709,us-pa-pittsburgh-hazelwood,us-pa-pittsburgh-hazelwood,True,READY,
train_pittsburgh,/Users/liuqing/Projects/01_E2E_QA_Code/nuplan/dataset/data/cache/train_pittsburgh/2021.08.17.18.13.38_veh-45_00016_00127.db,2021.08.17.18.13.38_veh-45_00016_00127.db,18743296,2022-09-23T05:49:48+00:00,True,bb9292e2ba0ac6dd0635e44292adac8a3830c7282c2f1f8cd8eb399f76931bd2,94859b1f7eaa3d8f5c7c3795d4002a62379cfdb7dd40215a622603ffa3789d12,2094,1526,1af6c6e60869a448b037b77e6d16fd8f91168ccb43755c00437e1cc30de37f7e,1,2021.08.17.18.13.38_veh-45_00016_00127,us-pa-pittsburgh-hazelwood,us-pa-pittsburgh-hazelwood,True,READY,
train_pittsburgh,/Users/liuqing/Projects/01_E2E_QA_Code/nuplan/dataset/data/cache/train_pittsburgh/2021.08.17.18.13.38_veh-45_00151_00387.db,2021.08.17.18.13.38_veh-45_00151_00387.db,41467904,2022-09-23T05:49:48+00:00,True,bb9292e2ba0ac6dd0635e44292adac8a3830c7282c2f1f8cd8eb399f76931bd2,5d9c1745bfd2c330c8fb18b967018af78d5a8922db860149bf4d0995819ff7ed,6172,3445,563bac2a186c85db5982638e90d7e3c1f0e003248d25bb377a94bdb4d2d83a5f,1,2021.08.17.18.13.38_veh-45_00151_00387,us-pa-pittsburgh-hazelwood,us-pa-pittsburgh-hazelwood,True,READY,
train_pittsburgh,/Users/liuqing/Projects/01_E2E_QA_Code/nuplan/dataset/data/cache/train_pittsburgh/2021.08.17.18.13.38_veh-45_00410_00618.db,2021.08.17.18.13.38_veh-45_00410_00618.db,24440832,2022-09-23T05:49:49+00:00,True,bb9292e2ba0ac6dd0635e44292adac8a3830c7282c2f1f8cd8eb399f76931bd2,22a0c1f28a7f85c8b80abff5e5419a8a7f058867b7cf0afe7436a918b927618e,4574,2690,fa18fd39f1473e949e3dcb99d8898bb1381186b959c5cecc369a8a0a16433df2,1,2021.08.17.18.13.38_veh-45_00410_00618,us-pa-pittsburgh-hazelwood,us-pa-pittsburgh-hazelwood,True,READY,
train_pittsburgh,/Users/liuqing/Projects/01_E2E_QA_Code/nuplan/dataset/data/cache/train_pittsburgh/2021.08.17.18.13.38_veh-45_00641_00881.db,2021.08.17.18.13.38_veh-45_00641_00881.db,42901504,2022-09-23T05:49:49+00:00,True,bb9292e2ba0ac6dd0635e44292adac8a3830c7282c2f1f8cd8eb399f76931bd2,348cf536d63a2f7cb8fbd72c611d46443bf6c18be22da8886b4776925afdad7e,5592,3732,7c6c1242ae1b5562b3c2237a5220c9b752925ecd67f1435a1491c64a0fc92e0f,1,2021.08.17.18.13.38_veh-45_00641_00881,us-pa-pittsburgh-hazelwood,us-pa-pittsburgh-hazelwood,True,READY,
train_pittsburgh,/Users/liuqing/Projects/01_E2E_QA_Code/nuplan/dataset/data/cache/train_pittsburgh/2021.08.17.18.13.38_veh-45_00946_01854.db,2021.08.17.18.13.38_veh-45_00946_01854.db,171196416,2022-09-23T05:49:49+00:00,True,bb9292e2ba0ac6dd0635e44292adac8a3830c7282c2f1f8cd8eb399f76931bd2,2d2e7616d567b20400cd4c693f52bf2c42d52531946145ac7af504d45bb3eb51,16813,10542,3d36beb94856ad82b9325b3d4520ffd0a07d9576705d207033668ccb466d0ad5,1,2021.08.17.18.13.38_veh-45_00946_01854,us-pa-pittsburgh-hazelwood,us-pa-pittsburgh-hazelwood,True,READY,
train_pittsburgh,/Users/liuqing/Projects/01_E2E_QA_Code/nuplan/dataset/data/cache/train_pittsburgh/2021.08.17.18.43.12_veh-43_00125_00805.db,2021.08.17.18.43.12_veh-43_00125_00805.db,118145024,2022-09-23T05:30:19+00:00,True,bb9292e2ba0ac6dd0635e44292adac8a3830c7282c2f1f8cd8eb399f76931bd2,e9e14bc0bf627cdf4c3599929c922170304a4ced62b46fd3e92331cd087f91ae,0,0,e3b0c44298fc1c149afbf4c8996fb92427ae41e4649b934ca495991b7852b855,1,2021.08.17.18.43.12_veh-43_00125_00805,us-pa-pittsburgh-hazelwood,us-pa-pittsburgh-hazelwood,True,READY,
train_pittsburgh,/Users/liuqing/Projects/01_E2E_QA_Code/nuplan/dataset/data/cache/train_pittsburgh/2021.08.17.18.43.12_veh-43_01023_01358.db,2021.08.17.18.43.12_veh-43_01023_01358.db,62156800,2022-09-23T05:30:19+00:00,True,bb9292e2ba0ac6dd0635e44292adac8a3830c7282c2f1f8cd8eb399f76931bd2,a6d12f8473eb1b9fe678bb2c897de39c1d2133c6bb63b3b2e0810232e5848d65,0,0,e3b0c44298fc1c149afbf4c8996fb92427ae41e4649b934ca495991b7852b855,1,2021.08.17.18.43.12_veh-43_01023_01358,us-pa-pittsburgh-hazelwood,us-pa-pittsburgh-hazelwood,True,READY,
train_pittsburgh,/Users/liuqing/Projects/01_E2E_QA_Code/nuplan/dataset/data/cache/train_pittsburgh/2021.08.17.18.43.12_veh-43_01390_01589.db,2021.08.17.18.43.12_veh-43_01390_01589.db,34611200,2022-09-23T05:30:19+00:00,True,bb9292e2ba0ac6dd0635e44292adac8a3830c7282c2f1f8cd8eb399f76931bd2,f368642e3fe4f45640198ef20fcd179d002ecfcb27d502fa64c1579bc258c01d,0,0,e3b0c44298fc1c149afbf4c8996fb92427ae41e4649b934ca495991b7852b855,1,2021.08.17.18.43.12_veh-43_01390_01589,us-pa-pittsburgh-hazelwood,us-pa-pittsburgh-hazelwood,True,READY,
train_pittsburgh,/Users/liuqing/Projects/01_E2E_QA_Code/nuplan/dataset/data/cache/train_pittsburgh/2021.08.17.18.43.12_veh-43_01611_01812.db,2021.08.17.18.43.12_veh-43_01611_01812.db,46882816,2022-09-23T05:30:19+00:00,True,bb9292e2ba0ac6dd0635e44292adac8a3830c7282c2f1f8cd8eb399f76931bd2,2ae3b8c6af22e8c1eccecf56f34c2bc4cf3791fdd7fae70ab68997b7e804bce6,0,0,e3b0c44298fc1c149afbf4c8996fb92427ae41e4649b934ca495991b7852b855,1,2021.08.17.18.43.12_veh-43_01611_01812,us-pa-pittsburgh-hazelwood,us-pa-pittsburgh-hazelwood,True,READY,
train_pittsburgh,/Users/liuqing/Projects/01_E2E_QA_Code/nuplan/dataset/data/cache/train_pittsburgh/2021.08.17.18.43.12_veh-43_01906_02722.db,2021.08.17.18.43.12_veh-43_01906_02722.db,137551872,2022-09-23T05:30:19+00:00,True,bb9292e2ba0ac6dd0635e44292adac8a3830c7282c2f1f8cd8eb399f76931bd2,27eab5363f18535d8492c1839d0c822254a89f279aed712ea689af3cb81c2a61,0,0,e3b0c44298fc1c149afbf4c8996fb92427ae41e4649b934ca495991b7852b855,1,2021.08.17.18.43.12_veh-43_01906_02722,us-pa-pittsburgh-hazelwood,us-pa-pittsburgh-hazelwood,True,READY,
train_pittsburgh,/Users/liuqing/Projects/01_E2E_QA_Code/nuplan/dataset/data/cache/train_pittsburgh/2021.08.17.18.43.12_veh-43_02784_02851.db,2021.08.17.18.43.12_veh-43_02784_02851.db,12402688,2022-09-23T05:30:19+00:00,True,bb9292e2ba0ac6dd0635e44292adac8a3830c7282c2f1f8cd8eb399f76931bd2,97d647a1d84ef1965cc3e67480d83831b1a86cac234e8a3b1dd4712270e3c1f4,0,0,e3b0c44298fc1c149afbf4c8996fb92427ae41e4649b934ca495991b7852b855,1,2021.08.17.18.43.12_veh-43_02784_02851,us-pa-pittsburgh-hazelwood,us-pa-pittsburgh-hazelwood,True,READY,
train_pittsburgh,/Users/liuqing/Projects/01_E2E_QA_Code/nuplan/dataset/data/cache/train_pittsburgh/2021.08.17.18.43.12_veh-43_02889_03258.db,2021.08.17.18.43.12_veh-43_02889_03258.db,67588096,2022-09-23T05:30:19+00:00,True,bb9292e2ba0ac6dd0635e44292adac8a3830c7282c2f1f8cd8eb399f76931bd2,2d989f1cc8a69c1e47f3d6e4c3b2bd5ddc09568da8fc5314c1a212a83e285480,0,0,e3b0c44298fc1c149afbf4c8996fb92427ae41e4649b934ca495991b7852b855,1,2021.08.17.18.43.12_veh-43_02889_03258,us-pa-pittsburgh-hazelwood,us-pa-pittsburgh-hazelwood,True,READY,
train_pittsburgh,/Users/liuqing/Projects/01_E2E_QA_Code/nuplan/dataset/data/cache/train_pittsburgh/2021.08.17.18.43.12_veh-43_03294_03490.db,2021.08.17.18.43.12_veh-43_03294_03490.db,26243072,2022-09-23T05:30:20+00:00,True,bb9292e2ba0ac6dd0635e44292adac8a3830c7282c2f1f8cd8eb399f76931bd2,644e911408327f03eb725d6d22659c374c96ed2ef1b683e8d7fe13b62af7757a,0,0,e3b0c44298fc1c149afbf4c8996fb92427ae41e4649b934ca495991b7852b855,1,2021.08.17.18.43.12_veh-43_03294_03490,us-pa-pittsburgh-hazelwood,us-pa-pittsburgh-hazelwood,True,READY,
train_pittsburgh,/Users/liuqing/Projects/01_E2E_QA_Code/nuplan/dataset/data/cache/train_pittsburgh/2021.08.17.18.44.32_veh-08_00016_00564.db,2021.08.17.18.44.32_veh-08_00016_00564.db,83861504,2022-09-23T05:49:49+00:00,True,bb9292e2ba0ac6dd0635e44292adac8a3830c7282c2f1f8cd8eb399f76931bd2,31ba94f4a3aa6c8dc184be6908f2abafffae1aa7b55bf889cdff7cf3c30ea316,16156,7942,37be2f29e80c00d48467dbf8a30d525c40b1d05d9d9a561eab29a6b8e64180a3,1,2021.08.17.18.44.32_veh-08_00016_00564,us-pa-pittsburgh-hazelwood,us-pa-pittsburgh-hazelwood,True,READY,
train_pittsburgh,/Users/liuqing/Projects/01_E2E_QA_Code/nuplan/dataset/data/cache/train_pittsburgh/2021.08.17.18.44.32_veh-08_00586_00848.db,2021.08.17.18.44.32_veh-08_00586_00848.db,47755264,2022-09-23T05:49:49+00:00,True,bb9292e2ba0ac6dd0635e44292adac8a3830c7282c2f1f8cd8eb399f76931bd2,e9c849969abac6f539057db1ea16a800760776fdaffa73c2d91c3d1a07052337,5813,3426,a6b01f40d720484a30bc193c7b3c5b8972d72ce9c9070d9d57efd30d640bbb62,1,2021.08.17.18.44.32_veh-08_00586_00848,us-pa-pittsburgh-hazelwood,us-pa-pittsburgh-hazelwood,True,READY,
train_pittsburgh,/Users/liuqing/Projects/01_E2E_QA_Code/nuplan/dataset/data/cache/train_pittsburgh/2021.08.17.18.44.32_veh-08_00873_01540.db,2021.08.17.18.44.32_veh-08_00873_01540.db,98230272,2022-09-23T05:49:49+00:00,True,bb9292e2ba0ac6dd0635e44292adac8a3830c7282c2f1f8cd8eb399f76931bd2,1cb3c75b746cb01223b66bddc8ff4126c3ee131fd5d109fa453737e80e61130c,10201,6378,9372526116dc2d9aeb067d1621ab5796314e9e2317eaf15449a7c39c7d16db15,1,2021.08.17.18.44.32_veh-08_00873_01540,us-pa-pittsburgh-hazelwood,us-pa-pittsburgh-hazelwood,True,READY,
train_pittsburgh,/Users/liuqing/Projects/01_E2E_QA_Code/nuplan/dataset/data/cache/train_pittsburgh/2021.08.17.18.54.02_veh-45_00016_00304.db,2021.08.17.18.54.02_veh-45_00016_00304.db,51658752,2022-09-23T05:49:49+00:00,True,bb9292e2ba0ac6dd0635e44292adac8a3830c7282c2f1f8cd8eb399f76931bd2,8067ed5007e0bb9a7a44d7bf7d51f3eb47ffa34877113e7b85a0ef04dc2687e3,7008,3979,60d934cbc415ff2f08459cf1453763387112cd4a6138843debb09327fc6994b4,1,2021.08.17.18.54.02_veh-45_00016_00304,us-pa-pittsburgh-hazelwood,us-pa-pittsburgh-hazelwood,True,READY,
train_pittsburgh,/Users/liuqing/Projects/01_E2E_QA_Code/nuplan/dataset/data/cache/train_pittsburgh/2021.08.17.18.54.02_veh-45_00511_00579.db,2021.08.17.18.54.02_veh-45_00511_00579.db,11571200,2022-09-23T05:49:49+00:00,True,bb9292e2ba0ac6dd0635e44292adac8a3830c7282c2f1f8cd8eb399f76931bd2,fcdbbd6e817a78a2950873262f8431e25d9b873c9af85d28079d19362848042c,1323,745,e7ec8cd65f2c3918d557bc008272f6d27f602c0c90b81867c65285965be934d4,1,2021.08.17.18.54.02_veh-45_00511_00579,us-pa-pittsburgh-hazelwood,us-pa-pittsburgh-hazelwood,True,READY,
train_pittsburgh,/Users/liuqing/Projects/01_E2E_QA_Code/nuplan/dataset/data/cache/train_pittsburgh/2021.08.17.18.54.02_veh-45_00665_01065.db,2021.08.17.18.54.02_veh-45_00665_01065.db,64446464,2022-09-23T05:49:49+00:00,True,bb9292e2ba0ac6dd0635e44292adac8a3830c7282c2f1f8cd8eb399f76931bd2,21f55642e1d41fb6d82dec4d930a08dcbc258a60aa561bb749b272a996350942,10445,6370,2b68400d2f6b61ba6528e53b52b8768e95e90640b08350c3fd350f147060284a,1,2021.08.17.18.54.02_veh-45_00665_01065,us-pa-pittsburgh-hazelwood,us-pa-pittsburgh-hazelwood,True,READY,
train_pittsburgh,/Users/liuqing/Projects/01_E2E_QA_Code/nuplan/dataset/data/cache/train_pittsburgh/2021.08.17.18.54.02_veh-45_01103_01238.db,2021.08.17.18.54.02_veh-45_01103_01238.db,28135424,2022-09-23T05:49:49+00:00,True,bb9292e2ba0ac6dd0635e44292adac8a3830c7282c2f1f8cd8eb399f76931bd2,56fc9a275b3f11d42e8adf40a13b6f47ceab4334f218dab17acf98c32d080787,2829,1886,50a793eaf2aa0f082610a5fc45dae9cbe93915c85e4e6197724c90cdce1a9a04,1,2021.08.17.18.54.02_veh-45_01103_01238,us-pa-pittsburgh-hazelwood,us-pa-pittsburgh-hazelwood,True,READY,
train_pittsburgh,/Users/liuqing/Projects/01_E2E_QA_Code/nuplan/dataset/data/cache/train_pittsburgh/2021.08.17.18.54.02_veh-45_01261_02086.db,2021.08.17.18.54.02_veh-45_01261_02086.db,123908096,2022-09-23T05:49:49+00:00,True,bb9292e2ba0ac6dd0635e44292adac8a3830c7282c2f1f8cd8eb399f76931bd2,c45775d147943d82964250b3f101e34ebde72c86dab6917674d68facacc106ed,19203,11646,acf62cb2a0fe8b4d709707623bace78615ae98f5091f520957ad302abb7c9ac8,1,2021.08.17.18.54.02_veh-45_01261_02086,us-pa-pittsburgh-hazelwood,us-pa-pittsburgh-hazelwood,True,READY,
train_pittsburgh,/Users/liuqing/Projects/01_E2E_QA_Code/nuplan/dataset/data/cache/train_pittsburgh/2021.08.17.18.54.02_veh-45_02105_02189.db,2021.08.17.18.54.02_veh-45_02105_02189.db,6856704,2022-09-23T05:49:49+00:00,True,bb9292e2ba0ac6dd0635e44292adac8a3830c7282c2f1f8cd8eb399f76931bd2,9462a922ce652aacb2918abf48eb6de777ef1d77faced68b075b848b0b7ed1d9,1717,822,351f3b0b3ed78bb4c6c76e42b9a16a28741e516ad12bbc3ea1e862b809f312a9,1,2021.08.17.18.54.02_veh-45_02105_02189,us-pa-pittsburgh-hazelwood,us-pa-pittsburgh-hazelwood,True,READY,
train_pittsburgh,/Users/liuqing/Projects/01_E2E_QA_Code/nuplan/dataset/data/cache/train_pittsburgh/2021.08.17.18.54.02_veh-45_02202_02416.db,2021.08.17.18.54.02_veh-45_02202_02416.db,18321408,2022-09-23T05:49:49+00:00,True,bb9292e2ba0ac6dd0635e44292adac8a3830c7282c2f1f8cd8eb399f76931bd2,a45bf2f0154b87d64b030bea4791a483ac65fe30aed35fa3c0799389da046bdf,3896,2837,748da988226f10e40aed86354ccd27db59158e515ba0ebec5cb8f40ec25d1d53,1,2021.08.17.18.54.02_veh-45_02202_02416,us-pa-pittsburgh-hazelwood,us-pa-pittsburgh-hazelwood,True,READY,
train_pittsburgh,/Users/liuqing/Projects/01_E2E_QA_Code/nuplan/dataset/data/cache/train_pittsburgh/2021.08.17.19.18.39_veh-08_00118_00178.db,2021.08.17.19.18.39_veh-08_00118_00178.db,3985408,2022-09-23T05:49:49+00:00,True,bb9292e2ba0ac6dd0635e44292adac8a3830c7282c2f1f8cd8eb399f76931bd2,d65a456cf609d78d8fa17e5043726e678d10d0f6572067303b52cf72d13e34da,1208,828,bc880b59a2e56eeca8ccbf9bdb0f944aa3ad14cd540318006f52ee0aa35e844d,1,2021.08.17.19.18.39_veh-08_00118_00178,us-pa-pittsburgh-hazelwood,us-pa-pittsburgh-hazelwood,True,READY,
train_pittsburgh,/Users/liuqing/Projects/01_E2E_QA_Code/nuplan/dataset/data/cache/train_pittsburgh/2021.08.17.19.18.39_veh-08_00208_00380.db,2021.08.17.19.18.39_veh-08_00208_00380.db,14319616,2022-09-23T05:49:49+00:00,True,bb9292e2ba0ac6dd0635e44292adac8a3830c7282c2f1f8cd8eb399f76931bd2,9e2ff522e81e0c9f3446c5aad0b1088d3e3e38037e38f65e16ff7d6e5b4b4ceb,3147,1849,93d8b3d296aa449ed27590f7083917385f478aeebcdbb55fd2a1b4bda6c2e6bf,1,2021.08.17.19.18.39_veh-08_00208_00380,us-pa-pittsburgh-hazelwood,us-pa-pittsburgh-hazelwood,True,READY,
train_pittsburgh,/Users/liuqing/Projects/01_E2E_QA_Code/nuplan/dataset/data/cache/train_pittsburgh/2021.08.17.19.18.39_veh-08_00407_00595.db,2021.08.17.19.18.39_veh-08_00407_00595.db,15220736,2022-09-23T05:49:49+00:00,True,bb9292e2ba0ac6dd0635e44292adac8a3830c7282c2f1f8cd8eb399f76931bd2,9507c9c4a2aaae3ef20728fa2657715e2d2d438e7d1bd4df05e8e8f6098a3d16,3148,1934,322e96077e962f57f9d1bd754449407d077323551d033a907550d4cfde9c75f6,1,2021.08.17.19.18.39_veh-08_00407_00595,us-pa-pittsburgh-hazelwood,us-pa-pittsburgh-hazelwood,True,READY,
train_pittsburgh,/Users/liuqing/Projects/01_E2E_QA_Code/nuplan/dataset/data/cache/train_pittsburgh/2021.08.17.19.18.39_veh-08_00696_00823.db,2021.08.17.19.18.39_veh-08_00696_00823.db,11644928,2022-09-23T05:49:49+00:00,True,bb9292e2ba0ac6dd0635e44292adac8a3830c7282c2f1f8cd8eb399f76931bd2,dfd25b715dd38c13b12f54fbdd74e3ae09b8309f432eb81339fa6fb11f6454b9,2158,1287,2d456dd877127fe041e9fa6ac652d377ad77e016be13578eccf7c9d3c69b2c7d,1,2021.08.17.19.18.39_veh-08_00696_00823,us-pa-pittsburgh-hazelwood,us-pa-pittsburgh-hazelwood,True,READY,
train_pittsburgh,/Users/liuqing/Projects/01_E2E_QA_Code/nuplan/dataset/data/cache/train_pittsburgh/2021.08.19.14.06.23_veh-45_00353_00623.db,2021.08.19.14.06.23_veh-45_00353_00623.db,25661440,2022-09-23T05:49:50+00:00,True,bb9292e2ba0ac6dd0635e44292adac8a3830c7282c2f1f8cd8eb399f76931bd2,4d2300277eef502ea9d0099c1c5eaa7546d974c3431e68e61300d6e50b4ab790,6883,3391,0bfdd2998367ebb798db6154179eac8be575b674299cb6924e9b80260e8a1b37,1,2021.08.19.14.06.23_veh-45_00353_00623,us-pa-pittsburgh-hazelwood,us-pa-pittsburgh-hazelwood,True,READY,
train_pittsburgh,/Users/liuqing/Projects/01_E2E_QA_Code/nuplan/dataset/data/cache/train_pittsburgh/2021.08.19.14.06.23_veh-45_00656_00769.db,2021.08.19.14.06.23_veh-45_00656_00769.db,25550848,2022-09-23T05:49:50+00:00,True,bb9292e2ba0ac6dd0635e44292adac8a3830c7282c2f1f8cd8eb399f76931bd2,52506a2b18612259763cc6d3060984d1582bb7cce3f30df232de82ab13c2e42c,2928,1648,7d9a0986ffdaadbfca839d872fe0f4509aa281c7ba7de9144c0798c2bd1d8524,1,2021.08.19.14.06.23_veh-45_00656_00769,us-pa-pittsburgh-hazelwood,us-pa-pittsburgh-hazelwood,True,READY,
train_pittsburgh,/Users/liuqing/Projects/01_E2E_QA_Code/nuplan/dataset/data/cache/train_pittsburgh/2021.08.19.14.06.23_veh-45_00878_01453.db,2021.08.19.14.06.23_veh-45_00878_01453.db,89976832,2022-09-23T05:49:50+00:00,True,bb9292e2ba0ac6dd0635e44292adac8a3830c7282c2f1f8cd8eb399f76931bd2,256cb1b6d937a6e757e35d5ab6b59e47afb0bc342373ef2062e40c5c658bc639,12404,6986,c61188d2a3bac89ee64edc50f23d1efc16bcfa6aa5bf79c8f847f23765308e83,1,2021.08.19.14.06.23_veh-45_00878_01453,us-pa-pittsburgh-hazelwood,us-pa-pittsburgh-hazelwood,True,READY,
train_pittsburgh,/Users/liuqing/Projects/01_E2E_QA_Code/nuplan/dataset/data/cache/train_pittsburgh/2021.08.19.14.06.23_veh-45_01563_01875.db,2021.08.19.14.06.23_veh-45_01563_01875.db,46657536,2022-09-23T05:49:50+00:00,True,bb9292e2ba0ac6dd0635e44292adac8a3830c7282c2f1f8cd8eb399f76931bd2,5b392af44b1e368e3618b44a50a95fc436d42b7bfb2a6d44c82f337a3199d1c8,9161,4515,4020d28c890fc2fa4adcc0a29301dd1cd2896367c7b7953246c4feb1f5079607,1,2021.08.19.14.06.23_veh-45_01563_01875,us-pa-pittsburgh-hazelwood,us-pa-pittsburgh-hazelwood,True,READY,
train_pittsburgh,/Users/liuqing/Projects/01_E2E_QA_Code/nuplan/dataset/data/cache/train_pittsburgh/2021.08.19.14.06.23_veh-45_01977_02108.db,2021.08.19.14.06.23_veh-45_01977_02108.db,7938048,2022-09-23T05:49:50+00:00,True,bb9292e2ba0ac6dd0635e44292adac8a3830c7282c2f1f8cd8eb399f76931bd2,56d5f93d4554cd814f64bf8f2ef97e8d82d69ce23d73a5a2875beb7e417798ed,3365,2072,b50b6a3eecacc1907316bf045ba80350afd6955e52ed89b977a3e2d60ba31f3b,1,2021.08.19.14.06.23_veh-45_01977_02108,us-pa-pittsburgh-hazelwood,us-pa-pittsburgh-hazelwood,True,READY,
train_pittsburgh,/Users/liuqing/Projects/01_E2E_QA_Code/nuplan/dataset/data/cache/train_pittsburgh/2021.08.19.14.06.23_veh-45_02208_02388.db,2021.08.19.14.06.23_veh-45_02208_02388.db,12791808,2022-09-23T05:49:50+00:00,True,bb9292e2ba0ac6dd0635e44292adac8a3830c7282c2f1f8cd8eb399f76931bd2,ed38f5b0cacee2f8b040b30774a82268adebfc51a606d8533122b741d77ba137,4193,2661,289c73804623e906212f6a17a30f5eb5bd3266f9c5d2f066f84021f2ae48d882,1,2021.08.19.14.06.23_veh-45_02208_02388,us-pa-pittsburgh-hazelwood,us-pa-pittsburgh-hazelwood,True,READY,
train_pittsburgh,/Users/liuqing/Projects/01_E2E_QA_Code/nuplan/dataset/data/cache/train_pittsburgh/2021.08.19.14.06.23_veh-45_02467_02637.db,2021.08.19.14.06.23_veh-45_02467_02637.db,19185664,2022-09-23T05:49:50+00:00,True,bb9292e2ba0ac6dd0635e44292adac8a3830c7282c2f1f8cd8eb399f76931bd2,ca60007f5520e839ec0752385cb983c673b221cf7b6320636bca0e1339255697,4905,2194,306b2f0b8fa8a50d847af57c38b97db43cdb3ab4d76518737bb5de8430b3b949,1,2021.08.19.14.06.23_veh-45_02467_02637,us-pa-pittsburgh-hazelwood,us-pa-pittsburgh-hazelwood,True,READY,
train_pittsburgh,/Users/liuqing/Projects/01_E2E_QA_Code/nuplan/dataset/data/cache/train_pittsburgh/2021.08.19.14.06.23_veh-45_02707_03078.db,2021.08.19.14.06.23_veh-45_02707_03078.db,55767040,2022-09-23T05:49:50+00:00,True,bb9292e2ba0ac6dd0635e44292adac8a3830c7282c2f1f8cd8eb399f76931bd2,897c171f0e1209ebd2a79d0d50968d282dcc66b2f7db5685cdfa4ed696b62991,7806,4717,01418b570ab97347703bfc03b235527b0983b4d8afe44a5ea5aeb7f7ca3bde7f,1,2021.08.19.14.06.23_veh-45_02707_03078,us-pa-pittsburgh-hazelwood,us-pa-pittsburgh-hazelwood,True,READY,
train_pittsburgh,/Users/liuqing/Projects/01_E2E_QA_Code/nuplan/dataset/data/cache/train_pittsburgh/2021.08.19.15.03.05_veh-45_00037_00124.db,2021.08.19.15.03.05_veh-45_00037_00124.db,17641472,2022-09-23T05:49:50+00:00,True,bb9292e2ba0ac6dd0635e44292adac8a3830c7282c2f1f8cd8eb399f76931bd2,9938e521d5e8e3f4546d970100f7c452315e8d48431f984e8b41cc2eddd5b08d,1995,944,fcad24194857e91407a8c912dcd75ebe35528437552219a679991d8f5b1d6cdd,1,2021.08.19.15.03.05_veh-45_00037_00124,us-pa-pittsburgh-hazelwood,us-pa-pittsburgh-hazelwood,True,READY,
train_pittsburgh,/Users/liuqing/Projects/01_E2E_QA_Code/nuplan/dataset/data/cache/train_pittsburgh/2021.08.19.15.03.05_veh-45_00216_00500.db,2021.08.19.15.03.05_veh-45_00216_00500.db,55042048,2022-09-23T05:49:50+00:00,True,bb9292e2ba0ac6dd0635e44292adac8a3830c7282c2f1f8cd8eb399f76931bd2,e919def14a64dde2aac4cde3dd2cb57a60beceb48146a8cb331334f7e8da2f5b,9298,4007,8b712f68724c170eaf81f1549ebdee9bc560948f656bccc086a5cea622300341,1,2021.08.19.15.03.05_veh-45_00216_00500,us-pa-pittsburgh-hazelwood,us-pa-pittsburgh-hazelwood,True,READY,
train_pittsburgh,/Users/liuqing/Projects/01_E2E_QA_Code/nuplan/dataset/data/cache/train_pittsburgh/2021.08.19.15.03.05_veh-45_00533_00692.db,2021.08.19.15.03.05_veh-45_00533_00692.db,31490048,2022-09-23T05:49:50+00:00,True,bb9292e2ba0ac6dd0635e44292adac8a3830c7282c2f1f8cd8eb399f76931bd2,840bc4a9e30dbf565e81c1a1516ee7a3cc04a3c8c746f4b913fb01f11b12a469,3966,2354,25b8d99a6a81661266668d80173940519976c7f4b149a4e50759b627c75db480,1,2021.08.19.15.03.05_veh-45_00533_00692,us-pa-pittsburgh-hazelwood,us-pa-pittsburgh-hazelwood,True,READY,
train_pittsburgh,/Users/liuqing/Projects/01_E2E_QA_Code/nuplan/dataset/data/cache/train_pittsburgh/2021.08.19.15.03.05_veh-45_00752_00982.db,2021.08.19.15.03.05_veh-45_00752_00982.db,29532160,2022-09-23T05:49:50+00:00,True,bb9292e2ba0ac6dd0635e44292adac8a3830c7282c2f1f8cd8eb399f76931bd2,d53aabf7a59264823e3eee09f368b620ce9cc82e2ea0492ff42c4e8d0da426ac,4619,2998,538ee783112dfae46c894aeb9fd0690675305a61a3024da6b1e8707c315b5c81,1,2021.08.19.15.03.05_veh-45_00752_00982,us-pa-pittsburgh-hazelwood,us-pa-pittsburgh-hazelwood,True,READY,
train_pittsburgh,/Users/liuqing/Projects/01_E2E_QA_Code/nuplan/dataset/data/cache/train_pittsburgh/2021.08.19.15.03.05_veh-45_01098_01311.db,2021.08.19.15.03.05_veh-45_01098_01311.db,21307392,2022-09-23T05:49:50+00:00,True,bb9292e2ba0ac6dd0635e44292adac8a3830c7282c2f1f8cd8eb399f76931bd2,c85d911f1ce3fd06c58ad9debc49cb7bf1830c976125b5ac3d02f803663ff67e,4399,3018,82016459df3e00f36658f9e669a7bc627742a238f9ebdab5fcae1830e4625f56,1,2021.08.19.15.03.05_veh-45_01098_01311,us-pa-pittsburgh-hazelwood,us-pa-pittsburgh-hazelwood,True,READY,
train_pittsburgh,/Users/liuqing/Projects/01_E2E_QA_Code/nuplan/dataset/data/cache/train_pittsburgh/2021.08.19.15.03.05_veh-45_01383_01593.db,2021.08.19.15.03.05_veh-45_01383_01593.db,13340672,2022-09-23T05:49:50+00:00,True,bb9292e2ba0ac6dd0635e44292adac8a3830c7282c2f1f8cd8eb399f76931bd2,ca540b5222fdf9a182a15b6c072f0b9a09372b8a7c4230073a0befc9ee79bd29,5121,3254,692c85bd194ded09d9f38a234b3d6e98e94e32cb9c42fb7c974de420100690f2,1,2021.08.19.15.03.05_veh-45_01383_01593,us-pa-pittsburgh-hazelwood,us-pa-pittsburgh-hazelwood,True,READY,
train_pittsburgh,/Users/liuqing/Projects/01_E2E_QA_Code/nuplan/dataset/data/cache/train_pittsburgh/2021.08.19.15.03.05_veh-45_01660_01736.db,2021.08.19.15.03.05_veh-45_01660_01736.db,8052736,2022-09-23T05:49:50+00:00,True,bb9292e2ba0ac6dd0635e44292adac8a3830c7282c2f1f8cd8eb399f76931bd2,d28fa8751648e29c75b53cf5f8fc8a982f2970b30cabc24d8bb9f4b46936ce5a,1474,858,8c975366717a96dff230a86799682b6e3f2bbf523f1e193d3738db8f0021d886,1,2021.08.19.15.03.05_veh-45_01660_01736,us-pa-pittsburgh-hazelwood,us-pa-pittsburgh-hazelwood,True,READY,
train_pittsburgh,/Users/liuqing/Projects/01_E2E_QA_Code/nuplan/dataset/data/cache/train_pittsburgh/2021.08.19.15.03.05_veh-45_01749_02365.db,2021.08.19.15.03.05_veh-45_01749_02365.db,97751040,2022-09-23T05:49:50+00:00,True,bb9292e2ba0ac6dd0635e44292adac8a3830c7282c2f1f8cd8eb399f76931bd2,41e4ab49523e9a44544a83cbcede1e89e82e28a72a300cc0c1753f179ef570e6,13815,8469,448469e33c6aac463b21bbbe158dc9e60be695587070f155f520f52d7aee4c6c,1,2021.08.19.15.03.05_veh-45_01749_02365,us-pa-pittsburgh-hazelwood,us-pa-pittsburgh-hazelwood,True,READY,
train_pittsburgh,/Users/liuqing/Projects/01_E2E_QA_Code/nuplan/dataset/data/cache/train_pittsburgh/2021.08.19.17.06.41_veh-08_00058_00421.db,2021.08.19.17.06.41_veh-08_00058_00421.db,41648128,2022-09-23T05:49:50+00:00,True,bb9292e2ba0ac6dd0635e44292adac8a3830c7282c2f1f8cd8eb399f76931bd2,9ee330dc3b07dc6eb34b1334004d0c4aac68b8d7e645320949a9135fde2319a2,8866,5075,96e6c06a270e3384db5d6dae33b53c4968c3bed9939b38251fb0911bcbd1f719,1,2021.08.19.17.06.41_veh-08_00058_00421,us-pa-pittsburgh-hazelwood,us-pa-pittsburgh-hazelwood,True,READY,
train_pittsburgh,/Users/liuqing/Projects/01_E2E_QA_Code/nuplan/dataset/data/cache/train_pittsburgh/2021.08.19.17.06.41_veh-08_00443_00624.db,2021.08.19.17.06.41_veh-08_00443_00624.db,37236736,2022-09-23T05:49:50+00:00,True,bb9292e2ba0ac6dd0635e44292adac8a3830c7282c2f1f8cd8eb399f76931bd2,7b8313c7649ebfa19ecbc3475d6f13e3bce9a6d0a5c0485967841e54cd160ac3,4369,2879,31e784e82b008d29e35cea669f9f61a2f8a142d644b8ceaf62969ab7a0993856,1,2021.08.19.17.06.41_veh-08_00443_00624,us-pa-pittsburgh-hazelwood,us-pa-pittsburgh-hazelwood,True,READY,
train_pittsburgh,/Users/liuqing/Projects/01_E2E_QA_Code/nuplan/dataset/data/cache/train_pittsburgh/2021.08.19.17.06.41_veh-08_00708_00885.db,2021.08.19.17.06.41_veh-08_00708_00885.db,39866368,2022-09-23T05:49:50+00:00,True,bb9292e2ba0ac6dd0635e44292adac8a3830c7282c2f1f8cd8eb399f76931bd2,c7baf78b75b8895475ff811d2dd2d94296296a534d8c6397c774fd99f181cb69,3874,2202,275c48f9ede1c3cd7ec0ed5d90d7466505c64fe08b53510271fe3eb5f35b6942,1,2021.08.19.17.06.41_veh-08_00708_00885,us-pa-pittsburgh-hazelwood,us-pa-pittsburgh-hazelwood,True,READY,
train_pittsburgh,/Users/liuqing/Projects/01_E2E_QA_Code/nuplan/dataset/data/cache/train_pittsburgh/2021.08.19.17.06.41_veh-08_01217_01483.db,2021.08.19.17.06.41_veh-08_01217_01483.db,48197632,2022-09-23T05:49:51+00:00,True,bb9292e2ba0ac6dd0635e44292adac8a3830c7282c2f1f8cd8eb399f76931bd2,6b1043c2a37f6bf387dce831d319586db7f5e7b54059fab310669d986d570ca7,6408,3796,10b0554b78ee9ccc095a6d02b514bddc1f3d93727f4c37114be43c3b4a9b0adf,1,2021.08.19.17.06.41_veh-08_01217_01483,us-pa-pittsburgh-hazelwood,us-pa-pittsburgh-hazelwood,True,READY,
train_pittsburgh,/Users/liuqing/Projects/01_E2E_QA_Code/nuplan/dataset/data/cache/train_pittsburgh/2021.08.19.17.06.41_veh-08_01509_01662.db,2021.08.19.17.06.41_veh-08_01509_01662.db,17567744,2022-09-23T05:49:51+00:00,True,bb9292e2ba0ac6dd0635e44292adac8a3830c7282c2f1f8cd8eb399f76931bd2,43aa43a3a04250202e7365e542449e5294a4ffb1678c3f79028b51161d8e186a,3210,1816,9a6ab80429b3b0c171e5c96392a1ff32a9b7f9ccf435e0a2da881f122edc3655,1,2021.08.19.17.06.41_veh-08_01509_01662,us-pa-pittsburgh-hazelwood,us-pa-pittsburgh-hazelwood,True,READY,
train_pittsburgh,/Users/liuqing/Projects/01_E2E_QA_Code/nuplan/dataset/data/cache/train_pittsburgh/2021.08.19.17.14.40_veh-45_00298_00804.db,2021.08.19.17.14.40_veh-45_00298_00804.db,59219968,2022-09-23T05:49:51+00:00,True,bb9292e2ba0ac6dd0635e44292adac8a3830c7282c2f1f8cd8eb399f76931bd2,3019e02332d9a647a7d3a7bb2130445fba0e82001107bb45a39ee22beb6d5b52,11250,6455,725fda46fce9669ee73617fc51b4d6e56b3f6ad43b9f6291b89bac1e001e3581,1,2021.08.19.17.14.40_veh-45_00298_00804,us-pa-pittsburgh-hazelwood,us-pa-pittsburgh-hazelwood,True,READY,
train_pittsburgh,/Users/liuqing/Projects/01_E2E_QA_Code/nuplan/dataset/data/cache/train_pittsburgh/2021.08.19.17.14.40_veh-45_00860_01021.db,2021.08.19.17.14.40_veh-45_00860_01021.db,29863936,2022-09-23T05:49:51+00:00,True,bb9292e2ba0ac6dd0635e44292adac8a3830c7282c2f1f8cd8eb399f76931bd2,7ebcd03a6b32a98f813743b089fa004533ebf82d93bbbd7480aeeb2f8d102083,2973,2443,4b8d58777295e9e41687f22f9b7928aaac4dd5f6638323cde7fa1da752873952,1,2021.08.19.17.14.40_veh-45_00860_01021,us-pa-pittsburgh-hazelwood,us-pa-pittsburgh-hazelwood,True,READY,
train_pittsburgh,/Users/liuqing/Projects/01_E2E_QA_Code/nuplan/dataset/data/cache/train_pittsburgh/2021.08.19.17.14.40_veh-45_01146_01379.db,2021.08.19.17.14.40_veh-45_01146_01379.db,45281280,2022-09-23T05:49:51+00:00,True,bb9292e2ba0ac6dd0635e44292adac8a3830c7282c2f1f8cd8eb399f76931bd2,d7a0ebfab16a6c6601757d90f2a4b323520c6bc8049d4ecbb3c711bd0cd795ea,5515,2904,8b7d07ff4df04893d3011182e2bad95cc3ae0b089ddd8e7b6eaccf92f10f9fba,1,2021.08.19.17.14.40_veh-45_01146_01379,us-pa-pittsburgh-hazelwood,us-pa-pittsburgh-hazelwood,True,READY,
train_pittsburgh,/Users/liuqing/Projects/01_E2E_QA_Code/nuplan/dataset/data/cache/train_pittsburgh/2021.08.19.17.14.40_veh-45_01390_01535.db,2021.08.19.17.14.40_veh-45_01390_01535.db,31666176,2022-09-23T05:49:51+00:00,True,bb9292e2ba0ac6dd0635e44292adac8a3830c7282c2f1f8cd8eb399f76931bd2,58230a64be88288227e3a157b32294c7ad3bcba6284f8135979d998d3ff00094,4898,2433,dedd423d44330524c7674606a40ed8c9d28688495d733b489b4e92149cf58b93,1,2021.08.19.17.14.40_veh-45_01390_01535,us-pa-pittsburgh-hazelwood,us-pa-pittsburgh-hazelwood,True,READY,
train_pittsburgh,/Users/liuqing/Projects/01_E2E_QA_Code/nuplan/dataset/data/cache/train_pittsburgh/2021.08.19.17.14.40_veh-45_01590_01660.db,2021.08.19.17.14.40_veh-45_01590_01660.db,18419712,2022-09-23T05:49:51+00:00,True,bb9292e2ba0ac6dd0635e44292adac8a3830c7282c2f1f8cd8eb399f76931bd2,d4cdfa7e0d92a321fc865e827435e248863c05577e2f4ec2238efb3fe1f851fd,2235,1245,8eb559461292272fb5aa76c73d28fbb1d4d1f3760a9ec1dcd333ed65de73855d,1,2021.08.19.17.14.40_veh-45_01590_01660,us-pa-pittsburgh-hazelwood,us-pa-pittsburgh-hazelwood,True,READY,
train_pittsburgh,/Users/liuqing/Projects/01_E2E_QA_Code/nuplan/dataset/data/cache/train_pittsburgh/2021.08.19.17.14.40_veh-45_01683_02036.db,2021.08.19.17.14.40_veh-45_01683_02036.db,73498624,2022-09-23T05:49:51+00:00,True,bb9292e2ba0ac6dd0635e44292adac8a3830c7282c2f1f8cd8eb399f76931bd2,4035642a900d402221b194a9ab6259ab570ab1477f5fc126fc259317309e3331,8498,4657,cd02db9c6c806a5c56935f5d6d75dca91841bf5b6e6877a6af314fccc637bd9c,1,2021.08.19.17.14.40_veh-45_01683_02036,us-pa-pittsburgh-hazelwood,us-pa-pittsburgh-hazelwood,True,READY,
train_pittsburgh,/Users/liuqing/Projects/01_E2E_QA_Code/nuplan/dataset/data/cache/train_pittsburgh/2021.08.19.17.14.40_veh-45_02179_02379.db,2021.08.19.17.14.40_veh-45_02179_02379.db,41807872,2022-09-23T05:49:51+00:00,True,bb9292e2ba0ac6dd0635e44292adac8a3830c7282c2f1f8cd8eb399f76931bd2,adb4b7a35166757219a7f17eababb0afee035d8a414ba41242ed2cf79e35b7c0,4942,2277,1e41667558d026f6a9fd6680aa6783b5f1083313acfaea1270472763979605db,1,2021.08.19.17.14.40_veh-45_02179_02379,us-pa-pittsburgh-hazelwood,us-pa-pittsburgh-hazelwood,True,READY,
train_pittsburgh,/Users/liuqing/Projects/01_E2E_QA_Code/nuplan/dataset/data/cache/train_pittsburgh/2021.08.19.17.14.40_veh-45_02490_02553.db,2021.08.19.17.14.40_veh-45_02490_02553.db,11038720,2022-09-23T05:49:51+00:00,True,bb9292e2ba0ac6dd0635e44292adac8a3830c7282c2f1f8cd8eb399f76931bd2,a5aaf1cbcf12ac4d28e51dc180bd1f122436e3ecae7f7b76d429c4a8cb625766,991,949,dfb40cb130f75c5fd27f7eb22e0b5d9d6c91cbfa829517cbf6bde747b9e6be3f,1,2021.08.19.17.14.40_veh-45_02490_02553,us-pa-pittsburgh-hazelwood,us-pa-pittsburgh-hazelwood,True,READY,
train_pittsburgh,/Users/liuqing/Projects/01_E2E_QA_Code/nuplan/dataset/data/cache/train_pittsburgh/2021.08.19.17.14.40_veh-45_02585_02856.db,2021.08.19.17.14.40_veh-45_02585_02856.db,42299392,2022-09-23T05:49:51+00:00,True,bb9292e2ba0ac6dd0635e44292adac8a3830c7282c2f1f8cd8eb399f76931bd2,d12c2b054f94b0aac45abe0b727b9ed35838e206b9a2630adda8693086e72a6e,6930,3796,5edd533066ac17d0507be4d955f8b962689755b44808413c7c65680e9e572bd6,1,2021.08.19.17.14.40_veh-45_02585_02856,us-pa-pittsburgh-hazelwood,us-pa-pittsburgh-hazelwood,True,READY,
train_pittsburgh,/Users/liuqing/Projects/01_E2E_QA_Code/nuplan/dataset/data/cache/train_pittsburgh/2021.08.19.17.14.40_veh-45_02916_03059.db,2021.08.19.17.14.40_veh-45_02916_03059.db,9420800,2022-09-23T05:49:51+00:00,True,bb9292e2ba0ac6dd0635e44292adac8a3830c7282c2f1f8cd8eb399f76931bd2,6c82f554aecf6727d9d7316fc016c3a6362c92fbfccb62c7ce3d9856f9f5d576,2737,1802,4f59259e80e76bb3654e63b672a8a9def9b3f710047e9834d0f2ba248a40ac5c,1,2021.08.19.17.14.40_veh-45_02916_03059,us-pa-pittsburgh-hazelwood,us-pa-pittsburgh-hazelwood,True,READY,
train_pittsburgh,/Users/liuqing/Projects/01_E2E_QA_Code/nuplan/dataset/data/cache/train_pittsburgh/2021.08.19.17.42.11_veh-08_00020_00206.db,2021.08.19.17.42.11_veh-08_00020_00206.db,16875520,2022-09-23T05:49:51+00:00,True,bb9292e2ba0ac6dd0635e44292adac8a3830c7282c2f1f8cd8eb399f76931bd2,38b2bf2f26e599ed244034fd1dadc64260930eebfc6d610210b65d12cd25947c,3524,2325,f1d89c353a84ae42265b48174d65bf3e8c0b5e922a6f251cbf198b1a672bd2dc,1,2021.08.19.17.42.11_veh-08_00020_00206,us-pa-pittsburgh-hazelwood,us-pa-pittsburgh-hazelwood,True,READY,
train_pittsburgh,/Users/liuqing/Projects/01_E2E_QA_Code/nuplan/dataset/data/cache/train_pittsburgh/2021.08.19.17.42.11_veh-08_00324_00407.db,2021.08.19.17.42.11_veh-08_00324_00407.db,6062080,2022-09-23T05:49:51+00:00,True,bb9292e2ba0ac6dd0635e44292adac8a3830c7282c2f1f8cd8eb399f76931bd2,4c633eb980d8208cc0c045e5494ae002123b7ae8c9e403d602621f79c4349d33,2361,1070,9792bbaa884ab0ae0c631edc615346b8069958f0373901215683fd98a8cf4ca2,1,2021.08.19.17.42.11_veh-08_00324_00407,us-pa-pittsburgh-hazelwood,us-pa-pittsburgh-hazelwood,True,READY,
train_pittsburgh,/Users/liuqing/Projects/01_E2E_QA_Code/nuplan/dataset/data/cache/train_pittsburgh/2021.08.19.17.42.11_veh-08_00509_00701.db,2021.08.19.17.42.11_veh-08_00509_00701.db,29966336,2022-09-23T05:49:51+00:00,True,bb9292e2ba0ac6dd0635e44292adac8a3830c7282c2f1f8cd8eb399f76931bd2,3736b3da6607f360e94cf9932dc6a10676f9e5e72e9d58bee95bdfdf521eb45d,4321,2375,7754f0b651281418dcbd2f81246aa44c9d06628364c444aee53921dde369c8d8,1,2021.08.19.17.42.11_veh-08_00509_00701,us-pa-pittsburgh-hazelwood,us-pa-pittsburgh-hazelwood,True,READY,
train_pittsburgh,/Users/liuqing/Projects/01_E2E_QA_Code/nuplan/dataset/data/cache/train_pittsburgh/2021.08.19.17.42.11_veh-08_00726_01062.db,2021.08.19.17.42.11_veh-08_00726_01062.db,47738880,2022-09-23T05:49:51+00:00,True,bb9292e2ba0ac6dd0635e44292adac8a3830c7282c2f1f8cd8eb399f76931bd2,65404bef5d1f73ccca3f76c843fe120991ffc0d1ae13255b8e59566dcea4bb4c,7722,4097,07068c82844feec52b7478b2095831513ce1b2fcb5b4e0c7be96488c11ec3827,1,2021.08.19.17.42.11_veh-08_00726_01062,us-pa-pittsburgh-hazelwood,us-pa-pittsburgh-hazelwood,True,READY,
train_pittsburgh,/Users/liuqing/Projects/01_E2E_QA_Code/nuplan/dataset/data/cache/train_pittsburgh/2021.08.19.17.42.11_veh-08_01092_01496.db,2021.08.19.17.42.11_veh-08_01092_01496.db,73547776,2022-09-23T05:49:51+00:00,True,bb9292e2ba0ac6dd0635e44292adac8a3830c7282c2f1f8cd8eb399f76931bd2,4ea458a2c41eb6b6a38742c0f582c6a4009549c7a59c363fecbb5f85b366add4,9530,4873,0e1eb31f0a2e6e24a51f481b29fcab91aa1c49d97b982563dbd489921a7e5f08,1,2021.08.19.17.42.11_veh-08_01092_01496,us-pa-pittsburgh-hazelwood,us-pa-pittsburgh-hazelwood,True,READY,
train_pittsburgh,/Users/liuqing/Projects/01_E2E_QA_Code/nuplan/dataset/data/cache/train_pittsburgh/2021.08.19.17.42.11_veh-08_01521_01775.db,2021.08.19.17.42.11_veh-08_01521_01775.db,32268288,2022-09-23T05:49:51+00:00,True,bb9292e2ba0ac6dd0635e44292adac8a3830c7282c2f1f8cd8eb399f76931bd2,4525eb18fe73747786c77ac6758d0f1f5ee135424a1a60ff0a29cdaf3077eacd,6471,3436,c4258bbbdcd4bb6e56bb69a99e3257a525a48770acbba1e12aa31c5ad0156527,1,2021.08.19.17.42.11_veh-08_01521_01775,us-pa-pittsburgh-hazelwood,us-pa-pittsburgh-hazelwood,True,READY,
train_pittsburgh,/Users/liuqing/Projects/01_E2E_QA_Code/nuplan/dataset/data/cache/train_pittsburgh/2021.08.19.18.08.28_veh-45_00056_00141.db,2021.08.19.18.08.28_veh-45_00056_00141.db,6975488,2022-09-23T05:49:51+00:00,True,bb9292e2ba0ac6dd0635e44292adac8a3830c7282c2f1f8cd8eb399f76931bd2,a059f1a64ef970b90341b5d0444bfd6d44d6968489b25728d120c549a632ba59,1631,1039,3c7b6a552060bb49ecd9b1367904f24f564e0a4a9f3413258702428477053ede,1,2021.08.19.18.08.28_veh-45_00056_00141,us-pa-pittsburgh-hazelwood,us-pa-pittsburgh-hazelwood,True,READY,
train_pittsburgh,/Users/liuqing/Projects/01_E2E_QA_Code/nuplan/dataset/data/cache/train_pittsburgh/2021.08.19.18.08.28_veh-45_00342_00404.db,2021.08.19.18.08.28_veh-45_00342_00404.db,4030464,2022-09-23T05:49:51+00:00,True,bb9292e2ba0ac6dd0635e44292adac8a3830c7282c2f1f8cd8eb399f76931bd2,7aea9b07b487fb763c308883884b005b5586e23ff7afa67035fbbe00e7b579c3,1698,1089,940315d4c0ceac0792e5f416feb8f53ed47a7fc8becb5e99c8974518719eace3,1,2021.08.19.18.08.28_veh-45_00342_00404,us-pa-pittsburgh-hazelwood,us-pa-pittsburgh-hazelwood,True,READY,
train_pittsburgh,/Users/liuqing/Projects/01_E2E_QA_Code/nuplan/dataset/data/cache/train_pittsburgh/2021.08.19.18.08.28_veh-45_00419_00852.db,2021.08.19.18.08.28_veh-45_00419_00852.db,59047936,2022-09-23T05:49:51+00:00,True,bb9292e2ba0ac6dd0635e44292adac8a3830c7282c2f1f8cd8eb399f76931bd2,09196fba084f902cfbc319858866b542134af4daae86ae6b60d5a9ea2c1d14c1,9102,5531,7b559956f822574d966d1780e68e7fb34917d2c5756145e61e171eefe2c5ede9,1,2021.08.19.18.08.28_veh-45_00419_00852,us-pa-pittsburgh-hazelwood,us-pa-pittsburgh-hazelwood,True,READY,
train_pittsburgh,/Users/liuqing/Projects/01_E2E_QA_Code/nuplan/dataset/data/cache/train_pittsburgh/2021.08.19.18.08.28_veh-45_01089_01386.db,2021.08.19.18.08.28_veh-45_01089_01386.db,68866048,2022-09-23T05:49:51+00:00,True,bb9292e2ba0ac6dd0635e44292adac8a3830c7282c2f1f8cd8eb399f76931bd2,b513ca35880746a4a1399ee391f7cc1a1b16acca76ce78546c5317cd0fa487b0,8434,4796,829ca8a8094153f9286bcd37a709d58b6512f5f3208aa749902b213192370456,1,2021.08.19.18.08.28_veh-45_01089_01386,us-pa-pittsburgh-hazelwood,us-pa-pittsburgh-hazelwood,True,READY,
train_pittsburgh,/Users/liuqing/Projects/01_E2E_QA_Code/nuplan/dataset/data/cache/train_pittsburgh/2021.08.19.18.08.28_veh-45_01456_02210.db,2021.08.19.18.08.28_veh-45_01456_02210.db,151916544,2022-09-23T05:49:51+00:00,True,bb9292e2ba0ac6dd0635e44292adac8a3830c7282c2f1f8cd8eb399f76931bd2,7359215c7cd3ef591ea600ae5828d82af1ed1eeaeedadefee30788fd53b6dd5b,17176,10298,262eb3f2ff1dea6f8159c0ee0680117f9067ac05211c8bdf23d0986b490c3b85,1,2021.08.19.18.08.28_veh-45_01456_02210,us-pa-pittsburgh-hazelwood,us-pa-pittsburgh-hazelwood,True,READY,
train_pittsburgh,/Users/liuqing/Projects/01_E2E_QA_Code/nuplan/dataset/data/cache/train_pittsburgh/2021.08.19.18.08.28_veh-45_02541_02749.db,2021.08.19.18.08.28_veh-45_02541_02749.db,35823616,2022-09-23T05:49:51+00:00,True,bb9292e2ba0ac6dd0635e44292adac8a3830c7282c2f1f8cd8eb399f76931bd2,e0826522eecd0d7a0f5203b1144e010b1a29eb8047eb72f12b7c7edc8c16ea35,4872,2981,79d1d2a4c1c4007e86fc4293d43d4923d3e39c1d0f914b3478f76aa4a4889ea6,1,2021.08.19.18.08.28_veh-45_02541_02749,us-pa-pittsburgh-hazelwood,us-pa-pittsburgh-hazelwood,True,READY,
train_pittsburgh,/Users/liuqing/Projects/01_E2E_QA_Code/nuplan/dataset/data/cache/train_pittsburgh/2021.08.19.18.08.28_veh-45_02903_03030.db,2021.08.19.18.08.28_veh-45_02903_03030.db,8392704,2022-09-23T05:49:51+00:00,True,bb9292e2ba0ac6dd0635e44292adac8a3830c7282c2f1f8cd8eb399f76931bd2,104575f12d6cd9bfb3ddf6e2f591cb162e3227d96d7d262fa2a5acef219b5c71,2594,1693,fa82cdd6276f47ee6f01ee1cab0c4e9f9e9b8e17f68c9ea35393166b53119cf8,1,2021.08.19.18.08.28_veh-45_02903_03030,us-pa-pittsburgh-hazelwood,us-pa-pittsburgh-hazelwood,True,READY,
train_pittsburgh,/Users/liuqing/Projects/01_E2E_QA_Code/nuplan/dataset/data/cache/train_pittsburgh/2021.08.19.19.03.27_veh-45_00214_00561.db,2021.08.19.19.03.27_veh-45_00214_00561.db,38289408,2022-09-23T05:49:51+00:00,True,bb9292e2ba0ac6dd0635e44292adac8a3830c7282c2f1f8cd8eb399f76931bd2,10c1e925b20adc3d38316345e2183d1c0318fac391a1aec9701964a0813714d7,7443,4500,79774c78a78f89fb3e8dfd159c6c4c90db3654c5592567b8d6fe1df21c18d8e8,1,2021.08.19.19.03.27_veh-45_00214_00561,us-pa-pittsburgh-hazelwood,us-pa-pittsburgh-hazelwood,True,READY,
train_pittsburgh,/Users/liuqing/Projects/01_E2E_QA_Code/nuplan/dataset/data/cache/train_pittsburgh/2021.08.19.19.03.27_veh-45_00584_00788.db,2021.08.19.19.03.27_veh-45_00584_00788.db,41431040,2022-09-23T05:49:51+00:00,True,bb9292e2ba0ac6dd0635e44292adac8a3830c7282c2f1f8cd8eb399f76931bd2,b6e9dd37fb375cd79dd6b034abc8b80d05bf0b6d216236f15df5ef06f0229efd,8653,4005,56a80935db16b4ea851212510c9fc42900ab640c9f0b8ae00f5d08e9cbcb61bc,1,2021.08.19.19.03.27_veh-45_00584_00788,us-pa-pittsburgh-hazelwood,us-pa-pittsburgh-hazelwood,True,READY,
train_pittsburgh,/Users/liuqing/Projects/01_E2E_QA_Code/nuplan/dataset/data/cache/train_pittsburgh/2021.08.19.19.03.27_veh-45_00912_01425.db,2021.08.19.19.03.27_veh-45_00912_01425.db,100376576,2022-09-23T05:49:51+00:00,True,bb9292e2ba0ac6dd0635e44292adac8a3830c7282c2f1f8cd8eb399f76931bd2,f31d29cab218cd00ac27c39299b5de40f8473ee70b30fe26a869c45ee8ccf76c,11772,6876,85e7665aca90b7192d08bccf5cc025feb266f4d8649089ededab2ed207818786,1,2021.08.19.19.03.27_veh-45_00912_01425,us-pa-pittsburgh-hazelwood,us-pa-pittsburgh-hazelwood,True,READY,
train_pittsburgh,/Users/liuqing/Projects/01_E2E_QA_Code/nuplan/dataset/data/cache/train_pittsburgh/2021.08.19.19.03.27_veh-45_01734_02055.db,2021.08.19.19.03.27_veh-45_01734_02055.db,69279744,2022-09-23T05:49:51+00:00,True,bb9292e2ba0ac6dd0635e44292adac8a3830c7282c2f1f8cd8eb399f76931bd2,88b9170d4259784706e098d9f3c3218b95224ad575d2957901b9badb308dff38,6606,4323,7823112e4d66f1b91df5f7698c278546c5c61c41065f96fed8b2fcc476ca3de3,1,2021.08.19.19.03.27_veh-45_01734_02055,us-pa-pittsburgh-hazelwood,us-pa-pittsburgh-hazelwood,True,READY,
train_pittsburgh,/Users/liuqing/Projects/01_E2E_QA_Code/nuplan/dataset/data/cache/train_pittsburgh/2021.08.19.19.03.27_veh-45_02080_02443.db,2021.08.19.19.03.27_veh-45_02080_02443.db,54091776,2022-09-23T05:49:51+00:00,True,bb9292e2ba0ac6dd0635e44292adac8a3830c7282c2f1f8cd8eb399f76931bd2,062dc136f6ac2f68746d151d23939820d6debcec9ae712274fdf7e672feb6c57,7962,4474,d999841173badbfe7eae7c9ef5eb0ef7bbdc02fd54319e944aa7771b809c5b68,1,2021.08.19.19.03.27_veh-45_02080_02443,us-pa-pittsburgh-hazelwood,us-pa-pittsburgh-hazelwood,True,READY,
train_pittsburgh,/Users/liuqing/Projects/01_E2E_QA_Code/nuplan/dataset/data/cache/train_pittsburgh/2021.08.19.19.03.27_veh-45_02464_02752.db,2021.08.19.19.03.27_veh-45_02464_02752.db,44486656,2022-09-23T05:49:51+00:00,True,bb9292e2ba0ac6dd0635e44292adac8a3830c7282c2f1f8cd8eb399f76931bd2,da26b667b24acea5666a1c363e3d5fed3057c0b1ca3a3e2fbe8aade4c7fc648e,6294,3488,0c7e5f1e22a2fce1d599baafe819f63cff78c7b713a6399cfc6416aad49af84f,1,2021.08.19.19.03.27_veh-45_02464_02752,us-pa-pittsburgh-hazelwood,us-pa-pittsburgh-hazelwood,True,READY,
train_pittsburgh,/Users/liuqing/Projects/01_E2E_QA_Code/nuplan/dataset/data/cache/train_pittsburgh/2021.08.19.19.22.25_veh-08_00016_00108.db,2021.08.19.19.22.25_veh-08_00016_00108.db,6475776,2022-09-23T05:49:51+00:00,True,bb9292e2ba0ac6dd0635e44292adac8a3830c7282c2f1f8cd8eb399f76931bd2,e3f76f3cd3db08b1d01659e59ef6b9d8185b825c7fbeaa2fd11c0890d18ee5af,1618,1219,c830a16fcfbcc0b52df79be414165c8b61a528764ec9d746befba109cbebffca,1,2021.08.19.19.22.25_veh-08_00016_00108,us-pa-pittsburgh-hazelwood,us-pa-pittsburgh-hazelwood,True,READY,
train_pittsburgh,/Users/liuqing/Projects/01_E2E_QA_Code/nuplan/dataset/data/cache/train_pittsburgh/2021.08.19.19.22.25_veh-08_00186_00866.db,2021.08.19.19.22.25_veh-08_00186_00866.db,129052672,2022-09-23T05:49:51+00:00,True,bb9292e2ba0ac6dd0635e44292adac8a3830c7282c2f1f8cd8eb399f76931bd2,aa351c2bf87ad470e6281a3385a93b3293e67611947496b8195a898d314f419d,17062,9539,341a74e0ae1c94fc0454f171ed947aafde456b5ab3837245a914fcd43b0930d6,1,2021.08.19.19.22.25_veh-08_00186_00866,us-pa-pittsburgh-hazelwood,us-pa-pittsburgh-hazelwood,True,READY,
train_pittsburgh,/Users/liuqing/Projects/01_E2E_QA_Code/nuplan/dataset/data/cache/train_pittsburgh/2021.08.19.19.22.25_veh-08_00941_01172.db,2021.08.19.19.22.25_veh-08_00941_01172.db,36478976,2022-09-23T05:49:51+00:00,True,bb9292e2ba0ac6dd0635e44292adac8a3830c7282c2f1f8cd8eb399f76931bd2,9e87889e71b7df4d0b6a1e6d3274c3da2fd09f1a21c51c623411e9fce5cf4ebb,5811,2807,274c65de943b093b8431fd277d16e3f7a6fc2480a8f1ccd131bd31deaa21fc3c,1,2021.08.19.19.22.25_veh-08_00941_01172,us-pa-pittsburgh-hazelwood,us-pa-pittsburgh-hazelwood,True,READY,
train_pittsburgh,/Users/liuqing/Projects/01_E2E_QA_Code/nuplan/dataset/data/cache/train_pittsburgh/2021.08.19.19.22.25_veh-08_01427_01614.db,2021.08.19.19.22.25_veh-08_01427_01614.db,23973888,2022-09-23T05:49:51+00:00,True,bb9292e2ba0ac6dd0635e44292adac8a3830c7282c2f1f8cd8eb399f76931bd2,39af3b0db20dff5e37f794abbc1ba20a7cf8ca776013624ce410d94e1dfc3aed,3616,2561,d8d2123af806858db4d1393e0540d1d7f0b3f964fa9a72a39f864fbe3afd65a8,1,2021.08.19.19.22.25_veh-08_01427_01614,us-pa-pittsburgh-hazelwood,us-pa-pittsburgh-hazelwood,True,READY,
train_pittsburgh,/Users/liuqing/Projects/01_E2E_QA_Code/nuplan/dataset/data/cache/train_pittsburgh/2021.08.19.19.22.25_veh-08_01633_01801.db,2021.08.19.19.22.25_veh-08_01633_01801.db,12406784,2022-09-23T05:49:51+00:00,True,bb9292e2ba0ac6dd0635e44292adac8a3830c7282c2f1f8cd8eb399f76931bd2,58bc4e72b4bcb08ba393467cefc6c29cbb4259d752b5646215d1a520de5a995f,4518,2529,19492692d9fd7f641816ae988ddd88c2c0665f281611ade7ef5f0430ee0b3050,1,2021.08.19.19.22.25_veh-08_01633_01801,us-pa-pittsburgh-hazelwood,us-pa-pittsburgh-hazelwood,True,READY,
train_pittsburgh,/Users/liuqing/Projects/01_E2E_QA_Code/nuplan/dataset/data/cache/train_pittsburgh/2021.08.19.19.22.25_veh-08_01918_01980.db,2021.08.19.19.22.25_veh-08_01918_01980.db,5619712,2022-09-23T05:49:51+00:00,True,bb9292e2ba0ac6dd0635e44292adac8a3830c7282c2f1f8cd8eb399f76931bd2,978856adc3a0f5bcc7fb57ede6c40129651c8db845fa9731e875bde2157de987,1162,724,f93b4d18c6754cc89c4f0e1a5cf8bc8686041565d8156fe544c6ae46a2f181de,1,2021.08.19.19.22.25_veh-08_01918_01980,us-pa-pittsburgh-hazelwood,us-pa-pittsburgh-hazelwood,True,READY,
train_pittsburgh,/Users/liuqing/Projects/01_E2E_QA_Code/nuplan/dataset/data/cache/train_pittsburgh/2021.08.20.12.28.52_veh-42_00290_00447.db,2021.08.20.12.28.52_veh-42_00290_00447.db,13262848,2022-09-23T05:49:51+00:00,True,bb9292e2ba0ac6dd0635e44292adac8a3830c7282c2f1f8cd8eb399f76931bd2,eefc9fdaee6cc66b1a65b5e106dddd9df5940a41b2e5b02e94db1307149b86a1,5453,2337,39fb31ff695c4f4f58318f143378a5cbf61591b27ff6ae68a6d0455e89e8aa8d,1,2021.08.20.12.28.52_veh-42_00290_00447,us-pa-pittsburgh-hazelwood,us-pa-pittsburgh-hazelwood,True,READY,
train_pittsburgh,/Users/liuqing/Projects/01_E2E_QA_Code/nuplan/dataset/data/cache/train_pittsburgh/2021.08.20.12.28.52_veh-42_00458_00698.db,2021.08.20.12.28.52_veh-42_00458_00698.db,33206272,2022-09-23T05:49:51+00:00,True,bb9292e2ba0ac6dd0635e44292adac8a3830c7282c2f1f8cd8eb399f76931bd2,dfbffad68471e26eb9f05b89bcd722862ffa23343a87733b670ccaba7fd34b0f,5053,2897,ea8cea7d4aa6f56862fab8822187af5f25a15ccb7a1c20461f0e9938435ed45a,1,2021.08.20.12.28.52_veh-42_00458_00698,us-pa-pittsburgh-hazelwood,us-pa-pittsburgh-hazelwood,True,READY,
train_pittsburgh,/Users/liuqing/Projects/01_E2E_QA_Code/nuplan/dataset/data/cache/train_pittsburgh/2021.08.20.12.28.52_veh-42_00730_00891.db,2021.08.20.12.28.52_veh-42_00730_00891.db,25960448,2022-09-23T05:49:51+00:00,True,bb9292e2ba0ac6dd0635e44292adac8a3830c7282c2f1f8cd8eb399f76931bd2,832f121e94ac25b11c581a60d015e0d3a0e4ba3a41f49e83678ca4f2edbf21f5,3913,1899,237d14132c21d07201c8db1ac310ff1f4e995074482925b207833cf34f703536,1,2021.08.20.12.28.52_veh-42_00730_00891,us-pa-pittsburgh-hazelwood,us-pa-pittsburgh-hazelwood,True,READY,
train_pittsburgh,/Users/liuqing/Projects/01_E2E_QA_Code/nuplan/dataset/data/cache/train_pittsburgh/2021.08.20.12.28.52_veh-42_00902_01153.db,2021.08.20.12.28.52_veh-42_00902_01153.db,38109184,2022-09-23T05:49:51+00:00,True,bb9292e2ba0ac6dd0635e44292adac8a3830c7282c2f1f8cd8eb399f76931bd2,ffd9c5a21f5eb0299f98a9105d6557d2fd2c871d06607a8b8b735b10bae92dcf,6560,3630,6b06a2da70bdd31a6f6243f28069d31fb24566451ff62084c8d17b078b8c31de,1,2021.08.20.12.28.52_veh-42_00902_01153,us-pa-pittsburgh-hazelwood,us-pa-pittsburgh-hazelwood,True,READY,
train_pittsburgh,/Users/liuqing/Projects/01_E2E_QA_Code/nuplan/dataset/data/cache/train_pittsburgh/2021.08.20.12.28.52_veh-42_01164_01236.db,2021.08.20.12.28.52_veh-42_01164_01236.db,10702848,2022-09-23T05:49:51+00:00,True,bb9292e2ba0ac6dd0635e44292adac8a3830c7282c2f1f8cd8eb399f76931bd2,590f932dc8dcca1a254b813407145dd735f34866df0805edb96b4fcd1e6fbb5b,1430,1430,f6f3cb800d8094de70fe86f33408cb925b5b4105ab7c880e310dc636884b0ad6,1,2021.08.20.12.28.52_veh-42_01164_01236,us-pa-pittsburgh-hazelwood,us-pa-pittsburgh-hazelwood,True,READY,
train_pittsburgh,/Users/liuqing/Projects/01_E2E_QA_Code/nuplan/dataset/data/cache/train_pittsburgh/2021.08.20.12.28.52_veh-42_01247_01550.db,2021.08.20.12.28.52_veh-42_01247_01550.db,39796736,2022-09-23T05:49:51+00:00,True,bb9292e2ba0ac6dd0635e44292adac8a3830c7282c2f1f8cd8eb399f76931bd2,5e030796cb6de9d1159f98bc292e095d1b4340e2de7ec40d30519f6e9a1a0c76,7763,3832,aa38def840e998b9eeb4937065023c0c82e577b31bc256539515231d374192c6,1,2021.08.20.12.28.52_veh-42_01247_01550,us-pa-pittsburgh-hazelwood,us-pa-pittsburgh-hazelwood,True,READY,
train_pittsburgh,/Users/liuqing/Projects/01_E2E_QA_Code/nuplan/dataset/data/cache/train_pittsburgh/2021.08.20.12.28.52_veh-42_01561_01693.db,2021.08.20.12.28.52_veh-42_01561_01693.db,21495808,2022-09-23T05:49:51+00:00,True,bb9292e2ba0ac6dd0635e44292adac8a3830c7282c2f1f8cd8eb399f76931bd2,a51b348647dd0fa53b4c56189ea506609fa27483d79320640e2d23ba44d2c083,2831,1822,8c47aafd380ee5b70c1f01dfdd80a9ae52ee958b7a0407a89e7b00af662998c5,1,2021.08.20.12.28.52_veh-42_01561_01693,us-pa-pittsburgh-hazelwood,us-pa-pittsburgh-hazelwood,True,READY,
train_pittsburgh,/Users/liuqing/Projects/01_E2E_QA_Code/nuplan/dataset/data/cache/train_pittsburgh/2021.08.20.13.00.37_veh-08_00042_00208.db,2021.08.20.13.00.37_veh-08_00042_00208.db,10190848,2022-09-23T05:49:51+00:00,True,bb9292e2ba0ac6dd0635e44292adac8a3830c7282c2f1f8cd8eb399f76931bd2,45c290918e23044aae937c2644363dac20fe9bf7d6629ef9f6c76a3dd4d29a12,3135,2208,5a136eb2de7616fd6fb94ed86f5c5fdf00e78ad3be778072c560fed3771dac05,1,2021.08.20.13.00.37_veh-08_00042_00208,us-pa-pittsburgh-hazelwood,us-pa-pittsburgh-hazelwood,True,READY,
train_pittsburgh,/Users/liuqing/Projects/01_E2E_QA_Code/nuplan/dataset/data/cache/train_pittsburgh/2021.08.20.13.00.37_veh-08_00230_00585.db,2021.08.20.13.00.37_veh-08_00230_00585.db,37392384,2022-09-23T05:49:51+00:00,True,bb9292e2ba0ac6dd0635e44292adac8a3830c7282c2f1f8cd8eb399f76931bd2,df452ddda0ea0501f212647a00bf21477f7fdecd66eab0e86d9ee49c40ff22af,8977,5044,49baad62faf4167b369a2ad20c24fc2c55f3988fa90bcea6a32e75c4353e7405,1,2021.08.20.13.00.37_veh-08_00230_00585,us-pa-pittsburgh-hazelwood,us-pa-pittsburgh-hazelwood,True,READY,
train_pittsburgh,/Users/liuqing/Projects/01_E2E_QA_Code/nuplan/dataset/data/cache/train_pittsburgh/2021.08.20.13.00.37_veh-08_00607_01068.db,2021.08.20.13.00.37_veh-08_00607_01068.db,66994176,2022-09-23T05:49:51+00:00,True,bb9292e2ba0ac6dd0635e44292adac8a3830c7282c2f1f8cd8eb399f76931bd2,451e229825f46ad230ebf45587a939ed92cf3cf73f659d0c9407a1b5b6c062df,11181,5731,7513c37ac04b437d4a7d337c11fcb0ab0e20dbcfa743146bad222ef2b126d4ed,1,2021.08.20.13.00.37_veh-08_00607_01068,us-pa-pittsburgh-hazelwood,us-pa-pittsburgh-hazelwood,True,READY,
train_pittsburgh,/Users/liuqing/Projects/01_E2E_QA_Code/nuplan/dataset/data/cache/train_pittsburgh/2021.08.20.13.00.37_veh-08_01079_01449.db,2021.08.20.13.00.37_veh-08_01079_01449.db,52371456,2022-09-23T05:49:51+00:00,True,bb9292e2ba0ac6dd0635e44292adac8a3830c7282c2f1f8cd8eb399f76931bd2,95927bbc480bce6bbc36b872907661d03e5ffb6f980a54e2fb7919da07bd35dc,8628,4774,dd29c5f8b9970b9b0eab8e5931e161ddcbafa8e5a1fdc75987b1d2424ef8765a,1,2021.08.20.13.00.37_veh-08_01079_01449,us-pa-pittsburgh-hazelwood,us-pa-pittsburgh-hazelwood,True,READY,
train_pittsburgh,/Users/liuqing/Projects/01_E2E_QA_Code/nuplan/dataset/data/cache/train_pittsburgh/2021.08.20.13.00.37_veh-08_01475_01596.db,2021.08.20.13.00.37_veh-08_01475_01596.db,26398720,2022-09-23T05:49:51+00:00,True,bb9292e2ba0ac6dd0635e44292adac8a3830c7282c2f1f8cd8eb399f76931bd2,800af4421089bffabc3c165526bc6df6a4635d764eab80bfbd4facee83fdd1aa,2968,1592,a42184e9b148479440eb1ffc484cb406380c9c7402df902d0d1e7fc2e70c9fd4,1,2021.08.20.13.00.37_veh-08_01475_01596,us-pa-pittsburgh-hazelwood,us-pa-pittsburgh-hazelwood,True,READY,
train_pittsburgh,/Users/liuqing/Projects/01_E2E_QA_Code/nuplan/dataset/data/cache/train_pittsburgh/2021.08.20.13.00.37_veh-08_01632_01702.db,2021.08.20.13.00.37_veh-08_01632_01702.db,11337728,2022-09-23T05:49:51+00:00,True,bb9292e2ba0ac6dd0635e44292adac8a3830c7282c2f1f8cd8eb399f76931bd2,ab017b78050a6290f5cd0dc66384bf5dcd064d06357761634bd391f6dcb57604,1824,923,1d1e80e1c3340aabfca68bd3817fad8487e040edc808616b82eda3dfaaca05df,1,2021.08.20.13.00.37_veh-08_01632_01702,us-pa-pittsburgh-hazelwood,us-pa-pittsburgh-hazelwood,True,READY,
train_pittsburgh,/Users/liuqing/Projects/01_E2E_QA_Code/nuplan/dataset/data/cache/train_pittsburgh/2021.08.20.13.00.37_veh-08_01737_02048.db,2021.08.20.13.00.37_veh-08_01737_02048.db,60645376,2022-09-23T05:49:51+00:00,True,bb9292e2ba0ac6dd0635e44292adac8a3830c7282c2f1f8cd8eb399f76931bd2,b4d063db9c25004dcb33dca1962581072a035c87d3f88d964e0aea7a3109407f,8247,4154,ee175dcfbac539f5e02ed9f81e8617891deaa050b87d15d167beb7f940d7edb1,1,2021.08.20.13.00.37_veh-08_01737_02048,us-pa-pittsburgh-hazelwood,us-pa-pittsburgh-hazelwood,True,READY,
train_pittsburgh,/Users/liuqing/Projects/01_E2E_QA_Code/nuplan/dataset/data/cache/train_pittsburgh/2021.08.20.13.00.37_veh-08_02071_02182.db,2021.08.20.13.00.37_veh-08_02071_02182.db,13246464,2022-09-23T05:49:51+00:00,True,bb9292e2ba0ac6dd0635e44292adac8a3830c7282c2f1f8cd8eb399f76931bd2,d05090333fbb432c3d6ceb3769dc6730009278d3c039ba7189ab0bb6ac4f2426,2372,1564,4aec35c6ff0191ce528b8ded5e5c05dd7bf06ec792c41af30f0b699a965ede5f,1,2021.08.20.13.00.37_veh-08_02071_02182,us-pa-pittsburgh-hazelwood,us-pa-pittsburgh-hazelwood,True,READY,
train_pittsburgh,/Users/liuqing/Projects/01_E2E_QA_Code/nuplan/dataset/data/cache/train_pittsburgh/2021.08.20.13.00.37_veh-08_02201_02303.db,2021.08.20.13.00.37_veh-08_02201_02303.db,13049856,2022-09-23T05:49:51+00:00,True,bb9292e2ba0ac6dd0635e44292adac8a3830c7282c2f1f8cd8eb399f76931bd2,68c1905cafc111d330fe10f251e3227bbbe3422013264054a9f503dc53a81d19,2127,1581,7006d19e2aa37f2efbab3b1e70dfbe199beb5f1954e6dfba45819989c9b4f88c,1,2021.08.20.13.00.37_veh-08_02201_02303,us-pa-pittsburgh-hazelwood,us-pa-pittsburgh-hazelwood,True,READY,
train_pittsburgh,/Users/liuqing/Projects/01_E2E_QA_Code/nuplan/dataset/data/cache/train_pittsburgh/2021.08.20.13.00.37_veh-08_02328_02673.db,2021.08.20.13.00.37_veh-08_02328_02673.db,50823168,2022-09-23T05:49:51+00:00,True,bb9292e2ba0ac6dd0635e44292adac8a3830c7282c2f1f8cd8eb399f76931bd2,74f3fce9a6c4819e1dda04376f38edb25c985db66c16e0aab8bc3d9d51985ade,11240,4489,3389c0e5129e3807bdb8b5210c1f7a54509bf605db8ad0824b7ea69d61dd973d,1,2021.08.20.13.00.37_veh-08_02328_02673,us-pa-pittsburgh-hazelwood,us-pa-pittsburgh-hazelwood,True,READY,
train_pittsburgh,/Users/liuqing/Projects/01_E2E_QA_Code/nuplan/dataset/data/cache/train_pittsburgh/2021.08.20.13.00.37_veh-08_02898_03012.db,2021.08.20.13.00.37_veh-08_02898_03012.db,7319552,2022-09-23T05:49:51+00:00,True,bb9292e2ba0ac6dd0635e44292adac8a3830c7282c2f1f8cd8eb399f76931bd2,8be26f13e073c4c4d318cc952e6409654efaeeab82909e1572d63547a0c825d8,2070,1351,3c699e03eeb371d93dec92fb6f6408f867c09b9fd819845e1bef1b3539162ee8,1,2021.08.20.13.00.37_veh-08_02898_03012,us-pa-pittsburgh-hazelwood,us-pa-pittsburgh-hazelwood,True,READY,
train_pittsburgh,/Users/liuqing/Projects/01_E2E_QA_Code/nuplan/dataset/data/cache/train_pittsburgh/2021.08.20.13.02.56_veh-42_00025_00095.db,2021.08.20.13.02.56_veh-42_00025_00095.db,7442432,2022-09-23T05:49:51+00:00,True,bb9292e2ba0ac6dd0635e44292adac8a3830c7282c2f1f8cd8eb399f76931bd2,e56990eed5d17d20a2a8d05fe6d1cc70efa4f6592cf9ff558dc0f112c1a5e419,1981,1063,a4b4df0c518b48b0f8526c426fcf34bda3006aff7bd1eba6fe08d1f5b2242c30,1,2021.08.20.13.02.56_veh-42_00025_00095,us-pa-pittsburgh-hazelwood,us-pa-pittsburgh-hazelwood,True,READY,
train_pittsburgh,/Users/liuqing/Projects/01_E2E_QA_Code/nuplan/dataset/data/cache/train_pittsburgh/2021.08.20.13.02.56_veh-42_00247_00349.db,2021.08.20.13.02.56_veh-42_00247_00349.db,7909376,2022-09-23T05:49:52+00:00,True,bb9292e2ba0ac6dd0635e44292adac8a3830c7282c2f1f8cd8eb399f76931bd2,22172cf8f4a698c9f1f24cae8653a4ce2a75b3157c0645d56a4fbe19254362c2,1891,1320,91919ad65ab22994d789fe6ceae588a7c4154d7dc6902f1d309a28b0aa305f24,1,2021.08.20.13.02.56_veh-42_00247_00349,us-pa-pittsburgh-hazelwood,us-pa-pittsburgh-hazelwood,True,READY,
train_pittsburgh,/Users/liuqing/Projects/01_E2E_QA_Code/nuplan/dataset/data/cache/train_pittsburgh/2021.08.20.13.02.56_veh-42_00450_00541.db,2021.08.20.13.02.56_veh-42_00450_00541.db,5312512,2022-09-23T05:49:52+00:00,True,bb9292e2ba0ac6dd0635e44292adac8a3830c7282c2f1f8cd8eb399f76931bd2,cce70389fe64c2824e3f80b0df45b732a4819d43f4817add4734ed4de7cf62f3,2587,1664,7841bb1e1bbcaebb8706af1b168589485607724184a22c1b8a534551ecba7265,1,2021.08.20.13.02.56_veh-42_00450_00541,us-pa-pittsburgh-hazelwood,us-pa-pittsburgh-hazelwood,True,READY,
train_pittsburgh,/Users/liuqing/Projects/01_E2E_QA_Code/nuplan/dataset/data/cache/train_pittsburgh/2021.08.20.13.02.56_veh-42_00670_00861.db,2021.08.20.13.02.56_veh-42_00670_00861.db,16834560,2022-09-23T05:49:52+00:00,True,bb9292e2ba0ac6dd0635e44292adac8a3830c7282c2f1f8cd8eb399f76931bd2,8a44bf61d73d46aaf5f1f89f9eef809b9d5f450d06297a3c35205f155a828d51,3696,2562,18f5d627fed1eae1a64c20e8e8eed083d510d17914cc366bc477799cca07fcee,1,2021.08.20.13.02.56_veh-42_00670_00861,us-pa-pittsburgh-hazelwood,us-pa-pittsburgh-hazelwood,True,READY,
train_pittsburgh,/Users/liuqing/Projects/01_E2E_QA_Code/nuplan/dataset/data/cache/train_pittsburgh/2021.08.20.13.02.56_veh-42_00944_01048.db,2021.08.20.13.02.56_veh-42_00944_01048.db,19312640,2022-09-23T05:49:52+00:00,True,bb9292e2ba0ac6dd0635e44292adac8a3830c7282c2f1f8cd8eb399f76931bd2,ec95a3d7174cc5b77db6d88b179c9b8e5019ddd3f2aadb2bdadb30b637d91557,3022,1458,d6c98cbc1553d35d3f4c1751a0f4e55c423e8a7dfe29bcd3d75dd45f94a6ad98,1,2021.08.20.13.02.56_veh-42_00944_01048,us-pa-pittsburgh-hazelwood,us-pa-pittsburgh-hazelwood,True,READY,
train_pittsburgh,/Users/liuqing/Projects/01_E2E_QA_Code/nuplan/dataset/data/cache/train_pittsburgh/2021.08.20.13.02.56_veh-42_01059_01186.db,2021.08.20.13.02.56_veh-42_01059_01186.db,18333696,2022-09-23T05:49:52+00:00,True,bb9292e2ba0ac6dd0635e44292adac8a3830c7282c2f1f8cd8eb399f76931bd2,7f5896b6d4a518ad8d071c6df7c5b500347679318bd2f60299638fa0e9ad2b7b,2893,1837,6c14edcc279ef84d00d57e23e8e56c80522558a99a841d5e448f7f5582bb5c3c,1,2021.08.20.13.02.56_veh-42_01059_01186,us-pa-pittsburgh-hazelwood,us-pa-pittsburgh-hazelwood,True,READY,
train_pittsburgh,/Users/liuqing/Projects/01_E2E_QA_Code/nuplan/dataset/data/cache/train_pittsburgh/2021.08.20.13.02.56_veh-42_01204_01440.db,2021.08.20.13.02.56_veh-42_01204_01440.db,28008448,2022-09-23T05:49:52+00:00,True,bb9292e2ba0ac6dd0635e44292adac8a3830c7282c2f1f8cd8eb399f76931bd2,92475b41bbce640ec1dfbbe784f8ff70f2be2b65de65433da67aef922d6245e8,5232,3591,92141c1511e0eac2860dc26e191650f355b275b92e88f3a804e48f7d00be1591,1,2021.08.20.13.02.56_veh-42_01204_01440,us-pa-pittsburgh-hazelwood,us-pa-pittsburgh-hazelwood,True,READY,
train_pittsburgh,/Users/liuqing/Projects/01_E2E_QA_Code/nuplan/dataset/data/cache/train_pittsburgh/2021.08.20.13.02.56_veh-42_01642_01706.db,2021.08.20.13.02.56_veh-42_01642_01706.db,5251072,2022-09-23T05:49:52+00:00,True,bb9292e2ba0ac6dd0635e44292adac8a3830c7282c2f1f8cd8eb399f76931bd2,221e5ff38e7faeb195970c9d2594f9ae7fc7c9ab27ba7c94ae1e26b2743bf628,1123,705,f0781aff268fbbc226cb7ea9094843fdc7d39603b62ed36f3364c2dc6431d901,1,2021.08.20.13.02.56_veh-42_01642_01706,us-pa-pittsburgh-hazelwood,us-pa-pittsburgh-hazelwood,True,READY,
train_pittsburgh,/Users/liuqing/Projects/01_E2E_QA_Code/nuplan/dataset/data/cache/train_pittsburgh/2021.08.20.13.02.56_veh-42_01717_01787.db,2021.08.20.13.02.56_veh-42_01717_01787.db,5787648,2022-09-23T05:49:52+00:00,True,bb9292e2ba0ac6dd0635e44292adac8a3830c7282c2f1f8cd8eb399f76931bd2,bfbd708176cb14cf4aeecff523cb3d82fd029c92ae04241df52bbe09048e3ef6,1261,837,a390fa1f72c68d6821f7db581fac6af608af2ad2d1e5bb2829795cbc8ed87722,1,2021.08.20.13.02.56_veh-42_01717_01787,us-pa-pittsburgh-hazelwood,us-pa-pittsburgh-hazelwood,True,READY,
train_pittsburgh,/Users/liuqing/Projects/01_E2E_QA_Code/nuplan/dataset/data/cache/train_pittsburgh/2021.08.20.13.34.11_veh-45_00132_00257.db,2021.08.20.13.34.11_veh-45_00132_00257.db,12029952,2022-09-23T05:49:52+00:00,True,bb9292e2ba0ac6dd0635e44292adac8a3830c7282c2f1f8cd8eb399f76931bd2,2b94fc6ec86989c550f16a1d7ad401888350a1ecd4d03a79ce6d285cd70f0b7a,2675,1649,5aed9f31d1eb22de8ad02b69c8e766305d3e1dee5982cdff7ef43411c68fcd0b,1,2021.08.20.13.34.11_veh-45_00132_00257,us-pa-pittsburgh-hazelwood,us-pa-pittsburgh-hazelwood,True,READY,
train_pittsburgh,/Users/liuqing/Projects/01_E2E_QA_Code/nuplan/dataset/data/cache/train_pittsburgh/2021.08.20.13.34.11_veh-45_00280_00652.db,2021.08.20.13.34.11_veh-45_00280_00652.db,49643520,2022-09-23T05:49:52+00:00,True,bb9292e2ba0ac6dd0635e44292adac8a3830c7282c2f1f8cd8eb399f76931bd2,1b53ca90049ede106a1e2fd54cff19160735ceaf7322620eb1c8fc40432aa032,10030,4930,11bc1e92c4f2b4c63bfdda43daa38709c5ed6acfef1a5d06d05d9511c88acb85,1,2021.08.20.13.34.11_veh-45_00280_00652,us-pa-pittsburgh-hazelwood,us-pa-pittsburgh-hazelwood,True,READY,
train_pittsburgh,/Users/liuqing/Projects/01_E2E_QA_Code/nuplan/dataset/data/cache/train_pittsburgh/2021.08.20.13.34.11_veh-45_00805_01087.db,2021.08.20.13.34.11_veh-45_00805_01087.db,39198720,2022-09-23T05:49:52+00:00,True,bb9292e2ba0ac6dd0635e44292adac8a3830c7282c2f1f8cd8eb399f76931bd2,ac3a4771575c5c601252a3849a076fbb4aab1b7503295e20fc84491796e4b8dc,7596,3968,b4d4fe4e19c7ae1b77cbc417472ed570b54d7ac789e616250b3dc72f98a3f61f,1,2021.08.20.13.34.11_veh-45_00805_01087,us-pa-pittsburgh-hazelwood,us-pa-pittsburgh-hazelwood,True,READY,
train_pittsburgh,/Users/liuqing/Projects/01_E2E_QA_Code/nuplan/dataset/data/cache/train_pittsburgh/2021.08.20.13.34.11_veh-45_01098_01161.db,2021.08.20.13.34.11_veh-45_01098_01161.db,6217728,2022-09-23T05:49:52+00:00,True,bb9292e2ba0ac6dd0635e44292adac8a3830c7282c2f1f8cd8eb399f76931bd2,c4d2ec3869cb0d8a37c592cde259e3b9290c0cafcddbac5c38ee50f643e9357c,1784,944,eb998bdd3cbfbef3166239f8dc205a7b09c7831ef41d6383de8944756aaa2b31,1,2021.08.20.13.34.11_veh-45_01098_01161,us-pa-pittsburgh-hazelwood,us-pa-pittsburgh-hazelwood,True,READY,
train_pittsburgh,/Users/liuqing/Projects/01_E2E_QA_Code/nuplan/dataset/data/cache/train_pittsburgh/2021.08.20.13.34.11_veh-45_01652_01717.db,2021.08.20.13.34.11_veh-45_01652_01717.db,6623232,2022-09-23T05:49:52+00:00,True,bb9292e2ba0ac6dd0635e44292adac8a3830c7282c2f1f8cd8eb399f76931bd2,0323e9d653deb198919a26482ca076f2a5f5c956aaa16659789acec9534b488a,1062,680,36f23812c060e9553716c86c9a96150646c219b6c89f0c3d079e44d03abaa536,1,2021.08.20.13.34.11_veh-45_01652_01717,us-pa-pittsburgh-hazelwood,us-pa-pittsburgh-hazelwood,True,READY,
train_pittsburgh,/Users/liuqing/Projects/01_E2E_QA_Code/nuplan/dataset/data/cache/train_pittsburgh/2021.08.20.13.55.47_veh-08_00219_00531.db,2021.08.20.13.55.47_veh-08_00219_00531.db,30334976,2022-09-23T05:30:20+00:00,True,bb9292e2ba0ac6dd0635e44292adac8a3830c7282c2f1f8cd8eb399f76931bd2,460407e40df601a23ebb91f8270b29e149330efa45d211efbfb0006c85a4e762,0,0,e3b0c44298fc1c149afbf4c8996fb92427ae41e4649b934ca495991b7852b855,1,2021.08.20.13.55.47_veh-08_00219_00531,us-pa-pittsburgh-hazelwood,us-pa-pittsburgh-hazelwood,True,READY,
train_pittsburgh,/Users/liuqing/Projects/01_E2E_QA_Code/nuplan/dataset/data/cache/train_pittsburgh/2021.08.20.13.55.47_veh-08_00599_01086.db,2021.08.20.13.55.47_veh-08_00599_01086.db,79851520,2022-09-23T05:30:20+00:00,True,bb9292e2ba0ac6dd0635e44292adac8a3830c7282c2f1f8cd8eb399f76931bd2,235984af9e42393e25be1d04f15b2441780152bf59a85973e3b165aa29400205,0,0,e3b0c44298fc1c149afbf4c8996fb92427ae41e4649b934ca495991b7852b855,1,2021.08.20.13.55.47_veh-08_00599_01086,us-pa-pittsburgh-hazelwood,us-pa-pittsburgh-hazelwood,True,READY,
train_pittsburgh,/Users/liuqing/Projects/01_E2E_QA_Code/nuplan/dataset/data/cache/train_pittsburgh/2021.08.20.13.55.47_veh-08_01097_01218.db,2021.08.20.13.55.47_veh-08_01097_01218.db,18194432,2022-09-23T05:30:20+00:00,True,bb9292e2ba0ac6dd0635e44292adac8a3830c7282c2f1f8cd8eb399f76931bd2,d42f14143003aab1f5f9aef196258060fd09690db946837cd434c85eaf3104a4,0,0,e3b0c44298fc1c149afbf4c8996fb92427ae41e4649b934ca495991b7852b855,1,2021.08.20.13.55.47_veh-08_01097_01218,us-pa-pittsburgh-hazelwood,us-pa-pittsburgh-hazelwood,True,READY,
train_pittsburgh,/Users/liuqing/Projects/01_E2E_QA_Code/nuplan/dataset/data/cache/train_pittsburgh/2021.08.20.13.55.47_veh-08_01236_01299.db,2021.08.20.13.55.47_veh-08_01236_01299.db,8130560,2022-09-23T05:30:20+00:00,True,bb9292e2ba0ac6dd0635e44292adac8a3830c7282c2f1f8cd8eb399f76931bd2,36a96229b1e0beeead8eca4eef36b733373df1f0844f57437db6ff02479e0572,0,0,e3b0c44298fc1c149afbf4c8996fb92427ae41e4649b934ca495991b7852b855,1,2021.08.20.13.55.47_veh-08_01236_01299,us-pa-pittsburgh-hazelwood,us-pa-pittsburgh-hazelwood,True,READY,
train_pittsburgh,/Users/liuqing/Projects/01_E2E_QA_Code/nuplan/dataset/data/cache/train_pittsburgh/2021.08.20.13.55.47_veh-08_01327_02066.db,2021.08.20.13.55.47_veh-08_01327_02066.db,117190656,2022-09-23T05:30:20+00:00,True,bb9292e2ba0ac6dd0635e44292adac8a3830c7282c2f1f8cd8eb399f76931bd2,0c924129371fdc6a680d4b0d489ad19cdebc8d7ef16486db68b4db0ae7fb6bc1,0,0,e3b0c44298fc1c149afbf4c8996fb92427ae41e4649b934ca495991b7852b855,1,2021.08.20.13.55.47_veh-08_01327_02066,us-pa-pittsburgh-hazelwood,us-pa-pittsburgh-hazelwood,True,READY,
train_pittsburgh,/Users/liuqing/Projects/01_E2E_QA_Code/nuplan/dataset/data/cache/train_pittsburgh/2021.08.20.13.55.47_veh-08_02119_02235.db,2021.08.20.13.55.47_veh-08_02119_02235.db,23293952,2022-09-23T05:30:20+00:00,True,bb9292e2ba0ac6dd0635e44292adac8a3830c7282c2f1f8cd8eb399f76931bd2,144c92e27e4a554152804f725a0072381b599ab337819b9ac18361b22000498e,0,0,e3b0c44298fc1c149afbf4c8996fb92427ae41e4649b934ca495991b7852b855,1,2021.08.20.13.55.47_veh-08_02119_02235,us-pa-pittsburgh-hazelwood,us-pa-pittsburgh-hazelwood,True,READY,
train_pittsburgh,/Users/liuqing/Projects/01_E2E_QA_Code/nuplan/dataset/data/cache/train_pittsburgh/2021.08.20.13.55.47_veh-08_02311_02831.db,2021.08.20.13.55.47_veh-08_02311_02831.db,94269440,2022-09-23T05:30:20+00:00,True,bb9292e2ba0ac6dd0635e44292adac8a3830c7282c2f1f8cd8eb399f76931bd2,24f0f1c461df86c13498912c017805e868cb2b01043c8289fe48922070f2390e,0,0,e3b0c44298fc1c149afbf4c8996fb92427ae41e4649b934ca495991b7852b855,1,2021.08.20.13.55.47_veh-08_02311_02831,us-pa-pittsburgh-hazelwood,us-pa-pittsburgh-hazelwood,True,READY,
train_pittsburgh,/Users/liuqing/Projects/01_E2E_QA_Code/nuplan/dataset/data/cache/train_pittsburgh/2021.08.20.14.28.03_veh-45_00016_00087.db,2021.08.20.14.28.03_veh-45_00016_00087.db,5451776,2022-09-23T05:49:52+00:00,True,bb9292e2ba0ac6dd0635e44292adac8a3830c7282c2f1f8cd8eb399f76931bd2,6e72f19a078c2498d2c9165cad40d82bab8d8e2c249769cd03d09a7fb2defffa,1394,955,68bca4a25c48aefe9fa24adc085bd17ace47ee6f4d871ed2a60fe34cee044b69,1,2021.08.20.14.28.03_veh-45_00016_00087,us-pa-pittsburgh-hazelwood,us-pa-pittsburgh-hazelwood,True,READY,
train_pittsburgh,/Users/liuqing/Projects/01_E2E_QA_Code/nuplan/dataset/data/cache/train_pittsburgh/2021.08.20.14.28.03_veh-45_00239_00641.db,2021.08.20.14.28.03_veh-45_00239_00641.db,55103488,2022-09-23T05:49:52+00:00,True,bb9292e2ba0ac6dd0635e44292adac8a3830c7282c2f1f8cd8eb399f76931bd2,8f6fbba44b29d57d31c30d1b0f77b2f6671801f343e019a477e3018ffce4830e,9066,5118,d44096c121fe2d4ba2f286d3d2c416d1868c7decac8dceed3e84efb96e96018f,1,2021.08.20.14.28.03_veh-45_00239_00641,us-pa-pittsburgh-hazelwood,us-pa-pittsburgh-hazelwood,True,READY,
train_pittsburgh,/Users/liuqing/Projects/01_E2E_QA_Code/nuplan/dataset/data/cache/train_pittsburgh/2021.08.20.14.28.03_veh-45_00686_00863.db,2021.08.20.14.28.03_veh-45_00686_00863.db,31207424,2022-09-23T05:49:52+00:00,True,bb9292e2ba0ac6dd0635e44292adac8a3830c7282c2f1f8cd8eb399f76931bd2,68b83fac9f1739462ba1d8f32e9add46fa806e66b1b8058dfa508be45245c05d,3820,1975,715b73d474d02ebb648436b3e2c9d67272c5d4a358826043b814beaf6909d0ed,1,2021.08.20.14.28.03_veh-45_00686_00863,us-pa-pittsburgh-hazelwood,us-pa-pittsburgh-hazelwood,True,READY,
train_pittsburgh,/Users/liuqing/Projects/01_E2E_QA_Code/nuplan/dataset/data/cache/train_pittsburgh/2021.08.20.14.28.03_veh-45_01060_01883.db,2021.08.20.14.28.03_veh-45_01060_01883.db,129617920,2022-09-23T05:49:52+00:00,True,bb9292e2ba0ac6dd0635e44292adac8a3830c7282c2f1f8cd8eb399f76931bd2,3ed574f7274f9aecfc9778007106a0dbb4da1a47f2da6de54f3e78c7a4cd7ff8,18381,10785,0daf6c78230e426a5d568b6d34d8b0f3a207e70ffd43735d697624e69327482c,1,2021.08.20.14.28.03_veh-45_01060_01883,us-pa-pittsburgh-hazelwood,us-pa-pittsburgh-hazelwood,True,READY,
train_pittsburgh,/Users/liuqing/Projects/01_E2E_QA_Code/nuplan/dataset/data/cache/train_pittsburgh/2021.08.20.14.28.03_veh-45_01994_02130.db,2021.08.20.14.28.03_veh-45_01994_02130.db,29081600,2022-09-23T05:49:52+00:00,True,bb9292e2ba0ac6dd0635e44292adac8a3830c7282c2f1f8cd8eb399f76931bd2,c5d0d8f19e5b1bd9fcd886f0b222ec87e256dec3a6ba0d10abc5cc7ab9766740,2970,1998,c668f3c1c04f9f32946cc7a85f4987ac255f0946bcd4f5e25cdbe4924c23cd28,1,2021.08.20.14.28.03_veh-45_01994_02130,us-pa-pittsburgh-hazelwood,us-pa-pittsburgh-hazelwood,True,READY,
train_pittsburgh,/Users/liuqing/Projects/01_E2E_QA_Code/nuplan/dataset/data/cache/train_pittsburgh/2021.08.20.14.28.03_veh-45_02163_02317.db,2021.08.20.14.28.03_veh-45_02163_02317.db,19550208,2022-09-23T05:49:52+00:00,True,bb9292e2ba0ac6dd0635e44292adac8a3830c7282c2f1f8cd8eb399f76931bd2,f4b8d3f0db2e9b1aeafc07f82502b6e12e8bee66fb1d054a0124c712ec2b5de1,3106,2217,454fd510dfa1d2a6b86e49588924b1c00c5ba2a2b7733e496e31ea5dcee16a44,1,2021.08.20.14.28.03_veh-45_02163_02317,us-pa-pittsburgh-hazelwood,us-pa-pittsburgh-hazelwood,True,READY,
train_pittsburgh,/Users/liuqing/Projects/01_E2E_QA_Code/nuplan/dataset/data/cache/train_pittsburgh/2021.08.20.14.28.03_veh-45_02328_02743.db,2021.08.20.14.28.03_veh-45_02328_02743.db,63434752,2022-09-23T05:49:52+00:00,True,bb9292e2ba0ac6dd0635e44292adac8a3830c7282c2f1f8cd8eb399f76931bd2,3fc9c598801bf95aaa80b6a7ced0dba7e355d63fc779be0870849d1e19fd70c1,9324,5451,4dba8dd45b725c14005ff8bd5263e62c4c00afc1f0bd86caa47b6a1df152cd17,1,2021.08.20.14.28.03_veh-45_02328_02743,us-pa-pittsburgh-hazelwood,us-pa-pittsburgh-hazelwood,True,READY,
train_pittsburgh,/Users/liuqing/Projects/01_E2E_QA_Code/nuplan/dataset/data/cache/train_pittsburgh/2021.08.20.14.28.03_veh-45_02828_03042.db,2021.08.20.14.28.03_veh-45_02828_03042.db,48574464,2022-09-23T05:49:52+00:00,True,bb9292e2ba0ac6dd0635e44292adac8a3830c7282c2f1f8cd8eb399f76931bd2,005adca174bb99937f302fb58d497b5371e4ffbf4e8723343e15249dc31bf94c,4761,3188,a646e02ad575cd6da467d2f33574e0f69e0fe4b75494e69ff46ba9bf5fb10451,1,2021.08.20.14.28.03_veh-45_02828_03042,us-pa-pittsburgh-hazelwood,us-pa-pittsburgh-hazelwood,True,READY,
train_pittsburgh,/Users/liuqing/Projects/01_E2E_QA_Code/nuplan/dataset/data/cache/train_pittsburgh/2021.08.20.14.28.03_veh-45_03053_03141.db,2021.08.20.14.28.03_veh-45_03053_03141.db,9162752,2022-09-23T05:49:52+00:00,True,bb9292e2ba0ac6dd0635e44292adac8a3830c7282c2f1f8cd8eb399f76931bd2,92dd88f9c9a1bc352a6ad749a9d163e8aebfc8ae70d2641834bf612a7789f455,1435,868,813601d71aa8acb2962a9ea20066ec4985804566ee7a9bb17f2812b8dfa1181f,1,2021.08.20.14.28.03_veh-45_03053_03141,us-pa-pittsburgh-hazelwood,us-pa-pittsburgh-hazelwood,True,READY,
train_pittsburgh,/Users/liuqing/Projects/01_E2E_QA_Code/nuplan/dataset/data/cache/train_pittsburgh/2021.08.20.14.28.03_veh-45_03203_03263.db,2021.08.20.14.28.03_veh-45_03203_03263.db,3710976,2022-09-23T05:49:52+00:00,True,bb9292e2ba0ac6dd0635e44292adac8a3830c7282c2f1f8cd8eb399f76931bd2,4d0ea36d8be0006e22f9d83b28eea1a7f171618c92a8acc73e78f141aca40105,1230,673,8230db828cb0dbe97fe1cb33327afdce575b1df20969abd1cc07fff7ce809a7f,1,2021.08.20.14.28.03_veh-45_03203_03263,us-pa-pittsburgh-hazelwood,us-pa-pittsburgh-hazelwood,True,READY,
train_pittsburgh,/Users/liuqing/Projects/01_E2E_QA_Code/nuplan/dataset/data/cache/train_pittsburgh/2021.08.20.14.28.03_veh-45_03303_03404.db,2021.08.20.14.28.03_veh-45_03303_03404.db,6680576,2022-09-23T05:49:52+00:00,True,bb9292e2ba0ac6dd0635e44292adac8a3830c7282c2f1f8cd8eb399f76931bd2,e2c77c5ebbf0c879dbd86a3ad9646700c689569879c1121d5d94043be77d753d,1898,1241,bc4aea9efa68461a044db2d0f230ae5b85fac5c4dc3ac8ff2d18e2be02c9085d,1,2021.08.20.14.28.03_veh-45_03303_03404,us-pa-pittsburgh-hazelwood,us-pa-pittsburgh-hazelwood,True,READY,
train_pittsburgh,/Users/liuqing/Projects/01_E2E_QA_Code/nuplan/dataset/data/cache/train_pittsburgh/2021.08.20.16.40.09_veh-45_00168_00513.db,2021.08.20.16.40.09_veh-45_00168_00513.db,39350272,2022-09-23T05:49:52+00:00,True,bb9292e2ba0ac6dd0635e44292adac8a3830c7282c2f1f8cd8eb399f76931bd2,73e35ddc28c232e3bf556cc367424b6b606be98aaee5f616c7d713ad86ba301a,6279,3814,9c669b6b48da7a557c788a6ba70b482965b24b46e2ad839048992ac1c390abf8,1,2021.08.20.16.40.09_veh-45_00168_00513,us-pa-pittsburgh-hazelwood,us-pa-pittsburgh-hazelwood,True,READY,
train_pittsburgh,/Users/liuqing/Projects/01_E2E_QA_Code/nuplan/dataset/data/cache/train_pittsburgh/2021.08.20.16.40.09_veh-45_00565_00646.db,2021.08.20.16.40.09_veh-45_00565_00646.db,17088512,2022-09-23T05:49:52+00:00,True,bb9292e2ba0ac6dd0635e44292adac8a3830c7282c2f1f8cd8eb399f76931bd2,8e21b11f2ab8a4c6f35fb5a4be0666ad592d2bf39cfd66bf1282a9a189680174,2049,1160,699be7fb2f7c930fa754ef59f43c9de1065b718b4addc1de4b941d3015d9b34e,1,2021.08.20.16.40.09_veh-45_00565_00646,us-pa-pittsburgh-hazelwood,us-pa-pittsburgh-hazelwood,True,READY,
train_pittsburgh,/Users/liuqing/Projects/01_E2E_QA_Code/nuplan/dataset/data/cache/train_pittsburgh/2021.08.20.16.40.09_veh-45_00670_00796.db,2021.08.20.16.40.09_veh-45_00670_00796.db,20680704,2022-09-23T05:49:52+00:00,True,bb9292e2ba0ac6dd0635e44292adac8a3830c7282c2f1f8cd8eb399f76931bd2,e7afc0cc66445f2e99146cff31087c95704efa5d703cde81c1c52fc14b889157,2705,1395,74c0d8eec9abc24863fa46c9344de112367216557c3f336289777b30ce05495e,1,2021.08.20.16.40.09_veh-45_00670_00796,us-pa-pittsburgh-hazelwood,us-pa-pittsburgh-hazelwood,True,READY,
train_pittsburgh,/Users/liuqing/Projects/01_E2E_QA_Code/nuplan/dataset/data/cache/train_pittsburgh/2021.08.20.16.40.09_veh-45_00984_01075.db,2021.08.20.16.40.09_veh-45_00984_01075.db,6119424,2022-09-23T05:49:52+00:00,True,bb9292e2ba0ac6dd0635e44292adac8a3830c7282c2f1f8cd8eb399f76931bd2,df67aef6ff5d14946d94b3062c6faeccce4c788e88420198dc2b10404285bab5,2220,1514,deb516a7ea019edc0657fd50d57c60b11dfdbdac36a156dce34f5bea7bba3fb9,1,2021.08.20.16.40.09_veh-45_00984_01075,us-pa-pittsburgh-hazelwood,us-pa-pittsburgh-hazelwood,True,READY,
train_pittsburgh,/Users/liuqing/Projects/01_E2E_QA_Code/nuplan/dataset/data/cache/train_pittsburgh/2021.08.20.16.40.09_veh-45_01263_01423.db,2021.08.20.16.40.09_veh-45_01263_01423.db,12050432,2022-09-23T05:49:52+00:00,True,bb9292e2ba0ac6dd0635e44292adac8a3830c7282c2f1f8cd8eb399f76931bd2,29cf9f3b61f473d6c4c3d4992cdc388686a722572e4a5c82f228030ef6b98360,3825,2414,547923996036592e868d2d68ce771744cfaf0b61387fb8e136a10f5d0fec57d5,1,2021.08.20.16.40.09_veh-45_01263_01423,us-pa-pittsburgh-hazelwood,us-pa-pittsburgh-hazelwood,True,READY,
train_pittsburgh,/Users/liuqing/Projects/01_E2E_QA_Code/nuplan/dataset/data/cache/train_pittsburgh/2021.08.20.16.40.09_veh-45_01463_01693.db,2021.08.20.16.40.09_veh-45_01463_01693.db,22212608,2022-09-23T05:49:52+00:00,True,bb9292e2ba0ac6dd0635e44292adac8a3830c7282c2f1f8cd8eb399f76931bd2,6bf3968a4afe6c30f99f62c3253bb185d297159d8d4b8d2fafac98ef0fb2a99e,5900,3501,74393250adf48e259a5c0c8b5de4bbbfd19b7de6a0e698138b9c89f36a08341f,1,2021.08.20.16.40.09_veh-45_01463_01693,us-pa-pittsburgh-hazelwood,us-pa-pittsburgh-hazelwood,True,READY,
train_pittsburgh,/Users/liuqing/Projects/01_E2E_QA_Code/nuplan/dataset/data/cache/train_pittsburgh/2021.08.20.16.40.09_veh-45_01765_02019.db,2021.08.20.16.40.09_veh-45_01765_02019.db,50917376,2022-09-23T05:49:52+00:00,True,bb9292e2ba0ac6dd0635e44292adac8a3830c7282c2f1f8cd8eb399f76931bd2,8ad12dd7891f24849c3515789bf82329862ae79840301f63dd35f53aaef6bdb4,4883,2974,4e469d35699215e209aecb35d9cdbb702ee4946b1bda8ac81154af1469f1569b,1,2021.08.20.16.40.09_veh-45_01765_02019,us-pa-pittsburgh-hazelwood,us-pa-pittsburgh-hazelwood,True,READY,
train_pittsburgh,/Users/liuqing/Projects/01_E2E_QA_Code/nuplan/dataset/data/cache/train_pittsburgh/2021.08.20.16.40.09_veh-45_02114_02226.db,2021.08.20.16.40.09_veh-45_02114_02226.db,14766080,2022-09-23T05:49:52+00:00,True,bb9292e2ba0ac6dd0635e44292adac8a3830c7282c2f1f8cd8eb399f76931bd2,6cf078041d446d33eed418bc5519c7303c5b25f5ae4eb074838fedb6030c0a0a,2547,1413,61f0edee40d1a64785d50b4ac6518b0c3bdb7768613822e78318f34f2c9eb61b,1,2021.08.20.16.40.09_veh-45_02114_02226,us-pa-pittsburgh-hazelwood,us-pa-pittsburgh-hazelwood,True,READY,
train_pittsburgh,/Users/liuqing/Projects/01_E2E_QA_Code/nuplan/dataset/data/cache/train_pittsburgh/2021.08.20.16.40.09_veh-45_02376_02493.db,2021.08.20.16.40.09_veh-45_02376_02493.db,7352320,2022-09-23T05:49:52+00:00,True,bb9292e2ba0ac6dd0635e44292adac8a3830c7282c2f1f8cd8eb399f76931bd2,49bd096882c84833f569171102e406083c10f0e194b3d368114c753e0d65825d,3108,2098,84a51b9a53bca5332ec2a2aa8262462fdea8e48fe8316eab7add93693c85e8e3,1,2021.08.20.16.40.09_veh-45_02376_02493,us-pa-pittsburgh-hazelwood,us-pa-pittsburgh-hazelwood,True,READY,
train_pittsburgh,/Users/liuqing/Projects/01_E2E_QA_Code/nuplan/dataset/data/cache/train_pittsburgh/2021.08.20.16.40.09_veh-45_02662_02781.db,2021.08.20.16.40.09_veh-45_02662_02781.db,10731520,2022-09-23T05:49:52+00:00,True,bb9292e2ba0ac6dd0635e44292adac8a3830c7282c2f1f8cd8eb399f76931bd2,52da227e5f56bd543578d9d655e16136aed629f46a3ca4a13e7452a00e7d7e59,2480,1685,14ce1c226aa759b9ce9809b70d8e5f3f7858ae85275179050d34a7572d92f2bb,1,2021.08.20.16.40.09_veh-45_02662_02781,us-pa-pittsburgh-hazelwood,us-pa-pittsburgh-hazelwood,True,READY,
train_pittsburgh,/Users/liuqing/Projects/01_E2E_QA_Code/nuplan/dataset/data/cache/train_pittsburgh/2021.08.20.16.40.09_veh-45_02957_03034.db,2021.08.20.16.40.09_veh-45_02957_03034.db,6873088,2022-09-23T05:49:52+00:00,True,bb9292e2ba0ac6dd0635e44292adac8a3830c7282c2f1f8cd8eb399f76931bd2,aa5df5b3edfcf12433fd0ef2ca4be07e94aee9c6dceb9ce93c516299d636473c,1071,690,e3f7a5961b79f7cc345bac8d02a9d8604f4427bbb7c11288059e984eb9312254,1,2021.08.20.16.40.09_veh-45_02957_03034,us-pa-pittsburgh-hazelwood,us-pa-pittsburgh-hazelwood,True,READY,
train_pittsburgh,/Users/liuqing/Projects/01_E2E_QA_Code/nuplan/dataset/data/cache/train_pittsburgh/2021.08.20.16.54.30_veh-08_00084_00217.db,2021.08.20.16.54.30_veh-08_00084_00217.db,8577024,2022-09-23T05:49:52+00:00,True,bb9292e2ba0ac6dd0635e44292adac8a3830c7282c2f1f8cd8eb399f76931bd2,3a8265f193043460b6f3e5da44b98ef4b9ca8f97080acf76d62ca05f7fc3e2a3,3681,2374,4b2515f1615c006b31c55eb800460dc028664f3338b1db1862b3a2fb9b115293,1,2021.08.20.16.54.30_veh-08_00084_00217,us-pa-pittsburgh-hazelwood,us-pa-pittsburgh-hazelwood,True,READY,
train_pittsburgh,/Users/liuqing/Projects/01_E2E_QA_Code/nuplan/dataset/data/cache/train_pittsburgh/2021.08.20.16.54.30_veh-08_00228_00289.db,2021.08.20.16.54.30_veh-08_00228_00289.db,4218880,2022-09-23T05:49:52+00:00,True,bb9292e2ba0ac6dd0635e44292adac8a3830c7282c2f1f8cd8eb399f76931bd2,ef4c2239bb8a78d0d1ea163361c71081f8bf6644e2f776060f61ac21d9b2f9bb,1319,813,cafe84d6afbfc077b950928cd795d495892e3970cbe7e7ebbe25133895d71e80,1,2021.08.20.16.54.30_veh-08_00228_00289,us-pa-pittsburgh-hazelwood,us-pa-pittsburgh-hazelwood,True,READY,
train_pittsburgh,/Users/liuqing/Projects/01_E2E_QA_Code/nuplan/dataset/data/cache/train_pittsburgh/2021.08.20.16.54.30_veh-08_00300_00392.db,2021.08.20.16.54.30_veh-08_00300_00392.db,8265728,2022-09-23T05:49:52+00:00,True,bb9292e2ba0ac6dd0635e44292adac8a3830c7282c2f1f8cd8eb399f76931bd2,d7e05c6eb8df5970d4a32d5a1fac91c2f228083b652cd2c80e5ecd9b7cd2503a,2012,990,8ccc8dd9a5ad2c6a8bfe4b6d1156f78c4c52753af3aec6f8773a4ca9968167a6,1,2021.08.20.16.54.30_veh-08_00300_00392,us-pa-pittsburgh-hazelwood,us-pa-pittsburgh-hazelwood,True,READY,
train_pittsburgh,/Users/liuqing/Projects/01_E2E_QA_Code/nuplan/dataset/data/cache/train_pittsburgh/2021.08.20.16.54.30_veh-08_00411_00476.db,2021.08.20.16.54.30_veh-08_00411_00476.db,8826880,2022-09-23T05:49:52+00:00,True,bb9292e2ba0ac6dd0635e44292adac8a3830c7282c2f1f8cd8eb399f76931bd2,b619fb88969e8dc542cfb296153ef5ab263126ffd5080adfe356436917e2081b,1312,877,f31f3131a81931fd02fb2ad4ae90a22b6575bd3a3d0ff382ee31511bd16ea110,1,2021.08.20.16.54.30_veh-08_00411_00476,us-pa-pittsburgh-hazelwood,us-pa-pittsburgh-hazelwood,True,READY,
train_pittsburgh,/Users/liuqing/Projects/01_E2E_QA_Code/nuplan/dataset/data/cache/train_pittsburgh/2021.08.20.16.54.30_veh-08_00500_00814.db,2021.08.20.16.54.30_veh-08_00500_00814.db,62427136,2022-09-23T05:49:52+00:00,True,bb9292e2ba0ac6dd0635e44292adac8a3830c7282c2f1f8cd8eb399f76931bd2,ac5bd714f2f9e479729f2b6ff986e792cf9757110c0d057eae22b1b6a5508dea,7901,3673,00b8709f466d407188d81fc3235381f2240d07fe51bbd745715f74e4e31c79d9,1,2021.08.20.16.54.30_veh-08_00500_00814,us-pa-pittsburgh-hazelwood,us-pa-pittsburgh-hazelwood,True,READY,
train_pittsburgh,/Users/liuqing/Projects/01_E2E_QA_Code/nuplan/dataset/data/cache/train_pittsburgh/2021.08.20.16.54.30_veh-08_00994_01084.db,2021.08.20.16.54.30_veh-08_00994_01084.db,13492224,2022-09-23T05:49:52+00:00,True,bb9292e2ba0ac6dd0635e44292adac8a3830c7282c2f1f8cd8eb399f76931bd2,bea290536fa87f19f986538247e7ee0df00f060e537fdf501dce4d58f57488bd,1725,1354,70c029fd08049bb14ba233e056071f2bc189498bc318df110d6ee82a393c94a4,1,2021.08.20.16.54.30_veh-08_00994_01084,us-pa-pittsburgh-hazelwood,us-pa-pittsburgh-hazelwood,True,READY,
train_pittsburgh,/Users/liuqing/Projects/01_E2E_QA_Code/nuplan/dataset/data/cache/train_pittsburgh/2021.08.20.16.54.30_veh-08_01153_01419.db,2021.08.20.16.54.30_veh-08_01153_01419.db,39714816,2022-09-23T05:49:52+00:00,True,bb9292e2ba0ac6dd0635e44292adac8a3830c7282c2f1f8cd8eb399f76931bd2,ce04acd8123f2a94bcd01fbc55fde6c1cf1f3f144f20c81e227674610871b77b,7318,3422,b3f156e2fbbeabc9c4e45b64150cc334042020476a949b48ba2882d41422bcf5,1,2021.08.20.16.54.30_veh-08_01153_01419,us-pa-pittsburgh-hazelwood,us-pa-pittsburgh-hazelwood,True,READY,
train_pittsburgh,/Users/liuqing/Projects/01_E2E_QA_Code/nuplan/dataset/data/cache/train_pittsburgh/2021.08.20.16.54.30_veh-08_01442_01584.db,2021.08.20.16.54.30_veh-08_01442_01584.db,29700096,2022-09-23T05:49:52+00:00,True,bb9292e2ba0ac6dd0635e44292adac8a3830c7282c2f1f8cd8eb399f76931bd2,f99e3930394157913552ba0c0c75c0402ef7dc808cccad07766f713da77a7541,3930,2076,6aacbf1105ef2b700004e8507852545bd4d4a1434d584466d8836eafed1c4727,1,2021.08.20.16.54.30_veh-08_01442_01584,us-pa-pittsburgh-hazelwood,us-pa-pittsburgh-hazelwood,True,READY,
train_pittsburgh,/Users/liuqing/Projects/01_E2E_QA_Code/nuplan/dataset/data/cache/train_pittsburgh/2021.08.20.16.54.30_veh-08_01609_02051.db,2021.08.20.16.54.30_veh-08_01609_02051.db,74145792,2022-09-23T05:49:52+00:00,True,bb9292e2ba0ac6dd0635e44292adac8a3830c7282c2f1f8cd8eb399f76931bd2,10ff2de93bc122294703627daeed1500a9ae067980015f99835f089efa2b16ed,10721,5227,6f0baa50918dc6021071ec2c7d91b0bc7e2f918410343f4f5ed1f603a573d8f1,1,2021.08.20.16.54.30_veh-08_01609_02051,us-pa-pittsburgh-hazelwood,us-pa-pittsburgh-hazelwood,True,READY,
train_pittsburgh,/Users/liuqing/Projects/01_E2E_QA_Code/nuplan/dataset/data/cache/train_pittsburgh/2021.08.20.16.54.30_veh-08_02083_02192.db,2021.08.20.16.54.30_veh-08_02083_02192.db,20250624,2022-09-23T05:49:52+00:00,True,bb9292e2ba0ac6dd0635e44292adac8a3830c7282c2f1f8cd8eb399f76931bd2,31be19947362778836d4a80c0268f7215b5799d5135159b3c91a96ad6cfea035,2488,1182,c0d6ed32e74423b11c16de05d782b297ade97bc3564a2e0284fba5af01440b00,1,2021.08.20.16.54.30_veh-08_02083_02192,us-pa-pittsburgh-hazelwood,us-pa-pittsburgh-hazelwood,True,READY,
train_pittsburgh,/Users/liuqing/Projects/01_E2E_QA_Code/nuplan/dataset/data/cache/train_pittsburgh/2021.08.20.16.54.30_veh-08_02218_02541.db,2021.08.20.16.54.30_veh-08_02218_02541.db,70156288,2022-09-23T05:49:52+00:00,True,bb9292e2ba0ac6dd0635e44292adac8a3830c7282c2f1f8cd8eb399f76931bd2,d971da58a7f23c3a6561deba2f007c50ec8de09309108ec65b38dd785d51c5cf,10500,4165,1d72f5da20e74780a79a28ddac96b85a15f1a9c6f648ec5f74d249a31f591815,1,2021.08.20.16.54.30_veh-08_02218_02541,us-pa-pittsburgh-hazelwood,us-pa-pittsburgh-hazelwood,True,READY,
train_pittsburgh,/Users/liuqing/Projects/01_E2E_QA_Code/nuplan/dataset/data/cache/train_pittsburgh/2021.08.20.16.54.30_veh-08_02610_02673.db,2021.08.20.16.54.30_veh-08_02610_02673.db,4390912,2022-09-23T05:49:52+00:00,True,bb9292e2ba0ac6dd0635e44292adac8a3830c7282c2f1f8cd8eb399f76931bd2,1bbbfe57eb63497aca14cd4b9a86a8303f492373fdcaf11ef40a20df00e29c4b,0,0,e3b0c44298fc1c149afbf4c8996fb92427ae41e4649b934ca495991b7852b855,1,2021.08.20.16.54.30_veh-08_02610_02673,us-pa-pittsburgh-hazelwood,us-pa-pittsburgh-hazelwood,True,READY,
train_pittsburgh,/Users/liuqing/Projects/01_E2E_QA_Code/nuplan/dataset/data/cache/train_pittsburgh/2021.08.20.17.52.54_veh-08_00097_00188.db,2021.08.20.17.52.54_veh-08_00097_00188.db,5885952,2022-09-23T05:49:52+00:00,True,bb9292e2ba0ac6dd0635e44292adac8a3830c7282c2f1f8cd8eb399f76931bd2,5a18024948ca9e6066c0f0b4098b6f0c5671848c3abcc39954fe0f328578217a,2110,1483,dbfff98a2181ba9f1740a6b92a21fc66df6d0338db633d59149cbaf74f7c458b,1,2021.08.20.17.52.54_veh-08_00097_00188,us-pa-pittsburgh-hazelwood,us-pa-pittsburgh-hazelwood,True,READY,
train_pittsburgh,/Users/liuqing/Projects/01_E2E_QA_Code/nuplan/dataset/data/cache/train_pittsburgh/2021.08.20.17.52.54_veh-08_00199_00643.db,2021.08.20.17.52.54_veh-08_00199_00643.db,68493312,2022-09-23T05:49:53+00:00,True,bb9292e2ba0ac6dd0635e44292adac8a3830c7282c2f1f8cd8eb399f76931bd2,188755d62571f920423175041831435fa9308e66253acd5e8effa24e0d5c0bb4,11499,5756,5ae38bbb2c928b33174d71a90824b87155d561c80d93b9f70196a567ae5e9755,1,2021.08.20.17.52.54_veh-08_00199_00643,us-pa-pittsburgh-hazelwood,us-pa-pittsburgh-hazelwood,True,READY,
train_pittsburgh,/Users/liuqing/Projects/01_E2E_QA_Code/nuplan/dataset/data/cache/train_pittsburgh/2021.08.20.17.52.54_veh-08_00686_00838.db,2021.08.20.17.52.54_veh-08_00686_00838.db,24535040,2022-09-23T05:49:53+00:00,True,bb9292e2ba0ac6dd0635e44292adac8a3830c7282c2f1f8cd8eb399f76931bd2,3a2a3371c2793e9072ec5e033730cdd857625d026f295d8519039631869e10b5,3098,1819,5d67f61b887141a83de154f451791940e3fe638e667cfd6473c18bbf53c9e299,1,2021.08.20.17.52.54_veh-08_00686_00838,us-pa-pittsburgh-hazelwood,us-pa-pittsburgh-hazelwood,True,READY,
train_pittsburgh,/Users/liuqing/Projects/01_E2E_QA_Code/nuplan/dataset/data/cache/train_pittsburgh/2021.08.20.17.52.54_veh-08_00849_00930.db,2021.08.20.17.52.54_veh-08_00849_00930.db,21544960,2022-09-23T05:49:53+00:00,True,bb9292e2ba0ac6dd0635e44292adac8a3830c7282c2f1f8cd8eb399f76931bd2,f78c365819087941f4a11b56fa11bac8a0bd21dc35d4926da8e74ef3db18d173,1729,1041,bca28b2dbbee88c391f5fe67402494b3dacb51259b5c79b69702edae43cf59f3,1,2021.08.20.17.52.54_veh-08_00849_00930,us-pa-pittsburgh-hazelwood,us-pa-pittsburgh-hazelwood,True,READY,
train_pittsburgh,/Users/liuqing/Projects/01_E2E_QA_Code/nuplan/dataset/data/cache/train_pittsburgh/2021.08.20.17.52.54_veh-08_00976_01257.db,2021.08.20.17.52.54_veh-08_00976_01257.db,55844864,2022-09-23T05:49:53+00:00,True,bb9292e2ba0ac6dd0635e44292adac8a3830c7282c2f1f8cd8eb399f76931bd2,e201ef2252e922ecab912e987e689ec709953fe2a60378e756e1679c00989690,7403,3943,68344e6b585e0738575cc3264763b4940ca2195c916b97ee48b6418219aa4a5b,1,2021.08.20.17.52.54_veh-08_00976_01257,us-pa-pittsburgh-hazelwood,us-pa-pittsburgh-hazelwood,True,READY,
train_pittsburgh,/Users/liuqing/Projects/01_E2E_QA_Code/nuplan/dataset/data/cache/train_pittsburgh/2021.08.20.17.52.54_veh-08_01282_01539.db,2021.08.20.17.52.54_veh-08_01282_01539.db,52047872,2022-09-23T05:49:53+00:00,True,bb9292e2ba0ac6dd0635e44292adac8a3830c7282c2f1f8cd8eb399f76931bd2,c218e47ddb30b0173fd18e53c8d71e908ea5da1ee49c174617cf33771c061629,5868,3723,d0d835d9470048135fe978673bf77cb637e29db7ae5d80ca91f24549f2ca52ec,1,2021.08.20.17.52.54_veh-08_01282_01539,us-pa-pittsburgh-hazelwood,us-pa-pittsburgh-hazelwood,True,READY,
train_pittsburgh,/Users/liuqing/Projects/01_E2E_QA_Code/nuplan/dataset/data/cache/train_pittsburgh/2021.08.20.17.52.54_veh-08_01560_01736.db,2021.08.20.17.52.54_veh-08_01560_01736.db,27676672,2022-09-23T05:49:53+00:00,True,bb9292e2ba0ac6dd0635e44292adac8a3830c7282c2f1f8cd8eb399f76931bd2,2c4bd028ffbb242555dadeb0c1ebf50b57661202cabf902d59af6eb663aace33,4779,2376,9eae95dc2d489a772eb6e1744d0927ba8d38a635e92c1c0f44b647cf0fd9b1fe,1,2021.08.20.17.52.54_veh-08_01560_01736,us-pa-pittsburgh-hazelwood,us-pa-pittsburgh-hazelwood,True,READY,
train_pittsburgh,/Users/liuqing/Projects/01_E2E_QA_Code/nuplan/dataset/data/cache/train_pittsburgh/2021.08.20.17.52.54_veh-08_01757_02070.db,2021.08.20.17.52.54_veh-08_01757_02070.db,57479168,2022-09-23T05:49:53+00:00,True,bb9292e2ba0ac6dd0635e44292adac8a3830c7282c2f1f8cd8eb399f76931bd2,13768336b581907b4517ff2a494f4be2786fc2b65c87592d39def855b8e7c707,8008,4344,a45afe3a6e42825e3f2b31517fffd604176966bd196534ece59bad40f18c95c0,1,2021.08.20.17.52.54_veh-08_01757_02070,us-pa-pittsburgh-hazelwood,us-pa-pittsburgh-hazelwood,True,READY,
train_pittsburgh,/Users/liuqing/Projects/01_E2E_QA_Code/nuplan/dataset/data/cache/train_pittsburgh/2021.08.20.17.52.54_veh-08_02092_02238.db,2021.08.20.17.52.54_veh-08_02092_02238.db,18300928,2022-09-23T05:49:53+00:00,True,bb9292e2ba0ac6dd0635e44292adac8a3830c7282c2f1f8cd8eb399f76931bd2,8a5dee259b4f0d46b4ea6c34bc81b1b0ac2a616b05b4674b6c1e3f1501f25772,3517,1785,9a0dcc2370706d30f956033f5922c39b7c1a72f891cfb64942cf9ad5d0241b26,1,2021.08.20.17.52.54_veh-08_02092_02238,us-pa-pittsburgh-hazelwood,us-pa-pittsburgh-hazelwood,True,READY,
train_pittsburgh,/Users/liuqing/Projects/01_E2E_QA_Code/nuplan/dataset/data/cache/train_pittsburgh/2021.08.20.17.52.54_veh-08_02468_02559.db,2021.08.20.17.52.54_veh-08_02468_02559.db,5959680,2022-09-23T05:49:53+00:00,True,bb9292e2ba0ac6dd0635e44292adac8a3830c7282c2f1f8cd8eb399f76931bd2,963133695bba57a77e5ba7bcf3d2475557c6e90db53da02ef1074a6a3829127b,2147,1521,b4eb061c6222f5eefb959e0682b08c93a9b10e4bd0d7c9b64ad3760e13afe71d,1,2021.08.20.17.52.54_veh-08_02468_02559,us-pa-pittsburgh-hazelwood,us-pa-pittsburgh-hazelwood,True,READY,
train_pittsburgh,/Users/liuqing/Projects/01_E2E_QA_Code/nuplan/dataset/data/cache/train_pittsburgh/2021.08.20.17.52.54_veh-08_02570_02827.db,2021.08.20.17.52.54_veh-08_02570_02827.db,20324352,2022-09-23T05:49:53+00:00,True,bb9292e2ba0ac6dd0635e44292adac8a3830c7282c2f1f8cd8eb399f76931bd2,edd785e5540ece566526c7206befb55147cec4a89c6cdf9cb040f25c0e4469d6,5831,3719,9a4175c8fe367cc9715a70f5e3fcc707524391b6d5b8b90ada2354662d55c379,1,2021.08.20.17.52.54_veh-08_02570_02827,us-pa-pittsburgh-hazelwood,us-pa-pittsburgh-hazelwood,True,READY,
train_pittsburgh,/Users/liuqing/Projects/01_E2E_QA_Code/nuplan/dataset/data/cache/train_pittsburgh/2021.08.20.17.54.47_veh-45_00036_00173.db,2021.08.20.17.54.47_veh-45_00036_00173.db,8880128,2022-09-23T05:49:53+00:00,True,bb9292e2ba0ac6dd0635e44292adac8a3830c7282c2f1f8cd8eb399f76931bd2,1bb23cab82bd2c884b7c4c8717f07ce8aa8bd83cc2fc8a975d1fc28ac616108c,3409,2095,fb4e0470aeedbc60b857c9b005f55f87ea33da463c926bac81bab89143844cce,1,2021.08.20.17.54.47_veh-45_00036_00173,us-pa-pittsburgh-hazelwood,us-pa-pittsburgh-hazelwood,True,READY,
train_pittsburgh,/Users/liuqing/Projects/01_E2E_QA_Code/nuplan/dataset/data/cache/train_pittsburgh/2021.08.20.17.54.47_veh-45_00195_00307.db,2021.08.20.17.54.47_veh-45_00195_00307.db,9166848,2022-09-23T05:49:53+00:00,True,bb9292e2ba0ac6dd0635e44292adac8a3830c7282c2f1f8cd8eb399f76931bd2,84fa9b515a49c6a1238f23859b9c8e50affa680c5e29db4ae4805012ddf04eb0,2243,1403,079498c113e84f0cf31dfb88d700c1e480ad9fa8ba8ad950c3621893166b74ab,1,2021.08.20.17.54.47_veh-45_00195_00307,us-pa-pittsburgh-hazelwood,us-pa-pittsburgh-hazelwood,True,READY,
train_pittsburgh,/Users/liuqing/Projects/01_E2E_QA_Code/nuplan/dataset/data/cache/train_pittsburgh/2021.08.20.17.54.47_veh-45_00482_00549.db,2021.08.20.17.54.47_veh-45_00482_00549.db,8732672,2022-09-23T05:49:53+00:00,True,bb9292e2ba0ac6dd0635e44292adac8a3830c7282c2f1f8cd8eb399f76931bd2,8936bf59573832f0314deb68311edf2b245daaa39ebe8988d9dcf0856a19b1c0,1270,1169,4387e12bb328a342a1d0cfb12b6078ef854618dd29c6b817a2a47089cd0bb2ea,1,2021.08.20.17.54.47_veh-45_00482_00549,us-pa-pittsburgh-hazelwood,us-pa-pittsburgh-hazelwood,True,READY,
train_pittsburgh,/Users/liuqing/Projects/01_E2E_QA_Code/nuplan/dataset/data/cache/train_pittsburgh/2021.08.20.17.54.47_veh-45_00607_00997.db,2021.08.20.17.54.47_veh-45_00607_00997.db,64425984,2022-09-23T05:49:53+00:00,True,bb9292e2ba0ac6dd0635e44292adac8a3830c7282c2f1f8cd8eb399f76931bd2,c01e1ee04ea75794f587f468449417a35bb7cc4c06fc878c10cad95ddc448399,10947,4991,6a470a4277507cbe89934df7d6c93c141353a8c8d49500d5c5b32c370ae7aa80,1,2021.08.20.17.54.47_veh-45_00607_00997,us-pa-pittsburgh-hazelwood,us-pa-pittsburgh-hazelwood,True,READY,
train_pittsburgh,/Users/liuqing/Projects/01_E2E_QA_Code/nuplan/dataset/data/cache/train_pittsburgh/2021.08.20.17.54.47_veh-45_01021_01105.db,2021.08.20.17.54.47_veh-45_01021_01105.db,13791232,2022-09-23T05:49:53+00:00,True,bb9292e2ba0ac6dd0635e44292adac8a3830c7282c2f1f8cd8eb399f76931bd2,98c0005c9270fbe49b013fbe5fbd5553203f1c3246001bf6f12546505a876c60,2160,1018,5b6a85147f950440a1f6286e3ed1402d7aec5ad600044ce21aeb024fe13dd88b,1,2021.08.20.17.54.47_veh-45_01021_01105,us-pa-pittsburgh-hazelwood,us-pa-pittsburgh-hazelwood,True,READY,
train_pittsburgh,/Users/liuqing/Projects/01_E2E_QA_Code/nuplan/dataset/data/cache/train_pittsburgh/2021.08.20.17.54.47_veh-45_01116_01203.db,2021.08.20.17.54.47_veh-45_01116_01203.db,10350592,2022-09-23T05:49:53+00:00,True,bb9292e2ba0ac6dd0635e44292adac8a3830c7282c2f1f8cd8eb399f76931bd2,174592f88892b15d296007c29dd133a787d7cdba4620010f2794131cbfc70040,2058,1330,9a2a67c3ecc131915a49514d07ad4e86cd881995990e597b6df41f404ea3a2ed,1,2021.08.20.17.54.47_veh-45_01116_01203,us-pa-pittsburgh-hazelwood,us-pa-pittsburgh-hazelwood,True,READY,
train_pittsburgh,/Users/liuqing/Projects/01_E2E_QA_Code/nuplan/dataset/data/cache/train_pittsburgh/2021.08.20.17.54.47_veh-45_01647_01760.db,2021.08.20.17.54.47_veh-45_01647_01760.db,9469952,2022-09-23T05:49:53+00:00,True,bb9292e2ba0ac6dd0635e44292adac8a3830c7282c2f1f8cd8eb399f76931bd2,20c75efb32f94ebb0b62984b770cfd03dd118b00a8c9069d60071bd8712e0de6,2252,1354,de78d1059c0f8b4a377e2dafe49fc9569c4cfebf4b68c0d890dccdf4aeeaff43,1,2021.08.20.17.54.47_veh-45_01647_01760,us-pa-pittsburgh-hazelwood,us-pa-pittsburgh-hazelwood,True,READY,
train_pittsburgh,/Users/liuqing/Projects/01_E2E_QA_Code/nuplan/dataset/data/cache/train_pittsburgh/2021.08.20.17.54.47_veh-45_01855_02076.db,2021.08.20.17.54.47_veh-45_01855_02076.db,20750336,2022-09-23T05:49:53+00:00,True,bb9292e2ba0ac6dd0635e44292adac8a3830c7282c2f1f8cd8eb399f76931bd2,3ee70907922d5d2b48e034e7e2611edd807a49b957d1e7e618b7570f08e9f62a,5284,3211,2406702a595b84c695228f36664d7acd48ff369cc5dedf9a70d2a7a39a75e451,1,2021.08.20.17.54.47_veh-45_01855_02076,us-pa-pittsburgh-hazelwood,us-pa-pittsburgh-hazelwood,True,READY,
train_pittsburgh,/Users/liuqing/Projects/01_E2E_QA_Code/nuplan/dataset/data/cache/train_pittsburgh/2021.08.20.17.54.47_veh-45_02107_02455.db,2021.08.20.17.54.47_veh-45_02107_02455.db,54132736,2022-09-23T05:49:53+00:00,True,bb9292e2ba0ac6dd0635e44292adac8a3830c7282c2f1f8cd8eb399f76931bd2,43a65d3286121ac142585ef753a8035d18b2065e58f8ebf02df041a67a9f7df0,9390,4847,7591ca77f6c1f65d2a2a5aa65051780b91c700f1dd4b479bbe4e31d42bed7412,1,2021.08.20.17.54.47_veh-45_02107_02455,us-pa-pittsburgh-hazelwood,us-pa-pittsburgh-hazelwood,True,READY,
train_pittsburgh,/Users/liuqing/Projects/01_E2E_QA_Code/nuplan/dataset/data/cache/train_pittsburgh/2021.08.20.17.54.47_veh-45_02466_02619.db,2021.08.20.17.54.47_veh-45_02466_02619.db,34902016,2022-09-23T05:49:53+00:00,True,bb9292e2ba0ac6dd0635e44292adac8a3830c7282c2f1f8cd8eb399f76931bd2,9b2995353261f1a6d2ffa825479ba4fcf10c9e82106b3786addbc71029431c71,4071,2516,5b918b2ea602e818c9c38eab7ab30b3739c439cf3bec91c19a6053218d05ae41,1,2021.08.20.17.54.47_veh-45_02466_02619,us-pa-pittsburgh-hazelwood,us-pa-pittsburgh-hazelwood,True,READY,
train_pittsburgh,/Users/liuqing/Projects/01_E2E_QA_Code/nuplan/dataset/data/cache/train_pittsburgh/2021.08.20.17.54.47_veh-45_02642_02801.db,2021.08.20.17.54.47_veh-45_02642_02801.db,27738112,2022-09-23T05:49:53+00:00,True,bb9292e2ba0ac6dd0635e44292adac8a3830c7282c2f1f8cd8eb399f76931bd2,298ad76d9c5acbc42d65f46e3f486f087976d03793a75798f46193b851e704ae,4986,2311,7d991eee2eeb39d2cd5d9661e6730d164ad2fcac0557b20cff53ab514bd8f001,1,2021.08.20.17.54.47_veh-45_02642_02801,us-pa-pittsburgh-hazelwood,us-pa-pittsburgh-hazelwood,True,READY,
train_pittsburgh,/Users/liuqing/Projects/01_E2E_QA_Code/nuplan/dataset/data/cache/train_pittsburgh/2021.08.20.17.54.47_veh-45_02812_02894.db,2021.08.20.17.54.47_veh-45_02812_02894.db,9293824,2022-09-23T05:49:53+00:00,True,bb9292e2ba0ac6dd0635e44292adac8a3830c7282c2f1f8cd8eb399f76931bd2,2d124ace0e94c4010ca81179227f6a65e7dfb5eeae0e33af585d712fb502a6d7,2263,1241,78181b79471559832834a5f102fc49ab8b97c01b3feffd63fe38afdc8e9b5c99,1,2021.08.20.17.54.47_veh-45_02812_02894,us-pa-pittsburgh-hazelwood,us-pa-pittsburgh-hazelwood,True,READY,
train_pittsburgh,/Users/liuqing/Projects/01_E2E_QA_Code/nuplan/dataset/data/cache/train_pittsburgh/2021.08.20.17.54.47_veh-45_03050_03111.db,2021.08.20.17.54.47_veh-45_03050_03111.db,3969024,2022-09-23T05:49:53+00:00,True,bb9292e2ba0ac6dd0635e44292adac8a3830c7282c2f1f8cd8eb399f76931bd2,976178398aa4dcc058c8dfec25c305cb7775b945d1d404a94c60e7b22a58b597,1353,932,d1147dbab9d492c2c64c3ada7434b7888a55ad24ced3e9a57f490ba6ff0fd698,1,2021.08.20.17.54.47_veh-45_03050_03111,us-pa-pittsburgh-hazelwood,us-pa-pittsburgh-hazelwood,True,READY,
train_pittsburgh,/Users/liuqing/Projects/01_E2E_QA_Code/nuplan/dataset/data/cache/train_pittsburgh/2021.08.20.17.54.47_veh-45_03280_03373.db,2021.08.20.17.54.47_veh-45_03280_03373.db,7995392,2022-09-23T05:49:53+00:00,True,bb9292e2ba0ac6dd0635e44292adac8a3830c7282c2f1f8cd8eb399f76931bd2,8f3f254783bc7a5f9c09da0afc63fb876eeda55ccfc18f19b026fa1498f065fb,1320,834,b07aa5121b2a9915d9e1581c0b69eea7c6d2b22b54b971d971d3e6addcc6df80,1,2021.08.20.17.54.47_veh-45_03280_03373,us-pa-pittsburgh-hazelwood,us-pa-pittsburgh-hazelwood,True,READY,
train_pittsburgh,/Users/liuqing/Projects/01_E2E_QA_Code/nuplan/dataset/data/cache/train_pittsburgh/2021.08.20.18.44.47_veh-08_00016_00108.db,2021.08.20.18.44.47_veh-08_00016_00108.db,7606272,2022-09-23T05:49:53+00:00,True,bb9292e2ba0ac6dd0635e44292adac8a3830c7282c2f1f8cd8eb399f76931bd2,867ae0280054248619430dd38da8b539217e8302cd9cf6254f70cdcf6c08dda1,1837,1188,3e1836c87754d9b4eb4fb51765726f8e74b431e64d996eea5d0d4f143fe12cac,1,2021.08.20.18.44.47_veh-08_00016_00108,us-pa-pittsburgh-hazelwood,us-pa-pittsburgh-hazelwood,True,READY,
train_pittsburgh,/Users/liuqing/Projects/01_E2E_QA_Code/nuplan/dataset/data/cache/train_pittsburgh/2021.08.20.18.44.47_veh-08_00181_00718.db,2021.08.20.18.44.47_veh-08_00181_00718.db,70393856,2022-09-23T05:49:53+00:00,True,bb9292e2ba0ac6dd0635e44292adac8a3830c7282c2f1f8cd8eb399f76931bd2,453c8456e71c8499d9d4236ead9d45351002a53ca857cfe61a21c9a29b588239,12560,6792,1ccd4636a61accfa601f9a9f8721f520ca03b12be729fca1af1848c432a60198,1,2021.08.20.18.44.47_veh-08_00181_00718,us-pa-pittsburgh-hazelwood,us-pa-pittsburgh-hazelwood,True,READY,
train_pittsburgh,/Users/liuqing/Projects/01_E2E_QA_Code/nuplan/dataset/data/cache/train_pittsburgh/2021.08.20.18.44.47_veh-08_00738_01340.db,2021.08.20.18.44.47_veh-08_00738_01340.db,99946496,2022-09-23T05:49:53+00:00,True,bb9292e2ba0ac6dd0635e44292adac8a3830c7282c2f1f8cd8eb399f76931bd2,734158dc976f23b31a553da707a04698b28fd1bfd5a318732a24c8d497a28429,14397,8281,6e2eb82f429ec04764bffca71830b57ba3fede3d07f14f121d6d122e0d80ca98,1,2021.08.20.18.44.47_veh-08_00738_01340,us-pa-pittsburgh-hazelwood,us-pa-pittsburgh-hazelwood,True,READY,
train_pittsburgh,/Users/liuqing/Projects/01_E2E_QA_Code/nuplan/dataset/data/cache/train_pittsburgh/2021.08.20.18.44.47_veh-08_01382_01958.db,2021.08.20.18.44.47_veh-08_01382_01958.db,95703040,2022-09-23T05:49:53+00:00,True,bb9292e2ba0ac6dd0635e44292adac8a3830c7282c2f1f8cd8eb399f76931bd2,2d5d346eb384361b946c6b737f1c4fda104945d2918d5043c3b621e8698ba447,13115,7164,d96e3236c902005c62203460f5822c2f35505dc2dd4d2a784f2d82427aafbeb7,1,2021.08.20.18.44.47_veh-08_01382_01958,us-pa-pittsburgh-hazelwood,us-pa-pittsburgh-hazelwood,True,READY,
train_pittsburgh,/Users/liuqing/Projects/01_E2E_QA_Code/nuplan/dataset/data/cache/train_pittsburgh/2021.08.20.18.44.47_veh-08_01985_02317.db,2021.08.20.18.44.47_veh-08_01985_02317.db,58544128,2022-09-23T05:49:53+00:00,True,bb9292e2ba0ac6dd0635e44292adac8a3830c7282c2f1f8cd8eb399f76931bd2,1ed404d12efabba413ba0c55e160bb81a867dab1806efe92d6442fa5911a2ce5,7061,3747,6357c4c0ed116d08501da0c8ce750daee19656e4d58766745968188576ddff4e,1,2021.08.20.18.44.47_veh-08_01985_02317,us-pa-pittsburgh-hazelwood,us-pa-pittsburgh-hazelwood,True,READY,
train_pittsburgh,/Users/liuqing/Projects/01_E2E_QA_Code/nuplan/dataset/data/cache/train_pittsburgh/2021.08.20.19.10.41_veh-45_00197_00454.db,2021.08.20.19.10.41_veh-45_00197_00454.db,27246592,2022-09-23T05:49:53+00:00,True,bb9292e2ba0ac6dd0635e44292adac8a3830c7282c2f1f8cd8eb399f76931bd2,f57a401308ecddb3fb4bd46501f4d0065c5174c2b8c6403444d8a58fc1d2802b,6719,3491,121131647984ed18c3b23d23b10b7899ee83232e79a27daca1854bae748fc4b9,1,2021.08.20.19.10.41_veh-45_00197_00454,us-pa-pittsburgh-hazelwood,us-pa-pittsburgh-hazelwood,True,READY,
train_pittsburgh,/Users/liuqing/Projects/01_E2E_QA_Code/nuplan/dataset/data/cache/train_pittsburgh/2021.08.20.19.10.41_veh-45_00485_00684.db,2021.08.20.19.10.41_veh-45_00485_00684.db,48603136,2022-09-23T05:49:53+00:00,True,bb9292e2ba0ac6dd0635e44292adac8a3830c7282c2f1f8cd8eb399f76931bd2,5a29f7e4fadd5ea27594d2cc833349c20fe94e4530e48020e26de6eecc5f0f30,5172,2569,ae99e7b70c2b87093eabfdfe1ec271bd4697dffcef83a69c2ac87274a1dc02e6,1,2021.08.20.19.10.41_veh-45_00485_00684,us-pa-pittsburgh-hazelwood,us-pa-pittsburgh-hazelwood,True,READY,
train_pittsburgh,/Users/liuqing/Projects/01_E2E_QA_Code/nuplan/dataset/data/cache/train_pittsburgh/2021.08.20.19.10.41_veh-45_00726_00967.db,2021.08.20.19.10.41_veh-45_00726_00967.db,38633472,2022-09-23T05:49:53+00:00,True,bb9292e2ba0ac6dd0635e44292adac8a3830c7282c2f1f8cd8eb399f76931bd2,25fa4c482177baf935a4c2eba82c8d7efd6845a1a9415389bb7617ee27056db1,4737,3173,a2c5f4c74e97b3b22ff5c4d6edbbc6cde1c6e9c45e10a86b0ca651563cf4f07a,1,2021.08.20.19.10.41_veh-45_00726_00967,us-pa-pittsburgh-hazelwood,us-pa-pittsburgh-hazelwood,True,READY,
train_pittsburgh,/Users/liuqing/Projects/01_E2E_QA_Code/nuplan/dataset/data/cache/train_pittsburgh/2021.08.20.19.10.41_veh-45_01130_01205.db,2021.08.20.19.10.41_veh-45_01130_01205.db,4747264,2022-09-23T05:49:53+00:00,True,bb9292e2ba0ac6dd0635e44292adac8a3830c7282c2f1f8cd8eb399f76931bd2,03e11fb1cc6394a36e0834c01f28df950da6c6b283615070d2daa36ba9bdf50f,1649,1123,9bf95b280ca4d117cc6ac503894e2d7b032456c9e08d5caebf5d5a33a32b2039,1,2021.08.20.19.10.41_veh-45_01130_01205,us-pa-pittsburgh-hazelwood,us-pa-pittsburgh-hazelwood,True,READY,
train_pittsburgh,/Users/liuqing/Projects/01_E2E_QA_Code/nuplan/dataset/data/cache/train_pittsburgh/2021.08.20.19.10.41_veh-45_01461_01572.db,2021.08.20.19.10.41_veh-45_01461_01572.db,9019392,2022-09-23T05:49:53+00:00,True,bb9292e2ba0ac6dd0635e44292adac8a3830c7282c2f1f8cd8eb399f76931bd2,d0fe85008cded9a6566a19df1d9e6fdcc807c2cf26f10c7081414db8a495ee6a,2177,1406,57b6c748a1e2950b5d72366d96a221337a1da199e49797c7dcffff7a8dcb18f3,1,2021.08.20.19.10.41_veh-45_01461_01572,us-pa-pittsburgh-hazelwood,us-pa-pittsburgh-hazelwood,True,READY,
train_pittsburgh,/Users/liuqing/Projects/01_E2E_QA_Code/nuplan/dataset/data/cache/train_pittsburgh/2021.08.20.19.10.41_veh-45_01720_02069.db,2021.08.20.19.10.41_veh-45_01720_02069.db,51744768,2022-09-23T05:49:53+00:00,True,bb9292e2ba0ac6dd0635e44292adac8a3830c7282c2f1f8cd8eb399f76931bd2,d29a7b3fab2275ad0f2029af8c4c8138e05ac5eaadc87707ae9cd3391ad703d0,8117,4224,f643eba2cff92d1630b92d0063dfaadf0d4d5101064e158deb43653f9185bedc,1,2021.08.20.19.10.41_veh-45_01720_02069,us-pa-pittsburgh-hazelwood,us-pa-pittsburgh-hazelwood,True,READY,
train_pittsburgh,/Users/liuqing/Projects/01_E2E_QA_Code/nuplan/dataset/data/cache/train_pittsburgh/2021.08.20.19.10.41_veh-45_02095_02240.db,2021.08.20.19.10.41_veh-45_02095_02240.db,19218432,2022-09-23T05:49:53+00:00,True,bb9292e2ba0ac6dd0635e44292adac8a3830c7282c2f1f8cd8eb399f76931bd2,572c3f87ec68432d7456cb1ea13eeaef0b68d91649748827b456ba3d156b95bb,4037,1898,2ee281790861b352e196b573dc23ec94161191d084a3b5f60d8288defed22b73,1,2021.08.20.19.10.41_veh-45_02095_02240,us-pa-pittsburgh-hazelwood,us-pa-pittsburgh-hazelwood,True,READY,
train_pittsburgh,/Users/liuqing/Projects/01_E2E_QA_Code/nuplan/dataset/data/cache/train_pittsburgh/2021.08.20.19.10.41_veh-45_02382_02477.db,2021.08.20.19.10.41_veh-45_02382_02477.db,6635520,2022-09-23T05:49:53+00:00,True,bb9292e2ba0ac6dd0635e44292adac8a3830c7282c2f1f8cd8eb399f76931bd2,2f668ff2e6dafab0af5ad0b012aee22664288979c57eba2ee9b73347a132490f,1585,1011,088a322bd4cdd07b82df19dd6e09261998906954c059f34e348bec92a91c62fd,1,2021.08.20.19.10.41_veh-45_02382_02477,us-pa-pittsburgh-hazelwood,us-pa-pittsburgh-hazelwood,True,READY,
train_pittsburgh,/Users/liuqing/Projects/01_E2E_QA_Code/nuplan/dataset/data/cache/train_pittsburgh/2021.08.23.12.33.24_veh-42_00024_00229.db,2021.08.23.12.33.24_veh-42_00024_00229.db,13365248,2022-09-23T05:49:53+00:00,True,bb9292e2ba0ac6dd0635e44292adac8a3830c7282c2f1f8cd8eb399f76931bd2,cdd4f645000217719ebda77d0b90a9a0c73a1bd9f94a75c91b9df25126bd8ab9,3935,2703,20d34e87cb808cec749679b8e57140de90bbd4133c6c0085a2222d53e143dcc2,1,2021.08.23.12.33.24_veh-42_00024_00229,us-pa-pittsburgh-hazelwood,us-pa-pittsburgh-hazelwood,True,READY,
train_pittsburgh,/Users/liuqing/Projects/01_E2E_QA_Code/nuplan/dataset/data/cache/train_pittsburgh/2021.08.23.12.33.24_veh-42_00259_00476.db,2021.08.23.12.33.24_veh-42_00259_00476.db,13516800,2022-09-23T05:49:53+00:00,True,bb9292e2ba0ac6dd0635e44292adac8a3830c7282c2f1f8cd8eb399f76931bd2,c48de50b110a6c032a6a8829fb211d490f2280a97a9d7e93fd7a2ab18275a0ab,5989,3463,38dc63d6fa125109b47e7dc019725ee95b7274349469f673e0e2d349b4627e42,1,2021.08.23.12.33.24_veh-42_00259_00476,us-pa-pittsburgh-hazelwood,us-pa-pittsburgh-hazelwood,True,READY,
train_pittsburgh,/Users/liuqing/Projects/01_E2E_QA_Code/nuplan/dataset/data/cache/train_pittsburgh/2021.08.23.12.33.24_veh-42_00497_00763.db,2021.08.23.12.33.24_veh-42_00497_00763.db,35377152,2022-09-23T05:49:53+00:00,True,bb9292e2ba0ac6dd0635e44292adac8a3830c7282c2f1f8cd8eb399f76931bd2,78ff3efa4ed17976ce776085a480c7179663e37ee59738e46f7eb4fe4ad89231,5729,3355,e2019f1ab862ddc3b919cecb608523dbc2f00f16e41c14bd5b9c545989eb7c05,1,2021.08.23.12.33.24_veh-42_00497_00763,us-pa-pittsburgh-hazelwood,us-pa-pittsburgh-hazelwood,True,READY,
train_pittsburgh,/Users/liuqing/Projects/01_E2E_QA_Code/nuplan/dataset/data/cache/train_pittsburgh/2021.08.23.12.33.24_veh-42_00864_01009.db,2021.08.23.12.33.24_veh-42_00864_01009.db,17924096,2022-09-23T05:49:53+00:00,True,bb9292e2ba0ac6dd0635e44292adac8a3830c7282c2f1f8cd8eb399f76931bd2,561262de8371a06715b182a009df013499a286e6dbb5d86ef645c11dabe1daa3,5199,2200,0d8991325df55bce862fe42032e5b98d4c7cb3c31bf30164a276e37c64f22216,1,2021.08.23.12.33.24_veh-42_00864_01009,us-pa-pittsburgh-hazelwood,us-pa-pittsburgh-hazelwood,True,READY,
train_pittsburgh,/Users/liuqing/Projects/01_E2E_QA_Code/nuplan/dataset/data/cache/train_pittsburgh/2021.08.23.12.33.24_veh-42_01020_01288.db,2021.08.23.12.33.24_veh-42_01020_01288.db,44863488,2022-09-23T05:49:54+00:00,True,bb9292e2ba0ac6dd0635e44292adac8a3830c7282c2f1f8cd8eb399f76931bd2,faa797092a23e726f70abf2553780d2c2d9d35892d14db5abfa7da9f7354db51,6550,3663,7cec386ad8c72f0a9ea744e9e87bb283e6cb441b59921aac35bf00b573463d84,1,2021.08.23.12.33.24_veh-42_01020_01288,us-pa-pittsburgh-hazelwood,us-pa-pittsburgh-hazelwood,True,READY,
train_pittsburgh,/Users/liuqing/Projects/01_E2E_QA_Code/nuplan/dataset/data/cache/train_pittsburgh/2021.08.23.12.33.24_veh-42_01527_01630.db,2021.08.23.12.33.24_veh-42_01527_01630.db,14409728,2022-09-23T05:49:54+00:00,True,bb9292e2ba0ac6dd0635e44292adac8a3830c7282c2f1f8cd8eb399f76931bd2,1593c704153db6ae013513a6868a5f6efd855556ff1e5f7834f0d56080830ad7,2865,1529,22bf1ca65380fe333db3935e4d87139fd8afec1f67d4ab9d912c4ae55f6a88e6,1,2021.08.23.12.33.24_veh-42_01527_01630,us-pa-pittsburgh-hazelwood,us-pa-pittsburgh-hazelwood,True,READY,
train_pittsburgh,/Users/liuqing/Projects/01_E2E_QA_Code/nuplan/dataset/data/cache/train_pittsburgh/2021.08.23.12.33.24_veh-42_01704_01918.db,2021.08.23.12.33.24_veh-42_01704_01918.db,32468992,2022-09-23T05:49:54+00:00,True,bb9292e2ba0ac6dd0635e44292adac8a3830c7282c2f1f8cd8eb399f76931bd2,1a3b956b40fff92504e8e485991cfb330fb442cd2e83614c86fd135783e0773b,6533,3147,1534273ff5656cf0af683d93766af06169fb1d4f2f48e3b2408b6a243b3c2ff9,1,2021.08.23.12.33.24_veh-42_01704_01918,us-pa-pittsburgh-hazelwood,us-pa-pittsburgh-hazelwood,True,READY,
train_pittsburgh,/Users/liuqing/Projects/01_E2E_QA_Code/nuplan/dataset/data/cache/train_pittsburgh/2021.08.23.12.33.24_veh-42_01929_02029.db,2021.08.23.12.33.24_veh-42_01929_02029.db,12259328,2022-09-23T05:49:54+00:00,True,bb9292e2ba0ac6dd0635e44292adac8a3830c7282c2f1f8cd8eb399f76931bd2,237fc4c2916805b9441deed04b3fa14974525e8b66201095b0f95af1e5f54d1f,2221,1883,cb4217f9d32d18f5ac5c685562ae364586f07b1df4f815d0a0b8d4545f5356fc,1,2021.08.23.12.33.24_veh-42_01929_02029,us-pa-pittsburgh-hazelwood,us-pa-pittsburgh-hazelwood,True,READY,
train_pittsburgh,/Users/liuqing/Projects/01_E2E_QA_Code/nuplan/dataset/data/cache/train_pittsburgh/2021.08.23.12.33.24_veh-42_02040_02116.db,2021.08.23.12.33.24_veh-42_02040_02116.db,7598080,2022-09-23T05:49:54+00:00,True,bb9292e2ba0ac6dd0635e44292adac8a3830c7282c2f1f8cd8eb399f76931bd2,aa7497c4a72fdf92d8306d7db82cbe72110b2c8c32b4cf60d8f011f044ad387c,1412,816,35bbad790cce9ba675cecb62b653fd0692fe47cc2968274da7f6e23cb3486ec9,1,2021.08.23.12.33.24_veh-42_02040_02116,us-pa-pittsburgh-hazelwood,us-pa-pittsburgh-hazelwood,True,READY,
train_pittsburgh,/Users/liuqing/Projects/01_E2E_QA_Code/nuplan/dataset/data/cache/train_pittsburgh/2021.08.23.12.33.24_veh-42_02142_02317.db,2021.08.23.12.33.24_veh-42_02142_02317.db,10817536,2022-09-23T05:49:54+00:00,True,bb9292e2ba0ac6dd0635e44292adac8a3830c7282c2f1f8cd8eb399f76931bd2,ce33ca658b9a729d89755e7ec613c838dfa7c8b3db2c3fc1fe22458fff7681cb,4681,2648,cfdac33d046fbae37995a3b4f7c346d56b4647fe4ea202866e3a7ef592265110,1,2021.08.23.12.33.24_veh-42_02142_02317,us-pa-pittsburgh-hazelwood,us-pa-pittsburgh-hazelwood,True,READY,
train_pittsburgh,/Users/liuqing/Projects/01_E2E_QA_Code/nuplan/dataset/data/cache/train_pittsburgh/2021.08.23.12.37.38_veh-45_00047_00110.db,2021.08.23.12.37.38_veh-45_00047_00110.db,4820992,2022-09-23T05:49:54+00:00,True,bb9292e2ba0ac6dd0635e44292adac8a3830c7282c2f1f8cd8eb399f76931bd2,1c5d44b77811b95dbbc83cff92924550593c3797906d295b595d0f892a81ebb0,1033,724,c7751c3e0ae3d652cc30b7cdd5f35625e4087819a02e5c03b77068c9b0d26840,1,2021.08.23.12.37.38_veh-45_00047_00110,us-pa-pittsburgh-hazelwood,us-pa-pittsburgh-hazelwood,True,READY,
train_pittsburgh,/Users/liuqing/Projects/01_E2E_QA_Code/nuplan/dataset/data/cache/train_pittsburgh/2021.08.23.12.37.38_veh-45_00172_00636.db,2021.08.23.12.37.38_veh-45_00172_00636.db,37629952,2022-09-23T05:49:54+00:00,True,bb9292e2ba0ac6dd0635e44292adac8a3830c7282c2f1f8cd8eb399f76931bd2,8fc34b0fc4310d94d4f5d384f1fd9c59b5ce7d86083cfa2a5451de9c7ef43322,10994,6615,9c6d348e742668eadbb803a911e8734997fe412ed02cba9383f86794cf5110e3,1,2021.08.23.12.37.38_veh-45_00172_00636,us-pa-pittsburgh-hazelwood,us-pa-pittsburgh-hazelwood,True,READY,
train_pittsburgh,/Users/liuqing/Projects/01_E2E_QA_Code/nuplan/dataset/data/cache/train_pittsburgh/2021.08.23.12.37.38_veh-45_00659_00861.db,2021.08.23.12.37.38_veh-45_00659_00861.db,34799616,2022-09-23T05:49:54+00:00,True,bb9292e2ba0ac6dd0635e44292adac8a3830c7282c2f1f8cd8eb399f76931bd2,d7110e2217f0c163ed32cc44a88b35f48b37a0f741b94f2afe58938e070651ae,4519,2435,b5e04b5304b5194c5217f0447e2b80de431de900c24b1e75b9d60e032d7892a7,1,2021.08.23.12.37.38_veh-45_00659_00861,us-pa-pittsburgh-hazelwood,us-pa-pittsburgh-hazelwood,True,READY,
train_pittsburgh,/Users/liuqing/Projects/01_E2E_QA_Code/nuplan/dataset/data/cache/train_pittsburgh/2021.08.23.12.37.38_veh-45_00887_01034.db,2021.08.23.12.37.38_veh-45_00887_01034.db,25395200,2022-09-23T05:49:54+00:00,True,bb9292e2ba0ac6dd0635e44292adac8a3830c7282c2f1f8cd8eb399f76931bd2,619a0137e04cd0a4707ca1cc23b910c120da2d30b9166d098b1186fc6ea8cb0e,3649,1894,335aade0ee56a6291f8efa05da87256be0ace420b91a64e829be2e6ce1f34716,1,2021.08.23.12.37.38_veh-45_00887_01034,us-pa-pittsburgh-hazelwood,us-pa-pittsburgh-hazelwood,True,READY,
train_pittsburgh,/Users/liuqing/Projects/01_E2E_QA_Code/nuplan/dataset/data/cache/train_pittsburgh/2021.08.23.12.37.38_veh-45_01111_01182.db,2021.08.23.12.37.38_veh-45_01111_01182.db,8052736,2022-09-23T05:49:54+00:00,True,bb9292e2ba0ac6dd0635e44292adac8a3830c7282c2f1f8cd8eb399f76931bd2,47bce5ad6505aca01f184ecbfe8dd0c5bf3688f15c26c7c10d3c303d3e828321,1463,1168,7676237e030b84353a4d4fba2a302dd6abf40547c108d13197e99ce576c1f660,1,2021.08.23.12.37.38_veh-45_01111_01182,us-pa-pittsburgh-hazelwood,us-pa-pittsburgh-hazelwood,True,READY,
train_pittsburgh,/Users/liuqing/Projects/01_E2E_QA_Code/nuplan/dataset/data/cache/train_pittsburgh/2021.08.23.12.37.38_veh-45_01235_01421.db,2021.08.23.12.37.38_veh-45_01235_01421.db,29741056,2022-09-23T05:49:54+00:00,True,bb9292e2ba0ac6dd0635e44292adac8a3830c7282c2f1f8cd8eb399f76931bd2,8e4d1bb4ad7b13203b3ce231ff79f9912020cdbee378467787141da71bf351b0,4461,2860,32431d5621423b9e2beb444ba7db0fff7b2881e3f482650a99dd8e0fd864ea7f,1,2021.08.23.12.37.38_veh-45_01235_01421,us-pa-pittsburgh-hazelwood,us-pa-pittsburgh-hazelwood,True,READY,
train_pittsburgh,/Users/liuqing/Projects/01_E2E_QA_Code/nuplan/dataset/data/cache/train_pittsburgh/2021.08.23.12.37.38_veh-45_01443_01536.db,2021.08.23.12.37.38_veh-45_01443_01536.db,16670720,2022-09-23T05:49:54+00:00,True,bb9292e2ba0ac6dd0635e44292adac8a3830c7282c2f1f8cd8eb399f76931bd2,71917154722708b0f8efca5c857e9dee7a7977e6501964984d26d6acd4af3f04,2223,1200,8ae5561d2c6a9ab02a041b7f44fde57fb88ffd0a7a82a637408f01797c81a6f1,1,2021.08.23.12.37.38_veh-45_01443_01536,us-pa-pittsburgh-hazelwood,us-pa-pittsburgh-hazelwood,True,READY,
train_pittsburgh,/Users/liuqing/Projects/01_E2E_QA_Code/nuplan/dataset/data/cache/train_pittsburgh/2021.08.23.12.37.38_veh-45_01558_01741.db,2021.08.23.12.37.38_veh-45_01558_01741.db,23445504,2022-09-23T05:49:54+00:00,True,bb9292e2ba0ac6dd0635e44292adac8a3830c7282c2f1f8cd8eb399f76931bd2,9da242c322fdfc3a073cabdd6c1cd903804d320dc987fa9210f70e923ea68b61,3933,2863,aad1fbdee771700a8f5a9649926789a2cb0885f352dab32f749cfc7416103776,1,2021.08.23.12.37.38_veh-45_01558_01741,us-pa-pittsburgh-hazelwood,us-pa-pittsburgh-hazelwood,True,READY,
train_pittsburgh,/Users/liuqing/Projects/01_E2E_QA_Code/nuplan/dataset/data/cache/train_pittsburgh/2021.08.23.12.37.38_veh-45_01839_01949.db,2021.08.23.12.37.38_veh-45_01839_01949.db,13848576,2022-09-23T05:49:54+00:00,True,bb9292e2ba0ac6dd0635e44292adac8a3830c7282c2f1f8cd8eb399f76931bd2,1df767254b4082f577ac6f4c78f76ea8f5e7ce8847c2846d2d8b0a6c44d62fe1,2858,1462,707882e19e2819cf043fad78e5b213687b8b27036b9f5d96edb20d57f0e52518,1,2021.08.23.12.37.38_veh-45_01839_01949,us-pa-pittsburgh-hazelwood,us-pa-pittsburgh-hazelwood,True,READY,
train_pittsburgh,/Users/liuqing/Projects/01_E2E_QA_Code/nuplan/dataset/data/cache/train_pittsburgh/2021.08.23.12.37.38_veh-45_01968_02032.db,2021.08.23.12.37.38_veh-45_01968_02032.db,4497408,2022-09-23T05:49:54+00:00,True,bb9292e2ba0ac6dd0635e44292adac8a3830c7282c2f1f8cd8eb399f76931bd2,e6d54b2e197de48af0c29d036664f50f34efee06753bb94d25141e727fde9b71,1186,667,a5e23eb15373d9f692c96776565be43bf9547b6fb3a49ba646be4dca273508c0,1,2021.08.23.12.37.38_veh-45_01968_02032,us-pa-pittsburgh-hazelwood,us-pa-pittsburgh-hazelwood,True,READY,
train_pittsburgh,/Users/liuqing/Projects/01_E2E_QA_Code/nuplan/dataset/data/cache/train_pittsburgh/2021.08.23.12.37.38_veh-45_02043_02159.db,2021.08.23.12.37.38_veh-45_02043_02159.db,7286784,2022-09-23T05:49:54+00:00,True,bb9292e2ba0ac6dd0635e44292adac8a3830c7282c2f1f8cd8eb399f76931bd2,55160a77aaa9846674f88564700cf22c083269beb5fb18d7ae2d66e63f558985,3059,2027,738310db844a4e1c0b8c5eb0750dbf2d7d6e23eb64f3060b3e2119a6cbf11084,1,2021.08.23.12.37.38_veh-45_02043_02159,us-pa-pittsburgh-hazelwood,us-pa-pittsburgh-hazelwood,True,READY,
train_pittsburgh,/Users/liuqing/Projects/01_E2E_QA_Code/nuplan/dataset/data/cache/train_pittsburgh/2021.08.23.12.37.38_veh-45_02215_02443.db,2021.08.23.12.37.38_veh-45_02215_02443.db,15917056,2022-09-23T05:49:54+00:00,True,bb9292e2ba0ac6dd0635e44292adac8a3830c7282c2f1f8cd8eb399f76931bd2,c090116ea8b9c0e3b2b0161628c4473aff0f367ad21ac9871b72c39f4f3fe664,4973,3077,55838f4cb0f007fdc924cd8b980e8f3defdec39452f40ca911ca8dc89ef678b0,1,2021.08.23.12.37.38_veh-45_02215_02443,us-pa-pittsburgh-hazelwood,us-pa-pittsburgh-hazelwood,True,READY,
train_pittsburgh,/Users/liuqing/Projects/01_E2E_QA_Code/nuplan/dataset/data/cache/train_pittsburgh/2021.08.23.12.37.38_veh-45_02493_02636.db,2021.08.23.12.37.38_veh-45_02493_02636.db,14110720,2022-09-23T05:49:54+00:00,True,bb9292e2ba0ac6dd0635e44292adac8a3830c7282c2f1f8cd8eb399f76931bd2,0e8146f659d547dcc49bf4647304c6da758cb8f84274f368dd5b408c99bbd652,4076,1912,c0367ca739b2b5598acb18dc54bea15625db6f3bd540b4653d6b216bd80fff15,1,2021.08.23.12.37.38_veh-45_02493_02636,us-pa-pittsburgh-hazelwood,us-pa-pittsburgh-hazelwood,True,READY,
train_pittsburgh,/Users/liuqing/Projects/01_E2E_QA_Code/nuplan/dataset/data/cache/train_pittsburgh/2021.08.23.12.37.38_veh-45_02654_02741.db,2021.08.23.12.37.38_veh-45_02654_02741.db,9351168,2022-09-23T05:49:54+00:00,True,bb9292e2ba0ac6dd0635e44292adac8a3830c7282c2f1f8cd8eb399f76931bd2,e3a466c502dab84bf2250820c62fc7cb3b771e31b8521777005d4a468fda3f89,2322,887,cdf9525222369134bd67b259996c422ed2fe84390a4052e039c570211db24a46,1,2021.08.23.12.37.38_veh-45_02654_02741,us-pa-pittsburgh-hazelwood,us-pa-pittsburgh-hazelwood,True,READY,
train_pittsburgh,/Users/liuqing/Projects/01_E2E_QA_Code/nuplan/dataset/data/cache/train_pittsburgh/2021.08.23.13.17.08_veh-42_00015_00194.db,2021.08.23.13.17.08_veh-42_00015_00194.db,12853248,2022-09-23T05:49:54+00:00,True,bb9292e2ba0ac6dd0635e44292adac8a3830c7282c2f1f8cd8eb399f76931bd2,dfbdb69bd285b6f54ddaa210e235bd605481fdcd57e3e8b6cee3588132946a4a,3513,2232,8010a47e542b5f0344d38d01c7a36174d6d3614c5f1a95f2d7c42dc8f45845e2,1,2021.08.23.13.17.08_veh-42_00015_00194,us-pa-pittsburgh-hazelwood,us-pa-pittsburgh-hazelwood,True,READY,
train_pittsburgh,/Users/liuqing/Projects/01_E2E_QA_Code/nuplan/dataset/data/cache/train_pittsburgh/2021.08.23.13.17.08_veh-42_00276_00400.db,2021.08.23.13.17.08_veh-42_00276_00400.db,11481088,2022-09-23T05:49:54+00:00,True,bb9292e2ba0ac6dd0635e44292adac8a3830c7282c2f1f8cd8eb399f76931bd2,75f4bac5edbd5b3aad117f22877bf5c3e9f7d9c28392b5635dcb2c899782be51,2583,1596,5f3aa4ee8923254eaadd16397d8a1e74045b019caca62ff340958a1b16221f94,1,2021.08.23.13.17.08_veh-42_00276_00400,us-pa-pittsburgh-hazelwood,us-pa-pittsburgh-hazelwood,True,READY,
train_pittsburgh,/Users/liuqing/Projects/01_E2E_QA_Code/nuplan/dataset/data/cache/train_pittsburgh/2021.08.23.13.17.08_veh-42_00411_00488.db,2021.08.23.13.17.08_veh-42_00411_00488.db,8704000,2022-09-23T05:49:54+00:00,True,bb9292e2ba0ac6dd0635e44292adac8a3830c7282c2f1f8cd8eb399f76931bd2,5cdaa696b1756dc83df42e5b5c4d8548c8974fe9634769fbbd40fbbae545fd61,1398,836,48164993494fc1d563704fd3bd2ce8f43a4afeae8f81b4e8cc779bd7de0e18b7,1,2021.08.23.13.17.08_veh-42_00411_00488,us-pa-pittsburgh-hazelwood,us-pa-pittsburgh-hazelwood,True,READY,
train_pittsburgh,/Users/liuqing/Projects/01_E2E_QA_Code/nuplan/dataset/data/cache/train_pittsburgh/2021.08.23.13.17.08_veh-42_00499_00568.db,2021.08.23.13.17.08_veh-42_00499_00568.db,7016448,2022-09-23T05:49:54+00:00,True,bb9292e2ba0ac6dd0635e44292adac8a3830c7282c2f1f8cd8eb399f76931bd2,fe40df91c93d2cdd60693b65069367eeb74557fddfce73846668398cca2c089d,1489,732,383adc4bf26fb420335641d4b286486bcc05fca974bfffec8a0dd392f41811df,1,2021.08.23.13.17.08_veh-42_00499_00568,us-pa-pittsburgh-hazelwood,us-pa-pittsburgh-hazelwood,True,READY,
train_pittsburgh,/Users/liuqing/Projects/01_E2E_QA_Code/nuplan/dataset/data/cache/train_pittsburgh/2021.08.23.13.17.08_veh-42_00591_00844.db,2021.08.23.13.17.08_veh-42_00591_00844.db,30691328,2022-09-23T05:49:54+00:00,True,bb9292e2ba0ac6dd0635e44292adac8a3830c7282c2f1f8cd8eb399f76931bd2,e1f1dcde202ba802be520d876fa6ad8f1b11fad15a77021bdad439333c178081,5482,3713,44a338c1d28482c22086e54bc36355ecec90230c66a0b2687692cfd1cb402e48,1,2021.08.23.13.17.08_veh-42_00591_00844,us-pa-pittsburgh-hazelwood,us-pa-pittsburgh-hazelwood,True,READY,
train_pittsburgh,/Users/liuqing/Projects/01_E2E_QA_Code/nuplan/dataset/data/cache/train_pittsburgh/2021.08.23.13.17.08_veh-42_00863_00924.db,2021.08.23.13.17.08_veh-42_00863_00924.db,4280320,2022-09-23T05:49:54+00:00,True,bb9292e2ba0ac6dd0635e44292adac8a3830c7282c2f1f8cd8eb399f76931bd2,add0eeba0bd516cd788aaadb671b3b25e2e0f99b0c9557d37d8393c1dac539e9,1308,721,b4535b7dd5dbf8f217e3bc51e6ff9da8ce5b55b5f11d93285b07c3b6b6ab37cc,1,2021.08.23.13.17.08_veh-42_00863_00924,us-pa-pittsburgh-hazelwood,us-pa-pittsburgh-hazelwood,True,READY,
train_pittsburgh,/Users/liuqing/Projects/01_E2E_QA_Code/nuplan/dataset/data/cache/train_pittsburgh/2021.08.23.13.17.08_veh-42_00936_01423.db,2021.08.23.13.17.08_veh-42_00936_01423.db,34054144,2022-09-23T05:49:54+00:00,True,bb9292e2ba0ac6dd0635e44292adac8a3830c7282c2f1f8cd8eb399f76931bd2,74c3be5ed9c0b506214669413f1699707d0dfcfb483cbed62b443a470e724be5,11222,7167,2a3144d90a7a1f45278da522d8dd105e32fb9bbf5c35252b7c6f853403a1a3c9,1,2021.08.23.13.17.08_veh-42_00936_01423,us-pa-pittsburgh-hazelwood,us-pa-pittsburgh-hazelwood,True,READY,
train_pittsburgh,/Users/liuqing/Projects/01_E2E_QA_Code/nuplan/dataset/data/cache/train_pittsburgh/2021.08.23.13.17.08_veh-42_01464_01720.db,2021.08.23.13.17.08_veh-42_01464_01720.db,44797952,2022-09-23T05:49:54+00:00,True,bb9292e2ba0ac6dd0635e44292adac8a3830c7282c2f1f8cd8eb399f76931bd2,710fc733b179df5b7536f06442dcabacd38f2ce34aae1eaad7fd0c5071f82077,6579,3675,377dfd13e225ecfcbe380ea429cf7e27497df27efc9d3cefb9f3f84934779727,1,2021.08.23.13.17.08_veh-42_01464_01720,us-pa-pittsburgh-hazelwood,us-pa-pittsburgh-hazelwood,True,READY,
train_pittsburgh,/Users/liuqing/Projects/01_E2E_QA_Code/nuplan/dataset/data/cache/train_pittsburgh/2021.08.23.13.17.08_veh-42_01731_01885.db,2021.08.23.13.17.08_veh-42_01731_01885.db,21196800,2022-09-23T05:49:54+00:00,True,bb9292e2ba0ac6dd0635e44292adac8a3830c7282c2f1f8cd8eb399f76931bd2,05c6eafdb0cb193f3e5a70253c45fbf7f11170e50f28098e98b4a3bf83809b34,3798,2105,f14da23291f4c4a4821bbed62ac9234777c27eb6ed2aa1b3b17090c7e5e1ceec,1,2021.08.23.13.17.08_veh-42_01731_01885,us-pa-pittsburgh-hazelwood,us-pa-pittsburgh-hazelwood,True,READY,
train_pittsburgh,/Users/liuqing/Projects/01_E2E_QA_Code/nuplan/dataset/data/cache/train_pittsburgh/2021.08.23.13.17.08_veh-42_01951_02106.db,2021.08.23.13.17.08_veh-42_01951_02106.db,10018816,2022-09-23T05:49:54+00:00,True,bb9292e2ba0ac6dd0635e44292adac8a3830c7282c2f1f8cd8eb399f76931bd2,e3707eade1c5375cd8104c3d6f9ca15f3fa9efd5b0ec9fd50130fe2e2164db86,3461,2356,fc51c386229e8eee41da7d84acfcb617d9a4a5b5458227af984d3b2963a547b8,1,2021.08.23.13.17.08_veh-42_01951_02106,us-pa-pittsburgh-hazelwood,us-pa-pittsburgh-hazelwood,True,READY,
train_pittsburgh,/Users/liuqing/Projects/01_E2E_QA_Code/nuplan/dataset/data/cache/train_pittsburgh/2021.08.23.13.17.08_veh-42_02140_02271.db,2021.08.23.13.17.08_veh-42_02140_02271.db,10350592,2022-09-23T05:49:54+00:00,True,bb9292e2ba0ac6dd0635e44292adac8a3830c7282c2f1f8cd8eb399f76931bd2,4e045097b219433300214ddaaba8d108a136c3f7ccb47c46c3792abccc504a33,2953,1827,6c4fe77e42eaa8e8e9874ab9963513220235811d4ce43e3daf166b760641c96c,1,2021.08.23.13.17.08_veh-42_02140_02271,us-pa-pittsburgh-hazelwood,us-pa-pittsburgh-hazelwood,True,READY,
train_pittsburgh,/Users/liuqing/Projects/01_E2E_QA_Code/nuplan/dataset/data/cache/train_pittsburgh/2021.08.23.13.17.08_veh-42_02282_02392.db,2021.08.23.13.17.08_veh-42_02282_02392.db,7671808,2022-09-23T05:49:54+00:00,True,bb9292e2ba0ac6dd0635e44292adac8a3830c7282c2f1f8cd8eb399f76931bd2,6f121ef44c2df187bd10535656f06bcc408b2599bae6647cfb4d21aa3dcc0d5e,2793,1411,8d4508160beeb26fc312cb519a2d6e45c94b34f24fc42560dafd4a73b0b7482b,1,2021.08.23.13.17.08_veh-42_02282_02392,us-pa-pittsburgh-hazelwood,us-pa-pittsburgh-hazelwood,True,READY,
train_pittsburgh,/Users/liuqing/Projects/01_E2E_QA_Code/nuplan/dataset/data/cache/train_pittsburgh/2021.08.23.13.17.08_veh-42_02403_02476.db,2021.08.23.13.17.08_veh-42_02403_02476.db,9494528,2022-09-23T05:49:54+00:00,True,bb9292e2ba0ac6dd0635e44292adac8a3830c7282c2f1f8cd8eb399f76931bd2,4ba5a08594ef5f31860384919fb7b4b85cf1b85d46b58fc670c1a59e0e8aa1ee,1464,589,d957adc4314454609f946813d28754ab5ee56c80d3188a3b61b4e8ddbee88b92,1,2021.08.23.13.17.08_veh-42_02403_02476,us-pa-pittsburgh-hazelwood,us-pa-pittsburgh-hazelwood,True,READY,
train_pittsburgh,/Users/liuqing/Projects/01_E2E_QA_Code/nuplan/dataset/data/cache/train_pittsburgh/2021.08.23.13.26.46_veh-45_00087_00372.db,2021.08.23.13.26.46_veh-45_00087_00372.db,44953600,2022-09-23T05:49:54+00:00,True,bb9292e2ba0ac6dd0635e44292adac8a3830c7282c2f1f8cd8eb399f76931bd2,8841acd4801529a128145eb207d444b285c97cd4fb54c02e52862c2278bf9a3f,8798,3840,4dde642824e971212192ad04071f144d0b82dd330dd635af1525d8277fefa9f6,1,2021.08.23.13.26.46_veh-45_00087_00372,us-pa-pittsburgh-hazelwood,us-pa-pittsburgh-hazelwood,True,READY,
train_pittsburgh,/Users/liuqing/Projects/01_E2E_QA_Code/nuplan/dataset/data/cache/train_pittsburgh/2021.08.23.13.26.46_veh-45_00471_00548.db,2021.08.23.13.26.46_veh-45_00471_00548.db,10170368,2022-09-23T05:49:54+00:00,True,bb9292e2ba0ac6dd0635e44292adac8a3830c7282c2f1f8cd8eb399f76931bd2,44922ce072ac234b0fbe6bc8632c43946ebae5bbf355f1152abeec8ea1281730,1800,1111,e49596d4f349db87f4bff3c5400a6e7b4579df61fad2fdf2e81c68ddd9c9497a,1,2021.08.23.13.26.46_veh-45_00471_00548,us-pa-pittsburgh-hazelwood,us-pa-pittsburgh-hazelwood,True,READY,
train_pittsburgh,/Users/liuqing/Projects/01_E2E_QA_Code/nuplan/dataset/data/cache/train_pittsburgh/2021.08.23.13.26.46_veh-45_00560_01038.db,2021.08.23.13.26.46_veh-45_00560_01038.db,69386240,2022-09-23T05:49:54+00:00,True,bb9292e2ba0ac6dd0635e44292adac8a3830c7282c2f1f8cd8eb399f76931bd2,a975515691c3b7df7ac40555cba11573c0b32661481b2996723eae9ca7a4a051,10337,5873,fec98786e4fe85fc6d37c9fb403d8d6411314b19412c8a5e3205c3cda8eee5ac,1,2021.08.23.13.26.46_veh-45_00560_01038,us-pa-pittsburgh-hazelwood,us-pa-pittsburgh-hazelwood,True,READY,
train_pittsburgh,/Users/liuqing/Projects/01_E2E_QA_Code/nuplan/dataset/data/cache/train_pittsburgh/2021.08.23.13.26.46_veh-45_01129_01386.db,2021.08.23.13.26.46_veh-45_01129_01386.db,39829504,2022-09-23T05:49:54+00:00,True,bb9292e2ba0ac6dd0635e44292adac8a3830c7282c2f1f8cd8eb399f76931bd2,0b9a6b1d835cf66c0b74fa63f47cac5c0077784868e614d0c1f8a3e5e988e9a6,6285,3419,d4dc9e2635e1e41a3bf51baddcf1a1014dc74a2328bd391e3a0b0cfc411d0eb4,1,2021.08.23.13.26.46_veh-45_01129_01386,us-pa-pittsburgh-hazelwood,us-pa-pittsburgh-hazelwood,True,READY,
train_pittsburgh,/Users/liuqing/Projects/01_E2E_QA_Code/nuplan/dataset/data/cache/train_pittsburgh/2021.08.23.13.26.46_veh-45_01481_02501.db,2021.08.23.13.26.46_veh-45_01481_02501.db,140308480,2022-09-23T05:49:54+00:00,True,bb9292e2ba0ac6dd0635e44292adac8a3830c7282c2f1f8cd8eb399f76931bd2,02d2f65e31ce6a8f406c9fffd8b36ee59fe502f3a780eefb72e683771e2f2431,23127,13840,d6af1f005e11d7d0576f19657ab32ddfef0ccaa5d4c04bed094600c1d06d7050,1,2021.08.23.13.26.46_veh-45_01481_02501,us-pa-pittsburgh-hazelwood,us-pa-pittsburgh-hazelwood,True,READY,
train_pittsburgh,/Users/liuqing/Projects/01_E2E_QA_Code/nuplan/dataset/data/cache/train_pittsburgh/2021.08.23.13.26.46_veh-45_02653_02762.db,2021.08.23.13.26.46_veh-45_02653_02762.db,7897088,2022-09-23T05:49:54+00:00,True,bb9292e2ba0ac6dd0635e44292adac8a3830c7282c2f1f8cd8eb399f76931bd2,dac0cc412d7ee1d5705d4a5c46221e7fd88da21d4a87c46416c4d07eda808f34,2028,1256,c9320d9a046f8178f74684d14295f1e8755d4db6bdf265ca2bb68fc11d445cb0,1,2021.08.23.13.26.46_veh-45_02653_02762,us-pa-pittsburgh-hazelwood,us-pa-pittsburgh-hazelwood,True,READY,
train_pittsburgh,/Users/liuqing/Projects/01_E2E_QA_Code/nuplan/dataset/data/cache/train_pittsburgh/2021.08.23.13.28.21_veh-08_00015_00111.db,2021.08.23.13.28.21_veh-08_00015_00111.db,6324224,2022-09-23T05:49:54+00:00,True,bb9292e2ba0ac6dd0635e44292adac8a3830c7282c2f1f8cd8eb399f76931bd2,8e975bba2f0bfa6d21599bf2fef032e6ef101ee4077ac9d20add4b4cee40e55c,2452,1676,0ed6ecfe6c87a51135022a2ad70189f900e889066abcb67e9e9218e4d2367c14,1,2021.08.23.13.28.21_veh-08_00015_00111,us-pa-pittsburgh-hazelwood,us-pa-pittsburgh-hazelwood,True,READY,
train_pittsburgh,/Users/liuqing/Projects/01_E2E_QA_Code/nuplan/dataset/data/cache/train_pittsburgh/2021.08.23.13.28.21_veh-08_00123_00253.db,2021.08.23.13.28.21_veh-08_00123_00253.db,9367552,2022-09-23T05:49:54+00:00,True,bb9292e2ba0ac6dd0635e44292adac8a3830c7282c2f1f8cd8eb399f76931bd2,1319c2dea1c28c93fc29b06f679187065edfc31200ac1134521ed4e006decdda,3493,1903,9fab7781b6b6acc3386f60f0cbf580e6964738b8e72e78acaaead1b2c34d7cf5,1,2021.08.23.13.28.21_veh-08_00123_00253,us-pa-pittsburgh-hazelwood,us-pa-pittsburgh-hazelwood,True,READY,
train_pittsburgh,/Users/liuqing/Projects/01_E2E_QA_Code/nuplan/dataset/data/cache/train_pittsburgh/2021.08.23.13.28.21_veh-08_00485_00577.db,2021.08.23.13.28.21_veh-08_00485_00577.db,13549568,2022-09-23T05:49:54+00:00,True,bb9292e2ba0ac6dd0635e44292adac8a3830c7282c2f1f8cd8eb399f76931bd2,ca5eff037b7afd3257be888250fb476772480ef5dca99abf4e1e22594afb87a8,2421,1471,c3985f4d0deea83a830a9142aad97dfd4a90540ffc54e1bac87d4a62b49cf273,1,2021.08.23.13.28.21_veh-08_00485_00577,us-pa-pittsburgh-hazelwood,us-pa-pittsburgh-hazelwood,True,READY,
train_pittsburgh,/Users/liuqing/Projects/01_E2E_QA_Code/nuplan/dataset/data/cache/train_pittsburgh/2021.08.23.13.28.21_veh-08_00953_01183.db,2021.08.23.13.28.21_veh-08_00953_01183.db,37269504,2022-09-23T05:49:54+00:00,True,bb9292e2ba0ac6dd0635e44292adac8a3830c7282c2f1f8cd8eb399f76931bd2,a5a682cbad446a02ecd11c93a39a6d790f3dcacbe9d9c122b78e6a25b6cf54a4,5016,2570,52580c535bc4ac404103dd61fa3d46ebb0702c21223fcd3817ad844eb136cf8c,1,2021.08.23.13.28.21_veh-08_00953_01183,us-pa-pittsburgh-hazelwood,us-pa-pittsburgh-hazelwood,True,READY,
train_pittsburgh,/Users/liuqing/Projects/01_E2E_QA_Code/nuplan/dataset/data/cache/train_pittsburgh/2021.08.23.13.28.21_veh-08_01254_01911.db,2021.08.23.13.28.21_veh-08_01254_01911.db,86589440,2022-09-23T05:49:54+00:00,True,bb9292e2ba0ac6dd0635e44292adac8a3830c7282c2f1f8cd8eb399f76931bd2,820f6ba368af34fc4053b4314185d0d8ab806c4212b213c3fb44e9d9e07531af,13835,7902,7c08600efc66ad889127592a3a9520035c3a518ce65d6f9aa2da6d188235d7b6,1,2021.08.23.13.28.21_veh-08_01254_01911,us-pa-pittsburgh-hazelwood,us-pa-pittsburgh-hazelwood,True,READY,
train_pittsburgh,/Users/liuqing/Projects/01_E2E_QA_Code/nuplan/dataset/data/cache/train_pittsburgh/2021.08.23.13.28.21_veh-08_01965_02031.db,2021.08.23.13.28.21_veh-08_01965_02031.db,13950976,2022-09-23T05:49:54+00:00,True,bb9292e2ba0ac6dd0635e44292adac8a3830c7282c2f1f8cd8eb399f76931bd2,2457827364197eee24aa27a5704c609bb7ad0375d39774610e4a34292c2a09df,1496,628,a542bbfe906be36d1e2463037f46dab464c6a60eb222e91d20953f023fc8da02,1,2021.08.23.13.28.21_veh-08_01965_02031,us-pa-pittsburgh-hazelwood,us-pa-pittsburgh-hazelwood,True,READY,
train_pittsburgh,/Users/liuqing/Projects/01_E2E_QA_Code/nuplan/dataset/data/cache/train_pittsburgh/2021.08.23.13.28.21_veh-08_02058_02261.db,2021.08.23.13.28.21_veh-08_02058_02261.db,30175232,2022-09-23T05:49:54+00:00,True,bb9292e2ba0ac6dd0635e44292adac8a3830c7282c2f1f8cd8eb399f76931bd2,f0f3eca71f5ba7b1e599c13a938bcc3935f1af8ce104ab3bfcdecc5996fb78ae,3873,2432,94cb0c2d878dbd0a47f02d04df51e854aa045b49ad0e1506f53fa1e29a7b51f8,1,2021.08.23.13.28.21_veh-08_02058_02261,us-pa-pittsburgh-hazelwood,us-pa-pittsburgh-hazelwood,True,READY,
train_pittsburgh,/Users/liuqing/Projects/01_E2E_QA_Code/nuplan/dataset/data/cache/train_pittsburgh/2021.08.23.14.02.02_veh-42_00378_00460.db,2021.08.23.14.02.02_veh-42_00378_00460.db,8605696,2022-09-23T05:49:54+00:00,True,bb9292e2ba0ac6dd0635e44292adac8a3830c7282c2f1f8cd8eb399f76931bd2,d800260bedd44d5a082d66b654eb5e745f6cc9d7ef2a7d9369f27b057e1bae71,4211,1475,4b0c5e9267314c5127bad4e6e366a82078e2a0e9d5a382add67611ecffd08294,1,2021.08.23.14.02.02_veh-42_00378_00460,us-pa-pittsburgh-hazelwood,us-pa-pittsburgh-hazelwood,True,READY,
train_pittsburgh,/Users/liuqing/Projects/01_E2E_QA_Code/nuplan/dataset/data/cache/train_pittsburgh/2021.08.23.14.02.02_veh-42_00565_00643.db,2021.08.23.14.02.02_veh-42_00565_00643.db,8343552,2022-09-23T05:49:54+00:00,True,bb9292e2ba0ac6dd0635e44292adac8a3830c7282c2f1f8cd8eb399f76931bd2,96e9c759f98327b517d3fec636971244975780a4490626871349906ba0079a2c,2189,1124,f1b4b10813aed6aa67c8363782a35df8da3b9af65e167a5b9c5a63256c216236,1,2021.08.23.14.02.02_veh-42_00565_00643,us-pa-pittsburgh-hazelwood,us-pa-pittsburgh-hazelwood,True,READY,
train_pittsburgh,/Users/liuqing/Projects/01_E2E_QA_Code/nuplan/dataset/data/cache/train_pittsburgh/2021.08.23.14.02.02_veh-42_00654_00738.db,2021.08.23.14.02.02_veh-42_00654_00738.db,14008320,2022-09-23T05:49:54+00:00,True,bb9292e2ba0ac6dd0635e44292adac8a3830c7282c2f1f8cd8eb399f76931bd2,0848c0a1fe1ea66db40474c742f0218fdb6f4d260319861bbb8780ccbe84e42a,3147,1584,84a7f38fd02658cd6e893b1cd7e80858ece1557485d7ec9a3c510d4978a3878f,1,2021.08.23.14.02.02_veh-42_00654_00738,us-pa-pittsburgh-hazelwood,us-pa-pittsburgh-hazelwood,True,READY,
train_pittsburgh,/Users/liuqing/Projects/01_E2E_QA_Code/nuplan/dataset/data/cache/train_pittsburgh/2021.08.23.14.02.02_veh-42_00908_00996.db,2021.08.23.14.02.02_veh-42_00908_00996.db,17031168,2022-09-23T05:49:54+00:00,True,bb9292e2ba0ac6dd0635e44292adac8a3830c7282c2f1f8cd8eb399f76931bd2,c9f2f1984c21fb2ba1146c2891887d58dfbe1657e25052f0f1a0d0e9b8191439,1688,1162,5720d58d8e1a3c2f545f07317198090ca6a7c09d618b9668458318d15f5583ef,1,2021.08.23.14.02.02_veh-42_00908_00996,us-pa-pittsburgh-hazelwood,us-pa-pittsburgh-hazelwood,True,READY,
train_pittsburgh,/Users/liuqing/Projects/01_E2E_QA_Code/nuplan/dataset/data/cache/train_pittsburgh/2021.08.23.14.02.02_veh-42_01042_01130.db,2021.08.23.14.02.02_veh-42_01042_01130.db,12746752,2022-09-23T05:49:54+00:00,True,bb9292e2ba0ac6dd0635e44292adac8a3830c7282c2f1f8cd8eb399f76931bd2,e083c39d3c22c81fb21f708b8f4d638426b2618470e7871f8852bd6dc0a6fb54,2988,1607,d542151562a529f50d07dcbf3ad4a7dc2d5441333b297acf0ca35673b84a690c,1,2021.08.23.14.02.02_veh-42_01042_01130,us-pa-pittsburgh-hazelwood,us-pa-pittsburgh-hazelwood,True,READY,
train_pittsburgh,/Users/liuqing/Projects/01_E2E_QA_Code/nuplan/dataset/data/cache/train_pittsburgh/2021.08.23.14.02.02_veh-42_01242_01339.db,2021.08.23.14.02.02_veh-42_01242_01339.db,10108928,2022-09-23T05:49:54+00:00,True,bb9292e2ba0ac6dd0635e44292adac8a3830c7282c2f1f8cd8eb399f76931bd2,2005c6cef01f0e27d56693eea47075d92e87cdae03d76e190bd6af8603f79400,2197,1370,34110dc3f32d4a886f5150095248016b938a25fc38815caf69964444fb0c8d62,1,2021.08.23.14.02.02_veh-42_01242_01339,us-pa-pittsburgh-hazelwood,us-pa-pittsburgh-hazelwood,True,READY,
train_pittsburgh,/Users/liuqing/Projects/01_E2E_QA_Code/nuplan/dataset/data/cache/train_pittsburgh/2021.08.23.14.02.02_veh-42_01474_01535.db,2021.08.23.14.02.02_veh-42_01474_01535.db,4128768,2022-09-23T05:49:54+00:00,True,bb9292e2ba0ac6dd0635e44292adac8a3830c7282c2f1f8cd8eb399f76931bd2,f1b420ea9398f3d7e954b8374d5679ef251c3b6b88fc2a49f56377b8ea135cdc,1326,964,c4594207b14a101cf5f03a00372462902e8d2326da3a127ea06961cd2ec19ffe,1,2021.08.23.14.02.02_veh-42_01474_01535,us-pa-pittsburgh-hazelwood,us-pa-pittsburgh-hazelwood,True,READY,
train_pittsburgh,/Users/liuqing/Projects/01_E2E_QA_Code/nuplan/dataset/data/cache/train_pittsburgh/2021.08.23.14.02.02_veh-42_01893_01985.db,2021.08.23.14.02.02_veh-42_01893_01985.db,8699904,2022-09-23T05:49:54+00:00,True,bb9292e2ba0ac6dd0635e44292adac8a3830c7282c2f1f8cd8eb399f76931bd2,96172c88161cc2be974018af62be2dc10e69636f2332ff271465c0bddff6765b,1776,1222,7bf7d6699ba37f4678940644bd3a4e8e93e101c4e00cfb94a1ddb5459e73cc34,1,2021.08.23.14.02.02_veh-42_01893_01985,us-pa-pittsburgh-hazelwood,us-pa-pittsburgh-hazelwood,True,READY,
train_pittsburgh,/Users/liuqing/Projects/01_E2E_QA_Code/nuplan/dataset/data/cache/train_pittsburgh/2021.08.23.14.02.02_veh-42_02230_02309.db,2021.08.23.14.02.02_veh-42_02230_02309.db,12615680,2022-09-23T05:49:55+00:00,True,bb9292e2ba0ac6dd0635e44292adac8a3830c7282c2f1f8cd8eb399f76931bd2,a84b96ab66e109b0239c356045463845d73270191d6e5d6a0b508a8907e39dbe,2467,1423,f6079208f2aca9929edcf1c3a74d350802f0bc73153b21995254b831b9df161b,1,2021.08.23.14.02.02_veh-42_02230_02309,us-pa-pittsburgh-hazelwood,us-pa-pittsburgh-hazelwood,True,READY,
train_pittsburgh,/Users/liuqing/Projects/01_E2E_QA_Code/nuplan/dataset/data/cache/train_pittsburgh/2021.08.23.14.27.31_veh-45_00034_00095.db,2021.08.23.14.27.31_veh-45_00034_00095.db,5050368,2022-09-23T05:49:55+00:00,True,bb9292e2ba0ac6dd0635e44292adac8a3830c7282c2f1f8cd8eb399f76931bd2,ff0c81c43d243a435065e55450e8f33c5882ccb02cec4a268854bc74232a118f,1068,702,b91ff894856c33211e23514bd8c774408dc39c9e611d0e35be171250edaeabe4,1,2021.08.23.14.27.31_veh-45_00034_00095,us-pa-pittsburgh-hazelwood,us-pa-pittsburgh-hazelwood,True,READY,
train_pittsburgh,/Users/liuqing/Projects/01_E2E_QA_Code/nuplan/dataset/data/cache/train_pittsburgh/2021.08.23.14.27.31_veh-45_00118_00181.db,2021.08.23.14.27.31_veh-45_00118_00181.db,3948544,2022-09-23T05:49:55+00:00,True,bb9292e2ba0ac6dd0635e44292adac8a3830c7282c2f1f8cd8eb399f76931bd2,ee3e4359b2e8cf4c866fd134215b6a51c0eb6ac21aa83d355b3d99da97eba20f,1025,674,4851d19f479ee0cae17abf1cbf28d7e2777a2ca7ff3f1f15dcf111b084c3b3fa,1,2021.08.23.14.27.31_veh-45_00118_00181,us-pa-pittsburgh-hazelwood,us-pa-pittsburgh-hazelwood,True,READY,
train_pittsburgh,/Users/liuqing/Projects/01_E2E_QA_Code/nuplan/dataset/data/cache/train_pittsburgh/2021.08.23.14.27.31_veh-45_00205_00471.db,2021.08.23.14.27.31_veh-45_00205_00471.db,18116608,2022-09-23T05:49:55+00:00,True,bb9292e2ba0ac6dd0635e44292adac8a3830c7282c2f1f8cd8eb399f76931bd2,4d34a9cea233cc2d5f098aa6249565b224f01c8430568192f4457b669ea49daa,6829,4047,1956c83436ede95363fdf1524d8a3a426d834eb28c29f09c13b299668626cea8,1,2021.08.23.14.27.31_veh-45_00205_00471,us-pa-pittsburgh-hazelwood,us-pa-pittsburgh-hazelwood,True,READY,
train_pittsburgh,/Users/liuqing/Projects/01_E2E_QA_Code/nuplan/dataset/data/cache/train_pittsburgh/2021.08.23.14.27.31_veh-45_00482_00552.db,2021.08.23.14.27.31_veh-45_00482_00552.db,11272192,2022-09-23T05:49:55+00:00,True,bb9292e2ba0ac6dd0635e44292adac8a3830c7282c2f1f8cd8eb399f76931bd2,24b1958008cb17ebf26ddb9995a500438c7234c499d80a3bdd4e954209db6e6d,1555,738,0e1e3787fde07c5cd1a69a0d7782eb76c1992e82dfd7e81128d89123191967a1,1,2021.08.23.14.27.31_veh-45_00482_00552,us-pa-pittsburgh-hazelwood,us-pa-pittsburgh-hazelwood,True,READY,
train_pittsburgh,/Users/liuqing/Projects/01_E2E_QA_Code/nuplan/dataset/data/cache/train_pittsburgh/2021.08.23.14.27.31_veh-45_00574_00876.db,2021.08.23.14.27.31_veh-45_00574_00876.db,55021568,2022-09-23T05:49:55+00:00,True,bb9292e2ba0ac6dd0635e44292adac8a3830c7282c2f1f8cd8eb399f76931bd2,b34e493076e2e3a419b269cb908031fddcf66eeb3c511296e83099500d2cc485,7286,4171,cbeb23186dc507d53edd91be1bd54b7ead5d14db2b03356ed48402bb16ec1634,1,2021.08.23.14.27.31_veh-45_00574_00876,us-pa-pittsburgh-hazelwood,us-pa-pittsburgh-hazelwood,True,READY,
train_pittsburgh,/Users/liuqing/Projects/01_E2E_QA_Code/nuplan/dataset/data/cache/train_pittsburgh/2021.08.23.14.27.31_veh-45_00895_01001.db,2021.08.23.14.27.31_veh-45_00895_01001.db,10764288,2022-09-23T05:49:55+00:00,True,bb9292e2ba0ac6dd0635e44292adac8a3830c7282c2f1f8cd8eb399f76931bd2,4dbd9e92644a3fa0508e546d133ef66a20fcc7521b6bb2a3dabd7833f86d0f12,2229,1298,533fcfdb90e0cedc44ceb2cbc954700c8336f1e75b12b7fd10cfa28ba2f15a7a,1,2021.08.23.14.27.31_veh-45_00895_01001,us-pa-pittsburgh-hazelwood,us-pa-pittsburgh-hazelwood,True,READY,
train_pittsburgh,/Users/liuqing/Projects/01_E2E_QA_Code/nuplan/dataset/data/cache/train_pittsburgh/2021.08.23.14.27.31_veh-45_01043_01301.db,2021.08.23.14.27.31_veh-45_01043_01301.db,33378304,2022-09-23T05:49:55+00:00,True,bb9292e2ba0ac6dd0635e44292adac8a3830c7282c2f1f8cd8eb399f76931bd2,dd379741062c317cc6c09ee20bd5f812965a32bb698abd2d39fa8eef3f4c8d38,6610,3713,4b5f5bd2c2da2e98686460e04e0d11f85538280e5f20f4770a9d11d1000606cd,1,2021.08.23.14.27.31_veh-45_01043_01301,us-pa-pittsburgh-hazelwood,us-pa-pittsburgh-hazelwood,True,READY,
train_pittsburgh,/Users/liuqing/Projects/01_E2E_QA_Code/nuplan/dataset/data/cache/train_pittsburgh/2021.08.23.14.27.31_veh-45_01312_01398.db,2021.08.23.14.27.31_veh-45_01312_01398.db,14438400,2022-09-23T05:49:55+00:00,True,bb9292e2ba0ac6dd0635e44292adac8a3830c7282c2f1f8cd8eb399f76931bd2,27e0fead40778632993720618955d9980492cd204ee69bd5a1eac19dc3da67a3,1866,976,319561e1920a916002cb3d9b9cfc4376ca23da8ca19ab43e7888d9b60da14cf1,1,2021.08.23.14.27.31_veh-45_01312_01398,us-pa-pittsburgh-hazelwood,us-pa-pittsburgh-hazelwood,True,READY,
train_pittsburgh,/Users/liuqing/Projects/01_E2E_QA_Code/nuplan/dataset/data/cache/train_pittsburgh/2021.08.23.14.27.31_veh-45_01488_02301.db,2021.08.23.14.27.31_veh-45_01488_02301.db,132558848,2022-09-23T05:49:55+00:00,True,bb9292e2ba0ac6dd0635e44292adac8a3830c7282c2f1f8cd8eb399f76931bd2,6c9a29e4bfa0f0f23886132f9338996f981731c0ccb8746535133815d081c4c4,19678,10462,01d9a18230d754999e644e47fdb20dd2c5c44d19c3a0a1dd6a8f918784e9ceb7,1,2021.08.23.14.27.31_veh-45_01488_02301,us-pa-pittsburgh-hazelwood,us-pa-pittsburgh-hazelwood,True,READY,
train_pittsburgh,/Users/liuqing/Projects/01_E2E_QA_Code/nuplan/dataset/data/cache/train_pittsburgh/2021.08.23.14.27.31_veh-45_02387_02641.db,2021.08.23.14.27.31_veh-45_02387_02641.db,31043584,2022-09-23T05:49:55+00:00,True,bb9292e2ba0ac6dd0635e44292adac8a3830c7282c2f1f8cd8eb399f76931bd2,f1755d4a64ab2fbb2bc548258a26500c9ca7838d9407bbc853a03d30b9f5c559,9245,3852,8670b67d93a4b8b5049e85e406fa0ae337b585a78d09ad0f32cc8f540eb3dd76,1,2021.08.23.14.27.31_veh-45_02387_02641,us-pa-pittsburgh-hazelwood,us-pa-pittsburgh-hazelwood,True,READY,
train_pittsburgh,/Users/liuqing/Projects/01_E2E_QA_Code/nuplan/dataset/data/cache/train_pittsburgh/2021.08.23.14.27.31_veh-45_02698_02761.db,2021.08.23.14.27.31_veh-45_02698_02761.db,4300800,2022-09-23T05:49:55+00:00,True,bb9292e2ba0ac6dd0635e44292adac8a3830c7282c2f1f8cd8eb399f76931bd2,0b3bbe007ba50e2c3fdbbbb91c6787d65b8ebea6d4627ccada7998845452d715,1379,612,6f681a8634903d32a7f9ca95cdda768ee9d7f3763bc4df05ce29ba6e48dda3fe,1,2021.08.23.14.27.31_veh-45_02698_02761,us-pa-pittsburgh-hazelwood,us-pa-pittsburgh-hazelwood,True,READY,
train_pittsburgh,/Users/liuqing/Projects/01_E2E_QA_Code/nuplan/dataset/data/cache/train_pittsburgh/2021.08.23.15.14.44_veh-08_00025_00097.db,2021.08.23.15.14.44_veh-08_00025_00097.db,4358144,2022-09-23T05:49:55+00:00,True,bb9292e2ba0ac6dd0635e44292adac8a3830c7282c2f1f8cd8eb399f76931bd2,bf65d8e49d82e3657dfb9e0d63e291bf7696977fb77fdf71baf61f81acce44ab,1773,1246,e3951522dbce92fa8d847df2eddc0c5c9cc09d6b21f9bff87ddc14600c9e477c,1,2021.08.23.15.14.44_veh-08_00025_00097,us-pa-pittsburgh-hazelwood,us-pa-pittsburgh-hazelwood,True,READY,
train_pittsburgh,/Users/liuqing/Projects/01_E2E_QA_Code/nuplan/dataset/data/cache/train_pittsburgh/2021.08.23.15.14.44_veh-08_00161_00895.db,2021.08.23.15.14.44_veh-08_00161_00895.db,106811392,2022-09-23T05:49:55+00:00,True,bb9292e2ba0ac6dd0635e44292adac8a3830c7282c2f1f8cd8eb399f76931bd2,fbd678f9716982280a702837b065709442207389b324dbbf0037182803f8a283,17862,8820,ab5b04065780d35def710ad9817d51912996ad7ef6071837124e19330b288946,1,2021.08.23.15.14.44_veh-08_00161_00895,us-pa-pittsburgh-hazelwood,us-pa-pittsburgh-hazelwood,True,READY,
train_pittsburgh,/Users/liuqing/Projects/01_E2E_QA_Code/nuplan/dataset/data/cache/train_pittsburgh/2021.08.23.15.14.44_veh-08_00917_01175.db,2021.08.23.15.14.44_veh-08_00917_01175.db,48119808,2022-09-23T05:49:55+00:00,True,bb9292e2ba0ac6dd0635e44292adac8a3830c7282c2f1f8cd8eb399f76931bd2,eff485e9000980d60f0391477ab35e5cbacf1f282b008e3cdfd735e6e068c886,6108,3334,e8b5c5b6262d5c31c3418fa02265bcb77a481140e59f3064b36958490336ac8f,1,2021.08.23.15.14.44_veh-08_00917_01175,us-pa-pittsburgh-hazelwood,us-pa-pittsburgh-hazelwood,True,READY,
train_pittsburgh,/Users/liuqing/Projects/01_E2E_QA_Code/nuplan/dataset/data/cache/train_pittsburgh/2021.08.23.15.14.44_veh-08_01218_01477.db,2021.08.23.15.14.44_veh-08_01218_01477.db,38973440,2022-09-23T05:49:55+00:00,True,bb9292e2ba0ac6dd0635e44292adac8a3830c7282c2f1f8cd8eb399f76931bd2,25c4abdadcb40b5cb67c832eb46608640dd7687261f662de6ba56adb5a427e79,5231,3484,337357e05e8c0ba2dc03d61f07e770c262a1d6f8b21d4aff47ca276cbeead433,1,2021.08.23.15.14.44_veh-08_01218_01477,us-pa-pittsburgh-hazelwood,us-pa-pittsburgh-hazelwood,True,READY,
train_pittsburgh,/Users/liuqing/Projects/01_E2E_QA_Code/nuplan/dataset/data/cache/train_pittsburgh/2021.08.23.15.14.44_veh-08_01499_01583.db,2021.08.23.15.14.44_veh-08_01499_01583.db,9019392,2022-09-23T05:49:55+00:00,True,bb9292e2ba0ac6dd0635e44292adac8a3830c7282c2f1f8cd8eb399f76931bd2,4e4e68aeb76d7edbdd4487a2b122e2df47c5d851e424345b3057c9fbc7489ff7,1997,1230,0cd8bc6b001441096d858c18893ced63b55b47a04a01cddfaf208232a35ed0d6,1,2021.08.23.15.14.44_veh-08_01499_01583,us-pa-pittsburgh-hazelwood,us-pa-pittsburgh-hazelwood,True,READY,
train_pittsburgh,/Users/liuqing/Projects/01_E2E_QA_Code/nuplan/dataset/data/cache/train_pittsburgh/2021.08.23.15.14.44_veh-08_01602_01663.db,2021.08.23.15.14.44_veh-08_01602_01663.db,4333568,2022-09-23T05:49:55+00:00,True,bb9292e2ba0ac6dd0635e44292adac8a3830c7282c2f1f8cd8eb399f76931bd2,4698c584cb5407455a3cb26c1556960d2eb1f6eb90ca0a56fce93747ecbdf576,1056,582,0b3f8becd95349135749e5f787f7e9dcbb09873c732f10892d866965cf84ae45,1,2021.08.23.15.14.44_veh-08_01602_01663,us-pa-pittsburgh-hazelwood,us-pa-pittsburgh-hazelwood,True,READY,
train_pittsburgh,/Users/liuqing/Projects/01_E2E_QA_Code/nuplan/dataset/data/cache/train_pittsburgh/2021.08.23.15.14.44_veh-08_01674_01795.db,2021.08.23.15.14.44_veh-08_01674_01795.db,8036352,2022-09-23T05:49:55+00:00,True,bb9292e2ba0ac6dd0635e44292adac8a3830c7282c2f1f8cd8eb399f76931bd2,c0a58f26a984ed7e1f95e5706ffe9f9d8bc6c1a9f2d5519b3b99260b4f33d20b,2123,1395,0e921b68b733fa1c37b1b151cfc9e15ee7840e5ac6408a18a25068e00251d11a,1,2021.08.23.15.14.44_veh-08_01674_01795,us-pa-pittsburgh-hazelwood,us-pa-pittsburgh-hazelwood,True,READY,
train_pittsburgh,/Users/liuqing/Projects/01_E2E_QA_Code/nuplan/dataset/data/cache/train_pittsburgh/2021.08.23.16.32.43_veh-45_00157_00218.db,2021.08.23.16.32.43_veh-45_00157_00218.db,4886528,2022-09-23T05:49:55+00:00,True,bb9292e2ba0ac6dd0635e44292adac8a3830c7282c2f1f8cd8eb399f76931bd2,1a8c5800d17bdc97d1f04033e67e4c7a5bb2c5485e0059b17d5e67a9a2229e7e,1577,892,6d365dca6f07718d616c9838184b49ef830e984851e9ff05878128ddc23f037f,1,2021.08.23.16.32.43_veh-45_00157_00218,us-pa-pittsburgh-hazelwood,us-pa-pittsburgh-hazelwood,True,READY,
train_pittsburgh,/Users/liuqing/Projects/01_E2E_QA_Code/nuplan/dataset/data/cache/train_pittsburgh/2021.08.23.16.32.43_veh-45_00229_00620.db,2021.08.23.16.32.43_veh-45_00229_00620.db,59736064,2022-09-23T05:49:55+00:00,True,bb9292e2ba0ac6dd0635e44292adac8a3830c7282c2f1f8cd8eb399f76931bd2,79372c20e25f63b12fe0171df72dc797c59bb2bfaf6386809ff1c8d0c506bbb1,8081,4459,88ff1dc11b64c9c98a4d947048b885db742b53eebf5b2025290024c770b152b6,1,2021.08.23.16.32.43_veh-45_00229_00620,us-pa-pittsburgh-hazelwood,us-pa-pittsburgh-hazelwood,True,READY,
train_pittsburgh,/Users/liuqing/Projects/01_E2E_QA_Code/nuplan/dataset/data/cache/train_pittsburgh/2021.08.23.16.32.43_veh-45_00694_00778.db,2021.08.23.16.32.43_veh-45_00694_00778.db,10678272,2022-09-23T05:49:55+00:00,True,bb9292e2ba0ac6dd0635e44292adac8a3830c7282c2f1f8cd8eb399f76931bd2,a4ebcf3b278576313868ce7f8ebdb600eea0d2a5b753bbf775bfeba4c7d55b1c,2290,1111,b9b8a29eacb9571463f5df62a48360720ed4b50ab9f610fa114dfc7564a3be5c,1,2021.08.23.16.32.43_veh-45_00694_00778,us-pa-pittsburgh-hazelwood,us-pa-pittsburgh-hazelwood,True,READY,
train_pittsburgh,/Users/liuqing/Projects/01_E2E_QA_Code/nuplan/dataset/data/cache/train_pittsburgh/2021.08.23.16.32.43_veh-45_00804_00872.db,2021.08.23.16.32.43_veh-45_00804_00872.db,4681728,2022-09-23T05:49:55+00:00,True,bb9292e2ba0ac6dd0635e44292adac8a3830c7282c2f1f8cd8eb399f76931bd2,7b420ce8fd9e68ef117eace79ecabfe9acf97e61112e0709440088a91279de58,1322,752,5fbe8ffa8cbccf8d0c505e3aa135fa38fbe379afbc1b509d75eea1c997b8a4a9,1,2021.08.23.16.32.43_veh-45_00804_00872,us-pa-pittsburgh-hazelwood,us-pa-pittsburgh-hazelwood,True,READY,
train_pittsburgh,/Users/liuqing/Projects/01_E2E_QA_Code/nuplan/dataset/data/cache/train_pittsburgh/2021.08.23.16.32.43_veh-45_00894_00969.db,2021.08.23.16.32.43_veh-45_00894_00969.db,4767744,2022-09-23T05:49:55+00:00,True,bb9292e2ba0ac6dd0635e44292adac8a3830c7282c2f1f8cd8eb399f76931bd2,e0e351900d8e64f6103ba634fdb5d306911f0fb56bcab1010c3f055194ba0313,1546,1140,85a24e076e18577df35024810adceb63b505ffee58d06e155ae1b529a53cfe7e,1,2021.08.23.16.32.43_veh-45_00894_00969,us-pa-pittsburgh-hazelwood,us-pa-pittsburgh-hazelwood,True,READY,
train_pittsburgh,/Users/liuqing/Projects/01_E2E_QA_Code/nuplan/dataset/data/cache/train_pittsburgh/2021.08.23.16.32.43_veh-45_01107_01249.db,2021.08.23.16.32.43_veh-45_01107_01249.db,11583488,2022-09-23T05:49:55+00:00,True,bb9292e2ba0ac6dd0635e44292adac8a3830c7282c2f1f8cd8eb399f76931bd2,5c5fed8cceb56dd258be6bc46fd028091089e0bf8ce0d604c89a0379d132cba6,2772,1861,fc6372190648344620d37370760562481b947832de0ce5f2367be9d8dea96bf6,1,2021.08.23.16.32.43_veh-45_01107_01249,us-pa-pittsburgh-hazelwood,us-pa-pittsburgh-hazelwood,True,READY,
train_pittsburgh,/Users/liuqing/Projects/01_E2E_QA_Code/nuplan/dataset/data/cache/train_pittsburgh/2021.08.23.16.32.43_veh-45_01332_01572.db,2021.08.23.16.32.43_veh-45_01332_01572.db,23474176,2022-09-23T05:49:55+00:00,True,bb9292e2ba0ac6dd0635e44292adac8a3830c7282c2f1f8cd8eb399f76931bd2,a5555b9a234d1d5dac334cf836f2438d0ee05f16bdb00ea43d4450b1969e674e,5742,3645,43dca10a32ff55200dd3552972b8f377ba088660f840d641832cd6045d15d068,1,2021.08.23.16.32.43_veh-45_01332_01572,us-pa-pittsburgh-hazelwood,us-pa-pittsburgh-hazelwood,True,READY,
train_pittsburgh,/Users/liuqing/Projects/01_E2E_QA_Code/nuplan/dataset/data/cache/train_pittsburgh/2021.08.23.16.32.43_veh-45_01604_01698.db,2021.08.23.16.32.43_veh-45_01604_01698.db,11796480,2022-09-23T05:49:55+00:00,True,bb9292e2ba0ac6dd0635e44292adac8a3830c7282c2f1f8cd8eb399f76931bd2,e737b949488afad3c839701c9694994206002e59d644cbb608623f38f79d2b19,1605,1350,910f81470a99588c745d887d60945da038d418bff13795985642deeea558cef1,1,2021.08.23.16.32.43_veh-45_01604_01698,us-pa-pittsburgh-hazelwood,us-pa-pittsburgh-hazelwood,True,READY,
train_pittsburgh,/Users/liuqing/Projects/01_E2E_QA_Code/nuplan/dataset/data/cache/train_pittsburgh/2021.08.23.16.32.43_veh-45_01722_01877.db,2021.08.23.16.32.43_veh-45_01722_01877.db,30253056,2022-09-23T05:49:55+00:00,True,bb9292e2ba0ac6dd0635e44292adac8a3830c7282c2f1f8cd8eb399f76931bd2,0b38fa6ea9d59c46885eaf5c554b5692a1123950b3629a34e022e61724d04080,3240,1546,13295401b52601959eaedceb30d7b185adcbff9ff42fa75c5c1df79319abc3d1,1,2021.08.23.16.32.43_veh-45_01722_01877,us-pa-pittsburgh-hazelwood,us-pa-pittsburgh-hazelwood,True,READY,
train_pittsburgh,/Users/liuqing/Projects/01_E2E_QA_Code/nuplan/dataset/data/cache/train_pittsburgh/2021.08.23.16.32.43_veh-45_01957_02241.db,2021.08.23.16.32.43_veh-45_01957_02241.db,44249088,2022-09-23T05:49:55+00:00,True,bb9292e2ba0ac6dd0635e44292adac8a3830c7282c2f1f8cd8eb399f76931bd2,0d897de5cd5a1e15df34d89d41ebccbfdb97a2c8f87289ed2fac7101a98f6064,5814,3943,5c60a2ce8402a4ab6f6e8738bc2df6f17f3c8ceef476ecf43bb262df94c4a180,1,2021.08.23.16.32.43_veh-45_01957_02241,us-pa-pittsburgh-hazelwood,us-pa-pittsburgh-hazelwood,True,READY,
train_pittsburgh,/Users/liuqing/Projects/01_E2E_QA_Code/nuplan/dataset/data/cache/train_pittsburgh/2021.08.23.16.32.43_veh-45_02387_02504.db,2021.08.23.16.32.43_veh-45_02387_02504.db,9166848,2022-09-23T05:49:55+00:00,True,bb9292e2ba0ac6dd0635e44292adac8a3830c7282c2f1f8cd8eb399f76931bd2,fc052f3dfcece726c8a9c8519d3af8b354165946bc1a1e44bd460361a4b36909,2118,1455,febb9fb4e4ff487e646cec40550b6ae356bb3254d773eba69ca81a1cf216c3e7,1,2021.08.23.16.32.43_veh-45_02387_02504,us-pa-pittsburgh-hazelwood,us-pa-pittsburgh-hazelwood,True,READY,
train_pittsburgh,/Users/liuqing/Projects/01_E2E_QA_Code/nuplan/dataset/data/cache/train_pittsburgh/2021.08.23.16.51.29_veh-42_00090_00263.db,2021.08.23.16.51.29_veh-42_00090_00263.db,11857920,2022-09-23T05:49:55+00:00,True,bb9292e2ba0ac6dd0635e44292adac8a3830c7282c2f1f8cd8eb399f76931bd2,58925f6ee3492e5ee4a7fdfb98a2dcefac67a7844b03501eb8f45c2da4829436,3409,2288,31e43865d8d91f7cc248233af1f2e7f2a00a4bfecd4afc3aeb927da3c1b0a94e,1,2021.08.23.16.51.29_veh-42_00090_00263,us-pa-pittsburgh-hazelwood,us-pa-pittsburgh-hazelwood,True,READY,
train_pittsburgh,/Users/liuqing/Projects/01_E2E_QA_Code/nuplan/dataset/data/cache/train_pittsburgh/2021.08.23.16.51.29_veh-42_00291_01035.db,2021.08.23.16.51.29_veh-42_00291_01035.db,102387712,2022-09-23T05:49:55+00:00,True,bb9292e2ba0ac6dd0635e44292adac8a3830c7282c2f1f8cd8eb399f76931bd2,776dca01c2512a02181ebd87cf2ec3f6b91a1aa400b85309574a44dda899e10b,17437,10636,676df11c9d71bb96aecd31a8e702f50e99467c6a915b04d14b876785e055e366,1,2021.08.23.16.51.29_veh-42_00291_01035,us-pa-pittsburgh-hazelwood,us-pa-pittsburgh-hazelwood,True,READY,
train_pittsburgh,/Users/liuqing/Projects/01_E2E_QA_Code/nuplan/dataset/data/cache/train_pittsburgh/2021.08.23.16.51.29_veh-42_01142_01404.db,2021.08.23.16.51.29_veh-42_01142_01404.db,48504832,2022-09-23T05:49:55+00:00,True,bb9292e2ba0ac6dd0635e44292adac8a3830c7282c2f1f8cd8eb399f76931bd2,84ed523d1508b8865e03aec962d7cbc0d24452ee63365117e91d58e21a3262e0,7704,3622,cec8d67a9c799017040d826b55babc4863f1995f2e2e7a8bce902528b39334b3,1,2021.08.23.16.51.29_veh-42_01142_01404,us-pa-pittsburgh-hazelwood,us-pa-pittsburgh-hazelwood,True,READY,
train_pittsburgh,/Users/liuqing/Projects/01_E2E_QA_Code/nuplan/dataset/data/cache/train_pittsburgh/2021.08.23.16.51.29_veh-42_01425_01555.db,2021.08.23.16.51.29_veh-42_01425_01555.db,23396352,2022-09-23T05:49:55+00:00,True,bb9292e2ba0ac6dd0635e44292adac8a3830c7282c2f1f8cd8eb399f76931bd2,22a451320f3e4c9da8732ff0dd964e5793c3d837ff36303e81e84f10ca431a4e,3607,1785,84d11e2a1159efc2ea9b4ffe01bda60825817fadb430a2971977605db5c892fa,1,2021.08.23.16.51.29_veh-42_01425_01555,us-pa-pittsburgh-hazelwood,us-pa-pittsburgh-hazelwood,True,READY,
train_pittsburgh,/Users/liuqing/Projects/01_E2E_QA_Code/nuplan/dataset/data/cache/train_pittsburgh/2021.08.23.16.51.29_veh-42_01566_01715.db,2021.08.23.16.51.29_veh-42_01566_01715.db,26472448,2022-09-23T05:49:55+00:00,True,bb9292e2ba0ac6dd0635e44292adac8a3830c7282c2f1f8cd8eb399f76931bd2,e2da7458491fe32ed63d15e2b8c3a0a4c2d968721226f5c78cb75f857ded5d3b,3641,1772,523728d91df4ea43906c98e34e9b26abc4bfc754b5b72156cefeae7d8e1ebfbe,1,2021.08.23.16.51.29_veh-42_01566_01715,us-pa-pittsburgh-hazelwood,us-pa-pittsburgh-hazelwood,True,READY,
train_pittsburgh,/Users/liuqing/Projects/01_E2E_QA_Code/nuplan/dataset/data/cache/train_pittsburgh/2021.08.23.16.51.29_veh-42_01737_02472.db,2021.08.23.16.51.29_veh-42_01737_02472.db,131264512,2022-09-23T05:49:55+00:00,True,bb9292e2ba0ac6dd0635e44292adac8a3830c7282c2f1f8cd8eb399f76931bd2,314d33def456c5623ccbc15c6fe4ad5b433b4059c2343433ace515607d5f512c,16689,9516,a2b4e3613a59a1a09271f3d6c76113994daf31e4b7e8fadf2570e13a841b0b72,1,2021.08.23.16.51.29_veh-42_01737_02472,us-pa-pittsburgh-hazelwood,us-pa-pittsburgh-hazelwood,True,READY,
train_pittsburgh,/Users/liuqing/Projects/01_E2E_QA_Code/nuplan/dataset/data/cache/train_pittsburgh/2021.08.23.16.53.37_veh-08_00016_00648.db,2021.08.23.16.53.37_veh-08_00016_00648.db,81674240,2022-09-23T05:49:55+00:00,True,bb9292e2ba0ac6dd0635e44292adac8a3830c7282c2f1f8cd8eb399f76931bd2,dbc76152e614c02bbe9142a4ebc73e40ba0bc19b29be9ecb389dcb560c5e1ab7,13700,8511,c5c955c90c3232ac3650ca95b2b6010a39dedc825423e8f0f9ede59e4b1d86f1,1,2021.08.23.16.53.37_veh-08_00016_00648,us-pa-pittsburgh-hazelwood,us-pa-pittsburgh-hazelwood,True,READY,
train_pittsburgh,/Users/liuqing/Projects/01_E2E_QA_Code/nuplan/dataset/data/cache/train_pittsburgh/2021.08.23.16.53.37_veh-08_00672_00981.db,2021.08.23.16.53.37_veh-08_00672_00981.db,46956544,2022-09-23T05:49:55+00:00,True,bb9292e2ba0ac6dd0635e44292adac8a3830c7282c2f1f8cd8eb399f76931bd2,e33082bcc0b2aa733c092509d1d770921c712c8709f8ebf20ff17c38f496389e,7418,4058,4bb51d6c0404988f6e8f71f7d4ed0aee6aab66d67064691576618b17ae5b9954,1,2021.08.23.16.53.37_veh-08_00672_00981,us-pa-pittsburgh-hazelwood,us-pa-pittsburgh-hazelwood,True,READY,
train_pittsburgh,/Users/liuqing/Projects/01_E2E_QA_Code/nuplan/dataset/data/cache/train_pittsburgh/2021.08.23.16.53.37_veh-08_01006_01696.db,2021.08.23.16.53.37_veh-08_01006_01696.db,120680448,2022-09-23T05:49:55+00:00,True,bb9292e2ba0ac6dd0635e44292adac8a3830c7282c2f1f8cd8eb399f76931bd2,45479f7cc297063cd04acbf4d6a5f4df4a8ef82e3c69dae97430503645fa79dd,17707,9374,a21f3ab675b6bca09346097ec6b6b918854b54e8dc7559f3048d68c97305ee46,1,2021.08.23.16.53.37_veh-08_01006_01696,us-pa-pittsburgh-hazelwood,us-pa-pittsburgh-hazelwood,True,READY,
train_pittsburgh,/Users/liuqing/Projects/01_E2E_QA_Code/nuplan/dataset/data/cache/train_pittsburgh/2021.08.23.16.53.37_veh-08_01751_01825.db,2021.08.23.16.53.37_veh-08_01751_01825.db,6053888,2022-09-23T05:49:55+00:00,True,bb9292e2ba0ac6dd0635e44292adac8a3830c7282c2f1f8cd8eb399f76931bd2,0a39a23598c5969ceda63b3f95f4366f8d6fd138f597f41d05f8550332eca850,2667,958,ab308dc381e9dace2c760e8325d101a4bdeff70524c91aaead1ede24c1dd3300,1,2021.08.23.16.53.37_veh-08_01751_01825,us-pa-pittsburgh-hazelwood,us-pa-pittsburgh-hazelwood,True,READY,
train_pittsburgh,/Users/liuqing/Projects/01_E2E_QA_Code/nuplan/dataset/data/cache/train_pittsburgh/2021.08.23.17.20.10_veh-45_00180_00324.db,2021.08.23.17.20.10_veh-45_00180_00324.db,12439552,2022-09-23T05:49:55+00:00,True,bb9292e2ba0ac6dd0635e44292adac8a3830c7282c2f1f8cd8eb399f76931bd2,803bf402b402d0fae0fb2b0c5a493a8c0a6fa52629e5ec802bf3c096fd27739a,3688,2184,298ed7326c18d6dbeccaaf8c1c9d606c63bfef32218e5982fc283d9e793eb97d,1,2021.08.23.17.20.10_veh-45_00180_00324,us-pa-pittsburgh-hazelwood,us-pa-pittsburgh-hazelwood,True,READY,
train_pittsburgh,/Users/liuqing/Projects/01_E2E_QA_Code/nuplan/dataset/data/cache/train_pittsburgh/2021.08.23.17.20.10_veh-45_00379_00544.db,2021.08.23.17.20.10_veh-45_00379_00544.db,22700032,2022-09-23T05:49:55+00:00,True,bb9292e2ba0ac6dd0635e44292adac8a3830c7282c2f1f8cd8eb399f76931bd2,eec2d34d08dd2701c40f5bd5679a2014262d0ac9d0ce909d2c3377a8f9e71943,3025,2148,3664cd1ea490022192f3c31195e067019a79dd191c6c2cfc2767dc334f5db988,1,2021.08.23.17.20.10_veh-45_00379_00544,us-pa-pittsburgh-hazelwood,us-pa-pittsburgh-hazelwood,True,READY,
train_pittsburgh,/Users/liuqing/Projects/01_E2E_QA_Code/nuplan/dataset/data/cache/train_pittsburgh/2021.08.23.17.20.10_veh-45_00567_00746.db,2021.08.23.17.20.10_veh-45_00567_00746.db,37191680,2022-09-23T05:49:55+00:00,True,bb9292e2ba0ac6dd0635e44292adac8a3830c7282c2f1f8cd8eb399f76931bd2,7ccbb9daa62b6a0e9a50d7612e4946d548e5b5a5e289cc212f13513f01a0a30c,3613,2507,864661b9e80f840dce01752674f43e71062cc10bbe8dcba0966938d3890fc1d3,1,2021.08.23.17.20.10_veh-45_00567_00746,us-pa-pittsburgh-hazelwood,us-pa-pittsburgh-hazelwood,True,READY,
train_pittsburgh,/Users/liuqing/Projects/01_E2E_QA_Code/nuplan/dataset/data/cache/train_pittsburgh/2021.08.23.17.20.10_veh-45_00810_01031.db,2021.08.23.17.20.10_veh-45_00810_01031.db,46710784,2022-09-23T05:49:55+00:00,True,bb9292e2ba0ac6dd0635e44292adac8a3830c7282c2f1f8cd8eb399f76931bd2,d4a5cfc0e9b27a54ae4e850a1f2ea88ab0036e2cbf50cc7f8bcba9b3f8438a03,4824,3234,fe9161f74cc4ac0c86f58056b61afeda6b02a378c9d3347bd5584456f5fbaa5c,1,2021.08.23.17.20.10_veh-45_00810_01031,us-pa-pittsburgh-hazelwood,us-pa-pittsburgh-hazelwood,True,READY,
train_pittsburgh,/Users/liuqing/Projects/01_E2E_QA_Code/nuplan/dataset/data/cache/train_pittsburgh/2021.08.23.17.20.10_veh-45_01126_01485.db,2021.08.23.17.20.10_veh-45_01126_01485.db,53391360,2022-09-23T05:49:55+00:00,True,bb9292e2ba0ac6dd0635e44292adac8a3830c7282c2f1f8cd8eb399f76931bd2,1afb83ccc47a131f176e62740d47ae999ae89710561686d1759cd8cca8754b17,6577,4892,7e58839e6c20b28e20307fb2d520f706a0074428530e196733c34db7cb72035c,1,2021.08.23.17.20.10_veh-45_01126_01485,us-pa-pittsburgh-hazelwood,us-pa-pittsburgh-hazelwood,True,READY,
train_pittsburgh,/Users/liuqing/Projects/01_E2E_QA_Code/nuplan/dataset/data/cache/train_pittsburgh/2021.08.23.17.20.10_veh-45_01575_01690.db,2021.08.23.17.20.10_veh-45_01575_01690.db,8491008,2022-09-23T05:49:55+00:00,True,bb9292e2ba0ac6dd0635e44292adac8a3830c7282c2f1f8cd8eb399f76931bd2,f0d3134aa97ea1569107d0f2ae702f76fe5811f003d5c18a9bc8a67dc814d8e0,2649,1808,169b203f2a6cf0cc91940ba10534900b1466f459f59c660bd338e584166ac521,1,2021.08.23.17.20.10_veh-45_01575_01690,us-pa-pittsburgh-hazelwood,us-pa-pittsburgh-hazelwood,True,READY,
train_pittsburgh,/Users/liuqing/Projects/01_E2E_QA_Code/nuplan/dataset/data/cache/train_pittsburgh/2021.08.23.17.20.10_veh-45_01813_01917.db,2021.08.23.17.20.10_veh-45_01813_01917.db,8425472,2022-09-23T05:49:55+00:00,True,bb9292e2ba0ac6dd0635e44292adac8a3830c7282c2f1f8cd8eb399f76931bd2,75b1891ac60f7eb6a2af129aac658b72b9b4fe579f273024f1af9e625462e837,2044,1343,3101864389f7e375ff2d1dfdc499ae11aa54cc7c51d68ba310876dd6afd453c0,1,2021.08.23.17.20.10_veh-45_01813_01917,us-pa-pittsburgh-hazelwood,us-pa-pittsburgh-hazelwood,True,READY,
train_pittsburgh,/Users/liuqing/Projects/01_E2E_QA_Code/nuplan/dataset/data/cache/train_pittsburgh/2021.08.23.17.20.10_veh-45_02083_02152.db,2021.08.23.17.20.10_veh-45_02083_02152.db,6184960,2022-09-23T05:49:55+00:00,True,bb9292e2ba0ac6dd0635e44292adac8a3830c7282c2f1f8cd8eb399f76931bd2,3dc554adb9f30f77dd021a6862673362cb812ec6a97a40471a4c897e22ca94af,1823,920,8fc1d769021736f78c56531068faf125cb95c8c9dde3be36fc5a527d1ef80e31,1,2021.08.23.17.20.10_veh-45_02083_02152,us-pa-pittsburgh-hazelwood,us-pa-pittsburgh-hazelwood,True,READY,
train_pittsburgh,/Users/liuqing/Projects/01_E2E_QA_Code/nuplan/dataset/data/cache/train_pittsburgh/2021.08.23.17.20.10_veh-45_02170_02244.db,2021.08.23.17.20.10_veh-45_02170_02244.db,9138176,2022-09-23T05:49:55+00:00,True,bb9292e2ba0ac6dd0635e44292adac8a3830c7282c2f1f8cd8eb399f76931bd2,9ad0a3a59379740565724eb190884428230d0efb13703f9e44ce0f8b3768041f,1482,1046,d0de9bdd15b93566de7466dfdf37e10537d4b0a3d30867b01e11cb1636cfcaf5,1,2021.08.23.17.20.10_veh-45_02170_02244,us-pa-pittsburgh-hazelwood,us-pa-pittsburgh-hazelwood,True,READY,
train_pittsburgh,/Users/liuqing/Projects/01_E2E_QA_Code/nuplan/dataset/data/cache/train_pittsburgh/2021.08.23.17.20.10_veh-45_02277_02706.db,2021.08.23.17.20.10_veh-45_02277_02706.db,74104832,2022-09-23T05:49:55+00:00,True,bb9292e2ba0ac6dd0635e44292adac8a3830c7282c2f1f8cd8eb399f76931bd2,d2a0e504299b21a872bb3150867ccac5d8a832ac67ac52fac82cfdbb6ef1e460,9540,4959,d291c0d3dfeeebd7761b2a2ffc8b17d32a20681e13b5d15ba9e35a1d2ef94c59,1,2021.08.23.17.20.10_veh-45_02277_02706,us-pa-pittsburgh-hazelwood,us-pa-pittsburgh-hazelwood,True,READY,
train_pittsburgh,/Users/liuqing/Projects/01_E2E_QA_Code/nuplan/dataset/data/cache/train_pittsburgh/2021.08.23.17.20.10_veh-45_02731_02903.db,2021.08.23.17.20.10_veh-45_02731_02903.db,24420352,2022-09-23T05:49:55+00:00,True,bb9292e2ba0ac6dd0635e44292adac8a3830c7282c2f1f8cd8eb399f76931bd2,0c4a313706122b3fa34dd4283bb90ab9b5d0fab97076b4320258ba4f998e7389,3323,1995,8d7e52433fb861e3683d5bbe62eee789acabdbc6a9f04ac2c064884457d1b739,1,2021.08.23.17.20.10_veh-45_02731_02903,us-pa-pittsburgh-hazelwood,us-pa-pittsburgh-hazelwood,True,READY,
train_pittsburgh,/Users/liuqing/Projects/01_E2E_QA_Code/nuplan/dataset/data/cache/train_pittsburgh/2021.08.23.17.33.08_veh-08_00029_00104.db,2021.08.23.17.33.08_veh-08_00029_00104.db,4358144,2022-09-23T05:49:55+00:00,True,bb9292e2ba0ac6dd0635e44292adac8a3830c7282c2f1f8cd8eb399f76931bd2,4185909da43a81be134aa1203e355987e80f0dbb31ce304714694d18dc5deca9,1963,1301,3f4b50d62c2b45a538d8c195142687d6f095d1f0629e36071c9debfa670cb4bc,1,2021.08.23.17.33.08_veh-08_00029_00104,us-pa-pittsburgh-hazelwood,us-pa-pittsburgh-hazelwood,True,READY,
train_pittsburgh,/Users/liuqing/Projects/01_E2E_QA_Code/nuplan/dataset/data/cache/train_pittsburgh/2021.08.23.17.33.08_veh-08_00115_00764.db,2021.08.23.17.33.08_veh-08_00115_00764.db,82538496,2022-09-23T05:49:55+00:00,True,bb9292e2ba0ac6dd0635e44292adac8a3830c7282c2f1f8cd8eb399f76931bd2,483f2ba303ac15523696c81739264adab621f376dd190fe2cf306a43a11fa8df,15138,8958,31839fd8cd89ac274a0dcef4351109dff112ca7becd8a5fc065468787aaeba8e,1,2021.08.23.17.33.08_veh-08_00115_00764,us-pa-pittsburgh-hazelwood,us-pa-pittsburgh-hazelwood,True,READY,
train_pittsburgh,/Users/liuqing/Projects/01_E2E_QA_Code/nuplan/dataset/data/cache/train_pittsburgh/2021.08.23.17.33.08_veh-08_00996_01066.db,2021.08.23.17.33.08_veh-08_00996_01066.db,4632576,2022-09-23T05:49:55+00:00,True,bb9292e2ba0ac6dd0635e44292adac8a3830c7282c2f1f8cd8eb399f76931bd2,5999d456c0f54c38609010845a72505141a5cf5ac1ec7dfb9ee74cd67a0c09f5,1358,1037,565afe6f134c7e72ccd5d2b61f5916044fcb31b9a9657bf2f1bc34fcff0cafd2,1,2021.08.23.17.33.08_veh-08_00996_01066,us-pa-pittsburgh-hazelwood,us-pa-pittsburgh-hazelwood,True,READY,
train_pittsburgh,/Users/liuqing/Projects/01_E2E_QA_Code/nuplan/dataset/data/cache/train_pittsburgh/2021.08.23.17.33.08_veh-08_01233_01327.db,2021.08.23.17.33.08_veh-08_01233_01327.db,9228288,2022-09-23T05:49:56+00:00,True,bb9292e2ba0ac6dd0635e44292adac8a3830c7282c2f1f8cd8eb399f76931bd2,9891b065722e329dd5b689b9fe20ff7f05c30cfa82f5a03215304e7c0ca47161,2131,1188,49a906a883d7ec3b671cffdcf383790d7fd6e05172a117e3014771508b79f6b0,1,2021.08.23.17.33.08_veh-08_01233_01327,us-pa-pittsburgh-hazelwood,us-pa-pittsburgh-hazelwood,True,READY,
train_pittsburgh,/Users/liuqing/Projects/01_E2E_QA_Code/nuplan/dataset/data/cache/train_pittsburgh/2021.08.23.17.33.08_veh-08_01349_01692.db,2021.08.23.17.33.08_veh-08_01349_01692.db,27013120,2022-09-23T05:49:55+00:00,True,bb9292e2ba0ac6dd0635e44292adac8a3830c7282c2f1f8cd8eb399f76931bd2,963e8f2995d7a6b34746f73def991613e75e5266b367bc86a91438af9e328593,8300,4929,54a3b2f5c26bd29ead5d265f9295c0787f3c490e8168d3d38ba5fd3e1d5d396d,1,2021.08.23.17.33.08_veh-08_01349_01692,us-pa-pittsburgh-hazelwood,us-pa-pittsburgh-hazelwood,True,READY,
train_pittsburgh,/Users/liuqing/Projects/01_E2E_QA_Code/nuplan/dataset/data/cache/train_pittsburgh/2021.08.23.17.33.08_veh-08_01774_01913.db,2021.08.23.17.33.08_veh-08_01774_01913.db,26050560,2022-09-23T05:49:55+00:00,True,bb9292e2ba0ac6dd0635e44292adac8a3830c7282c2f1f8cd8eb399f76931bd2,b387335925ea7d0acc0843127e7ca81c790a389dff7fff9abc62db952bbb69d4,3879,2130,ffd7d7fdcfd9b372ab2d6bb2c2fc5a8f6d87de772354f76939a008f934974279,1,2021.08.23.17.33.08_veh-08_01774_01913,us-pa-pittsburgh-hazelwood,us-pa-pittsburgh-hazelwood,True,READY,
train_pittsburgh,/Users/liuqing/Projects/01_E2E_QA_Code/nuplan/dataset/data/cache/train_pittsburgh/2021.08.23.17.33.08_veh-08_01938_02492.db,2021.08.23.17.33.08_veh-08_01938_02492.db,85463040,2022-09-23T05:49:55+00:00,True,bb9292e2ba0ac6dd0635e44292adac8a3830c7282c2f1f8cd8eb399f76931bd2,16c2ea2a6acb1497a303ce6345be5a66f3b989ee9b72e2d1f7d502830e664e76,16229,7369,c9b16ef2a134e5929a93fa6be6499c6d99140f2f70580d734dd75cabf47bc452,1,2021.08.23.17.33.08_veh-08_01938_02492,us-pa-pittsburgh-hazelwood,us-pa-pittsburgh-hazelwood,True,READY,
train_pittsburgh,/Users/liuqing/Projects/01_E2E_QA_Code/nuplan/dataset/data/cache/train_pittsburgh/2021.08.23.17.33.08_veh-08_02683_02743.db,2021.08.23.17.33.08_veh-08_02683_02743.db,6529024,2022-09-23T05:49:56+00:00,True,bb9292e2ba0ac6dd0635e44292adac8a3830c7282c2f1f8cd8eb399f76931bd2,642ea2b35086e77eec571bad693b84de435122dca0313418b6b8ac4d58f2ab1c,1427,862,34bc203a6fb14db0946572c8a41e53158788a9c9bc42f1be11c446e36210fcb0,1,2021.08.23.17.33.08_veh-08_02683_02743,us-pa-pittsburgh-hazelwood,us-pa-pittsburgh-hazelwood,True,READY,
train_pittsburgh,/Users/liuqing/Projects/01_E2E_QA_Code/nuplan/dataset/data/cache/train_pittsburgh/2021.08.23.17.33.08_veh-08_03123_03228.db,2021.08.23.17.33.08_veh-08_03123_03228.db,9261056,2022-09-23T05:49:55+00:00,True,bb9292e2ba0ac6dd0635e44292adac8a3830c7282c2f1f8cd8eb399f76931bd2,79e2adca7e6ff1bf26c23a4190037ada80ff13c5d94c21d2be9936efc3bcc083,1420,891,d94d37f159076dfcf21880ae5ff2b18cffc8af3108d3a538624f8d54262f2bd0,1,2021.08.23.17.33.08_veh-08_03123_03228,us-pa-pittsburgh-hazelwood,us-pa-pittsburgh-hazelwood,True,READY,
train_pittsburgh,/Users/liuqing/Projects/01_E2E_QA_Code/nuplan/dataset/data/cache/train_pittsburgh/2021.08.23.17.36.45_veh-42_00023_01720.db,2021.08.23.17.36.45_veh-42_00023_01720.db,294678528,2022-09-23T05:49:56+00:00,True,bb9292e2ba0ac6dd0635e44292adac8a3830c7282c2f1f8cd8eb399f76931bd2,1acff78c79da21a0b413da50db91fe0a24a24d9dfc15480531162d36e3b495ac,40153,21672,0ee53120a056174488421aaaab9d2cb05ad557f12037bd22b8a4cef6b7c96c99,1,2021.08.23.17.36.45_veh-42_00023_01720,us-pa-pittsburgh-hazelwood,us-pa-pittsburgh-hazelwood,True,READY,
train_pittsburgh,/Users/liuqing/Projects/01_E2E_QA_Code/nuplan/dataset/data/cache/train_pittsburgh/2021.08.23.17.36.45_veh-42_01794_02120.db,2021.08.23.17.36.45_veh-42_01794_02120.db,67866624,2022-09-23T05:49:56+00:00,True,bb9292e2ba0ac6dd0635e44292adac8a3830c7282c2f1f8cd8eb399f76931bd2,2e96a7a2c75ada050135711124429c531098e606bdd670179bc28591d0a4d26e,8215,4292,3a546fd7dc08cde80cfdc080e8f698d0eaf159b6b13289bcac8f67a5135adab4,1,2021.08.23.17.36.45_veh-42_01794_02120,us-pa-pittsburgh-hazelwood,us-pa-pittsburgh-hazelwood,True,READY,
train_pittsburgh,/Users/liuqing/Projects/01_E2E_QA_Code/nuplan/dataset/data/cache/train_pittsburgh/2021.08.23.18.16.02_veh-42_00016_00227.db,2021.08.23.18.16.02_veh-42_00016_00227.db,38203392,2022-09-23T05:49:56+00:00,True,bb9292e2ba0ac6dd0635e44292adac8a3830c7282c2f1f8cd8eb399f76931bd2,a4796eb3c252a7d87043ea7feb93f9eefbc88f05705ba941a4bcc0f0a84b644f,5226,2840,4a123be078772ae2d4690e3098ae4c5311b274656eabe176836ac0c2b0b53220,1,2021.08.23.18.16.02_veh-42_00016_00227,us-pa-pittsburgh-hazelwood,us-pa-pittsburgh-hazelwood,True,READY,
train_pittsburgh,/Users/liuqing/Projects/01_E2E_QA_Code/nuplan/dataset/data/cache/train_pittsburgh/2021.08.23.18.16.02_veh-42_00251_01022.db,2021.08.23.18.16.02_veh-42_00251_01022.db,149319680,2022-09-23T05:49:56+00:00,True,bb9292e2ba0ac6dd0635e44292adac8a3830c7282c2f1f8cd8eb399f76931bd2,825ac056b9916977c49f75c79acb5f76dc2e65e3187c96e84cbf4a07fc63f9be,18694,10576,9feb9cee9e160e2dba52d876809a1663394f5920549b2972a5f77a789a58d89b,1,2021.08.23.18.16.02_veh-42_00251_01022,us-pa-pittsburgh-hazelwood,us-pa-pittsburgh-hazelwood,True,READY,
train_pittsburgh,/Users/liuqing/Projects/01_E2E_QA_Code/nuplan/dataset/data/cache/train_pittsburgh/2021.08.23.18.16.02_veh-42_01033_01222.db,2021.08.23.18.16.02_veh-42_01033_01222.db,33738752,2022-09-23T05:49:56+00:00,True,bb9292e2ba0ac6dd0635e44292adac8a3830c7282c2f1f8cd8eb399f76931bd2,610ec9c8bd7c52aefd400d8b3b2323692730af08792275daeaf9e85f39c35a7e,4268,2279,f64821ccff66aa909ceb7350669e7cae153b08c0f360e4341556d3dd1faed20f,1,2021.08.23.18.16.02_veh-42_01033_01222,us-pa-pittsburgh-hazelwood,us-pa-pittsburgh-hazelwood,True,READY,
train_pittsburgh,/Users/liuqing/Projects/01_E2E_QA_Code/nuplan/dataset/data/cache/train_pittsburgh/2021.08.23.18.16.02_veh-42_01241_01395.db,2021.08.23.18.16.02_veh-42_01241_01395.db,15929344,2022-09-23T05:49:56+00:00,True,bb9292e2ba0ac6dd0635e44292adac8a3830c7282c2f1f8cd8eb399f76931bd2,8e3e5cbf49cdac0ff4e19f5cf312613617a7401b614f4c9a75d2e58a6747cb1a,3287,1794,cb28c6bff22236a74e73e69a24077a28f493dbaa27d80787b234c545884c98c7,1,2021.08.23.18.16.02_veh-42_01241_01395,us-pa-pittsburgh-hazelwood,us-pa-pittsburgh-hazelwood,True,READY,
train_pittsburgh,/Users/liuqing/Projects/01_E2E_QA_Code/nuplan/dataset/data/cache/train_pittsburgh/2021.08.23.18.16.02_veh-42_01413_01555.db,2021.08.23.18.16.02_veh-42_01413_01555.db,9150464,2022-09-23T05:49:56+00:00,True,bb9292e2ba0ac6dd0635e44292adac8a3830c7282c2f1f8cd8eb399f76931bd2,c9212c69e5b4310a97d336da28058d966f191722fdb5587a67d9f208bc4687a1,3344,2068,2fc8cf54b5abd7a09825d8b927d8c347e322b99392e38d6b7af83f75045d0cfb,1,2021.08.23.18.16.02_veh-42_01413_01555,us-pa-pittsburgh-hazelwood,us-pa-pittsburgh-hazelwood,True,READY,
train_pittsburgh,/Users/liuqing/Projects/01_E2E_QA_Code/nuplan/dataset/data/cache/train_pittsburgh/2021.08.23.18.16.02_veh-42_01566_01807.db,2021.08.23.18.16.02_veh-42_01566_01807.db,18128896,2022-09-23T05:49:56+00:00,True,bb9292e2ba0ac6dd0635e44292adac8a3830c7282c2f1f8cd8eb399f76931bd2,3bbbc00528f1a97a6905e27086a7018a9c473898c119c9d9125b7596c3ba6d3a,4212,2523,2a307ce1c24c5811d5c0d2e9d16dc5d31f79e9f4162f4483458d72b33bbc88e6,1,2021.08.23.18.16.02_veh-42_01566_01807,us-pa-pittsburgh-hazelwood,us-pa-pittsburgh-hazelwood,True,READY,
train_pittsburgh,/Users/liuqing/Projects/01_E2E_QA_Code/nuplan/dataset/data/cache/train_pittsburgh/2021.08.23.18.22.47_veh-45_00016_00104.db,2021.08.23.18.22.47_veh-45_00016_00104.db,7417856,2022-09-23T05:49:56+00:00,True,bb9292e2ba0ac6dd0635e44292adac8a3830c7282c2f1f8cd8eb399f76931bd2,95ee3d797201de8dd9259733912ba58783ceaf33cd59bb038b4cec7203db680a,1481,1015,c26ae07a07631de4a8d4eeaba40c970feae58fc7407299b9f52bffb9105c9c10,1,2021.08.23.18.22.47_veh-45_00016_00104,us-pa-pittsburgh-hazelwood,us-pa-pittsburgh-hazelwood,True,READY,
train_pittsburgh,/Users/liuqing/Projects/01_E2E_QA_Code/nuplan/dataset/data/cache/train_pittsburgh/2021.08.23.18.22.47_veh-45_00343_00814.db,2021.08.23.18.22.47_veh-45_00343_00814.db,60887040,2022-09-23T05:49:56+00:00,True,bb9292e2ba0ac6dd0635e44292adac8a3830c7282c2f1f8cd8eb399f76931bd2,d6600203e43408e40df7e005b13c807662d9e7681236b9e1216f496fed2ed982,9772,5905,b7ae054ced3105f4c042f657eb7fdc6bc47ae6e19e1ab0b3713ad11eb841b683,1,2021.08.23.18.22.47_veh-45_00343_00814,us-pa-pittsburgh-hazelwood,us-pa-pittsburgh-hazelwood,True,READY,
train_pittsburgh,/Users/liuqing/Projects/01_E2E_QA_Code/nuplan/dataset/data/cache/train_pittsburgh/2021.08.23.18.22.47_veh-45_00970_01645.db,2021.08.23.18.22.47_veh-45_00970_01645.db,123060224,2022-09-23T05:49:56+00:00,True,bb9292e2ba0ac6dd0635e44292adac8a3830c7282c2f1f8cd8eb399f76931bd2,ced148f0f900c94b9b972488f2658033e71d10c7b57d817bfc606ce51321ab8c,16339,8911,fe0e574bfa7bf6866fa32b7f106d32966badd4eaaf40d6231637a016996066b8,1,2021.08.23.18.22.47_veh-45_00970_01645,us-pa-pittsburgh-hazelwood,us-pa-pittsburgh-hazelwood,True,READY,
train_pittsburgh,/Users/liuqing/Projects/01_E2E_QA_Code/nuplan/dataset/data/cache/train_pittsburgh/2021.08.23.18.22.47_veh-45_01865_01950.db,2021.08.23.18.22.47_veh-45_01865_01950.db,5406720,2022-09-23T05:49:56+00:00,True,bb9292e2ba0ac6dd0635e44292adac8a3830c7282c2f1f8cd8eb399f76931bd2,c2806ec235cb0d18c557c1e21449848a3adf67fbdc41319113d7efe68bb3663c,1967,1337,050f0a26ae70cbbfdb329092121b50cdc4f4a787f00597271e19b563ac28b333,1,2021.08.23.18.22.47_veh-45_01865_01950,us-pa-pittsburgh-hazelwood,us-pa-pittsburgh-hazelwood,True,READY,
train_pittsburgh,/Users/liuqing/Projects/01_E2E_QA_Code/nuplan/dataset/data/cache/train_pittsburgh/2021.08.23.18.22.47_veh-45_02093_02243.db,2021.08.23.18.22.47_veh-45_02093_02243.db,11653120,2022-09-23T05:49:56+00:00,True,bb9292e2ba0ac6dd0635e44292adac8a3830c7282c2f1f8cd8eb399f76931bd2,7f14f17c44e8b9d82ec857f3fe7436e0b26a0403cccd22e86a2fb8d9c38f008e,3151,2053,13e11eaec632796f5a8ef1427d5890f6d4f6bca0ba6965eed81aa34f1719b634,1,2021.08.23.18.22.47_veh-45_02093_02243,us-pa-pittsburgh-hazelwood,us-pa-pittsburgh-hazelwood,True,READY,
train_pittsburgh,/Users/liuqing/Projects/01_E2E_QA_Code/nuplan/dataset/data/cache/train_pittsburgh/2021.08.23.18.22.47_veh-45_02267_02767.db,2021.08.23.18.22.47_veh-45_02267_02767.db,65187840,2022-09-23T05:49:56+00:00,True,bb9292e2ba0ac6dd0635e44292adac8a3830c7282c2f1f8cd8eb399f76931bd2,48d0f1a642f80d008d8c34288cfadf3895d11a7c43567497bca5a8d5c9b1a277,10632,6662,8fbdef651f5b9a4d04c0fe6af3b179d24e835d90f223b7d2dc551dd62f528897,1,2021.08.23.18.22.47_veh-45_02267_02767,us-pa-pittsburgh-hazelwood,us-pa-pittsburgh-hazelwood,True,READY,
train_pittsburgh,/Users/liuqing/Projects/01_E2E_QA_Code/nuplan/dataset/data/cache/train_pittsburgh/2021.08.23.19.08.29_veh-42_00041_00135.db,2021.08.23.19.08.29_veh-42_00041_00135.db,6496256,2022-09-23T05:49:56+00:00,True,bb9292e2ba0ac6dd0635e44292adac8a3830c7282c2f1f8cd8eb399f76931bd2,088650731b2dbe00f1426c5f9ff1e0cbd8cfe48c47dc9f062045ac05f26e0499,2681,1605,6a7568d57706eaf394de91c020300a829754df8f239f70c9c66bff011caf521a,1,2021.08.23.19.08.29_veh-42_00041_00135,us-pa-pittsburgh-hazelwood,us-pa-pittsburgh-hazelwood,True,READY,
train_pittsburgh,/Users/liuqing/Projects/01_E2E_QA_Code/nuplan/dataset/data/cache/train_pittsburgh/2021.08.23.19.08.29_veh-42_00159_00870.db,2021.08.23.19.08.29_veh-42_00159_00870.db,97374208,2022-09-23T05:49:56+00:00,True,bb9292e2ba0ac6dd0635e44292adac8a3830c7282c2f1f8cd8eb399f76931bd2,8a7f7a162dad02ed07d4afb2c557b3af0a91cfa9450587ae900e4a283f6612c9,16915,9588,6e3503e2349346c522f6aa42ed81315b0f3ebfca0fca58358ba91b02615b5671,1,2021.08.23.19.08.29_veh-42_00159_00870,us-pa-pittsburgh-hazelwood,us-pa-pittsburgh-hazelwood,True,READY,
train_pittsburgh,/Users/liuqing/Projects/01_E2E_QA_Code/nuplan/dataset/data/cache/train_pittsburgh/2021.08.23.19.08.29_veh-42_00902_01533.db,2021.08.23.19.08.29_veh-42_00902_01533.db,113213440,2022-09-23T05:49:56+00:00,True,bb9292e2ba0ac6dd0635e44292adac8a3830c7282c2f1f8cd8eb399f76931bd2,fe73a6499bf9589f19f5031800d50c31c8b0eee923129b9ec7f73f94aa8bef21,14283,8589,9f4b8f5af13a396b89d634ee41433eb81125501ee8e8be0544c9e81446dd5555,1,2021.08.23.19.08.29_veh-42_00902_01533,us-pa-pittsburgh-hazelwood,us-pa-pittsburgh-hazelwood,True,READY,
train_pittsburgh,/Users/liuqing/Projects/01_E2E_QA_Code/nuplan/dataset/data/cache/train_pittsburgh/2021.08.23.19.08.29_veh-42_01544_01835.db,2021.08.23.19.08.29_veh-42_01544_01835.db,35500032,2022-09-23T05:49:56+00:00,True,bb9292e2ba0ac6dd0635e44292adac8a3830c7282c2f1f8cd8eb399f76931bd2,d393a3d1ad8bc2e828e31f6a5f2f8f55ae45130bfc2d9025d295045f20add6c2,8753,4209,0f42e8631f94ac0f293f599275cc669240b2ad205e28faaa87cf41d0f1f0ae02,1,2021.08.23.19.08.29_veh-42_01544_01835,us-pa-pittsburgh-hazelwood,us-pa-pittsburgh-hazelwood,True,READY,
train_pittsburgh,/Users/liuqing/Projects/01_E2E_QA_Code/nuplan/dataset/data/cache/train_pittsburgh/2021.08.23.19.08.29_veh-42_01874_02073.db,2021.08.23.19.08.29_veh-42_01874_02073.db,36208640,2022-09-23T05:49:56+00:00,True,bb9292e2ba0ac6dd0635e44292adac8a3830c7282c2f1f8cd8eb399f76931bd2,4afce100826b687e0bcb84049ae3a05c8f13c4518987f454909c8b55e871348d,4468,2716,a547f92ed8251634f09404df805db1e1b0cb6cd112bc48103498443a6505951f,1,2021.08.23.19.08.29_veh-42_01874_02073,us-pa-pittsburgh-hazelwood,us-pa-pittsburgh-hazelwood,True,READY,
train_pittsburgh,/Users/liuqing/Projects/01_E2E_QA_Code/nuplan/dataset/data/cache/train_pittsburgh/2021.08.23.19.12.30_veh-45_00037_01032.db,2021.08.23.19.12.30_veh-45_00037_01032.db,177963008,2022-09-23T05:49:56+00:00,True,bb9292e2ba0ac6dd0635e44292adac8a3830c7282c2f1f8cd8eb399f76931bd2,92307cfc4d75c8ee3110ed06dcc75cabd2fde512866a0213a25058308c49b1f3,21138,12848,8d55591e494a50f1b280bd022110e7e4ea5cc789f86b79eaa10104d412e43973,1,2021.08.23.19.12.30_veh-45_00037_01032,us-pa-pittsburgh-hazelwood,us-pa-pittsburgh-hazelwood,True,READY,
train_pittsburgh,/Users/liuqing/Projects/01_E2E_QA_Code/nuplan/dataset/data/cache/train_pittsburgh/2021.08.23.19.12.30_veh-45_01055_01285.db,2021.08.23.19.12.30_veh-45_01055_01285.db,33222656,2022-09-23T05:49:57+00:00,True,bb9292e2ba0ac6dd0635e44292adac8a3830c7282c2f1f8cd8eb399f76931bd2,007b1ce0396c1e4ddb118f8258d51634d5a859144769630d9848b3aacf01613d,4293,3122,b07b20942e729e16be2820f0f1cdc37f8a1ba0f0b98a65b92c0d5b1114df7acb,1,2021.08.23.19.12.30_veh-45_01055_01285,us-pa-pittsburgh-hazelwood,us-pa-pittsburgh-hazelwood,True,READY,
train_pittsburgh,/Users/liuqing/Projects/01_E2E_QA_Code/nuplan/dataset/data/cache/train_pittsburgh/2021.08.23.19.12.30_veh-45_01511_01572.db,2021.08.23.19.12.30_veh-45_01511_01572.db,4059136,2022-09-23T05:49:57+00:00,True,bb9292e2ba0ac6dd0635e44292adac8a3830c7282c2f1f8cd8eb399f76931bd2,5f41921e1efe751c6da9970ffa6f8af7c3353ff25da05fd7deb517446252255e,1135,847,354d1671eaad66177a673da6535ae5ee91002d84186d37a703281cfce26d7b0a,1,2021.08.23.19.12.30_veh-45_01511_01572,us-pa-pittsburgh-hazelwood,us-pa-pittsburgh-hazelwood,True,READY,
train_pittsburgh,/Users/liuqing/Projects/01_E2E_QA_Code/nuplan/dataset/data/cache/train_pittsburgh/2021.08.23.19.12.30_veh-45_01745_01829.db,2021.08.23.19.12.30_veh-45_01745_01829.db,7081984,2022-09-23T05:49:57+00:00,True,bb9292e2ba0ac6dd0635e44292adac8a3830c7282c2f1f8cd8eb399f76931bd2,df9beed685b68028c03f85e0a4ee976b25633857fd09953669a5258341ccc76d,1512,995,6babf4236ffb4b67e691dd603b6b8f324870246b835fb785d94f536caeb8b28e,1,2021.08.23.19.12.30_veh-45_01745_01829,us-pa-pittsburgh-hazelwood,us-pa-pittsburgh-hazelwood,True,READY,
train_pittsburgh,/Users/liuqing/Projects/01_E2E_QA_Code/nuplan/dataset/data/cache/train_pittsburgh/2021.08.23.19.12.30_veh-45_01983_02145.db,2021.08.23.19.12.30_veh-45_01983_02145.db,15536128,2022-09-23T05:49:57+00:00,True,bb9292e2ba0ac6dd0635e44292adac8a3830c7282c2f1f8cd8eb399f76931bd2,2fbe90ffc28f20f8bf88b0d3d66ad66a6418e8eb2f498fa1658f416b5a25c8e2,5034,2127,4dc463e0e15fdf3eec9fce62f86b820d1790502fccd53607d4582aec1e2435f9,1,2021.08.23.19.12.30_veh-45_01983_02145,us-pa-pittsburgh-hazelwood,us-pa-pittsburgh-hazelwood,True,READY,
train_pittsburgh,/Users/liuqing/Projects/01_E2E_QA_Code/nuplan/dataset/data/cache/train_pittsburgh/2021.08.23.19.12.30_veh-45_02224_02317.db,2021.08.23.19.12.30_veh-45_02224_02317.db,19394560,2022-09-23T05:49:57+00:00,True,bb9292e2ba0ac6dd0635e44292adac8a3830c7282c2f1f8cd8eb399f76931bd2,ba59251ee483aea30f99bf081ebf1b3d8ac8f065609b1e5145bd4a6202cb5c36,1614,903,a1ccf68ef83658e7c726ed3187dbcd2d8e07f17f30162ba4bd4d4264ac73bc23,1,2021.08.23.19.12.30_veh-45_02224_02317,us-pa-pittsburgh-hazelwood,us-pa-pittsburgh-hazelwood,True,READY,
train_pittsburgh,/Users/liuqing/Projects/01_E2E_QA_Code/nuplan/dataset/data/cache/train_pittsburgh/2021.08.23.19.12.30_veh-45_02341_02655.db,2021.08.23.19.12.30_veh-45_02341_02655.db,39985152,2022-09-23T05:49:57+00:00,True,bb9292e2ba0ac6dd0635e44292adac8a3830c7282c2f1f8cd8eb399f76931bd2,e1ab0df39da73242cfbee09499e2dcf5574db38b8a7166da1dc2355f35e3560a,6490,4425,14f49dee3177c93c49595cf459613dd5bc6f5b182ad326a9edd58c1c0e020371,1,2021.08.23.19.12.30_veh-45_02341_02655,us-pa-pittsburgh-hazelwood,us-pa-pittsburgh-hazelwood,True,READY,
train_pittsburgh,/Users/liuqing/Projects/01_E2E_QA_Code/nuplan/dataset/data/cache/train_pittsburgh/2021.08.23.19.12.30_veh-45_02836_03051.db,2021.08.23.19.12.30_veh-45_02836_03051.db,15749120,2022-09-23T05:49:57+00:00,True,bb9292e2ba0ac6dd0635e44292adac8a3830c7282c2f1f8cd8eb399f76931bd2,f852f298fbc732ab614d5b783b1b39b9716ff94687e031009cbd8a3171c080de,4134,2740,23fcf763e1173d3fe09639d5bf7b6ee76ac9b70b5f7d0f0cae9a24900d407d07,1,2021.08.23.19.12.30_veh-45_02836_03051,us-pa-pittsburgh-hazelwood,us-pa-pittsburgh-hazelwood,True,READY,
train_pittsburgh,/Users/liuqing/Projects/01_E2E_QA_Code/nuplan/dataset/data/cache/train_pittsburgh/2021.08.23.19.33.55_veh-08_00140_00308.db,2021.08.23.19.33.55_veh-08_00140_00308.db,26030080,2022-09-23T05:49:57+00:00,True,bb9292e2ba0ac6dd0635e44292adac8a3830c7282c2f1f8cd8eb399f76931bd2,62fde10a680b5c1dd550d1daf57be84895fcd1f9e525060f23e3e0e9ace87c9e,4989,2285,61de0f6532f74a575603decaf9063111b0b35888f5637c5dd009610a99c4640f,1,2021.08.23.19.33.55_veh-08_00140_00308,us-pa-pittsburgh-hazelwood,us-pa-pittsburgh-hazelwood,True,READY,
train_pittsburgh,/Users/liuqing/Projects/01_E2E_QA_Code/nuplan/dataset/data/cache/train_pittsburgh/2021.08.23.19.33.55_veh-08_00343_00558.db,2021.08.23.19.33.55_veh-08_00343_00558.db,35905536,2022-09-23T05:49:57+00:00,True,bb9292e2ba0ac6dd0635e44292adac8a3830c7282c2f1f8cd8eb399f76931bd2,339e5ac883e834e93343dc6f5e52e6ef9848a51a6274ab6724086ce8ad4ce37e,5719,2883,059b09dd2380cec1ccde5fcccf30026ffa736bb2b43306fd2b1b0d7c1871a94a,1,2021.08.23.19.33.55_veh-08_00343_00558,us-pa-pittsburgh-hazelwood,us-pa-pittsburgh-hazelwood,True,READY,
train_pittsburgh,/Users/liuqing/Projects/01_E2E_QA_Code/nuplan/dataset/data/cache/train_pittsburgh/2021.08.23.19.33.55_veh-08_00580_01530.db,2021.08.23.19.33.55_veh-08_00580_01530.db,137932800,2022-09-23T05:49:57+00:00,True,bb9292e2ba0ac6dd0635e44292adac8a3830c7282c2f1f8cd8eb399f76931bd2,6bbd4f710b5169e1530536ca55e1001368452814061f973eaaffe9c6a8bbfa6b,23675,12815,f429129ffbfcd856cebca1a2d88ceda8c6eae61f51e776ad20046de32c5f5e12,1,2021.08.23.19.33.55_veh-08_00580_01530,us-pa-pittsburgh-hazelwood,us-pa-pittsburgh-hazelwood,True,READY,
train_pittsburgh,/Users/liuqing/Projects/01_E2E_QA_Code/nuplan/dataset/data/cache/train_pittsburgh/2021.08.23.19.33.55_veh-08_01605_01702.db,2021.08.23.19.33.55_veh-08_01605_01702.db,6569984,2022-09-23T05:49:57+00:00,True,bb9292e2ba0ac6dd0635e44292adac8a3830c7282c2f1f8cd8eb399f76931bd2,03e1cc80356c3e311a4d4888416f96a50960ec2bbab2618c5282c2e991c27cc8,2317,1319,927d20b162e3b728081c3dd8666fd9a4c3f4297537845fe0278ce09e17d76984,1,2021.08.23.19.33.55_veh-08_01605_01702,us-pa-pittsburgh-hazelwood,us-pa-pittsburgh-hazelwood,True,READY,
train_pittsburgh,/Users/liuqing/Projects/01_E2E_QA_Code/nuplan/dataset/data/cache/train_pittsburgh/2021.08.23.19.33.55_veh-08_01803_01915.db,2021.08.23.19.33.55_veh-08_01803_01915.db,6959104,2022-09-23T05:49:57+00:00,True,bb9292e2ba0ac6dd0635e44292adac8a3830c7282c2f1f8cd8eb399f76931bd2,3050a1109ed387d9d6d8de8e5c345b8776e51c5fbdfc156171dcc2c96f5396e0,2575,1645,abe37d6174fb99e1d12ea17bec6b932543549217621bde899a1ecc3ec903edc5,1,2021.08.23.19.33.55_veh-08_01803_01915,us-pa-pittsburgh-hazelwood,us-pa-pittsburgh-hazelwood,True,READY,
train_pittsburgh,/Users/liuqing/Projects/01_E2E_QA_Code/nuplan/dataset/data/cache/train_pittsburgh/2021.08.23.19.33.55_veh-08_01936_02041.db,2021.08.23.19.33.55_veh-08_01936_02041.db,9461760,2022-09-23T05:49:57+00:00,True,bb9292e2ba0ac6dd0635e44292adac8a3830c7282c2f1f8cd8eb399f76931bd2,107006d8e6651418fd56e4aea8cf5454a0f23f222abb4b570ce02a990561483a,2063,1235,78cf0a6efd327e96fc3fe04f94ef7117335c8e27a5a7a396fa8b6da06364a182,1,2021.08.23.19.33.55_veh-08_01936_02041,us-pa-pittsburgh-hazelwood,us-pa-pittsburgh-hazelwood,True,READY,
train_pittsburgh,/Users/liuqing/Projects/01_E2E_QA_Code/nuplan/dataset/data/cache/train_pittsburgh/2021.08.23.19.33.55_veh-08_02133_02243.db,2021.08.23.19.33.55_veh-08_02133_02243.db,9519104,2022-09-23T05:49:57+00:00,True,bb9292e2ba0ac6dd0635e44292adac8a3830c7282c2f1f8cd8eb399f76931bd2,a81ccf46d7658035da6878a17d6e567de9d91efd67af4ecb36d6865c46702bab,2187,1267,4e59b948df9f64aeba7e7359e55bf530ce63e7d4b5c87644488d727b4c7062cd,1,2021.08.23.19.33.55_veh-08_02133_02243,us-pa-pittsburgh-hazelwood,us-pa-pittsburgh-hazelwood,True,READY,
train_pittsburgh,/Users/liuqing/Projects/01_E2E_QA_Code/nuplan/dataset/data/cache/train_pittsburgh/2021.08.23.19.47.22_veh-42_00030_00572.db,2021.08.23.19.47.22_veh-42_00030_00572.db,92819456,2022-09-23T05:49:57+00:00,True,bb9292e2ba0ac6dd0635e44292adac8a3830c7282c2f1f8cd8eb399f76931bd2,d24d6637b13bee5fbac8d3dc030f00930b89abe8436ce78c45c964b55a27879f,13032,7441,a59d43876ac9a4872c0b1138b82f36cbc6e8647df15a938ec0a8de2ea0f1957c,1,2021.08.23.19.47.22_veh-42_00030_00572,us-pa-pittsburgh-hazelwood,us-pa-pittsburgh-hazelwood,True,READY,
train_pittsburgh,/Users/liuqing/Projects/01_E2E_QA_Code/nuplan/dataset/data/cache/train_pittsburgh/2021.08.23.19.47.22_veh-42_00590_01217.db,2021.08.23.19.47.22_veh-42_00590_01217.db,124731392,2022-09-23T05:49:57+00:00,True,bb9292e2ba0ac6dd0635e44292adac8a3830c7282c2f1f8cd8eb399f76931bd2,c5fb0a1d473a180d8ca78f1393334b65ad2cbeb8f96f8ec38f0e59f9b3a509bd,16258,8814,b9fd2035bd71a0c413dc452803bda9b93bb221092895ba0b3b93af5a0fd87231,1,2021.08.23.19.47.22_veh-42_00590_01217,us-pa-pittsburgh-hazelwood,us-pa-pittsburgh-hazelwood,True,READY,
train_pittsburgh,/Users/liuqing/Projects/01_E2E_QA_Code/nuplan/dataset/data/cache/train_pittsburgh/2021.08.23.19.47.22_veh-42_01274_01475.db,2021.08.23.19.47.22_veh-42_01274_01475.db,29396992,2022-09-23T05:49:57+00:00,True,bb9292e2ba0ac6dd0635e44292adac8a3830c7282c2f1f8cd8eb399f76931bd2,ac6369028896e59e352629ec7f76a7c4f613cdab77c8124a3868041d1159c312,4457,2350,8ed71be3a15d915be11c242a02bde55b225a01c071251f6f57b0532ac2f271f0,1,2021.08.23.19.47.22_veh-42_01274_01475,us-pa-pittsburgh-hazelwood,us-pa-pittsburgh-hazelwood,True,READY,
train_pittsburgh,/Users/liuqing/Projects/01_E2E_QA_Code/nuplan/dataset/data/cache/train_pittsburgh/2021.08.23.19.47.22_veh-42_01486_01554.db,2021.08.23.19.47.22_veh-42_01486_01554.db,7806976,2022-09-23T05:49:57+00:00,True,bb9292e2ba0ac6dd0635e44292adac8a3830c7282c2f1f8cd8eb399f76931bd2,fc342d068059191bdaa4cc33ff6b55d5bf7df62a92984df0bc43760e68203e82,1551,1023,2b321605d5440e302fb8f6951446f0e7ce471bdfe2897c70a4758a18d3224ca2,1,2021.08.23.19.47.22_veh-42_01486_01554,us-pa-pittsburgh-hazelwood,us-pa-pittsburgh-hazelwood,True,READY,
train_pittsburgh,/Users/liuqing/Projects/01_E2E_QA_Code/nuplan/dataset/data/cache/train_pittsburgh/2021.08.23.19.47.22_veh-42_01565_01638.db,2021.08.23.19.47.22_veh-42_01565_01638.db,12492800,2022-09-23T05:49:57+00:00,True,bb9292e2ba0ac6dd0635e44292adac8a3830c7282c2f1f8cd8eb399f76931bd2,5b405e54ed5e9328a607927b0859036b92c60f227e62424a27ce9d9feeba4ccd,1977,1078,50c36bff0e0a4783dda04959506b981a57fd051d6cfc7724d8cabe96fce6f789,1,2021.08.23.19.47.22_veh-42_01565_01638,us-pa-pittsburgh-hazelwood,us-pa-pittsburgh-hazelwood,True,READY,
train_pittsburgh,/Users/liuqing/Projects/01_E2E_QA_Code/nuplan/dataset/data/cache/train_pittsburgh/2021.08.23.19.47.22_veh-42_01709_01904.db,2021.08.23.19.47.22_veh-42_01709_01904.db,40402944,2022-09-23T05:49:57+00:00,True,bb9292e2ba0ac6dd0635e44292adac8a3830c7282c2f1f8cd8eb399f76931bd2,2ad14633b2a5e4bc0219c0b582880949b96cb9166dc1849d767e27dadae52b82,5236,2856,64a24c5ded5ee64ac760cd4cde0196f03824c8a1e6de1c73fc94e84bb34d9f68,1,2021.08.23.19.47.22_veh-42_01709_01904,us-pa-pittsburgh-hazelwood,us-pa-pittsburgh-hazelwood,True,READY,
train_pittsburgh,/Users/liuqing/Projects/01_E2E_QA_Code/nuplan/dataset/data/cache/train_pittsburgh/2021.08.23.19.47.22_veh-42_02056_02234.db,2021.08.23.19.47.22_veh-42_02056_02234.db,19705856,2022-09-23T05:49:57+00:00,True,bb9292e2ba0ac6dd0635e44292adac8a3830c7282c2f1f8cd8eb399f76931bd2,f4d6f33c928700b4b907f7cb3cff2774590acd8970043a4d6ef9eed14ac73e8d,2684,2360,c803719095ed84486fcc917ec1aaf9d08963f237bb6aed2db5f1fc716f44164b,1,2021.08.23.19.47.22_veh-42_02056_02234,us-pa-pittsburgh-hazelwood,us-pa-pittsburgh-hazelwood,True,READY,
train_pittsburgh,/Users/liuqing/Projects/01_E2E_QA_Code/nuplan/dataset/data/cache/train_pittsburgh/2021.08.23.20.15.12_veh-45_00015_00124.db,2021.08.23.20.15.12_veh-45_00015_00124.db,8437760,2022-09-23T05:49:57+00:00,True,bb9292e2ba0ac6dd0635e44292adac8a3830c7282c2f1f8cd8eb399f76931bd2,251f7c8d3387b96a0c3820c3147c6bd81d3dae33804c1205cc9c3b5969209563,1923,1235,8814855bba30582382d6af25becfcee40de05538142aa012355413b7cf6e2652,1,2021.08.23.20.15.12_veh-45_00015_00124,us-pa-pittsburgh-hazelwood,us-pa-pittsburgh-hazelwood,True,READY,
train_pittsburgh,/Users/liuqing/Projects/01_E2E_QA_Code/nuplan/dataset/data/cache/train_pittsburgh/2021.08.23.20.15.12_veh-45_00349_00611.db,2021.08.23.20.15.12_veh-45_00349_00611.db,34738176,2022-09-23T05:49:57+00:00,True,bb9292e2ba0ac6dd0635e44292adac8a3830c7282c2f1f8cd8eb399f76931bd2,446e601ef882e448c029ee7c1decd7d9ace021284b32e06410dd7d1e68ac5574,6122,3615,9212314a53396c4937d5989a4c9de01747ee7ab7c5f464e0739fe6ff47475d63,1,2021.08.23.20.15.12_veh-45_00349_00611,us-pa-pittsburgh-hazelwood,us-pa-pittsburgh-hazelwood,True,READY,
train_pittsburgh,/Users/liuqing/Projects/01_E2E_QA_Code/nuplan/dataset/data/cache/train_pittsburgh/2021.08.23.20.15.12_veh-45_00631_00974.db,2021.08.23.20.15.12_veh-45_00631_00974.db,59604992,2022-09-23T05:49:57+00:00,True,bb9292e2ba0ac6dd0635e44292adac8a3830c7282c2f1f8cd8eb399f76931bd2,269306e15153969d10e4c12e0d92384d0586c33ca7694f7c0052fd6569e4102c,7985,4115,f0913e2b0e3c6ef44d5ffa950feb3234ca0885a98e45395c6056ee8015fff9e9,1,2021.08.23.20.15.12_veh-45_00631_00974,us-pa-pittsburgh-hazelwood,us-pa-pittsburgh-hazelwood,True,READY,
train_pittsburgh,/Users/liuqing/Projects/01_E2E_QA_Code/nuplan/dataset/data/cache/train_pittsburgh/2021.08.23.20.15.12_veh-45_01011_01258.db,2021.08.23.20.15.12_veh-45_01011_01258.db,36872192,2022-09-23T05:49:57+00:00,True,bb9292e2ba0ac6dd0635e44292adac8a3830c7282c2f1f8cd8eb399f76931bd2,1d3f1a72c9e69ca745260b1feb0c06854ce2af04a8193b06e66e0ca40b383121,6722,3256,c9952d481dee4716decb6321dc3eb007a3cfc7a44f84eb151ddf4628eed9549b,1,2021.08.23.20.15.12_veh-45_01011_01258,us-pa-pittsburgh-hazelwood,us-pa-pittsburgh-hazelwood,True,READY,
train_pittsburgh,/Users/liuqing/Projects/01_E2E_QA_Code/nuplan/dataset/data/cache/train_pittsburgh/2021.08.23.20.15.12_veh-45_01280_01426.db,2021.08.23.20.15.12_veh-45_01280_01426.db,14499840,2022-09-23T05:49:57+00:00,True,bb9292e2ba0ac6dd0635e44292adac8a3830c7282c2f1f8cd8eb399f76931bd2,6f283936dda0f1ba9dac3624df70ede7fbdad0c2deb92dfcb626aa3f7fe908ef,2274,2185,8b7c8be36c9992dc75647baff614aa5f5fc6503a3639ae89a7f00a90a5a3bcc4,1,2021.08.23.20.15.12_veh-45_01280_01426,us-pa-pittsburgh-hazelwood,us-pa-pittsburgh-hazelwood,True,READY,
train_pittsburgh,/Users/liuqing/Projects/01_E2E_QA_Code/nuplan/dataset/data/cache/train_pittsburgh/2021.08.23.20.15.12_veh-45_01555_01643.db,2021.08.23.20.15.12_veh-45_01555_01643.db,5226496,2022-09-23T05:49:57+00:00,True,bb9292e2ba0ac6dd0635e44292adac8a3830c7282c2f1f8cd8eb399f76931bd2,24eab7ed9f97bef668b447a263613158f32c72e8c87a63d4c9cd8d48e59aaf05,2132,1419,168415b908588d50f385a42ea33f541f4aa907a25e4e8c6a40e92fd19c706f62,1,2021.08.23.20.15.12_veh-45_01555_01643,us-pa-pittsburgh-hazelwood,us-pa-pittsburgh-hazelwood,True,READY,
train_pittsburgh,/Users/liuqing/Projects/01_E2E_QA_Code/nuplan/dataset/data/cache/train_pittsburgh/2021.08.23.20.15.12_veh-45_01670_01782.db,2021.08.23.20.15.12_veh-45_01670_01782.db,9031680,2022-09-23T05:49:57+00:00,True,bb9292e2ba0ac6dd0635e44292adac8a3830c7282c2f1f8cd8eb399f76931bd2,838aa3e8fcc02cafb07fd5c828bacc0609a72c36061d823ad8da13ac4df5facb,1694,1060,dfaea4d1da901ed4c409c87a262a550324ce9e1fedbcd9dd7a4b454c5b8e64f0,1,2021.08.23.20.15.12_veh-45_01670_01782,us-pa-pittsburgh-hazelwood,us-pa-pittsburgh-hazelwood,True,READY,
train_pittsburgh,/Users/liuqing/Projects/01_E2E_QA_Code/nuplan/dataset/data/cache/train_pittsburgh/2021.08.25.13.09.17_veh-08_00082_00176.db,2021.08.25.13.09.17_veh-08_00082_00176.db,9023488,2022-09-23T05:30:20+00:00,True,bb9292e2ba0ac6dd0635e44292adac8a3830c7282c2f1f8cd8eb399f76931bd2,1e41a9d01e91fb91251a373bb8b250f5816b532d8912b9c26ea95832188c3083,1764,1212,c39fce52aa80d0a0502b130b9f49a767c84751ebc792e7b74fe86d86db4f3f26,1,2021.08.25.13.09.17_veh-08_00082_00176,us-pa-pittsburgh-hazelwood,us-pa-pittsburgh-hazelwood,True,READY,
train_pittsburgh,/Users/liuqing/Projects/01_E2E_QA_Code/nuplan/dataset/data/cache/train_pittsburgh/2021.08.25.13.09.17_veh-08_00200_00412.db,2021.08.25.13.09.17_veh-08_00200_00412.db,13152256,2022-09-23T05:30:20+00:00,True,bb9292e2ba0ac6dd0635e44292adac8a3830c7282c2f1f8cd8eb399f76931bd2,f94124686f0d003ff79d0065957dcc6697a0dd325458ca0747f0abdef94a32f8,5692,3682,0931eb8aa87bef9373c91cfa85499d78547982a260b213c7cee16c829c3a3edd,1,2021.08.25.13.09.17_veh-08_00200_00412,us-pa-pittsburgh-hazelwood,us-pa-pittsburgh-hazelwood,True,READY,
train_pittsburgh,/Users/liuqing/Projects/01_E2E_QA_Code/nuplan/dataset/data/cache/train_pittsburgh/2021.08.25.13.09.17_veh-08_00425_00803.db,2021.08.25.13.09.17_veh-08_00425_00803.db,34983936,2022-09-23T05:30:20+00:00,True,bb9292e2ba0ac6dd0635e44292adac8a3830c7282c2f1f8cd8eb399f76931bd2,04f0207cefe291f2897139bab704a71a8391ffa6c6d0862cb4e34f91a60dd700,12313,5417,eebb6274f66902bb041faa92c6d310f91a9436da3e1a3b4115486dd2c2417f6b,1,2021.08.25.13.09.17_veh-08_00425_00803,us-pa-pittsburgh-hazelwood,us-pa-pittsburgh-hazelwood,True,READY,
train_pittsburgh,/Users/liuqing/Projects/01_E2E_QA_Code/nuplan/dataset/data/cache/train_pittsburgh/2021.08.25.13.09.17_veh-08_00826_00959.db,2021.08.25.13.09.17_veh-08_00826_00959.db,26345472,2022-09-23T05:30:20+00:00,True,bb9292e2ba0ac6dd0635e44292adac8a3830c7282c2f1f8cd8eb399f76931bd2,5fcdaf7171bf6b91bae0b86541319eb6a5f83273888464858c24863229687fdf,3904,1860,706b726d2e46d82fa701383d4188a67b88082986c2f545c67dfd2bd816c3e505,1,2021.08.25.13.09.17_veh-08_00826_00959,us-pa-pittsburgh-hazelwood,us-pa-pittsburgh-hazelwood,True,READY,
train_pittsburgh,/Users/liuqing/Projects/01_E2E_QA_Code/nuplan/dataset/data/cache/train_pittsburgh/2021.08.25.13.09.17_veh-08_00981_01122.db,2021.08.25.13.09.17_veh-08_00981_01122.db,21680128,2022-09-23T05:30:20+00:00,True,bb9292e2ba0ac6dd0635e44292adac8a3830c7282c2f1f8cd8eb399f76931bd2,6084b123743f3ce51ef9c8a0904ca0e537ae94c7bed1ff413c11d3b4acfc5368,3574,1695,9fca101084bdbbccc0dea96deefe1bab711d8f87a84312e2001abd262a3931e9,1,2021.08.25.13.09.17_veh-08_00981_01122,us-pa-pittsburgh-hazelwood,us-pa-pittsburgh-hazelwood,True,READY,
train_pittsburgh,/Users/liuqing/Projects/01_E2E_QA_Code/nuplan/dataset/data/cache/train_pittsburgh/2021.08.25.13.09.17_veh-08_01292_01384.db,2021.08.25.13.09.17_veh-08_01292_01384.db,6660096,2022-09-23T05:30:20+00:00,True,bb9292e2ba0ac6dd0635e44292adac8a3830c7282c2f1f8cd8eb399f76931bd2,dcd5178f55b7e2f1058702c7105c6083b69afe725996a4bfe54bd8f376f45900,2186,1142,f32f9b3210c15d5a44fbf1abd9e8b2af5348937fde3035bc6671014d1539eeb2,1,2021.08.25.13.09.17_veh-08_01292_01384,us-pa-pittsburgh-hazelwood,us-pa-pittsburgh-hazelwood,True,READY,
train_pittsburgh,/Users/liuqing/Projects/01_E2E_QA_Code/nuplan/dataset/data/cache/train_pittsburgh/2021.08.25.13.09.17_veh-08_01411_01493.db,2021.08.25.13.09.17_veh-08_01411_01493.db,5484544,2022-09-23T05:30:20+00:00,True,bb9292e2ba0ac6dd0635e44292adac8a3830c7282c2f1f8cd8eb399f76931bd2,e90afbe5bd973b29e972b5c31e63c2695e95ce8d6e4f8da7f69c93f4a2b98098,2044,1343,58d3f32c7d51c472ff15f43105ed70567787e5302d08c38cce1efbab0969363a,1,2021.08.25.13.09.17_veh-08_01411_01493,us-pa-pittsburgh-hazelwood,us-pa-pittsburgh-hazelwood,True,READY,
train_pittsburgh,/Users/liuqing/Projects/01_E2E_QA_Code/nuplan/dataset/data/cache/train_pittsburgh/2021.08.25.13.09.17_veh-08_01517_01767.db,2021.08.25.13.09.17_veh-08_01517_01767.db,18640896,2022-09-23T05:30:20+00:00,True,bb9292e2ba0ac6dd0635e44292adac8a3830c7282c2f1f8cd8eb399f76931bd2,344d1e3aca48fd28e0e7429e49485ab2ddf964b4b210828e00a41cd5c5628443,5429,3470,e47970ae77acf2411c43aeeda32de44dc85bcb850485c5af76a25b1f283d1e6d,1,2021.08.25.13.09.17_veh-08_01517_01767,us-pa-pittsburgh-hazelwood,us-pa-pittsburgh-hazelwood,True,READY,
train_pittsburgh,/Users/liuqing/Projects/01_E2E_QA_Code/nuplan/dataset/data/cache/train_pittsburgh/2021.08.25.13.09.17_veh-08_01908_02534.db,2021.08.25.13.09.17_veh-08_01908_02534.db,93569024,2022-09-23T05:30:21+00:00,True,bb9292e2ba0ac6dd0635e44292adac8a3830c7282c2f1f8cd8eb399f76931bd2,c685ded515ac01af9a004e813ae5f8099cfac331df544b26170979e8b55b1b3d,15259,8463,49dca5ec75753f198f6ee6f80d6117901efb5a7eceaaca9833f10f2a2a523481,1,2021.08.25.13.09.17_veh-08_01908_02534,us-pa-pittsburgh-hazelwood,us-pa-pittsburgh-hazelwood,True,READY,
train_pittsburgh,/Users/liuqing/Projects/01_E2E_QA_Code/nuplan/dataset/data/cache/train_pittsburgh/2021.08.25.13.09.17_veh-08_02585_03033.db,2021.08.25.13.09.17_veh-08_02585_03033.db,31543296,2022-09-23T05:30:20+00:00,True,bb9292e2ba0ac6dd0635e44292adac8a3830c7282c2f1f8cd8eb399f76931bd2,ff386f13ae2ff30044eb04038cf1b4a55437af0e50e10eb9a2b56151734db65e,10778,6682,30bd3104384d0a3cbc2f5961b9a3bd8a5010a007a390c2c4f09bfae20921fa7c,1,2021.08.25.13.09.17_veh-08_02585_03033,us-pa-pittsburgh-hazelwood,us-pa-pittsburgh-hazelwood,True,READY,
train_pittsburgh,/Users/liuqing/Projects/01_E2E_QA_Code/nuplan/dataset/data/cache/train_pittsburgh/2021.08.25.13.09.17_veh-08_03046_03319.db,2021.08.25.13.09.17_veh-08_03046_03319.db,23261184,2022-09-23T05:30:20+00:00,True,bb9292e2ba0ac6dd0635e44292adac8a3830c7282c2f1f8cd8eb399f76931bd2,dc49172778d61b17c22842ac8423f042af8c5b110cf5d5268a09e704750fb34a,8362,3718,09f73f2cfcdff402d05855f86a1cd965d82e6bd420dc6711b1d19affdb715b2b,1,2021.08.25.13.09.17_veh-08_03046_03319,us-pa-pittsburgh-hazelwood,us-pa-pittsburgh-hazelwood,True,READY,
train_pittsburgh,/Users/liuqing/Projects/01_E2E_QA_Code/nuplan/dataset/data/cache/train_pittsburgh/2021.08.25.13.09.17_veh-08_03341_03489.db,2021.08.25.13.09.17_veh-08_03341_03489.db,27475968,2022-09-23T05:30:20+00:00,True,bb9292e2ba0ac6dd0635e44292adac8a3830c7282c2f1f8cd8eb399f76931bd2,1f28c506195d41785291869ac6bad6c0a2f4a70de7087906b0283b3ea3f44d5d,2571,1545,bf160cb0cbe5ebe4f8460e85d6c47fcbe17cfa6a12c368a7e38dbf2890a4e6b7,1,2021.08.25.13.09.17_veh-08_03341_03489,us-pa-pittsburgh-hazelwood,us-pa-pittsburgh-hazelwood,True,READY,
train_pittsburgh,/Users/liuqing/Projects/01_E2E_QA_Code/nuplan/dataset/data/cache/train_pittsburgh/2021.08.25.14.12.46_veh-08_00038_00211.db,2021.08.25.14.12.46_veh-08_00038_00211.db,25509888,2022-09-23T05:50:00+00:00,True,bb9292e2ba0ac6dd0635e44292adac8a3830c7282c2f1f8cd8eb399f76931bd2,85799bbdadb0fdfadbde6f6ed01258878dd79d5baf854609b4cacb9fbda28fc6,3643,2741,ca2bced4fa33a1bc66748606c07c4114ed3550e9e029e16475b0248fe02b327a,1,2021.08.25.14.12.46_veh-08_00038_00211,us-pa-pittsburgh-hazelwood,us-pa-pittsburgh-hazelwood,True,READY,
train_pittsburgh,/Users/liuqing/Projects/01_E2E_QA_Code/nuplan/dataset/data/cache/train_pittsburgh/2021.08.25.14.12.46_veh-08_00348_00488.db,2021.08.25.14.12.46_veh-08_00348_00488.db,9154560,2022-09-23T05:50:00+00:00,True,bb9292e2ba0ac6dd0635e44292adac8a3830c7282c2f1f8cd8eb399f76931bd2,1522a3b26fd830e27683d47ed91ba9776dfbce6cec262bbe46935e0f5e580429,3009,1946,7197c0bc4c7d2c354d86acf6cec226d7d0b9eacbaeae998aac2284039c7295a5,1,2021.08.25.14.12.46_veh-08_00348_00488,us-pa-pittsburgh-hazelwood,us-pa-pittsburgh-hazelwood,True,READY,
train_pittsburgh,/Users/liuqing/Projects/01_E2E_QA_Code/nuplan/dataset/data/cache/train_pittsburgh/2021.08.25.14.12.46_veh-08_00569_00995.db,2021.08.25.14.12.46_veh-08_00569_00995.db,36265984,2022-09-23T05:50:00+00:00,True,bb9292e2ba0ac6dd0635e44292adac8a3830c7282c2f1f8cd8eb399f76931bd2,aaf55b1e75b09725d36ba9f2a59a2601c2f373dbf1ccfb5df684df8e1d101f84,9053,5246,64bf6193a77cfdcdaf5c78d27740c51370c7b8acefbc855da8eefbd07a476d22,1,2021.08.25.14.12.46_veh-08_00569_00995,us-pa-pittsburgh-hazelwood,us-pa-pittsburgh-hazelwood,True,READY,
train_pittsburgh,/Users/liuqing/Projects/01_E2E_QA_Code/nuplan/dataset/data/cache/train_pittsburgh/2021.08.25.14.12.46_veh-08_01017_01100.db,2021.08.25.14.12.46_veh-08_01017_01100.db,13991936,2022-09-23T05:50:00+00:00,True,bb9292e2ba0ac6dd0635e44292adac8a3830c7282c2f1f8cd8eb399f76931bd2,e17232a772e47c5c95c90cd9fb146b881baeec823e92d72d81199547326101bf,2055,989,70d2476609f3bfb3bd898bc8735c57117fbf545e4541a7f6cb1e5ca39adc2c4f,1,2021.08.25.14.12.46_veh-08_01017_01100,us-pa-pittsburgh-hazelwood,us-pa-pittsburgh-hazelwood,True,READY,
train_pittsburgh,/Users/liuqing/Projects/01_E2E_QA_Code/nuplan/dataset/data/cache/train_pittsburgh/2021.08.25.14.12.46_veh-08_01151_01237.db,2021.08.25.14.12.46_veh-08_01151_01237.db,10784768,2022-09-23T05:50:00+00:00,True,bb9292e2ba0ac6dd0635e44292adac8a3830c7282c2f1f8cd8eb399f76931bd2,f4a0f9279e10952cc2cdba68bfcb0cc1b16801288dd5d7b8b519965b60e35c6e,1914,1298,6a5ac143e439e17975e91b2e4a5b83bb896f3e13051dc062ed30dce2c385bd80,1,2021.08.25.14.12.46_veh-08_01151_01237,us-pa-pittsburgh-hazelwood,us-pa-pittsburgh-hazelwood,True,READY,
train_pittsburgh,/Users/liuqing/Projects/01_E2E_QA_Code/nuplan/dataset/data/cache/train_pittsburgh/2021.08.25.14.12.46_veh-08_01312_01787.db,2021.08.25.14.12.46_veh-08_01312_01787.db,78221312,2022-09-23T05:50:00+00:00,True,bb9292e2ba0ac6dd0635e44292adac8a3830c7282c2f1f8cd8eb399f76931bd2,8f1d300eedefe3db218e53eb100b9c522804b043af4ebbd0e32508c001f2a6ae,10651,6084,41f7fcb27c5b63832046c446cc93d2f8277d882973fda3186159e997cc89bf12,1,2021.08.25.14.12.46_veh-08_01312_01787,us-pa-pittsburgh-hazelwood,us-pa-pittsburgh-hazelwood,True,READY,
train_pittsburgh,/Users/liuqing/Projects/01_E2E_QA_Code/nuplan/dataset/data/cache/train_pittsburgh/2021.08.25.14.12.46_veh-08_01808_01956.db,2021.08.25.14.12.46_veh-08_01808_01956.db,34312192,2022-09-23T05:50:00+00:00,True,bb9292e2ba0ac6dd0635e44292adac8a3830c7282c2f1f8cd8eb399f76931bd2,b15a47624b499d3c1de15de68694c0a03077dfecabd201463ba3d8715fee272e,3665,2307,8e27fa72870fa837e198134e6daa248c48cb480982f19f5242f95128eafe3176,1,2021.08.25.14.12.46_veh-08_01808_01956,us-pa-pittsburgh-hazelwood,us-pa-pittsburgh-hazelwood,True,READY,
train_pittsburgh,/Users/liuqing/Projects/01_E2E_QA_Code/nuplan/dataset/data/cache/train_pittsburgh/2021.08.25.14.12.46_veh-08_01978_02109.db,2021.08.25.14.12.46_veh-08_01978_02109.db,12894208,2022-09-23T05:50:00+00:00,True,bb9292e2ba0ac6dd0635e44292adac8a3830c7282c2f1f8cd8eb399f76931bd2,a0b2f408a3f741b59d99f136d38b7440de599fb2c3b1533ccba5a92e8904e9de,3279,1661,524cffd8cf2b6393061ea56ec021d1550a3e68c8fa27066cb1c279da5158c314,1,2021.08.25.14.12.46_veh-08_01978_02109,us-pa-pittsburgh-hazelwood,us-pa-pittsburgh-hazelwood,True,READY,
train_pittsburgh,/Users/liuqing/Projects/01_E2E_QA_Code/nuplan/dataset/data/cache/train_pittsburgh/2021.08.25.14.12.46_veh-08_02234_02354.db,2021.08.25.14.12.46_veh-08_02234_02354.db,8146944,2022-09-23T05:50:00+00:00,True,bb9292e2ba0ac6dd0635e44292adac8a3830c7282c2f1f8cd8eb399f76931bd2,689ed6e91cf25dce8632e8b8d7271eb81ae30f7556a87a8758611a26e83ca064,2680,1842,9263f0a06c9f89f619be3ee74df4ca285c434d0561d035fcecfea1b393d48c71,1,2021.08.25.14.12.46_veh-08_02234_02354,us-pa-pittsburgh-hazelwood,us-pa-pittsburgh-hazelwood,True,READY,
train_pittsburgh,/Users/liuqing/Projects/01_E2E_QA_Code/nuplan/dataset/data/cache/train_pittsburgh/2021.08.25.14.12.46_veh-08_02366_02551.db,2021.08.25.14.12.46_veh-08_02366_02551.db,15355904,2022-09-23T05:50:00+00:00,True,bb9292e2ba0ac6dd0635e44292adac8a3830c7282c2f1f8cd8eb399f76931bd2,7700a401bc02eeafd5b6902e2b1ca1040efc33212e647371579cd31e5ad1d6c0,3369,2295,1bab902bbf035470a059dd4f6627d57d0e589eb64918bab11f17e607145d36fb,1,2021.08.25.14.12.46_veh-08_02366_02551,us-pa-pittsburgh-hazelwood,us-pa-pittsburgh-hazelwood,True,READY,
train_pittsburgh,/Users/liuqing/Projects/01_E2E_QA_Code/nuplan/dataset/data/cache/train_pittsburgh/2021.08.25.14.12.46_veh-08_02563_02869.db,2021.08.25.14.12.46_veh-08_02563_02869.db,26202112,2022-09-23T05:50:00+00:00,True,bb9292e2ba0ac6dd0635e44292adac8a3830c7282c2f1f8cd8eb399f76931bd2,2fd2f5769da72ce6a6164980c586796cdf1858931447c576b84ca14b077f6df8,7444,3845,bb7d7cfbfc8d615c944692c544c7fc72ee66428c59fc891a96e8487ddff79aea,1,2021.08.25.14.12.46_veh-08_02563_02869,us-pa-pittsburgh-hazelwood,us-pa-pittsburgh-hazelwood,True,READY,
train_pittsburgh,/Users/liuqing/Projects/01_E2E_QA_Code/nuplan/dataset/data/cache/train_pittsburgh/2021.08.25.14.12.46_veh-08_02891_02968.db,2021.08.25.14.12.46_veh-08_02891_02968.db,11587584,2022-09-23T05:50:00+00:00,True,bb9292e2ba0ac6dd0635e44292adac8a3830c7282c2f1f8cd8eb399f76931bd2,785e2fc2e05b5f53a19dd3562cff40990e3d5c0f34cb10eeb8b9191dd5af2665,1607,902,52a2649687d0b2bb7ca31230f56fe767d3447ab4fbad43a2c807964e9fd61ad2,1,2021.08.25.14.12.46_veh-08_02891_02968,us-pa-pittsburgh-hazelwood,us-pa-pittsburgh-hazelwood,True,READY,
train_pittsburgh,/Users/liuqing/Projects/01_E2E_QA_Code/nuplan/dataset/data/cache/train_pittsburgh/2021.08.25.14.12.46_veh-08_03028_03089.db,2021.08.25.14.12.46_veh-08_03028_03089.db,8105984,2022-09-23T05:50:00+00:00,True,bb9292e2ba0ac6dd0635e44292adac8a3830c7282c2f1f8cd8eb399f76931bd2,10144aa9fe43080be983f5a3ae5dd30ce1f7e0818d6ff554b8921604bcf8fbe0,2082,1009,8fc798d579543f51769821cfefa8cb6b583025d8c8841a6d59da7f982c96ad13,1,2021.08.25.14.12.46_veh-08_03028_03089,us-pa-pittsburgh-hazelwood,us-pa-pittsburgh-hazelwood,True,READY,
train_pittsburgh,/Users/liuqing/Projects/01_E2E_QA_Code/nuplan/dataset/data/cache/train_pittsburgh/2021.08.25.14.12.46_veh-08_03118_03426.db,2021.08.25.14.12.46_veh-08_03118_03426.db,47632384,2022-09-23T05:50:00+00:00,True,bb9292e2ba0ac6dd0635e44292adac8a3830c7282c2f1f8cd8eb399f76931bd2,9a7421e8b2f5bb902468ada02fe0ad56e33258dc346f12b62d694ce2f5d3fca9,6520,3486,d4dc07009f4bde733aa0c15791ea16197581d8744accabf92cb603ddc96a85b2,1,2021.08.25.14.12.46_veh-08_03118_03426,us-pa-pittsburgh-hazelwood,us-pa-pittsburgh-hazelwood,True,READY,
train_pittsburgh,/Users/liuqing/Projects/01_E2E_QA_Code/nuplan/dataset/data/cache/train_pittsburgh/2021.08.25.14.46.50_veh-45_00215_00305.db,2021.08.25.14.46.50_veh-45_00215_00305.db,6799360,2022-09-23T05:50:00+00:00,True,bb9292e2ba0ac6dd0635e44292adac8a3830c7282c2f1f8cd8eb399f76931bd2,85fedf854c1fd65ac0ac5eec4d9e0c9afc1ffcbded0f9156fb41013611bb229a,1910,1444,8b16b26df0a0d1b69ad3dc4240d63b1e99c8ec32889331e4d176c6c265fa53ba,1,2021.08.25.14.46.50_veh-45_00215_00305,us-pa-pittsburgh-hazelwood,us-pa-pittsburgh-hazelwood,True,READY,
train_pittsburgh,/Users/liuqing/Projects/01_E2E_QA_Code/nuplan/dataset/data/cache/train_pittsburgh/2021.08.25.14.46.50_veh-45_00369_00789.db,2021.08.25.14.46.50_veh-45_00369_00789.db,57700352,2022-09-23T05:50:00+00:00,True,bb9292e2ba0ac6dd0635e44292adac8a3830c7282c2f1f8cd8eb399f76931bd2,6c1408a205de6a4084de793411f02d1418d2ec88934b9a23cffc86d12b8cf52b,9510,5079,f22c43fb8d66c7569eeed29d211d08e9282dd5162b2c7e8397553b0d6c0091eb,1,2021.08.25.14.46.50_veh-45_00369_00789,us-pa-pittsburgh-hazelwood,us-pa-pittsburgh-hazelwood,True,READY,
train_pittsburgh,/Users/liuqing/Projects/01_E2E_QA_Code/nuplan/dataset/data/cache/train_pittsburgh/2021.08.25.14.46.50_veh-45_00813_00965.db,2021.08.25.14.46.50_veh-45_00813_00965.db,20127744,2022-09-23T05:50:00+00:00,True,bb9292e2ba0ac6dd0635e44292adac8a3830c7282c2f1f8cd8eb399f76931bd2,f0fb5253f7fb577ad2b75e7d659be03b76d03cf0818345ee8c47406dd4b4ca53,3188,1564,7e9b1edf8dc006ffc546f3c3cda22e3e8e024ddd0ac68c6a8b79d49b8e6327ac,1,2021.08.25.14.46.50_veh-45_00813_00965,us-pa-pittsburgh-hazelwood,us-pa-pittsburgh-hazelwood,True,READY,
train_pittsburgh,/Users/liuqing/Projects/01_E2E_QA_Code/nuplan/dataset/data/cache/train_pittsburgh/2021.08.25.14.46.50_veh-45_01092_01182.db,2021.08.25.14.46.50_veh-45_01092_01182.db,6692864,2022-09-23T05:50:00+00:00,True,bb9292e2ba0ac6dd0635e44292adac8a3830c7282c2f1f8cd8eb399f76931bd2,67493f01edb6a26d931505116747aeeb391aa649a97da87f00db13a7d9509535,2073,1459,fcaf137fae8343f167bc4657d316c561bf22708e1ca58be430b484df08dab199,1,2021.08.25.14.46.50_veh-45_01092_01182,us-pa-pittsburgh-hazelwood,us-pa-pittsburgh-hazelwood,True,READY,
train_pittsburgh,/Users/liuqing/Projects/01_E2E_QA_Code/nuplan/dataset/data/cache/train_pittsburgh/2021.08.25.14.46.50_veh-45_01277_01444.db,2021.08.25.14.46.50_veh-45_01277_01444.db,14209024,2022-09-23T05:50:00+00:00,True,bb9292e2ba0ac6dd0635e44292adac8a3830c7282c2f1f8cd8eb399f76931bd2,4449264f05d2717f889f118639c9fe623e04d4a0df3ebd716b14a9a5e531dcf4,3396,2236,38604afd88f1731997d02e3611814af307717fa24ce4e87d72bcf8485dbbfa3d,1,2021.08.25.14.46.50_veh-45_01277_01444,us-pa-pittsburgh-hazelwood,us-pa-pittsburgh-hazelwood,True,READY,
train_pittsburgh,/Users/liuqing/Projects/01_E2E_QA_Code/nuplan/dataset/data/cache/train_pittsburgh/2021.08.25.14.46.50_veh-45_01467_01688.db,2021.08.25.14.46.50_veh-45_01467_01688.db,19509248,2022-09-23T05:50:00+00:00,True,bb9292e2ba0ac6dd0635e44292adac8a3830c7282c2f1f8cd8eb399f76931bd2,a83cb582fc1022c08cb13d5c31bd220966de78e1c3291aa85319501f0b91ab52,4425,2700,0791584412ae7a839c915008aeda66aa8729a53ed6e48dd83cc2e79cb9ab421c,1,2021.08.25.14.46.50_veh-45_01467_01688,us-pa-pittsburgh-hazelwood,us-pa-pittsburgh-hazelwood,True,READY,
train_pittsburgh,/Users/liuqing/Projects/01_E2E_QA_Code/nuplan/dataset/data/cache/train_pittsburgh/2021.08.25.14.46.50_veh-45_01821_02094.db,2021.08.25.14.46.50_veh-45_01821_02094.db,34775040,2022-09-23T05:50:00+00:00,True,bb9292e2ba0ac6dd0635e44292adac8a3830c7282c2f1f8cd8eb399f76931bd2,79f0456b7b13d09dc22f858f9ca8013d5b57cae7be6f3757880402ccf6d984eb,6045,3455,005ece4f9ccffaa9166d9588ac0602bd9bf51ba9eb3f33adad81b2d178052ece,1,2021.08.25.14.46.50_veh-45_01821_02094,us-pa-pittsburgh-hazelwood,us-pa-pittsburgh-hazelwood,True,READY,
train_pittsburgh,/Users/liuqing/Projects/01_E2E_QA_Code/nuplan/dataset/data/cache/train_pittsburgh/2021.08.25.14.46.50_veh-45_02207_02269.db,2021.08.25.14.46.50_veh-45_02207_02269.db,4206592,2022-09-23T05:50:00+00:00,True,bb9292e2ba0ac6dd0635e44292adac8a3830c7282c2f1f8cd8eb399f76931bd2,ccd5ad98ff9605aac514ef30f9f6baa06f54600d2295cf39c6b8d35e31832092,1044,570,af339324f0a51cfcc05f6f996927b398072ba1dec56aae75e8db86bc56205c18,1,2021.08.25.14.46.50_veh-45_02207_02269,us-pa-pittsburgh-hazelwood,us-pa-pittsburgh-hazelwood,True,READY,
train_pittsburgh,/Users/liuqing/Projects/01_E2E_QA_Code/nuplan/dataset/data/cache/train_pittsburgh/2021.08.25.14.46.50_veh-45_02340_02431.db,2021.08.25.14.46.50_veh-45_02340_02431.db,6668288,2022-09-23T05:50:00+00:00,True,bb9292e2ba0ac6dd0635e44292adac8a3830c7282c2f1f8cd8eb399f76931bd2,97e8a8e68200b2f0dcc3c6874eda8521ddff203d4e6b3f296a03a15ecc423520,2227,1458,2612308446608652c7376b26b43d34f1bc7abfa78c5a6c811b5949c2d62f6db2,1,2021.08.25.14.46.50_veh-45_02340_02431,us-pa-pittsburgh-hazelwood,us-pa-pittsburgh-hazelwood,True,READY,
train_pittsburgh,/Users/liuqing/Projects/01_E2E_QA_Code/nuplan/dataset/data/cache/train_pittsburgh/2021.08.25.14.46.50_veh-45_02488_02636.db,2021.08.25.14.46.50_veh-45_02488_02636.db,14184448,2022-09-23T05:50:00+00:00,True,bb9292e2ba0ac6dd0635e44292adac8a3830c7282c2f1f8cd8eb399f76931bd2,311154698f31667e4132ddb86cdcf34fd7fb758fe11ddd05b920dd4f3790bb11,2636,1725,e80809fa3f0d029ed9d289b00b30d3a81e8d301ca9098b5e4f4eef867401808b,1,2021.08.25.14.46.50_veh-45_02488_02636,us-pa-pittsburgh-hazelwood,us-pa-pittsburgh-hazelwood,True,READY,
train_pittsburgh,/Users/liuqing/Projects/01_E2E_QA_Code/nuplan/dataset/data/cache/train_pittsburgh/2021.08.25.14.46.50_veh-45_02717_02829.db,2021.08.25.14.46.50_veh-45_02717_02829.db,8060928,2022-09-23T05:50:00+00:00,True,bb9292e2ba0ac6dd0635e44292adac8a3830c7282c2f1f8cd8eb399f76931bd2,95e2a0e06157c586a03cfde751af4bd62380010bb687c14089de544bbc22d7a0,1728,1243,308483d064f9c8bda9871df06c2d6a68f870388ce089a21ce9dccd7d5dc65143,1,2021.08.25.14.46.50_veh-45_02717_02829,us-pa-pittsburgh-hazelwood,us-pa-pittsburgh-hazelwood,True,READY,
train_pittsburgh,/Users/liuqing/Projects/01_E2E_QA_Code/nuplan/dataset/data/cache/train_pittsburgh/2021.08.25.17.10.24_veh-45_00005_00102.db,2021.08.25.17.10.24_veh-45_00005_00102.db,9003008,2022-09-23T05:50:00+00:00,True,bb9292e2ba0ac6dd0635e44292adac8a3830c7282c2f1f8cd8eb399f76931bd2,ff3925c2998667898bf975beb931de85e7e3d9518f2fbeb34942558f6274a8b0,1729,1177,3ebba0bd8cf3049565bd92d74730cc7edcee718ab0942c04631801b09e96c4fb,1,2021.08.25.17.10.24_veh-45_00005_00102,us-pa-pittsburgh-hazelwood,us-pa-pittsburgh-hazelwood,True,READY,
train_pittsburgh,/Users/liuqing/Projects/01_E2E_QA_Code/nuplan/dataset/data/cache/train_pittsburgh/2021.08.25.17.10.24_veh-45_00154_00509.db,2021.08.25.17.10.24_veh-45_00154_00509.db,25206784,2022-09-23T05:50:00+00:00,True,bb9292e2ba0ac6dd0635e44292adac8a3830c7282c2f1f8cd8eb399f76931bd2,96b62b61c54f18fe9620eb7dc4760aed9b9da7d50ba4cc188bd82b1dd3412680,8183,5169,0bc3419dab558809dbedf046b745215c6256d591d9401e57e008a43d0d9658a7,1,2021.08.25.17.10.24_veh-45_00154_00509,us-pa-pittsburgh-hazelwood,us-pa-pittsburgh-hazelwood,True,READY,
train_pittsburgh,/Users/liuqing/Projects/01_E2E_QA_Code/nuplan/dataset/data/cache/train_pittsburgh/2021.08.25.17.10.24_veh-45_00520_01082.db,2021.08.25.17.10.24_veh-45_00520_01082.db,102821888,2022-09-23T05:50:00+00:00,True,bb9292e2ba0ac6dd0635e44292adac8a3830c7282c2f1f8cd8eb399f76931bd2,a8e6ac82dd703d9af5f8e09a91a8ed34ff0428014c337488498010d815a3dc1c,13746,7706,430adffaf79eacbb6cbdd5a251c6aab2afbb54213100c0bdde5239a8d4297e76,1,2021.08.25.17.10.24_veh-45_00520_01082,us-pa-pittsburgh-hazelwood,us-pa-pittsburgh-hazelwood,True,READY,
train_pittsburgh,/Users/liuqing/Projects/01_E2E_QA_Code/nuplan/dataset/data/cache/train_pittsburgh/2021.08.25.17.10.24_veh-45_01106_01560.db,2021.08.25.17.10.24_veh-45_01106_01560.db,93769728,2022-09-23T05:50:00+00:00,True,bb9292e2ba0ac6dd0635e44292adac8a3830c7282c2f1f8cd8eb399f76931bd2,22158c8072a3fc3bf657cc6071888b51be100f2c37c2c16ec05dae1be5e318c4,13011,6737,74e495494b1a89c3837393d7088a906b1d4901a63f480038a715f1d609ccbd8d,1,2021.08.25.17.10.24_veh-45_01106_01560,us-pa-pittsburgh-hazelwood,us-pa-pittsburgh-hazelwood,True,READY,
train_pittsburgh,/Users/liuqing/Projects/01_E2E_QA_Code/nuplan/dataset/data/cache/train_pittsburgh/2021.08.25.17.10.24_veh-45_01579_01664.db,2021.08.25.17.10.24_veh-45_01579_01664.db,9650176,2022-09-23T05:50:00+00:00,True,bb9292e2ba0ac6dd0635e44292adac8a3830c7282c2f1f8cd8eb399f76931bd2,9afcc40ab570d73118d125ea9bac2d1e14ac6966f3e8a2043fb75f03e2a56c0b,1732,1337,3508b829fc63b25c8508ad79acf59a3575041f3b648904a9d5bd5e60ea879f2f,1,2021.08.25.17.10.24_veh-45_01579_01664,us-pa-pittsburgh-hazelwood,us-pa-pittsburgh-hazelwood,True,READY,
train_pittsburgh,/Users/liuqing/Projects/01_E2E_QA_Code/nuplan/dataset/data/cache/train_pittsburgh/2021.08.25.17.10.24_veh-45_01778_02003.db,2021.08.25.17.10.24_veh-45_01778_02003.db,32886784,2022-09-23T05:50:00+00:00,True,bb9292e2ba0ac6dd0635e44292adac8a3830c7282c2f1f8cd8eb399f76931bd2,a74b8134e502f2d1c0d272cdf393e0f96db8299b875fe3267a4dc1820e605e14,4683,2919,5eea42d970edb33f4a2c29305672e6aefbbec4857df0e186ce6408fa5860280b,1,2021.08.25.17.10.24_veh-45_01778_02003,us-pa-pittsburgh-hazelwood,us-pa-pittsburgh-hazelwood,True,READY,
train_pittsburgh,/Users/liuqing/Projects/01_E2E_QA_Code/nuplan/dataset/data/cache/train_pittsburgh/2021.08.25.17.10.24_veh-45_02061_02315.db,2021.08.25.17.10.24_veh-45_02061_02315.db,39305216,2022-09-23T05:50:00+00:00,True,bb9292e2ba0ac6dd0635e44292adac8a3830c7282c2f1f8cd8eb399f76931bd2,f59d1eb437c11a5adcb69203ea8415d602804052f6bb4ae401609a832fade334,5512,3320,c8edfc793d987619080c5693ca32887390d39ccfd5e472980288567381bc41fc,1,2021.08.25.17.10.24_veh-45_02061_02315,us-pa-pittsburgh-hazelwood,us-pa-pittsburgh-hazelwood,True,READY,
train_pittsburgh,/Users/liuqing/Projects/01_E2E_QA_Code/nuplan/dataset/data/cache/train_pittsburgh/2021.08.25.17.10.24_veh-45_02371_02582.db,2021.08.25.17.10.24_veh-45_02371_02582.db,15540224,2022-09-23T05:50:00+00:00,True,bb9292e2ba0ac6dd0635e44292adac8a3830c7282c2f1f8cd8eb399f76931bd2,8b2d2963ab9a5a519dbd162f0e490b16cebb590737a14f601eff35cec1ababd3,4155,2630,0204b150dcdcc842e444d3250b1caad2d17951488189e5d36dcf4b2bce659801,1,2021.08.25.17.10.24_veh-45_02371_02582,us-pa-pittsburgh-hazelwood,us-pa-pittsburgh-hazelwood,True,READY,
train_pittsburgh,/Users/liuqing/Projects/01_E2E_QA_Code/nuplan/dataset/data/cache/train_pittsburgh/2021.08.25.17.10.24_veh-45_02593_02684.db,2021.08.25.17.10.24_veh-45_02593_02684.db,5365760,2022-09-23T05:50:00+00:00,True,bb9292e2ba0ac6dd0635e44292adac8a3830c7282c2f1f8cd8eb399f76931bd2,6ad10d787165d907d6fed5596a0f709c6c6a69da95557c5e250c13419b498baf,2068,1304,094aa46ce882af5b8b621a799f0f11b62d1ba452990400bbd67b48ae83b52944,1,2021.08.25.17.10.24_veh-45_02593_02684,us-pa-pittsburgh-hazelwood,us-pa-pittsburgh-hazelwood,True,READY,
train_pittsburgh,/Users/liuqing/Projects/01_E2E_QA_Code/nuplan/dataset/data/cache/train_pittsburgh/2021.08.25.17.10.24_veh-45_02857_03252.db,2021.08.25.17.10.24_veh-45_02857_03252.db,36495360,2022-09-23T05:50:00+00:00,True,bb9292e2ba0ac6dd0635e44292adac8a3830c7282c2f1f8cd8eb399f76931bd2,6f69b6838b61e0e10019056d7c5a830626bdc5db8a074aa61b9e9833721babd3,9163,5314,9f489ff5809e17bcc1ced845d29800fb5ed5b5f6ba29328b25747a5f68911017,1,2021.08.25.17.10.24_veh-45_02857_03252,us-pa-pittsburgh-hazelwood,us-pa-pittsburgh-hazelwood,True,READY,
train_pittsburgh,/Users/liuqing/Projects/01_E2E_QA_Code/nuplan/dataset/data/cache/train_pittsburgh/2021.08.25.17.17.57_veh-42_00237_00302.db,2021.08.25.17.17.57_veh-42_00237_00302.db,4313088,2022-09-23T05:50:00+00:00,True,bb9292e2ba0ac6dd0635e44292adac8a3830c7282c2f1f8cd8eb399f76931bd2,8191e5cb681e571eb5da450edc8878c7f99a3b48dc3e048c82bc3edd7fdcffce,1653,1098,d970387558607ba070261eda529fffbbca7faa3afd5e984bd4e1d7494cb19aa4,1,2021.08.25.17.17.57_veh-42_00237_00302,us-pa-pittsburgh-hazelwood,us-pa-pittsburgh-hazelwood,True,READY,
train_pittsburgh,/Users/liuqing/Projects/01_E2E_QA_Code/nuplan/dataset/data/cache/train_pittsburgh/2021.08.25.17.17.57_veh-42_00327_01003.db,2021.08.25.17.17.57_veh-42_00327_01003.db,106692608,2022-09-23T05:50:01+00:00,True,bb9292e2ba0ac6dd0635e44292adac8a3830c7282c2f1f8cd8eb399f76931bd2,00a1191d0e0005e7f98bea93fcf4cfc9fca04d9f3f3c76a709f547cd6f7dee8c,16901,8844,2c2d5b31a9a10206e04b943ed5592493010bf781689602bcc1ee5ff1efe80162,1,2021.08.25.17.17.57_veh-42_00327_01003,us-pa-pittsburgh-hazelwood,us-pa-pittsburgh-hazelwood,True,READY,
train_pittsburgh,/Users/liuqing/Projects/01_E2E_QA_Code/nuplan/dataset/data/cache/train_pittsburgh/2021.08.25.17.17.57_veh-42_01021_01312.db,2021.08.25.17.17.57_veh-42_01021_01312.db,34111488,2022-09-23T05:50:01+00:00,True,bb9292e2ba0ac6dd0635e44292adac8a3830c7282c2f1f8cd8eb399f76931bd2,96b2cf4f48c798272b269366cf535412f756450040fd4ec9d23ac9a976648c95,6111,3072,c6dd7bb64b5bfb3edfb536fff754dc6592a606bdbd7225c8326e939f26e23d8b,1,2021.08.25.17.17.57_veh-42_01021_01312,us-pa-pittsburgh-hazelwood,us-pa-pittsburgh-hazelwood,True,READY,
train_pittsburgh,/Users/liuqing/Projects/01_E2E_QA_Code/nuplan/dataset/data/cache/train_pittsburgh/2021.08.25.17.17.57_veh-42_01356_01819.db,2021.08.25.17.17.57_veh-42_01356_01819.db,85274624,2022-09-23T05:50:01+00:00,True,bb9292e2ba0ac6dd0635e44292adac8a3830c7282c2f1f8cd8eb399f76931bd2,2550d86ba2c33e2f10c370077c8bcb27016f83a41885497562cd156c1603bb48,12613,5493,4021c13f1665092c6601175592f79615f22113c22c7bbaf13ce39ab9a01a9bcb,1,2021.08.25.17.17.57_veh-42_01356_01819,us-pa-pittsburgh-hazelwood,us-pa-pittsburgh-hazelwood,True,READY,
train_pittsburgh,/Users/liuqing/Projects/01_E2E_QA_Code/nuplan/dataset/data/cache/train_pittsburgh/2021.08.25.17.54.16_veh-42_00060_00249.db,2021.08.25.17.54.16_veh-42_00060_00249.db,17072128,2022-09-23T05:50:01+00:00,True,bb9292e2ba0ac6dd0635e44292adac8a3830c7282c2f1f8cd8eb399f76931bd2,2fd370589bdf2bb6894f841bde982ba77fa3fd3dafbb8bca9c96709a2c87b51d,4319,2170,32fac0e9dda24f45f9d674fddfd3a30915069e262ce812ce5b1042aff4209fa4,1,2021.08.25.17.54.16_veh-42_00060_00249,us-pa-pittsburgh-hazelwood,us-pa-pittsburgh-hazelwood,True,READY,
train_pittsburgh,/Users/liuqing/Projects/01_E2E_QA_Code/nuplan/dataset/data/cache/train_pittsburgh/2021.08.25.17.54.16_veh-42_00314_00440.db,2021.08.25.17.54.16_veh-42_00314_00440.db,10211328,2022-09-23T05:50:01+00:00,True,bb9292e2ba0ac6dd0635e44292adac8a3830c7282c2f1f8cd8eb399f76931bd2,9982f911052330c75c24cc3bd0baa6657f3cd4f09148840376e7d407212e67df,2966,1735,250cdb5e40b8342aa6458d2246926871e48feb97f5a2e3b0c4446c5366060c08,1,2021.08.25.17.54.16_veh-42_00314_00440,us-pa-pittsburgh-hazelwood,us-pa-pittsburgh-hazelwood,True,READY,
train_pittsburgh,/Users/liuqing/Projects/01_E2E_QA_Code/nuplan/dataset/data/cache/train_pittsburgh/2021.08.25.17.54.16_veh-42_00572_00683.db,2021.08.25.17.54.16_veh-42_00572_00683.db,11272192,2022-09-23T05:50:01+00:00,True,bb9292e2ba0ac6dd0635e44292adac8a3830c7282c2f1f8cd8eb399f76931bd2,e9babfb05ca999720087d0bf4c9ff96688e8c9382e401a6e33bac9f45deb893f,2482,1237,821c7fd2d6dbf184f8f4c8ade87681bd1bd3834b935c6597f50780ddd59fe1aa,1,2021.08.25.17.54.16_veh-42_00572_00683,us-pa-pittsburgh-hazelwood,us-pa-pittsburgh-hazelwood,True,READY,
train_pittsburgh,/Users/liuqing/Projects/01_E2E_QA_Code/nuplan/dataset/data/cache/train_pittsburgh/2021.08.25.17.54.16_veh-42_00820_01292.db,2021.08.25.17.54.16_veh-42_00820_01292.db,73273344,2022-09-23T05:50:01+00:00,True,bb9292e2ba0ac6dd0635e44292adac8a3830c7282c2f1f8cd8eb399f76931bd2,64b037b8ecdae8ff64c11f196efd02b70f87d363f929baf5c5fda4cb70e1f733,10752,6697,5eff69b98e276d956296c5bd6261ed2cbbcc71e8e3918587449bf2e5ffcddd30,1,2021.08.25.17.54.16_veh-42_00820_01292,us-pa-pittsburgh-hazelwood,us-pa-pittsburgh-hazelwood,True,READY,
train_pittsburgh,/Users/liuqing/Projects/01_E2E_QA_Code/nuplan/dataset/data/cache/train_pittsburgh/2021.08.25.17.54.16_veh-42_01305_01423.db,2021.08.25.17.54.16_veh-42_01305_01423.db,25014272,2022-09-23T05:50:01+00:00,True,bb9292e2ba0ac6dd0635e44292adac8a3830c7282c2f1f8cd8eb399f76931bd2,03697c2c00b51a28d74a0060bbd590f4077fa53708cfd03bce8a8e09ca9892fc,3816,1964,57f38df1f9a028f8ad3a461b9962bfc158432a44eca8b265758435d9427ee57a,1,2021.08.25.17.54.16_veh-42_01305_01423,us-pa-pittsburgh-hazelwood,us-pa-pittsburgh-hazelwood,True,READY,
train_pittsburgh,/Users/liuqing/Projects/01_E2E_QA_Code/nuplan/dataset/data/cache/train_pittsburgh/2021.08.25.17.54.16_veh-42_01453_01881.db,2021.08.25.17.54.16_veh-42_01453_01881.db,95821824,2022-09-23T05:50:01+00:00,True,bb9292e2ba0ac6dd0635e44292adac8a3830c7282c2f1f8cd8eb399f76931bd2,b6279192dc600d6dd27d0e4366cc314931e902e705a07e6367c0cf9e0d1eb6bf,14536,6130,795df72e544c1d2c2a3ba37cafae1ea4e65282a95229b4da88d5040d9f1b1219,1,2021.08.25.17.54.16_veh-42_01453_01881,us-pa-pittsburgh-hazelwood,us-pa-pittsburgh-hazelwood,True,READY,
train_pittsburgh,/Users/liuqing/Projects/01_E2E_QA_Code/nuplan/dataset/data/cache/train_pittsburgh/2021.08.25.18.07.15_veh-45_00030_00236.db,2021.08.25.18.07.15_veh-45_00030_00236.db,43962368,2022-09-23T05:50:01+00:00,True,bb9292e2ba0ac6dd0635e44292adac8a3830c7282c2f1f8cd8eb399f76931bd2,1a95a389d0e8e41860d176b6031da71cad75c22efc7f321a39b1f39071eb1698,4133,3081,93193e0743107266fad259d3c7b1186f0d971bcbf9c84171569add5b7d63173a,1,2021.08.25.18.07.15_veh-45_00030_00236,us-pa-pittsburgh-hazelwood,us-pa-pittsburgh-hazelwood,True,READY,
train_pittsburgh,/Users/liuqing/Projects/01_E2E_QA_Code/nuplan/dataset/data/cache/train_pittsburgh/2021.08.25.18.07.15_veh-45_00260_00761.db,2021.08.25.18.07.15_veh-45_00260_00761.db,88485888,2022-09-23T05:50:01+00:00,True,bb9292e2ba0ac6dd0635e44292adac8a3830c7282c2f1f8cd8eb399f76931bd2,6e0f9c810f7e108e828694fbd113b8a9b01cf46d432158bbe5d804888aa51d75,11148,6696,f61e608f1f034206249e1e7762d845e21a954954c11bcdfadd0f3dbc05a6f042,1,2021.08.25.18.07.15_veh-45_00260_00761,us-pa-pittsburgh-hazelwood,us-pa-pittsburgh-hazelwood,True,READY,
train_pittsburgh,/Users/liuqing/Projects/01_E2E_QA_Code/nuplan/dataset/data/cache/train_pittsburgh/2021.08.25.18.07.15_veh-45_00805_01036.db,2021.08.25.18.07.15_veh-45_00805_01036.db,44793856,2022-09-23T05:50:01+00:00,True,bb9292e2ba0ac6dd0635e44292adac8a3830c7282c2f1f8cd8eb399f76931bd2,3d1b1536a65a60a3afa5f1c32e973fe438c9a26cb9aec33eb273b56c24d2899f,5100,2773,e02c8780e9cc24f0d89fcfe9f39683afd6692a7d6424b468454204c5e2fe5332,1,2021.08.25.18.07.15_veh-45_00805_01036,us-pa-pittsburgh-hazelwood,us-pa-pittsburgh-hazelwood,True,READY,
train_pittsburgh,/Users/liuqing/Projects/01_E2E_QA_Code/nuplan/dataset/data/cache/train_pittsburgh/2021.08.25.18.07.15_veh-45_01074_01672.db,2021.08.25.18.07.15_veh-45_01074_01672.db,100487168,2022-09-23T05:50:01+00:00,True,bb9292e2ba0ac6dd0635e44292adac8a3830c7282c2f1f8cd8eb399f76931bd2,9cd755546eadb1f0bcf2f4d852e819e06f434b29e425f91d3094060657b276c1,13087,7759,a434cca80044707d2f660bfce4df0cad38c9b62726381f60c253898d5bdb70cf,1,2021.08.25.18.07.15_veh-45_01074_01672,us-pa-pittsburgh-hazelwood,us-pa-pittsburgh-hazelwood,True,READY,
train_pittsburgh,/Users/liuqing/Projects/01_E2E_QA_Code/nuplan/dataset/data/cache/train_pittsburgh/2021.08.25.18.07.15_veh-45_01717_01910.db,2021.08.25.18.07.15_veh-45_01717_01910.db,32604160,2022-09-23T05:50:01+00:00,True,bb9292e2ba0ac6dd0635e44292adac8a3830c7282c2f1f8cd8eb399f76931bd2,f526e54b0fa13a764906a784cb949039e10b5406b7a2a21f5a2704258ccc53c3,4439,2364,34d79049914b32a15e28d41bd573d35ed5b6ca15d1a135050bed0305539aef5c,1,2021.08.25.18.07.15_veh-45_01717_01910,us-pa-pittsburgh-hazelwood,us-pa-pittsburgh-hazelwood,True,READY,
train_pittsburgh,/Users/liuqing/Projects/01_E2E_QA_Code/nuplan/dataset/data/cache/train_pittsburgh/2021.08.25.18.07.15_veh-45_01930_02011.db,2021.08.25.18.07.15_veh-45_01930_02011.db,10260480,2022-09-23T05:50:01+00:00,True,bb9292e2ba0ac6dd0635e44292adac8a3830c7282c2f1f8cd8eb399f76931bd2,4c7a686768ebffa3fe0089020fefc46af0efb08782c191dce66f1a5e02714240,1984,820,594ff8dfd8d38305db7d1991ee0ddf6b9950940adcc6b2f5d863f54aecce0eca,1,2021.08.25.18.07.15_veh-45_01930_02011,us-pa-pittsburgh-hazelwood,us-pa-pittsburgh-hazelwood,True,READY,
train_pittsburgh,/Users/liuqing/Projects/01_E2E_QA_Code/nuplan/dataset/data/cache/train_pittsburgh/2021.08.25.18.07.15_veh-45_02049_02366.db,2021.08.25.18.07.15_veh-45_02049_02366.db,64196608,2022-09-23T05:50:01+00:00,True,bb9292e2ba0ac6dd0635e44292adac8a3830c7282c2f1f8cd8eb399f76931bd2,bb2b5862f015d7d25a78d460fce45cf882d7f9b0d31c59eae2e7afdb957449bb,7419,4672,6d7c9923b10166325d4315d24b9aa0c059c89f7baca50653fcba16bdda16a55d,1,2021.08.25.18.07.15_veh-45_02049_02366,us-pa-pittsburgh-hazelwood,us-pa-pittsburgh-hazelwood,True,READY,
train_pittsburgh,/Users/liuqing/Projects/01_E2E_QA_Code/nuplan/dataset/data/cache/train_pittsburgh/2021.08.25.18.07.15_veh-45_02390_02727.db,2021.08.25.18.07.15_veh-45_02390_02727.db,52150272,2022-09-23T05:50:01+00:00,True,bb9292e2ba0ac6dd0635e44292adac8a3830c7282c2f1f8cd8eb399f76931bd2,995518145fa586ef0e7c22ca779657f46c13fa8dcfae01c9ffaa0327dbf28156,7662,4345,7cd42db6ddb892a0c69eea9826000922d6ce960c62eced689caa5bc248a68782,1,2021.08.25.18.07.15_veh-45_02390_02727,us-pa-pittsburgh-hazelwood,us-pa-pittsburgh-hazelwood,True,READY,
train_pittsburgh,/Users/liuqing/Projects/01_E2E_QA_Code/nuplan/dataset/data/cache/train_pittsburgh/2021.08.25.18.07.15_veh-45_02814_02915.db,2021.08.25.18.07.15_veh-45_02814_02915.db,6455296,2022-09-23T05:50:01+00:00,True,bb9292e2ba0ac6dd0635e44292adac8a3830c7282c2f1f8cd8eb399f76931bd2,496e028e79d5c49672283bbf7057819678054d67c7df5482842a0d012af46f14,2404,1679,46d203319447bea67f4408204253963ebbf8dfbdc2fee88443991cf131f6e371,1,2021.08.25.18.07.15_veh-45_02814_02915,us-pa-pittsburgh-hazelwood,us-pa-pittsburgh-hazelwood,True,READY,
train_pittsburgh,/Users/liuqing/Projects/01_E2E_QA_Code/nuplan/dataset/data/cache/train_pittsburgh/2021.08.25.18.07.15_veh-45_02926_02990.db,2021.08.25.18.07.15_veh-45_02926_02990.db,3846144,2022-09-23T05:50:01+00:00,True,bb9292e2ba0ac6dd0635e44292adac8a3830c7282c2f1f8cd8eb399f76931bd2,f5062e1320c36d091bb5d7e19441d2a36c3e6f81500b611ceb69681270a8c5c2,1122,768,5b878ef3bc915a85f4292a750f4a8bac52f02ce0787a54ce9a72be02539df423,1,2021.08.25.18.07.15_veh-45_02926_02990,us-pa-pittsburgh-hazelwood,us-pa-pittsburgh-hazelwood,True,READY,
train_pittsburgh,/Users/liuqing/Projects/01_E2E_QA_Code/nuplan/dataset/data/cache/train_pittsburgh/2021.08.25.18.29.43_veh-42_00016_00243.db,2021.08.25.18.29.43_veh-42_00016_00243.db,30326784,2022-09-23T05:50:01+00:00,True,bb9292e2ba0ac6dd0635e44292adac8a3830c7282c2f1f8cd8eb399f76931bd2,ef300509ecdf3a2e5b0c8c254a19324e524339b94de76b5807c4a4786a063d8f,4144,2579,8d34eb2260ea05620e26344f005953ca66c11b6b906fc1a575a0fa0072d43091,1,2021.08.25.18.29.43_veh-42_00016_00243,us-pa-pittsburgh-hazelwood,us-pa-pittsburgh-hazelwood,True,READY,
train_pittsburgh,/Users/liuqing/Projects/01_E2E_QA_Code/nuplan/dataset/data/cache/train_pittsburgh/2021.08.25.18.29.43_veh-42_00326_00721.db,2021.08.25.18.29.43_veh-42_00326_00721.db,32043008,2022-09-23T05:50:01+00:00,True,bb9292e2ba0ac6dd0635e44292adac8a3830c7282c2f1f8cd8eb399f76931bd2,cbb59886633e9e79cd4ea58e9f6b161b5fd5159661f87b77d0c727090cb9937b,7371,4905,b52f188f753b61cc03eb15ebefd145e5b6678de28f074f89a7e670929865a27e,1,2021.08.25.18.29.43_veh-42_00326_00721,us-pa-pittsburgh-hazelwood,us-pa-pittsburgh-hazelwood,True,READY,
train_pittsburgh,/Users/liuqing/Projects/01_E2E_QA_Code/nuplan/dataset/data/cache/train_pittsburgh/2021.08.25.18.29.43_veh-42_00791_00888.db,2021.08.25.18.29.43_veh-42_00791_00888.db,7520256,2022-09-23T05:50:01+00:00,True,bb9292e2ba0ac6dd0635e44292adac8a3830c7282c2f1f8cd8eb399f76931bd2,a38be1f186cb48595abb0a8e211077108ebd8ed9fd1ffcb081a34c2e3c289b36,2391,1115,d01e8b3875f918c431ca7500aacd12ae987ba50554c49f9a57ca93b8c160a75f,1,2021.08.25.18.29.43_veh-42_00791_00888,us-pa-pittsburgh-hazelwood,us-pa-pittsburgh-hazelwood,True,READY,
train_pittsburgh,/Users/liuqing/Projects/01_E2E_QA_Code/nuplan/dataset/data/cache/train_pittsburgh/2021.08.25.18.29.43_veh-42_00912_01178.db,2021.08.25.18.29.43_veh-42_00912_01178.db,38465536,2022-09-23T05:50:01+00:00,True,bb9292e2ba0ac6dd0635e44292adac8a3830c7282c2f1f8cd8eb399f76931bd2,bdb540c795b09c658d7a9b95885286669b7351094f3bec0fb85d344e52daad58,7555,3403,4103d1563055cc15cac6a5b1d1c0545297ac17dc9be393b57cdc86c6812c8ba8,1,2021.08.25.18.29.43_veh-42_00912_01178,us-pa-pittsburgh-hazelwood,us-pa-pittsburgh-hazelwood,True,READY,
train_pittsburgh,/Users/liuqing/Projects/01_E2E_QA_Code/nuplan/dataset/data/cache/train_pittsburgh/2021.08.25.18.29.43_veh-42_01203_01483.db,2021.08.25.18.29.43_veh-42_01203_01483.db,59236352,2022-09-23T05:50:01+00:00,True,bb9292e2ba0ac6dd0635e44292adac8a3830c7282c2f1f8cd8eb399f76931bd2,dc29586fea72465ca671fb00b2a7f60fe10659d4646f5ae7541c3a8d6dc577a7,6211,3814,2a9145a6819901d5754de0fb3d3e529cce0a54ca19874f0f92a56ab500b8c845,1,2021.08.25.18.29.43_veh-42_01203_01483,us-pa-pittsburgh-hazelwood,us-pa-pittsburgh-hazelwood,True,READY,
train_pittsburgh,/Users/liuqing/Projects/01_E2E_QA_Code/nuplan/dataset/data/cache/train_pittsburgh/2021.08.25.18.29.43_veh-42_01494_01818.db,2021.08.25.18.29.43_veh-42_01494_01818.db,57483264,2022-09-23T05:50:01+00:00,True,bb9292e2ba0ac6dd0635e44292adac8a3830c7282c2f1f8cd8eb399f76931bd2,6aee42bd4930a1c5fd3063db9900a6c86cd87002b937ee2166445b5a585e7b4c,9099,4975,ab5f2bde9e93e61606fd95ff85354912fdca305e20f25b35fd20ade52acba807,1,2021.08.25.18.29.43_veh-42_01494_01818,us-pa-pittsburgh-hazelwood,us-pa-pittsburgh-hazelwood,True,READY,
train_pittsburgh,/Users/liuqing/Projects/01_E2E_QA_Code/nuplan/dataset/data/cache/train_pittsburgh/2021.08.25.18.29.43_veh-42_01829_01914.db,2021.08.25.18.29.43_veh-42_01829_01914.db,11821056,2022-09-23T05:50:01+00:00,True,bb9292e2ba0ac6dd0635e44292adac8a3830c7282c2f1f8cd8eb399f76931bd2,478e4de0dfc5733ef7a6469d5678baa7adcd1e211f5246a5b76b5624bf56ae92,1928,959,0471e548f1651df4bcf8e9d41e0c22fc3e6d5c1802508051163516bccc6db927,1,2021.08.25.18.29.43_veh-42_01829_01914,us-pa-pittsburgh-hazelwood,us-pa-pittsburgh-hazelwood,True,READY,
train_pittsburgh,/Users/liuqing/Projects/01_E2E_QA_Code/nuplan/dataset/data/cache/train_pittsburgh/2021.08.25.19.06.07_veh-42_00016_00153.db,2021.08.25.19.06.07_veh-42_00016_00153.db,18370560,2022-09-23T05:50:01+00:00,True,bb9292e2ba0ac6dd0635e44292adac8a3830c7282c2f1f8cd8eb399f76931bd2,15ef8234c6e7cca9183c59a5571e6f040c8d6214cc2d577bbf455c5fac6fa8c0,2918,1454,b8c8a36ca4bd211db009e2662761d0444bf872805644cd850a022186644555e6,1,2021.08.25.19.06.07_veh-42_00016_00153,us-pa-pittsburgh-hazelwood,us-pa-pittsburgh-hazelwood,True,READY,
train_pittsburgh,/Users/liuqing/Projects/01_E2E_QA_Code/nuplan/dataset/data/cache/train_pittsburgh/2021.08.25.19.06.07_veh-42_00164_00475.db,2021.08.25.19.06.07_veh-42_00164_00475.db,59592704,2022-09-23T05:50:01+00:00,True,bb9292e2ba0ac6dd0635e44292adac8a3830c7282c2f1f8cd8eb399f76931bd2,5f70625f4846e3a71410f19035d5877d7d2655f14cf428ae4d5a5f8fe80a37b1,8782,5232,667026e6825f65e3cc0c3c824a60972b16917df42eb4338a4b44bc72dca1ecad,1,2021.08.25.19.06.07_veh-42_00164_00475,us-pa-pittsburgh-hazelwood,us-pa-pittsburgh-hazelwood,True,READY,
train_pittsburgh,/Users/liuqing/Projects/01_E2E_QA_Code/nuplan/dataset/data/cache/train_pittsburgh/2021.08.25.19.06.07_veh-42_00489_00943.db,2021.08.25.19.06.07_veh-42_00489_00943.db,87572480,2022-09-23T05:50:01+00:00,True,bb9292e2ba0ac6dd0635e44292adac8a3830c7282c2f1f8cd8eb399f76931bd2,443c9a8a49eae18976b5c1e3f94b8f25700ff019b09a3bd6aa269a5eb6c08ded,9701,6536,57b72036768f1425ad24162b16a2e13c741e3150c21a597e627fffd7cf067e96,1,2021.08.25.19.06.07_veh-42_00489_00943,us-pa-pittsburgh-hazelwood,us-pa-pittsburgh-hazelwood,True,READY,
train_pittsburgh,/Users/liuqing/Projects/01_E2E_QA_Code/nuplan/dataset/data/cache/train_pittsburgh/2021.08.25.19.06.07_veh-42_00965_01115.db,2021.08.25.19.06.07_veh-42_00965_01115.db,17637376,2022-09-23T05:50:01+00:00,True,bb9292e2ba0ac6dd0635e44292adac8a3830c7282c2f1f8cd8eb399f76931bd2,605a4dc065cc0d626280617c4907515352b3768df2be623155d77dcada690ab3,2997,1692,8daf91b4bc365ad0516b71baf2f23f130f48be0b205b503cb2c720035c7b8619,1,2021.08.25.19.06.07_veh-42_00965_01115,us-pa-pittsburgh-hazelwood,us-pa-pittsburgh-hazelwood,True,READY,
train_pittsburgh,/Users/liuqing/Projects/01_E2E_QA_Code/nuplan/dataset/data/cache/train_pittsburgh/2021.08.25.19.06.07_veh-42_01126_01421.db,2021.08.25.19.06.07_veh-42_01126_01421.db,36397056,2022-09-23T05:50:01+00:00,True,bb9292e2ba0ac6dd0635e44292adac8a3830c7282c2f1f8cd8eb399f76931bd2,6c3a8247e6ada740e2f76a11e4d3e2bf66bf1be43ba8bc8dd7cbfa6e1cf11970,7290,3608,68b28a732cca0a8b15f4447dc6bf2d3c0626d47251f336fd1423ecf92413c72c,1,2021.08.25.19.06.07_veh-42_01126_01421,us-pa-pittsburgh-hazelwood,us-pa-pittsburgh-hazelwood,True,READY,
train_pittsburgh,/Users/liuqing/Projects/01_E2E_QA_Code/nuplan/dataset/data/cache/train_pittsburgh/2021.08.25.19.06.07_veh-42_01513_01603.db,2021.08.25.19.06.07_veh-42_01513_01603.db,6602752,2022-09-23T05:50:01+00:00,True,bb9292e2ba0ac6dd0635e44292adac8a3830c7282c2f1f8cd8eb399f76931bd2,b959e20e02a2f52d91752c4829e637a7bb777bf22de83ec8eea1a5e60c4ab8d9,0,0,e3b0c44298fc1c149afbf4c8996fb92427ae41e4649b934ca495991b7852b855,1,2021.08.25.19.06.07_veh-42_01513_01603,us-pa-pittsburgh-hazelwood,us-pa-pittsburgh-hazelwood,True,READY,
train_pittsburgh,/Users/liuqing/Projects/01_E2E_QA_Code/nuplan/dataset/data/cache/train_pittsburgh/2021.08.25.19.06.07_veh-42_01637_01700.db,2021.08.25.19.06.07_veh-42_01637_01700.db,4112384,2022-09-23T05:50:01+00:00,True,bb9292e2ba0ac6dd0635e44292adac8a3830c7282c2f1f8cd8eb399f76931bd2,69035d798f1bb9a6d207c5b21ffdd952673c6d0d8676170cc1d3b31b00a68175,0,0,e3b0c44298fc1c149afbf4c8996fb92427ae41e4649b934ca495991b7852b855,1,2021.08.25.19.06.07_veh-42_01637_01700,us-pa-pittsburgh-hazelwood,us-pa-pittsburgh-hazelwood,True,READY,
train_pittsburgh,/Users/liuqing/Projects/01_E2E_QA_Code/nuplan/dataset/data/cache/train_pittsburgh/2021.08.25.19.15.01_veh-45_00017_00093.db,2021.08.25.19.15.01_veh-45_00017_00093.db,5574656,2022-09-23T05:50:01+00:00,True,bb9292e2ba0ac6dd0635e44292adac8a3830c7282c2f1f8cd8eb399f76931bd2,4cf9013a0f89bcc67fb3cf669cfef9eaf274cbc1cb9eac42b360347304bdef4c,1748,1123,8da690e86af75cc35c3ccde886f1b104153f1f039818c154d8db97c2f1348c43,1,2021.08.25.19.15.01_veh-45_00017_00093,us-pa-pittsburgh-hazelwood,us-pa-pittsburgh-hazelwood,True,READY,
train_pittsburgh,/Users/liuqing/Projects/01_E2E_QA_Code/nuplan/dataset/data/cache/train_pittsburgh/2021.08.25.19.15.01_veh-45_00179_00590.db,2021.08.25.19.15.01_veh-45_00179_00590.db,51617792,2022-09-23T05:50:01+00:00,True,bb9292e2ba0ac6dd0635e44292adac8a3830c7282c2f1f8cd8eb399f76931bd2,36d2202dfe23f2a7409f6cec28e4956b893c97aee93aab5bb3654d9d40e74833,8577,5374,c0f37f51797a65eba5be2c4f0fd5ec7c6e1d94286f38a4e2dd5c85dc54f0c966,1,2021.08.25.19.15.01_veh-45_00179_00590,us-pa-pittsburgh-hazelwood,us-pa-pittsburgh-hazelwood,True,READY,
train_pittsburgh,/Users/liuqing/Projects/01_E2E_QA_Code/nuplan/dataset/data/cache/train_pittsburgh/2021.08.25.19.15.01_veh-45_00626_00943.db,2021.08.25.19.15.01_veh-45_00626_00943.db,45993984,2022-09-23T05:50:01+00:00,True,bb9292e2ba0ac6dd0635e44292adac8a3830c7282c2f1f8cd8eb399f76931bd2,bdebd797ead82aba3287f4e070b69d2439571e00fa37e2423a7a85472f058baf,7345,4656,92a7a9e3021decffe8f80dd7ea3dd8b037fd86100929708af63302befbde08ac,1,2021.08.25.19.15.01_veh-45_00626_00943,us-pa-pittsburgh-hazelwood,us-pa-pittsburgh-hazelwood,True,READY,
train_pittsburgh,/Users/liuqing/Projects/01_E2E_QA_Code/nuplan/dataset/data/cache/train_pittsburgh/2021.08.25.19.15.01_veh-45_01070_01141.db,2021.08.25.19.15.01_veh-45_01070_01141.db,4710400,2022-09-23T05:50:01+00:00,True,bb9292e2ba0ac6dd0635e44292adac8a3830c7282c2f1f8cd8eb399f76931bd2,32f4c8e92e06e55b08b3d9437d80bf094b9d3c64486fd548cd70d1d15da828ab,1429,1045,d518a2d758b4e8498701946f6c221513a1a8c765c91e6225bc61c81bf4d06941,1,2021.08.25.19.15.01_veh-45_01070_01141,us-pa-pittsburgh-hazelwood,us-pa-pittsburgh-hazelwood,True,READY,
train_pittsburgh,/Users/liuqing/Projects/01_E2E_QA_Code/nuplan/dataset/data/cache/train_pittsburgh/2021.08.25.19.15.01_veh-45_01176_01238.db,2021.08.25.19.15.01_veh-45_01176_01238.db,4050944,2022-09-23T05:50:01+00:00,True,bb9292e2ba0ac6dd0635e44292adac8a3830c7282c2f1f8cd8eb399f76931bd2,4026272254b88b0ab9814487acd96d82c61619ee6861f04ce00f80da009a1566,1108,723,86f81b2cfb11f23282252c819ccc0b1aa32e4825a183601c73e0415177be8c00,1,2021.08.25.19.15.01_veh-45_01176_01238,us-pa-pittsburgh-hazelwood,us-pa-pittsburgh-hazelwood,True,READY,
train_pittsburgh,/Users/liuqing/Projects/01_E2E_QA_Code/nuplan/dataset/data/cache/train_pittsburgh/2021.08.25.19.15.01_veh-45_01280_01416.db,2021.08.25.19.15.01_veh-45_01280_01416.db,9850880,2022-09-23T05:50:01+00:00,True,bb9292e2ba0ac6dd0635e44292adac8a3830c7282c2f1f8cd8eb399f76931bd2,35490a6a963be724fb7f8e44045761d40094f5e3616e9485a934ed985463ace5,3047,1906,c2b2b3a8ffb7e3b6630bf2cfe8a30490a445b90169438c55237af5d273644a78,1,2021.08.25.19.15.01_veh-45_01280_01416,us-pa-pittsburgh-hazelwood,us-pa-pittsburgh-hazelwood,True,READY,
train_pittsburgh,/Users/liuqing/Projects/01_E2E_QA_Code/nuplan/dataset/data/cache/train_pittsburgh/2021.08.25.19.15.01_veh-45_01455_01721.db,2021.08.25.19.15.01_veh-45_01455_01721.db,27201536,2022-09-23T05:50:01+00:00,True,bb9292e2ba0ac6dd0635e44292adac8a3830c7282c2f1f8cd8eb399f76931bd2,6cde1b340495df6c6e39031c5f0bd0e02a2567dbf9c444ac4ab7fd102983bb13,6226,3987,7008c07c21ada14d04d53d098a5eddd1992d2242a2521e0ea512550c07b8d9fa,1,2021.08.25.19.15.01_veh-45_01455_01721,us-pa-pittsburgh-hazelwood,us-pa-pittsburgh-hazelwood,True,READY,
train_pittsburgh,/Users/liuqing/Projects/01_E2E_QA_Code/nuplan/dataset/data/cache/train_pittsburgh/2021.08.25.19.15.01_veh-45_01798_02592.db,2021.08.25.19.15.01_veh-45_01798_02592.db,131031040,2022-09-23T05:50:01+00:00,True,bb9292e2ba0ac6dd0635e44292adac8a3830c7282c2f1f8cd8eb399f76931bd2,d6b9b14b2c17d5a0d4b431b953c9c5563f7dca27e5270403bc81c8ec3ccc6616,16216,10706,f627d81ee37993d387d18169c41edabab2aa0df350663265a47818fcbf6e54bf,1,2021.08.25.19.15.01_veh-45_01798_02592,us-pa-pittsburgh-hazelwood,us-pa-pittsburgh-hazelwood,True,READY,
train_pittsburgh,/Users/liuqing/Projects/01_E2E_QA_Code/nuplan/dataset/data/cache/train_pittsburgh/2021.08.25.19.30.22_veh-08_00028_00107.db,2021.08.25.19.30.22_veh-08_00028_00107.db,6656000,2022-09-23T05:50:02+00:00,True,bb9292e2ba0ac6dd0635e44292adac8a3830c7282c2f1f8cd8eb399f76931bd2,a337a698f316781b7a0a0a90358420a997722a8219c02522337ea2bb7f695ae1,1614,978,7376d4dfb77095085ea4ad19dcca9a107e4c28097b4bb6c7354de60e7089a211,1,2021.08.25.19.30.22_veh-08_00028_00107,us-pa-pittsburgh-hazelwood,us-pa-pittsburgh-hazelwood,True,READY,
train_pittsburgh,/Users/liuqing/Projects/01_E2E_QA_Code/nuplan/dataset/data/cache/train_pittsburgh/2021.08.25.19.30.22_veh-08_00219_00371.db,2021.08.25.19.30.22_veh-08_00219_00371.db,10027008,2022-09-23T05:50:02+00:00,True,bb9292e2ba0ac6dd0635e44292adac8a3830c7282c2f1f8cd8eb399f76931bd2,b2991328bb2e0389caea6b405dad4ab6651f5ee49485840d7829762828d78fc6,3123,2526,095b4db789a84cefa934efba3b33889b97a954ef9b90db199de1891c822d15eb,1,2021.08.25.19.30.22_veh-08_00219_00371,us-pa-pittsburgh-hazelwood,us-pa-pittsburgh-hazelwood,True,READY,
train_pittsburgh,/Users/liuqing/Projects/01_E2E_QA_Code/nuplan/dataset/data/cache/train_pittsburgh/2021.08.25.19.30.22_veh-08_00467_00546.db,2021.08.25.19.30.22_veh-08_00467_00546.db,7634944,2022-09-23T05:50:02+00:00,True,bb9292e2ba0ac6dd0635e44292adac8a3830c7282c2f1f8cd8eb399f76931bd2,feec70e18f7d6099d17c987e6e1de36936d95e140d2910cfc330755fcbdb6b91,1409,769,792c07ddf4269ba8a401d7d4d30b78258f695e97fb735a10d2d3f09958fb5889,1,2021.08.25.19.30.22_veh-08_00467_00546,us-pa-pittsburgh-hazelwood,us-pa-pittsburgh-hazelwood,True,READY,
train_pittsburgh,/Users/liuqing/Projects/01_E2E_QA_Code/nuplan/dataset/data/cache/train_pittsburgh/2021.08.25.19.30.22_veh-08_00867_01103.db,2021.08.25.19.30.22_veh-08_00867_01103.db,45875200,2022-09-23T05:50:02+00:00,True,bb9292e2ba0ac6dd0635e44292adac8a3830c7282c2f1f8cd8eb399f76931bd2,75fc05c057f1e84089f2731833805aff42c2f7e74977f5587c26ec186ac9b8ef,5100,3117,47e73d351632b330913f663f6122760e8d6ad7e8822fa709d389dbc6dfdffa15,1,2021.08.25.19.30.22_veh-08_00867_01103,us-pa-pittsburgh-hazelwood,us-pa-pittsburgh-hazelwood,True,READY,
train_pittsburgh,/Users/liuqing/Projects/01_E2E_QA_Code/nuplan/dataset/data/cache/train_pittsburgh/2021.08.25.19.30.22_veh-08_01138_01710.db,2021.08.25.19.30.22_veh-08_01138_01710.db,106582016,2022-09-23T05:50:02+00:00,True,bb9292e2ba0ac6dd0635e44292adac8a3830c7282c2f1f8cd8eb399f76931bd2,6bd3e619ff9f2cb1ddbd9d7d2dad19016897edf95ddcb0f262cf5a0cfc2e4e28,12066,7640,ada5f3359b33052d5f0e267910e9ae61cadc317afc687eccb296b1d5c79ec89f,1,2021.08.25.19.30.22_veh-08_01138_01710,us-pa-pittsburgh-hazelwood,us-pa-pittsburgh-hazelwood,True,READY,
train_pittsburgh,/Users/liuqing/Projects/01_E2E_QA_Code/nuplan/dataset/data/cache/train_pittsburgh/2021.08.25.19.45.41_veh-42_00154_00291.db,2021.08.25.19.45.41_veh-42_00154_00291.db,10084352,2022-09-23T05:50:02+00:00,True,bb9292e2ba0ac6dd0635e44292adac8a3830c7282c2f1f8cd8eb399f76931bd2,c97ec10779271c5d1499d5622e51bb002836a93945f187faad0c76d9df1cbd94,3111,2023,6d2d8b686269a6e538e379970454b83adcd6c901999f2cc9815522d12da89a9a,1,2021.08.25.19.45.41_veh-42_00154_00291,us-pa-pittsburgh-hazelwood,us-pa-pittsburgh-hazelwood,True,READY,
train_pittsburgh,/Users/liuqing/Projects/01_E2E_QA_Code/nuplan/dataset/data/cache/train_pittsburgh/2021.08.25.19.45.41_veh-42_00314_00472.db,2021.08.25.19.45.41_veh-42_00314_00472.db,14258176,2022-09-23T05:50:02+00:00,True,bb9292e2ba0ac6dd0635e44292adac8a3830c7282c2f1f8cd8eb399f76931bd2,c684139d0cc5dd44ff8552be229077b217ab58a7ced472e451cb0572960ab34b,6560,2416,b0d986d1d655a02bb79cc0b80e794cd917aed109ef29e763970382dce854781a,1,2021.08.25.19.45.41_veh-42_00314_00472,us-pa-pittsburgh-hazelwood,us-pa-pittsburgh-hazelwood,True,READY,
train_pittsburgh,/Users/liuqing/Projects/01_E2E_QA_Code/nuplan/dataset/data/cache/train_pittsburgh/2021.08.25.19.45.41_veh-42_00483_00762.db,2021.08.25.19.45.41_veh-42_00483_00762.db,37515264,2022-09-23T05:50:02+00:00,True,bb9292e2ba0ac6dd0635e44292adac8a3830c7282c2f1f8cd8eb399f76931bd2,06bfdd3d16ae03e8316348a79a031b4cfe0c21f1363b880d0275283f63ac0379,6291,3531,738ed97b749a1b7b25b3a41182c7b3ff45c50236c752d7c799dfe35cdc90b79a,1,2021.08.25.19.45.41_veh-42_00483_00762,us-pa-pittsburgh-hazelwood,us-pa-pittsburgh-hazelwood,True,READY,
train_pittsburgh,/Users/liuqing/Projects/01_E2E_QA_Code/nuplan/dataset/data/cache/train_pittsburgh/2021.08.25.19.45.41_veh-42_00784_01012.db,2021.08.25.19.45.41_veh-42_00784_01012.db,39211008,2022-09-23T05:50:02+00:00,True,bb9292e2ba0ac6dd0635e44292adac8a3830c7282c2f1f8cd8eb399f76931bd2,6d1d30df9e15e5c681367c743a3cb6f5db2c210f8c1f8ee98cf6cd1e576eca2f,4778,2750,940c889ffabd31348e248d4bc1c595a90b51de973524f0e3d94173ae1eff355b,1,2021.08.25.19.45.41_veh-42_00784_01012,us-pa-pittsburgh-hazelwood,us-pa-pittsburgh-hazelwood,True,READY,
train_pittsburgh,/Users/liuqing/Projects/01_E2E_QA_Code/nuplan/dataset/data/cache/train_pittsburgh/2021.08.25.19.45.41_veh-42_01035_01564.db,2021.08.25.19.45.41_veh-42_01035_01564.db,104312832,2022-09-23T05:50:02+00:00,True,bb9292e2ba0ac6dd0635e44292adac8a3830c7282c2f1f8cd8eb399f76931bd2,2711312d63f9d42a171c3a6acb5996ff73a81c4481397dd8a8ebcb8f5399984d,12292,6967,452779f547ebe1caf48cdf1e8cd0ffd7af78cafea1b316d73464f75dcc79be2e,1,2021.08.25.19.45.41_veh-42_01035_01564,us-pa-pittsburgh-hazelwood,us-pa-pittsburgh-hazelwood,True,READY,
train_pittsburgh,/Users/liuqing/Projects/01_E2E_QA_Code/nuplan/dataset/data/cache/train_pittsburgh/2021.08.25.19.45.41_veh-42_01680_01821.db,2021.08.25.19.45.41_veh-42_01680_01821.db,19853312,2022-09-23T05:50:02+00:00,True,bb9292e2ba0ac6dd0635e44292adac8a3830c7282c2f1f8cd8eb399f76931bd2,f63917b88514289bb988df191be6b7a85c90209815e83bde68059d3cfabf8e38,3146,2031,ab1237a6693703fae9e100a15970150a2630a8d274dd900c86b4cf4a1e3d0a22,1,2021.08.25.19.45.41_veh-42_01680_01821,us-pa-pittsburgh-hazelwood,us-pa-pittsburgh-hazelwood,True,READY,
train_pittsburgh,/Users/liuqing/Projects/01_E2E_QA_Code/nuplan/dataset/data/cache/train_pittsburgh/2021.08.25.20.03.09_veh-08_00016_00999.db,2021.08.25.20.03.09_veh-08_00016_00999.db,173060096,2022-09-23T05:50:02+00:00,True,bb9292e2ba0ac6dd0635e44292adac8a3830c7282c2f1f8cd8eb399f76931bd2,a239e2eebc01d7d54d98feb038f3c0b9babfc7cc896ff5de47cf5e9514469ec8,22284,13369,4e9e4693440a7de4cda7c17359a19045974d4eac70656d085053472e14d52dcf,1,2021.08.25.20.03.09_veh-08_00016_00999,us-pa-pittsburgh-hazelwood,us-pa-pittsburgh-hazelwood,True,READY,
train_pittsburgh,/Users/liuqing/Projects/01_E2E_QA_Code/nuplan/dataset/data/cache/train_pittsburgh/2021.08.25.20.03.09_veh-08_01019_01079.db,2021.08.25.20.03.09_veh-08_01019_01079.db,5709824,2022-09-23T05:50:02+00:00,True,bb9292e2ba0ac6dd0635e44292adac8a3830c7282c2f1f8cd8eb399f76931bd2,3881cb9b12136392a1694fbdab5fafd2ee526fe54252dccea5db3e7dcf92d854,1096,492,2d1c6f1236856381aae8ac71e5f3412443b594af2b653bc3d802930ea20e7810,1,2021.08.25.20.03.09_veh-08_01019_01079,us-pa-pittsburgh-hazelwood,us-pa-pittsburgh-hazelwood,True,READY,
train_pittsburgh,/Users/liuqing/Projects/01_E2E_QA_Code/nuplan/dataset/data/cache/train_pittsburgh/2021.08.25.20.03.09_veh-08_01152_01305.db,2021.08.25.20.03.09_veh-08_01152_01305.db,12398592,2022-09-23T05:50:02+00:00,True,bb9292e2ba0ac6dd0635e44292adac8a3830c7282c2f1f8cd8eb399f76931bd2,b1e3174f4f6df7f2839535bf4c27756f84b460971c86ec41d93c98b63028ea14,3077,2059,9ad39125e8dfa370dbaa598792bd6b01500092676ae23ce655fd6af022e42bad,1,2021.08.25.20.03.09_veh-08_01152_01305,us-pa-pittsburgh-hazelwood,us-pa-pittsburgh-hazelwood,True,READY,
train_pittsburgh,/Users/liuqing/Projects/01_E2E_QA_Code/nuplan/dataset/data/cache/train_pittsburgh/2021.08.25.20.03.09_veh-08_01402_01468.db,2021.08.25.20.03.09_veh-08_01402_01468.db,4612096,2022-09-23T05:50:02+00:00,True,bb9292e2ba0ac6dd0635e44292adac8a3830c7282c2f1f8cd8eb399f76931bd2,94f8d5af15d2f960715614896e060b343077ac22bae143feec949cb472fc84f9,2188,1309,eaf8d209b9a328c8bf78464acc11911eab0a2dd22d3dca3f1522047a62b4ac71,1,2021.08.25.20.03.09_veh-08_01402_01468,us-pa-pittsburgh-hazelwood,us-pa-pittsburgh-hazelwood,True,READY,
train_pittsburgh,/Users/liuqing/Projects/01_E2E_QA_Code/nuplan/dataset/data/cache/train_pittsburgh/2021.08.25.20.03.09_veh-08_01492_01761.db,2021.08.25.20.03.09_veh-08_01492_01761.db,21078016,2022-09-23T05:50:02+00:00,True,bb9292e2ba0ac6dd0635e44292adac8a3830c7282c2f1f8cd8eb399f76931bd2,60d823283467f797b2f9eabe2c418d32973a74d00cb002a8f2b2704ae97a6a9d,5173,3433,45a00ab72008b897695903ba952090eff6673ea4878f5e2a896add7028e4415c,1,2021.08.25.20.03.09_veh-08_01492_01761,us-pa-pittsburgh-hazelwood,us-pa-pittsburgh-hazelwood,True,READY,
train_pittsburgh,/Users/liuqing/Projects/01_E2E_QA_Code/nuplan/dataset/data/cache/train_pittsburgh/2021.08.25.20.03.37_veh-45_00171_00276.db,2021.08.25.20.03.37_veh-45_00171_00276.db,8478720,2022-09-23T05:50:02+00:00,True,bb9292e2ba0ac6dd0635e44292adac8a3830c7282c2f1f8cd8eb399f76931bd2,b31bd7f113418a57deb15e0fcc0c2d62573366a712bc47d20d0c948c6dac391d,1856,1225,e7edd6b94890d6abb066701c306ce10ae8d649b77c03a090e1d37a5d3fbbab9d,1,2021.08.25.20.03.37_veh-45_00171_00276,us-pa-pittsburgh-hazelwood,us-pa-pittsburgh-hazelwood,True,READY,
train_pittsburgh,/Users/liuqing/Projects/01_E2E_QA_Code/nuplan/dataset/data/cache/train_pittsburgh/2021.08.25.20.03.37_veh-45_00366_00464.db,2021.08.25.20.03.37_veh-45_00366_00464.db,7032832,2022-09-23T05:50:02+00:00,True,bb9292e2ba0ac6dd0635e44292adac8a3830c7282c2f1f8cd8eb399f76931bd2,45d7558ccf9c8d86a623942e39f870ff2e36abe62b66f68ec7d05f492c9d8a94,1993,1491,fca729ec46cd07ba05c6fdde04c7784a522a7c043cce31c6c980233a20830f51,1,2021.08.25.20.03.37_veh-45_00366_00464,us-pa-pittsburgh-hazelwood,us-pa-pittsburgh-hazelwood,True,READY,
train_pittsburgh,/Users/liuqing/Projects/01_E2E_QA_Code/nuplan/dataset/data/cache/train_pittsburgh/2021.08.25.20.03.37_veh-45_00540_00920.db,2021.08.25.20.03.37_veh-45_00540_00920.db,54448128,2022-09-23T05:50:02+00:00,True,bb9292e2ba0ac6dd0635e44292adac8a3830c7282c2f1f8cd8eb399f76931bd2,53e5fab7dd7f54b6656362bd17fb7852920adf683256f739ba8791d49d1b7ef7,9566,5021,81b5ffe98aee5b83f1b68b58cc12327b037033e0cc84eff244316a76a737f818,1,2021.08.25.20.03.37_veh-45_00540_00920,us-pa-pittsburgh-hazelwood,us-pa-pittsburgh-hazelwood,True,READY,
train_pittsburgh,/Users/liuqing/Projects/01_E2E_QA_Code/nuplan/dataset/data/cache/train_pittsburgh/2021.08.25.20.03.37_veh-45_00947_01390.db,2021.08.25.20.03.37_veh-45_00947_01390.db,62558208,2022-09-23T05:50:02+00:00,True,bb9292e2ba0ac6dd0635e44292adac8a3830c7282c2f1f8cd8eb399f76931bd2,cdd75f535be20e2a25e5cff76b7fa6943f0ecdfa7c20fcf0c0fd404c57619223,8893,5737,b6150e5a00dd91d41aeebb193c30b251b8ee7192bdd6d397f7b4929f7d861697,1,2021.08.25.20.03.37_veh-45_00947_01390,us-pa-pittsburgh-hazelwood,us-pa-pittsburgh-hazelwood,True,READY,
train_pittsburgh,/Users/liuqing/Projects/01_E2E_QA_Code/nuplan/dataset/data/cache/train_pittsburgh/2021.08.25.20.03.37_veh-45_01408_01468.db,2021.08.25.20.03.37_veh-45_01408_01468.db,4620288,2022-09-23T05:50:02+00:00,True,bb9292e2ba0ac6dd0635e44292adac8a3830c7282c2f1f8cd8eb399f76931bd2,7b0bf5a2a3a2635f0f097dc8cdf0e09f0771a9db3873f37f9be812e463f4516d,1025,601,4aec28f93c10a7366841fdd4bb5867d7678bb4b3720163dc805651a5879390c5,1,2021.08.25.20.03.37_veh-45_01408_01468,us-pa-pittsburgh-hazelwood,us-pa-pittsburgh-hazelwood,True,READY,
train_pittsburgh,/Users/liuqing/Projects/01_E2E_QA_Code/nuplan/dataset/data/cache/train_pittsburgh/2021.08.25.20.03.37_veh-45_01501_01800.db,2021.08.25.20.03.37_veh-45_01501_01800.db,21028864,2022-09-23T05:50:02+00:00,True,bb9292e2ba0ac6dd0635e44292adac8a3830c7282c2f1f8cd8eb399f76931bd2,c91fa103f44dfaac22029120bec94926f43a3788469f5ebca6a4ff1aa875b260,6375,4257,37f45a43f4e409b326a2829bba3dbafd587a81d0016fa8859a0e666dfa26c7a6,1,2021.08.25.20.03.37_veh-45_01501_01800,us-pa-pittsburgh-hazelwood,us-pa-pittsburgh-hazelwood,True,READY,
train_pittsburgh,/Users/liuqing/Projects/01_E2E_QA_Code/nuplan/dataset/data/cache/train_pittsburgh/2021.08.25.20.03.37_veh-45_01824_02008.db,2021.08.25.20.03.37_veh-45_01824_02008.db,13168640,2022-09-23T05:50:02+00:00,True,bb9292e2ba0ac6dd0635e44292adac8a3830c7282c2f1f8cd8eb399f76931bd2,be7dc9491947c9ebcd57709061f65383304c3e6a2701383cfba1487644f33b25,3102,2120,f54ab2135c1e12de1b15f2953c2b53a7f3db07f960eca0db713a00d11f18de62,1,2021.08.25.20.03.37_veh-45_01824_02008,us-pa-pittsburgh-hazelwood,us-pa-pittsburgh-hazelwood,True,READY,
train_pittsburgh,/Users/liuqing/Projects/01_E2E_QA_Code/nuplan/dataset/data/cache/train_pittsburgh/2021.08.25.20.20.58_veh-42_00015_00077.db,2021.08.25.20.20.58_veh-42_00015_00077.db,4136960,2022-09-23T05:30:21+00:00,True,bb9292e2ba0ac6dd0635e44292adac8a3830c7282c2f1f8cd8eb399f76931bd2,f9d20f132809eb24bbb2a60940f1740c29dce83d6d20ed9cdc0530af49fb7fd7,1528,1043,e890f299dd95ebfe19745551c6ccbd4ef93ea1cab778180fe7ebd3da96ed15a5,1,2021.08.25.20.20.58_veh-42_00015_00077,us-pa-pittsburgh-hazelwood,us-pa-pittsburgh-hazelwood,True,READY,
train_pittsburgh,/Users/liuqing/Projects/01_E2E_QA_Code/nuplan/dataset/data/cache/train_pittsburgh/2021.08.25.20.20.58_veh-42_00128_00365.db,2021.08.25.20.20.58_veh-42_00128_00365.db,16199680,2022-09-23T05:30:21+00:00,True,bb9292e2ba0ac6dd0635e44292adac8a3830c7282c2f1f8cd8eb399f76931bd2,cd8864cacb612b8931d2ac901e1ba06613bebfe124ae9e3502bb1bac8d905ea0,5002,3270,6c9808df709582cd2507478e6c0118dda016e7e582ad3183afd0d464c151d0c5,1,2021.08.25.20.20.58_veh-42_00128_00365,us-pa-pittsburgh-hazelwood,us-pa-pittsburgh-hazelwood,True,READY,
train_pittsburgh,/Users/liuqing/Projects/01_E2E_QA_Code/nuplan/dataset/data/cache/train_pittsburgh/2021.08.25.20.20.58_veh-42_00403_00851.db,2021.08.25.20.20.58_veh-42_00403_00851.db,62332928,2022-09-23T05:30:21+00:00,True,bb9292e2ba0ac6dd0635e44292adac8a3830c7282c2f1f8cd8eb399f76931bd2,665222931d1bc2fad72b99949beab8214b7bab8da734dfc9241f5d95d7fcc20e,10492,6922,0dd04a0a6c8712e0c026fd0ce70b2d513fbfeb07eb8cc0fc1b5c748cbcf4e882,1,2021.08.25.20.20.58_veh-42_00403_00851,us-pa-pittsburgh-hazelwood,us-pa-pittsburgh-hazelwood,True,READY,
train_pittsburgh,/Users/liuqing/Projects/01_E2E_QA_Code/nuplan/dataset/data/cache/train_pittsburgh/2021.08.25.20.20.58_veh-42_00884_01136.db,2021.08.25.20.20.58_veh-42_00884_01136.db,46080000,2022-09-23T05:30:21+00:00,True,bb9292e2ba0ac6dd0635e44292adac8a3830c7282c2f1f8cd8eb399f76931bd2,06786b8ab8abc8be394d9ac72e636197e7d5509acfe60b28ede8e87228bbca40,4913,3581,cab831062903a1d1290be93e25b10483a4516aaf7350c5b475b31e72caf37232,1,2021.08.25.20.20.58_veh-42_00884_01136,us-pa-pittsburgh-hazelwood,us-pa-pittsburgh-hazelwood,True,READY,
train_pittsburgh,/Users/liuqing/Projects/01_E2E_QA_Code/nuplan/dataset/data/cache/train_pittsburgh/2021.08.25.20.20.58_veh-42_01147_01456.db,2021.08.25.20.20.58_veh-42_01147_01456.db,52707328,2022-09-23T05:30:21+00:00,True,bb9292e2ba0ac6dd0635e44292adac8a3830c7282c2f1f8cd8eb399f76931bd2,94fca2026f75d644ea2d050da86e7081b42999d90b02850612687c479e526e1a,3795,2352,684addbf79b3ea2050bdec3a0cba2d9f90405f3c847f3a8d28aec636a7e14615,1,2021.08.25.20.20.58_veh-42_01147_01456,us-pa-pittsburgh-hazelwood,us-pa-pittsburgh-hazelwood,True,READY,
train_pittsburgh,/Users/liuqing/Projects/01_E2E_QA_Code/nuplan/dataset/data/cache/train_pittsburgh/2021.08.25.20.20.58_veh-42_01467_02256.db,2021.08.25.20.20.58_veh-42_01467_02256.db,93233152,2022-09-23T05:30:21+00:00,True,bb9292e2ba0ac6dd0635e44292adac8a3830c7282c2f1f8cd8eb399f76931bd2,f67484ed76803c3ba19d3f020de089388a16d7ac3074cf48d0b80a34a0f9a11d,0,0,e3b0c44298fc1c149afbf4c8996fb92427ae41e4649b934ca495991b7852b855,1,2021.08.25.20.20.58_veh-42_01467_02256,us-pa-pittsburgh-hazelwood,us-pa-pittsburgh-hazelwood,True,READY,
train_pittsburgh,/Users/liuqing/Projects/01_E2E_QA_Code/nuplan/dataset/data/cache/train_pittsburgh/2021.08.26.14.34.54_veh-08_00055_00161.db,2021.08.26.14.34.54_veh-08_00055_00161.db,7987200,2022-09-23T05:50:02+00:00,True,bb9292e2ba0ac6dd0635e44292adac8a3830c7282c2f1f8cd8eb399f76931bd2,f7947ceda6f4e4562fb84c2d113e37f805d7cf20786b997679adaaaf1f54a8c9,2887,1332,e74a5777b8d6e3c2294d0dc6f1ce5a355a7e84833d224b91c299f7b5faea46ff,1,2021.08.26.14.34.54_veh-08_00055_00161,us-pa-pittsburgh-hazelwood,us-pa-pittsburgh-hazelwood,True,READY,
train_pittsburgh,/Users/liuqing/Projects/01_E2E_QA_Code/nuplan/dataset/data/cache/train_pittsburgh/2021.08.26.14.34.54_veh-08_00195_00411.db,2021.08.26.14.34.54_veh-08_00195_00411.db,24444928,2022-09-23T05:50:02+00:00,True,bb9292e2ba0ac6dd0635e44292adac8a3830c7282c2f1f8cd8eb399f76931bd2,5964463febaedcbcb5310a1f8dcff7fc7d51d12558a37343fb74222f5a428a70,4493,2873,080d1dce25f4f86a4e7388b138b92f0b5b1931342c713061652f5d1d084a3892,1,2021.08.26.14.34.54_veh-08_00195_00411,us-pa-pittsburgh-hazelwood,us-pa-pittsburgh-hazelwood,True,READY,
train_pittsburgh,/Users/liuqing/Projects/01_E2E_QA_Code/nuplan/dataset/data/cache/train_pittsburgh/2021.08.26.14.34.54_veh-08_00422_00617.db,2021.08.26.14.34.54_veh-08_00422_00617.db,34824192,2022-09-23T05:50:02+00:00,True,bb9292e2ba0ac6dd0635e44292adac8a3830c7282c2f1f8cd8eb399f76931bd2,750e137bdc5cfbe578da51deae0807329348308eb8891cd1ba8f51caa52b9e6e,4069,2760,83e1364e60b85604bbfcb1fbcb2996858986d442e65ef4b1139625cf44a97fca,1,2021.08.26.14.34.54_veh-08_00422_00617,us-pa-pittsburgh-hazelwood,us-pa-pittsburgh-hazelwood,True,READY,
train_pittsburgh,/Users/liuqing/Projects/01_E2E_QA_Code/nuplan/dataset/data/cache/train_pittsburgh/2021.08.26.14.34.54_veh-08_00637_00697.db,2021.08.26.14.34.54_veh-08_00637_00697.db,6709248,2022-09-23T05:50:02+00:00,True,bb9292e2ba0ac6dd0635e44292adac8a3830c7282c2f1f8cd8eb399f76931bd2,1fd77d09cb7b763d4c0c822267bf5d857c3ffe900803fc219a4c8e2f1c053143,1089,723,c7a13ba68d688f06a00eb703a305605c4e7b636f13a1a79642be7abb5dbac107,1,2021.08.26.14.34.54_veh-08_00637_00697,us-pa-pittsburgh-hazelwood,us-pa-pittsburgh-hazelwood,True,READY,
train_pittsburgh,/Users/liuqing/Projects/01_E2E_QA_Code/nuplan/dataset/data/cache/train_pittsburgh/2021.08.26.14.34.54_veh-08_00781_01186.db,2021.08.26.14.34.54_veh-08_00781_01186.db,67481600,2022-09-23T05:50:02+00:00,True,bb9292e2ba0ac6dd0635e44292adac8a3830c7282c2f1f8cd8eb399f76931bd2,72e250199cdde5e8c211b40c6693f778c53376c3af7ea5fd5fbff9d679e08759,12030,5900,7df4b1469376ba4101703d1aafc6a458268a992a098631c6be71fdb71c8831ae,1,2021.08.26.14.34.54_veh-08_00781_01186,us-pa-pittsburgh-hazelwood,us-pa-pittsburgh-hazelwood,True,READY,
train_pittsburgh,/Users/liuqing/Projects/01_E2E_QA_Code/nuplan/dataset/data/cache/train_pittsburgh/2021.08.26.14.34.54_veh-08_01440_01502.db,2021.08.26.14.34.54_veh-08_01440_01502.db,7208960,2022-09-23T05:50:02+00:00,True,bb9292e2ba0ac6dd0635e44292adac8a3830c7282c2f1f8cd8eb399f76931bd2,35422138eafaa1b56251ec3c9f18ffbed760d3926940dbef2f0c0ea1157a1798,1304,603,c828ae9c8b5d802428764a41dd91449821114fb3f8557b04d7b740f7a040fb2a,1,2021.08.26.14.34.54_veh-08_01440_01502,us-pa-pittsburgh-hazelwood,us-pa-pittsburgh-hazelwood,True,READY,
train_pittsburgh,/Users/liuqing/Projects/01_E2E_QA_Code/nuplan/dataset/data/cache/train_pittsburgh/2021.08.26.14.34.54_veh-08_01772_02335.db,2021.08.26.14.34.54_veh-08_01772_02335.db,81088512,2022-09-23T05:50:02+00:00,True,bb9292e2ba0ac6dd0635e44292adac8a3830c7282c2f1f8cd8eb399f76931bd2,1128ad0fc4510ddbeeb413265cd1bca0b848c2397c22e3d953d879ee16218324,12522,7168,690900cbacaab435cf48ec567ab6a41b7f5ca41b13b1537dd556cef4995169f5,1,2021.08.26.14.34.54_veh-08_01772_02335,us-pa-pittsburgh-hazelwood,us-pa-pittsburgh-hazelwood,True,READY,
train_pittsburgh,/Users/liuqing/Projects/01_E2E_QA_Code/nuplan/dataset/data/cache/train_pittsburgh/2021.08.26.14.34.54_veh-08_02393_02538.db,2021.08.26.14.34.54_veh-08_02393_02538.db,30076928,2022-09-23T05:50:02+00:00,True,bb9292e2ba0ac6dd0635e44292adac8a3830c7282c2f1f8cd8eb399f76931bd2,0d453590cf1f5c97d8f8af4adca94721b5c6bd8ff57a81e034421260118fa6ab,3177,1782,beba549ff04d8f7100f8f2778d86e8916df39ea4aad5276c04e086456e573b7e,1,2021.08.26.14.34.54_veh-08_02393_02538,us-pa-pittsburgh-hazelwood,us-pa-pittsburgh-hazelwood,True,READY,
train_pittsburgh,/Users/liuqing/Projects/01_E2E_QA_Code/nuplan/dataset/data/cache/train_pittsburgh/2021.08.26.15.12.21_veh-42_00102_00169.db,2021.08.26.15.12.21_veh-42_00102_00169.db,3903488,2022-09-23T05:50:02+00:00,True,bb9292e2ba0ac6dd0635e44292adac8a3830c7282c2f1f8cd8eb399f76931bd2,87f2cbdc81e3b93ecf8afbb70dfd7a6bfc470f30a4b31b2e007ae6b22c1f2c9e,2122,1317,70feaa5f180ac5b42d1e12f51abecf8a8d9fbee199cf7553e339047d80514a2c,1,2021.08.26.15.12.21_veh-42_00102_00169,us-pa-pittsburgh-hazelwood,us-pa-pittsburgh-hazelwood,True,READY,
train_pittsburgh,/Users/liuqing/Projects/01_E2E_QA_Code/nuplan/dataset/data/cache/train_pittsburgh/2021.08.26.15.12.21_veh-42_00210_00292.db,2021.08.26.15.12.21_veh-42_00210_00292.db,5799936,2022-09-23T05:50:02+00:00,True,bb9292e2ba0ac6dd0635e44292adac8a3830c7282c2f1f8cd8eb399f76931bd2,fb347ed130df4ae547a7ce58c4fe9e9684229cd72def368fa193bcd6e7cfb864,2239,1143,cb9888bb62a8d32d08b691f4140153e5bb1bc2c2ad34e5c6bf6057735c6d22f5,1,2021.08.26.15.12.21_veh-42_00210_00292,us-pa-pittsburgh-hazelwood,us-pa-pittsburgh-hazelwood,True,READY,
train_pittsburgh,/Users/liuqing/Projects/01_E2E_QA_Code/nuplan/dataset/data/cache/train_pittsburgh/2021.08.26.15.12.21_veh-42_00303_00378.db,2021.08.26.15.12.21_veh-42_00303_00378.db,8052736,2022-09-23T05:50:02+00:00,True,bb9292e2ba0ac6dd0635e44292adac8a3830c7282c2f1f8cd8eb399f76931bd2,7b984c6b3a741baa00f3903e47969e33b9df589814aa7061a7f806f8eddea952,1435,860,b2013a420916bcc7bccc152f31c25160a2d48888d37d77232df1c23d2e0ceaac,1,2021.08.26.15.12.21_veh-42_00303_00378,us-pa-pittsburgh-hazelwood,us-pa-pittsburgh-hazelwood,True,READY,
train_pittsburgh,/Users/liuqing/Projects/01_E2E_QA_Code/nuplan/dataset/data/cache/train_pittsburgh/2021.08.26.15.12.21_veh-42_00678_00809.db,2021.08.26.15.12.21_veh-42_00678_00809.db,13422592,2022-09-23T05:50:02+00:00,True,bb9292e2ba0ac6dd0635e44292adac8a3830c7282c2f1f8cd8eb399f76931bd2,ee8ac042ffc3e3b4b651c267584c56161d6cdd1f2c2ef15faf29cd9c3ee5e245,2694,1539,1bdcc4c63c666002b39db8d593aab6d71f33679f8e3eff3b02b8785a9ea94614,1,2021.08.26.15.12.21_veh-42_00678_00809,us-pa-pittsburgh-hazelwood,us-pa-pittsburgh-hazelwood,True,READY,
train_pittsburgh,/Users/liuqing/Projects/01_E2E_QA_Code/nuplan/dataset/data/cache/train_pittsburgh/2021.08.26.15.12.21_veh-42_01118_01197.db,2021.08.26.15.12.21_veh-42_01118_01197.db,14520320,2022-09-23T05:50:02+00:00,True,bb9292e2ba0ac6dd0635e44292adac8a3830c7282c2f1f8cd8eb399f76931bd2,08a7f006af33a2cea0633d28e2623eeffbdcb34e7b94530dabc6cec14a4f7cfe,2071,1116,1a8dc5131653233e120a4c97415567ee1a7564366a979b41bba1f4bb061d3855,1,2021.08.26.15.12.21_veh-42_01118_01197,us-pa-pittsburgh-hazelwood,us-pa-pittsburgh-hazelwood,True,READY,
train_pittsburgh,/Users/liuqing/Projects/01_E2E_QA_Code/nuplan/dataset/data/cache/train_pittsburgh/2021.08.26.15.12.21_veh-42_01870_01936.db,2021.08.26.15.12.21_veh-42_01870_01936.db,6270976,2022-09-23T05:50:02+00:00,True,bb9292e2ba0ac6dd0635e44292adac8a3830c7282c2f1f8cd8eb399f76931bd2,f3fbf3a116f5eb251d7cb115c01a897692f0644ad0bc4897651069d010c77886,1202,773,250c6ca6f8597e731adea80e315a7bb9b1fbf96453110bfdafbb1cc9543fef7e,1,2021.08.26.15.12.21_veh-42_01870_01936,us-pa-pittsburgh-hazelwood,us-pa-pittsburgh-hazelwood,True,READY,
train_pittsburgh,/Users/liuqing/Projects/01_E2E_QA_Code/nuplan/dataset/data/cache/train_pittsburgh/2021.08.26.15.22.00_veh-08_00086_00240.db,2021.08.26.15.22.00_veh-08_00086_00240.db,29057024,2022-09-23T05:50:02+00:00,True,bb9292e2ba0ac6dd0635e44292adac8a3830c7282c2f1f8cd8eb399f76931bd2,5aeebeb422a6d6380b7ba6bc4124de2fd43bf4886dda616ce60302ea5b58303b,3745,1838,04c063cf341e26942a84b0b74c1a639a412cdc0dda8a873c7e0cc9ce9ddb3329,1,2021.08.26.15.22.00_veh-08_00086_00240,us-pa-pittsburgh-hazelwood,us-pa-pittsburgh-hazelwood,True,READY,
train_pittsburgh,/Users/liuqing/Projects/01_E2E_QA_Code/nuplan/dataset/data/cache/train_pittsburgh/2021.08.26.15.22.00_veh-08_00274_00485.db,2021.08.26.15.22.00_veh-08_00274_00485.db,39182336,2022-09-23T05:50:02+00:00,True,bb9292e2ba0ac6dd0635e44292adac8a3830c7282c2f1f8cd8eb399f76931bd2,1857ea24a28f0be4a6244077f67eea8d6ab383f1f32c6deaabab6d17a64c7516,5634,2610,f56999707bb4b75506e6d6b11cb8836e2209a4abcc1f35458ab27b4530895d9a,1,2021.08.26.15.22.00_veh-08_00274_00485,us-pa-pittsburgh-hazelwood,us-pa-pittsburgh-hazelwood,True,READY,
train_pittsburgh,/Users/liuqing/Projects/01_E2E_QA_Code/nuplan/dataset/data/cache/train_pittsburgh/2021.08.26.15.22.00_veh-08_00507_00746.db,2021.08.26.15.22.00_veh-08_00507_00746.db,40398848,2022-09-23T05:50:02+00:00,True,bb9292e2ba0ac6dd0635e44292adac8a3830c7282c2f1f8cd8eb399f76931bd2,cdeabfc12341f156cc0f1470eb06f58b2b6e98d5c7042c6c2398f613a460b532,5827,2882,2fb98897ae6fd99b5cf73f1bf4c9f1b77219d3cbafd234fd4267f9bbbaa5e690,1,2021.08.26.15.22.00_veh-08_00507_00746,us-pa-pittsburgh-hazelwood,us-pa-pittsburgh-hazelwood,True,READY,
train_pittsburgh,/Users/liuqing/Projects/01_E2E_QA_Code/nuplan/dataset/data/cache/train_pittsburgh/2021.08.26.15.22.00_veh-08_00766_00899.db,2021.08.26.15.22.00_veh-08_00766_00899.db,16928768,2022-09-23T05:50:02+00:00,True,bb9292e2ba0ac6dd0635e44292adac8a3830c7282c2f1f8cd8eb399f76931bd2,11b8441c6d6eedbf452d4eab66f03bdd72a44514666e42a0b8c67deb3abd4568,3995,1827,588989bb5047cd2f49c338ae65904e69fdc887f09e2d5ae406947148d4010898,1,2021.08.26.15.22.00_veh-08_00766_00899,us-pa-pittsburgh-hazelwood,us-pa-pittsburgh-hazelwood,True,READY,
train_pittsburgh,/Users/liuqing/Projects/01_E2E_QA_Code/nuplan/dataset/data/cache/train_pittsburgh/2021.08.26.15.22.00_veh-08_00987_01440.db,2021.08.26.15.22.00_veh-08_00987_01440.db,68517888,2022-09-23T05:50:02+00:00,True,bb9292e2ba0ac6dd0635e44292adac8a3830c7282c2f1f8cd8eb399f76931bd2,b824951c231d2ce06b65182aee237ee52af6d9226de20dc63e4be69177700a0d,10581,5950,12c0e823d7c4ae8b089fd9e016bbd89213804bf4f5579a74fc1c92e0bf6e9b05,1,2021.08.26.15.22.00_veh-08_00987_01440,us-pa-pittsburgh-hazelwood,us-pa-pittsburgh-hazelwood,True,READY,
train_pittsburgh,/Users/liuqing/Projects/01_E2E_QA_Code/nuplan/dataset/data/cache/train_pittsburgh/2021.08.26.15.22.00_veh-08_01542_01639.db,2021.08.26.15.22.00_veh-08_01542_01639.db,6451200,2022-09-23T05:50:02+00:00,True,bb9292e2ba0ac6dd0635e44292adac8a3830c7282c2f1f8cd8eb399f76931bd2,e97af3aab237730807a3da581d42b5ec4e0be2914b028aaa58594e3459ffdc91,2556,1644,54ceb430c490d3fe1588ad7c15905ca381681f07ce1afd8b8f98e7a407456e9c,1,2021.08.26.15.22.00_veh-08_01542_01639,us-pa-pittsburgh-hazelwood,us-pa-pittsburgh-hazelwood,True,READY,
train_pittsburgh,/Users/liuqing/Projects/01_E2E_QA_Code/nuplan/dataset/data/cache/train_pittsburgh/2021.08.26.17.14.36_veh-08_00072_00174.db,2021.08.26.17.14.36_veh-08_00072_00174.db,7266304,2022-09-23T05:50:02+00:00,True,bb9292e2ba0ac6dd0635e44292adac8a3830c7282c2f1f8cd8eb399f76931bd2,5f769055685d48769a5089476a194c0002eb5e54078f21b433282cb036350a66,1933,1367,07091b3e0dd9dd5627c2e0fe85323b3e76bc6281d667977707c00c103c703b2f,1,2021.08.26.17.14.36_veh-08_00072_00174,us-pa-pittsburgh-hazelwood,us-pa-pittsburgh-hazelwood,True,READY,
train_pittsburgh,/Users/liuqing/Projects/01_E2E_QA_Code/nuplan/dataset/data/cache/train_pittsburgh/2021.08.26.17.14.36_veh-08_00206_00395.db,2021.08.26.17.14.36_veh-08_00206_00395.db,13758464,2022-09-23T05:50:02+00:00,True,bb9292e2ba0ac6dd0635e44292adac8a3830c7282c2f1f8cd8eb399f76931bd2,6166de70ff1609bd2af85cf20442609eacddfc025640879692b466eee71d1dc0,4049,2640,18b7e662d5465a330917b34514b71c2701d8fe4beb37a276c192d6904954312e,1,2021.08.26.17.14.36_veh-08_00206_00395,us-pa-pittsburgh-hazelwood,us-pa-pittsburgh-hazelwood,True,READY,
train_pittsburgh,/Users/liuqing/Projects/01_E2E_QA_Code/nuplan/dataset/data/cache/train_pittsburgh/2021.08.26.17.14.36_veh-08_00406_00489.db,2021.08.26.17.14.36_veh-08_00406_00489.db,8806400,2022-09-23T05:50:02+00:00,True,bb9292e2ba0ac6dd0635e44292adac8a3830c7282c2f1f8cd8eb399f76931bd2,094bf525be0365df587e9ee6568311dfc4f3cb33f317450b54ddd16d57163a6b,1394,786,febb978c67be6deee3c0b486836d2eacd4f86b11fef7536b0cf9dbd0ed6ce8a3,1,2021.08.26.17.14.36_veh-08_00406_00489,us-pa-pittsburgh-hazelwood,us-pa-pittsburgh-hazelwood,True,READY,
train_pittsburgh,/Users/liuqing/Projects/01_E2E_QA_Code/nuplan/dataset/data/cache/train_pittsburgh/2021.08.26.17.14.36_veh-08_00510_00722.db,2021.08.26.17.14.36_veh-08_00510_00722.db,34918400,2022-09-23T05:50:02+00:00,True,bb9292e2ba0ac6dd0635e44292adac8a3830c7282c2f1f8cd8eb399f76931bd2,761e753f69802d2b7b480295ad15ffaca76d7b73af1e951affeb4d3abff5f3e3,4446,2560,2fa9f7224d6709a8d0199d25c41e6b84b7ee904da7faf1511963f73f393a5090,1,2021.08.26.17.14.36_veh-08_00510_00722,us-pa-pittsburgh-hazelwood,us-pa-pittsburgh-hazelwood,True,READY,
train_pittsburgh,/Users/liuqing/Projects/01_E2E_QA_Code/nuplan/dataset/data/cache/train_pittsburgh/2021.08.26.17.14.36_veh-08_00754_00957.db,2021.08.26.17.14.36_veh-08_00754_00957.db,47861760,2022-09-23T05:50:02+00:00,True,bb9292e2ba0ac6dd0635e44292adac8a3830c7282c2f1f8cd8eb399f76931bd2,21ac06b4ae4203c3bdfab6344899e482dd55bc45b1936e475b9986d0eeae37cd,4127,2669,a56a4197fd89ce41784d4c24d91fc53fde4079a5f0bd4dee7304707af422c8d2,1,2021.08.26.17.14.36_veh-08_00754_00957,us-pa-pittsburgh-hazelwood,us-pa-pittsburgh-hazelwood,True,READY,
train_pittsburgh,/Users/liuqing/Projects/01_E2E_QA_Code/nuplan/dataset/data/cache/train_pittsburgh/2021.08.26.17.14.36_veh-08_01032_01188.db,2021.08.26.17.14.36_veh-08_01032_01188.db,29683712,2022-09-23T05:50:03+00:00,True,bb9292e2ba0ac6dd0635e44292adac8a3830c7282c2f1f8cd8eb399f76931bd2,dbf34a2f92ad461f973cb147b73d7b8e5cccd84834b1bc4a7dd7c2ad3959e98f,3535,2206,c2e0343ee3e6f670539efb958a40b7beb4cb0de1c671812890b606c91ad49462,1,2021.08.26.17.14.36_veh-08_01032_01188,us-pa-pittsburgh-hazelwood,us-pa-pittsburgh-hazelwood,True,READY,
train_pittsburgh,/Users/liuqing/Projects/01_E2E_QA_Code/nuplan/dataset/data/cache/train_pittsburgh/2021.08.26.17.14.36_veh-08_01230_01327.db,2021.08.26.17.14.36_veh-08_01230_01327.db,12619776,2022-09-23T05:50:03+00:00,True,bb9292e2ba0ac6dd0635e44292adac8a3830c7282c2f1f8cd8eb399f76931bd2,70a66ef41777bfc874692c674befda6670baf3b3901d114e610325c2a4e3fc60,2174,1531,6adc794c8d79dff8f6691ec45b7832ee2a746335bad9909169ebc563fc719026,1,2021.08.26.17.14.36_veh-08_01230_01327,us-pa-pittsburgh-hazelwood,us-pa-pittsburgh-hazelwood,True,READY,
train_pittsburgh,/Users/liuqing/Projects/01_E2E_QA_Code/nuplan/dataset/data/cache/train_pittsburgh/2021.08.26.17.14.36_veh-08_01348_01954.db,2021.08.26.17.14.36_veh-08_01348_01954.db,87023616,2022-09-23T05:50:03+00:00,True,bb9292e2ba0ac6dd0635e44292adac8a3830c7282c2f1f8cd8eb399f76931bd2,71ca455e26bc0f1d4972517e1e1c80a1f20899347f0419075d733266144c75b9,12778,7329,5ba6dbb3a96ac73837526a15fa0878c0efc0e383d9bbf770cf15faad4bb45c35,1,2021.08.26.17.14.36_veh-08_01348_01954,us-pa-pittsburgh-hazelwood,us-pa-pittsburgh-hazelwood,True,READY,
train_pittsburgh,/Users/liuqing/Projects/01_E2E_QA_Code/nuplan/dataset/data/cache/train_pittsburgh/2021.08.26.17.14.36_veh-08_02018_02246.db,2021.08.26.17.14.36_veh-08_02018_02246.db,14811136,2022-09-23T05:50:03+00:00,True,bb9292e2ba0ac6dd0635e44292adac8a3830c7282c2f1f8cd8eb399f76931bd2,2976768db6f06cd69f6d426c1ec5a12c8c7ad5b52967084b2b2f716f6b8ec9c9,5181,3333,0f71ede30e016413c301da5d0a5fdc42fa9d794f3eb8f1c00d9779593e79774a,1,2021.08.26.17.14.36_veh-08_02018_02246,us-pa-pittsburgh-hazelwood,us-pa-pittsburgh-hazelwood,True,READY,
train_pittsburgh,/Users/liuqing/Projects/01_E2E_QA_Code/nuplan/dataset/data/cache/train_pittsburgh/2021.08.26.17.14.36_veh-08_02322_02631.db,2021.08.26.17.14.36_veh-08_02322_02631.db,24174592,2022-09-23T05:50:03+00:00,True,bb9292e2ba0ac6dd0635e44292adac8a3830c7282c2f1f8cd8eb399f76931bd2,cb3eb7806c0ad92bbc569cdccdeb42a1534e179d4e14777e205e9c833c9ce552,6281,3863,f84711700c33588751c903c2d27dc4b1ed9f618ab5e612b1d01f7a72b1fac566,1,2021.08.26.17.14.36_veh-08_02322_02631,us-pa-pittsburgh-hazelwood,us-pa-pittsburgh-hazelwood,True,READY,
train_pittsburgh,/Users/liuqing/Projects/01_E2E_QA_Code/nuplan/dataset/data/cache/train_pittsburgh/2021.08.26.17.14.36_veh-08_02734_02919.db,2021.08.26.17.14.36_veh-08_02734_02919.db,30810112,2022-09-23T05:50:03+00:00,True,bb9292e2ba0ac6dd0635e44292adac8a3830c7282c2f1f8cd8eb399f76931bd2,c85526bef4b26d36e97c829aaacf56297c3e7e56d77b750afe51729b601a3e30,4262,2548,6b84be91eb1cbaf69ee58e5554bb8c677465785d02b997580e80b3e22a5287ba,1,2021.08.26.17.14.36_veh-08_02734_02919,us-pa-pittsburgh-hazelwood,us-pa-pittsburgh-hazelwood,True,READY,
train_pittsburgh,/Users/liuqing/Projects/01_E2E_QA_Code/nuplan/dataset/data/cache/train_pittsburgh/2021.08.26.17.14.36_veh-08_03079_03437.db,2021.08.26.17.14.36_veh-08_03079_03437.db,74952704,2022-09-23T05:50:03+00:00,True,bb9292e2ba0ac6dd0635e44292adac8a3830c7282c2f1f8cd8eb399f76931bd2,81de3b6652ea26ec6b46aeb5a7ff12237233bb92b2c7da8d5867d19a3368b60c,8237,4757,e0e40738303ba3e6c08a26a763e97a3016419eaacddfecc3b3c7e309dba32a5a,1,2021.08.26.17.14.36_veh-08_03079_03437,us-pa-pittsburgh-hazelwood,us-pa-pittsburgh-hazelwood,True,READY,
train_pittsburgh,/Users/liuqing/Projects/01_E2E_QA_Code/nuplan/dataset/data/cache/train_pittsburgh/2021.08.26.18.17.33_veh-08_00016_00313.db,2021.08.26.18.17.33_veh-08_00016_00313.db,45588480,2022-09-23T05:50:03+00:00,True,bb9292e2ba0ac6dd0635e44292adac8a3830c7282c2f1f8cd8eb399f76931bd2,a414e21506624ab16e66064df45ff7a7066f662ffdfa11b622cb1d45ffa4243d,6188,3838,b80480fb680f71377e2d3fcec04ea5482c24748fb4cb2195e8a0326cce4aa8f0,1,2021.08.26.18.17.33_veh-08_00016_00313,us-pa-pittsburgh-hazelwood,us-pa-pittsburgh-hazelwood,True,READY,
train_pittsburgh,/Users/liuqing/Projects/01_E2E_QA_Code/nuplan/dataset/data/cache/train_pittsburgh/2021.08.26.18.17.33_veh-08_00324_00678.db,2021.08.26.18.17.33_veh-08_00324_00678.db,62554112,2022-09-23T05:50:03+00:00,True,bb9292e2ba0ac6dd0635e44292adac8a3830c7282c2f1f8cd8eb399f76931bd2,992b9d3de90edccfa358c2e1d21c20bbb9510e75530d5ae460b790bd2fb972ea,8917,5000,64a02ca3312171a700db65196b0fdcb8a5150ea19df32c41105d023ab5e09529,1,2021.08.26.18.17.33_veh-08_00324_00678,us-pa-pittsburgh-hazelwood,us-pa-pittsburgh-hazelwood,True,READY,
train_pittsburgh,/Users/liuqing/Projects/01_E2E_QA_Code/nuplan/dataset/data/cache/train_pittsburgh/2021.08.26.18.17.33_veh-08_00697_01065.db,2021.08.26.18.17.33_veh-08_00697_01065.db,61878272,2022-09-23T05:50:03+00:00,True,bb9292e2ba0ac6dd0635e44292adac8a3830c7282c2f1f8cd8eb399f76931bd2,e41ee7382b9dad5166473e9606fc24b564c93b70057202fdb28f978029b75a1a,6516,4029,d3092716361244327168383a0f35a3dd4ce876eefe6b4a5bc8673370616cdec7,1,2021.08.26.18.17.33_veh-08_00697_01065,us-pa-pittsburgh-hazelwood,us-pa-pittsburgh-hazelwood,True,READY,
train_pittsburgh,/Users/liuqing/Projects/01_E2E_QA_Code/nuplan/dataset/data/cache/train_pittsburgh/2021.08.27.13.08.25_veh-42_00112_00352.db,2021.08.27.13.08.25_veh-42_00112_00352.db,18579456,2022-09-23T05:50:04+00:00,True,bb9292e2ba0ac6dd0635e44292adac8a3830c7282c2f1f8cd8eb399f76931bd2,c38f136f2fe3fd4fc9bdc00944441bf039a4c506e974bf56d9ec6fb6e581e05b,5689,3138,84ce142b4e338d31bb1958a9902cee321d99f57a59cf55b6ac290b96459e6517,1,2021.08.27.13.08.25_veh-42_00112_00352,us-pa-pittsburgh-hazelwood,us-pa-pittsburgh-hazelwood,True,READY,
train_pittsburgh,/Users/liuqing/Projects/01_E2E_QA_Code/nuplan/dataset/data/cache/train_pittsburgh/2021.08.27.13.08.25_veh-42_00375_01720.db,2021.08.27.13.08.25_veh-42_00375_01720.db,213434368,2022-09-23T05:50:04+00:00,True,bb9292e2ba0ac6dd0635e44292adac8a3830c7282c2f1f8cd8eb399f76931bd2,f5050927271c96ec73b033c5b62fbc473033f31c33a1c9bcb7f6dd46003a2adc,33930,17592,e186caad482ae509fd8cbc6b52d922535c1558f147a5bf81da974337c60c6058,1,2021.08.27.13.08.25_veh-42_00375_01720,us-pa-pittsburgh-hazelwood,us-pa-pittsburgh-hazelwood,True,READY,
train_pittsburgh,/Users/liuqing/Projects/01_E2E_QA_Code/nuplan/dataset/data/cache/train_pittsburgh/2021.08.27.13.08.25_veh-42_01743_02420.db,2021.08.27.13.08.25_veh-42_01743_02420.db,113786880,2022-09-23T05:50:04+00:00,True,bb9292e2ba0ac6dd0635e44292adac8a3830c7282c2f1f8cd8eb399f76931bd2,a0fb369d7d0df9f3cd973f545e40d12a0efef2c1600c67956672d5694e810ca2,18541,8440,1b88740ef7e9c1f438a18ba58f73cd59ac25d1261b615aa6f0702d9b0d5fce40,1,2021.08.27.13.08.25_veh-42_01743_02420,us-pa-pittsburgh-hazelwood,us-pa-pittsburgh-hazelwood,True,READY,
train_pittsburgh,/Users/liuqing/Projects/01_E2E_QA_Code/nuplan/dataset/data/cache/train_pittsburgh/2021.08.27.13.08.25_veh-42_02443_02605.db,2021.08.27.13.08.25_veh-42_02443_02605.db,16658432,2022-09-23T05:50:04+00:00,True,bb9292e2ba0ac6dd0635e44292adac8a3830c7282c2f1f8cd8eb399f76931bd2,6e798c326bd6692a16696f66ebab60779493c3be46cbd2339eb62742c2617d0b,3374,1827,cd2b0a72616a8ba946b52eddcfaee56583dada0f63e6f4f0597971892aef3299,1,2021.08.27.13.08.25_veh-42_02443_02605,us-pa-pittsburgh-hazelwood,us-pa-pittsburgh-hazelwood,True,READY,
train_pittsburgh,/Users/liuqing/Projects/01_E2E_QA_Code/nuplan/dataset/data/cache/train_pittsburgh/2021.08.27.13.08.25_veh-42_02751_02840.db,2021.08.27.13.08.25_veh-42_02751_02840.db,6029312,2022-09-23T05:50:04+00:00,True,bb9292e2ba0ac6dd0635e44292adac8a3830c7282c2f1f8cd8eb399f76931bd2,35aac413610287c323b2e5e2a8509e440b1ff1a0f2441553347fad0f82100abb,1407,950,f36be8b74833ae74a637428bfdd9fc4e554b69f9a21829dfbca046396e34f348,1,2021.08.27.13.08.25_veh-42_02751_02840,us-pa-pittsburgh-hazelwood,us-pa-pittsburgh-hazelwood,True,READY,
train_pittsburgh,/Users/liuqing/Projects/01_E2E_QA_Code/nuplan/dataset/data/cache/train_pittsburgh/2021.08.27.13.48.56_veh-08_00390_00458.db,2021.08.27.13.48.56_veh-08_00390_00458.db,5615616,2022-09-23T05:50:04+00:00,True,bb9292e2ba0ac6dd0635e44292adac8a3830c7282c2f1f8cd8eb399f76931bd2,8e1a81af6b256c3d525144a389de8b02fa373b80ca20bc031a6e37fd74905273,1805,843,5760d23824d8875cc16753fe0631f79b1253b0dea3b26449ff4c788c69a0ca7a,1,2021.08.27.13.48.56_veh-08_00390_00458,us-pa-pittsburgh-hazelwood,us-pa-pittsburgh-hazelwood,True,READY,
train_pittsburgh,/Users/liuqing/Projects/01_E2E_QA_Code/nuplan/dataset/data/cache/train_pittsburgh/2021.08.27.13.48.56_veh-08_00487_00644.db,2021.08.27.13.48.56_veh-08_00487_00644.db,21200896,2022-09-23T05:50:04+00:00,True,bb9292e2ba0ac6dd0635e44292adac8a3830c7282c2f1f8cd8eb399f76931bd2,aa5a2bcd0ce31bb21685f8d4b48f8ec6def6269935b480e68fb1962a705bc6e5,3327,1978,0fd1d1606d6bccec1ec0c19cdb292d2157435f54b013903c19f7b28699c895b5,1,2021.08.27.13.48.56_veh-08_00487_00644,us-pa-pittsburgh-hazelwood,us-pa-pittsburgh-hazelwood,True,READY,
train_pittsburgh,/Users/liuqing/Projects/01_E2E_QA_Code/nuplan/dataset/data/cache/train_pittsburgh/2021.08.27.13.48.56_veh-08_00666_00828.db,2021.08.27.13.48.56_veh-08_00666_00828.db,33300480,2022-09-23T05:50:04+00:00,True,bb9292e2ba0ac6dd0635e44292adac8a3830c7282c2f1f8cd8eb399f76931bd2,246b7bffb0ae69ad06022bcbf8482a1145ef1f3bd5883474b26c72f5afff36b1,2809,2502,0909d57af8b29b05b161816b5b90e314d653f4ab7b38c4c5644e24e6f3c38736,1,2021.08.27.13.48.56_veh-08_00666_00828,us-pa-pittsburgh-hazelwood,us-pa-pittsburgh-hazelwood,True,READY,
train_pittsburgh,/Users/liuqing/Projects/01_E2E_QA_Code/nuplan/dataset/data/cache/train_pittsburgh/2021.08.27.13.48.56_veh-08_00894_01162.db,2021.08.27.13.48.56_veh-08_00894_01162.db,51253248,2022-09-23T05:50:04+00:00,True,bb9292e2ba0ac6dd0635e44292adac8a3830c7282c2f1f8cd8eb399f76931bd2,9a38aecd2f98f99097df67b08666d9594365e8cc76458bf4b35354af053d3873,5862,3415,484a07176fc0eb8ea2dda3e4c62fe551d77ab87089c37c335d04f7f9dbede429,1,2021.08.27.13.48.56_veh-08_00894_01162,us-pa-pittsburgh-hazelwood,us-pa-pittsburgh-hazelwood,True,READY,
train_pittsburgh,/Users/liuqing/Projects/01_E2E_QA_Code/nuplan/dataset/data/cache/train_pittsburgh/2021.08.27.13.48.56_veh-08_01391_01765.db,2021.08.27.13.48.56_veh-08_01391_01765.db,59641856,2022-09-23T05:50:05+00:00,True,bb9292e2ba0ac6dd0635e44292adac8a3830c7282c2f1f8cd8eb399f76931bd2,c9fe9e487b0f1bc20c8cc4acdbdcdd654e0e10bba56b643c8f00c256ab6c60dd,9636,5112,feec7b36d8aced7f594ec81962f6b85a56e2dc75627769f2f754bacc5db1cc94,1,2021.08.27.13.48.56_veh-08_01391_01765,us-pa-pittsburgh-hazelwood,us-pa-pittsburgh-hazelwood,True,READY,
train_pittsburgh,/Users/liuqing/Projects/01_E2E_QA_Code/nuplan/dataset/data/cache/train_pittsburgh/2021.08.27.13.48.56_veh-08_01902_01978.db,2021.08.27.13.48.56_veh-08_01902_01978.db,4833280,2022-09-23T05:50:05+00:00,True,bb9292e2ba0ac6dd0635e44292adac8a3830c7282c2f1f8cd8eb399f76931bd2,1b3c386e264f563e6374c4fd2d82fbb63ccb11ad38e6689ce21186f4fe061bec,1845,1208,712a287f337acfb81cf72129dbef8e89d9c474a42fd880585518b8f9832d4b54,1,2021.08.27.13.48.56_veh-08_01902_01978,us-pa-pittsburgh-hazelwood,us-pa-pittsburgh-hazelwood,True,READY,
train_pittsburgh,/Users/liuqing/Projects/01_E2E_QA_Code/nuplan/dataset/data/cache/train_pittsburgh/2021.08.27.13.48.56_veh-08_02148_02235.db,2021.08.27.13.48.56_veh-08_02148_02235.db,7213056,2022-09-23T05:50:04+00:00,True,bb9292e2ba0ac6dd0635e44292adac8a3830c7282c2f1f8cd8eb399f76931bd2,73839b8dd37cff19a278d44af37efa8b0f556f2b2e4744cb586a952a741e6dc1,1960,1175,aabad8d178a905622ab0bfcf2772f637fb1f0c7bfacda1a9f92108e67023275f,1,2021.08.27.13.48.56_veh-08_02148_02235,us-pa-pittsburgh-hazelwood,us-pa-pittsburgh-hazelwood,True,READY,
train_pittsburgh,/Users/liuqing/Projects/01_E2E_QA_Code/nuplan/dataset/data/cache/train_pittsburgh/2021.08.27.13.48.56_veh-08_02322_02550.db,2021.08.27.13.48.56_veh-08_02322_02550.db,20860928,2022-09-23T05:50:05+00:00,True,bb9292e2ba0ac6dd0635e44292adac8a3830c7282c2f1f8cd8eb399f76931bd2,e0d443394e2278a51ce2a62de92a954d3295408342abc8e50227e6a27d1903d5,5829,3225,56d4e63952a4c7c4109b723f5ccc35834d9308268a3fa8034fd0089ce8d2fe1d,1,2021.08.27.13.48.56_veh-08_02322_02550,us-pa-pittsburgh-hazelwood,us-pa-pittsburgh-hazelwood,True,READY,
train_pittsburgh,/Users/liuqing/Projects/01_E2E_QA_Code/nuplan/dataset/data/cache/train_pittsburgh/2021.08.27.13.48.56_veh-08_02561_02719.db,2021.08.27.13.48.56_veh-08_02561_02719.db,27004928,2022-09-23T05:50:04+00:00,True,bb9292e2ba0ac6dd0635e44292adac8a3830c7282c2f1f8cd8eb399f76931bd2,1e33631d5c53589ffa370de25d9945737e796a9645e8d2db48842dad85cdc1cf,3379,1784,806e2d993b41e9ab705dda7c0dc1a2d1996a61a254b1c81c225583e092e13f55,1,2021.08.27.13.48.56_veh-08_02561_02719,us-pa-pittsburgh-hazelwood,us-pa-pittsburgh-hazelwood,True,READY,
train_pittsburgh,/Users/liuqing/Projects/01_E2E_QA_Code/nuplan/dataset/data/cache/train_pittsburgh/2021.08.27.14.14.40_veh-45_00090_00162.db,2021.08.27.14.14.40_veh-45_00090_00162.db,4616192,2022-09-23T05:50:05+00:00,True,bb9292e2ba0ac6dd0635e44292adac8a3830c7282c2f1f8cd8eb399f76931bd2,63d30974e621b0769822e37a929f0f49263677bc8257255a0f2f54866f8556e0,1726,1187,ed7535f8d3d050cc1c6410e99280424c166134b88a02c28dd67749258e7e6971,1,2021.08.27.14.14.40_veh-45_00090_00162,us-pa-pittsburgh-hazelwood,us-pa-pittsburgh-hazelwood,True,READY,
train_pittsburgh,/Users/liuqing/Projects/01_E2E_QA_Code/nuplan/dataset/data/cache/train_pittsburgh/2021.08.27.14.14.40_veh-45_00199_00531.db,2021.08.27.14.14.40_veh-45_00199_00531.db,35373056,2022-09-23T05:50:05+00:00,True,bb9292e2ba0ac6dd0635e44292adac8a3830c7282c2f1f8cd8eb399f76931bd2,7bd2195a088879e7e94eca4493f1bf264ab8338b0ff8cb8ffd6b465e679d0fa8,7342,4047,6a211f55ffe3a4e756ea2b525c3a907daf0c0a374c95c204ee675ca2d77fb180,1,2021.08.27.14.14.40_veh-45_00199_00531,us-pa-pittsburgh-hazelwood,us-pa-pittsburgh-hazelwood,True,READY,
train_pittsburgh,/Users/liuqing/Projects/01_E2E_QA_Code/nuplan/dataset/data/cache/train_pittsburgh/2021.08.27.14.14.40_veh-45_00582_01089.db,2021.08.27.14.14.40_veh-45_00582_01089.db,81956864,2022-09-23T05:50:05+00:00,True,bb9292e2ba0ac6dd0635e44292adac8a3830c7282c2f1f8cd8eb399f76931bd2,d38aeec2117b8890a8690b2cd738e1e55942c169d305e680f49bbc9c10110b88,13311,6594,bb075f0b14058cd089269553a8aec8fda535311b3b86261469ef7b4aa25617fb,1,2021.08.27.14.14.40_veh-45_00582_01089,us-pa-pittsburgh-hazelwood,us-pa-pittsburgh-hazelwood,True,READY,
train_pittsburgh,/Users/liuqing/Projects/01_E2E_QA_Code/nuplan/dataset/data/cache/train_pittsburgh/2021.08.27.14.14.40_veh-45_01141_01554.db,2021.08.27.14.14.40_veh-45_01141_01554.db,65855488,2022-09-23T05:50:05+00:00,True,bb9292e2ba0ac6dd0635e44292adac8a3830c7282c2f1f8cd8eb399f76931bd2,783f1b558c6c3f1af8c6184a74a9861c31d010a14de33158b9872c44c590a5c6,9558,5065,ca08cdd59fcc829a2701a279da0046c29e451ff090652984a38df63dd6a326bb,1,2021.08.27.14.14.40_veh-45_01141_01554,us-pa-pittsburgh-hazelwood,us-pa-pittsburgh-hazelwood,True,READY,
train_pittsburgh,/Users/liuqing/Projects/01_E2E_QA_Code/nuplan/dataset/data/cache/train_pittsburgh/2021.08.27.14.14.40_veh-45_01590_01703.db,2021.08.27.14.14.40_veh-45_01590_01703.db,10891264,2022-09-23T05:50:05+00:00,True,bb9292e2ba0ac6dd0635e44292adac8a3830c7282c2f1f8cd8eb399f76931bd2,ac483afb82176f6763bd0f1ebbb651fd203a3356b7473bea2be32e305c43145b,2017,1277,4e060f0354c442fec34c68beaee39866aa5ed8bc1eb64c8de8b2f785f5dd4821,1,2021.08.27.14.14.40_veh-45_01590_01703,us-pa-pittsburgh-hazelwood,us-pa-pittsburgh-hazelwood,True,READY,
train_pittsburgh,/Users/liuqing/Projects/01_E2E_QA_Code/nuplan/dataset/data/cache/train_pittsburgh/2021.08.27.14.14.40_veh-45_01790_02016.db,2021.08.27.14.14.40_veh-45_01790_02016.db,14090240,2022-09-23T05:50:05+00:00,True,bb9292e2ba0ac6dd0635e44292adac8a3830c7282c2f1f8cd8eb399f76931bd2,bbe516d80b82a602005d3927e4824047f926c3786707ab1d66e0bde49a3f2c34,5559,3481,0ae21ca30faaf5c45597ccf17e088b098ed9d85c3ce4d22267b5a93fa4464582,1,2021.08.27.14.14.40_veh-45_01790_02016,us-pa-pittsburgh-hazelwood,us-pa-pittsburgh-hazelwood,True,READY,
train_pittsburgh,/Users/liuqing/Projects/01_E2E_QA_Code/nuplan/dataset/data/cache/train_pittsburgh/2021.08.27.14.14.40_veh-45_02088_02252.db,2021.08.27.14.14.40_veh-45_02088_02252.db,12996608,2022-09-23T05:50:05+00:00,True,bb9292e2ba0ac6dd0635e44292adac8a3830c7282c2f1f8cd8eb399f76931bd2,af68d3f6c4033b89e232638b10834ca23565805c38f5a917293b14eeaf8db6b7,3724,2418,8986d858aedbaed7e0faf0dcb517cb376dcc741ec8975419e3567aac09a50359,1,2021.08.27.14.14.40_veh-45_02088_02252,us-pa-pittsburgh-hazelwood,us-pa-pittsburgh-hazelwood,True,READY,
train_pittsburgh,/Users/liuqing/Projects/01_E2E_QA_Code/nuplan/dataset/data/cache/train_pittsburgh/2021.08.27.14.14.40_veh-45_02267_02937.db,2021.08.27.14.14.40_veh-45_02267_02937.db,91942912,2022-09-23T05:50:05+00:00,True,bb9292e2ba0ac6dd0635e44292adac8a3830c7282c2f1f8cd8eb399f76931bd2,fa9658d69d1ece65573aa88b08771bebf5e66f60a1a8d9caff21febc7afda1bb,15594,8894,5a9c5f5f05a9a7c8bc882856a974c595ab82c301689534e91f33e9cc98477512,1,2021.08.27.14.14.40_veh-45_02267_02937,us-pa-pittsburgh-hazelwood,us-pa-pittsburgh-hazelwood,True,READY,
train_pittsburgh,/Users/liuqing/Projects/01_E2E_QA_Code/nuplan/dataset/data/cache/train_pittsburgh/2021.08.27.14.14.40_veh-45_02956_03065.db,2021.08.27.14.14.40_veh-45_02956_03065.db,12595200,2022-09-23T05:50:05+00:00,True,bb9292e2ba0ac6dd0635e44292adac8a3830c7282c2f1f8cd8eb399f76931bd2,a401cd9be8cfaa17ef756c130b94411fa9f45c2fa99ba7e20c6212c08b7989f1,2045,1562,92df219d78673b03a149eb0146aaeac01d1a878483956342534e4b1ae328709e,1,2021.08.27.14.14.40_veh-45_02956_03065,us-pa-pittsburgh-hazelwood,us-pa-pittsburgh-hazelwood,True,READY,
train_pittsburgh,/Users/liuqing/Projects/01_E2E_QA_Code/nuplan/dataset/data/cache/train_pittsburgh/2021.08.27.14.14.40_veh-45_03089_03203.db,2021.08.27.14.14.40_veh-45_03089_03203.db,18550784,2022-09-23T05:50:05+00:00,True,bb9292e2ba0ac6dd0635e44292adac8a3830c7282c2f1f8cd8eb399f76931bd2,cef3f74bc35a259403fcf7e4f294b907ce95c5d98bec1d6c9774685b3f1f7867,3049,1533,a256c122e9d19b15dce39852fa4d4a77bb49ee1ce1ec81145ebce8a2503fd242,1,2021.08.27.14.14.40_veh-45_03089_03203,us-pa-pittsburgh-hazelwood,us-pa-pittsburgh-hazelwood,True,READY,
train_pittsburgh,/Users/liuqing/Projects/01_E2E_QA_Code/nuplan/dataset/data/cache/train_pittsburgh/2021.08.27.14.14.40_veh-45_03333_03436.db,2021.08.27.14.14.40_veh-45_03333_03436.db,6475776,2022-09-23T05:50:05+00:00,True,bb9292e2ba0ac6dd0635e44292adac8a3830c7282c2f1f8cd8eb399f76931bd2,c5d50817160f2850c6a82c6f7c61706277c0d93593b0a7259bb103f0f9c94079,1670,1021,f3595094e0cf1abe67575204f92183f856dad89d01c156e544d735207569abce,1,2021.08.27.14.14.40_veh-45_03333_03436,us-pa-pittsburgh-hazelwood,us-pa-pittsburgh-hazelwood,True,READY,
train_pittsburgh,/Users/liuqing/Projects/01_E2E_QA_Code/nuplan/dataset/data/cache/train_pittsburgh/2021.08.27.14.24.38_veh-42_00028_00101.db,2021.08.27.14.24.38_veh-42_00028_00101.db,6684672,2022-09-23T05:50:05+00:00,True,bb9292e2ba0ac6dd0635e44292adac8a3830c7282c2f1f8cd8eb399f76931bd2,4d4af13d761f5eed7221ada0b74ed0fb6b6f08c4343d89a6f87aa8a87bf40738,1152,735,5b1e3872544421888cff5d049df1eb588c064f0cfc2fe6ff1923d15a974a4f08,1,2021.08.27.14.24.38_veh-42_00028_00101,us-pa-pittsburgh-hazelwood,us-pa-pittsburgh-hazelwood,True,READY,
train_pittsburgh,/Users/liuqing/Projects/01_E2E_QA_Code/nuplan/dataset/data/cache/train_pittsburgh/2021.08.27.14.24.38_veh-42_00120_00224.db,2021.08.27.14.24.38_veh-42_00120_00224.db,6840320,2022-09-23T05:50:05+00:00,True,bb9292e2ba0ac6dd0635e44292adac8a3830c7282c2f1f8cd8eb399f76931bd2,cd32e127531f4ffcc9443ed17c3890ddabc57ea9ff4b911a714ce0f702638dca,2320,1612,9e6b9ab60b433342753b005d08471d025cc2751264b71c582072100f330c8523,1,2021.08.27.14.24.38_veh-42_00120_00224,us-pa-pittsburgh-hazelwood,us-pa-pittsburgh-hazelwood,True,READY,
train_pittsburgh,/Users/liuqing/Projects/01_E2E_QA_Code/nuplan/dataset/data/cache/train_pittsburgh/2021.08.27.14.24.38_veh-42_00262_00839.db,2021.08.27.14.24.38_veh-42_00262_00839.db,70488064,2022-09-23T05:50:05+00:00,True,bb9292e2ba0ac6dd0635e44292adac8a3830c7282c2f1f8cd8eb399f76931bd2,b0223befc13687b2dbd72f669db8290bb6c001d53e2905bceb4b7c2cbeedbde3,14290,7606,2462a2116a4763f7e0787a8a4b604d8f1254afb8f650c37cf6f83e7bf9b319e7,1,2021.08.27.14.24.38_veh-42_00262_00839,us-pa-pittsburgh-hazelwood,us-pa-pittsburgh-hazelwood,True,READY,
train_pittsburgh,/Users/liuqing/Projects/01_E2E_QA_Code/nuplan/dataset/data/cache/train_pittsburgh/2021.08.27.14.24.38_veh-42_00850_01784.db,2021.08.27.14.24.38_veh-42_00850_01784.db,168898560,2022-09-23T05:50:05+00:00,True,bb9292e2ba0ac6dd0635e44292adac8a3830c7282c2f1f8cd8eb399f76931bd2,aea9af3e8bbd2610fee1b40748c09e95cf78085f7992d3dbb53900d8b91d06c7,20593,11894,5f275b9f5124050a0bcaf80199398eea66ab0e91e47c76022a68177871fa8ec2,1,2021.08.27.14.24.38_veh-42_00850_01784,us-pa-pittsburgh-hazelwood,us-pa-pittsburgh-hazelwood,True,READY,
train_pittsburgh,/Users/liuqing/Projects/01_E2E_QA_Code/nuplan/dataset/data/cache/train_pittsburgh/2021.08.27.14.24.38_veh-42_01808_02213.db,2021.08.27.14.24.38_veh-42_01808_02213.db,60141568,2022-09-23T05:50:05+00:00,True,bb9292e2ba0ac6dd0635e44292adac8a3830c7282c2f1f8cd8eb399f76931bd2,b2d7acec4423a54224f16cacc5c9afe54dedae73bfdf8276bc3393783d8b74bb,10333,5298,22e00b79cd4271ca1927332a48bd58c7f9fe3e14d626048ca4c1306049bac73b,1,2021.08.27.14.24.38_veh-42_01808_02213,us-pa-pittsburgh-hazelwood,us-pa-pittsburgh-hazelwood,True,READY,
train_pittsburgh,/Users/liuqing/Projects/01_E2E_QA_Code/nuplan/dataset/data/cache/train_pittsburgh/2021.08.27.14.24.38_veh-42_02231_02377.db,2021.08.27.14.24.38_veh-42_02231_02377.db,14495744,2022-09-23T05:50:05+00:00,True,bb9292e2ba0ac6dd0635e44292adac8a3830c7282c2f1f8cd8eb399f76931bd2,7a462be6aa577ec29dde7fd9f0b2e92339c6768ef2742cd1b672c47ff354f08d,2581,1458,75e4203f2e32cc896be95fb273a223cdab53f7b0bd5ef4f41ac9ec85f787ba98,1,2021.08.27.14.24.38_veh-42_02231_02377,us-pa-pittsburgh-hazelwood,us-pa-pittsburgh-hazelwood,True,READY,
train_pittsburgh,/Users/liuqing/Projects/01_E2E_QA_Code/nuplan/dataset/data/cache/train_pittsburgh/2021.08.27.14.37.47_veh-08_00016_00202.db,2021.08.27.14.37.47_veh-08_00016_00202.db,37462016,2022-09-23T05:50:05+00:00,True,bb9292e2ba0ac6dd0635e44292adac8a3830c7282c2f1f8cd8eb399f76931bd2,7a187b78f296bffaaa8c4289e917613a4895bbb901a23cc77a1024b808a40369,4628,2310,ae7cb028ba0405374a41a08a378877add00e58e8122f50d5611bd54a56dc08ca,1,2021.08.27.14.37.47_veh-08_00016_00202,us-pa-pittsburgh-hazelwood,us-pa-pittsburgh-hazelwood,True,READY,
train_pittsburgh,/Users/liuqing/Projects/01_E2E_QA_Code/nuplan/dataset/data/cache/train_pittsburgh/2021.08.27.14.37.47_veh-08_00225_00426.db,2021.08.27.14.37.47_veh-08_00225_00426.db,23674880,2022-09-23T05:50:05+00:00,True,bb9292e2ba0ac6dd0635e44292adac8a3830c7282c2f1f8cd8eb399f76931bd2,d00370cb384ee4c8f0552a131b9990ad814eadcb9254cf4a0a1164e01166eacc,3998,2124,accab757164e91b50f016602048d662aa8a6a3d55329679636926c754544d184,1,2021.08.27.14.37.47_veh-08_00225_00426,us-pa-pittsburgh-hazelwood,us-pa-pittsburgh-hazelwood,True,READY,
train_pittsburgh,/Users/liuqing/Projects/01_E2E_QA_Code/nuplan/dataset/data/cache/train_pittsburgh/2021.08.27.14.37.47_veh-08_00437_00526.db,2021.08.27.14.37.47_veh-08_00437_00526.db,9297920,2022-09-23T05:50:05+00:00,True,bb9292e2ba0ac6dd0635e44292adac8a3830c7282c2f1f8cd8eb399f76931bd2,17610e182c37667bed01be20523a2eb762be70d426a08a30aa11395acaf4fbde,2172,1319,498e22ddb207273d43e054edcf9dede301d6e9da147c2713c6f3ad07803fd58a,1,2021.08.27.14.37.47_veh-08_00437_00526,us-pa-pittsburgh-hazelwood,us-pa-pittsburgh-hazelwood,True,READY,
train_pittsburgh,/Users/liuqing/Projects/01_E2E_QA_Code/nuplan/dataset/data/cache/train_pittsburgh/2021.08.27.14.37.47_veh-08_00545_00760.db,2021.08.27.14.37.47_veh-08_00545_00760.db,15314944,2022-09-23T05:50:05+00:00,True,bb9292e2ba0ac6dd0635e44292adac8a3830c7282c2f1f8cd8eb399f76931bd2,2b305a55709fd015d6ce6f87ea6755b4599678fad8be01df2feba1c297f3fb6c,4486,2716,3ce11859faebad8c22c7032e436c435b8d71e973cdd669659afd8897ff34e090,1,2021.08.27.14.37.47_veh-08_00545_00760,us-pa-pittsburgh-hazelwood,us-pa-pittsburgh-hazelwood,True,READY,
train_pittsburgh,/Users/liuqing/Projects/01_E2E_QA_Code/nuplan/dataset/data/cache/train_pittsburgh/2021.08.27.14.37.47_veh-08_00786_00850.db,2021.08.27.14.37.47_veh-08_00786_00850.db,4079616,2022-09-23T05:50:05+00:00,True,bb9292e2ba0ac6dd0635e44292adac8a3830c7282c2f1f8cd8eb399f76931bd2,6f5f64fd9d68d48a1b892cd0db3fda9c34f261c642716ec6a0cfeffa24e699fc,1402,897,c2ef1e4bfbb3df3748ae6ebfa7a7eac14f69970cf9bee7852e8333758d9ce668,1,2021.08.27.14.37.47_veh-08_00786_00850,us-pa-pittsburgh-hazelwood,us-pa-pittsburgh-hazelwood,True,READY,
train_pittsburgh,/Users/liuqing/Projects/01_E2E_QA_Code/nuplan/dataset/data/cache/train_pittsburgh/2021.08.27.14.37.47_veh-08_00876_00957.db,2021.08.27.14.37.47_veh-08_00876_00957.db,5300224,2022-09-23T05:50:05+00:00,True,bb9292e2ba0ac6dd0635e44292adac8a3830c7282c2f1f8cd8eb399f76931bd2,eb8f154687a6ecb644025af0a82e334a17cf11deb38ad00c106ed99978717349,2049,1402,b2f444422f94f4b9dd75bad1d23f4e6a390f08ff7a0cd76310165d553f1dd11d,1,2021.08.27.14.37.47_veh-08_00876_00957,us-pa-pittsburgh-hazelwood,us-pa-pittsburgh-hazelwood,True,READY,
train_pittsburgh,/Users/liuqing/Projects/01_E2E_QA_Code/nuplan/dataset/data/cache/train_pittsburgh/2021.08.27.14.37.47_veh-08_00986_01258.db,2021.08.27.14.37.47_veh-08_00986_01258.db,22048768,2022-09-23T05:50:05+00:00,True,bb9292e2ba0ac6dd0635e44292adac8a3830c7282c2f1f8cd8eb399f76931bd2,1c76427cb7894159c27589777615df8d3a221eeb8321ad3faf2510c930edc064,7747,3891,aa1c1d60d273f8403cf12659d20e19e727d399bb403d39218a7f42d1211a6ed6,1,2021.08.27.14.37.47_veh-08_00986_01258,us-pa-pittsburgh-hazelwood,us-pa-pittsburgh-hazelwood,True,READY,
train_pittsburgh,/Users/liuqing/Projects/01_E2E_QA_Code/nuplan/dataset/data/cache/train_pittsburgh/2021.08.27.14.37.47_veh-08_01291_01597.db,2021.08.27.14.37.47_veh-08_01291_01597.db,31195136,2022-09-23T05:50:05+00:00,True,bb9292e2ba0ac6dd0635e44292adac8a3830c7282c2f1f8cd8eb399f76931bd2,a53843036ae59efa0155cc7ebf8708e75fbcef141b961e59994ed09b3539b514,7166,3957,74edc97777d092263c5e92126060e1b0c474b55481071ad0832cf29967001ceb,1,2021.08.27.14.37.47_veh-08_01291_01597,us-pa-pittsburgh-hazelwood,us-pa-pittsburgh-hazelwood,True,READY,
train_pittsburgh,/Users/liuqing/Projects/01_E2E_QA_Code/nuplan/dataset/data/cache/train_pittsburgh/2021.08.27.14.37.47_veh-08_01620_01868.db,2021.08.27.14.37.47_veh-08_01620_01868.db,43782144,2022-09-23T05:50:05+00:00,True,bb9292e2ba0ac6dd0635e44292adac8a3830c7282c2f1f8cd8eb399f76931bd2,4a5ca18f5ef70532d40f60f3773b3e006e6d8720e6a7108f3566852da5934530,8084,3429,e910aec51d1c766a1d7b4f81f534aea606e4fb29a649eee545943ed858521c43,1,2021.08.27.14.37.47_veh-08_01620_01868,us-pa-pittsburgh-hazelwood,us-pa-pittsburgh-hazelwood,True,READY,
train_pittsburgh,/Users/liuqing/Projects/01_E2E_QA_Code/nuplan/dataset/data/cache/train_pittsburgh/2021.08.27.14.37.47_veh-08_01899_02002.db,2021.08.27.14.37.47_veh-08_01899_02002.db,23134208,2022-09-23T05:50:05+00:00,True,bb9292e2ba0ac6dd0635e44292adac8a3830c7282c2f1f8cd8eb399f76931bd2,6e202acd82bc9af9d3fb3aec6da4bdbc8b27411f66f5650f55d19629a5a6f463,2341,1342,c8c369531534a0fbb081880d28404a19a5437f0ab588575b51c2534c98799b51,1,2021.08.27.14.37.47_veh-08_01899_02002,us-pa-pittsburgh-hazelwood,us-pa-pittsburgh-hazelwood,True,READY,
train_pittsburgh,/Users/liuqing/Projects/01_E2E_QA_Code/nuplan/dataset/data/cache/train_pittsburgh/2021.08.27.14.37.47_veh-08_02015_02177.db,2021.08.27.14.37.47_veh-08_02015_02177.db,38109184,2022-09-23T05:50:05+00:00,True,bb9292e2ba0ac6dd0635e44292adac8a3830c7282c2f1f8cd8eb399f76931bd2,db11790902120f0a1cdd945e64d2d4679348427473aef937a8c47ffe28a13acc,6443,3240,2663f83460b103d4d6b29590563b34c777f58b17ba3f6d16fb4af72f0b78aa96,1,2021.08.27.14.37.47_veh-08_02015_02177,us-pa-pittsburgh-hazelwood,us-pa-pittsburgh-hazelwood,True,READY,
train_pittsburgh,/Users/liuqing/Projects/01_E2E_QA_Code/nuplan/dataset/data/cache/train_pittsburgh/2021.08.27.14.37.47_veh-08_02201_02277.db,2021.08.27.14.37.47_veh-08_02201_02277.db,14311424,2022-09-23T05:50:05+00:00,True,bb9292e2ba0ac6dd0635e44292adac8a3830c7282c2f1f8cd8eb399f76931bd2,60abc8b396575e967680379ddcf57bff110ef0d92f5bddede5a93a6ba4500f65,2036,1001,f3ab2a85a9d46d0ceb8b6cddd17d87a86e08c3ac446d25b1a6992c1217b1baf5,1,2021.08.27.14.37.47_veh-08_02201_02277,us-pa-pittsburgh-hazelwood,us-pa-pittsburgh-hazelwood,True,READY,
train_pittsburgh,/Users/liuqing/Projects/01_E2E_QA_Code/nuplan/dataset/data/cache/train_pittsburgh/2021.08.27.14.37.47_veh-08_02300_02620.db,2021.08.27.14.37.47_veh-08_02300_02620.db,44081152,2022-09-23T05:50:05+00:00,True,bb9292e2ba0ac6dd0635e44292adac8a3830c7282c2f1f8cd8eb399f76931bd2,22b1079f272486fc11075a83699078d770a75a81e67ddc800919ba01f3870edd,5882,3763,292704178c94198f07eb90e6e9b2ff7de19c7d57bfe5830d49fb0659cf446e14,1,2021.08.27.14.37.47_veh-08_02300_02620,us-pa-pittsburgh-hazelwood,us-pa-pittsburgh-hazelwood,True,READY,
train_pittsburgh,/Users/liuqing/Projects/01_E2E_QA_Code/nuplan/dataset/data/cache/train_pittsburgh/2021.08.27.16.43.13_veh-08_00145_00527.db,2021.08.27.16.43.13_veh-08_00145_00527.db,60239872,2022-09-23T05:50:05+00:00,True,bb9292e2ba0ac6dd0635e44292adac8a3830c7282c2f1f8cd8eb399f76931bd2,85c1d8520259f97fdbab0156f0be649fda9d01d4538868444e74c432757a7690,8122,4740,a7345e691eb45fbcebd82e139875bf011664e8884b783da43270898e42a68e3a,1,2021.08.27.16.43.13_veh-08_00145_00527,us-pa-pittsburgh-hazelwood,us-pa-pittsburgh-hazelwood,True,READY,
train_pittsburgh,/Users/liuqing/Projects/01_E2E_QA_Code/nuplan/dataset/data/cache/train_pittsburgh/2021.08.27.16.43.13_veh-08_00565_00794.db,2021.08.27.16.43.13_veh-08_00565_00794.db,39723008,2022-09-23T05:50:05+00:00,True,bb9292e2ba0ac6dd0635e44292adac8a3830c7282c2f1f8cd8eb399f76931bd2,b074b2ffed0ce813fd0b1dabce947cc5336cb60eb936b4b28b1871f5ab47760c,4916,2974,0ac2ef5a7a458a3f7c58ff922ffa295a46df19620babc59f544c371bb5071a25,1,2021.08.27.16.43.13_veh-08_00565_00794,us-pa-pittsburgh-hazelwood,us-pa-pittsburgh-hazelwood,True,READY,
train_pittsburgh,/Users/liuqing/Projects/01_E2E_QA_Code/nuplan/dataset/data/cache/train_pittsburgh/2021.08.27.16.43.13_veh-08_00805_01028.db,2021.08.27.16.43.13_veh-08_00805_01028.db,29417472,2022-09-23T05:50:05+00:00,True,bb9292e2ba0ac6dd0635e44292adac8a3830c7282c2f1f8cd8eb399f76931bd2,f6bb170809719064db51ab86e14da117b5dff32c35f95c393b8570d7baa69aed,4745,2797,2981a63132a204e8cba3069609642b89afe5f4b20dfac052418c20f9e20950f7,1,2021.08.27.16.43.13_veh-08_00805_01028,us-pa-pittsburgh-hazelwood,us-pa-pittsburgh-hazelwood,True,READY,
train_pittsburgh,/Users/liuqing/Projects/01_E2E_QA_Code/nuplan/dataset/data/cache/train_pittsburgh/2021.08.27.16.43.13_veh-08_01263_01337.db,2021.08.27.16.43.13_veh-08_01263_01337.db,4661248,2022-09-23T05:50:05+00:00,True,bb9292e2ba0ac6dd0635e44292adac8a3830c7282c2f1f8cd8eb399f76931bd2,52877ba93efe0b76c245732fd2882d5071aba1d65069f1c5a7289e473cec5959,1644,1117,caf264caad5f0bbd8e16ecf477c6a139933dac9966500a8b7e73b41c22363dfd,1,2021.08.27.16.43.13_veh-08_01263_01337,us-pa-pittsburgh-hazelwood,us-pa-pittsburgh-hazelwood,True,READY,
train_pittsburgh,/Users/liuqing/Projects/01_E2E_QA_Code/nuplan/dataset/data/cache/train_pittsburgh/2021.08.27.16.43.13_veh-08_01379_01506.db,2021.08.27.16.43.13_veh-08_01379_01506.db,11288576,2022-09-23T05:50:05+00:00,True,bb9292e2ba0ac6dd0635e44292adac8a3830c7282c2f1f8cd8eb399f76931bd2,3813dd3ae74b30fe06e7c77577b677ac71a0dc2444d87691747b2e8e32d818bb,2305,1577,f9a624e450c1b7ce51e5b4469dfad1715acf9d0b3ac540203234ab7ccf8fcab0,1,2021.08.27.16.43.13_veh-08_01379_01506,us-pa-pittsburgh-hazelwood,us-pa-pittsburgh-hazelwood,True,READY,
train_pittsburgh,/Users/liuqing/Projects/01_E2E_QA_Code/nuplan/dataset/data/cache/train_pittsburgh/2021.08.27.16.43.13_veh-08_01530_01604.db,2021.08.27.16.43.13_veh-08_01530_01604.db,4788224,2022-09-23T05:50:05+00:00,True,bb9292e2ba0ac6dd0635e44292adac8a3830c7282c2f1f8cd8eb399f76931bd2,dd5952b4af1f1fccfbea0c4de4cb34ed3b662a7eab3ff716bf28e6c7bbd7ce1c,1328,945,938be7ecece7f24baa822ef2acba8f815e51c3b84216c692c9de377652214b71,1,2021.08.27.16.43.13_veh-08_01530_01604,us-pa-pittsburgh-hazelwood,us-pa-pittsburgh-hazelwood,True,READY,
train_pittsburgh,/Users/liuqing/Projects/01_E2E_QA_Code/nuplan/dataset/data/cache/train_pittsburgh/2021.08.27.16.46.47_veh-45_00098_00785.db,2021.08.27.16.46.47_veh-45_00098_00785.db,79241216,2022-09-23T05:50:05+00:00,True,bb9292e2ba0ac6dd0635e44292adac8a3830c7282c2f1f8cd8eb399f76931bd2,ecd4deda3082aa7a61eca0998013eb35d300495522d3763d1f4154378e8aea58,17814,10217,34ad60d4bf8094eeb3598282d8a530aa4e4747dbffcbfa81bd89b990ff9c7cbc,1,2021.08.27.16.46.47_veh-45_00098_00785,us-pa-pittsburgh-hazelwood,us-pa-pittsburgh-hazelwood,True,READY,
train_pittsburgh,/Users/liuqing/Projects/01_E2E_QA_Code/nuplan/dataset/data/cache/train_pittsburgh/2021.08.27.16.46.47_veh-45_00830_00910.db,2021.08.27.16.46.47_veh-45_00830_00910.db,10088448,2022-09-23T05:50:05+00:00,True,bb9292e2ba0ac6dd0635e44292adac8a3830c7282c2f1f8cd8eb399f76931bd2,21cfd43e5d444639b52d1ea6e1e2d4586ffda32de02048db2c03c2d8e6caa841,2689,1193,f0816b6b643a1e68b4a35b17af6b2941ff927290e0e2a8ce37fbf0a71fa558b0,1,2021.08.27.16.46.47_veh-45_00830_00910,us-pa-pittsburgh-hazelwood,us-pa-pittsburgh-hazelwood,True,READY,
train_pittsburgh,/Users/liuqing/Projects/01_E2E_QA_Code/nuplan/dataset/data/cache/train_pittsburgh/2021.08.27.16.46.47_veh-45_00958_01474.db,2021.08.27.16.46.47_veh-45_00958_01474.db,97054720,2022-09-23T05:50:05+00:00,True,bb9292e2ba0ac6dd0635e44292adac8a3830c7282c2f1f8cd8eb399f76931bd2,a4c1bc9ba7db974e16c8819dd71b3580e4990f85c14ca5401bf98b66f7d7b737,12348,6903,62533c5629b5dbd2ed19137ac86d3844a0697cd906ae8f96e543835463ebbe17,1,2021.08.27.16.46.47_veh-45_00958_01474,us-pa-pittsburgh-hazelwood,us-pa-pittsburgh-hazelwood,True,READY,
train_pittsburgh,/Users/liuqing/Projects/01_E2E_QA_Code/nuplan/dataset/data/cache/train_pittsburgh/2021.08.27.16.46.47_veh-45_01497_01755.db,2021.08.27.16.46.47_veh-45_01497_01755.db,44593152,2022-09-23T05:50:05+00:00,True,bb9292e2ba0ac6dd0635e44292adac8a3830c7282c2f1f8cd8eb399f76931bd2,47a641e75440f0840cbd6d494fbc583b754efd0f9b0e653c471b4b35ce3c5947,6040,3559,6f5f240d4e09dc0e2a62ab023786ca9345517c9a7f42d2b798a0fba7068444b2,1,2021.08.27.16.46.47_veh-45_01497_01755,us-pa-pittsburgh-hazelwood,us-pa-pittsburgh-hazelwood,True,READY,
train_pittsburgh,/Users/liuqing/Projects/01_E2E_QA_Code/nuplan/dataset/data/cache/train_pittsburgh/2021.08.27.16.46.47_veh-45_01810_02137.db,2021.08.27.16.46.47_veh-45_01810_02137.db,22044672,2022-09-23T05:50:05+00:00,True,bb9292e2ba0ac6dd0635e44292adac8a3830c7282c2f1f8cd8eb399f76931bd2,8fd89c4ca4b340d266d7720872c55f877026af65786faffdc67983d847dee59b,7406,4741,8e3023d3839527b3cb9392c84696caf35e2ba50e2e5276cf7bf2a4aa7e6d2081,1,2021.08.27.16.46.47_veh-45_01810_02137,us-pa-pittsburgh-hazelwood,us-pa-pittsburgh-hazelwood,True,READY,
train_pittsburgh,/Users/liuqing/Projects/01_E2E_QA_Code/nuplan/dataset/data/cache/train_pittsburgh/2021.08.27.16.46.47_veh-45_02244_02729.db,2021.08.27.16.46.47_veh-45_02244_02729.db,54878208,2022-09-23T05:50:05+00:00,True,bb9292e2ba0ac6dd0635e44292adac8a3830c7282c2f1f8cd8eb399f76931bd2,3ea3a2db9ba1b58a953e7b3bbae01a08359f257ea5ef9984b0540519ea513244,12179,6522,9ca48f3f0973d859d688c75c6e2d1e4e8308360aea021e48690dff30028d42eb,1,2021.08.27.16.46.47_veh-45_02244_02729,us-pa-pittsburgh-hazelwood,us-pa-pittsburgh-hazelwood,True,READY,
train_pittsburgh,/Users/liuqing/Projects/01_E2E_QA_Code/nuplan/dataset/data/cache/train_pittsburgh/2021.08.30.13.08.03_veh-08_00016_00140.db,2021.08.30.13.08.03_veh-08_00016_00140.db,8290304,2022-09-23T05:50:07+00:00,True,bb9292e2ba0ac6dd0635e44292adac8a3830c7282c2f1f8cd8eb399f76931bd2,553e0096ab6106d5b87f638675b62737c097eaf36c2ba9d1a72fb62367e1a1ea,3216,2038,18081ff4cdd85ed2880c8542858a1f8475b075c2920ef27513a2086711eb5c59,1,2021.08.30.13.08.03_veh-08_00016_00140,us-pa-pittsburgh-hazelwood,us-pa-pittsburgh-hazelwood,True,READY,
train_pittsburgh,/Users/liuqing/Projects/01_E2E_QA_Code/nuplan/dataset/data/cache/train_pittsburgh/2021.08.30.13.08.03_veh-08_00207_00494.db,2021.08.30.13.08.03_veh-08_00207_00494.db,31109120,2022-09-23T05:50:07+00:00,True,bb9292e2ba0ac6dd0635e44292adac8a3830c7282c2f1f8cd8eb399f76931bd2,c3b7e5340eab9d9d049f7819f9f0599fb184909d6819264f3d8e065ac541796c,5605,3489,2727956cc6aa5610069ba8cc769a79426dd8490afd60442381880135096bc84f,1,2021.08.30.13.08.03_veh-08_00207_00494,us-pa-pittsburgh-hazelwood,us-pa-pittsburgh-hazelwood,True,READY,
train_pittsburgh,/Users/liuqing/Projects/01_E2E_QA_Code/nuplan/dataset/data/cache/train_pittsburgh/2021.08.30.13.08.03_veh-08_00505_00679.db,2021.08.30.13.08.03_veh-08_00505_00679.db,30695424,2022-09-23T05:50:07+00:00,True,bb9292e2ba0ac6dd0635e44292adac8a3830c7282c2f1f8cd8eb399f76931bd2,c7fecde701e20fb43f1e93b09229107b9e8a5f69d9b90df37e6f1f0ebfb8d8ca,4188,2212,f0afb40adc655e6f5364fce5d5e1ae270bc12edea2c1fac7749f592ee86661c1,1,2021.08.30.13.08.03_veh-08_00505_00679,us-pa-pittsburgh-hazelwood,us-pa-pittsburgh-hazelwood,True,READY,
train_pittsburgh,/Users/liuqing/Projects/01_E2E_QA_Code/nuplan/dataset/data/cache/train_pittsburgh/2021.08.30.13.08.03_veh-08_00741_01280.db,2021.08.30.13.08.03_veh-08_00741_01280.db,71168000,2022-09-23T05:50:07+00:00,True,bb9292e2ba0ac6dd0635e44292adac8a3830c7282c2f1f8cd8eb399f76931bd2,66f9ba3ae15bbd3ffea6838c636ba5e11fd4115c6718a862d8c1e41cea15b5a6,12308,6943,9c53ca193b08e64d638e59b1f7976247600a82635bfc030754fef2bf5582c0b7,1,2021.08.30.13.08.03_veh-08_00741_01280,us-pa-pittsburgh-hazelwood,us-pa-pittsburgh-hazelwood,True,READY,
train_pittsburgh,/Users/liuqing/Projects/01_E2E_QA_Code/nuplan/dataset/data/cache/train_pittsburgh/2021.08.30.13.08.03_veh-08_01302_01607.db,2021.08.30.13.08.03_veh-08_01302_01607.db,47796224,2022-09-23T05:50:07+00:00,True,bb9292e2ba0ac6dd0635e44292adac8a3830c7282c2f1f8cd8eb399f76931bd2,619e1c6e56e5a993cb2c805c3ddf73d0f9520e9e4c49722e737a695b993c58b8,7428,4881,e981beda9254a365d3116e78d4b0d2e298f5fbc098eafde3a1ba1d42a35e9d4b,1,2021.08.30.13.08.03_veh-08_01302_01607,us-pa-pittsburgh-hazelwood,us-pa-pittsburgh-hazelwood,True,READY,
train_pittsburgh,/Users/liuqing/Projects/01_E2E_QA_Code/nuplan/dataset/data/cache/train_pittsburgh/2021.08.30.13.08.03_veh-08_01643_01900.db,2021.08.30.13.08.03_veh-08_01643_01900.db,26333184,2022-09-23T05:50:07+00:00,True,bb9292e2ba0ac6dd0635e44292adac8a3830c7282c2f1f8cd8eb399f76931bd2,965a91b6ae001a1d99f042ed31c312bbab11495f2d48cddc6c5bcc7a68be9269,6365,2319,53f965de31431c772a6ce33ff3acdaeeadc51ec6fc82bae979d4927b7216948d,1,2021.08.30.13.08.03_veh-08_01643_01900,us-pa-pittsburgh-hazelwood,us-pa-pittsburgh-hazelwood,True,READY,
train_pittsburgh,/Users/liuqing/Projects/01_E2E_QA_Code/nuplan/dataset/data/cache/train_pittsburgh/2021.08.30.13.47.20_veh-08_00060_00127.db,2021.08.30.13.47.20_veh-08_00060_00127.db,4730880,2022-09-23T05:50:07+00:00,True,bb9292e2ba0ac6dd0635e44292adac8a3830c7282c2f1f8cd8eb399f76931bd2,6734810f06cc5213c8c49c501e2945fc46aacadeba6c572f44626e9a85b4f2c1,1378,1007,610fdd1716f6cff235d1c14bdfd87ea38979908bfa7445e6e34973a3ae0ef31b,1,2021.08.30.13.47.20_veh-08_00060_00127,us-pa-pittsburgh-hazelwood,us-pa-pittsburgh-hazelwood,True,READY,
train_pittsburgh,/Users/liuqing/Projects/01_E2E_QA_Code/nuplan/dataset/data/cache/train_pittsburgh/2021.08.30.13.47.20_veh-08_00150_00344.db,2021.08.30.13.47.20_veh-08_00150_00344.db,14344192,2022-09-23T05:50:07+00:00,True,bb9292e2ba0ac6dd0635e44292adac8a3830c7282c2f1f8cd8eb399f76931bd2,a5b2ba264c462c876fe5fe1b73564f8a4af098a6e8616baf8b8cf52e022b788e,4510,2716,715b9681dbd3f58cd33802a07b402273b9eb65b4eeb0b28cd8d46e370321ea46,1,2021.08.30.13.47.20_veh-08_00150_00344,us-pa-pittsburgh-hazelwood,us-pa-pittsburgh-hazelwood,True,READY,
train_pittsburgh,/Users/liuqing/Projects/01_E2E_QA_Code/nuplan/dataset/data/cache/train_pittsburgh/2021.08.30.13.47.20_veh-08_00359_00489.db,2021.08.30.13.47.20_veh-08_00359_00489.db,9916416,2022-09-23T05:50:07+00:00,True,bb9292e2ba0ac6dd0635e44292adac8a3830c7282c2f1f8cd8eb399f76931bd2,a6bc765c5e5a88bdf880933e01191d17d776d90ae7cd83f618cd8d48f13aa4e1,3485,1922,1b0f2eac34de54d5055bbbd737c816e528004f678c3e445c2cd5988e1c83633b,1,2021.08.30.13.47.20_veh-08_00359_00489,us-pa-pittsburgh-hazelwood,us-pa-pittsburgh-hazelwood,True,READY,
train_pittsburgh,/Users/liuqing/Projects/01_E2E_QA_Code/nuplan/dataset/data/cache/train_pittsburgh/2021.08.30.13.47.20_veh-08_00533_01152.db,2021.08.30.13.47.20_veh-08_00533_01152.db,93143040,2022-09-23T05:50:07+00:00,True,bb9292e2ba0ac6dd0635e44292adac8a3830c7282c2f1f8cd8eb399f76931bd2,4b8a720143fb9b51e7ab3235f899a0684d682f74484b5fd7b4a8d90aa9f0271b,14643,8632,54deb7e4514d382379e86adf19bfcd1308e675d71ff89a3ca26b077171397ffa,1,2021.08.30.13.47.20_veh-08_00533_01152,us-pa-pittsburgh-hazelwood,us-pa-pittsburgh-hazelwood,True,READY,
train_pittsburgh,/Users/liuqing/Projects/01_E2E_QA_Code/nuplan/dataset/data/cache/train_pittsburgh/2021.08.30.13.47.20_veh-08_01171_01317.db,2021.08.30.13.47.20_veh-08_01171_01317.db,17448960,2022-09-23T05:50:07+00:00,True,bb9292e2ba0ac6dd0635e44292adac8a3830c7282c2f1f8cd8eb399f76931bd2,9c382af20eda49b65148904430ed209db0d62d8e03696e3db32ecea372a40711,3438,2006,8a6d284f41be6b264a43ccd2990dc3fa8427a98c9b95d618a132a4043e8810de,1,2021.08.30.13.47.20_veh-08_01171_01317,us-pa-pittsburgh-hazelwood,us-pa-pittsburgh-hazelwood,True,READY,
train_pittsburgh,/Users/liuqing/Projects/01_E2E_QA_Code/nuplan/dataset/data/cache/train_pittsburgh/2021.08.30.13.47.20_veh-08_01338_01823.db,2021.08.30.13.47.20_veh-08_01338_01823.db,62607360,2022-09-23T05:50:07+00:00,True,bb9292e2ba0ac6dd0635e44292adac8a3830c7282c2f1f8cd8eb399f76931bd2,6582f5b371126d28c27bbbac860e378c6f1841ed3a649e62b115c40b6bc8fe24,11871,5949,6b6e394c0e0f79eb78b345305888e2d2ee3f0e05467fa1bab47ae226852af594,1,2021.08.30.13.47.20_veh-08_01338_01823,us-pa-pittsburgh-hazelwood,us-pa-pittsburgh-hazelwood,True,READY,
train_pittsburgh,/Users/liuqing/Projects/01_E2E_QA_Code/nuplan/dataset/data/cache/train_pittsburgh/2021.08.30.14.29.08_veh-45_00185_00385.db,2021.08.30.14.29.08_veh-45_00185_00385.db,12152832,2022-09-23T05:50:07+00:00,True,bb9292e2ba0ac6dd0635e44292adac8a3830c7282c2f1f8cd8eb399f76931bd2,f8e731709d44f20f9ce8e676f2527f6d70e2ca02ee7b2c27e3f2a7ed5644893d,3955,2921,3fbe6c31298824a06d82cf2477f8daf3e83aaa9c0c2c678b1ebf5385ed286a51,1,2021.08.30.14.29.08_veh-45_00185_00385,us-pa-pittsburgh-hazelwood,us-pa-pittsburgh-hazelwood,True,READY,
train_pittsburgh,/Users/liuqing/Projects/01_E2E_QA_Code/nuplan/dataset/data/cache/train_pittsburgh/2021.08.30.14.29.08_veh-45_00408_00692.db,2021.08.30.14.29.08_veh-45_00408_00692.db,33636352,2022-09-23T05:50:07+00:00,True,bb9292e2ba0ac6dd0635e44292adac8a3830c7282c2f1f8cd8eb399f76931bd2,b54181f8182d5e18d902c30cc0451bbd898335a74aa20ba31f8ae2ea96799714,7374,3841,657e8ac0f70884b8029f182cac48fc63d659faa3be5a7fdbf8f1346f46752b8f,1,2021.08.30.14.29.08_veh-45_00408_00692,us-pa-pittsburgh-hazelwood,us-pa-pittsburgh-hazelwood,True,READY,
train_pittsburgh,/Users/liuqing/Projects/01_E2E_QA_Code/nuplan/dataset/data/cache/train_pittsburgh/2021.08.30.14.29.08_veh-45_00754_00883.db,2021.08.30.14.29.08_veh-45_00754_00883.db,26902528,2022-09-23T05:50:07+00:00,True,bb9292e2ba0ac6dd0635e44292adac8a3830c7282c2f1f8cd8eb399f76931bd2,322b1cb045e865b43e990fbc7586c3065d7580e1af6d1d3b0660d38d0dd38364,3023,1445,9c8dfe0dbfb938404a60337b3748be3350358fec51aebe6a38e1a4745c502325,1,2021.08.30.14.29.08_veh-45_00754_00883,us-pa-pittsburgh-hazelwood,us-pa-pittsburgh-hazelwood,True,READY,
train_pittsburgh,/Users/liuqing/Projects/01_E2E_QA_Code/nuplan/dataset/data/cache/train_pittsburgh/2021.08.30.14.29.08_veh-45_00905_01077.db,2021.08.30.14.29.08_veh-45_00905_01077.db,18661376,2022-09-23T05:50:07+00:00,True,bb9292e2ba0ac6dd0635e44292adac8a3830c7282c2f1f8cd8eb399f76931bd2,1cb65162d0b6424da8c476a80d6a7e30d6667cc40519e40838aebc96514c3055,3920,1934,bcecde998b1dff6d55a2ebc818617309596923c75b9a7e36730a49fe8369f7e2,1,2021.08.30.14.29.08_veh-45_00905_01077,us-pa-pittsburgh-hazelwood,us-pa-pittsburgh-hazelwood,True,READY,
train_pittsburgh,/Users/liuqing/Projects/01_E2E_QA_Code/nuplan/dataset/data/cache/train_pittsburgh/2021.08.30.14.29.08_veh-45_01105_01737.db,2021.08.30.14.29.08_veh-45_01105_01737.db,98103296,2022-09-23T05:50:07+00:00,True,bb9292e2ba0ac6dd0635e44292adac8a3830c7282c2f1f8cd8eb399f76931bd2,5ae831e4dd455e26f73d844c7021cb897d4546fd651dc9a4cf56328efd3ba69f,14478,6776,a8f405350a50a4ecad63f63c40d27978e8ea089418f9ac70730b7fa0c0dc5d3b,1,2021.08.30.14.29.08_veh-45_01105_01737,us-pa-pittsburgh-hazelwood,us-pa-pittsburgh-hazelwood,True,READY,
train_pittsburgh,/Users/liuqing/Projects/01_E2E_QA_Code/nuplan/dataset/data/cache/train_pittsburgh/2021.08.30.14.29.08_veh-45_01748_01919.db,2021.08.30.14.29.08_veh-45_01748_01919.db,18632704,2022-09-23T05:50:07+00:00,True,bb9292e2ba0ac6dd0635e44292adac8a3830c7282c2f1f8cd8eb399f76931bd2,aa74aa873a324470c5019dd1928474894f6bd2216cb30b467f9f11020eb91c74,3801,2409,9e77304342856e4744ff14ae59cfc2fed8982743d216915dc53901d9acd09929,1,2021.08.30.14.29.08_veh-45_01748_01919,us-pa-pittsburgh-hazelwood,us-pa-pittsburgh-hazelwood,True,READY,
train_pittsburgh,/Users/liuqing/Projects/01_E2E_QA_Code/nuplan/dataset/data/cache/train_pittsburgh/2021.08.30.14.29.08_veh-45_01971_02180.db,2021.08.30.14.29.08_veh-45_01971_02180.db,12783616,2022-09-23T05:50:07+00:00,True,bb9292e2ba0ac6dd0635e44292adac8a3830c7282c2f1f8cd8eb399f76931bd2,35aeb65658113fd9293e911bdb41e2911c6bae86b4b77bdded8fb72caba1a008,4914,3061,2df4123faf59faea05eeb1e3858647d758bcaef64356d2aebc3bcb16de90339b,1,2021.08.30.14.29.08_veh-45_01971_02180,us-pa-pittsburgh-hazelwood,us-pa-pittsburgh-hazelwood,True,READY,
train_pittsburgh,/Users/liuqing/Projects/01_E2E_QA_Code/nuplan/dataset/data/cache/train_pittsburgh/2021.08.30.14.29.08_veh-45_02192_02406.db,2021.08.30.14.29.08_veh-45_02192_02406.db,14901248,2022-09-23T05:50:07+00:00,True,bb9292e2ba0ac6dd0635e44292adac8a3830c7282c2f1f8cd8eb399f76931bd2,462eb087d37c5eea42a0eb8a3b39a986ec0ca2580b8b869c497af3e50f736f99,4198,2749,ba946dd4f9dea5ae51e99825d7ae496d641e22e67e77a76cb5fe0360e53e0ab1,1,2021.08.30.14.29.08_veh-45_02192_02406,us-pa-pittsburgh-hazelwood,us-pa-pittsburgh-hazelwood,True,READY,
train_pittsburgh,/Users/liuqing/Projects/01_E2E_QA_Code/nuplan/dataset/data/cache/train_pittsburgh/2021.08.30.14.29.08_veh-45_02418_02502.db,2021.08.30.14.29.08_veh-45_02418_02502.db,6303744,2022-09-23T05:50:07+00:00,True,bb9292e2ba0ac6dd0635e44292adac8a3830c7282c2f1f8cd8eb399f76931bd2,85f482b1399639423ad76d4fdb7e71e388296e2df9706c2073d4dff4a825d018,1995,1583,b607a86317d593984e0035a2d262a58059b44c2262338f24155c9cdc8af39897,1,2021.08.30.14.29.08_veh-45_02418_02502,us-pa-pittsburgh-hazelwood,us-pa-pittsburgh-hazelwood,True,READY,
train_pittsburgh,/Users/liuqing/Projects/01_E2E_QA_Code/nuplan/dataset/data/cache/train_pittsburgh/2021.08.30.14.29.08_veh-45_02531_02827.db,2021.08.30.14.29.08_veh-45_02531_02827.db,40808448,2022-09-23T05:50:07+00:00,True,bb9292e2ba0ac6dd0635e44292adac8a3830c7282c2f1f8cd8eb399f76931bd2,2eb5cbdfcdb0c2f3ea4dc31f1c29b89a44a0389038f7d91f4abafba1ba9b4894,5965,3214,139c87211f7c38e6baba89a5bb11854803017632dc3402afb9a60969cf5c164b,1,2021.08.30.14.29.08_veh-45_02531_02827,us-pa-pittsburgh-hazelwood,us-pa-pittsburgh-hazelwood,True,READY,
train_pittsburgh,/Users/liuqing/Projects/01_E2E_QA_Code/nuplan/dataset/data/cache/train_pittsburgh/2021.08.30.14.29.08_veh-45_02869_02956.db,2021.08.30.14.29.08_veh-45_02869_02956.db,17129472,2022-09-23T05:50:07+00:00,True,bb9292e2ba0ac6dd0635e44292adac8a3830c7282c2f1f8cd8eb399f76931bd2,cd746ede535ddf94b5fbfbd7e2c79312b2dae33e3afa0709c678fb0c1b4f8a78,3558,1241,18820dbf7f4e90cbc6d8b0e87a24caeb2fcf18e726b6ecaa167610574d5f7250,1,2021.08.30.14.29.08_veh-45_02869_02956,us-pa-pittsburgh-hazelwood,us-pa-pittsburgh-hazelwood,True,READY,
train_pittsburgh,/Users/liuqing/Projects/01_E2E_QA_Code/nuplan/dataset/data/cache/train_pittsburgh/2021.08.30.14.36.46_veh-08_00213_00449.db,2021.08.30.14.36.46_veh-08_00213_00449.db,20148224,2022-09-23T05:50:07+00:00,True,bb9292e2ba0ac6dd0635e44292adac8a3830c7282c2f1f8cd8eb399f76931bd2,1b775509137e15a7028f14d87d7a1882677413965823368d27dcdc4491be571d,6204,3274,6e55f5e87a7818d09aaf1da96cc2dca27659ba7973c7c6f856ae53547d89ec3b,1,2021.08.30.14.36.46_veh-08_00213_00449,us-pa-pittsburgh-hazelwood,us-pa-pittsburgh-hazelwood,True,READY,
train_pittsburgh,/Users/liuqing/Projects/01_E2E_QA_Code/nuplan/dataset/data/cache/train_pittsburgh/2021.08.30.14.36.46_veh-08_00504_00855.db,2021.08.30.14.36.46_veh-08_00504_00855.db,67072000,2022-09-23T05:50:07+00:00,True,bb9292e2ba0ac6dd0635e44292adac8a3830c7282c2f1f8cd8eb399f76931bd2,4a1a895f2df9b5c578191ac0ca55da371a2124c37c30db2206b82f6b4bbdbebe,8594,4824,b29e2434c8fd0a6d987e837324f41fa62f82ea6813601594959b38573e5414f5,1,2021.08.30.14.36.46_veh-08_00504_00855,us-pa-pittsburgh-hazelwood,us-pa-pittsburgh-hazelwood,True,READY,
train_pittsburgh,/Users/liuqing/Projects/01_E2E_QA_Code/nuplan/dataset/data/cache/train_pittsburgh/2021.08.30.14.36.46_veh-08_00873_01639.db,2021.08.30.14.36.46_veh-08_00873_01639.db,99938304,2022-09-23T05:50:07+00:00,True,bb9292e2ba0ac6dd0635e44292adac8a3830c7282c2f1f8cd8eb399f76931bd2,a9d1941acd774f82a939268432e011044a9481e8bec29ffb150ad88ac0ea7722,14443,8379,845eb0d59ac8b023dbe4f4628d0bf39a0af20fa84efc745a170ddf46f346f846,1,2021.08.30.14.36.46_veh-08_00873_01639,us-pa-pittsburgh-hazelwood,us-pa-pittsburgh-hazelwood,True,READY,
train_pittsburgh,/Users/liuqing/Projects/01_E2E_QA_Code/nuplan/dataset/data/cache/train_pittsburgh/2021.08.30.14.36.46_veh-08_01683_01834.db,2021.08.30.14.36.46_veh-08_01683_01834.db,9420800,2022-09-23T05:50:07+00:00,True,bb9292e2ba0ac6dd0635e44292adac8a3830c7282c2f1f8cd8eb399f76931bd2,6390c07db2b9630da60d10b6a0dd3a2c8542b2417405f22d2399ead9e6801b84,0,0,e3b0c44298fc1c149afbf4c8996fb92427ae41e4649b934ca495991b7852b855,1,2021.08.30.14.36.46_veh-08_01683_01834,us-pa-pittsburgh-hazelwood,us-pa-pittsburgh-hazelwood,True,READY,
train_pittsburgh,/Users/liuqing/Projects/01_E2E_QA_Code/nuplan/dataset/data/cache/train_pittsburgh/2021.08.30.14.41.24_veh-42_00403_00473.db,2021.08.30.14.41.24_veh-42_00403_00473.db,7618560,2022-09-23T05:50:07+00:00,True,bb9292e2ba0ac6dd0635e44292adac8a3830c7282c2f1f8cd8eb399f76931bd2,674c6154c0e3de839e7f72928be1654569f7edaca35f97f0c22b029eab4420c0,1583,912,1e01fffee459cb0ea922a662d3343f3e584e3f0ad9fcac86325de05b14b04b0d,1,2021.08.30.14.41.24_veh-42_00403_00473,us-pa-pittsburgh-hazelwood,us-pa-pittsburgh-hazelwood,True,READY,
train_pittsburgh,/Users/liuqing/Projects/01_E2E_QA_Code/nuplan/dataset/data/cache/train_pittsburgh/2021.08.30.15.12.56_veh-08_00022_00084.db,2021.08.30.15.12.56_veh-08_00022_00084.db,4104192,2022-09-23T05:50:07+00:00,True,bb9292e2ba0ac6dd0635e44292adac8a3830c7282c2f1f8cd8eb399f76931bd2,dcc4129146360ec611c68506e44fafb2110cf7ef0fbf16b1769f02fabd72e567,1330,828,ab49ecee2f695d44dfd403979195278c7eb683bfcf032ca80474ddc7e7c843bd,1,2021.08.30.15.12.56_veh-08_00022_00084,us-pa-pittsburgh-hazelwood,us-pa-pittsburgh-hazelwood,True,READY,
train_pittsburgh,/Users/liuqing/Projects/01_E2E_QA_Code/nuplan/dataset/data/cache/train_pittsburgh/2021.08.30.15.12.56_veh-08_00178_00264.db,2021.08.30.15.12.56_veh-08_00178_00264.db,5210112,2022-09-23T05:50:07+00:00,True,bb9292e2ba0ac6dd0635e44292adac8a3830c7282c2f1f8cd8eb399f76931bd2,49e13ffe14c37d3e60ad86a05d3cdb8ad3f4710f2096e8907008eed42f6275c3,2486,1537,62375bd77f849aae4d0dd78d733890c07c2881562753d0b6a4ab1adcfc018964,1,2021.08.30.15.12.56_veh-08_00178_00264,us-pa-pittsburgh-hazelwood,us-pa-pittsburgh-hazelwood,True,READY,
train_pittsburgh,/Users/liuqing/Projects/01_E2E_QA_Code/nuplan/dataset/data/cache/train_pittsburgh/2021.08.30.15.12.56_veh-08_00275_00407.db,2021.08.30.15.12.56_veh-08_00275_00407.db,11132928,2022-09-23T05:50:07+00:00,True,bb9292e2ba0ac6dd0635e44292adac8a3830c7282c2f1f8cd8eb399f76931bd2,7b4a60dca795d497208cf3e8a187e232ebfd9e9590ee88218b91f2fcea0f6ed1,3948,1805,c013ee2c57da2a16356bdf9183b99d6b0af0204e7f8372235f5f3db1f3f79e19,1,2021.08.30.15.12.56_veh-08_00275_00407,us-pa-pittsburgh-hazelwood,us-pa-pittsburgh-hazelwood,True,READY,
train_pittsburgh,/Users/liuqing/Projects/01_E2E_QA_Code/nuplan/dataset/data/cache/train_pittsburgh/2021.08.30.15.12.56_veh-08_00418_01021.db,2021.08.30.15.12.56_veh-08_00418_01021.db,82849792,2022-09-23T05:50:07+00:00,True,bb9292e2ba0ac6dd0635e44292adac8a3830c7282c2f1f8cd8eb399f76931bd2,40ef7bd2ed61687b2b709e6ef9619814cc31b8abc1f998ad031c86afd38371ff,13114,7243,25087bde8dfdaca77dd8a0573404cf6c8ac794813b69f2b0589c63a81becad0c,1,2021.08.30.15.12.56_veh-08_00418_01021,us-pa-pittsburgh-hazelwood,us-pa-pittsburgh-hazelwood,True,READY,
train_pittsburgh,/Users/liuqing/Projects/01_E2E_QA_Code/nuplan/dataset/data/cache/train_pittsburgh/2021.08.30.15.12.56_veh-08_01038_01189.db,2021.08.30.15.12.56_veh-08_01038_01189.db,10334208,2022-09-23T05:50:07+00:00,True,bb9292e2ba0ac6dd0635e44292adac8a3830c7282c2f1f8cd8eb399f76931bd2,e9ba22694c187209f30899687701d90a9401ee647ec36e1a5a73577c6f1e5197,2829,1852,15b8fa0c280b312c6fec2c3bf739e81f7839ab7b35c2d2d20c7890882409d2b3,1,2021.08.30.15.12.56_veh-08_01038_01189,us-pa-pittsburgh-hazelwood,us-pa-pittsburgh-hazelwood,True,READY,
train_pittsburgh,/Users/liuqing/Projects/01_E2E_QA_Code/nuplan/dataset/data/cache/train_pittsburgh/2021.08.30.15.12.56_veh-08_01484_01591.db,2021.08.30.15.12.56_veh-08_01484_01591.db,9781248,2022-09-23T05:50:07+00:00,True,bb9292e2ba0ac6dd0635e44292adac8a3830c7282c2f1f8cd8eb399f76931bd2,f84eb472be708f80ee11721b2734d2f62fe7cc035425be711371ed7ba65e5b63,2091,1298,496a5d3d866322e46753886a0e7db48fdfefc954511499378e90f3a096af2068,1,2021.08.30.15.12.56_veh-08_01484_01591,us-pa-pittsburgh-hazelwood,us-pa-pittsburgh-hazelwood,True,READY,
train_pittsburgh,/Users/liuqing/Projects/01_E2E_QA_Code/nuplan/dataset/data/cache/train_pittsburgh/2021.08.30.15.12.56_veh-08_01706_01772.db,2021.08.30.15.12.56_veh-08_01706_01772.db,4354048,2022-09-23T05:50:07+00:00,True,bb9292e2ba0ac6dd0635e44292adac8a3830c7282c2f1f8cd8eb399f76931bd2,8fa4579e41752d5b6a0de45dce2baaae17c2fd5230de5dc8d0ec3b22ffab1c4a,1208,778,3802f059ba78ab8ce71a6ee2e3fa36c528a4f39c6cb3ff14e3071fd9eeccb5bf,1,2021.08.30.15.12.56_veh-08_01706_01772,us-pa-pittsburgh-hazelwood,us-pa-pittsburgh-hazelwood,True,READY,
train_pittsburgh,/Users/liuqing/Projects/01_E2E_QA_Code/nuplan/dataset/data/cache/train_pittsburgh/2021.08.30.16.39.44_veh-45_00185_00305.db,2021.08.30.16.39.44_veh-45_00185_00305.db,8929280,2022-09-23T05:50:08+00:00,True,bb9292e2ba0ac6dd0635e44292adac8a3830c7282c2f1f8cd8eb399f76931bd2,79072d2712cd8b30fc94c5f8398de3bbb50394b8893161111dd5635e3e8df42d,2565,1557,a564dda5999f01527413240fe07a8b9ca4f045bbc50972cfa2f96a00bc56d977,1,2021.08.30.16.39.44_veh-45_00185_00305,us-pa-pittsburgh-hazelwood,us-pa-pittsburgh-hazelwood,True,READY,
train_pittsburgh,/Users/liuqing/Projects/01_E2E_QA_Code/nuplan/dataset/data/cache/train_pittsburgh/2021.08.30.16.39.44_veh-45_00418_00506.db,2021.08.30.16.39.44_veh-45_00418_00506.db,7753728,2022-09-23T05:50:08+00:00,True,bb9292e2ba0ac6dd0635e44292adac8a3830c7282c2f1f8cd8eb399f76931bd2,fd3239ce37bae8abaaebcea3e9c6c0f19c9350ab7de84d42def2e257c07fd041,2269,1052,4b13865204fb55d7edec48d8d59be2dda851693a0f43da3abe2f90e4a23a9bdb,1,2021.08.30.16.39.44_veh-45_00418_00506,us-pa-pittsburgh-hazelwood,us-pa-pittsburgh-hazelwood,True,READY,
train_pittsburgh,/Users/liuqing/Projects/01_E2E_QA_Code/nuplan/dataset/data/cache/train_pittsburgh/2021.08.30.16.39.44_veh-45_00524_00593.db,2021.08.30.16.39.44_veh-45_00524_00593.db,8138752,2022-09-23T05:50:08+00:00,True,bb9292e2ba0ac6dd0635e44292adac8a3830c7282c2f1f8cd8eb399f76931bd2,6ad7fce463ef848d6724586353143bdf7e06e1733ef1b7839476b338d28e4f8e,1437,939,33cff273ad33878a4ce6269281512f78551f6c4f38e77f1ba8d2a4cbd7e57276,1,2021.08.30.16.39.44_veh-45_00524_00593,us-pa-pittsburgh-hazelwood,us-pa-pittsburgh-hazelwood,True,READY,
train_pittsburgh,/Users/liuqing/Projects/01_E2E_QA_Code/nuplan/dataset/data/cache/train_pittsburgh/2021.08.30.16.39.44_veh-45_00618_00842.db,2021.08.30.16.39.44_veh-45_00618_00842.db,40275968,2022-09-23T05:50:08+00:00,True,bb9292e2ba0ac6dd0635e44292adac8a3830c7282c2f1f8cd8eb399f76931bd2,6099ed5e708cadf90d0171212df8e0b9b32331c54237f8936782e13806833cbf,4530,2424,fac477ff0950d337ba35d79719f1a23dfa7d940d600ce7a104c3012523f4ef57,1,2021.08.30.16.39.44_veh-45_00618_00842,us-pa-pittsburgh-hazelwood,us-pa-pittsburgh-hazelwood,True,READY,
train_pittsburgh,/Users/liuqing/Projects/01_E2E_QA_Code/nuplan/dataset/data/cache/train_pittsburgh/2021.08.30.16.39.44_veh-45_00866_01142.db,2021.08.30.16.39.44_veh-45_00866_01142.db,51798016,2022-09-23T05:50:08+00:00,True,bb9292e2ba0ac6dd0635e44292adac8a3830c7282c2f1f8cd8eb399f76931bd2,b74191a7ef4b6c4243f66c2570f685a5c11ba63b1413b2ee965e0345af496a4a,5594,3052,2b1c660a14d15c7ecd7eedb8dadb3153cef99d672bb0cf69188a895ca1bd3323,1,2021.08.30.16.39.44_veh-45_00866_01142,us-pa-pittsburgh-hazelwood,us-pa-pittsburgh-hazelwood,True,READY,
train_pittsburgh,/Users/liuqing/Projects/01_E2E_QA_Code/nuplan/dataset/data/cache/train_pittsburgh/2021.08.30.16.39.44_veh-45_01259_01345.db,2021.08.30.16.39.44_veh-45_01259_01345.db,5640192,2022-09-23T05:50:08+00:00,True,bb9292e2ba0ac6dd0635e44292adac8a3830c7282c2f1f8cd8eb399f76931bd2,dfcee664e0c945f136d078a934b6315814f7225b9db627851e0693ac8a28b3ef,2139,1450,bc48657b9badf9ce9d8d93eb11057ae8d05606869ad03629196036aa6b32ce6d,1,2021.08.30.16.39.44_veh-45_01259_01345,us-pa-pittsburgh-hazelwood,us-pa-pittsburgh-hazelwood,True,READY,
train_pittsburgh,/Users/liuqing/Projects/01_E2E_QA_Code/nuplan/dataset/data/cache/train_pittsburgh/2021.08.30.16.39.44_veh-45_01506_01569.db,2021.08.30.16.39.44_veh-45_01506_01569.db,5283840,2022-09-23T05:50:08+00:00,True,bb9292e2ba0ac6dd0635e44292adac8a3830c7282c2f1f8cd8eb399f76931bd2,f8852b275ef895745ebdd77543af8d6b24dcd4e6ef0d013609e5e37ec7c09c23,1381,871,9623a242b3d413f5f0ee6ee79ccce90ce7d09cc8275c3f6ad8eae9e3b760a556,1,2021.08.30.16.39.44_veh-45_01506_01569,us-pa-pittsburgh-hazelwood,us-pa-pittsburgh-hazelwood,True,READY,
train_pittsburgh,/Users/liuqing/Projects/01_E2E_QA_Code/nuplan/dataset/data/cache/train_pittsburgh/2021.08.30.16.39.44_veh-45_01665_01775.db,2021.08.30.16.39.44_veh-45_01665_01775.db,8572928,2022-09-23T05:50:08+00:00,True,bb9292e2ba0ac6dd0635e44292adac8a3830c7282c2f1f8cd8eb399f76931bd2,64a4f7a85436d969ae072186f27cfdbbe224817423191fa45fd68590ace74c45,3232,1617,88cb526ce1e7e26ab2f63b1706597caf6d01c4e11bdd244a9e7a24f4968ad0af,1,2021.08.30.16.39.44_veh-45_01665_01775,us-pa-pittsburgh-hazelwood,us-pa-pittsburgh-hazelwood,True,READY,
train_pittsburgh,/Users/liuqing/Projects/01_E2E_QA_Code/nuplan/dataset/data/cache/train_pittsburgh/2021.08.30.16.39.44_veh-45_01827_02061.db,2021.08.30.16.39.44_veh-45_01827_02061.db,49111040,2022-09-23T05:50:08+00:00,True,bb9292e2ba0ac6dd0635e44292adac8a3830c7282c2f1f8cd8eb399f76931bd2,a766eb9ba94ca25a617bf5f01ce26e8a43389904b0363ab687d3f97b89bbcd1b,5048,2690,114e67ac210e919165b1fd8e9f4f0316e36e18675afa7f62dd55456c1d9ae52c,1,2021.08.30.16.39.44_veh-45_01827_02061,us-pa-pittsburgh-hazelwood,us-pa-pittsburgh-hazelwood,True,READY,
train_pittsburgh,/Users/liuqing/Projects/01_E2E_QA_Code/nuplan/dataset/data/cache/train_pittsburgh/2021.08.30.16.39.44_veh-45_02086_02252.db,2021.08.30.16.39.44_veh-45_02086_02252.db,20484096,2022-09-23T05:50:08+00:00,True,bb9292e2ba0ac6dd0635e44292adac8a3830c7282c2f1f8cd8eb399f76931bd2,6079428243ce090ee63f25778693d6e28f479daa890098fe3e49f9d9cf18c082,4567,2360,a92f102583ba30f2f90c826aa090ea42a0bdd9089c4709c86b9305948f3bc9ff,1,2021.08.30.16.39.44_veh-45_02086_02252,us-pa-pittsburgh-hazelwood,us-pa-pittsburgh-hazelwood,True,READY,
train_pittsburgh,/Users/liuqing/Projects/01_E2E_QA_Code/nuplan/dataset/data/cache/train_pittsburgh/2021.08.30.16.39.44_veh-45_02438_02499.db,2021.08.30.16.39.44_veh-45_02438_02499.db,4423680,2022-09-23T05:50:08+00:00,True,bb9292e2ba0ac6dd0635e44292adac8a3830c7282c2f1f8cd8eb399f76931bd2,8ce5bbf61deb61449d122a5462f900257c314834f3d9318b0f14a55acd7bffd5,1340,941,3af8f6537714ddf03a0362c8d9f1f7ec3fe1d8aa2ccc98d24c852bc187c4c6a4,1,2021.08.30.16.39.44_veh-45_02438_02499,us-pa-pittsburgh-hazelwood,us-pa-pittsburgh-hazelwood,True,READY,
train_pittsburgh,/Users/liuqing/Projects/01_E2E_QA_Code/nuplan/dataset/data/cache/train_pittsburgh/2021.08.30.16.39.44_veh-45_02636_02740.db,2021.08.30.16.39.44_veh-45_02636_02740.db,8065024,2022-09-23T05:50:08+00:00,True,bb9292e2ba0ac6dd0635e44292adac8a3830c7282c2f1f8cd8eb399f76931bd2,06e881c9fb0550ddeb7e925d4e814912c1d70b876d3b81fdc0b53d416362f84e,2087,1402,356ca26edd8f7375002d7b5516f37206cf7a64509e239a59dfcf0a80501f0dd4,1,2021.08.30.16.39.44_veh-45_02636_02740,us-pa-pittsburgh-hazelwood,us-pa-pittsburgh-hazelwood,True,READY,
train_pittsburgh,/Users/liuqing/Projects/01_E2E_QA_Code/nuplan/dataset/data/cache/train_pittsburgh/2021.08.30.16.39.44_veh-45_02840_02916.db,2021.08.30.16.39.44_veh-45_02840_02916.db,7503872,2022-09-23T05:50:08+00:00,True,bb9292e2ba0ac6dd0635e44292adac8a3830c7282c2f1f8cd8eb399f76931bd2,658c1edb3378ac294cd903abf19b11c54556f7c934b846f6b0533892819f7ec3,1662,905,15b9e29c3cdf06f768e1bdb06baccdd6a6d5c32a9cb46e5163b8141f22948f3f,1,2021.08.30.16.39.44_veh-45_02840_02916,us-pa-pittsburgh-hazelwood,us-pa-pittsburgh-hazelwood,True,READY,
train_pittsburgh,/Users/liuqing/Projects/01_E2E_QA_Code/nuplan/dataset/data/cache/train_pittsburgh/2021.08.30.16.39.44_veh-45_02927_03196.db,2021.08.30.16.39.44_veh-45_02927_03196.db,51286016,2022-09-23T05:50:08+00:00,True,bb9292e2ba0ac6dd0635e44292adac8a3830c7282c2f1f8cd8eb399f76931bd2,05e57833bbdc4b715d6f1616d12fd493daac3f624229aec9cb716ff63994ad40,4667,2914,a5a1198e20b696dff903cd2d4612732fa6e048b7deed06f361e3711e3ea1c200,1,2021.08.30.16.39.44_veh-45_02927_03196,us-pa-pittsburgh-hazelwood,us-pa-pittsburgh-hazelwood,True,READY,
train_pittsburgh,/Users/liuqing/Projects/01_E2E_QA_Code/nuplan/dataset/data/cache/train_pittsburgh/2021.08.30.17.40.28_veh-45_00015_00344.db,2021.08.30.17.40.28_veh-45_00015_00344.db,45989888,2022-09-23T05:50:08+00:00,True,bb9292e2ba0ac6dd0635e44292adac8a3830c7282c2f1f8cd8eb399f76931bd2,813cd42a74359c6d5f80beb3ea34a4820dcbeccde0f9eafbe956fcfaf3a48169,7619,4028,5fc37fab2620662d0ccc1706603aba07c994dbaa4199d9423cc9bbe3c2b4b2b6,1,2021.08.30.17.40.28_veh-45_00015_00344,us-pa-pittsburgh-hazelwood,us-pa-pittsburgh-hazelwood,True,READY,
train_pittsburgh,/Users/liuqing/Projects/01_E2E_QA_Code/nuplan/dataset/data/cache/train_pittsburgh/2021.08.30.17.40.28_veh-45_00405_00836.db,2021.08.30.17.40.28_veh-45_00405_00836.db,72855552,2022-09-23T05:50:08+00:00,True,bb9292e2ba0ac6dd0635e44292adac8a3830c7282c2f1f8cd8eb399f76931bd2,054e6483a84f3b4e7df4f7e20922e56030165ed80762a1b9df8f1fd7c460e506,9073,5349,b82cfa0b7ab4cc493068a396f6f662d62785a9c6bce31b7dec4713d22b6380cc,1,2021.08.30.17.40.28_veh-45_00405_00836,us-pa-pittsburgh-hazelwood,us-pa-pittsburgh-hazelwood,True,READY,
train_pittsburgh,/Users/liuqing/Projects/01_E2E_QA_Code/nuplan/dataset/data/cache/train_pittsburgh/2021.08.30.17.40.28_veh-45_01190_01325.db,2021.08.30.17.40.28_veh-45_01190_01325.db,9424896,2022-09-23T05:50:08+00:00,True,bb9292e2ba0ac6dd0635e44292adac8a3830c7282c2f1f8cd8eb399f76931bd2,23479c532acef349d2df62d1c6464237580465977424af24ba7e106444316d34,3157,1890,72f54487d889afacfabcdb9dd7daee92f2dd8b6ada1baf9e6a1f270849b072ed,1,2021.08.30.17.40.28_veh-45_01190_01325,us-pa-pittsburgh-hazelwood,us-pa-pittsburgh-hazelwood,True,READY,
train_pittsburgh,/Users/liuqing/Projects/01_E2E_QA_Code/nuplan/dataset/data/cache/train_pittsburgh/2021.08.30.17.40.28_veh-45_01374_01488.db,2021.08.30.17.40.28_veh-45_01374_01488.db,12517376,2022-09-23T05:50:08+00:00,True,bb9292e2ba0ac6dd0635e44292adac8a3830c7282c2f1f8cd8eb399f76931bd2,f0ec7ee3ce2aa1512f79d3d07afafcc7fc21fccc9897c780cc51a77bde9b8d79,2828,1953,c36e018a75a8bcca26f1e60aa4dce3994e8615ff4859fca86fc1d2b1ac8b32b3,1,2021.08.30.17.40.28_veh-45_01374_01488,us-pa-pittsburgh-hazelwood,us-pa-pittsburgh-hazelwood,True,READY,
train_pittsburgh,/Users/liuqing/Projects/01_E2E_QA_Code/nuplan/dataset/data/cache/train_pittsburgh/2021.08.30.17.40.28_veh-45_01511_02028.db,2021.08.30.17.40.28_veh-45_01511_02028.db,87293952,2022-09-23T05:50:08+00:00,True,bb9292e2ba0ac6dd0635e44292adac8a3830c7282c2f1f8cd8eb399f76931bd2,44c54ee2e78704bebeefc39f1c9c349f53395e6f6aef0919018245b16459dcdc,11296,6326,79df8adbd5422d7a5a3e050b1e68b1eb01be2fdd1be9400464e648d707bd03e5,1,2021.08.30.17.40.28_veh-45_01511_02028,us-pa-pittsburgh-hazelwood,us-pa-pittsburgh-hazelwood,True,READY,
train_pittsburgh,/Users/liuqing/Projects/01_E2E_QA_Code/nuplan/dataset/data/cache/train_pittsburgh/2021.08.30.17.40.28_veh-45_02056_02290.db,2021.08.30.17.40.28_veh-45_02056_02290.db,37154816,2022-09-23T05:50:08+00:00,True,bb9292e2ba0ac6dd0635e44292adac8a3830c7282c2f1f8cd8eb399f76931bd2,d67b6b9225ced39fc834177d8b57f2561fbe33a3674ba935b8c7c507fe2dcbaf,5573,2797,39ad606c868a869a5110665fc65f59ebb47a48d1cc39d9c5f56e8dc69ec67f7a,1,2021.08.30.17.40.28_veh-45_02056_02290,us-pa-pittsburgh-hazelwood,us-pa-pittsburgh-hazelwood,True,READY,
train_pittsburgh,/Users/liuqing/Projects/01_E2E_QA_Code/nuplan/dataset/data/cache/train_pittsburgh/2021.08.30.17.40.28_veh-45_02407_02500.db,2021.08.30.17.40.28_veh-45_02407_02500.db,6045696,2022-09-23T05:50:08+00:00,True,bb9292e2ba0ac6dd0635e44292adac8a3830c7282c2f1f8cd8eb399f76931bd2,2bd74de4b0c4726b6f7ff2a0d838173050f3461a04edb1aef041f2b29bc8310e,2238,1537,0d2cd91b986df1b0c57958f1a7802a8ddd0df610eb0385ea56b3c0f3808b13c2,1,2021.08.30.17.40.28_veh-45_02407_02500,us-pa-pittsburgh-hazelwood,us-pa-pittsburgh-hazelwood,True,READY,
train_pittsburgh,/Users/liuqing/Projects/01_E2E_QA_Code/nuplan/dataset/data/cache/train_pittsburgh/2021.08.30.17.40.28_veh-45_02625_02745.db,2021.08.30.17.40.28_veh-45_02625_02745.db,9101312,2022-09-23T05:50:08+00:00,True,bb9292e2ba0ac6dd0635e44292adac8a3830c7282c2f1f8cd8eb399f76931bd2,1230f049f880c55242cf4867a0510f62c0bde7816f21b40a011a46bebb2788c5,2685,1621,2abf5b5be1c9a06234a474b9c2a88e325a40b552e80809e1634450e79f137913,1,2021.08.30.17.40.28_veh-45_02625_02745,us-pa-pittsburgh-hazelwood,us-pa-pittsburgh-hazelwood,True,READY,
train_pittsburgh,/Users/liuqing/Projects/01_E2E_QA_Code/nuplan/dataset/data/cache/train_pittsburgh/2021.08.30.17.40.28_veh-45_03015_03120.db,2021.08.30.17.40.28_veh-45_03015_03120.db,12054528,2022-09-23T05:50:08+00:00,True,bb9292e2ba0ac6dd0635e44292adac8a3830c7282c2f1f8cd8eb399f76931bd2,4a38fe8e5a1451b69776b9556f9618a720a6b65616f0226d3a0e7c100ad47002,2560,1183,8038ea3cc2902e3960f06cc0e49d10999cf70ccebb9fa7046287f685fbf4d89c,1,2021.08.30.17.40.28_veh-45_03015_03120,us-pa-pittsburgh-hazelwood,us-pa-pittsburgh-hazelwood,True,READY,
train_pittsburgh,/Users/liuqing/Projects/01_E2E_QA_Code/nuplan/dataset/data/cache/train_pittsburgh/2021.08.30.18.54.11_veh-45_00392_00764.db,2021.08.30.18.54.11_veh-45_00392_00764.db,48017408,2022-09-23T05:50:08+00:00,True,bb9292e2ba0ac6dd0635e44292adac8a3830c7282c2f1f8cd8eb399f76931bd2,6f5b34c7a7337f5db890a9982fc43d573e79d49549f5ffc183e666619434b280,8056,5221,b7c114b03e44e027685d099a6e5892afa61a6b8ab39751c1f3ca616b093ddc6a,1,2021.08.30.18.54.11_veh-45_00392_00764,us-pa-pittsburgh-hazelwood,us-pa-pittsburgh-hazelwood,True,READY,
train_pittsburgh,/Users/liuqing/Projects/01_E2E_QA_Code/nuplan/dataset/data/cache/train_pittsburgh/2021.08.30.18.54.11_veh-45_00816_00964.db,2021.08.30.18.54.11_veh-45_00816_00964.db,30437376,2022-09-23T05:50:08+00:00,True,bb9292e2ba0ac6dd0635e44292adac8a3830c7282c2f1f8cd8eb399f76931bd2,987bfa9e61968b66e8d8239d4ecbdcf15d5f18fa24958c7c870547dc4d0c328d,2843,1661,cff0ef2f91f9a0fc5ed778ef41ea0864308e668f2b17916edbe3d0919485b138,1,2021.08.30.18.54.11_veh-45_00816_00964,us-pa-pittsburgh-hazelwood,us-pa-pittsburgh-hazelwood,True,READY,
train_pittsburgh,/Users/liuqing/Projects/01_E2E_QA_Code/nuplan/dataset/data/cache/train_pittsburgh/2021.08.30.18.54.11_veh-45_01003_01069.db,2021.08.30.18.54.11_veh-45_01003_01069.db,13963264,2022-09-23T05:50:08+00:00,True,bb9292e2ba0ac6dd0635e44292adac8a3830c7282c2f1f8cd8eb399f76931bd2,06fe1bbf6789aad13d648017bfe149acb74ae4b8420226bbc0c959c13a70a3d8,1203,832,7fb70b1c47b52bc526ea1c3e0a3e485a82bfc9344500e5becca0f946330dc3bd,1,2021.08.30.18.54.11_veh-45_01003_01069,us-pa-pittsburgh-hazelwood,us-pa-pittsburgh-hazelwood,True,READY,
train_pittsburgh,/Users/liuqing/Projects/01_E2E_QA_Code/nuplan/dataset/data/cache/train_pittsburgh/2021.08.30.18.54.11_veh-45_01093_01375.db,2021.08.30.18.54.11_veh-45_01093_01375.db,52617216,2022-09-23T05:50:09+00:00,True,bb9292e2ba0ac6dd0635e44292adac8a3830c7282c2f1f8cd8eb399f76931bd2,b91438a1cda4aaf542497145d4ed369f0f15dc0706c6f5c9888156a7bc61d8e8,6107,3200,8bb1c7dbd5d56b530c49394fd2deb56e83365f05a7404c83d5815cfa20ace064,1,2021.08.30.18.54.11_veh-45_01093_01375,us-pa-pittsburgh-hazelwood,us-pa-pittsburgh-hazelwood,True,READY,
train_pittsburgh,/Users/liuqing/Projects/01_E2E_QA_Code/nuplan/dataset/data/cache/train_pittsburgh/2021.08.30.18.54.11_veh-45_01397_01597.db,2021.08.30.18.54.11_veh-45_01397_01597.db,33644544,2022-09-23T05:50:09+00:00,True,bb9292e2ba0ac6dd0635e44292adac8a3830c7282c2f1f8cd8eb399f76931bd2,128fd8302f4d59873cb8823c5a15e40e25d5fdfe87058e04d1001a890fc18412,4262,2394,9ef5296147aaa7fc2087c7b16b392c292741180b405074d23e2c4c4ccc467fb2,1,2021.08.30.18.54.11_veh-45_01397_01597,us-pa-pittsburgh-hazelwood,us-pa-pittsburgh-hazelwood,True,READY,
train_pittsburgh,/Users/liuqing/Projects/01_E2E_QA_Code/nuplan/dataset/data/cache/train_pittsburgh/2021.08.30.18.54.11_veh-45_01737_02031.db,2021.08.30.18.54.11_veh-45_01737_02031.db,37253120,2022-09-23T05:50:09+00:00,True,bb9292e2ba0ac6dd0635e44292adac8a3830c7282c2f1f8cd8eb399f76931bd2,35c83e68599c193391ed4431e3a9777b5d1e2ef36e71d21380bbcec1160f2f41,7439,4099,f5351eebd6c08ef91d245527bee0ef47d3357f4ce20cf25e1ecf79d5e5e2c23c,1,2021.08.30.18.54.11_veh-45_01737_02031,us-pa-pittsburgh-hazelwood,us-pa-pittsburgh-hazelwood,True,READY,
train_pittsburgh,/Users/liuqing/Projects/01_E2E_QA_Code/nuplan/dataset/data/cache/train_pittsburgh/2021.08.30.18.54.11_veh-45_02176_02285.db,2021.08.30.18.54.11_veh-45_02176_02285.db,7168000,2022-09-23T05:50:09+00:00,True,bb9292e2ba0ac6dd0635e44292adac8a3830c7282c2f1f8cd8eb399f76931bd2,05bc92eea384cb2c013e895db2eac8b0db7b6d400370137410a920e2877deec1,2464,1765,4cbe79da58746665c0a8feca3ee473a1a953aafa998513e2c273f4aaba7898ca,1,2021.08.30.18.54.11_veh-45_02176_02285,us-pa-pittsburgh-hazelwood,us-pa-pittsburgh-hazelwood,True,READY,
train_pittsburgh,/Users/liuqing/Projects/01_E2E_QA_Code/nuplan/dataset/data/cache/train_pittsburgh/2021.08.30.18.54.11_veh-45_02627_02763.db,2021.08.30.18.54.11_veh-45_02627_02763.db,11923456,2022-09-23T05:50:09+00:00,True,bb9292e2ba0ac6dd0635e44292adac8a3830c7282c2f1f8cd8eb399f76931bd2,29f16ef6a6c1baf80445c68a34166f787523adff4fa8b7a1c35e589489716472,2712,1670,591adf1f81df8074b46e450f96b298f4d5d0ae9d92396ee0060473d9c46f720d,1,2021.08.30.18.54.11_veh-45_02627_02763,us-pa-pittsburgh-hazelwood,us-pa-pittsburgh-hazelwood,True,READY,
train_pittsburgh,/Users/liuqing/Projects/01_E2E_QA_Code/nuplan/dataset/data/cache/train_pittsburgh/2021.08.30.19.47.46_veh-45_00076_00285.db,2021.08.30.19.47.46_veh-45_00076_00285.db,36286464,2022-09-23T05:50:09+00:00,True,bb9292e2ba0ac6dd0635e44292adac8a3830c7282c2f1f8cd8eb399f76931bd2,69e5599e923fc75a52555826140cc3b9d6afd2ddcaa70860c774c77e6214e220,4995,2775,22dd77ec1f8cb11f62a0a5cff64b3e180c53dca3efc2f752373ebdf245a2f3f1,1,2021.08.30.19.47.46_veh-45_00076_00285,us-pa-pittsburgh-hazelwood,us-pa-pittsburgh-hazelwood,True,READY,
train_pittsburgh,/Users/liuqing/Projects/01_E2E_QA_Code/nuplan/dataset/data/cache/train_pittsburgh/2021.08.30.19.47.46_veh-45_00307_00550.db,2021.08.30.19.47.46_veh-45_00307_00550.db,34529280,2022-09-23T05:50:09+00:00,True,bb9292e2ba0ac6dd0635e44292adac8a3830c7282c2f1f8cd8eb399f76931bd2,d3109416e0ed02120ae20d231650383aed95582d2f6d7f8dfdd699a135eeff0c,5527,3731,4a0d8fec50c092e42e03b7f092559c56afb1d5387bf3071c1e7605faa5d23a5c,1,2021.08.30.19.47.46_veh-45_00307_00550,us-pa-pittsburgh-hazelwood,us-pa-pittsburgh-hazelwood,True,READY,
train_pittsburgh,/Users/liuqing/Projects/01_E2E_QA_Code/nuplan/dataset/data/cache/train_pittsburgh/2021.08.30.19.47.46_veh-45_00610_00671.db,2021.08.30.19.47.46_veh-45_00610_00671.db,4870144,2022-09-23T05:50:09+00:00,True,bb9292e2ba0ac6dd0635e44292adac8a3830c7282c2f1f8cd8eb399f76931bd2,efaaadab998424a2adf8e6321a5768684e3eb73b98b024eff64759aa5d0cc85b,1184,647,ff7dc54cc674b6a4be536711ab817c89a54e5af171f1518ec43879f021db528a,1,2021.08.30.19.47.46_veh-45_00610_00671,us-pa-pittsburgh-hazelwood,us-pa-pittsburgh-hazelwood,True,READY,
train_pittsburgh,/Users/liuqing/Projects/01_E2E_QA_Code/nuplan/dataset/data/cache/train_pittsburgh/2021.08.30.19.47.46_veh-45_00682_00794.db,2021.08.30.19.47.46_veh-45_00682_00794.db,6754304,2022-09-23T05:50:09+00:00,True,bb9292e2ba0ac6dd0635e44292adac8a3830c7282c2f1f8cd8eb399f76931bd2,3b0784759ceebfc43d7f77efe72fe2f4242ae4da275b6a24fcff1c2e052fca8d,2784,1869,ee93e1265534166c7187c1aa825840ce781a49c8b9850201323d7c8cf5ce7d51,1,2021.08.30.19.47.46_veh-45_00682_00794,us-pa-pittsburgh-hazelwood,us-pa-pittsburgh-hazelwood,True,READY,
train_pittsburgh,/Users/liuqing/Projects/01_E2E_QA_Code/nuplan/dataset/data/cache/train_pittsburgh/2021.08.30.19.47.46_veh-45_00886_01048.db,2021.08.30.19.47.46_veh-45_00886_01048.db,11206656,2022-09-23T05:50:09+00:00,True,bb9292e2ba0ac6dd0635e44292adac8a3830c7282c2f1f8cd8eb399f76931bd2,8a314abc2c65cf43e1124a977360b7ffa68278ea0489dc896610f9dab3f19050,3605,2166,9c9e1021b59d1889bbb94880597a466298e1da5dcbcd3dd1581b67634d4043a9,1,2021.08.30.19.47.46_veh-45_00886_01048,us-pa-pittsburgh-hazelwood,us-pa-pittsburgh-hazelwood,True,READY,
train_pittsburgh,/Users/liuqing/Projects/01_E2E_QA_Code/nuplan/dataset/data/cache/train_pittsburgh/2021.08.30.19.47.46_veh-45_01143_01449.db,2021.08.30.19.47.46_veh-45_01143_01449.db,38096896,2022-09-23T05:50:09+00:00,True,bb9292e2ba0ac6dd0635e44292adac8a3830c7282c2f1f8cd8eb399f76931bd2,0e9caa7c6553cfec5380ff9b8148eb2916d95962d74ff192a099a4908a204217,6607,3505,dc9ad240ac6a4a701305efbc7a95dafee0f709d748c46b10363db384d3769929,1,2021.08.30.19.47.46_veh-45_01143_01449,us-pa-pittsburgh-hazelwood,us-pa-pittsburgh-hazelwood,True,READY,
train_pittsburgh,/Users/liuqing/Projects/01_E2E_QA_Code/nuplan/dataset/data/cache/train_pittsburgh/2021.08.30.19.47.46_veh-45_01554_01745.db,2021.08.30.19.47.46_veh-45_01554_01745.db,38653952,2022-09-23T05:50:09+00:00,True,bb9292e2ba0ac6dd0635e44292adac8a3830c7282c2f1f8cd8eb399f76931bd2,9625d7a2fd2bc78e280fedfe07fa9f4df839814bb334c0d95cec69ab74040c88,3644,2464,59a4ae2ddcf3018c16ae3afdb1d46857bd89356a7a330f7021ef8884b2065d13,1,2021.08.30.19.47.46_veh-45_01554_01745,us-pa-pittsburgh-hazelwood,us-pa-pittsburgh-hazelwood,True,READY,
train_pittsburgh,/Users/liuqing/Projects/01_E2E_QA_Code/nuplan/dataset/data/cache/train_pittsburgh/2021.08.30.19.47.46_veh-45_01766_01970.db,2021.08.30.19.47.46_veh-45_01766_01970.db,35692544,2022-09-23T05:50:09+00:00,True,bb9292e2ba0ac6dd0635e44292adac8a3830c7282c2f1f8cd8eb399f76931bd2,392506a4076107323441ab5cc2533059cda186c18dc52ebaf631517b7553a5a1,4354,2734,f7358758bb050e70b45320553cbaec1a7f4773488f7355ebb93e2b4c45256d35,1,2021.08.30.19.47.46_veh-45_01766_01970,us-pa-pittsburgh-hazelwood,us-pa-pittsburgh-hazelwood,True,READY,
train_pittsburgh,/Users/liuqing/Projects/01_E2E_QA_Code/nuplan/dataset/data/cache/train_pittsburgh/2021.08.30.19.47.46_veh-45_02074_02173.db,2021.08.30.19.47.46_veh-45_02074_02173.db,11386880,2022-09-23T05:50:09+00:00,True,bb9292e2ba0ac6dd0635e44292adac8a3830c7282c2f1f8cd8eb399f76931bd2,1b66c5b332cb844fd9d7deec0e47ce948f8c25b83341c182a94800f45044fdef,2450,1335,d8e99b559cd9405b5d0817f853eb7c00f0d8406ee7bc637a95fd0fabae145f8f,1,2021.08.30.19.47.46_veh-45_02074_02173,us-pa-pittsburgh-hazelwood,us-pa-pittsburgh-hazelwood,True,READY,
train_pittsburgh,/Users/liuqing/Projects/01_E2E_QA_Code/nuplan/dataset/data/cache/train_pittsburgh/2021.08.30.19.47.46_veh-45_02191_02255.db,2021.08.30.19.47.46_veh-45_02191_02255.db,5009408,2022-09-23T05:50:09+00:00,True,bb9292e2ba0ac6dd0635e44292adac8a3830c7282c2f1f8cd8eb399f76931bd2,3eb5e88db4fd0b715e239d0de62bd1408f65151e6f673410893d0aea1b70e55b,1119,596,85b48405d224a495122563cdefdd31c3c05d18c98c1ea92faedb81636a4e728a,1,2021.08.30.19.47.46_veh-45_02191_02255,us-pa-pittsburgh-hazelwood,us-pa-pittsburgh-hazelwood,True,READY,
train_pittsburgh,/Users/liuqing/Projects/01_E2E_QA_Code/nuplan/dataset/data/cache/train_pittsburgh/2021.08.30.19.47.46_veh-45_02266_02349.db,2021.08.30.19.47.46_veh-45_02266_02349.db,5812224,2022-09-23T05:50:09+00:00,True,bb9292e2ba0ac6dd0635e44292adac8a3830c7282c2f1f8cd8eb399f76931bd2,d1aef90128e7e5f5bcfba12be967b393289c8c3fd07f140646b2d0032b32a764,2032,1398,9e2abfa4e1a8c96eeb06eb61c4e3e842f2ddb9cc87568a2e6f6db6450bb97c7b,1,2021.08.30.19.47.46_veh-45_02266_02349,us-pa-pittsburgh-hazelwood,us-pa-pittsburgh-hazelwood,True,READY,
train_pittsburgh,/Users/liuqing/Projects/01_E2E_QA_Code/nuplan/dataset/data/cache/train_pittsburgh/2021.08.30.19.47.46_veh-45_02478_02634.db,2021.08.30.19.47.46_veh-45_02478_02634.db,11075584,2022-09-23T05:50:09+00:00,True,bb9292e2ba0ac6dd0635e44292adac8a3830c7282c2f1f8cd8eb399f76931bd2,78d78044c487c912dba0b65994be6fb3fd0ae3afd437e61ad45079041b029eaa,3079,2034,b0555047dbf9da9d00bb107f267a280d84685f4a69b1fa5b34d04a08951e4943,1,2021.08.30.19.47.46_veh-45_02478_02634,us-pa-pittsburgh-hazelwood,us-pa-pittsburgh-hazelwood,True,READY,
train_pittsburgh,/Users/liuqing/Projects/01_E2E_QA_Code/nuplan/dataset/data/cache/train_pittsburgh/2021.08.30.19.47.46_veh-45_02658_02788.db,2021.08.30.19.47.46_veh-45_02658_02788.db,10780672,2022-09-23T05:50:09+00:00,True,bb9292e2ba0ac6dd0635e44292adac8a3830c7282c2f1f8cd8eb399f76931bd2,0454b0c25fe86054d5a6a937649d205d3f14daa9958f567c633141b213e4dbbf,2305,1467,ce54d987f142de1774b0c202b855a44c3d94220d3dd053a3a7e750e865637dd7,1,2021.08.30.19.47.46_veh-45_02658_02788,us-pa-pittsburgh-hazelwood,us-pa-pittsburgh-hazelwood,True,READY,
train_pittsburgh,/Users/liuqing/Projects/01_E2E_QA_Code/nuplan/dataset/data/cache/train_pittsburgh/2021.08.30.19.47.46_veh-45_02841_02965.db,2021.08.30.19.47.46_veh-45_02841_02965.db,15392768,2022-09-23T05:50:09+00:00,True,bb9292e2ba0ac6dd0635e44292adac8a3830c7282c2f1f8cd8eb399f76931bd2,506e6c6c43dd89be9b8ee4d006fe0ab4d03a81eec13ba923d1ab036da0ff5f6e,2300,1024,b1719497dab2fcedf80ee21b9475a696b263c8fcc37dc1612f3a62d061f4a475,1,2021.08.30.19.47.46_veh-45_02841_02965,us-pa-pittsburgh-hazelwood,us-pa-pittsburgh-hazelwood,True,READY,
train_pittsburgh,/Users/liuqing/Projects/01_E2E_QA_Code/nuplan/dataset/data/cache/train_pittsburgh/2021.08.31.14.55.32_veh-08_00051_00283.db,2021.08.31.14.55.32_veh-08_00051_00283.db,40984576,2022-09-23T05:50:10+00:00,True,bb9292e2ba0ac6dd0635e44292adac8a3830c7282c2f1f8cd8eb399f76931bd2,458fcbeb283eb16094ddf686207ccee1b1f967ed0d372bd3a94a0b34bbc28309,4653,2587,1c9307f72615b372aa44efa9a0bf9987c149f8b741d374188e2270e4a632d9f8,1,2021.08.31.14.55.32_veh-08_00051_00283,us-pa-pittsburgh-hazelwood,us-pa-pittsburgh-hazelwood,True,READY,
train_pittsburgh,/Users/liuqing/Projects/01_E2E_QA_Code/nuplan/dataset/data/cache/train_pittsburgh/2021.08.31.14.55.32_veh-08_00305_00531.db,2021.08.31.14.55.32_veh-08_00305_00531.db,27152384,2022-09-23T05:50:10+00:00,True,bb9292e2ba0ac6dd0635e44292adac8a3830c7282c2f1f8cd8eb399f76931bd2,7ef5f8f6f4283f7e3d17cadc34933305d0a77ce4f7a8b053fd8f5665a7eb8b34,6194,3236,252b61607a38ce9b170f536322d0f603358fd8ff8be2df6c0fac01aeea904c52,1,2021.08.31.14.55.32_veh-08_00305_00531,us-pa-pittsburgh-hazelwood,us-pa-pittsburgh-hazelwood,True,READY,
train_pittsburgh,/Users/liuqing/Projects/01_E2E_QA_Code/nuplan/dataset/data/cache/train_pittsburgh/2021.08.31.14.55.32_veh-08_00589_00779.db,2021.08.31.14.55.32_veh-08_00589_00779.db,29425664,2022-09-23T05:50:10+00:00,True,bb9292e2ba0ac6dd0635e44292adac8a3830c7282c2f1f8cd8eb399f76931bd2,2228aab9e84327e31d36247cad275bc4ce7fb3fae50d09be30714b173cfbe02f,4697,3094,ee1c7eda16975bd21126819d7501c245249120a681c7404129048ecd081bcc44,1,2021.08.31.14.55.32_veh-08_00589_00779,us-pa-pittsburgh-hazelwood,us-pa-pittsburgh-hazelwood,True,READY,
train_pittsburgh,/Users/liuqing/Projects/01_E2E_QA_Code/nuplan/dataset/data/cache/train_pittsburgh/2021.08.31.14.55.32_veh-08_00808_01195.db,2021.08.31.14.55.32_veh-08_00808_01195.db,57176064,2022-09-23T05:50:10+00:00,True,bb9292e2ba0ac6dd0635e44292adac8a3830c7282c2f1f8cd8eb399f76931bd2,24db0c51a3e5f90287c5231d2e7f8b348a4d2991c14ae995a0f5cfd755a32061,9887,5208,f877046e02c4ff7b0bdacf3afdb775fe8630bafdec20bfbd8ab95d2905471b30,1,2021.08.31.14.55.32_veh-08_00808_01195,us-pa-pittsburgh-hazelwood,us-pa-pittsburgh-hazelwood,True,READY,
train_pittsburgh,/Users/liuqing/Projects/01_E2E_QA_Code/nuplan/dataset/data/cache/train_pittsburgh/2021.08.31.14.55.32_veh-08_01213_01374.db,2021.08.31.14.55.32_veh-08_01213_01374.db,23687168,2022-09-23T05:50:10+00:00,True,bb9292e2ba0ac6dd0635e44292adac8a3830c7282c2f1f8cd8eb399f76931bd2,811ede173220cdd84a41c40e69fad815c66485c02c253f9ef22e5cff8d2d9031,3397,2036,9e9796b6c4df215f8c184eff5f50cb6b92fb367f6b056435c48b487012a765de,1,2021.08.31.14.55.32_veh-08_01213_01374,us-pa-pittsburgh-hazelwood,us-pa-pittsburgh-hazelwood,True,READY,
train_pittsburgh,/Users/liuqing/Projects/01_E2E_QA_Code/nuplan/dataset/data/cache/train_pittsburgh/2021.08.31.14.55.32_veh-08_01397_01474.db,2021.08.31.14.55.32_veh-08_01397_01474.db,6492160,2022-09-23T05:50:10+00:00,True,bb9292e2ba0ac6dd0635e44292adac8a3830c7282c2f1f8cd8eb399f76931bd2,3ff9771146a67ae9cd4c225a2098b4b1eb62313619741daf41071e2731543caf,1761,1002,72fe1840ea01506d32f66402c70ac69b68068995b090ea99f7d01cae9a725c66,1,2021.08.31.14.55.32_veh-08_01397_01474,us-pa-pittsburgh-hazelwood,us-pa-pittsburgh-hazelwood,True,READY,
train_pittsburgh,/Users/liuqing/Projects/01_E2E_QA_Code/nuplan/dataset/data/cache/train_pittsburgh/2021.08.31.14.55.32_veh-08_01493_01713.db,2021.08.31.14.55.32_veh-08_01493_01713.db,16187392,2022-09-23T05:50:10+00:00,True,bb9292e2ba0ac6dd0635e44292adac8a3830c7282c2f1f8cd8eb399f76931bd2,2626f1ba5cb1cc2618e722511d0a2fa79c1f3a219ffe46c23476f31a563907fe,4594,2716,9c420714a4fe55a97c4102412857c15b8af7460066af7627f39140c967bf4259,1,2021.08.31.14.55.32_veh-08_01493_01713,us-pa-pittsburgh-hazelwood,us-pa-pittsburgh-hazelwood,True,READY,
train_pittsburgh,/Users/liuqing/Projects/01_E2E_QA_Code/nuplan/dataset/data/cache/train_pittsburgh/2021.09.02.12.54.17_veh-08_00014_00106.db,2021.09.02.12.54.17_veh-08_00014_00106.db,7798784,2022-09-23T05:50:13+00:00,True,bb9292e2ba0ac6dd0635e44292adac8a3830c7282c2f1f8cd8eb399f76931bd2,8f7841f2878fb7edde9e34beb4ad198d7d5ed815031c1288cc39a22b7e14f805,1371,896,c2dcb9398bb253ba978bce821d702c01c565d33674b90e3e0a14bf5d2b8895bf,1,2021.09.02.12.54.17_veh-08_00014_00106,us-pa-pittsburgh-hazelwood,us-pa-pittsburgh-hazelwood,True,READY,
train_pittsburgh,/Users/liuqing/Projects/01_E2E_QA_Code/nuplan/dataset/data/cache/train_pittsburgh/2021.09.02.12.54.17_veh-08_00129_00198.db,2021.09.02.12.54.17_veh-08_00129_00198.db,4767744,2022-09-23T05:50:13+00:00,True,bb9292e2ba0ac6dd0635e44292adac8a3830c7282c2f1f8cd8eb399f76931bd2,55fb05e867388d55af557cfc8ff24c818b4373816084b3806f44e117c48bcaf1,1415,913,68e629e6887e00a48f133a25efbd4b526a9f8b79cf9f79896f1ada46d6d610a3,1,2021.09.02.12.54.17_veh-08_00129_00198,us-pa-pittsburgh-hazelwood,us-pa-pittsburgh-hazelwood,True,READY,
train_pittsburgh,/Users/liuqing/Projects/01_E2E_QA_Code/nuplan/dataset/data/cache/train_pittsburgh/2021.09.02.12.54.17_veh-08_00225_00316.db,2021.09.02.12.54.17_veh-08_00225_00316.db,5189632,2022-09-23T05:50:13+00:00,True,bb9292e2ba0ac6dd0635e44292adac8a3830c7282c2f1f8cd8eb399f76931bd2,5042d72a33579bbf0cdfaa91a1098ee269071e80b9d2598e8318cd0e3c28a670,2593,1625,1cce450cbdc745723894682e7da22be2c44e1d7c123f94806a93e514cfd16588,1,2021.09.02.12.54.17_veh-08_00225_00316,us-pa-pittsburgh-hazelwood,us-pa-pittsburgh-hazelwood,True,READY,
train_pittsburgh,/Users/liuqing/Projects/01_E2E_QA_Code/nuplan/dataset/data/cache/train_pittsburgh/2021.09.02.12.54.17_veh-08_00341_00924.db,2021.09.02.12.54.17_veh-08_00341_00924.db,79622144,2022-09-23T05:50:13+00:00,True,bb9292e2ba0ac6dd0635e44292adac8a3830c7282c2f1f8cd8eb399f76931bd2,c0a1ef1cb6442ce7740f688c25c6895df6140678bc841b3613eb8edf678f2bed,11696,6879,b699a1fff72ac38919fb16c3730dda059b4fc996920f4162360fdf01bd4f014b,1,2021.09.02.12.54.17_veh-08_00341_00924,us-pa-pittsburgh-hazelwood,us-pa-pittsburgh-hazelwood,True,READY,
train_pittsburgh,/Users/liuqing/Projects/01_E2E_QA_Code/nuplan/dataset/data/cache/train_pittsburgh/2021.09.02.12.54.17_veh-08_00942_01042.db,2021.09.02.12.54.17_veh-08_00942_01042.db,12914688,2022-09-23T05:50:13+00:00,True,bb9292e2ba0ac6dd0635e44292adac8a3830c7282c2f1f8cd8eb399f76931bd2,4d2bd48fe150b5fac82cc7fbc069cc1bb26d412e989d97308fbe858deb430058,1878,1386,ba631f968dfd9bded6857f7b4dec339d287e6a7ea5f3e5d0e8650e79d67b515f,1,2021.09.02.12.54.17_veh-08_00942_01042,us-pa-pittsburgh-hazelwood,us-pa-pittsburgh-hazelwood,True,READY,
train_pittsburgh,/Users/liuqing/Projects/01_E2E_QA_Code/nuplan/dataset/data/cache/train_pittsburgh/2021.09.02.12.54.17_veh-08_01067_01543.db,2021.09.02.12.54.17_veh-08_01067_01543.db,82268160,2022-09-23T05:50:13+00:00,True,bb9292e2ba0ac6dd0635e44292adac8a3830c7282c2f1f8cd8eb399f76931bd2,bf67849e55735c1f5120a3e5df2d20f6ca2296d4c907aadcdc4bb421e7689caf,9936,6700,468ac3233f78749ecd8e96ef235c8601e020ac0384975e6b85ed7ee49f28a71b,1,2021.09.02.12.54.17_veh-08_01067_01543,us-pa-pittsburgh-hazelwood,us-pa-pittsburgh-hazelwood,True,READY,
train_pittsburgh,/Users/liuqing/Projects/01_E2E_QA_Code/nuplan/dataset/data/cache/train_pittsburgh/2021.09.02.12.54.17_veh-08_01564_01723.db,2021.09.02.12.54.17_veh-08_01564_01723.db,14843904,2022-09-23T05:50:13+00:00,True,bb9292e2ba0ac6dd0635e44292adac8a3830c7282c2f1f8cd8eb399f76931bd2,518599518b4524be033aee220dcd552f3ac3f5489c9b0b95fc2b723d77808b39,3692,2195,d72a3aeaa49a00ba99876acec5e7a7362204a9d8a08dab2265f22d216d647e40,1,2021.09.02.12.54.17_veh-08_01564_01723,us-pa-pittsburgh-hazelwood,us-pa-pittsburgh-hazelwood,True,READY,
train_pittsburgh,/Users/liuqing/Projects/01_E2E_QA_Code/nuplan/dataset/data/cache/train_pittsburgh/2021.09.02.12.54.17_veh-08_01810_01911.db,2021.09.02.12.54.17_veh-08_01810_01911.db,5742592,2022-09-23T05:50:13+00:00,True,bb9292e2ba0ac6dd0635e44292adac8a3830c7282c2f1f8cd8eb399f76931bd2,acb4f24f375d68c12b1f9de99547d2a2bb641712c9260ea7f06c2746ddd17a17,2416,1709,2c58bd2219582c767926df7fb457a71ac9d2d11336fd90149197f8e5a58c10b0,1,2021.09.02.12.54.17_veh-08_01810_01911,us-pa-pittsburgh-hazelwood,us-pa-pittsburgh-hazelwood,True,READY,
train_pittsburgh,/Users/liuqing/Projects/01_E2E_QA_Code/nuplan/dataset/data/cache/train_pittsburgh/2021.09.02.12.54.17_veh-08_01951_02174.db,2021.09.02.12.54.17_veh-08_01951_02174.db,15683584,2022-09-23T05:50:13+00:00,True,bb9292e2ba0ac6dd0635e44292adac8a3830c7282c2f1f8cd8eb399f76931bd2,27645ee46b9472f6fcfd01c13f35987b110cfe0a615d70d5291ad1a2b40332dd,4173,2701,be6abbacce6bdb9426e183f4546afad245606473c032571afdc1a5ab11c4ef35,1,2021.09.02.12.54.17_veh-08_01951_02174,us-pa-pittsburgh-hazelwood,us-pa-pittsburgh-hazelwood,True,READY,
train_pittsburgh,/Users/liuqing/Projects/01_E2E_QA_Code/nuplan/dataset/data/cache/train_pittsburgh/2021.09.02.12.54.17_veh-08_02291_02457.db,2021.09.02.12.54.17_veh-08_02291_02457.db,13746176,2022-09-23T05:50:13+00:00,True,bb9292e2ba0ac6dd0635e44292adac8a3830c7282c2f1f8cd8eb399f76931bd2,7d189e642b07038cf07f4242f02401c17fb8cba464b20d3464c7cb90fd347c7d,3757,1883,8a592e94f4509971946b85131419d48971cdd7f382ef3c86191ebf64f7cdae1b,1,2021.09.02.12.54.17_veh-08_02291_02457,us-pa-pittsburgh-hazelwood,us-pa-pittsburgh-hazelwood,True,READY,
train_pittsburgh,/Users/liuqing/Projects/01_E2E_QA_Code/nuplan/dataset/data/cache/train_pittsburgh/2021.09.02.12.54.17_veh-08_02556_03025.db,2021.09.02.12.54.17_veh-08_02556_03025.db,85852160,2022-09-23T05:50:13+00:00,True,bb9292e2ba0ac6dd0635e44292adac8a3830c7282c2f1f8cd8eb399f76931bd2,35fa4222130f8b8417bed23db1ce40ffea28d36ad9bd859e2d22c0e56e2d0c8d,13945,6238,23dd7851b6cde6c824fb9fcf64f553ecab439cd1746c0c82ab92c2a2a606f9d7,1,2021.09.02.12.54.17_veh-08_02556_03025,us-pa-pittsburgh-hazelwood,us-pa-pittsburgh-hazelwood,True,READY,
train_pittsburgh,/Users/liuqing/Projects/01_E2E_QA_Code/nuplan/dataset/data/cache/train_pittsburgh/2021.09.02.12.54.17_veh-08_03043_03130.db,2021.09.02.12.54.17_veh-08_03043_03130.db,5488640,2022-09-23T05:50:13+00:00,True,bb9292e2ba0ac6dd0635e44292adac8a3830c7282c2f1f8cd8eb399f76931bd2,15f6df0c8b7d70667b3a08da40a0b1a4f301789d8aaaa388ff7b61b8f058a9ff,1977,1188,0b1255a230f0959333debc19347ca52e4076de35b3c3949e9daa189650d70615,1,2021.09.02.12.54.17_veh-08_03043_03130,us-pa-pittsburgh-hazelwood,us-pa-pittsburgh-hazelwood,True,READY,
train_pittsburgh,/Users/liuqing/Projects/01_E2E_QA_Code/nuplan/dataset/data/cache/train_pittsburgh/2021.09.02.12.54.17_veh-08_03160_03231.db,2021.09.02.12.54.17_veh-08_03160_03231.db,4669440,2022-09-23T05:50:13+00:00,True,bb9292e2ba0ac6dd0635e44292adac8a3830c7282c2f1f8cd8eb399f76931bd2,a48f78a32fd4d518fb4d8ed49160b25c4036f69b49b00028a399689886e5302e,1249,860,fb32ec8b07e4b6ca2cd5ebee262ad901af4839d34e79221b867ceec8edd86691,1,2021.09.02.12.54.17_veh-08_03160_03231,us-pa-pittsburgh-hazelwood,us-pa-pittsburgh-hazelwood,True,READY,
train_pittsburgh,/Users/liuqing/Projects/01_E2E_QA_Code/nuplan/dataset/data/cache/train_pittsburgh/2021.09.02.14.10.27_veh-08_00008_00140.db,2021.09.02.14.10.27_veh-08_00008_00140.db,9908224,2022-09-23T05:50:14+00:00,True,bb9292e2ba0ac6dd0635e44292adac8a3830c7282c2f1f8cd8eb399f76931bd2,3234566cd9c30132f25ba92810402280250ec88a63f71e2b843876b83b30246f,2459,1706,fb9def76fc7206f211004584a37a18c5c6bcc486f7596c05fb107792b018afb3,1,2021.09.02.14.10.27_veh-08_00008_00140,us-pa-pittsburgh-hazelwood,us-pa-pittsburgh-hazelwood,True,READY,
train_pittsburgh,/Users/liuqing/Projects/01_E2E_QA_Code/nuplan/dataset/data/cache/train_pittsburgh/2021.09.02.14.10.27_veh-08_00168_00649.db,2021.09.02.14.10.27_veh-08_00168_00649.db,47845376,2022-09-23T05:50:14+00:00,True,bb9292e2ba0ac6dd0635e44292adac8a3830c7282c2f1f8cd8eb399f76931bd2,c74b6ff008a841caff732bf3747cd2d0508bdfbb6d6410ec960e643ee76436bb,11462,6541,a42b62d380bc02140b4808220aae24cb7ba4e6f1e49c52eba167f38dfa3d3ac4,1,2021.09.02.14.10.27_veh-08_00168_00649,us-pa-pittsburgh-hazelwood,us-pa-pittsburgh-hazelwood,True,READY,
train_pittsburgh,/Users/liuqing/Projects/01_E2E_QA_Code/nuplan/dataset/data/cache/train_pittsburgh/2021.09.02.14.10.27_veh-08_00671_00939.db,2021.09.02.14.10.27_veh-08_00671_00939.db,40194048,2022-09-23T05:50:14+00:00,True,bb9292e2ba0ac6dd0635e44292adac8a3830c7282c2f1f8cd8eb399f76931bd2,8e284c01f077475b118b27938122025dc2f5cbb447a0fecaae939d4e0251f816,8298,3915,9261d704025db06cd00b64880db19674ac6f33055a2fda46c47e8786013e907a,1,2021.09.02.14.10.27_veh-08_00671_00939,us-pa-pittsburgh-hazelwood,us-pa-pittsburgh-hazelwood,True,READY,
train_pittsburgh,/Users/liuqing/Projects/01_E2E_QA_Code/nuplan/dataset/data/cache/train_pittsburgh/2021.09.02.14.10.27_veh-08_00982_01561.db,2021.09.02.14.10.27_veh-08_00982_01561.db,37052416,2022-09-23T05:50:14+00:00,True,bb9292e2ba0ac6dd0635e44292adac8a3830c7282c2f1f8cd8eb399f76931bd2,6b81a0b5aaabfe2f71feb3776fc64ebbcb187ab9e735bc6fe23d1dd7c887df3d,12254,10614,c5f8696f64895266fd7cc7bdb72f25168b776bf95499e25a6db1b4098d926d7c,1,2021.09.02.14.10.27_veh-08_00982_01561,us-pa-pittsburgh-hazelwood,us-pa-pittsburgh-hazelwood,True,READY,
train_pittsburgh,/Users/liuqing/Projects/01_E2E_QA_Code/nuplan/dataset/data/cache/train_pittsburgh/2021.09.02.14.10.27_veh-08_01583_02015.db,2021.09.02.14.10.27_veh-08_01583_02015.db,30797824,2022-09-23T05:50:14+00:00,True,bb9292e2ba0ac6dd0635e44292adac8a3830c7282c2f1f8cd8eb399f76931bd2,7fa5c6bf31749a11aeaa12050c42ea04b978d14970629d09e17fdd38486558ad,8696,7181,e2465e444d215c8341babf06027befee14ee6a4ce4a8da098b8d456af5ebd89c,1,2021.09.02.14.10.27_veh-08_01583_02015,us-pa-pittsburgh-hazelwood,us-pa-pittsburgh-hazelwood,True,READY,
train_pittsburgh,/Users/liuqing/Projects/01_E2E_QA_Code/nuplan/dataset/data/cache/train_pittsburgh/2021.09.02.14.10.27_veh-08_02043_02167.db,2021.09.02.14.10.27_veh-08_02043_02167.db,7753728,2022-09-23T05:50:14+00:00,True,bb9292e2ba0ac6dd0635e44292adac8a3830c7282c2f1f8cd8eb399f76931bd2,6c11435ddcfb2cfc80369e621b4eacb44f9787ba04bc1e5cab48594b1e81d74f,3533,2273,106998cafde0053ca86feed910712ffc3d8a415ed2efb119e350f97f83826321,1,2021.09.02.14.10.27_veh-08_02043_02167,us-pa-pittsburgh-hazelwood,us-pa-pittsburgh-hazelwood,True,READY,
train_pittsburgh,/Users/liuqing/Projects/01_E2E_QA_Code/nuplan/dataset/data/cache/train_pittsburgh/2021.09.02.14.10.27_veh-08_02190_02633.db,2021.09.02.14.10.27_veh-08_02190_02633.db,48996352,2022-09-23T05:50:14+00:00,True,bb9292e2ba0ac6dd0635e44292adac8a3830c7282c2f1f8cd8eb399f76931bd2,cd2873743120c32cb78791c7bb819d527ddb64e9dafb64b06353a40d3c0b76a1,9833,5286,0cfa8e10bf07654a838ed054a1ea82d5ec1f0ba7f89ec68c378e0cf99592a7b6,1,2021.09.02.14.10.27_veh-08_02190_02633,us-pa-pittsburgh-hazelwood,us-pa-pittsburgh-hazelwood,True,READY,
train_pittsburgh,/Users/liuqing/Projects/01_E2E_QA_Code/nuplan/dataset/data/cache/train_pittsburgh/2021.09.02.14.10.27_veh-08_02653_02840.db,2021.09.02.14.10.27_veh-08_02653_02840.db,22753280,2022-09-23T05:50:14+00:00,True,bb9292e2ba0ac6dd0635e44292adac8a3830c7282c2f1f8cd8eb399f76931bd2,eb879444644dde425624dda370dfc406c1d3628c9ee9db6a368ef403f1dd19ae,4978,2925,f64d33bcaf445f0fb16e04c69d69e83117c07a8ed3dfd8934844390ffd7d0573,1,2021.09.02.14.10.27_veh-08_02653_02840,us-pa-pittsburgh-hazelwood,us-pa-pittsburgh-hazelwood,True,READY,
train_pittsburgh,/Users/liuqing/Projects/01_E2E_QA_Code/nuplan/dataset/data/cache/train_pittsburgh/2021.09.02.14.10.27_veh-08_02851_02977.db,2021.09.02.14.10.27_veh-08_02851_02977.db,17539072,2022-09-23T05:50:14+00:00,True,bb9292e2ba0ac6dd0635e44292adac8a3830c7282c2f1f8cd8eb399f76931bd2,c798bc2fa68fed4f0b27c24dbd22399090e8b27a9da5093adc7c29dc79e89ad3,2584,2199,a3a15e8d686c9ee2039dd4d32fd4e63eac5e21fe4cbf996ca5d1a28a2f78ea15,1,2021.09.02.14.10.27_veh-08_02851_02977,us-pa-pittsburgh-hazelwood,us-pa-pittsburgh-hazelwood,True,READY,
train_pittsburgh,/Users/liuqing/Projects/01_E2E_QA_Code/nuplan/dataset/data/cache/train_pittsburgh/2021.09.02.14.10.27_veh-08_02999_03260.db,2021.09.02.14.10.27_veh-08_02999_03260.db,49451008,2022-09-23T05:50:14+00:00,True,bb9292e2ba0ac6dd0635e44292adac8a3830c7282c2f1f8cd8eb399f76931bd2,39abaccf3a5553317a3b17a1a6bd031522ad207ba230d7f2ec5ad4ec7e53f20f,4745,3384,83062c15f47a8c64a1761b8c1ea04ad59aa4a51f2503fe39cddcea087e2e20dc,1,2021.09.02.14.10.27_veh-08_02999_03260,us-pa-pittsburgh-hazelwood,us-pa-pittsburgh-hazelwood,True,READY,
train_pittsburgh,/Users/liuqing/Projects/01_E2E_QA_Code/nuplan/dataset/data/cache/train_pittsburgh/2021.09.02.15.07.50_veh-08_00016_00379.db,2021.09.02.15.07.50_veh-08_00016_00379.db,60719104,2022-09-23T05:50:14+00:00,True,bb9292e2ba0ac6dd0635e44292adac8a3830c7282c2f1f8cd8eb399f76931bd2,3e0e102065de40e721bc548555ade6efbe650f53d975d733e28edddb67a1cd38,8439,5203,b752c651ae8ed440481e7229b62e14bc9c3af7592ece77978f47b2e7053168ba,1,2021.09.02.15.07.50_veh-08_00016_00379,us-pa-pittsburgh-hazelwood,us-pa-pittsburgh-hazelwood,True,READY,
train_pittsburgh,/Users/liuqing/Projects/01_E2E_QA_Code/nuplan/dataset/data/cache/train_pittsburgh/2021.09.02.15.07.50_veh-08_00401_00733.db,2021.09.02.15.07.50_veh-08_00401_00733.db,61140992,2022-09-23T05:50:14+00:00,True,bb9292e2ba0ac6dd0635e44292adac8a3830c7282c2f1f8cd8eb399f76931bd2,110dfca32cc0a97fa1ca789f6789ca183708d2924276c5bd2d4173ad42503f13,7468,4304,142975599ebdbb284d4b1642471792c3dbbe53d3accc3075f5cc884e5c90539d,1,2021.09.02.15.07.50_veh-08_00401_00733,us-pa-pittsburgh-hazelwood,us-pa-pittsburgh-hazelwood,True,READY,
train_pittsburgh,/Users/liuqing/Projects/01_E2E_QA_Code/nuplan/dataset/data/cache/train_pittsburgh/2021.09.02.15.07.50_veh-08_00834_00967.db,2021.09.02.15.07.50_veh-08_00834_00967.db,8396800,2022-09-23T05:50:14+00:00,True,bb9292e2ba0ac6dd0635e44292adac8a3830c7282c2f1f8cd8eb399f76931bd2,e6c40fef764cadcf3b6d2671bc9b26e433fc65540a72bc32db0466e8b35ec63a,3469,2269,edff433912c9134fc2abd493bbe749a444b6a23268f44854738128f34de50e63,1,2021.09.02.15.07.50_veh-08_00834_00967,us-pa-pittsburgh-hazelwood,us-pa-pittsburgh-hazelwood,True,READY,
train_pittsburgh,/Users/liuqing/Projects/01_E2E_QA_Code/nuplan/dataset/data/cache/train_pittsburgh/2021.09.02.15.07.50_veh-08_01111_01191.db,2021.09.02.15.07.50_veh-08_01111_01191.db,7987200,2022-09-23T05:50:14+00:00,True,bb9292e2ba0ac6dd0635e44292adac8a3830c7282c2f1f8cd8eb399f76931bd2,7a389a85cddba6274c41518b90ae14f2d58a649b2211f56e245416ee9f6ba79a,1745,1060,cc8e0d1c9115249189e638df801ad25f71004044811bd93c3c2eca29cd372628,1,2021.09.02.15.07.50_veh-08_01111_01191,us-pa-pittsburgh-hazelwood,us-pa-pittsburgh-hazelwood,True,READY,
train_pittsburgh,/Users/liuqing/Projects/01_E2E_QA_Code/nuplan/dataset/data/cache/train_pittsburgh/2021.09.02.15.07.50_veh-08_01395_01514.db,2021.09.02.15.07.50_veh-08_01395_01514.db,11390976,2022-09-23T05:50:14+00:00,True,bb9292e2ba0ac6dd0635e44292adac8a3830c7282c2f1f8cd8eb399f76931bd2,9e14f2ed96403df40a82e5da51a455df695faf4de955bbbf829150e58dda944e,2450,1646,88c1ffbebf867c259ed78863a96c1192413dec7548e32d8e52428ef452577234,1,2021.09.02.15.07.50_veh-08_01395_01514,us-pa-pittsburgh-hazelwood,us-pa-pittsburgh-hazelwood,True,READY,
train_pittsburgh,/Users/liuqing/Projects/01_E2E_QA_Code/nuplan/dataset/data/cache/train_pittsburgh/2021.09.02.15.07.50_veh-08_01667_01731.db,2021.09.02.15.07.50_veh-08_01667_01731.db,5976064,2022-09-23T05:50:14+00:00,True,bb9292e2ba0ac6dd0635e44292adac8a3830c7282c2f1f8cd8eb399f76931bd2,44e3cfce27782f713198d99bf53a4e0c63659bf8c05485d3baeb19152ee82076,835,646,1a7c22b92eb5c07f2b0a0f8d957e48a6068b87c6f29cdb22fcf7edfb6e96dccd,1,2021.09.02.15.07.50_veh-08_01667_01731,us-pa-pittsburgh-hazelwood,us-pa-pittsburgh-hazelwood,True,READY,
train_pittsburgh,/Users/liuqing/Projects/01_E2E_QA_Code/nuplan/dataset/data/cache/train_pittsburgh/2021.09.02.17.04.02_veh-08_00027_00091.db,2021.09.02.17.04.02_veh-08_00027_00091.db,4833280,2022-09-23T05:30:21+00:00,True,bb9292e2ba0ac6dd0635e44292adac8a3830c7282c2f1f8cd8eb399f76931bd2,5bd02d30d8e3540bf16c382a0e28b45031267b4a363735b961a21e8d7fdf23fd,1395,1044,f9b7ead51a32086976f977e21255231bca8818daf5c416562babb918250cfd11,1,2021.09.02.17.04.02_veh-08_00027_00091,us-pa-pittsburgh-hazelwood,us-pa-pittsburgh-hazelwood,True,READY,
train_pittsburgh,/Users/liuqing/Projects/01_E2E_QA_Code/nuplan/dataset/data/cache/train_pittsburgh/2021.09.02.17.04.02_veh-08_00210_00353.db,2021.09.02.17.04.02_veh-08_00210_00353.db,11628544,2022-09-23T05:30:21+00:00,True,bb9292e2ba0ac6dd0635e44292adac8a3830c7282c2f1f8cd8eb399f76931bd2,8c5cb6bcd81f125333dc7424ea0f36d6fe8625ee120a8075f3ea0b482e02a273,3026,1960,e46b9cc8366e8b416502d88e4ce957ecbdd9557f9b798411244badc3cda46522,1,2021.09.02.17.04.02_veh-08_00210_00353,us-pa-pittsburgh-hazelwood,us-pa-pittsburgh-hazelwood,True,READY,
train_pittsburgh,/Users/liuqing/Projects/01_E2E_QA_Code/nuplan/dataset/data/cache/train_pittsburgh/2021.09.02.17.04.02_veh-08_00375_00658.db,2021.09.02.17.04.02_veh-08_00375_00658.db,27770880,2022-09-23T05:30:21+00:00,True,bb9292e2ba0ac6dd0635e44292adac8a3830c7282c2f1f8cd8eb399f76931bd2,c73455ceb0843e7e7ba5945ffa6447f99afe73550476151e64616d5c3b4827f8,6965,4054,765162e4fe202ec27381e972be0bcbd1489b666ffed83dea16211f50cf3fbdbb,1,2021.09.02.17.04.02_veh-08_00375_00658,us-pa-pittsburgh-hazelwood,us-pa-pittsburgh-hazelwood,True,READY,
train_pittsburgh,/Users/liuqing/Projects/01_E2E_QA_Code/nuplan/dataset/data/cache/train_pittsburgh/2021.09.02.17.04.02_veh-08_00677_00744.db,2021.09.02.17.04.02_veh-08_00677_00744.db,9506816,2022-09-23T05:30:21+00:00,True,bb9292e2ba0ac6dd0635e44292adac8a3830c7282c2f1f8cd8eb399f76931bd2,81c5d3af70e4025aad5108b6aad54effd2cc22283022c51799edc09f8c450e5d,1293,871,a122688fd8a23a8b55374b1423a7b0c67055a7c42acdd4199c3fd38efcae8d66,1,2021.09.02.17.04.02_veh-08_00677_00744,us-pa-pittsburgh-hazelwood,us-pa-pittsburgh-hazelwood,True,READY,
train_pittsburgh,/Users/liuqing/Projects/01_E2E_QA_Code/nuplan/dataset/data/cache/train_pittsburgh/2021.09.02.17.04.02_veh-08_00769_01435.db,2021.09.02.17.04.02_veh-08_00769_01435.db,123875328,2022-09-23T05:30:21+00:00,True,bb9292e2ba0ac6dd0635e44292adac8a3830c7282c2f1f8cd8eb399f76931bd2,e88d2be8c0c6894f3548ee3932fecaf24cb169397cace0ee48fa6a924cdef2d9,15277,8083,4e23455c4ba8fdc4975c5718fdd5a8423dc55e810681e5af584160ccbbe30f3e,1,2021.09.02.17.04.02_veh-08_00769_01435,us-pa-pittsburgh-hazelwood,us-pa-pittsburgh-hazelwood,True,READY,
train_pittsburgh,/Users/liuqing/Projects/01_E2E_QA_Code/nuplan/dataset/data/cache/train_pittsburgh/2021.09.02.17.04.02_veh-08_01458_01760.db,2021.09.02.17.04.02_veh-08_01458_01760.db,54484992,2022-09-23T05:30:21+00:00,True,bb9292e2ba0ac6dd0635e44292adac8a3830c7282c2f1f8cd8eb399f76931bd2,6f2cbe8c03cb36e00f6def8795af6c90e3ab286e8e41cae11c445ab6ce6b7144,6789,4399,eadabcd424c6d78633cfbc7163a9ba120ec3bb17c0f1ee5c7be43c776add97ff,1,2021.09.02.17.04.02_veh-08_01458_01760,us-pa-pittsburgh-hazelwood,us-pa-pittsburgh-hazelwood,True,READY,
train_pittsburgh,/Users/liuqing/Projects/01_E2E_QA_Code/nuplan/dataset/data/cache/train_pittsburgh/2021.09.02.17.04.02_veh-08_01783_02096.db,2021.09.02.17.04.02_veh-08_01783_02096.db,60923904,2022-09-23T05:30:21+00:00,True,bb9292e2ba0ac6dd0635e44292adac8a3830c7282c2f1f8cd8eb399f76931bd2,35026a160c834a3a1cf88e933cc3091927a1ebbc91bd83eb9022e614211cc0d8,6691,4284,cb5749019a84582b63220a751972d91c2b6e1e7ae910d5cc65487c6de5d3b335,1,2021.09.02.17.04.02_veh-08_01783_02096,us-pa-pittsburgh-hazelwood,us-pa-pittsburgh-hazelwood,True,READY,
train_pittsburgh,/Users/liuqing/Projects/01_E2E_QA_Code/nuplan/dataset/data/cache/train_pittsburgh/2021.09.02.17.04.02_veh-08_02290_02393.db,2021.09.02.17.04.02_veh-08_02290_02393.db,6930432,2022-09-23T05:30:21+00:00,True,bb9292e2ba0ac6dd0635e44292adac8a3830c7282c2f1f8cd8eb399f76931bd2,b28aaa7a96858f43155616006423829720c6d4e9c8390754c76cbca040d72fe8,2498,1717,a833030005b9ef541a58ef5a4578519ad13ac72008c82597a66786bdf69d1de0,1,2021.09.02.17.04.02_veh-08_02290_02393,us-pa-pittsburgh-hazelwood,us-pa-pittsburgh-hazelwood,True,READY,
train_pittsburgh,/Users/liuqing/Projects/01_E2E_QA_Code/nuplan/dataset/data/cache/train_pittsburgh/2021.09.02.17.04.02_veh-08_02668_02776.db,2021.09.02.17.04.02_veh-08_02668_02776.db,10719232,2022-09-23T05:30:21+00:00,True,bb9292e2ba0ac6dd0635e44292adac8a3830c7282c2f1f8cd8eb399f76931bd2,e7de191e5e80a220d13289b7ba23077107fd53a13979d02dd413a7ef99055fcd,1841,1187,857808c5ace81fb8f0e14b2e5b02acf65f695d0b22ee8a24170e41885bd13c12,1,2021.09.02.17.04.02_veh-08_02668_02776,us-pa-pittsburgh-hazelwood,us-pa-pittsburgh-hazelwood,True,READY,
train_pittsburgh,/Users/liuqing/Projects/01_E2E_QA_Code/nuplan/dataset/data/cache/train_pittsburgh/2021.09.02.17.04.02_veh-08_02800_02888.db,2021.09.02.17.04.02_veh-08_02800_02888.db,5718016,2022-09-23T05:30:21+00:00,True,bb9292e2ba0ac6dd0635e44292adac8a3830c7282c2f1f8cd8eb399f76931bd2,cdad3b82de43d4abd2a200d9ad9e55dc9f24616a99320012911dc6e658d6021e,1866,1256,ea33c4a9e6b1064c4460ba3c1f3f099f9d59414c3ed8d8a2f30646d31688a907,1,2021.09.02.17.04.02_veh-08_02800_02888,us-pa-pittsburgh-hazelwood,us-pa-pittsburgh-hazelwood,True,READY,
train_pittsburgh,/Users/liuqing/Projects/01_E2E_QA_Code/nuplan/dataset/data/cache/train_pittsburgh/2021.09.02.17.04.02_veh-08_02903_03016.db,2021.09.02.17.04.02_veh-08_02903_03016.db,11091968,2022-09-23T05:30:21+00:00,True,bb9292e2ba0ac6dd0635e44292adac8a3830c7282c2f1f8cd8eb399f76931bd2,379bfb5b4a199aeaef223d00b3ba03a055593c687afbad80d00b50b8c58e46bc,1918,1325,9f05bfefca8966e7054403127f737324e197d54122d52188c5a7a85b171b57f2,1,2021.09.02.17.04.02_veh-08_02903_03016,us-pa-pittsburgh-hazelwood,us-pa-pittsburgh-hazelwood,True,READY,
train_pittsburgh,/Users/liuqing/Projects/01_E2E_QA_Code/nuplan/dataset/data/cache/train_pittsburgh/2021.09.02.17.04.02_veh-08_03092_03216.db,2021.09.02.17.04.02_veh-08_03092_03216.db,11763712,2022-09-23T05:30:21+00:00,True,bb9292e2ba0ac6dd0635e44292adac8a3830c7282c2f1f8cd8eb399f76931bd2,91e654ad9d8e407941a35c5da7e84217993c5a8af1655d2509b13661b568998b,2356,1570,2aede992ffe2bfcea9a9ce1400482ea1b42c9e697e5655db73521689de51a5e9,1,2021.09.02.17.04.02_veh-08_03092_03216,us-pa-pittsburgh-hazelwood,us-pa-pittsburgh-hazelwood,True,READY,
train_pittsburgh,/Users/liuqing/Projects/01_E2E_QA_Code/nuplan/dataset/data/cache/train_pittsburgh/2021.09.02.17.04.02_veh-08_03338_03411.db,2021.09.02.17.04.02_veh-08_03338_03411.db,6987776,2022-09-23T05:30:21+00:00,True,bb9292e2ba0ac6dd0635e44292adac8a3830c7282c2f1f8cd8eb399f76931bd2,121ddab808a3648d25f470c730d15a6ad8d1d6d6d7e3ce7365e8942adff3cedd,0,0,e3b0c44298fc1c149afbf4c8996fb92427ae41e4649b934ca495991b7852b855,1,2021.09.02.17.04.02_veh-08_03338_03411,us-pa-pittsburgh-hazelwood,us-pa-pittsburgh-hazelwood,True,READY,
train_pittsburgh,/Users/liuqing/Projects/01_E2E_QA_Code/nuplan/dataset/data/cache/train_pittsburgh/2021.09.03.14.16.10_veh-08_00122_00566.db,2021.09.03.14.16.10_veh-08_00122_00566.db,40632320,2022-09-23T05:50:17+00:00,True,bb9292e2ba0ac6dd0635e44292adac8a3830c7282c2f1f8cd8eb399f76931bd2,08ac9e02bdf80717be6440218b9c84b845fd4092ad1ad1e4b74961eec50ae530,10275,5739,bc345c6de32b2916e0a12f144ddb5981e827a6570b491d6c60f678c2f3825473,1,2021.09.03.14.16.10_veh-08_00122_00566,us-pa-pittsburgh-hazelwood,us-pa-pittsburgh-hazelwood,True,READY,
train_pittsburgh,/Users/liuqing/Projects/01_E2E_QA_Code/nuplan/dataset/data/cache/train_pittsburgh/2021.09.03.14.16.10_veh-08_00577_00751.db,2021.09.03.14.16.10_veh-08_00577_00751.db,33841152,2022-09-23T05:50:17+00:00,True,bb9292e2ba0ac6dd0635e44292adac8a3830c7282c2f1f8cd8eb399f76931bd2,a0e5c18a9c00f98d0d922757883e55eb3bcaf1a7dc07effec5b6dc763b717766,3723,2476,0acbcb289980503df74c7977b4216700732a2e9851a0560fc09d77440ea581ba,1,2021.09.03.14.16.10_veh-08_00577_00751,us-pa-pittsburgh-hazelwood,us-pa-pittsburgh-hazelwood,True,READY,
train_pittsburgh,/Users/liuqing/Projects/01_E2E_QA_Code/nuplan/dataset/data/cache/train_pittsburgh/2021.09.03.14.16.10_veh-08_00762_00968.db,2021.09.03.14.16.10_veh-08_00762_00968.db,29118464,2022-09-23T05:50:17+00:00,True,bb9292e2ba0ac6dd0635e44292adac8a3830c7282c2f1f8cd8eb399f76931bd2,b7b3346893f6e7659805958c911a14397afe44d1896b2a6dc286f0776655a493,4840,2475,16aaebaf81b1bc2cbd566f90e9e568547ea8a32d53bcfa3c72dc1b3389ddd780,1,2021.09.03.14.16.10_veh-08_00762_00968,us-pa-pittsburgh-hazelwood,us-pa-pittsburgh-hazelwood,True,READY,
train_pittsburgh,/Users/liuqing/Projects/01_E2E_QA_Code/nuplan/dataset/data/cache/train_pittsburgh/2021.09.03.14.16.10_veh-08_01016_01133.db,2021.09.03.14.16.10_veh-08_01016_01133.db,12165120,2022-09-23T05:50:17+00:00,True,bb9292e2ba0ac6dd0635e44292adac8a3830c7282c2f1f8cd8eb399f76931bd2,122c50621d0ad4948b0afe4f20eab999c98df1160f97de746e96b1eebe9c1f40,4163,1928,7f2a8210f8e30a6ffd7aa95fff0712df08d0da2b0db3f1a58accee7df92f2a7e,1,2021.09.03.14.16.10_veh-08_01016_01133,us-pa-pittsburgh-hazelwood,us-pa-pittsburgh-hazelwood,True,READY,
train_pittsburgh,/Users/liuqing/Projects/01_E2E_QA_Code/nuplan/dataset/data/cache/train_pittsburgh/2021.09.03.14.16.10_veh-08_01170_01279.db,2021.09.03.14.16.10_veh-08_01170_01279.db,20623360,2022-09-23T05:50:17+00:00,True,bb9292e2ba0ac6dd0635e44292adac8a3830c7282c2f1f8cd8eb399f76931bd2,7512ca32c2559c0cc654d1e79435cdfaf322176a9bcb780230f509c49c7945eb,2466,1553,de7a35b717263bd238a3365016009aa16608ef03937e349380a59b27e104b408,1,2021.09.03.14.16.10_veh-08_01170_01279,us-pa-pittsburgh-hazelwood,us-pa-pittsburgh-hazelwood,True,READY,
train_pittsburgh,/Users/liuqing/Projects/01_E2E_QA_Code/nuplan/dataset/data/cache/train_pittsburgh/2021.09.03.14.16.10_veh-08_01290_01490.db,2021.09.03.14.16.10_veh-08_01290_01490.db,26296320,2022-09-23T05:50:17+00:00,True,bb9292e2ba0ac6dd0635e44292adac8a3830c7282c2f1f8cd8eb399f76931bd2,7c5a32ac22ac8b3335da74b7b503ce6ae9d803d425399c4dcd34c9559b2ddd56,4562,2466,fa83034062c0e6228b6e406608b08ebbcd8202e89bbe7e211d2719d8b04bc741,1,2021.09.03.14.16.10_veh-08_01290_01490,us-pa-pittsburgh-hazelwood,us-pa-pittsburgh-hazelwood,True,READY,
train_pittsburgh,/Users/liuqing/Projects/01_E2E_QA_Code/nuplan/dataset/data/cache/train_pittsburgh/2021.09.03.14.16.10_veh-08_01619_01797.db,2021.09.03.14.16.10_veh-08_01619_01797.db,12013568,2022-09-23T05:50:17+00:00,True,bb9292e2ba0ac6dd0635e44292adac8a3830c7282c2f1f8cd8eb399f76931bd2,376bc19f994f483ecfd2fdbe8dacc514265f9e8fa7aad93d1ad7d17404605317,4234,2931,80aa00f91cb5be2f8a23e15f39b34009e374cb7157548b397feb73af4949e0b5,1,2021.09.03.14.16.10_veh-08_01619_01797,us-pa-pittsburgh-hazelwood,us-pa-pittsburgh-hazelwood,True,READY,
train_pittsburgh,/Users/liuqing/Projects/01_E2E_QA_Code/nuplan/dataset/data/cache/train_pittsburgh/2021.09.03.14.16.10_veh-08_01944_02312.db,2021.09.03.14.16.10_veh-08_01944_02312.db,27676672,2022-09-23T05:50:17+00:00,True,bb9292e2ba0ac6dd0635e44292adac8a3830c7282c2f1f8cd8eb399f76931bd2,ace44787a58179e31473d6669cb475524d0cdc318d5250f7467bb5ec3f7eb8f2,9144,5598,9c30fddc72283cfe3ca47f7439f8253626e8814da6423a22f428f50b3aa7d2de,1,2021.09.03.14.16.10_veh-08_01944_02312,us-pa-pittsburgh-hazelwood,us-pa-pittsburgh-hazelwood,True,READY,
train_pittsburgh,/Users/liuqing/Projects/01_E2E_QA_Code/nuplan/dataset/data/cache/train_pittsburgh/2021.09.03.14.16.10_veh-08_02323_02533.db,2021.09.03.14.16.10_veh-08_02323_02533.db,32903168,2022-09-23T05:50:17+00:00,True,bb9292e2ba0ac6dd0635e44292adac8a3830c7282c2f1f8cd8eb399f76931bd2,468de37e0e15b6971ec3043aec1c78bb6772e6f160cd75bf44190fc2c9b0666f,4501,2536,5068f6e9444eef6fc9f1b80a8bb6413f05a36d308f1ef035b011729cb9f5f929,1,2021.09.03.14.16.10_veh-08_02323_02533,us-pa-pittsburgh-hazelwood,us-pa-pittsburgh-hazelwood,True,READY,
train_pittsburgh,/Users/liuqing/Projects/01_E2E_QA_Code/nuplan/dataset/data/cache/train_pittsburgh/2021.09.03.14.16.10_veh-08_02551_02654.db,2021.09.03.14.16.10_veh-08_02551_02654.db,11198464,2022-09-23T05:50:17+00:00,True,bb9292e2ba0ac6dd0635e44292adac8a3830c7282c2f1f8cd8eb399f76931bd2,318b4d606e79224b9432dac35d1d3d805f8be04656494080650a065cde443212,2208,1188,1a8ff68fed3e3018181a0b6e5712e1a6d7e26af3c1b6b0dc57de3f741e0e5984,1,2021.09.03.14.16.10_veh-08_02551_02654,us-pa-pittsburgh-hazelwood,us-pa-pittsburgh-hazelwood,True,READY,
train_pittsburgh,/Users/liuqing/Projects/01_E2E_QA_Code/nuplan/dataset/data/cache/train_pittsburgh/2021.09.03.14.16.10_veh-08_02787_02938.db,2021.09.03.14.16.10_veh-08_02787_02938.db,34172928,2022-09-23T05:50:17+00:00,True,bb9292e2ba0ac6dd0635e44292adac8a3830c7282c2f1f8cd8eb399f76931bd2,38e9d7f66d228a594475e5f71d8122b6216a6d133d9286a2e9ce9574e693c4c3,3274,2302,bab403613e11afd5c468c49f4f3693a64d78351e579bafa67e0ade6893e05997,1,2021.09.03.14.16.10_veh-08_02787_02938,us-pa-pittsburgh-hazelwood,us-pa-pittsburgh-hazelwood,True,READY,
train_pittsburgh,/Users/liuqing/Projects/01_E2E_QA_Code/nuplan/dataset/data/cache/train_pittsburgh/2021.09.03.14.16.10_veh-08_03001_03154.db,2021.09.03.14.16.10_veh-08_03001_03154.db,39677952,2022-09-23T05:50:17+00:00,True,bb9292e2ba0ac6dd0635e44292adac8a3830c7282c2f1f8cd8eb399f76931bd2,980ea234779330fd25443a921a19238d922c754545b7a9c491e3f6c34170c4ea,3316,2732,33c91cbfbab811e57e520b828ba4e5f936cebe44554839d6eb53bb2de060c5f2,1,2021.09.03.14.16.10_veh-08_03001_03154,us-pa-pittsburgh-hazelwood,us-pa-pittsburgh-hazelwood,True,READY,
train_pittsburgh,/Users/liuqing/Projects/01_E2E_QA_Code/nuplan/dataset/data/cache/train_pittsburgh/2021.09.03.14.16.10_veh-08_03178_03345.db,2021.09.03.14.16.10_veh-08_03178_03345.db,34480128,2022-09-23T05:50:17+00:00,True,bb9292e2ba0ac6dd0635e44292adac8a3830c7282c2f1f8cd8eb399f76931bd2,8ab4544ed5f5216d4e3e786d8b953b4bf334e66b79c6e35ebfd7a166edf0a255,3465,1924,5c4a9251c57894a568fc482f329b58834fcbf775310bd072020df7246da19e08,1,2021.09.03.14.16.10_veh-08_03178_03345,us-pa-pittsburgh-hazelwood,us-pa-pittsburgh-hazelwood,True,READY,
train_pittsburgh,/Users/liuqing/Projects/01_E2E_QA_Code/nuplan/dataset/data/cache/train_pittsburgh/2021.09.03.16.25.50_veh-42_00016_00340.db,2021.09.03.16.25.50_veh-42_00016_00340.db,26071040,2022-09-23T05:50:17+00:00,True,bb9292e2ba0ac6dd0635e44292adac8a3830c7282c2f1f8cd8eb399f76931bd2,e26e56b8d1a494a202e40e7421ed9f87ea06e2e77d3e18407d32409a969d7290,7458,4327,0bb60ed73e1ead22a778b8d33d8f9773d79b4512767f58fb77803028cd25b97a,1,2021.09.03.16.25.50_veh-42_00016_00340,us-pa-pittsburgh-hazelwood,us-pa-pittsburgh-hazelwood,True,READY,
train_pittsburgh,/Users/liuqing/Projects/01_E2E_QA_Code/nuplan/dataset/data/cache/train_pittsburgh/2021.09.03.16.25.50_veh-42_00397_00570.db,2021.09.03.16.25.50_veh-42_00397_00570.db,33091584,2022-09-23T05:50:17+00:00,True,bb9292e2ba0ac6dd0635e44292adac8a3830c7282c2f1f8cd8eb399f76931bd2,7cc39bd7480f397c2664e0b8528a0e650d5684cc5ad7dbb283f496e761cc169c,4305,2081,9e2397c4af0010ed97b0c90d51f6ebaa57d20ea02504e904a525dd225f828494,1,2021.09.03.16.25.50_veh-42_00397_00570,us-pa-pittsburgh-hazelwood,us-pa-pittsburgh-hazelwood,True,READY,
train_pittsburgh,/Users/liuqing/Projects/01_E2E_QA_Code/nuplan/dataset/data/cache/train_pittsburgh/2021.09.03.16.25.50_veh-42_00588_00845.db,2021.09.03.16.25.50_veh-42_00588_00845.db,51023872,2022-09-23T05:50:17+00:00,True,bb9292e2ba0ac6dd0635e44292adac8a3830c7282c2f1f8cd8eb399f76931bd2,8c8e50967399009fd8e122b7fd28d40b948c6df6593551d03bfc97a029011115,4691,2882,c7662b7069c27e1277869a4f10e08176b37a7e2d1f300100c925d27312a0ff0a,1,2021.09.03.16.25.50_veh-42_00588_00845,us-pa-pittsburgh-hazelwood,us-pa-pittsburgh-hazelwood,True,READY,
train_pittsburgh,/Users/liuqing/Projects/01_E2E_QA_Code/nuplan/dataset/data/cache/train_pittsburgh/2021.09.03.16.25.50_veh-42_00857_00960.db,2021.09.03.16.25.50_veh-42_00857_00960.db,21286912,2022-09-23T05:50:17+00:00,True,bb9292e2ba0ac6dd0635e44292adac8a3830c7282c2f1f8cd8eb399f76931bd2,95e02c39023ce974175b6e97b8d74f272ba1c17c838d92de681729a71bb64eeb,2732,1458,664279d21d26a1edd2f6da64cdf70dfd4ad46a82b3826caaf2b6dfd8dfca85f6,1,2021.09.03.16.25.50_veh-42_00857_00960,us-pa-pittsburgh-hazelwood,us-pa-pittsburgh-hazelwood,True,READY,
train_pittsburgh,/Users/liuqing/Projects/01_E2E_QA_Code/nuplan/dataset/data/cache/train_pittsburgh/2021.09.03.16.25.50_veh-42_00979_01436.db,2021.09.03.16.25.50_veh-42_00979_01436.db,74272768,2022-09-23T05:50:17+00:00,True,bb9292e2ba0ac6dd0635e44292adac8a3830c7282c2f1f8cd8eb399f76931bd2,66e1d5c97ec156c7e0f95cb0c3aa4e88ef8b7de91ad7007a1cf3c493a457b9de,10577,5810,519c1025ba6b914c35b6534e8a8a6cdfa97186a6761b45be9f9f211b02cc16f0,1,2021.09.03.16.25.50_veh-42_00979_01436,us-pa-pittsburgh-hazelwood,us-pa-pittsburgh-hazelwood,True,READY,
train_pittsburgh,/Users/liuqing/Projects/01_E2E_QA_Code/nuplan/dataset/data/cache/train_pittsburgh/2021.09.03.16.25.50_veh-42_01447_01647.db,2021.09.03.16.25.50_veh-42_01447_01647.db,33992704,2022-09-23T05:50:17+00:00,True,bb9292e2ba0ac6dd0635e44292adac8a3830c7282c2f1f8cd8eb399f76931bd2,26dbccf49c696d3d896526926353e385e1bf0ff282b524adf17daa35a88ccfb6,3778,2013,e6cdb0f613d9f9895937155323abaa123e1d030ffe4923ed983b15b3452becba,1,2021.09.03.16.25.50_veh-42_01447_01647,us-pa-pittsburgh-hazelwood,us-pa-pittsburgh-hazelwood,True,READY,
train_pittsburgh,/Users/liuqing/Projects/01_E2E_QA_Code/nuplan/dataset/data/cache/train_pittsburgh/2021.09.03.16.25.50_veh-42_01777_01900.db,2021.09.03.16.25.50_veh-42_01777_01900.db,9453568,2022-09-23T05:50:17+00:00,True,bb9292e2ba0ac6dd0635e44292adac8a3830c7282c2f1f8cd8eb399f76931bd2,953d17442228ffe22b8ca1a5c4cf9cce6d90d602be3fb5b741a2f2557206a73a,2095,1340,e0bc411f9446a41bd5662783cd9eaa19459944be0450c81bccdc29ecd2b3ff09,1,2021.09.03.16.25.50_veh-42_01777_01900,us-pa-pittsburgh-hazelwood,us-pa-pittsburgh-hazelwood,True,READY,
train_pittsburgh,/Users/liuqing/Projects/01_E2E_QA_Code/nuplan/dataset/data/cache/train_pittsburgh/2021.09.03.16.38.35_veh-08_00026_00837.db,2021.09.03.16.38.35_veh-08_00026_00837.db,133718016,2022-09-23T05:50:17+00:00,True,bb9292e2ba0ac6dd0635e44292adac8a3830c7282c2f1f8cd8eb399f76931bd2,65dc1033f0f5030cd9484f0e190ce58c1fa8c81def9d04f1db8fedc2a2afaef5,19538,11331,f6919918fe0d9a1b7055dfdc397e06a3898af7cdcc39865044a5b7e28f8d326f,1,2021.09.03.16.38.35_veh-08_00026_00837,us-pa-pittsburgh-hazelwood,us-pa-pittsburgh-hazelwood,True,READY,
train_pittsburgh,/Users/liuqing/Projects/01_E2E_QA_Code/nuplan/dataset/data/cache/train_pittsburgh/2021.09.03.16.38.35_veh-08_00856_01045.db,2021.09.03.16.38.35_veh-08_00856_01045.db,23339008,2022-09-23T05:50:17+00:00,True,bb9292e2ba0ac6dd0635e44292adac8a3830c7282c2f1f8cd8eb399f76931bd2,b0a31b357aa7714ff11912c2fb00e9636070aa314ec2b4dc2d6d5698bd2f97d5,4057,3085,e6b359b8051fd00add80d7f1500bbdbc396d6a5c2a37463e0c67405d09f652dd,1,2021.09.03.16.38.35_veh-08_00856_01045,us-pa-pittsburgh-hazelwood,us-pa-pittsburgh-hazelwood,True,READY,
train_pittsburgh,/Users/liuqing/Projects/01_E2E_QA_Code/nuplan/dataset/data/cache/train_pittsburgh/2021.09.03.16.38.35_veh-08_01127_01862.db,2021.09.03.16.38.35_veh-08_01127_01862.db,147402752,2022-09-23T05:50:17+00:00,True,bb9292e2ba0ac6dd0635e44292adac8a3830c7282c2f1f8cd8eb399f76931bd2,9b8523f019f6df25eb2eb2c74b404f7b64019c656484d3fa8c93d744bb122f2b,17617,10236,9c41d62cae946579c10ca215714bb6b4421b66efcc77113bd6013838e9cb32a4,1,2021.09.03.16.38.35_veh-08_01127_01862,us-pa-pittsburgh-hazelwood,us-pa-pittsburgh-hazelwood,True,READY,
train_pittsburgh,/Users/liuqing/Projects/01_E2E_QA_Code/nuplan/dataset/data/cache/train_pittsburgh/2021.09.03.16.38.35_veh-08_01900_02526.db,2021.09.03.16.38.35_veh-08_01900_02526.db,127946752,2022-09-23T05:50:17+00:00,True,bb9292e2ba0ac6dd0635e44292adac8a3830c7282c2f1f8cd8eb399f76931bd2,a396c76daad9255daa5f2020ffec0333091e547611d6755873eb3fb7c21147db,13937,8875,6af025d88d7d5f1557d9522e831104079a756536a2a7c867d89701cd901a1049,1,2021.09.03.16.38.35_veh-08_01900_02526,us-pa-pittsburgh-hazelwood,us-pa-pittsburgh-hazelwood,True,READY,
train_pittsburgh,/Users/liuqing/Projects/01_E2E_QA_Code/nuplan/dataset/data/cache/train_pittsburgh/2021.09.03.16.38.35_veh-08_02555_02938.db,2021.09.03.16.38.35_veh-08_02555_02938.db,89853952,2022-09-23T05:50:17+00:00,True,bb9292e2ba0ac6dd0635e44292adac8a3830c7282c2f1f8cd8eb399f76931bd2,99e1fdc10e125a0b8a9895df1a8d7ed967c74c2cc3f397dacb3cc61be42a7a39,11681,6179,0cf7ed4fe5ae608189fed63a376c6a8ee3f6f0b73f0099b3e5e25fea4e0224fd,1,2021.09.03.16.38.35_veh-08_02555_02938,us-pa-pittsburgh-hazelwood,us-pa-pittsburgh-hazelwood,True,READY,
train_pittsburgh,/Users/liuqing/Projects/01_E2E_QA_Code/nuplan/dataset/data/cache/train_pittsburgh/2021.09.03.16.38.35_veh-08_02964_03280.db,2021.09.03.16.38.35_veh-08_02964_03280.db,56438784,2022-09-23T05:50:17+00:00,True,bb9292e2ba0ac6dd0635e44292adac8a3830c7282c2f1f8cd8eb399f76931bd2,cee83bb6bef4d161bc156835cdd43c9543e4eb3eab8593af69ef32e27a4110e5,5468,2799,3a1b7360688ff0156cc3b521d64d269ea4791a8fae4339f407521456f28ead20,1,2021.09.03.16.38.35_veh-08_02964_03280,us-pa-pittsburgh-hazelwood,us-pa-pittsburgh-hazelwood,True,READY,
train_pittsburgh,/Users/liuqing/Projects/01_E2E_QA_Code/nuplan/dataset/data/cache/train_pittsburgh/2021.09.03.16.38.35_veh-08_03417_03500.db,2021.09.03.16.38.35_veh-08_03417_03500.db,5173248,2022-09-23T05:50:17+00:00,True,bb9292e2ba0ac6dd0635e44292adac8a3830c7282c2f1f8cd8eb399f76931bd2,bd14ed569067a2b03563ca66f7523dc3130f869cc744a83b1d7c961874bdfdd1,0,0,e3b0c44298fc1c149afbf4c8996fb92427ae41e4649b934ca495991b7852b855,1,2021.09.03.16.38.35_veh-08_03417_03500,us-pa-pittsburgh-hazelwood,us-pa-pittsburgh-hazelwood,True,READY,
train_pittsburgh,/Users/liuqing/Projects/01_E2E_QA_Code/nuplan/dataset/data/cache/train_pittsburgh/2021.09.03.17.02.10_veh-42_00089_00175.db,2021.09.03.17.02.10_veh-42_00089_00175.db,6164480,2022-09-23T05:50:17+00:00,True,bb9292e2ba0ac6dd0635e44292adac8a3830c7282c2f1f8cd8eb399f76931bd2,faff6c65f76f8c7f5fc4a8534e750d52149d4eda10b5f4961cdc8a2d7bd98bd7,1467,948,748f9ba03950a782fad6740c403ce452d63c567b78674e95b79a6b53ebbe51fb,1,2021.09.03.17.02.10_veh-42_00089_00175,us-pa-pittsburgh-hazelwood,us-pa-pittsburgh-hazelwood,True,READY,
train_pittsburgh,/Users/liuqing/Projects/01_E2E_QA_Code/nuplan/dataset/data/cache/train_pittsburgh/2021.09.03.17.02.10_veh-42_00245_00336.db,2021.09.03.17.02.10_veh-42_00245_00336.db,6111232,2022-09-23T05:50:17+00:00,True,bb9292e2ba0ac6dd0635e44292adac8a3830c7282c2f1f8cd8eb399f76931bd2,18d7fd1e224497231079756c49865091d7cd3ef123c6c48e4911e4364779877f,2480,1618,77f642076dad87c918ae0e9b342b1cda079fc2b04c66d9aee8a08fe7f93731e9,1,2021.09.03.17.02.10_veh-42_00245_00336,us-pa-pittsburgh-hazelwood,us-pa-pittsburgh-hazelwood,True,READY,
train_pittsburgh,/Users/liuqing/Projects/01_E2E_QA_Code/nuplan/dataset/data/cache/train_pittsburgh/2021.09.03.17.02.10_veh-42_00363_00477.db,2021.09.03.17.02.10_veh-42_00363_00477.db,9105408,2022-09-23T05:50:17+00:00,True,bb9292e2ba0ac6dd0635e44292adac8a3830c7282c2f1f8cd8eb399f76931bd2,35837d38257924e6e303be4a072d3106580605475cda3a0e7a44664c7add11a5,2770,1521,0ab478307df861626521578836500355a808a2bc13db6dcccf7e32a6e6ce648c,1,2021.09.03.17.02.10_veh-42_00363_00477,us-pa-pittsburgh-hazelwood,us-pa-pittsburgh-hazelwood,True,READY,
train_pittsburgh,/Users/liuqing/Projects/01_E2E_QA_Code/nuplan/dataset/data/cache/train_pittsburgh/2021.09.03.17.02.10_veh-42_00519_01004.db,2021.09.03.17.02.10_veh-42_00519_01004.db,81154048,2022-09-23T05:50:17+00:00,True,bb9292e2ba0ac6dd0635e44292adac8a3830c7282c2f1f8cd8eb399f76931bd2,83415d36e04e071e59f95bb5798811a4d13f23985e9ed1ae3cfb875b082a7403,10477,7198,7ff96cfeb0ddf8667e0a4e138c63178753b05d4a4ce36eea46f577230a4db85e,1,2021.09.03.17.02.10_veh-42_00519_01004,us-pa-pittsburgh-hazelwood,us-pa-pittsburgh-hazelwood,True,READY,
train_pittsburgh,/Users/liuqing/Projects/01_E2E_QA_Code/nuplan/dataset/data/cache/train_pittsburgh/2021.09.03.17.02.10_veh-42_01034_01107.db,2021.09.03.17.02.10_veh-42_01034_01107.db,11001856,2022-09-23T05:50:17+00:00,True,bb9292e2ba0ac6dd0635e44292adac8a3830c7282c2f1f8cd8eb399f76931bd2,3639c847e40412e4d11ec5e31ac44256e5bdf8ecb9265e43d12c9f5a692e7c47,2083,1235,64847c91d91053552dc6286332a30faa003fe39671bcb9045c96d9bcf5a80b09,1,2021.09.03.17.02.10_veh-42_01034_01107,us-pa-pittsburgh-hazelwood,us-pa-pittsburgh-hazelwood,True,READY,
train_pittsburgh,/Users/liuqing/Projects/01_E2E_QA_Code/nuplan/dataset/data/cache/train_pittsburgh/2021.09.03.17.02.10_veh-42_01140_01339.db,2021.09.03.17.02.10_veh-42_01140_01339.db,46129152,2022-09-23T05:50:17+00:00,True,bb9292e2ba0ac6dd0635e44292adac8a3830c7282c2f1f8cd8eb399f76931bd2,caa053ba0c7a18bfd84018599f3f2f4a7fccfb4d823c756619003ebd2da5549d,3384,3160,31b5859226810e40a7e8465ae472ed8c25637e31f934423a815495e38aac047f,1,2021.09.03.17.02.10_veh-42_01140_01339,us-pa-pittsburgh-hazelwood,us-pa-pittsburgh-hazelwood,True,READY,
train_pittsburgh,/Users/liuqing/Projects/01_E2E_QA_Code/nuplan/dataset/data/cache/train_pittsburgh/2021.09.03.17.02.10_veh-42_01361_01619.db,2021.09.03.17.02.10_veh-42_01361_01619.db,53911552,2022-09-23T05:50:18+00:00,True,bb9292e2ba0ac6dd0635e44292adac8a3830c7282c2f1f8cd8eb399f76931bd2,cffe2828ebde6e78cdcd74ffab44bb9f991ae2bc370582770e9eb02d2bce30e5,6554,3818,bd0e9f72ee57c5ee938a2955bb5629db5f11965485b3bfd1180a031eccb8c6c8,1,2021.09.03.17.02.10_veh-42_01361_01619,us-pa-pittsburgh-hazelwood,us-pa-pittsburgh-hazelwood,True,READY,
train_pittsburgh,/Users/liuqing/Projects/01_E2E_QA_Code/nuplan/dataset/data/cache/train_pittsburgh/2021.09.03.17.02.10_veh-42_01642_01785.db,2021.09.03.17.02.10_veh-42_01642_01785.db,16953344,2022-09-23T05:50:18+00:00,True,bb9292e2ba0ac6dd0635e44292adac8a3830c7282c2f1f8cd8eb399f76931bd2,6f87c515416d932e72eff556128720a8af64ad2aab2c69446e98de0878b509ad,2880,1622,4f1e874514e0e0333e48f9f6a11f518ac7702b377a31560131257f5436828a9d,1,2021.09.03.17.02.10_veh-42_01642_01785,us-pa-pittsburgh-hazelwood,us-pa-pittsburgh-hazelwood,True,READY,
train_pittsburgh,/Users/liuqing/Projects/01_E2E_QA_Code/nuplan/dataset/data/cache/train_pittsburgh/2021.09.03.17.02.10_veh-42_01804_02024.db,2021.09.03.17.02.10_veh-42_01804_02024.db,14630912,2022-09-23T05:50:18+00:00,True,bb9292e2ba0ac6dd0635e44292adac8a3830c7282c2f1f8cd8eb399f76931bd2,76f32c575f9a260b34bf52a894e2856b2dddb88be85dedd927a2df21352d5165,4365,2913,e5a436e4090d59a8b4946ffdbba2f679c428bd62ca58356d5f097683a126b006,1,2021.09.03.17.02.10_veh-42_01804_02024,us-pa-pittsburgh-hazelwood,us-pa-pittsburgh-hazelwood,True,READY,
train_pittsburgh,/Users/liuqing/Projects/01_E2E_QA_Code/nuplan/dataset/data/cache/train_pittsburgh/2021.09.03.17.40.20_veh-42_00142_00931.db,2021.09.03.17.40.20_veh-42_00142_00931.db,133709824,2022-09-23T05:50:18+00:00,True,bb9292e2ba0ac6dd0635e44292adac8a3830c7282c2f1f8cd8eb399f76931bd2,9d919673535b16fd23d30b6ae80161a08001460d8a010a8f21078078d8a1deba,19073,11197,ca93ec7fd45179be7e402ccb4e4232fb5fe06fb05e336283e2bface2aba16b16,1,2021.09.03.17.40.20_veh-42_00142_00931,us-pa-pittsburgh-hazelwood,us-pa-pittsburgh-hazelwood,True,READY,
train_pittsburgh,/Users/liuqing/Projects/01_E2E_QA_Code/nuplan/dataset/data/cache/train_pittsburgh/2021.09.03.17.40.20_veh-42_00950_01784.db,2021.09.03.17.40.20_veh-42_00950_01784.db,165867520,2022-09-23T05:50:18+00:00,True,bb9292e2ba0ac6dd0635e44292adac8a3830c7282c2f1f8cd8eb399f76931bd2,ddebfcee0df1735fc9c35b2b28b20c2a84fe4abcddeeb6019d3e99ef5786e679,18579,11566,fb94b59bd271335233898a8faa0971168e88bc12ab5633b632a6b49d8c90bbbe,1,2021.09.03.17.40.20_veh-42_00950_01784,us-pa-pittsburgh-hazelwood,us-pa-pittsburgh-hazelwood,True,READY,
train_pittsburgh,/Users/liuqing/Projects/01_E2E_QA_Code/nuplan/dataset/data/cache/train_pittsburgh/2021.09.03.17.40.20_veh-42_01861_02070.db,2021.09.03.17.40.20_veh-42_01861_02070.db,14016512,2022-09-23T05:50:18+00:00,True,bb9292e2ba0ac6dd0635e44292adac8a3830c7282c2f1f8cd8eb399f76931bd2,17c15804758b3a6d6c9df462b6f7a0cbf520937ce58c514c115d6b1977e9b5d8,3892,2435,bda1b248198b895098361df2783877779ec70c4f8a14db2bcedac8fb8431b38d,1,2021.09.03.17.40.20_veh-42_01861_02070,us-pa-pittsburgh-hazelwood,us-pa-pittsburgh-hazelwood,True,READY,
train_pittsburgh,/Users/liuqing/Projects/01_E2E_QA_Code/nuplan/dataset/data/cache/train_pittsburgh/2021.09.07.13.06.36_veh-42_00065_00174.db,2021.09.07.13.06.36_veh-42_00065_00174.db,7168000,2022-09-23T05:50:21+00:00,True,bb9292e2ba0ac6dd0635e44292adac8a3830c7282c2f1f8cd8eb399f76931bd2,d828f7cc7653f921295434f90a8ae7c9934a1357bf5fd7f854aefc83cf3b5ce1,2162,1431,ff7b4a600a61488b6a034ee9b3557d88c674ac6a48bc95d67f06fe898aeb238c,1,2021.09.07.13.06.36_veh-42_00065_00174,us-pa-pittsburgh-hazelwood,us-pa-pittsburgh-hazelwood,True,READY,
train_pittsburgh,/Users/liuqing/Projects/01_E2E_QA_Code/nuplan/dataset/data/cache/train_pittsburgh/2021.09.07.13.06.36_veh-42_00266_00935.db,2021.09.07.13.06.36_veh-42_00266_00935.db,77627392,2022-09-23T05:50:21+00:00,True,bb9292e2ba0ac6dd0635e44292adac8a3830c7282c2f1f8cd8eb399f76931bd2,ab53385de8b29c305e030d84b5212d4af94f1f9a549d65f003d2e21ca60febce,15695,9149,9ab78c774132e4caba4e02e46f75c06d684b9975d66d265868626b01b27003bf,1,2021.09.07.13.06.36_veh-42_00266_00935,us-pa-pittsburgh-hazelwood,us-pa-pittsburgh-hazelwood,True,READY,
train_pittsburgh,/Users/liuqing/Projects/01_E2E_QA_Code/nuplan/dataset/data/cache/train_pittsburgh/2021.09.07.13.06.36_veh-42_00954_01243.db,2021.09.07.13.06.36_veh-42_00954_01243.db,43053056,2022-09-23T05:50:21+00:00,True,bb9292e2ba0ac6dd0635e44292adac8a3830c7282c2f1f8cd8eb399f76931bd2,e13d6383781007b144d6a15cda2bf74c6aa6613c476d3e7e3da28d9ab71f893a,5878,3270,aee630f332ed044a1b9e2c65b1341d02be6221c2a2c0a193939b6695c9c92abc,1,2021.09.07.13.06.36_veh-42_00954_01243,us-pa-pittsburgh-hazelwood,us-pa-pittsburgh-hazelwood,True,READY,
train_pittsburgh,/Users/liuqing/Projects/01_E2E_QA_Code/nuplan/dataset/data/cache/train_pittsburgh/2021.09.07.13.06.36_veh-42_01306_01697.db,2021.09.07.13.06.36_veh-42_01306_01697.db,50589696,2022-09-23T05:50:21+00:00,True,bb9292e2ba0ac6dd0635e44292adac8a3830c7282c2f1f8cd8eb399f76931bd2,b0e38888f6a636eda868cd33e49fc9e8e1ebd5daf429570bba604d0b14942bbb,9979,5270,d3e44063a877f1f403b8d06a1f7c99e657ef18f817a751c3112acd8dd6d21126,1,2021.09.07.13.06.36_veh-42_01306_01697,us-pa-pittsburgh-hazelwood,us-pa-pittsburgh-hazelwood,True,READY,
train_pittsburgh,/Users/liuqing/Projects/01_E2E_QA_Code/nuplan/dataset/data/cache/train_pittsburgh/2021.09.07.13.06.36_veh-42_01795_01987.db,2021.09.07.13.06.36_veh-42_01795_01987.db,14135296,2022-09-23T05:50:21+00:00,True,bb9292e2ba0ac6dd0635e44292adac8a3830c7282c2f1f8cd8eb399f76931bd2,545253457ab87821559f51d74a703c2c7918721ca3c4ba6dc3fad80b74952696,1922,1257,6f468fae2e7f6e0f9edf4d050fd59c6be3914883443f377afcb63cd5d3db63a7,1,2021.09.07.13.06.36_veh-42_01795_01987,us-pa-pittsburgh-hazelwood,us-pa-pittsburgh-hazelwood,True,READY,
train_pittsburgh,/Users/liuqing/Projects/01_E2E_QA_Code/nuplan/dataset/data/cache/train_pittsburgh/2021.09.09.13.32.12_veh-43_00026_00133.db,2021.09.09.13.32.12_veh-43_00026_00133.db,7974912,2022-09-23T05:50:26+00:00,True,bb9292e2ba0ac6dd0635e44292adac8a3830c7282c2f1f8cd8eb399f76931bd2,01abb2712ed715927ca1ca3f2724803a1964a8e50777c9c390a9f8f5f4b88eff,2307,1652,7a47dcf7f88ef28f9e40bf112d267686b543ec8d590bafb28c8d3e26512bd48e,1,2021.09.09.13.32.12_veh-43_00026_00133,us-pa-pittsburgh-hazelwood,us-pa-pittsburgh-hazelwood,True,READY,
train_pittsburgh,/Users/liuqing/Projects/01_E2E_QA_Code/nuplan/dataset/data/cache/train_pittsburgh/2021.09.09.13.32.12_veh-43_00175_00627.db,2021.09.09.13.32.12_veh-43_00175_00627.db,60645376,2022-09-23T05:50:26+00:00,True,bb9292e2ba0ac6dd0635e44292adac8a3830c7282c2f1f8cd8eb399f76931bd2,f9468a36e8b268b0ac97239b874fcb9fb2b57878edb83c17a7c29dba1dc6ac63,10256,5581,68a0d4a82753cf734e1811dcbe07d24ec46220dd01bf11b605f91c8e903c3909,1,2021.09.09.13.32.12_veh-43_00175_00627,us-pa-pittsburgh-hazelwood,us-pa-pittsburgh-hazelwood,True,READY,
train_pittsburgh,/Users/liuqing/Projects/01_E2E_QA_Code/nuplan/dataset/data/cache/train_pittsburgh/2021.09.09.13.32.12_veh-43_00646_01672.db,2021.09.09.13.32.12_veh-43_00646_01672.db,159289344,2022-09-23T05:50:26+00:00,True,bb9292e2ba0ac6dd0635e44292adac8a3830c7282c2f1f8cd8eb399f76931bd2,4e3a784614ab0568d9e88dd36d6ad1a6b311ca329710bf83da5dd9c5749f0c83,24034,13039,d0fa91f8dc2f91eb1fbf366bf39b59f2dc1646481e8647dabba1e0784f09d0fd,1,2021.09.09.13.32.12_veh-43_00646_01672,us-pa-pittsburgh-hazelwood,us-pa-pittsburgh-hazelwood,True,READY,
train_pittsburgh,/Users/liuqing/Projects/01_E2E_QA_Code/nuplan/dataset/data/cache/train_pittsburgh/2021.09.09.13.32.12_veh-43_01691_02260.db,2021.09.09.13.32.12_veh-43_01691_02260.db,92106752,2022-09-23T05:50:26+00:00,True,bb9292e2ba0ac6dd0635e44292adac8a3830c7282c2f1f8cd8eb399f76931bd2,99a5800832a80334077b6dbf861ee7e3c7bce86d53ca8a1d0eb6fa3c8752bce4,13362,6815,555c2d5ddca93703653dda56122e8cd2fee3407a0adb0f1c7dedc45a87846f7f,1,2021.09.09.13.32.12_veh-43_01691_02260,us-pa-pittsburgh-hazelwood,us-pa-pittsburgh-hazelwood,True,READY,
train_pittsburgh,/Users/liuqing/Projects/01_E2E_QA_Code/nuplan/dataset/data/cache/train_pittsburgh/2021.09.09.13.32.12_veh-43_02295_02890.db,2021.09.09.13.32.12_veh-43_02295_02890.db,90198016,2022-09-23T05:50:26+00:00,True,bb9292e2ba0ac6dd0635e44292adac8a3830c7282c2f1f8cd8eb399f76931bd2,2b1043b2d0b5f178976b4ff4631eee2862245c810e217ba23f847cc1f2ab7e35,14522,8989,92a075fb0c9c27d4830694905ebcb95e24952cc59f07852e88590b228acbe728,1,2021.09.09.13.32.12_veh-43_02295_02890,us-pa-pittsburgh-hazelwood,us-pa-pittsburgh-hazelwood,True,READY,
train_pittsburgh,/Users/liuqing/Projects/01_E2E_QA_Code/nuplan/dataset/data/cache/train_pittsburgh/2021.09.09.13.32.12_veh-43_03035_03113.db,2021.09.09.13.32.12_veh-43_03035_03113.db,5869568,2022-09-23T05:50:26+00:00,True,bb9292e2ba0ac6dd0635e44292adac8a3830c7282c2f1f8cd8eb399f76931bd2,148b0b4ce1759c7b6d0a796d142735da0bb84d0df971e454a7f06857bdf1e096,1592,1152,ed51eb3636a2b7cda05803cedceeb92c7b5c6007713913d2755c58c6d8a8d308,1,2021.09.09.13.32.12_veh-43_03035_03113,us-pa-pittsburgh-hazelwood,us-pa-pittsburgh-hazelwood,True,READY,
train_pittsburgh,/Users/liuqing/Projects/01_E2E_QA_Code/nuplan/dataset/data/cache/train_pittsburgh/2021.09.09.13.32.12_veh-43_03257_03345.db,2021.09.09.13.32.12_veh-43_03257_03345.db,7917568,2022-09-23T05:50:26+00:00,True,bb9292e2ba0ac6dd0635e44292adac8a3830c7282c2f1f8cd8eb399f76931bd2,fd6bf304da0ad91f386ab2693662b8ad770fd7213b7215486eb0a2d9f31ea843,1005,624,add06313b604b9d2231613bdef3bc8fea098aed01d0af16a4a52084989e2accd,1,2021.09.09.13.32.12_veh-43_03257_03345,us-pa-pittsburgh-hazelwood,us-pa-pittsburgh-hazelwood,True,READY,
train_pittsburgh,/Users/liuqing/Projects/01_E2E_QA_Code/nuplan/dataset/data/cache/train_pittsburgh/2021.09.09.14.34.34_veh-43_00093_00870.db,2021.09.09.14.34.34_veh-43_00093_00870.db,99356672,2022-09-23T05:50:26+00:00,True,bb9292e2ba0ac6dd0635e44292adac8a3830c7282c2f1f8cd8eb399f76931bd2,6cfa5a7fbcfe4ba4e17c93ff0e64691125068d65b2c410e17820fd7a44810db0,19444,11328,27a6eff5e4bac387fe8f2ec8b6eb7f86d2ea52f729951a1dc368a850bc4fe412,1,2021.09.09.14.34.34_veh-43_00093_00870,us-pa-pittsburgh-hazelwood,us-pa-pittsburgh-hazelwood,True,READY,
train_pittsburgh,/Users/liuqing/Projects/01_E2E_QA_Code/nuplan/dataset/data/cache/train_pittsburgh/2021.09.09.14.34.34_veh-43_00889_01053.db,2021.09.09.14.34.34_veh-43_00889_01053.db,20033536,2022-09-23T05:50:26+00:00,True,bb9292e2ba0ac6dd0635e44292adac8a3830c7282c2f1f8cd8eb399f76931bd2,c42547f4dde83b504d0852d5e18590d92af560952cb9308353a5335beb2bec29,2772,2219,952b01107e74b4d623eb3fde8c317a17fedada2a2daa53ddca7450ef6069e88d,1,2021.09.09.14.34.34_veh-43_00889_01053,us-pa-pittsburgh-hazelwood,us-pa-pittsburgh-hazelwood,True,READY,
train_pittsburgh,/Users/liuqing/Projects/01_E2E_QA_Code/nuplan/dataset/data/cache/train_pittsburgh/2021.09.09.14.34.34_veh-43_01138_01736.db,2021.09.09.14.34.34_veh-43_01138_01736.db,102699008,2022-09-23T05:50:26+00:00,True,bb9292e2ba0ac6dd0635e44292adac8a3830c7282c2f1f8cd8eb399f76931bd2,21fa3d829771eada68b2ad47a07da7ecf0e96f35791558c9f7d94cc29284690a,13897,7904,7b07bc668845513aa0541b778dc42d3f682aec5bf5101b4e60aa5213084ff8a8,1,2021.09.09.14.34.34_veh-43_01138_01736,us-pa-pittsburgh-hazelwood,us-pa-pittsburgh-hazelwood,True,READY,
train_pittsburgh,/Users/liuqing/Projects/01_E2E_QA_Code/nuplan/dataset/data/cache/train_pittsburgh/2021.09.09.14.34.34_veh-43_01759_02430.db,2021.09.09.14.34.34_veh-43_01759_02430.db,132722688,2022-09-23T05:50:26+00:00,True,bb9292e2ba0ac6dd0635e44292adac8a3830c7282c2f1f8cd8eb399f76931bd2,6bb373f5a004681200ec99f677cc9a7123ae0ff3c0bb714c391dfb998a6b5d5d,16892,8823,b862daec1135f6e2005f55016d05cd5b0c7895895860ce5ceafb05805ece0daf,1,2021.09.09.14.34.34_veh-43_01759_02430,us-pa-pittsburgh-hazelwood,us-pa-pittsburgh-hazelwood,True,READY,
train_pittsburgh,/Users/liuqing/Projects/01_E2E_QA_Code/nuplan/dataset/data/cache/train_pittsburgh/2021.09.09.14.34.34_veh-43_02453_02796.db,2021.09.09.14.34.34_veh-43_02453_02796.db,51679232,2022-09-23T05:50:26+00:00,True,bb9292e2ba0ac6dd0635e44292adac8a3830c7282c2f1f8cd8eb399f76931bd2,fdceb2cc2bcc2c174d46999d596affcb8598d5cf318ef1b8c94717aa17a3dae0,8112,4322,298e48a4792f5f54be930cb2a7a2138808a80459fc1c0ab74e4097c0676e8a4a,1,2021.09.09.14.34.34_veh-43_02453_02796,us-pa-pittsburgh-hazelwood,us-pa-pittsburgh-hazelwood,True,READY,
train_pittsburgh,/Users/liuqing/Projects/01_E2E_QA_Code/nuplan/dataset/data/cache/train_pittsburgh/2021.09.09.16.51.32_veh-42_00028_00124.db,2021.09.09.16.51.32_veh-42_00028_00124.db,7585792,2022-09-23T05:50:26+00:00,True,bb9292e2ba0ac6dd0635e44292adac8a3830c7282c2f1f8cd8eb399f76931bd2,ce4c398c002ab46db5bcbeead123c54d9781a1384e1456a33fa925495bcf0121,2380,1614,95832eb6b12adb7cfa95ef6e477757da3cf65a4d075ca23fb0689285b33ba52c,1,2021.09.09.16.51.32_veh-42_00028_00124,us-pa-pittsburgh-hazelwood,us-pa-pittsburgh-hazelwood,True,READY,
train_pittsburgh,/Users/liuqing/Projects/01_E2E_QA_Code/nuplan/dataset/data/cache/train_pittsburgh/2021.09.09.16.51.32_veh-42_00161_00562.db,2021.09.09.16.51.32_veh-42_00161_00562.db,44572672,2022-09-23T05:50:26+00:00,True,bb9292e2ba0ac6dd0635e44292adac8a3830c7282c2f1f8cd8eb399f76931bd2,7aeaf1b6d6793f5d34b17d44a65ecd361204b02c1960bcf5b07cdfc8cdab6670,8927,4890,7454c06257dabddbf943859285778b9fb95cabb78935df4f38aa08f6ce15664f,1,2021.09.09.16.51.32_veh-42_00161_00562,us-pa-pittsburgh-hazelwood,us-pa-pittsburgh-hazelwood,True,READY,
train_pittsburgh,/Users/liuqing/Projects/01_E2E_QA_Code/nuplan/dataset/data/cache/train_pittsburgh/2021.09.09.16.51.32_veh-42_00959_01037.db,2021.09.09.16.51.32_veh-42_00959_01037.db,6209536,2022-09-23T05:50:26+00:00,True,bb9292e2ba0ac6dd0635e44292adac8a3830c7282c2f1f8cd8eb399f76931bd2,d8c103a3b998db78b45f6a5394d769450730bb64d5e4080875e9b66bc51607e4,1829,943,9603e7e3df6e0231631e845af5637b477d2b47ebcfdfcb28c9b3fbdd7f1a382a,1,2021.09.09.16.51.32_veh-42_00959_01037,us-pa-pittsburgh-hazelwood,us-pa-pittsburgh-hazelwood,True,READY,
train_pittsburgh,/Users/liuqing/Projects/01_E2E_QA_Code/nuplan/dataset/data/cache/train_pittsburgh/2021.09.09.16.51.32_veh-42_01098_01163.db,2021.09.09.16.51.32_veh-42_01098_01163.db,4349952,2022-09-23T05:50:26+00:00,True,bb9292e2ba0ac6dd0635e44292adac8a3830c7282c2f1f8cd8eb399f76931bd2,06492954fa77f997c38311db42bcc62274b80cecb58469914f8d7c4174514f79,1293,735,55444f38e347a835098e55bd85f0da91bffdd7588575c1dbc52048f1cbe82808,1,2021.09.09.16.51.32_veh-42_01098_01163,us-pa-pittsburgh-hazelwood,us-pa-pittsburgh-hazelwood,True,READY,
train_pittsburgh,/Users/liuqing/Projects/01_E2E_QA_Code/nuplan/dataset/data/cache/train_pittsburgh/2021.09.09.16.51.32_veh-42_01586_01647.db,2021.09.09.16.51.32_veh-42_01586_01647.db,5750784,2022-09-23T05:50:26+00:00,True,bb9292e2ba0ac6dd0635e44292adac8a3830c7282c2f1f8cd8eb399f76931bd2,e4ef715c03439418c3333445b8bf2857705b633c40acce26dfecfc3c5ba1337a,929,595,cb59017f6804207d7ea23c35aaddc1708e7bc502d9daa3462d596760724c0dc7,1,2021.09.09.16.51.32_veh-42_01586_01647,us-pa-pittsburgh-hazelwood,us-pa-pittsburgh-hazelwood,True,READY,
train_pittsburgh,/Users/liuqing/Projects/01_E2E_QA_Code/nuplan/dataset/data/cache/train_pittsburgh/2021.09.09.17.29.55_veh-42_00016_00151.db,2021.09.09.17.29.55_veh-42_00016_00151.db,10641408,2022-09-23T05:50:27+00:00,True,bb9292e2ba0ac6dd0635e44292adac8a3830c7282c2f1f8cd8eb399f76931bd2,0ea59e902394cc07d5c9a9aa7a109ad5ea129c94d4458868e7e4a4478fd5951d,3308,2027,c630d0e9d30633d80e5dac9fa0a00a692ed60c6241db67a0e1e53276e5b14935,1,2021.09.09.17.29.55_veh-42_00016_00151,us-pa-pittsburgh-hazelwood,us-pa-pittsburgh-hazelwood,True,READY,
train_pittsburgh,/Users/liuqing/Projects/01_E2E_QA_Code/nuplan/dataset/data/cache/train_pittsburgh/2021.09.09.17.29.55_veh-42_00187_00531.db,2021.09.09.17.29.55_veh-42_00187_00531.db,30724096,2022-09-23T05:50:26+00:00,True,bb9292e2ba0ac6dd0635e44292adac8a3830c7282c2f1f8cd8eb399f76931bd2,38dfa92b1e4a0957841e197e4050f05e9d7903990c23282705a21e95c50217d8,7850,4707,ca21cfa52d67ca7e373bae45771ca772f1f7f22d54f98e013c95bf5af17aa48f,1,2021.09.09.17.29.55_veh-42_00187_00531,us-pa-pittsburgh-hazelwood,us-pa-pittsburgh-hazelwood,True,READY,
train_pittsburgh,/Users/liuqing/Projects/01_E2E_QA_Code/nuplan/dataset/data/cache/train_pittsburgh/2021.09.09.17.29.55_veh-42_00553_00824.db,2021.09.09.17.29.55_veh-42_00553_00824.db,56983552,2022-09-23T05:50:27+00:00,True,bb9292e2ba0ac6dd0635e44292adac8a3830c7282c2f1f8cd8eb399f76931bd2,6d0e8c1747024c1f9aca3d348383ea6bfed17425adf6ab8259ee40687b6c6023,6179,3830,b4411d482ea01897ec1c159e5b291b4c8cc391eba6e1b72e8858e00860a787ea,1,2021.09.09.17.29.55_veh-42_00553_00824,us-pa-pittsburgh-hazelwood,us-pa-pittsburgh-hazelwood,True,READY,
train_pittsburgh,/Users/liuqing/Projects/01_E2E_QA_Code/nuplan/dataset/data/cache/train_pittsburgh/2021.09.09.17.29.55_veh-42_00858_01275.db,2021.09.09.17.29.55_veh-42_00858_01275.db,66150400,2022-09-23T05:50:27+00:00,True,bb9292e2ba0ac6dd0635e44292adac8a3830c7282c2f1f8cd8eb399f76931bd2,f5390bfede70dd8a43acaa1c399cf6891f826c825865a8171e268716a37b2569,9092,5721,8b26c21682972e0b204b225fce18fcd98b50f2eff6111cf204be8e77b37a86b2,1,2021.09.09.17.29.55_veh-42_00858_01275,us-pa-pittsburgh-hazelwood,us-pa-pittsburgh-hazelwood,True,READY,
train_pittsburgh,/Users/liuqing/Projects/01_E2E_QA_Code/nuplan/dataset/data/cache/train_pittsburgh/2021.09.09.17.29.55_veh-42_01531_01608.db,2021.09.09.17.29.55_veh-42_01531_01608.db,5890048,2022-09-23T05:50:26+00:00,True,bb9292e2ba0ac6dd0635e44292adac8a3830c7282c2f1f8cd8eb399f76931bd2,1098cb2f0f1ebfddf142d5897349c3a2d430ba6403c2fb0fc3a979a81e71819a,1728,1161,f10d26fd4c2125c14d3df9f9ca4fc7c4a2392a516c49ddb2b4ee7b9c89cf5cc0,1,2021.09.09.17.29.55_veh-42_01531_01608,us-pa-pittsburgh-hazelwood,us-pa-pittsburgh-hazelwood,True,READY,
train_pittsburgh,/Users/liuqing/Projects/01_E2E_QA_Code/nuplan/dataset/data/cache/train_pittsburgh/2021.09.09.17.29.55_veh-42_01635_01776.db,2021.09.09.17.29.55_veh-42_01635_01776.db,12632064,2022-09-23T05:50:27+00:00,True,bb9292e2ba0ac6dd0635e44292adac8a3830c7282c2f1f8cd8eb399f76931bd2,23d781ac43648220bb28dafe7289e4f93f400a3d537e7e9f372672764b1cc231,2371,1434,284ef3a27a878b184c7d338cd262b08d36edcc45ff2fe0f047359efcfca1432d,1,2021.09.09.17.29.55_veh-42_01635_01776,us-pa-pittsburgh-hazelwood,us-pa-pittsburgh-hazelwood,True,READY,
train_pittsburgh,/Users/liuqing/Projects/01_E2E_QA_Code/nuplan/dataset/data/cache/train_pittsburgh/2021.09.09.18.12.06_veh-42_00036_00389.db,2021.09.09.18.12.06_veh-42_00036_00389.db,29925376,2022-09-23T05:50:27+00:00,True,bb9292e2ba0ac6dd0635e44292adac8a3830c7282c2f1f8cd8eb399f76931bd2,cd579e41c8cd1c4aa575a0b5c7f0774f340707a265c05c57bd41a1bd413e6f8d,7834,5003,2c1a543a5134b3946766bfea0409f166ed37f1c2027466dc58d701db7b6aa0bc,1,2021.09.09.18.12.06_veh-42_00036_00389,us-pa-pittsburgh-hazelwood,us-pa-pittsburgh-hazelwood,True,READY,
train_pittsburgh,/Users/liuqing/Projects/01_E2E_QA_Code/nuplan/dataset/data/cache/train_pittsburgh/2021.09.09.18.12.06_veh-42_00446_01239.db,2021.09.09.18.12.06_veh-42_00446_01239.db,148078592,2022-09-23T05:50:27+00:00,True,bb9292e2ba0ac6dd0635e44292adac8a3830c7282c2f1f8cd8eb399f76931bd2,a34ed0444fc5b04728b86ef51487e731fdadf8ab507e159d65352265f3bfbab7,18058,10654,c8c63d325494e306a60dd7d1e5b1f5a697a81799fd61536addcfb3b6432b282e,1,2021.09.09.18.12.06_veh-42_00446_01239,us-pa-pittsburgh-hazelwood,us-pa-pittsburgh-hazelwood,True,READY,
train_pittsburgh,/Users/liuqing/Projects/01_E2E_QA_Code/nuplan/dataset/data/cache/train_pittsburgh/2021.09.09.18.12.06_veh-42_01268_01696.db,2021.09.09.18.12.06_veh-42_01268_01696.db,61489152,2022-09-23T05:50:27+00:00,True,bb9292e2ba0ac6dd0635e44292adac8a3830c7282c2f1f8cd8eb399f76931bd2,74beb5c58c003cbcd624405fc6c9e64e5ca4783ea654e611b53477d10b282cc0,8005,4650,5b6b38de50d14b5918de228a8ba97dd98b8580249e02523fcb72b6505c3d8146,1,2021.09.09.18.12.06_veh-42_01268_01696,us-pa-pittsburgh-hazelwood,us-pa-pittsburgh-hazelwood,True,READY,
train_pittsburgh,/Users/liuqing/Projects/01_E2E_QA_Code/nuplan/dataset/data/cache/train_pittsburgh/2021.09.09.18.47.17_veh-45_00027_00129.db,2021.09.09.18.47.17_veh-45_00027_00129.db,7614464,2022-09-23T05:50:27+00:00,True,bb9292e2ba0ac6dd0635e44292adac8a3830c7282c2f1f8cd8eb399f76931bd2,2768eb3aab34eac2c29267a718952e253cf8bd15736306249a58bd2f4f50d31d,2360,1591,47cda36484700d1496d42ffabf4b70ac848b29e145be65f28c45eaaa403f314f,1,2021.09.09.18.47.17_veh-45_00027_00129,us-pa-pittsburgh-hazelwood,us-pa-pittsburgh-hazelwood,True,READY,
train_pittsburgh,/Users/liuqing/Projects/01_E2E_QA_Code/nuplan/dataset/data/cache/train_pittsburgh/2021.09.09.18.47.17_veh-45_00144_00620.db,2021.09.09.18.47.17_veh-45_00144_00620.db,55877632,2022-09-23T05:50:27+00:00,True,bb9292e2ba0ac6dd0635e44292adac8a3830c7282c2f1f8cd8eb399f76931bd2,76a0fed8553481b905aaaec780887d691db7aea53ebd054dd8884c193a30c424,11248,6296,2d6bd4f87b6ba7b17b0b8ecbc073a3f62d69cbb506bc709fa46a66bf657b79da,1,2021.09.09.18.47.17_veh-45_00144_00620,us-pa-pittsburgh-hazelwood,us-pa-pittsburgh-hazelwood,True,READY,
train_pittsburgh,/Users/liuqing/Projects/01_E2E_QA_Code/nuplan/dataset/data/cache/train_pittsburgh/2021.09.09.18.47.17_veh-45_00653_00715.db,2021.09.09.18.47.17_veh-45_00653_00715.db,7057408,2022-09-23T05:50:27+00:00,True,bb9292e2ba0ac6dd0635e44292adac8a3830c7282c2f1f8cd8eb399f76931bd2,6964a0682964293cd8c2e98512dee2427c2047f3e3ba8d2638866fa57fb7fbb5,1008,643,052cb6a35fe4dd783f68c9e20ee7cc4c2f6c12327c8db4ebe9982a1c3009accd,1,2021.09.09.18.47.17_veh-45_00653_00715,us-pa-pittsburgh-hazelwood,us-pa-pittsburgh-hazelwood,True,READY,
train_pittsburgh,/Users/liuqing/Projects/01_E2E_QA_Code/nuplan/dataset/data/cache/train_pittsburgh/2021.09.09.18.47.17_veh-45_00740_01166.db,2021.09.09.18.47.17_veh-45_00740_01166.db,83087360,2022-09-23T05:50:27+00:00,True,bb9292e2ba0ac6dd0635e44292adac8a3830c7282c2f1f8cd8eb399f76931bd2,e4b700169f290f42193951e695357296045a503e12fd402392da1bbb4d69edca,8416,5208,57af86241ebf4331e80c92a9c2e4d3246de1539f75c7d0b47125c3a2854043af,1,2021.09.09.18.47.17_veh-45_00740_01166,us-pa-pittsburgh-hazelwood,us-pa-pittsburgh-hazelwood,True,READY,
train_pittsburgh,/Users/liuqing/Projects/01_E2E_QA_Code/nuplan/dataset/data/cache/train_pittsburgh/2021.09.09.18.47.17_veh-45_01201_01645.db,2021.09.09.18.47.17_veh-45_01201_01645.db,59203584,2022-09-23T05:50:27+00:00,True,bb9292e2ba0ac6dd0635e44292adac8a3830c7282c2f1f8cd8eb399f76931bd2,6fd66b0a09a0d599361abede85f25aef1c2e0ffa9650a365bacd38bdb5e0b75a,10725,6250,bbcaebba82452c69fed3766a03e79565bde11fb0e30d4a9d88581c1320bb261f,1,2021.09.09.18.47.17_veh-45_01201_01645,us-pa-pittsburgh-hazelwood,us-pa-pittsburgh-hazelwood,True,READY,
train_pittsburgh,/Users/liuqing/Projects/01_E2E_QA_Code/nuplan/dataset/data/cache/train_pittsburgh/2021.09.09.18.47.17_veh-45_01748_01928.db,2021.09.09.18.47.17_veh-45_01748_01928.db,36888576,2022-09-23T05:50:27+00:00,True,bb9292e2ba0ac6dd0635e44292adac8a3830c7282c2f1f8cd8eb399f76931bd2,ff038af834568b8e9939bec648d0c62448835c7da66546ea271509299d35e9f5,5202,2395,e130ec548c3747eaf99ed73476e4f2e9bc6f544e71d3c6d9284336550480377d,1,2021.09.09.18.47.17_veh-45_01748_01928,us-pa-pittsburgh-hazelwood,us-pa-pittsburgh-hazelwood,True,READY,
train_pittsburgh,/Users/liuqing/Projects/01_E2E_QA_Code/nuplan/dataset/data/cache/train_pittsburgh/2021.09.09.18.47.17_veh-45_02016_02078.db,2021.09.09.18.47.17_veh-45_02016_02078.db,7020544,2022-09-23T05:50:27+00:00,True,bb9292e2ba0ac6dd0635e44292adac8a3830c7282c2f1f8cd8eb399f76931bd2,be24161558fa93d3ad1e36bc44cb83dd86e469ef9ff5b92096f5baa615b4ed4e,958,634,a1ba1b58064f2161d2cb9186e9064c7407a3f82795db5f50b2dce1b5adc2118b,1,2021.09.09.18.47.17_veh-45_02016_02078,us-pa-pittsburgh-hazelwood,us-pa-pittsburgh-hazelwood,True,READY,
train_pittsburgh,/Users/liuqing/Projects/01_E2E_QA_Code/nuplan/dataset/data/cache/train_pittsburgh/2021.09.09.18.47.17_veh-45_02115_02605.db,2021.09.09.18.47.17_veh-45_02115_02605.db,67977216,2022-09-23T05:50:27+00:00,True,bb9292e2ba0ac6dd0635e44292adac8a3830c7282c2f1f8cd8eb399f76931bd2,b57b0988100a1686986461926440564a3018f9ed4ee36c41e2de2b2eb114789d,10891,6733,de3ac8f771849b6aa5fbe124f4401d387d860641814f13d52ff0d51ef4381f7f,1,2021.09.09.18.47.17_veh-45_02115_02605,us-pa-pittsburgh-hazelwood,us-pa-pittsburgh-hazelwood,True,READY,
train_pittsburgh,/Users/liuqing/Projects/01_E2E_QA_Code/nuplan/dataset/data/cache/train_pittsburgh/2021.09.09.18.47.17_veh-45_02725_02871.db,2021.09.09.18.47.17_veh-45_02725_02871.db,10698752,2022-09-23T05:50:27+00:00,True,bb9292e2ba0ac6dd0635e44292adac8a3830c7282c2f1f8cd8eb399f76931bd2,b85b792b63b33673825ccdaaf76c0e4e581fd92d132cdf533594ed2de7da7e4c,3319,2422,2a06b054947de0aaaed727b659fb7d6e3a6b7b14bd0d5acc92f63f2a61459ac2,1,2021.09.09.18.47.17_veh-45_02725_02871,us-pa-pittsburgh-hazelwood,us-pa-pittsburgh-hazelwood,True,READY,
train_pittsburgh,/Users/liuqing/Projects/01_E2E_QA_Code/nuplan/dataset/data/cache/train_pittsburgh/2021.09.09.18.47.17_veh-45_02938_03061.db,2021.09.09.18.47.17_veh-45_02938_03061.db,10149888,2022-09-23T05:50:27+00:00,True,bb9292e2ba0ac6dd0635e44292adac8a3830c7282c2f1f8cd8eb399f76931bd2,d4903be2cfa81569008c587b848d51809840027a1aed968c06c7e76f5b18eb31,2494,1639,dfa7dc04bf1c405f94795ae3c1ebd96285ac1d97ae717021b60a8459efb86969,1,2021.09.09.18.47.17_veh-45_02938_03061,us-pa-pittsburgh-hazelwood,us-pa-pittsburgh-hazelwood,True,READY,
train_pittsburgh,/Users/liuqing/Projects/01_E2E_QA_Code/nuplan/dataset/data/cache/train_pittsburgh/2021.09.09.18.47.17_veh-45_03147_03223.db,2021.09.09.18.47.17_veh-45_03147_03223.db,5505024,2022-09-23T05:50:27+00:00,True,bb9292e2ba0ac6dd0635e44292adac8a3830c7282c2f1f8cd8eb399f76931bd2,537a876aa22a62c2388ee5d29d647bda6a769d71150d4979d67eb744ffd61184,1748,1387,83b07f9b1c202ab48bd303b2b1c697b7d8c226884ccf741d44312a3cc097cc52,1,2021.09.09.18.47.17_veh-45_03147_03223,us-pa-pittsburgh-hazelwood,us-pa-pittsburgh-hazelwood,True,READY,
train_pittsburgh,/Users/liuqing/Projects/01_E2E_QA_Code/nuplan/dataset/data/cache/train_pittsburgh/2021.09.09.18.47.17_veh-45_03246_03438.db,2021.09.09.18.47.17_veh-45_03246_03438.db,23048192,2022-09-23T05:50:27+00:00,True,bb9292e2ba0ac6dd0635e44292adac8a3830c7282c2f1f8cd8eb399f76931bd2,3f2fba68ff4b9d3d4100d308e57a7a309f69a381d4b69204c676c9211c4faf31,6466,2591,3b784e296c41580ce3e061f2364233cb599dcc2db3c8d67346bf73dbaf715e5a,1,2021.09.09.18.47.17_veh-45_03246_03438,us-pa-pittsburgh-hazelwood,us-pa-pittsburgh-hazelwood,True,READY,
train_pittsburgh,/Users/liuqing/Projects/01_E2E_QA_Code/nuplan/dataset/data/cache/train_pittsburgh/2021.09.09.19.17.35_veh-42_00016_00998.db,2021.09.09.19.17.35_veh-42_00016_00998.db,137519104,2022-09-23T05:50:27+00:00,True,bb9292e2ba0ac6dd0635e44292adac8a3830c7282c2f1f8cd8eb399f76931bd2,044c46bbfd69aee55ff2c82b538b0b3ec8877ae9cf851d726c2fbdc3fac6ecf7,23329,13555,f8f5dfce56b19595ef091f4392657db28101dcd92cab4aa82f534b045dd47cef,1,2021.09.09.19.17.35_veh-42_00016_00998,us-pa-pittsburgh-hazelwood,us-pa-pittsburgh-hazelwood,True,READY,
train_pittsburgh,/Users/liuqing/Projects/01_E2E_QA_Code/nuplan/dataset/data/cache/train_pittsburgh/2021.09.09.19.17.35_veh-42_01051_01399.db,2021.09.09.19.17.35_veh-42_01051_01399.db,44982272,2022-09-23T05:50:27+00:00,True,bb9292e2ba0ac6dd0635e44292adac8a3830c7282c2f1f8cd8eb399f76931bd2,170ca1ef4caeac2cbf2b51d285fb038f5d6d9bcaae45b09c5cc7e005ef920940,6867,4049,1652f5ab4587389de04559ad1d72f452fbd2083ff1acdbd989e185fd35015def,1,2021.09.09.19.17.35_veh-42_01051_01399,us-pa-pittsburgh-hazelwood,us-pa-pittsburgh-hazelwood,True,READY,
train_pittsburgh,/Users/liuqing/Projects/01_E2E_QA_Code/nuplan/dataset/data/cache/train_pittsburgh/2021.09.09.19.17.35_veh-42_01464_01542.db,2021.09.09.19.17.35_veh-42_01464_01542.db,7118848,2022-09-23T05:50:27+00:00,True,bb9292e2ba0ac6dd0635e44292adac8a3830c7282c2f1f8cd8eb399f76931bd2,3c111ca0901b6bdaba7dc9821e3fd055e35dd4f880165b772f072ffab27a337b,1719,804,9709bdb91a61cec3471ccab45db097072afe8ba2511745d997a270f684908f95,1,2021.09.09.19.17.35_veh-42_01464_01542,us-pa-pittsburgh-hazelwood,us-pa-pittsburgh-hazelwood,True,READY,
train_pittsburgh,/Users/liuqing/Projects/01_E2E_QA_Code/nuplan/dataset/data/cache/train_pittsburgh/2021.09.09.19.47.56_veh-45_00016_00398.db,2021.09.09.19.47.56_veh-45_00016_00398.db,65273856,2022-09-23T05:50:27+00:00,True,bb9292e2ba0ac6dd0635e44292adac8a3830c7282c2f1f8cd8eb399f76931bd2,36a58b9a1b931f498848a29ac0c680203bb9095e15c58275ec4fc440ee14cb92,8001,4925,25f70d169401e947062e43ec21dd1da6785a2e5366c55f34a26c2eab43357676,1,2021.09.09.19.47.56_veh-45_00016_00398,us-pa-pittsburgh-hazelwood,us-pa-pittsburgh-hazelwood,True,READY,
train_pittsburgh,/Users/liuqing/Projects/01_E2E_QA_Code/nuplan/dataset/data/cache/train_pittsburgh/2021.09.09.19.47.56_veh-45_00434_01049.db,2021.09.09.19.47.56_veh-45_00434_01049.db,92438528,2022-09-23T05:50:27+00:00,True,bb9292e2ba0ac6dd0635e44292adac8a3830c7282c2f1f8cd8eb399f76931bd2,db47cfb914182d2dcb8fafa818f57d8f970f70dc16bc1b8aa909403f207057c2,14242,8502,7d8d5de5e79d2db256febf0569396a7707c4883c755627ef50ec8a98c6c54d16,1,2021.09.09.19.47.56_veh-45_00434_01049,us-pa-pittsburgh-hazelwood,us-pa-pittsburgh-hazelwood,True,READY,
train_pittsburgh,/Users/liuqing/Projects/01_E2E_QA_Code/nuplan/dataset/data/cache/train_pittsburgh/2021.09.09.19.47.56_veh-45_01177_01260.db,2021.09.09.19.47.56_veh-45_01177_01260.db,6172672,2022-09-23T05:50:27+00:00,True,bb9292e2ba0ac6dd0635e44292adac8a3830c7282c2f1f8cd8eb399f76931bd2,1c3c1f9ff7d2bac4ebcd93582be112cb4591f7bff3bc3ed725f42a239f7b5f84,1614,1179,25d4987d01a41c3cd7b62b9f91bb766c670c83f2bc11f61a5842d1de44826b01,1,2021.09.09.19.47.56_veh-45_01177_01260,us-pa-pittsburgh-hazelwood,us-pa-pittsburgh-hazelwood,True,READY,
train_pittsburgh,/Users/liuqing/Projects/01_E2E_QA_Code/nuplan/dataset/data/cache/train_pittsburgh/2021.09.09.19.47.56_veh-45_01379_01541.db,2021.09.09.19.47.56_veh-45_01379_01541.db,12296192,2022-09-23T05:50:27+00:00,True,bb9292e2ba0ac6dd0635e44292adac8a3830c7282c2f1f8cd8eb399f76931bd2,0dedd708dd8f8df690c02c1d9241cd65d2ba2132d83dd08763ca77ab916fb608,3580,2293,18a80959c84b28f2c249b47c0262ee699c4fbf2b35cb7c65a51fb2d781f95b1a,1,2021.09.09.19.47.56_veh-45_01379_01541,us-pa-pittsburgh-hazelwood,us-pa-pittsburgh-hazelwood,True,READY,
train_pittsburgh,/Users/liuqing/Projects/01_E2E_QA_Code/nuplan/dataset/data/cache/train_pittsburgh/2021.09.09.19.47.56_veh-45_01645_02084.db,2021.09.09.19.47.56_veh-45_01645_02084.db,56651776,2022-09-23T05:50:27+00:00,True,bb9292e2ba0ac6dd0635e44292adac8a3830c7282c2f1f8cd8eb399f76931bd2,da6588578a03a43aa6ae6feb18a9236dbb3ad0a903c04beb77a20cf9526d8f46,8981,5207,75c1ebe9904bd7be942a0781c5cf852c1f94ee2c4bfa45ca75ecf7bc1869d1f3,1,2021.09.09.19.47.56_veh-45_01645_02084,us-pa-pittsburgh-hazelwood,us-pa-pittsburgh-hazelwood,True,READY,
train_pittsburgh,/Users/liuqing/Projects/01_E2E_QA_Code/nuplan/dataset/data/cache/train_pittsburgh/2021.09.09.19.47.56_veh-45_02121_02426.db,2021.09.09.19.47.56_veh-45_02121_02426.db,58245120,2022-09-23T05:50:27+00:00,True,bb9292e2ba0ac6dd0635e44292adac8a3830c7282c2f1f8cd8eb399f76931bd2,b9fba7d5f97725fb90c3c1e3350b03fb431914d21fd80a7ed99125021e620b0d,6537,4029,70eaeaa32f1b989f58c9ad3f4b69cd9109ccb52b793a49273b0670d7c64037a8,1,2021.09.09.19.47.56_veh-45_02121_02426,us-pa-pittsburgh-hazelwood,us-pa-pittsburgh-hazelwood,True,READY,
train_pittsburgh,/Users/liuqing/Projects/01_E2E_QA_Code/nuplan/dataset/data/cache/train_pittsburgh/2021.09.09.20.07.29_veh-42_00015_00076.db,2021.09.09.20.07.29_veh-42_00015_00076.db,4849664,2022-09-23T05:50:27+00:00,True,bb9292e2ba0ac6dd0635e44292adac8a3830c7282c2f1f8cd8eb399f76931bd2,3468a40e1a2ba13b035284f4617fa300dbbfac9be422fb934c57b12d541db784,1253,766,17964790d74af0334daa9ab0113d8426ed667c3f50ef43ae3985579f96e24963,1,2021.09.09.20.07.29_veh-42_00015_00076,us-pa-pittsburgh-hazelwood,us-pa-pittsburgh-hazelwood,True,READY,
train_pittsburgh,/Users/liuqing/Projects/01_E2E_QA_Code/nuplan/dataset/data/cache/train_pittsburgh/2021.09.09.20.07.29_veh-42_00233_00302.db,2021.09.09.20.07.29_veh-42_00233_00302.db,10186752,2022-09-23T05:50:27+00:00,True,bb9292e2ba0ac6dd0635e44292adac8a3830c7282c2f1f8cd8eb399f76931bd2,872026cc518e2f225d8c31ed793de881b255061739e5694135c0af7de4195786,2618,1359,c5d2c1151048d759932235c667ed9076d68e275e2c7b0ba13e2e6673fd5c42bf,1,2021.09.09.20.07.29_veh-42_00233_00302,us-pa-pittsburgh-hazelwood,us-pa-pittsburgh-hazelwood,True,READY,
train_pittsburgh,/Users/liuqing/Projects/01_E2E_QA_Code/nuplan/dataset/data/cache/train_pittsburgh/2021.09.09.20.07.29_veh-42_00374_00455.db,2021.09.09.20.07.29_veh-42_00374_00455.db,12206080,2022-09-23T05:50:27+00:00,True,bb9292e2ba0ac6dd0635e44292adac8a3830c7282c2f1f8cd8eb399f76931bd2,01366d192e08d706631635696fea617617f87771ae204bce8c61112fe37dc46b,4033,1430,6fbec600e1eea7c83bed21302df5c8f03f043830f3f34e111109bf526547a954,1,2021.09.09.20.07.29_veh-42_00374_00455,us-pa-pittsburgh-hazelwood,us-pa-pittsburgh-hazelwood,True,READY,
train_pittsburgh,/Users/liuqing/Projects/01_E2E_QA_Code/nuplan/dataset/data/cache/train_pittsburgh/2021.09.09.20.07.29_veh-42_00466_00828.db,2021.09.09.20.07.29_veh-42_00466_00828.db,53612544,2022-09-23T05:50:27+00:00,True,bb9292e2ba0ac6dd0635e44292adac8a3830c7282c2f1f8cd8eb399f76931bd2,42b7f77a48a85be823b2b92d5ee9a9917fc6619d93fc5eac02b7446910826317,9430,4562,06b840e2d4a025ad2d18ee048e8f049de3839c8652afafc794a350ba0f9dca20,1,2021.09.09.20.07.29_veh-42_00466_00828,us-pa-pittsburgh-hazelwood,us-pa-pittsburgh-hazelwood,True,READY,
train_pittsburgh,/Users/liuqing/Projects/01_E2E_QA_Code/nuplan/dataset/data/cache/train_pittsburgh/2021.09.09.20.07.29_veh-42_00902_00962.db,2021.09.09.20.07.29_veh-42_00902_00962.db,13565952,2022-09-23T05:50:28+00:00,True,bb9292e2ba0ac6dd0635e44292adac8a3830c7282c2f1f8cd8eb399f76931bd2,65427262ca8be632f899298e0de136eae97637121cb1a3e931cfdbd49efbb456,1373,660,02f3f4a21aa44e7c59adf591102d898d037a084892acc366e5d45b6ab79df987,1,2021.09.09.20.07.29_veh-42_00902_00962,us-pa-pittsburgh-hazelwood,us-pa-pittsburgh-hazelwood,True,READY,
train_pittsburgh,/Users/liuqing/Projects/01_E2E_QA_Code/nuplan/dataset/data/cache/train_pittsburgh/2021.09.09.20.07.29_veh-42_00973_01048.db,2021.09.09.20.07.29_veh-42_00973_01048.db,19640320,2022-09-23T05:50:27+00:00,True,bb9292e2ba0ac6dd0635e44292adac8a3830c7282c2f1f8cd8eb399f76931bd2,fe22948044bd9a0c565111448a675831ec56ed79688957bcaf8e8acc646d0cd0,1664,1103,70ca53fcc27706c1b8c36844e7c7e46f29eb9877b32f490b4f044ad1865146fd,1,2021.09.09.20.07.29_veh-42_00973_01048,us-pa-pittsburgh-hazelwood,us-pa-pittsburgh-hazelwood,True,READY,
train_pittsburgh,/Users/liuqing/Projects/01_E2E_QA_Code/nuplan/dataset/data/cache/train_pittsburgh/2021.09.09.20.07.29_veh-42_01059_01133.db,2021.09.09.20.07.29_veh-42_01059_01133.db,16838656,2022-09-23T05:50:27+00:00,True,bb9292e2ba0ac6dd0635e44292adac8a3830c7282c2f1f8cd8eb399f76931bd2,1c3935bb75ac494d8f8fd7f26ddf110adcc47297fd0a1a8aa4c5dab552f9f9a1,1103,1094,c2c92ae56f08abafa7fd062af72d50774c3b4422e04bc6d641688f57924ff9ee,1,2021.09.09.20.07.29_veh-42_01059_01133,us-pa-pittsburgh-hazelwood,us-pa-pittsburgh-hazelwood,True,READY,
train_pittsburgh,/Users/liuqing/Projects/01_E2E_QA_Code/nuplan/dataset/data/cache/train_pittsburgh/2021.09.09.20.07.29_veh-42_01144_01223.db,2021.09.09.20.07.29_veh-42_01144_01223.db,9465856,2022-09-23T05:50:28+00:00,True,bb9292e2ba0ac6dd0635e44292adac8a3830c7282c2f1f8cd8eb399f76931bd2,bba784a93030073e5237f47e84c84c4de2a6ee9cbfa2e22ba96f0d549a61293b,1906,1022,721886b42a8ac6ec209b9df1a782b2c4c7196e067d9065cda115c94aa08b39be,1,2021.09.09.20.07.29_veh-42_01144_01223,us-pa-pittsburgh-hazelwood,us-pa-pittsburgh-hazelwood,True,READY,
train_pittsburgh,/Users/liuqing/Projects/01_E2E_QA_Code/nuplan/dataset/data/cache/train_pittsburgh/2021.09.09.20.07.29_veh-42_01234_01340.db,2021.09.09.20.07.29_veh-42_01234_01340.db,20041728,2022-09-23T05:50:27+00:00,True,bb9292e2ba0ac6dd0635e44292adac8a3830c7282c2f1f8cd8eb399f76931bd2,af011bb87a6d1d8161eee15392e3dbb10b8fa99605788d1389149a71a798bcd4,3226,1597,f4360d5728dbaa540fcbc4caceed66403ee87e115062cc42756b6d5f8c912c9e,1,2021.09.09.20.07.29_veh-42_01234_01340,us-pa-pittsburgh-hazelwood,us-pa-pittsburgh-hazelwood,True,READY,
train_pittsburgh,/Users/liuqing/Projects/01_E2E_QA_Code/nuplan/dataset/data/cache/train_pittsburgh/2021.09.09.20.07.29_veh-42_01411_01488.db,2021.09.09.20.07.29_veh-42_01411_01488.db,15273984,2022-09-23T05:50:28+00:00,True,bb9292e2ba0ac6dd0635e44292adac8a3830c7282c2f1f8cd8eb399f76931bd2,87eea3362fa175a254db5d3eafd4bd52d34ed01268f51654c6f83ac971983d4a,2665,1469,1505988f6c622ebf80258fc69990721b2eb1627e4dea15ade9a39be5560395b6,1,2021.09.09.20.07.29_veh-42_01411_01488,us-pa-pittsburgh-hazelwood,us-pa-pittsburgh-hazelwood,True,READY,
train_pittsburgh,/Users/liuqing/Projects/01_E2E_QA_Code/nuplan/dataset/data/cache/train_pittsburgh/2021.09.09.20.07.29_veh-42_01499_01628.db,2021.09.09.20.07.29_veh-42_01499_01628.db,26800128,2022-09-23T05:50:28+00:00,True,bb9292e2ba0ac6dd0635e44292adac8a3830c7282c2f1f8cd8eb399f76931bd2,ff5e5179c40779091770412b45b9054f115bdfcfe047638044150091d321e8b0,3344,1515,0970982bed291dc3cac72fe49abee120954dd6eeb482483a34060bf248f9b4d6,1,2021.09.09.20.07.29_veh-42_01499_01628,us-pa-pittsburgh-hazelwood,us-pa-pittsburgh-hazelwood,True,READY,
train_pittsburgh,/Users/liuqing/Projects/01_E2E_QA_Code/nuplan/dataset/data/cache/train_pittsburgh/2021.09.09.20.07.29_veh-42_01817_01931.db,2021.09.09.20.07.29_veh-42_01817_01931.db,10477568,2022-09-23T05:50:28+00:00,True,bb9292e2ba0ac6dd0635e44292adac8a3830c7282c2f1f8cd8eb399f76931bd2,5e1ed769cd548d6e2fa721f5a54688bc6abe6eeed4d4065194a0b3040c78e63a,1822,1822,a3ea5affd8d3e8e88150e31055e89be54f12ca9287b9da81886fa708f3a6592e,1,2021.09.09.20.07.29_veh-42_01817_01931,us-pa-pittsburgh-hazelwood,us-pa-pittsburgh-hazelwood,True,READY,
train_pittsburgh,/Users/liuqing/Projects/01_E2E_QA_Code/nuplan/dataset/data/cache/train_pittsburgh/2021.09.09.20.07.29_veh-42_02581_02710.db,2021.09.09.20.07.29_veh-42_02581_02710.db,10076160,2022-09-23T05:50:28+00:00,True,bb9292e2ba0ac6dd0635e44292adac8a3830c7282c2f1f8cd8eb399f76931bd2,3b449785170727d197977344f286edc966a5d6a4d614dc2f0e72392c343934c9,2850,1643,eeb6c7a93dbd0885f328eb95258eee6ffd1b3d15a8ee17b73267134e5d2fece5,1,2021.09.09.20.07.29_veh-42_02581_02710,us-pa-pittsburgh-hazelwood,us-pa-pittsburgh-hazelwood,True,READY,
train_pittsburgh,/Users/liuqing/Projects/01_E2E_QA_Code/nuplan/dataset/data/cache/train_pittsburgh/2021.09.09.20.07.29_veh-42_02744_02821.db,2021.09.09.20.07.29_veh-42_02744_02821.db,6217728,2022-09-23T05:50:28+00:00,True,bb9292e2ba0ac6dd0635e44292adac8a3830c7282c2f1f8cd8eb399f76931bd2,45611a1821812311ff43c082bd3afdd4604ea8253bec88b24558f03eda7e568f,1378,837,8bdd2630205e69e0be0717a757894eab4c6821851ed66dbca9f039af527b7906,1,2021.09.09.20.07.29_veh-42_02744_02821,us-pa-pittsburgh-hazelwood,us-pa-pittsburgh-hazelwood,True,READY,
train_pittsburgh,/Users/liuqing/Projects/01_E2E_QA_Code/nuplan/dataset/data/cache/train_pittsburgh/2021.09.10.13.58.49_veh-42_00016_00107.db,2021.09.10.13.58.49_veh-42_00016_00107.db,6217728,2022-09-23T05:50:29+00:00,True,bb9292e2ba0ac6dd0635e44292adac8a3830c7282c2f1f8cd8eb399f76931bd2,d349419d0aeaf5a522947a9749eea06d479595d32d5579b006221db96fe60cfc,2046,1435,44a781d610ed089c021aaef4bf99a91eb4eced868753ca575cfd11d37435fba1,1,2021.09.10.13.58.49_veh-42_00016_00107,us-pa-pittsburgh-hazelwood,us-pa-pittsburgh-hazelwood,True,READY,
train_pittsburgh,/Users/liuqing/Projects/01_E2E_QA_Code/nuplan/dataset/data/cache/train_pittsburgh/2021.09.10.13.58.49_veh-42_00119_00710.db,2021.09.10.13.58.49_veh-42_00119_00710.db,83124224,2022-09-23T05:50:29+00:00,True,bb9292e2ba0ac6dd0635e44292adac8a3830c7282c2f1f8cd8eb399f76931bd2,a0b6c64648bb46029d958dc52281279b8b34c06f1b3e67ca92975cb623ff3165,15773,7599,d125698d3d41df00d06c821bd756bbff1b17f795d59a18201379501c487b3fcd,1,2021.09.10.13.58.49_veh-42_00119_00710,us-pa-pittsburgh-hazelwood,us-pa-pittsburgh-hazelwood,True,READY,
train_pittsburgh,/Users/liuqing/Projects/01_E2E_QA_Code/nuplan/dataset/data/cache/train_pittsburgh/2021.09.10.13.58.49_veh-42_00729_01085.db,2021.09.10.13.58.49_veh-42_00729_01085.db,57774080,2022-09-23T05:50:29+00:00,True,bb9292e2ba0ac6dd0635e44292adac8a3830c7282c2f1f8cd8eb399f76931bd2,38de787ae7a4f93ef1af81a486f40f8cb440cf36a460b6467470f4a73adb1ea8,9023,4031,d4bc6edbe6185de4c2babc93bb28c4ce2ade4bc3f37f375b79adfa1484cf13a4,1,2021.09.10.13.58.49_veh-42_00729_01085,us-pa-pittsburgh-hazelwood,us-pa-pittsburgh-hazelwood,True,READY,
train_pittsburgh,/Users/liuqing/Projects/01_E2E_QA_Code/nuplan/dataset/data/cache/train_pittsburgh/2021.09.10.13.58.49_veh-42_01113_01188.db,2021.09.10.13.58.49_veh-42_01113_01188.db,9478144,2022-09-23T05:50:29+00:00,True,bb9292e2ba0ac6dd0635e44292adac8a3830c7282c2f1f8cd8eb399f76931bd2,58102320999766042c89c670ec305cf35dadf0ca8a9ecbf4e27b36a90d3d1440,1457,784,e3272461d9454eefd0400e64c38aeb533c78a8d3d7f8c42416a0baa318b4be4a,1,2021.09.10.13.58.49_veh-42_01113_01188,us-pa-pittsburgh-hazelwood,us-pa-pittsburgh-hazelwood,True,READY,
train_pittsburgh,/Users/liuqing/Projects/01_E2E_QA_Code/nuplan/dataset/data/cache/train_pittsburgh/2021.09.10.13.58.49_veh-42_01246_01330.db,2021.09.10.13.58.49_veh-42_01246_01330.db,17489920,2022-09-23T05:50:29+00:00,True,bb9292e2ba0ac6dd0635e44292adac8a3830c7282c2f1f8cd8eb399f76931bd2,e4bb5074bf88c68f7b513263fb30b8d8be0825601e244683db7de6df4336b512,1996,954,395284573c1cf0c7dee3a1dc3571c55888f6650851025edfe2f2d66885acdba2,1,2021.09.10.13.58.49_veh-42_01246_01330,us-pa-pittsburgh-hazelwood,us-pa-pittsburgh-hazelwood,True,READY,
train_pittsburgh,/Users/liuqing/Projects/01_E2E_QA_Code/nuplan/dataset/data/cache/train_pittsburgh/2021.09.10.13.58.49_veh-42_01341_01452.db,2021.09.10.13.58.49_veh-42_01341_01452.db,16273408,2022-09-23T05:50:29+00:00,True,bb9292e2ba0ac6dd0635e44292adac8a3830c7282c2f1f8cd8eb399f76931bd2,f3555f10f34eb5b8936d9e71dd074aad87ef22bcabb16ac6fe131677b34adfec,3764,1538,6075463064602edc9d3fb44e83a37c9ba3db8d24d082dd8ae594bcdb99fe18dd,1,2021.09.10.13.58.49_veh-42_01341_01452,us-pa-pittsburgh-hazelwood,us-pa-pittsburgh-hazelwood,True,READY,
train_pittsburgh,/Users/liuqing/Projects/01_E2E_QA_Code/nuplan/dataset/data/cache/train_pittsburgh/2021.09.10.13.58.49_veh-42_01475_01743.db,2021.09.10.13.58.49_veh-42_01475_01743.db,48820224,2022-09-23T05:50:29+00:00,True,bb9292e2ba0ac6dd0635e44292adac8a3830c7282c2f1f8cd8eb399f76931bd2,50e27bc071169b7954a7841b1562f6893be88ff15c1d732a7f6ef35deaf3311d,6942,3872,89871ad5f6284a40bfd96196cc1a9ce43a79c5b194cdad5d10c4ffc6482241ad,1,2021.09.10.13.58.49_veh-42_01475_01743,us-pa-pittsburgh-hazelwood,us-pa-pittsburgh-hazelwood,True,READY,
train_pittsburgh,/Users/liuqing/Projects/01_E2E_QA_Code/nuplan/dataset/data/cache/train_pittsburgh/2021.09.10.13.58.49_veh-42_01774_02175.db,2021.09.10.13.58.49_veh-42_01774_02175.db,72011776,2022-09-23T05:50:29+00:00,True,bb9292e2ba0ac6dd0635e44292adac8a3830c7282c2f1f8cd8eb399f76931bd2,b507581a4dcfd2a4dd21bbcb487bc43c9b5cd0c65b7792b673a9fecdf7d17ec8,9203,4893,3e4462e0283e319dc313fbbe82d8bb8b212e356540d5ad040010d6ccf137f02a,1,2021.09.10.13.58.49_veh-42_01774_02175,us-pa-pittsburgh-hazelwood,us-pa-pittsburgh-hazelwood,True,READY,
train_pittsburgh,/Users/liuqing/Projects/01_E2E_QA_Code/nuplan/dataset/data/cache/train_pittsburgh/2021.09.10.13.58.49_veh-42_02196_02443.db,2021.09.10.13.58.49_veh-42_02196_02443.db,39964672,2022-09-23T05:50:29+00:00,True,bb9292e2ba0ac6dd0635e44292adac8a3830c7282c2f1f8cd8eb399f76931bd2,367c01833e3486554d1d1dfb9b3cd279cb12de72e330732702b9a228d4ac98d8,4405,3111,941438cba074abd1aef8a6be6fd0490710dc4d52c10d297dd5e5ff867787cff2,1,2021.09.10.13.58.49_veh-42_02196_02443,us-pa-pittsburgh-hazelwood,us-pa-pittsburgh-hazelwood,True,READY,
train_pittsburgh,/Users/liuqing/Projects/01_E2E_QA_Code/nuplan/dataset/data/cache/train_pittsburgh/2021.09.10.13.58.49_veh-42_02466_02539.db,2021.09.10.13.58.49_veh-42_02466_02539.db,16707584,2022-09-23T05:50:29+00:00,True,bb9292e2ba0ac6dd0635e44292adac8a3830c7282c2f1f8cd8eb399f76931bd2,1348b5e679e41bc5fb425ba101f22790d755eaf7513425ef94631fd10dafec0b,806,511,b36239a50bf11a9a948be1fed6919d5892a08b18e435a589c7849b44939f7249,1,2021.09.10.13.58.49_veh-42_02466_02539,us-pa-pittsburgh-hazelwood,us-pa-pittsburgh-hazelwood,True,READY,
train_pittsburgh,/Users/liuqing/Projects/01_E2E_QA_Code/nuplan/dataset/data/cache/train_pittsburgh/2021.09.10.14.26.51_veh-45_00045_00137.db,2021.09.10.14.26.51_veh-45_00045_00137.db,6377472,2022-09-23T05:50:29+00:00,True,bb9292e2ba0ac6dd0635e44292adac8a3830c7282c2f1f8cd8eb399f76931bd2,5f1010c0bfff0878b66b64459881a3e3dbc316c4d8c9534dd1856cd525944a95,2235,1606,b9b36583e9edd171da5ed492767fbab697e0c988ecab22a64aced5299cb0d8c4,1,2021.09.10.14.26.51_veh-45_00045_00137,us-pa-pittsburgh-hazelwood,us-pa-pittsburgh-hazelwood,True,READY,
train_pittsburgh,/Users/liuqing/Projects/01_E2E_QA_Code/nuplan/dataset/data/cache/train_pittsburgh/2021.09.10.14.26.51_veh-45_00148_00318.db,2021.09.10.14.26.51_veh-45_00148_00318.db,16195584,2022-09-23T05:50:29+00:00,True,bb9292e2ba0ac6dd0635e44292adac8a3830c7282c2f1f8cd8eb399f76931bd2,25724b13fd3d24b345fbe09a4b4ddcd27c4ef8c719de5998d1b9c202e40c74c3,4232,2080,653dac0da56d626c0cb324c1d5f32579de3e2796b11bafafe953a82e23fc5297,1,2021.09.10.14.26.51_veh-45_00148_00318,us-pa-pittsburgh-hazelwood,us-pa-pittsburgh-hazelwood,True,READY,
train_pittsburgh,/Users/liuqing/Projects/01_E2E_QA_Code/nuplan/dataset/data/cache/train_pittsburgh/2021.09.10.14.26.51_veh-45_00329_00688.db,2021.09.10.14.26.51_veh-45_00329_00688.db,56586240,2022-09-23T05:50:29+00:00,True,bb9292e2ba0ac6dd0635e44292adac8a3830c7282c2f1f8cd8eb399f76931bd2,ed98e6b498205007be71f010a34225fab8b976c79d3a6121928d0590acb91b42,8051,5248,ef0301f10fab0a04399860a603f48bb743503c6807d4157bec9db9c92ea44a02,1,2021.09.10.14.26.51_veh-45_00329_00688,us-pa-pittsburgh-hazelwood,us-pa-pittsburgh-hazelwood,True,READY,
train_pittsburgh,/Users/liuqing/Projects/01_E2E_QA_Code/nuplan/dataset/data/cache/train_pittsburgh/2021.09.10.14.26.51_veh-45_00718_01060.db,2021.09.10.14.26.51_veh-45_00718_01060.db,57700352,2022-09-23T05:50:29+00:00,True,bb9292e2ba0ac6dd0635e44292adac8a3830c7282c2f1f8cd8eb399f76931bd2,3cf01589dab7671cdfd970a7224897b476aa6c986acb6f8f1ef60fac904e55af,8246,4517,a11bca2c27d6d9aeb6e21a1a4bbebea7ef27030a74656b3a3491e13ec4f5b836,1,2021.09.10.14.26.51_veh-45_00718_01060,us-pa-pittsburgh-hazelwood,us-pa-pittsburgh-hazelwood,True,READY,
train_pittsburgh,/Users/liuqing/Projects/01_E2E_QA_Code/nuplan/dataset/data/cache/train_pittsburgh/2021.09.10.14.26.51_veh-45_01229_01296.db,2021.09.10.14.26.51_veh-45_01229_01296.db,4251648,2022-09-23T05:50:29+00:00,True,bb9292e2ba0ac6dd0635e44292adac8a3830c7282c2f1f8cd8eb399f76931bd2,9149b769a241bf2cda91978d73bda67d8d2247d244980e24ef37f67eb0679245,1544,1081,69ad0c4f867fd6b6104b2a5c693d515067722053710af6f08d75595a53abeb22,1,2021.09.10.14.26.51_veh-45_01229_01296,us-pa-pittsburgh-hazelwood,us-pa-pittsburgh-hazelwood,True,READY,
train_pittsburgh,/Users/liuqing/Projects/01_E2E_QA_Code/nuplan/dataset/data/cache/train_pittsburgh/2021.09.10.14.26.51_veh-45_01342_01541.db,2021.09.10.14.26.51_veh-45_01342_01541.db,14639104,2022-09-23T05:50:29+00:00,True,bb9292e2ba0ac6dd0635e44292adac8a3830c7282c2f1f8cd8eb399f76931bd2,98b061f5092f70bb77a65f2ca9f312098de5111def5485c490843013e0121807,3519,2348,0dacab11a71b96555b170dd727b06c6f2e88260698f458070bfe624bf0003da2,1,2021.09.10.14.26.51_veh-45_01342_01541,us-pa-pittsburgh-hazelwood,us-pa-pittsburgh-hazelwood,True,READY,
train_pittsburgh,/Users/liuqing/Projects/01_E2E_QA_Code/nuplan/dataset/data/cache/train_pittsburgh/2021.09.10.14.44.55_veh-42_00031_00158.db,2021.09.10.14.44.55_veh-42_00031_00158.db,23605248,2022-09-23T05:50:29+00:00,True,bb9292e2ba0ac6dd0635e44292adac8a3830c7282c2f1f8cd8eb399f76931bd2,a440b08ad4ef09211ca7c68976c821686473bd7bb258128eb8600961e9ff2364,2738,1629,5041fa78fb2a4af120965ff8fc39692a82846f1852a66e875773f94a60619380,1,2021.09.10.14.44.55_veh-42_00031_00158,us-pa-pittsburgh-hazelwood,us-pa-pittsburgh-hazelwood,True,READY,
train_pittsburgh,/Users/liuqing/Projects/01_E2E_QA_Code/nuplan/dataset/data/cache/train_pittsburgh/2021.09.10.14.44.55_veh-42_00243_00683.db,2021.09.10.14.44.55_veh-42_00243_00683.db,77881344,2022-09-23T05:50:29+00:00,True,bb9292e2ba0ac6dd0635e44292adac8a3830c7282c2f1f8cd8eb399f76931bd2,37f4d6f948b91dddf05b9dc4d1f32d4e48d43056026e6ee191f1155a5db1c826,10305,5033,d7cd50b8e7a18d421378d15709c362724a2ac938662b2dde28038a8be8f82e83,1,2021.09.10.14.44.55_veh-42_00243_00683,us-pa-pittsburgh-hazelwood,us-pa-pittsburgh-hazelwood,True,READY,
train_pittsburgh,/Users/liuqing/Projects/01_E2E_QA_Code/nuplan/dataset/data/cache/train_pittsburgh/2021.09.10.14.44.55_veh-42_00694_00971.db,2021.09.10.14.44.55_veh-42_00694_00971.db,58163200,2022-09-23T05:50:29+00:00,True,bb9292e2ba0ac6dd0635e44292adac8a3830c7282c2f1f8cd8eb399f76931bd2,67a4cd6e3133ce51a55f99040abe1c54a374436bdb5ff7aed218a80ae73742b9,8237,3582,5f257b4752542906bde9b230663b5bf3801879a4aaa8f0d6dcd8122b67fae41d,1,2021.09.10.14.44.55_veh-42_00694_00971,us-pa-pittsburgh-hazelwood,us-pa-pittsburgh-hazelwood,True,READY,
train_pittsburgh,/Users/liuqing/Projects/01_E2E_QA_Code/nuplan/dataset/data/cache/train_pittsburgh/2021.09.10.14.44.55_veh-42_01037_01315.db,2021.09.10.14.44.55_veh-42_01037_01315.db,47681536,2022-09-23T05:50:29+00:00,True,bb9292e2ba0ac6dd0635e44292adac8a3830c7282c2f1f8cd8eb399f76931bd2,5d4fd77a3bf631ac8bab5ebeb14c71ba521b18cabdfe72966fd8bef2082d8957,6326,3481,664fa477e7af9d67523d3d0215e2b2ef2fe34a5723a46f2c0ecb0fa72bb370b0,1,2021.09.10.14.44.55_veh-42_01037_01315,us-pa-pittsburgh-hazelwood,us-pa-pittsburgh-hazelwood,True,READY,
train_pittsburgh,/Users/liuqing/Projects/01_E2E_QA_Code/nuplan/dataset/data/cache/train_pittsburgh/2021.09.10.14.44.55_veh-42_01340_01591.db,2021.09.10.14.44.55_veh-42_01340_01591.db,45416448,2022-09-23T05:50:29+00:00,True,bb9292e2ba0ac6dd0635e44292adac8a3830c7282c2f1f8cd8eb399f76931bd2,29975e0525c62d9cbc01c4a6590d07b8395d4d6436928add3a3cf2464b3ad0c7,5560,3434,637f2e8b653307e7fc2d0d5cb931eac513573e23267ee6fe995521d7dbca94bd,1,2021.09.10.14.44.55_veh-42_01340_01591,us-pa-pittsburgh-hazelwood,us-pa-pittsburgh-hazelwood,True,READY,
train_pittsburgh,/Users/liuqing/Projects/01_E2E_QA_Code/nuplan/dataset/data/cache/train_pittsburgh/2021.09.10.14.44.55_veh-42_01614_01799.db,2021.09.10.14.44.55_veh-42_01614_01799.db,20852736,2022-09-23T05:50:29+00:00,True,bb9292e2ba0ac6dd0635e44292adac8a3830c7282c2f1f8cd8eb399f76931bd2,2487c2d9205837be54b64406c4a46563f793ca0a8ba422c4df44a91524f1d904,3384,2314,ef05a2c781f52d064e525b721be94f1a574d3e30c9897eef66b0c7f132691184,1,2021.09.10.14.44.55_veh-42_01614_01799,us-pa-pittsburgh-hazelwood,us-pa-pittsburgh-hazelwood,True,READY,
train_pittsburgh,/Users/liuqing/Projects/01_E2E_QA_Code/nuplan/dataset/data/cache/train_pittsburgh/2021.09.10.14.44.55_veh-42_01810_01966.db,2021.09.10.14.44.55_veh-42_01810_01966.db,31088640,2022-09-23T05:50:29+00:00,True,bb9292e2ba0ac6dd0635e44292adac8a3830c7282c2f1f8cd8eb399f76931bd2,ebc0416e33aaa20ee39d4136b3a2f1586aedfae514211a23771054927d1dbda5,4672,2209,1fe1b13e0becf3125129d5197302c54e66571eccd711d8eba93bc084486efbf2,1,2021.09.10.14.44.55_veh-42_01810_01966,us-pa-pittsburgh-hazelwood,us-pa-pittsburgh-hazelwood,True,READY,
train_pittsburgh,/Users/liuqing/Projects/01_E2E_QA_Code/nuplan/dataset/data/cache/train_pittsburgh/2021.09.10.14.44.55_veh-42_01990_02149.db,2021.09.10.14.44.55_veh-42_01990_02149.db,26378240,2022-09-23T05:50:29+00:00,True,bb9292e2ba0ac6dd0635e44292adac8a3830c7282c2f1f8cd8eb399f76931bd2,d7f973e6d1e8fecd45b2e86ef47fb761af8ab1ae2a99ba958f19824faca2a714,3829,2424,fcb0ff5d0ee2feb230fb45a8f668bcb0cda3d43eee0ac741509f3fcd9ac49a24,1,2021.09.10.14.44.55_veh-42_01990_02149,us-pa-pittsburgh-hazelwood,us-pa-pittsburgh-hazelwood,True,READY,
train_pittsburgh,/Users/liuqing/Projects/01_E2E_QA_Code/nuplan/dataset/data/cache/train_pittsburgh/2021.09.10.14.44.55_veh-42_02160_02248.db,2021.09.10.14.44.55_veh-42_02160_02248.db,9621504,2022-09-23T05:50:29+00:00,True,bb9292e2ba0ac6dd0635e44292adac8a3830c7282c2f1f8cd8eb399f76931bd2,f39e73bcfb019dda19bdf071d78635a9f13b74f9afe0e902b1b44a480632c45f,1831,1212,cc2a4dcbaf42d393ae1d180610ce1024112fb2ee848fdeeaf4077b3d551c339a,1,2021.09.10.14.44.55_veh-42_02160_02248,us-pa-pittsburgh-hazelwood,us-pa-pittsburgh-hazelwood,True,READY,
train_pittsburgh,/Users/liuqing/Projects/01_E2E_QA_Code/nuplan/dataset/data/cache/train_pittsburgh/2021.09.10.14.44.55_veh-42_02410_02472.db,2021.09.10.14.44.55_veh-42_02410_02472.db,3710976,2022-09-23T05:50:29+00:00,True,bb9292e2ba0ac6dd0635e44292adac8a3830c7282c2f1f8cd8eb399f76931bd2,aced52ef6e64a18bddfebfda1234b7adbb28e741524d159f2654e8c113fd4a36,1842,1156,f29db6f7dfb0ba54c73764b206df4ca135ab30cd3fdaa9c4824e8f4352c64aae,1,2021.09.10.14.44.55_veh-42_02410_02472,us-pa-pittsburgh-hazelwood,us-pa-pittsburgh-hazelwood,True,READY,
train_pittsburgh,/Users/liuqing/Projects/01_E2E_QA_Code/nuplan/dataset/data/cache/train_pittsburgh/2021.09.10.14.44.55_veh-42_02529_02595.db,2021.09.10.14.44.55_veh-42_02529_02595.db,4362240,2022-09-23T05:50:29+00:00,True,bb9292e2ba0ac6dd0635e44292adac8a3830c7282c2f1f8cd8eb399f76931bd2,b6a2c05f77f80caf3f7c742f3136880a72941d852ed25e8d8312ebf91fbd8108,1921,1213,c1f2d0ac7a7ca7326d517a4a0399a5d430b859b74b6eca86e7387e43791b9e63,1,2021.09.10.14.44.55_veh-42_02529_02595,us-pa-pittsburgh-hazelwood,us-pa-pittsburgh-hazelwood,True,READY,
train_pittsburgh,/Users/liuqing/Projects/01_E2E_QA_Code/nuplan/dataset/data/cache/train_pittsburgh/2021.09.10.14.44.55_veh-42_02607_02762.db,2021.09.10.14.44.55_veh-42_02607_02762.db,12713984,2022-09-23T05:50:29+00:00,True,bb9292e2ba0ac6dd0635e44292adac8a3830c7282c2f1f8cd8eb399f76931bd2,28b8cbe1c02912933ca5c23bd7a0240d228598a0a7787ff7779322d95041cafb,2286,1482,b1d28b516a8ed0892f3e78fc2ad043f4ff3be24b427ab82024208577216f8796,1,2021.09.10.14.44.55_veh-42_02607_02762,us-pa-pittsburgh-hazelwood,us-pa-pittsburgh-hazelwood,True,READY,
train_pittsburgh,/Users/liuqing/Projects/01_E2E_QA_Code/nuplan/dataset/data/cache/train_pittsburgh/2021.09.10.15.00.33_veh-45_00040_00245.db,2021.09.10.15.00.33_veh-45_00040_00245.db,17166336,2022-09-23T05:50:29+00:00,True,bb9292e2ba0ac6dd0635e44292adac8a3830c7282c2f1f8cd8eb399f76931bd2,fef60463e37214ea59df4efacc5b62b63fc127e7477a5df79faf86ad906190f3,4537,2620,c10efc3edb3e399f0eb6bf8548ea5693e9247839b6d1c83bf163d639d2fbf4b1,1,2021.09.10.15.00.33_veh-45_00040_00245,us-pa-pittsburgh-hazelwood,us-pa-pittsburgh-hazelwood,True,READY,
train_pittsburgh,/Users/liuqing/Projects/01_E2E_QA_Code/nuplan/dataset/data/cache/train_pittsburgh/2021.09.10.15.00.33_veh-45_00264_00358.db,2021.09.10.15.00.33_veh-45_00264_00358.db,10207232,2022-09-23T05:50:29+00:00,True,bb9292e2ba0ac6dd0635e44292adac8a3830c7282c2f1f8cd8eb399f76931bd2,bac12f587fc802013c4a049c899481d0d28d2fdb7d566fc1282cf7c63095e634,1874,1234,9f01b0550eb64411e5b0868d1786a3114862e1da3f5d47c4ad826a2a9d61ed6e,1,2021.09.10.15.00.33_veh-45_00264_00358,us-pa-pittsburgh-hazelwood,us-pa-pittsburgh-hazelwood,True,READY,
train_pittsburgh,/Users/liuqing/Projects/01_E2E_QA_Code/nuplan/dataset/data/cache/train_pittsburgh/2021.09.10.15.00.33_veh-45_00402_00469.db,2021.09.10.15.00.33_veh-45_00402_00469.db,14163968,2022-09-23T05:50:29+00:00,True,bb9292e2ba0ac6dd0635e44292adac8a3830c7282c2f1f8cd8eb399f76931bd2,721ebb7ce6fb4f00303ef001d84e4e55a39b117022c8df3154ee3ed793684ebf,1623,746,ebe2c8dfc850f4338276bd50cf0313212d155d6e7e540cddfacc4cecb492c052,1,2021.09.10.15.00.33_veh-45_00402_00469,us-pa-pittsburgh-hazelwood,us-pa-pittsburgh-hazelwood,True,READY,
train_pittsburgh,/Users/liuqing/Projects/01_E2E_QA_Code/nuplan/dataset/data/cache/train_pittsburgh/2021.09.10.15.00.33_veh-45_00596_00800.db,2021.09.10.15.00.33_veh-45_00596_00800.db,41054208,2022-09-23T05:50:30+00:00,True,bb9292e2ba0ac6dd0635e44292adac8a3830c7282c2f1f8cd8eb399f76931bd2,5c716e494ef1ed386cf31a702d03b5ebdca8ca78b3158fd6d2f6acc7b4a69821,4724,3058,fbfee5c59dc169a7d61abd17def7c5b14d58b4bd31be7cde6203d83299cd2bec,1,2021.09.10.15.00.33_veh-45_00596_00800,us-pa-pittsburgh-hazelwood,us-pa-pittsburgh-hazelwood,True,READY,
train_pittsburgh,/Users/liuqing/Projects/01_E2E_QA_Code/nuplan/dataset/data/cache/train_pittsburgh/2021.09.10.15.00.33_veh-45_00997_01078.db,2021.09.10.15.00.33_veh-45_00997_01078.db,5201920,2022-09-23T05:50:30+00:00,True,bb9292e2ba0ac6dd0635e44292adac8a3830c7282c2f1f8cd8eb399f76931bd2,a637b10fd975940204dce83e2bf5e1a3418f49c272b4dfc2fb74b52ccfa8537e,2039,1309,5f6d30d8c7f66e50d8b54fb84060bd5942cae869dc839b9cfb3f92675392900a,1,2021.09.10.15.00.33_veh-45_00997_01078,us-pa-pittsburgh-hazelwood,us-pa-pittsburgh-hazelwood,True,READY,
train_pittsburgh,/Users/liuqing/Projects/01_E2E_QA_Code/nuplan/dataset/data/cache/train_pittsburgh/2021.09.10.15.00.33_veh-45_01265_01432.db,2021.09.10.15.00.33_veh-45_01265_01432.db,13262848,2022-09-23T05:50:30+00:00,True,bb9292e2ba0ac6dd0635e44292adac8a3830c7282c2f1f8cd8eb399f76931bd2,39aae0fcb2d889d6f629fb5f80f2562c2dec1c8154a0169c6244c33239e8b79d,3441,2161,ab54cb3dd0d41276413ad1b7907b9d8826b451629bf42190c5eebd8b70f15408,1,2021.09.10.15.00.33_veh-45_01265_01432,us-pa-pittsburgh-hazelwood,us-pa-pittsburgh-hazelwood,True,READY,
train_pittsburgh,/Users/liuqing/Projects/01_E2E_QA_Code/nuplan/dataset/data/cache/train_pittsburgh/2021.09.10.15.00.33_veh-45_01495_01585.db,2021.09.10.15.00.33_veh-45_01495_01585.db,8880128,2022-09-23T05:50:30+00:00,True,bb9292e2ba0ac6dd0635e44292adac8a3830c7282c2f1f8cd8eb399f76931bd2,16d9c173c41ccc3a0b1011a22c87a09b1ee1c5726fce2d6f6aa1b0be56f7d2d9,0,0,e3b0c44298fc1c149afbf4c8996fb92427ae41e4649b934ca495991b7852b855,1,2021.09.10.15.00.33_veh-45_01495_01585,us-pa-pittsburgh-hazelwood,us-pa-pittsburgh-hazelwood,True,READY,
train_pittsburgh,/Users/liuqing/Projects/01_E2E_QA_Code/nuplan/dataset/data/cache/train_pittsburgh/2021.09.10.15.00.33_veh-45_01728_01886.db,2021.09.10.15.00.33_veh-45_01728_01886.db,13111296,2022-09-23T05:50:30+00:00,True,bb9292e2ba0ac6dd0635e44292adac8a3830c7282c2f1f8cd8eb399f76931bd2,3001631b7f1fb5191ef4a5019f1e9c873f1127f33a2ab5fdee487bbf5b865a56,0,0,e3b0c44298fc1c149afbf4c8996fb92427ae41e4649b934ca495991b7852b855,1,2021.09.10.15.00.33_veh-45_01728_01886,us-pa-pittsburgh-hazelwood,us-pa-pittsburgh-hazelwood,True,READY,
train_pittsburgh,/Users/liuqing/Projects/01_E2E_QA_Code/nuplan/dataset/data/cache/train_pittsburgh/2021.09.10.17.09.03_veh-42_00016_00105.db,2021.09.10.17.09.03_veh-42_00016_00105.db,6205440,2022-09-23T05:50:30+00:00,True,bb9292e2ba0ac6dd0635e44292adac8a3830c7282c2f1f8cd8eb399f76931bd2,dcc4b9dca1bae2330d96d0c3e7768391df600c05be60e22003ab214189ef5deb,2202,1449,91bb517dc1325ce85060364a842d730acd76dddfd7f24ca0eaa22767d4d26e3e,1,2021.09.10.17.09.03_veh-42_00016_00105,us-pa-pittsburgh-hazelwood,us-pa-pittsburgh-hazelwood,True,READY,
train_pittsburgh,/Users/liuqing/Projects/01_E2E_QA_Code/nuplan/dataset/data/cache/train_pittsburgh/2021.09.10.17.09.03_veh-42_00116_00277.db,2021.09.10.17.09.03_veh-42_00116_00277.db,13086720,2022-09-23T05:50:30+00:00,True,bb9292e2ba0ac6dd0635e44292adac8a3830c7282c2f1f8cd8eb399f76931bd2,1241181f39275616b0c9cba0595133e6cbed18c581b59c3d7817172b562d9bd7,3787,1909,b10be67fffb905089c299f422014234bafd17a916ee55ad3a880b2d76c358853,1,2021.09.10.17.09.03_veh-42_00116_00277,us-pa-pittsburgh-hazelwood,us-pa-pittsburgh-hazelwood,True,READY,
train_pittsburgh,/Users/liuqing/Projects/01_E2E_QA_Code/nuplan/dataset/data/cache/train_pittsburgh/2021.09.10.17.09.03_veh-42_00298_00768.db,2021.09.10.17.09.03_veh-42_00298_00768.db,85684224,2022-09-23T05:50:30+00:00,True,bb9292e2ba0ac6dd0635e44292adac8a3830c7282c2f1f8cd8eb399f76931bd2,3ec664a239936fe62e61181fc4d73bf2d717066852c9f72188411d9d6d4aac56,11231,6170,61393012ba34a5a01cb53ec15cf6239b9e217ccdecfd6d891ddc768d8a35acde,1,2021.09.10.17.09.03_veh-42_00298_00768,us-pa-pittsburgh-hazelwood,us-pa-pittsburgh-hazelwood,True,READY,
train_pittsburgh,/Users/liuqing/Projects/01_E2E_QA_Code/nuplan/dataset/data/cache/train_pittsburgh/2021.09.10.17.09.03_veh-42_00818_01092.db,2021.09.10.17.09.03_veh-42_00818_01092.db,34820096,2022-09-23T05:50:30+00:00,True,bb9292e2ba0ac6dd0635e44292adac8a3830c7282c2f1f8cd8eb399f76931bd2,acca86d9aaec5235ef0c3dd1e17b4d6d2143de9032c8022185b8fee0ba023d42,6558,3805,fe6b760cbd5c9c80650f4433165258ba1b3a86a22b483ef23501f6d8824e1375,1,2021.09.10.17.09.03_veh-42_00818_01092,us-pa-pittsburgh-hazelwood,us-pa-pittsburgh-hazelwood,True,READY,
train_pittsburgh,/Users/liuqing/Projects/01_E2E_QA_Code/nuplan/dataset/data/cache/train_pittsburgh/2021.09.10.17.09.03_veh-42_01128_02369.db,2021.09.10.17.09.03_veh-42_01128_02369.db,241590272,2022-09-23T05:50:30+00:00,True,bb9292e2ba0ac6dd0635e44292adac8a3830c7282c2f1f8cd8eb399f76931bd2,0eb0e6aad51b68306d84102249b32d32a03254fed62c4248ca2992f173e64d40,30909,17757,330dd8c0bd7a749871973f1fb6fcd69fd55268e95a9ebdddda73ed42d38ea054,1,2021.09.10.17.09.03_veh-42_01128_02369,us-pa-pittsburgh-hazelwood,us-pa-pittsburgh-hazelwood,True,READY,
train_pittsburgh,/Users/liuqing/Projects/01_E2E_QA_Code/nuplan/dataset/data/cache/train_pittsburgh/2021.09.10.17.09.03_veh-42_02391_02973.db,2021.09.10.17.09.03_veh-42_02391_02973.db,108994560,2022-09-23T05:50:30+00:00,True,bb9292e2ba0ac6dd0635e44292adac8a3830c7282c2f1f8cd8eb399f76931bd2,1ddb2d9aa43126649e8539b405705c0116bd5294593b88f7e6a07d8e8072a0f9,24286,8826,f4f1e234b7501cc982adb7f218e824c2e1b0bbb287e7db8426760a5c1368a7d2,1,2021.09.10.17.09.03_veh-42_02391_02973,us-pa-pittsburgh-hazelwood,us-pa-pittsburgh-hazelwood,True,READY,
train_pittsburgh,/Users/liuqing/Projects/01_E2E_QA_Code/nuplan/dataset/data/cache/train_pittsburgh/2021.09.10.18.03.24_veh-42_00067_01025.db,2021.09.10.18.03.24_veh-42_00067_01025.db,164212736,2022-09-23T05:50:30+00:00,True,bb9292e2ba0ac6dd0635e44292adac8a3830c7282c2f1f8cd8eb399f76931bd2,9e37de429694e83ea20d64afffe44aee3e0d8324f35c5a38badfec31ae1512fe,21272,12195,afbc412b80494dddbc9e77ca349845169b76076fc0f6861123681a375e296717,1,2021.09.10.18.03.24_veh-42_00067_01025,us-pa-pittsburgh-hazelwood,us-pa-pittsburgh-hazelwood,True,READY,
train_pittsburgh,/Users/liuqing/Projects/01_E2E_QA_Code/nuplan/dataset/data/cache/train_pittsburgh/2021.09.10.18.03.24_veh-42_01149_01310.db,2021.09.10.18.03.24_veh-42_01149_01310.db,10969088,2022-09-23T05:50:30+00:00,True,bb9292e2ba0ac6dd0635e44292adac8a3830c7282c2f1f8cd8eb399f76931bd2,0a1e5b5668305f938c76117fba183aaf8f9939a9bb0b44dbf6b8f9e026a9e912,4080,2677,ceb806e9e472eec8427f0aa2b4d4b21c718abf2ef7417c88d25d565579f3579d,1,2021.09.10.18.03.24_veh-42_01149_01310,us-pa-pittsburgh-hazelwood,us-pa-pittsburgh-hazelwood,True,READY,
train_pittsburgh,/Users/liuqing/Projects/01_E2E_QA_Code/nuplan/dataset/data/cache/train_pittsburgh/2021.09.10.18.03.24_veh-42_01371_01489.db,2021.09.10.18.03.24_veh-42_01371_01489.db,9601024,2022-09-23T05:50:30+00:00,True,bb9292e2ba0ac6dd0635e44292adac8a3830c7282c2f1f8cd8eb399f76931bd2,ecc11344bc1d14e9898a95916ad2f6d177f1660be834123f6aa8f7ce0386dce8,2463,1571,f8dcfa4317719ee47bb0fba33e6fa2b82473f5ff3aff17c219b684f003b97cdb,1,2021.09.10.18.03.24_veh-42_01371_01489,us-pa-pittsburgh-hazelwood,us-pa-pittsburgh-hazelwood,True,READY,
train_pittsburgh,/Users/liuqing/Projects/01_E2E_QA_Code/nuplan/dataset/data/cache/train_pittsburgh/2021.09.10.18.03.24_veh-42_01572_02075.db,2021.09.10.18.03.24_veh-42_01572_02075.db,80388096,2022-09-23T05:50:30+00:00,True,bb9292e2ba0ac6dd0635e44292adac8a3830c7282c2f1f8cd8eb399f76931bd2,c157e336c9bacce72e23e13a2b964cbd3b57a30ff8daea727f39d159e2992942,11858,6583,192ac625661667a337f33155a8b13a90b4d00dbc58c21f8057b855577d54f98b,1,2021.09.10.18.03.24_veh-42_01572_02075,us-pa-pittsburgh-hazelwood,us-pa-pittsburgh-hazelwood,True,READY,
train_pittsburgh,/Users/liuqing/Projects/01_E2E_QA_Code/nuplan/dataset/data/cache/train_pittsburgh/2021.09.10.18.03.24_veh-42_02099_02417.db,2021.09.10.18.03.24_veh-42_02099_02417.db,59826176,2022-09-23T05:50:30+00:00,True,bb9292e2ba0ac6dd0635e44292adac8a3830c7282c2f1f8cd8eb399f76931bd2,b00a80b6e64633b78e8897f24062fd443bad01168eec8861884e20e65980dd7e,7608,4161,05fb342041828f67eff42724da5dc563a51425dff701e7764dafde2c80fc1c01,1,2021.09.10.18.03.24_veh-42_02099_02417,us-pa-pittsburgh-hazelwood,us-pa-pittsburgh-hazelwood,True,READY,
train_pittsburgh,/Users/liuqing/Projects/01_E2E_QA_Code/nuplan/dataset/data/cache/train_pittsburgh/2021.09.10.18.03.24_veh-42_02463_02576.db,2021.09.10.18.03.24_veh-42_02463_02576.db,22368256,2022-09-23T05:50:30+00:00,True,bb9292e2ba0ac6dd0635e44292adac8a3830c7282c2f1f8cd8eb399f76931bd2,a4935dba04c34168c3ee7384fa417825e15b32bd244c475b22fa20bec705fad7,2734,1515,2d912538eeb72c5d1c3fc72dce4fa4c893053d6cfbffd130da8fb21dbc0a5c3f,1,2021.09.10.18.03.24_veh-42_02463_02576,us-pa-pittsburgh-hazelwood,us-pa-pittsburgh-hazelwood,True,READY,
train_pittsburgh,/Users/liuqing/Projects/01_E2E_QA_Code/nuplan/dataset/data/cache/train_pittsburgh/2021.09.10.18.03.24_veh-42_02596_02778.db,2021.09.10.18.03.24_veh-42_02596_02778.db,29720576,2022-09-23T05:50:30+00:00,True,bb9292e2ba0ac6dd0635e44292adac8a3830c7282c2f1f8cd8eb399f76931bd2,0a3816251c64bb4a6479a26b3648c745d2bccc8d7f9f7e6dfd179d83ee1758df,3657,2246,b7d8c28e04416c7fc7f7fa5c6863043ef66f4d237c1f0e67f622cea230a1af90,1,2021.09.10.18.03.24_veh-42_02596_02778,us-pa-pittsburgh-hazelwood,us-pa-pittsburgh-hazelwood,True,READY,
train_pittsburgh,/Users/liuqing/Projects/01_E2E_QA_Code/nuplan/dataset/data/cache/train_pittsburgh/2021.09.10.18.03.24_veh-42_02833_03385.db,2021.09.10.18.03.24_veh-42_02833_03385.db,93528064,2022-09-23T05:50:30+00:00,True,bb9292e2ba0ac6dd0635e44292adac8a3830c7282c2f1f8cd8eb399f76931bd2,ee2274ad21ba5fdfc4728aced83c0abd51d5187f55d95d68e95137e4afaf989b,13334,7559,278160948290c7ed57e0f033a41124a6c3ed8fac3bea8cba2560e09e8dadd533,1,2021.09.10.18.03.24_veh-42_02833_03385,us-pa-pittsburgh-hazelwood,us-pa-pittsburgh-hazelwood,True,READY,
train_pittsburgh,/Users/liuqing/Projects/01_E2E_QA_Code/nuplan/dataset/data/cache/train_pittsburgh/2021.09.10.18.03.24_veh-42_03480_03593.db,2021.09.10.18.03.24_veh-42_03480_03593.db,8310784,2022-09-23T05:50:30+00:00,True,bb9292e2ba0ac6dd0635e44292adac8a3830c7282c2f1f8cd8eb399f76931bd2,81ea315241122136a3c563762dd2200d8afd379bfcc6f9d86c0737106ca612bf,2291,1459,db532248dc0e4452a37b8080a08be12b776c26d8e58e6f22a5d553a2406e5d95,1,2021.09.10.18.03.24_veh-42_03480_03593,us-pa-pittsburgh-hazelwood,us-pa-pittsburgh-hazelwood,True,READY,
train_pittsburgh,/Users/liuqing/Projects/01_E2E_QA_Code/nuplan/dataset/data/cache/train_pittsburgh/2021.09.10.19.22.47_veh-42_00042_00138.db,2021.09.10.19.22.47_veh-42_00042_00138.db,6758400,2022-09-23T05:50:30+00:00,True,bb9292e2ba0ac6dd0635e44292adac8a3830c7282c2f1f8cd8eb399f76931bd2,8772982eddc69b38f2b99ef8c29445ddc800477f3d67c40febaced49cb60e0fe,2330,1617,c8516eeb9c9ceb123672f8e44115c15fe277c9de58ea1fe78db9b9615ae18117,1,2021.09.10.19.22.47_veh-42_00042_00138,us-pa-pittsburgh-hazelwood,us-pa-pittsburgh-hazelwood,True,READY,
train_pittsburgh,/Users/liuqing/Projects/01_E2E_QA_Code/nuplan/dataset/data/cache/train_pittsburgh/2021.09.10.19.22.47_veh-42_00173_00921.db,2021.09.10.19.22.47_veh-42_00173_00921.db,125972480,2022-09-23T05:50:30+00:00,True,bb9292e2ba0ac6dd0635e44292adac8a3830c7282c2f1f8cd8eb399f76931bd2,e6e45d0cd0d224750104e625fd4942f4ad930bf304f830ed18a51702e888d8fe,16224,10597,60dfc7487ed9f68b42ff8d5a8bafb7950338d09fd460b8828e6ab7edf3fe027e,1,2021.09.10.19.22.47_veh-42_00173_00921,us-pa-pittsburgh-hazelwood,us-pa-pittsburgh-hazelwood,True,READY,
train_pittsburgh,/Users/liuqing/Projects/01_E2E_QA_Code/nuplan/dataset/data/cache/train_pittsburgh/2021.09.10.19.22.47_veh-42_00950_01051.db,2021.09.10.19.22.47_veh-42_00950_01051.db,12500992,2022-09-23T05:50:30+00:00,True,bb9292e2ba0ac6dd0635e44292adac8a3830c7282c2f1f8cd8eb399f76931bd2,bd8f754fa714a4b3ebae588a9a61461dfe4e02d95289fcc5bf8b9dd29cc6692b,2093,1024,66f0c211b1eeb070e740260e239a2689ff0c874e637659984c18f8c832d3f5a4,1,2021.09.10.19.22.47_veh-42_00950_01051,us-pa-pittsburgh-hazelwood,us-pa-pittsburgh-hazelwood,True,READY,
train_pittsburgh,/Users/liuqing/Projects/01_E2E_QA_Code/nuplan/dataset/data/cache/train_pittsburgh/2021.09.10.19.22.47_veh-42_01062_02421.db,2021.09.10.19.22.47_veh-42_01062_02421.db,236363776,2022-09-23T05:50:30+00:00,True,bb9292e2ba0ac6dd0635e44292adac8a3830c7282c2f1f8cd8eb399f76931bd2,954fec45883c14531a5422203df42caec93949e05c2d27517d986e43dc9668b6,34391,18749,1028e5bd01e127a5ba2ca3eeea46b3afc2fafca5070a9e30a85fafa1fc437608,1,2021.09.10.19.22.47_veh-42_01062_02421,us-pa-pittsburgh-hazelwood,us-pa-pittsburgh-hazelwood,True,READY,
train_pittsburgh,/Users/liuqing/Projects/01_E2E_QA_Code/nuplan/dataset/data/cache/train_pittsburgh/2021.09.10.20.06.13_veh-42_00032_01034.db,2021.09.10.20.06.13_veh-42_00032_01034.db,170397696,2022-09-23T05:50:30+00:00,True,bb9292e2ba0ac6dd0635e44292adac8a3830c7282c2f1f8cd8eb399f76931bd2,ff8e07ac9eeb60a57549f532cdeec0ea92fd4149196f9e2fd3fd82b728d823b9,22678,13249,0d276b4175668bebcc48aa28e073ae024c8c51a74ec0eab7bca94f8123d5536c,1,2021.09.10.20.06.13_veh-42_00032_01034,us-pa-pittsburgh-hazelwood,us-pa-pittsburgh-hazelwood,True,READY,
train_pittsburgh,/Users/liuqing/Projects/01_E2E_QA_Code/nuplan/dataset/data/cache/train_pittsburgh/2021.09.10.20.06.13_veh-42_01090_01664.db,2021.09.10.20.06.13_veh-42_01090_01664.db,103510016,2022-09-23T05:50:30+00:00,True,bb9292e2ba0ac6dd0635e44292adac8a3830c7282c2f1f8cd8eb399f76931bd2,2339a1e54f6cbcf517900c7673007f541b12c67893876aa929aee92ce4d044ae,13185,7182,89ec26f9106ff4015f900d213f8633c26147c954164da6b54dec03d479a538b1,1,2021.09.10.20.06.13_veh-42_01090_01664,us-pa-pittsburgh-hazelwood,us-pa-pittsburgh-hazelwood,True,READY,
train_pittsburgh,/Users/liuqing/Projects/01_E2E_QA_Code/nuplan/dataset/data/cache/train_pittsburgh/2021.09.10.20.06.13_veh-42_01793_01919.db,2021.09.10.20.06.13_veh-42_01793_01919.db,8781824,2022-09-23T05:50:30+00:00,True,bb9292e2ba0ac6dd0635e44292adac8a3830c7282c2f1f8cd8eb399f76931bd2,8099d08c445a66aa569b1ff0e28cb640c2125e35d65db4c74b503f407ad0ade6,2571,1648,70f4d9a65e6559e78f4c4207521cf81e8cbcd90b10372115a232c9c93af018cd,1,2021.09.10.20.06.13_veh-42_01793_01919,us-pa-pittsburgh-hazelwood,us-pa-pittsburgh-hazelwood,True,READY,
train_pittsburgh,/Users/liuqing/Projects/01_E2E_QA_Code/nuplan/dataset/data/cache/train_pittsburgh/2021.09.13.13.20.43_veh-45_00102_00230.db,2021.09.13.13.20.43_veh-45_00102_00230.db,9789440,2022-09-23T05:30:22+00:00,True,bb9292e2ba0ac6dd0635e44292adac8a3830c7282c2f1f8cd8eb399f76931bd2,29decc6f291649545c2d3f085711f8ef55b9b838f38f07210226b1edba5cf18f,2565,1636,7a6a81a6c6354369da47513b01bcc3ed692be7986ee966bd47d1c53ee52dd659,1,2021.09.13.13.20.43_veh-45_00102_00230,us-pa-pittsburgh-hazelwood,us-pa-pittsburgh-hazelwood,True,READY,
train_pittsburgh,/Users/liuqing/Projects/01_E2E_QA_Code/nuplan/dataset/data/cache/train_pittsburgh/2021.09.13.13.20.43_veh-45_00291_00504.db,2021.09.13.13.20.43_veh-45_00291_00504.db,16936960,2022-09-23T05:30:22+00:00,True,bb9292e2ba0ac6dd0635e44292adac8a3830c7282c2f1f8cd8eb399f76931bd2,907c76f4e8ec54e2071da441e13e335df236e21c61d2b85bc05137a1f03ee2f6,4783,2959,3790467bcfa13903dec0a80081b1bf9920ea709298bf83eaef9fa4f81615a43e,1,2021.09.13.13.20.43_veh-45_00291_00504,us-pa-pittsburgh-hazelwood,us-pa-pittsburgh-hazelwood,True,READY,
train_pittsburgh,/Users/liuqing/Projects/01_E2E_QA_Code/nuplan/dataset/data/cache/train_pittsburgh/2021.09.13.13.20.43_veh-45_00537_00674.db,2021.09.13.13.20.43_veh-45_00537_00674.db,17211392,2022-09-23T05:30:22+00:00,True,bb9292e2ba0ac6dd0635e44292adac8a3830c7282c2f1f8cd8eb399f76931bd2,31bbc472cc6e4341b620472df17bb84b52974070f21d8a37ae954fa0acf4278c,3412,1819,bc93021246f72cc920c3b453eada8c41ccd87b8deefd59065aa8168277fad117,1,2021.09.13.13.20.43_veh-45_00537_00674,us-pa-pittsburgh-hazelwood,us-pa-pittsburgh-hazelwood,True,READY,
train_pittsburgh,/Users/liuqing/Projects/01_E2E_QA_Code/nuplan/dataset/data/cache/train_pittsburgh/2021.09.13.13.20.43_veh-45_00721_00828.db,2021.09.13.13.20.43_veh-45_00721_00828.db,10940416,2022-09-23T05:30:22+00:00,True,bb9292e2ba0ac6dd0635e44292adac8a3830c7282c2f1f8cd8eb399f76931bd2,8090b785a3e40903a994124dbfd09938687ec084f816383cbc9aff4f002693f8,2202,1671,91b8d1d3bb9ca935dccc76e3e60848d758a5e8973c065ffe7d7b6d283de443ad,1,2021.09.13.13.20.43_veh-45_00721_00828,us-pa-pittsburgh-hazelwood,us-pa-pittsburgh-hazelwood,True,READY,
train_pittsburgh,/Users/liuqing/Projects/01_E2E_QA_Code/nuplan/dataset/data/cache/train_pittsburgh/2021.09.13.13.20.43_veh-45_00898_01049.db,2021.09.13.13.20.43_veh-45_00898_01049.db,30056448,2022-09-23T05:30:22+00:00,True,bb9292e2ba0ac6dd0635e44292adac8a3830c7282c2f1f8cd8eb399f76931bd2,1ac31d14954add09152b4dc73b50b1638e660caffc8d228a6e651faa4d2d4edb,3530,1987,fb378d9a7a998aa8f64390bf7875a087b397c2510ff4b8245cd0945aa99021e6,1,2021.09.13.13.20.43_veh-45_00898_01049,us-pa-pittsburgh-hazelwood,us-pa-pittsburgh-hazelwood,True,READY,
train_pittsburgh,/Users/liuqing/Projects/01_E2E_QA_Code/nuplan/dataset/data/cache/train_pittsburgh/2021.09.13.13.20.43_veh-45_01110_01801.db,2021.09.13.13.20.43_veh-45_01110_01801.db,112623616,2022-09-23T05:30:22+00:00,True,bb9292e2ba0ac6dd0635e44292adac8a3830c7282c2f1f8cd8eb399f76931bd2,d8d62ddd9976b0bcc457b635db9dfb64e1bb8a71ce545d3cecedd961692d524d,15627,8822,6f8a4c6d856c803c13aa26007f00603f33091752db4ee131d02ed01923b29a1b,1,2021.09.13.13.20.43_veh-45_01110_01801,us-pa-pittsburgh-hazelwood,us-pa-pittsburgh-hazelwood,True,READY,
train_pittsburgh,/Users/liuqing/Projects/01_E2E_QA_Code/nuplan/dataset/data/cache/train_pittsburgh/2021.09.13.13.20.43_veh-45_02039_02166.db,2021.09.13.13.20.43_veh-45_02039_02166.db,8314880,2022-09-23T05:30:22+00:00,True,bb9292e2ba0ac6dd0635e44292adac8a3830c7282c2f1f8cd8eb399f76931bd2,d5d95c851cd2c2e4a3c8cd2461297457e28284d391549406982c7940572c106d,3201,2191,4a68eb2f6d67dd615c36dceae4fed0399ceb6b764d1273447b72c3f368e5a8e3,1,2021.09.13.13.20.43_veh-45_02039_02166,us-pa-pittsburgh-hazelwood,us-pa-pittsburgh-hazelwood,True,READY,
train_pittsburgh,/Users/liuqing/Projects/01_E2E_QA_Code/nuplan/dataset/data/cache/train_pittsburgh/2021.09.13.13.20.43_veh-45_02247_02392.db,2021.09.13.13.20.43_veh-45_02247_02392.db,11427840,2022-09-23T05:30:22+00:00,True,bb9292e2ba0ac6dd0635e44292adac8a3830c7282c2f1f8cd8eb399f76931bd2,6b13a712bda7630953199595ab2f8a9d979702f1185ac6ecf36ca7142bfd3148,2927,1892,f8d204ec5523312d1e232a34ebcd0fcda911bf115b8cdf02716348e98daf20a2,1,2021.09.13.13.20.43_veh-45_02247_02392,us-pa-pittsburgh-hazelwood,us-pa-pittsburgh-hazelwood,True,READY,
train_pittsburgh,/Users/liuqing/Projects/01_E2E_QA_Code/nuplan/dataset/data/cache/train_pittsburgh/2021.09.13.13.20.43_veh-45_02418_02734.db,2021.09.13.13.20.43_veh-45_02418_02734.db,26697728,2022-09-23T05:30:23+00:00,True,bb9292e2ba0ac6dd0635e44292adac8a3830c7282c2f1f8cd8eb399f76931bd2,7583993b2f0ecd9f66ec452cc351f90fcfafe754e9f2cda9abb6873e34ac3fa1,6692,4059,c89a5df3e351bb08d8bc33bd5a8a8dfe1bc483b738048f7bc3eb2ad2ee3edd68,1,2021.09.13.13.20.43_veh-45_02418_02734,us-pa-pittsburgh-hazelwood,us-pa-pittsburgh-hazelwood,True,READY,
train_pittsburgh,/Users/liuqing/Projects/01_E2E_QA_Code/nuplan/dataset/data/cache/train_pittsburgh/2021.09.13.13.20.43_veh-45_02765_02834.db,2021.09.13.13.20.43_veh-45_02765_02834.db,11845632,2022-09-23T05:30:23+00:00,True,bb9292e2ba0ac6dd0635e44292adac8a3830c7282c2f1f8cd8eb399f76931bd2,38e83d13ba07acf48deaf95867bb810c6a1bb1fab2c947ae2330b2532105f6c1,1910,936,27c35f1f225fb1bfb4ea535b7fd77e3ae5b110d6fb94f9e10f7e8cf857b57ba0,1,2021.09.13.13.20.43_veh-45_02765_02834,us-pa-pittsburgh-hazelwood,us-pa-pittsburgh-hazelwood,True,READY,
train_pittsburgh,/Users/liuqing/Projects/01_E2E_QA_Code/nuplan/dataset/data/cache/train_pittsburgh/2021.09.13.13.20.43_veh-45_02877_03335.db,2021.09.13.13.20.43_veh-45_02877_03335.db,64671744,2022-09-23T05:30:23+00:00,True,bb9292e2ba0ac6dd0635e44292adac8a3830c7282c2f1f8cd8eb399f76931bd2,9d0adf5185a0c4a029454b0b674c7d77580f2503fb7c7bef80032b07e70fdae8,5201,4037,9296d8b3fb3d942e564e08d727db866c265f257d32dcdcd2af43a0b18ee67928,1,2021.09.13.13.20.43_veh-45_02877_03335,us-pa-pittsburgh-hazelwood,us-pa-pittsburgh-hazelwood,True,READY,
train_pittsburgh,/Users/liuqing/Projects/01_E2E_QA_Code/nuplan/dataset/data/cache/train_pittsburgh/2021.09.13.13.20.43_veh-45_03358_03519.db,2021.09.13.13.20.43_veh-45_03358_03519.db,23781376,2022-09-23T05:30:23+00:00,True,bb9292e2ba0ac6dd0635e44292adac8a3830c7282c2f1f8cd8eb399f76931bd2,0b7445036e62f30c64d6f14b0e46c487efce8eea613107fe69402b29f5f0bc37,0,0,e3b0c44298fc1c149afbf4c8996fb92427ae41e4649b934ca495991b7852b855,1,2021.09.13.13.20.43_veh-45_03358_03519,us-pa-pittsburgh-hazelwood,us-pa-pittsburgh-hazelwood,True,READY,
train_pittsburgh,/Users/liuqing/Projects/01_E2E_QA_Code/nuplan/dataset/data/cache/train_pittsburgh/2021.09.13.14.24.27_veh-45_00016_00108.db,2021.09.13.14.24.27_veh-45_00016_00108.db,16809984,2022-09-23T05:50:31+00:00,True,bb9292e2ba0ac6dd0635e44292adac8a3830c7282c2f1f8cd8eb399f76931bd2,88fe7c46683bc35a71fcb99f08e7e7e57934b97f7b13aa3a6b3dfd611171215f,2482,1215,243238a3846e9ead1da9f3bec8889150457403d4ff4a90cd18f91e9e174a49f6,1,2021.09.13.14.24.27_veh-45_00016_00108,us-pa-pittsburgh-hazelwood,us-pa-pittsburgh-hazelwood,True,READY,
train_pittsburgh,/Users/liuqing/Projects/01_E2E_QA_Code/nuplan/dataset/data/cache/train_pittsburgh/2021.09.13.14.24.27_veh-45_00131_00396.db,2021.09.13.14.24.27_veh-45_00131_00396.db,41791488,2022-09-23T05:50:31+00:00,True,bb9292e2ba0ac6dd0635e44292adac8a3830c7282c2f1f8cd8eb399f76931bd2,b326793ebe9d61846ac731a3c6bc3a166f4241b6979547a293a540b4028f037d,8058,3449,6b475fc2ac6cd4cca82312a4ebb4a67215b0fa606b22b9513f6fc1c4277cad6d,1,2021.09.13.14.24.27_veh-45_00131_00396,us-pa-pittsburgh-hazelwood,us-pa-pittsburgh-hazelwood,True,READY,
train_pittsburgh,/Users/liuqing/Projects/01_E2E_QA_Code/nuplan/dataset/data/cache/train_pittsburgh/2021.09.13.14.24.27_veh-45_00516_00591.db,2021.09.13.14.24.27_veh-45_00516_00591.db,5353472,2022-09-23T05:50:31+00:00,True,bb9292e2ba0ac6dd0635e44292adac8a3830c7282c2f1f8cd8eb399f76931bd2,c7154dbb6212f7ac3684737adfbd6cd09075f45f1ae867d48b14315b0acf8de5,1677,1174,bc0361725e73b15d09489f9bd7f8a122a7d4e4cdced1e1df2e2f963e4c351d0f,1,2021.09.13.14.24.27_veh-45_00516_00591,us-pa-pittsburgh-hazelwood,us-pa-pittsburgh-hazelwood,True,READY,
train_pittsburgh,/Users/liuqing/Projects/01_E2E_QA_Code/nuplan/dataset/data/cache/train_pittsburgh/2021.09.13.14.24.27_veh-45_00765_00868.db,2021.09.13.14.24.27_veh-45_00765_00868.db,8478720,2022-09-23T05:50:31+00:00,True,bb9292e2ba0ac6dd0635e44292adac8a3830c7282c2f1f8cd8eb399f76931bd2,1589cc85818b34d32de2a0a4f032b5f0197fef31ca84fcd02ed193d7d32e26fe,2194,1336,a4fcb1358a6a86fd4c66ac06af79ecd6d6be58598ab58cd8e57b5336124132c7,1,2021.09.13.14.24.27_veh-45_00765_00868,us-pa-pittsburgh-hazelwood,us-pa-pittsburgh-hazelwood,True,READY,
train_pittsburgh,/Users/liuqing/Projects/01_E2E_QA_Code/nuplan/dataset/data/cache/train_pittsburgh/2021.09.13.14.24.27_veh-45_00963_01115.db,2021.09.13.14.24.27_veh-45_00963_01115.db,11689984,2022-09-23T05:50:31+00:00,True,bb9292e2ba0ac6dd0635e44292adac8a3830c7282c2f1f8cd8eb399f76931bd2,0c4b43b486c4a97c5c2dc52009f29379fe008278cc35627596e7a8565f6b2ce2,4938,2022,e4e5fd8be1c5d57cc9baac56f6f714ca2b4e022db56a96d8deadf836aec921f3,1,2021.09.13.14.24.27_veh-45_00963_01115,us-pa-pittsburgh-hazelwood,us-pa-pittsburgh-hazelwood,True,READY,
train_pittsburgh,/Users/liuqing/Projects/01_E2E_QA_Code/nuplan/dataset/data/cache/train_pittsburgh/2021.09.13.14.24.27_veh-45_01126_01780.db,2021.09.13.14.24.27_veh-45_01126_01780.db,91435008,2022-09-23T05:50:31+00:00,True,bb9292e2ba0ac6dd0635e44292adac8a3830c7282c2f1f8cd8eb399f76931bd2,f35dd7739a8300f4f9ac45972fbe06687d9d1bf411de4600a3483b2ee2150a58,18530,8838,2b019fd7937ea19b7bb397b06dd8751ffe4df3387f736d5c716208f5a354df9b,1,2021.09.13.14.24.27_veh-45_01126_01780,us-pa-pittsburgh-hazelwood,us-pa-pittsburgh-hazelwood,True,READY,
train_pittsburgh,/Users/liuqing/Projects/01_E2E_QA_Code/nuplan/dataset/data/cache/train_pittsburgh/2021.09.13.14.24.27_veh-45_01804_02112.db,2021.09.13.14.24.27_veh-45_01804_02112.db,56737792,2022-09-23T05:50:31+00:00,True,bb9292e2ba0ac6dd0635e44292adac8a3830c7282c2f1f8cd8eb399f76931bd2,3b7bdf4d1b9eed091a6a239d8f9b100ec58d38b136aee7ef5764fa65c5257f9a,10459,4482,f3e78be602518986089551912afb0a2c7ccfda69720070b623b9d23622b5a23f,1,2021.09.13.14.24.27_veh-45_01804_02112,us-pa-pittsburgh-hazelwood,us-pa-pittsburgh-hazelwood,True,READY,
train_pittsburgh,/Users/liuqing/Projects/01_E2E_QA_Code/nuplan/dataset/data/cache/train_pittsburgh/2021.09.13.14.24.27_veh-45_02136_02244.db,2021.09.13.14.24.27_veh-45_02136_02244.db,21577728,2022-09-23T05:50:31+00:00,True,bb9292e2ba0ac6dd0635e44292adac8a3830c7282c2f1f8cd8eb399f76931bd2,133813ef2143c87124b9f2bc38ca46f2b340c8ffff06db7e976260d2a3208e74,2964,1281,c6ce56e292e19fcdd37afa2efaab03656d30e2f52e7059d46609664d71606207,1,2021.09.13.14.24.27_veh-45_02136_02244,us-pa-pittsburgh-hazelwood,us-pa-pittsburgh-hazelwood,True,READY,
train_pittsburgh,/Users/liuqing/Projects/01_E2E_QA_Code/nuplan/dataset/data/cache/train_pittsburgh/2021.09.13.14.24.27_veh-45_02264_02424.db,2021.09.13.14.24.27_veh-45_02264_02424.db,30339072,2022-09-23T05:50:31+00:00,True,bb9292e2ba0ac6dd0635e44292adac8a3830c7282c2f1f8cd8eb399f76931bd2,3036681497273c29a747cccd2616531bd6b7bf86ab47e6d0d116a632b52fa370,3483,1689,a8b8c592d9cd552ca8dbc711c2630c244e59d8347f030b9ff70245aeb9527e16,1,2021.09.13.14.24.27_veh-45_02264_02424,us-pa-pittsburgh-hazelwood,us-pa-pittsburgh-hazelwood,True,READY,
train_pittsburgh,/Users/liuqing/Projects/01_E2E_QA_Code/nuplan/dataset/data/cache/train_pittsburgh/2021.09.13.14.24.27_veh-45_02488_02841.db,2021.09.13.14.24.27_veh-45_02488_02841.db,68792320,2022-09-23T05:50:31+00:00,True,bb9292e2ba0ac6dd0635e44292adac8a3830c7282c2f1f8cd8eb399f76931bd2,27ebde1deeb2885a12da9d90c3e02502c64039afa1d436240066389468336e46,8037,4357,42a11d8d69f9f26c678c0b0bc505ba90b88a5b04a2e9bbc2768e9963fd191006,1,2021.09.13.14.24.27_veh-45_02488_02841,us-pa-pittsburgh-hazelwood,us-pa-pittsburgh-hazelwood,True,READY,
train_pittsburgh,/Users/liuqing/Projects/01_E2E_QA_Code/nuplan/dataset/data/cache/train_pittsburgh/2021.09.13.14.24.27_veh-45_02987_03098.db,2021.09.13.14.24.27_veh-45_02987_03098.db,7778304,2022-09-23T05:50:31+00:00,True,bb9292e2ba0ac6dd0635e44292adac8a3830c7282c2f1f8cd8eb399f76931bd2,d9efc021852fc813d6f0b06a56d90bc9a2435bf112e3df8884d7668eb5289572,2835,1886,53ff30cab0175d2e24a3dea512822c9eb5fc8c80c0d323a13459a64e1c80c145,1,2021.09.13.14.24.27_veh-45_02987_03098,us-pa-pittsburgh-hazelwood,us-pa-pittsburgh-hazelwood,True,READY,
train_pittsburgh,/Users/liuqing/Projects/01_E2E_QA_Code/nuplan/dataset/data/cache/train_pittsburgh/2021.09.13.18.55.23_veh-45_00096_00161.db,2021.09.13.18.55.23_veh-45_00096_00161.db,4341760,2022-09-23T05:50:32+00:00,True,bb9292e2ba0ac6dd0635e44292adac8a3830c7282c2f1f8cd8eb399f76931bd2,5427259aa47941df51367c4007e1b89ad9e49a6275a494d1cdc4ef15132470fd,1431,909,b8aa9d862bd1b75948139b7cc22db3d9fcef79f069a3cc30f6c5cf2f17a9f5d7,1,2021.09.13.18.55.23_veh-45_00096_00161,us-pa-pittsburgh-hazelwood,us-pa-pittsburgh-hazelwood,True,READY,
train_pittsburgh,/Users/liuqing/Projects/01_E2E_QA_Code/nuplan/dataset/data/cache/train_pittsburgh/2021.09.13.18.55.23_veh-45_00208_00352.db,2021.09.13.18.55.23_veh-45_00208_00352.db,11182080,2022-09-23T05:50:33+00:00,True,bb9292e2ba0ac6dd0635e44292adac8a3830c7282c2f1f8cd8eb399f76931bd2,539196588b8958a471ea37ec041b50c9884d80cc39ccebaebf1000e46004a228,3037,2021,ff06597405cc59491ea3d88ebd8a6d9c0c5f15ad59aa3f0f0759bb6764ad00b6,1,2021.09.13.18.55.23_veh-45_00208_00352,us-pa-pittsburgh-hazelwood,us-pa-pittsburgh-hazelwood,True,READY,
train_pittsburgh,/Users/liuqing/Projects/01_E2E_QA_Code/nuplan/dataset/data/cache/train_pittsburgh/2021.09.13.18.55.23_veh-45_00424_00626.db,2021.09.13.18.55.23_veh-45_00424_00626.db,21680128,2022-09-23T05:50:33+00:00,True,bb9292e2ba0ac6dd0635e44292adac8a3830c7282c2f1f8cd8eb399f76931bd2,2b4b52e446f3362de346c0103d026595b56f0859ec4027f7cc42e04863ebbfd2,5160,2860,699c5c5c0685cbb9a59c1a5b5338be16997f2adbda6f18885953e926dff242d6,1,2021.09.13.18.55.23_veh-45_00424_00626,us-pa-pittsburgh-hazelwood,us-pa-pittsburgh-hazelwood,True,READY,
train_pittsburgh,/Users/liuqing/Projects/01_E2E_QA_Code/nuplan/dataset/data/cache/train_pittsburgh/2021.09.13.18.55.23_veh-45_00709_00841.db,2021.09.13.18.55.23_veh-45_00709_00841.db,24113152,2022-09-23T05:50:33+00:00,True,bb9292e2ba0ac6dd0635e44292adac8a3830c7282c2f1f8cd8eb399f76931bd2,a7124ad23c11ab17d387b34d84cfac843614152a68116960dc96ed3e03107400,2658,1730,4b15e86f23c8ac975f259100cc46aecc949fa6d89a6df4019deb9aad20eb62a6,1,2021.09.13.18.55.23_veh-45_00709_00841,us-pa-pittsburgh-hazelwood,us-pa-pittsburgh-hazelwood,True,READY,
train_pittsburgh,/Users/liuqing/Projects/01_E2E_QA_Code/nuplan/dataset/data/cache/train_pittsburgh/2021.09.13.18.55.23_veh-45_00880_01102.db,2021.09.13.18.55.23_veh-45_00880_01102.db,45727744,2022-09-23T05:50:33+00:00,True,bb9292e2ba0ac6dd0635e44292adac8a3830c7282c2f1f8cd8eb399f76931bd2,9a1f4bdffd202319627516c95be13f6a24295f2195120fb728708a207e18f09d,5360,2841,a10fbc6c812cf1676a8ec969b51c457465e6c6d16d8d3b80c921da0e2b17d25b,1,2021.09.13.18.55.23_veh-45_00880_01102,us-pa-pittsburgh-hazelwood,us-pa-pittsburgh-hazelwood,True,READY,
train_pittsburgh,/Users/liuqing/Projects/01_E2E_QA_Code/nuplan/dataset/data/cache/train_pittsburgh/2021.09.13.18.55.23_veh-45_01137_01272.db,2021.09.13.18.55.23_veh-45_01137_01272.db,15667200,2022-09-23T05:50:33+00:00,True,bb9292e2ba0ac6dd0635e44292adac8a3830c7282c2f1f8cd8eb399f76931bd2,fb9e90b22d10a22f664f9dc42ee1992a3636122ed2ee3978001ad983c7980198,3141,1718,2d9ba7ca468c42d626764f582dadc779d4c8bf25fe0bdb722bcb9a6f555c1dc5,1,2021.09.13.18.55.23_veh-45_01137_01272,us-pa-pittsburgh-hazelwood,us-pa-pittsburgh-hazelwood,True,READY,
train_pittsburgh,/Users/liuqing/Projects/01_E2E_QA_Code/nuplan/dataset/data/cache/train_pittsburgh/2021.09.13.18.55.23_veh-45_01374_01434.db,2021.09.13.18.55.23_veh-45_01374_01434.db,4194304,2022-09-23T05:50:33+00:00,True,bb9292e2ba0ac6dd0635e44292adac8a3830c7282c2f1f8cd8eb399f76931bd2,837fc6b2a86e0efba16b3604b82e37090be99fb21da1cbb210a67aeb09d2ac6f,1650,1107,798c97251779730a2d001889fafbcef46a22770c5436b3c0a124862c588b2a55,1,2021.09.13.18.55.23_veh-45_01374_01434,us-pa-pittsburgh-hazelwood,us-pa-pittsburgh-hazelwood,True,READY,
train_pittsburgh,/Users/liuqing/Projects/01_E2E_QA_Code/nuplan/dataset/data/cache/train_pittsburgh/2021.09.13.18.55.23_veh-45_01531_01607.db,2021.09.13.18.55.23_veh-45_01531_01607.db,5300224,2022-09-23T05:50:33+00:00,True,bb9292e2ba0ac6dd0635e44292adac8a3830c7282c2f1f8cd8eb399f76931bd2,74c70e7a68caf591a15d7f4e3aba67e2b7de21c02cb3cc71641ea1dac8622e34,1506,1020,32b11b9cc047987159639a28443bb02a14946a292863413b6de9a46aa33dbba8,1,2021.09.13.18.55.23_veh-45_01531_01607,us-pa-pittsburgh-hazelwood,us-pa-pittsburgh-hazelwood,True,READY,
train_pittsburgh,/Users/liuqing/Projects/01_E2E_QA_Code/nuplan/dataset/data/cache/train_pittsburgh/2021.09.13.18.55.23_veh-45_01635_01757.db,2021.09.13.18.55.23_veh-45_01635_01757.db,11030528,2022-09-23T05:50:33+00:00,True,bb9292e2ba0ac6dd0635e44292adac8a3830c7282c2f1f8cd8eb399f76931bd2,ae62193e1af6feaa47792a676dbd4b8cb80752d0acb4806412fb12fe3a45ca6f,2185,1476,987c2e67db3c721587f14ef091e791476179436433885279a411ea0348fe8a26,1,2021.09.13.18.55.23_veh-45_01635_01757,us-pa-pittsburgh-hazelwood,us-pa-pittsburgh-hazelwood,True,READY,
train_pittsburgh,/Users/liuqing/Projects/01_E2E_QA_Code/nuplan/dataset/data/cache/train_pittsburgh/2021.09.13.18.55.23_veh-45_01768_01842.db,2021.09.13.18.55.23_veh-45_01768_01842.db,4571136,2022-09-23T05:50:33+00:00,True,bb9292e2ba0ac6dd0635e44292adac8a3830c7282c2f1f8cd8eb399f76931bd2,7c9be1458f0b5c78fd2189c7a997f0277e7ed021b81943fd3e8ea9e1aed53422,1417,939,d2dc13ec729af24ed2d8b16204a8184b1880488339b9f95930f751e547c0b66b,1,2021.09.13.18.55.23_veh-45_01768_01842,us-pa-pittsburgh-hazelwood,us-pa-pittsburgh-hazelwood,True,READY,
train_pittsburgh,/Users/liuqing/Projects/01_E2E_QA_Code/nuplan/dataset/data/cache/train_pittsburgh/2021.09.13.18.55.23_veh-45_01858_02014.db,2021.09.13.18.55.23_veh-45_01858_02014.db,12161024,2022-09-23T05:50:33+00:00,True,bb9292e2ba0ac6dd0635e44292adac8a3830c7282c2f1f8cd8eb399f76931bd2,bad279d4e6bc2d2223f45d8549da6c8cdf592c5edc758815572f5349be1c2df3,3555,2218,d786dd321c69ecfe05fdda4fe819390301b0773637d45334911771b2e36b82b3,1,2021.09.13.18.55.23_veh-45_01858_02014,us-pa-pittsburgh-hazelwood,us-pa-pittsburgh-hazelwood,True,READY,
train_pittsburgh,/Users/liuqing/Projects/01_E2E_QA_Code/nuplan/dataset/data/cache/train_pittsburgh/2021.09.13.18.55.23_veh-45_02099_02822.db,2021.09.13.18.55.23_veh-45_02099_02822.db,112119808,2022-09-23T05:50:33+00:00,True,bb9292e2ba0ac6dd0635e44292adac8a3830c7282c2f1f8cd8eb399f76931bd2,dab59dd489259426b6c65b5ace4d28af1c0a2e299e7a426a8c8ea3734d73ce51,16524,10038,08b757569864fa79d52ff814b205a377c57a96220d1742e572027054a0012f8f,1,2021.09.13.18.55.23_veh-45_02099_02822,us-pa-pittsburgh-hazelwood,us-pa-pittsburgh-hazelwood,True,READY,
train_pittsburgh,/Users/liuqing/Projects/01_E2E_QA_Code/nuplan/dataset/data/cache/train_pittsburgh/2021.09.13.18.55.23_veh-45_02833_02990.db,2021.09.13.18.55.23_veh-45_02833_02990.db,29483008,2022-09-23T05:50:33+00:00,True,bb9292e2ba0ac6dd0635e44292adac8a3830c7282c2f1f8cd8eb399f76931bd2,fab8df4bcb0342aa232d1bfbf3a6269ef87c25c13345ec7cd0765788acad2378,3583,1742,95f0aa7d1175a8a7e254eb4ecf8b316c2deb31617977c145665c1dbd545b37d7,1,2021.09.13.18.55.23_veh-45_02833_02990,us-pa-pittsburgh-hazelwood,us-pa-pittsburgh-hazelwood,True,READY,
train_pittsburgh,/Users/liuqing/Projects/01_E2E_QA_Code/nuplan/dataset/data/cache/train_pittsburgh/2021.09.13.18.55.23_veh-45_03008_03274.db,2021.09.13.18.55.23_veh-45_03008_03274.db,28688384,2022-09-23T05:50:33+00:00,True,bb9292e2ba0ac6dd0635e44292adac8a3830c7282c2f1f8cd8eb399f76931bd2,1f011af1879591e45f853f422bb92b71338fbb31175af96343f79f4f9bb64fde,4618,2910,e761863d410ea824aa6a10368852c6cb68a9b5a1ac6ec8d1f92ee628e84a6a9d,1,2021.09.13.18.55.23_veh-45_03008_03274,us-pa-pittsburgh-hazelwood,us-pa-pittsburgh-hazelwood,True,READY,
train_pittsburgh,/Users/liuqing/Projects/01_E2E_QA_Code/nuplan/dataset/data/cache/train_pittsburgh/2021.09.13.19.54.06_veh-45_00016_00242.db,2021.09.13.19.54.06_veh-45_00016_00242.db,37552128,2022-09-23T05:50:33+00:00,True,bb9292e2ba0ac6dd0635e44292adac8a3830c7282c2f1f8cd8eb399f76931bd2,a90db59415d82054a985617f78011e597dd5fb4cf6755481438554925ad32b6e,4925,3114,e35051da65e39cd1e847f4a7eeafda0c6ab1ab762b2d8db68877eb15bce16b65,1,2021.09.13.19.54.06_veh-45_00016_00242,us-pa-pittsburgh-hazelwood,us-pa-pittsburgh-hazelwood,True,READY,
train_pittsburgh,/Users/liuqing/Projects/01_E2E_QA_Code/nuplan/dataset/data/cache/train_pittsburgh/2021.09.13.19.54.06_veh-45_00388_00454.db,2021.09.13.19.54.06_veh-45_00388_00454.db,5210112,2022-09-23T05:50:33+00:00,True,bb9292e2ba0ac6dd0635e44292adac8a3830c7282c2f1f8cd8eb399f76931bd2,d665bf42e394c523a684f77f642a59c069e45fc288c75a6c847d569bbabe5405,1655,1166,ab2cc3b283bcae412ae0ee6d90362176e59cb63f54b3a7a42abfd6d2bf2c848e,1,2021.09.13.19.54.06_veh-45_00388_00454,us-pa-pittsburgh-hazelwood,us-pa-pittsburgh-hazelwood,True,READY,
train_pittsburgh,/Users/liuqing/Projects/01_E2E_QA_Code/nuplan/dataset/data/cache/train_pittsburgh/2021.09.13.19.54.06_veh-45_00564_00735.db,2021.09.13.19.54.06_veh-45_00564_00735.db,15233024,2022-09-23T05:50:33+00:00,True,bb9292e2ba0ac6dd0635e44292adac8a3830c7282c2f1f8cd8eb399f76931bd2,8b5dafedaf174857df25db572705cbb7313e59caaa1e2681604fb72be8e507c9,2952,1961,2a7d36678c42ca25ffee77c2cf199e7366b71cc04efb4f3164fd1a38b208c3a2,1,2021.09.13.19.54.06_veh-45_00564_00735,us-pa-pittsburgh-hazelwood,us-pa-pittsburgh-hazelwood,True,READY,
train_pittsburgh,/Users/liuqing/Projects/01_E2E_QA_Code/nuplan/dataset/data/cache/train_pittsburgh/2021.09.13.19.54.06_veh-45_00781_00843.db,2021.09.13.19.54.06_veh-45_00781_00843.db,3698688,2022-09-23T05:50:33+00:00,True,bb9292e2ba0ac6dd0635e44292adac8a3830c7282c2f1f8cd8eb399f76931bd2,1ec90b8d1649a84b1a2dc122e200e669f52b1b0931ee62223636efee38ec3769,1149,708,f2c7a405de2ac44300a67e8b871e04a6443216df91b9f177d2b8d4d9a2182132,1,2021.09.13.19.54.06_veh-45_00781_00843,us-pa-pittsburgh-hazelwood,us-pa-pittsburgh-hazelwood,True,READY,
train_pittsburgh,/Users/liuqing/Projects/01_E2E_QA_Code/nuplan/dataset/data/cache/train_pittsburgh/2021.09.13.19.54.06_veh-45_00884_01006.db,2021.09.13.19.54.06_veh-45_00884_01006.db,9314304,2022-09-23T05:50:33+00:00,True,bb9292e2ba0ac6dd0635e44292adac8a3830c7282c2f1f8cd8eb399f76931bd2,d1884b9d968036505cb691a2053dd6222997a3316ceee13ebf7baa4da8007168,2208,1515,ddeb08dfd0b84b65bd30116f82e14cef9a520f82ab3fa4bc60ed5469e4857c42,1,2021.09.13.19.54.06_veh-45_00884_01006,us-pa-pittsburgh-hazelwood,us-pa-pittsburgh-hazelwood,True,READY,
train_pittsburgh,/Users/liuqing/Projects/01_E2E_QA_Code/nuplan/dataset/data/cache/train_pittsburgh/2021.09.13.19.54.06_veh-45_01097_01852.db,2021.09.13.19.54.06_veh-45_01097_01852.db,121569280,2022-09-23T05:50:33+00:00,True,bb9292e2ba0ac6dd0635e44292adac8a3830c7282c2f1f8cd8eb399f76931bd2,544a611351cc8f60cace00728556cdd5362d47becfc7a4bb5bb87458b23f0124,17411,9364,68b4701b579290fdc34f9f97a84e5e6dd1467173c9d7b1f86f1ab552a8e56965,1,2021.09.13.19.54.06_veh-45_01097_01852,us-pa-pittsburgh-hazelwood,us-pa-pittsburgh-hazelwood,True,READY,
train_pittsburgh,/Users/liuqing/Projects/01_E2E_QA_Code/nuplan/dataset/data/cache/train_pittsburgh/2021.09.13.19.54.06_veh-45_01864_02254.db,2021.09.13.19.54.06_veh-45_01864_02254.db,62574592,2022-09-23T05:50:33+00:00,True,bb9292e2ba0ac6dd0635e44292adac8a3830c7282c2f1f8cd8eb399f76931bd2,e4c81df4a42f61a9962e265a1f2c0d06ee6eece5db0eb34a73ffc5929306f6e4,9773,5596,c3ad8d6ec568045d414d51ced6f4b034fb5b15996fdf626755913986226a18cc,1,2021.09.13.19.54.06_veh-45_01864_02254,us-pa-pittsburgh-hazelwood,us-pa-pittsburgh-hazelwood,True,READY,
train_pittsburgh,/Users/liuqing/Projects/01_E2E_QA_Code/nuplan/dataset/data/cache/train_pittsburgh/2021.09.13.19.54.06_veh-45_02383_02486.db,2021.09.13.19.54.06_veh-45_02383_02486.db,7028736,2022-09-23T05:50:33+00:00,True,bb9292e2ba0ac6dd0635e44292adac8a3830c7282c2f1f8cd8eb399f76931bd2,1bf362075c0d461e59a41e83550399b51c34949c13f49de9c0a6ea8a089431af,2410,1610,128e8d01604bf88d6ba4ecbd9d2ebab3f891b9cbac61feaddc6a23e892d8c37a,1,2021.09.13.19.54.06_veh-45_02383_02486,us-pa-pittsburgh-hazelwood,us-pa-pittsburgh-hazelwood,True,READY,
train_pittsburgh,/Users/liuqing/Projects/01_E2E_QA_Code/nuplan/dataset/data/cache/train_pittsburgh/2021.09.13.19.54.06_veh-45_02619_02697.db,2021.09.13.19.54.06_veh-45_02619_02697.db,6471680,2022-09-23T05:50:33+00:00,True,bb9292e2ba0ac6dd0635e44292adac8a3830c7282c2f1f8cd8eb399f76931bd2,8cc284321de58a3b09befee9bff9b169b40b88732ee0b48347bd76fb3beb11fc,1294,868,30a52731f3116d7f166c6b5148d7ab9302f9e18fb59ad314e185e8e9dc8d9f8d,1,2021.09.13.19.54.06_veh-45_02619_02697,us-pa-pittsburgh-hazelwood,us-pa-pittsburgh-hazelwood,True,READY,
train_pittsburgh,/Users/liuqing/Projects/01_E2E_QA_Code/nuplan/dataset/data/cache/train_pittsburgh/2021.09.13.19.54.06_veh-45_02890_02967.db,2021.09.13.19.54.06_veh-45_02890_02967.db,7819264,2022-09-23T05:50:33+00:00,True,bb9292e2ba0ac6dd0635e44292adac8a3830c7282c2f1f8cd8eb399f76931bd2,939f06a4bf0b4225ec3db6c17f006a77ad3bb02fbdee253bee93387d510fdbbb,1710,851,4cb1dbcc42cadb527f5b782822fabd037952deb1b946861e624652ac208dcba7,1,2021.09.13.19.54.06_veh-45_02890_02967,us-pa-pittsburgh-hazelwood,us-pa-pittsburgh-hazelwood,True,READY,
train_pittsburgh,/Users/liuqing/Projects/01_E2E_QA_Code/nuplan/dataset/data/cache/train_pittsburgh/2021.09.13.19.54.06_veh-45_02984_03132.db,2021.09.13.19.54.06_veh-45_02984_03132.db,17846272,2022-09-23T05:50:33+00:00,True,bb9292e2ba0ac6dd0635e44292adac8a3830c7282c2f1f8cd8eb399f76931bd2,26042528cded2d779e619f009b3d877c519de367c3444cd981e9de19206ef375,2170,1150,6946ac92ae12904ff979e2781070f9eefac44ea1c4b8be13cd0310fac37517c4,1,2021.09.13.19.54.06_veh-45_02984_03132,us-pa-pittsburgh-hazelwood,us-pa-pittsburgh-hazelwood,True,READY,
train_pittsburgh,/Users/liuqing/Projects/01_E2E_QA_Code/nuplan/dataset/data/cache/train_pittsburgh/2021.09.13.19.54.06_veh-45_03253_03386.db,2021.09.13.19.54.06_veh-45_03253_03386.db,8556544,2022-09-23T05:50:33+00:00,True,bb9292e2ba0ac6dd0635e44292adac8a3830c7282c2f1f8cd8eb399f76931bd2,8a8a52a70159bedbaf986e7016bcffad2d80fe715d3175d90ea95c311580fa6b,3076,2182,10d178cc931e044e8b2d48d31978c1b69f78e0e976a6cf8926aa63e0fcaca04c,1,2021.09.13.19.54.06_veh-45_03253_03386,us-pa-pittsburgh-hazelwood,us-pa-pittsburgh-hazelwood,True,READY,
train_pittsburgh,/Users/liuqing/Projects/01_E2E_QA_Code/nuplan/dataset/data/cache/train_pittsburgh/2021.09.13.21.07.09_veh-45_00035_00106.db,2021.09.13.21.07.09_veh-45_00035_00106.db,5287936,2022-09-23T05:50:33+00:00,True,bb9292e2ba0ac6dd0635e44292adac8a3830c7282c2f1f8cd8eb399f76931bd2,2459dee19908ced473ebd209d3334d396806ae8a82ae3cee6573424e584d2775,923,639,f979918e1319fb1f3ea027233f7cfa7a96231746a95a8348b4194cc3b1978b70,1,2021.09.13.21.07.09_veh-45_00035_00106,us-pa-pittsburgh-hazelwood,us-pa-pittsburgh-hazelwood,True,READY,
train_pittsburgh,/Users/liuqing/Projects/01_E2E_QA_Code/nuplan/dataset/data/cache/train_pittsburgh/2021.09.13.21.07.09_veh-45_00187_00339.db,2021.09.13.21.07.09_veh-45_00187_00339.db,12066816,2022-09-23T05:50:33+00:00,True,bb9292e2ba0ac6dd0635e44292adac8a3830c7282c2f1f8cd8eb399f76931bd2,8584f52457b93f58af58c144b5ade0db6296d8a2bfda64225fb59e843da909f7,2432,1606,7ef370660f4cec11b23ac7cb3ee189e7bfa6ce664e39dce6f5e0cd37ebbf182d,1,2021.09.13.21.07.09_veh-45_00187_00339,us-pa-pittsburgh-hazelwood,us-pa-pittsburgh-hazelwood,True,READY,
train_pittsburgh,/Users/liuqing/Projects/01_E2E_QA_Code/nuplan/dataset/data/cache/train_pittsburgh/2021.09.13.21.07.09_veh-45_00362_00450.db,2021.09.13.21.07.09_veh-45_00362_00450.db,6000640,2022-09-23T05:50:33+00:00,True,bb9292e2ba0ac6dd0635e44292adac8a3830c7282c2f1f8cd8eb399f76931bd2,3e36bbf2cf36936c39626578f5561cad424585105724d2fac0a1b6291404371f,1609,1212,7fdd071d4f968bb87a459c74c385979f6d52a66ec8ac05f28a37e30ce5a94259,1,2021.09.13.21.07.09_veh-45_00362_00450,us-pa-pittsburgh-hazelwood,us-pa-pittsburgh-hazelwood,True,READY,
train_pittsburgh,/Users/liuqing/Projects/01_E2E_QA_Code/nuplan/dataset/data/cache/train_pittsburgh/2021.09.13.21.07.09_veh-45_00503_00734.db,2021.09.13.21.07.09_veh-45_00503_00734.db,22589440,2022-09-23T05:50:33+00:00,True,bb9292e2ba0ac6dd0635e44292adac8a3830c7282c2f1f8cd8eb399f76931bd2,fb67faa9208292293f728782c28687b6d2ad15ed2c24f185de96be890ddceddc,5783,3218,f3f8637d9f3715787192fee74c42bf121b31fa91b76a4e5e98426d45722bec99,1,2021.09.13.21.07.09_veh-45_00503_00734,us-pa-pittsburgh-hazelwood,us-pa-pittsburgh-hazelwood,True,READY,
train_pittsburgh,/Users/liuqing/Projects/01_E2E_QA_Code/nuplan/dataset/data/cache/train_pittsburgh/2021.09.13.21.07.09_veh-45_00809_00895.db,2021.09.13.21.07.09_veh-45_00809_00895.db,10174464,2022-09-23T05:50:33+00:00,True,bb9292e2ba0ac6dd0635e44292adac8a3830c7282c2f1f8cd8eb399f76931bd2,f66d2f0b71ebf0ecde36e84a9307f44e72aec87ce0e338a4c32fb62fb1cfa62e,1988,1338,26bc8ee5aae18d98e5db2fab6c32666d267b6c54cb3453f4ca518d33167a01bc,1,2021.09.13.21.07.09_veh-45_00809_00895,us-pa-pittsburgh-hazelwood,us-pa-pittsburgh-hazelwood,True,READY,
train_pittsburgh,/Users/liuqing/Projects/01_E2E_QA_Code/nuplan/dataset/data/cache/train_pittsburgh/2021.09.13.21.07.09_veh-45_00921_01061.db,2021.09.13.21.07.09_veh-45_00921_01061.db,8884224,2022-09-23T05:50:33+00:00,True,bb9292e2ba0ac6dd0635e44292adac8a3830c7282c2f1f8cd8eb399f76931bd2,f9372cc524c1e77c497269f64cbce657f13185e2b2c55c7bd71a2d42fe718a98,3357,2007,a4a21c4592741c95c6278b17867b5dd1eaf0368992bffb6b1880c797a6963341,1,2021.09.13.21.07.09_veh-45_00921_01061,us-pa-pittsburgh-hazelwood,us-pa-pittsburgh-hazelwood,True,READY,
train_pittsburgh,/Users/liuqing/Projects/01_E2E_QA_Code/nuplan/dataset/data/cache/train_pittsburgh/2021.09.13.21.07.09_veh-45_01127_01268.db,2021.09.13.21.07.09_veh-45_01127_01268.db,8998912,2022-09-23T05:50:33+00:00,True,bb9292e2ba0ac6dd0635e44292adac8a3830c7282c2f1f8cd8eb399f76931bd2,d6c2359dea985eb7552afaa1e1c2f013b6d89f934fdc830be8105c31b33d2d89,2017,1347,cf9eec64bc47c08307b305b3fd9eaf026bcd38e6903b433c54bf39b97a42c5d4,1,2021.09.13.21.07.09_veh-45_01127_01268,us-pa-pittsburgh-hazelwood,us-pa-pittsburgh-hazelwood,True,READY,
train_pittsburgh,/Users/liuqing/Projects/01_E2E_QA_Code/nuplan/dataset/data/cache/train_pittsburgh/2021.09.15.12.49.18_veh-45_00179_00763.db,2021.09.15.12.49.18_veh-45_00179_00763.db,77062144,2022-09-23T05:50:38+00:00,True,bb9292e2ba0ac6dd0635e44292adac8a3830c7282c2f1f8cd8eb399f76931bd2,57392ccb95778c4ac3979a854086c4c8c1f9dce9bfbbd060526aa6e68205acc3,14363,8052,20e4315c7ababa3e7e5993666c33b180dca1c0d44d9e37b522b1212706492c40,1,2021.09.15.12.49.18_veh-45_00179_00763,us-pa-pittsburgh-hazelwood,us-pa-pittsburgh-hazelwood,True,READY,
train_pittsburgh,/Users/liuqing/Projects/01_E2E_QA_Code/nuplan/dataset/data/cache/train_pittsburgh/2021.09.15.12.49.18_veh-45_00916_01109.db,2021.09.15.12.49.18_veh-45_00916_01109.db,40357888,2022-09-23T05:50:38+00:00,True,bb9292e2ba0ac6dd0635e44292adac8a3830c7282c2f1f8cd8eb399f76931bd2,b815e97c3298c21b51a09d1988944ad4da7a98f3f5b26d25db35885663d9a7e3,4716,2437,d7039023c903b315a293125efde26cd90b30eaf4b99f3a82b9c1949a6cf8f0d4,1,2021.09.15.12.49.18_veh-45_00916_01109,us-pa-pittsburgh-hazelwood,us-pa-pittsburgh-hazelwood,True,READY,
train_pittsburgh,/Users/liuqing/Projects/01_E2E_QA_Code/nuplan/dataset/data/cache/train_pittsburgh/2021.09.15.12.49.18_veh-45_01155_01320.db,2021.09.15.12.49.18_veh-45_01155_01320.db,21778432,2022-09-23T05:50:38+00:00,True,bb9292e2ba0ac6dd0635e44292adac8a3830c7282c2f1f8cd8eb399f76931bd2,3a0d3f7697b397a16e1398b1f318eb727561dc76a5a9f3df4f97b203968611bb,3775,2044,b0c08cc032835dddd557b0a8190258e1383a6412da6a75b8b68328cbb9861c92,1,2021.09.15.12.49.18_veh-45_01155_01320,us-pa-pittsburgh-hazelwood,us-pa-pittsburgh-hazelwood,True,READY,
train_pittsburgh,/Users/liuqing/Projects/01_E2E_QA_Code/nuplan/dataset/data/cache/train_pittsburgh/2021.09.15.12.49.18_veh-45_01506_01599.db,2021.09.15.12.49.18_veh-45_01506_01599.db,5480448,2022-09-23T05:50:38+00:00,True,bb9292e2ba0ac6dd0635e44292adac8a3830c7282c2f1f8cd8eb399f76931bd2,eb1ece4029a31d356f6eed867ecd88e4d1ca96cda4171d49c325452ce9fd3388,2580,1644,8e5ad5f2a9f55afa9d324a070cf1bc398e3ec64d522d89b48a96124e0c586a8c,1,2021.09.15.12.49.18_veh-45_01506_01599,us-pa-pittsburgh-hazelwood,us-pa-pittsburgh-hazelwood,True,READY,
train_pittsburgh,/Users/liuqing/Projects/01_E2E_QA_Code/nuplan/dataset/data/cache/train_pittsburgh/2021.09.15.12.49.18_veh-45_01738_01800.db,2021.09.15.12.49.18_veh-45_01738_01800.db,4169728,2022-09-23T05:50:38+00:00,True,bb9292e2ba0ac6dd0635e44292adac8a3830c7282c2f1f8cd8eb399f76931bd2,fe825653d1e9fb3f1f275047185b2db7c9128bf734421a1edc99c553c2609383,1321,869,3186ff03c8092172c3a15491db43b709ff10b2d46abb6acf76de43bba99f22bc,1,2021.09.15.12.49.18_veh-45_01738_01800,us-pa-pittsburgh-hazelwood,us-pa-pittsburgh-hazelwood,True,READY,
train_pittsburgh,/Users/liuqing/Projects/01_E2E_QA_Code/nuplan/dataset/data/cache/train_pittsburgh/2021.09.15.12.49.18_veh-45_01823_01896.db,2021.09.15.12.49.18_veh-45_01823_01896.db,5828608,2022-09-23T05:50:38+00:00,True,bb9292e2ba0ac6dd0635e44292adac8a3830c7282c2f1f8cd8eb399f76931bd2,42789bb82caa8b9e55534a835104d384353148f9bb73990d352460630fce2e5d,1940,1095,ae588951571827c0a923a09f57fda7793fc93f98b3dda9fa821a9b2e3d24da13,1,2021.09.15.12.49.18_veh-45_01823_01896,us-pa-pittsburgh-hazelwood,us-pa-pittsburgh-hazelwood,True,READY,
train_pittsburgh,/Users/liuqing/Projects/01_E2E_QA_Code/nuplan/dataset/data/cache/train_pittsburgh/2021.09.15.13.06.21_veh-42_00016_00158.db,2021.09.15.13.06.21_veh-42_00016_00158.db,10059776,2022-09-23T05:50:38+00:00,True,bb9292e2ba0ac6dd0635e44292adac8a3830c7282c2f1f8cd8eb399f76931bd2,13d982f1991f905917d8462aa0bebdec34bc561743aa708b3466500251c58b61,3567,2258,0e901d5acc93ba57ede85e016ec27ef9533ad4362eecb08b4a02d5bcab33fdb0,1,2021.09.15.13.06.21_veh-42_00016_00158,us-pa-pittsburgh-hazelwood,us-pa-pittsburgh-hazelwood,True,READY,
train_pittsburgh,/Users/liuqing/Projects/01_E2E_QA_Code/nuplan/dataset/data/cache/train_pittsburgh/2021.09.15.13.06.21_veh-42_00169_00749.db,2021.09.15.13.06.21_veh-42_00169_00749.db,85430272,2022-09-23T05:50:38+00:00,True,bb9292e2ba0ac6dd0635e44292adac8a3830c7282c2f1f8cd8eb399f76931bd2,f2fcf6b1cdee1b6bd194ec30c15d9c75df6b8362eb2fc0fff8c5725c3e2a845e,14200,7829,6e0c30fe9cd345faac2a67b2688d0dcda46875b5b55f00d305db752058b420f0,1,2021.09.15.13.06.21_veh-42_00169_00749,us-pa-pittsburgh-hazelwood,us-pa-pittsburgh-hazelwood,True,READY,
train_pittsburgh,/Users/liuqing/Projects/01_E2E_QA_Code/nuplan/dataset/data/cache/train_pittsburgh/2021.09.15.13.06.21_veh-42_00834_01108.db,2021.09.15.13.06.21_veh-42_00834_01108.db,49684480,2022-09-23T05:50:38+00:00,True,bb9292e2ba0ac6dd0635e44292adac8a3830c7282c2f1f8cd8eb399f76931bd2,acca2931d7be668762144e7ec35230f8c7a78a1d01474744f2f4af07c03277bf,7348,3405,fb931aba123caab799db7f727c26f8e0ef30c2d6429c9a0e69a30ff08e444a24,1,2021.09.15.13.06.21_veh-42_00834_01108,us-pa-pittsburgh-hazelwood,us-pa-pittsburgh-hazelwood,True,READY,
train_pittsburgh,/Users/liuqing/Projects/01_E2E_QA_Code/nuplan/dataset/data/cache/train_pittsburgh/2021.09.15.13.06.21_veh-42_01119_01413.db,2021.09.15.13.06.21_veh-42_01119_01413.db,38805504,2022-09-23T05:50:38+00:00,True,bb9292e2ba0ac6dd0635e44292adac8a3830c7282c2f1f8cd8eb399f76931bd2,54361af9e221d9b675873eabb582a4f1b140fb3eacf0ae4d1874ed15d2c40ef7,7823,4094,83789fe159f0d360e1d6c633ada52fbdb171a8986abeb1067788309e38cfa622,1,2021.09.15.13.06.21_veh-42_01119_01413,us-pa-pittsburgh-hazelwood,us-pa-pittsburgh-hazelwood,True,READY,
train_pittsburgh,/Users/liuqing/Projects/01_E2E_QA_Code/nuplan/dataset/data/cache/train_pittsburgh/2021.09.15.13.06.21_veh-42_01435_01733.db,2021.09.15.13.06.21_veh-42_01435_01733.db,53436416,2022-09-23T05:50:38+00:00,True,bb9292e2ba0ac6dd0635e44292adac8a3830c7282c2f1f8cd8eb399f76931bd2,e3e66ea8404a92bbd487cade73b4616cfa9d08293cf62141a2fe256fcf3c69a7,8468,4195,ba02ccd94790c5b7b0e24af950dc8efe91514cb48afbb7623655de3f81df32b5,1,2021.09.15.13.06.21_veh-42_01435_01733,us-pa-pittsburgh-hazelwood,us-pa-pittsburgh-hazelwood,True,READY,
train_pittsburgh,/Users/liuqing/Projects/01_E2E_QA_Code/nuplan/dataset/data/cache/train_pittsburgh/2021.09.15.13.06.21_veh-42_01917_02000.db,2021.09.15.13.06.21_veh-42_01917_02000.db,5173248,2022-09-23T05:50:38+00:00,True,bb9292e2ba0ac6dd0635e44292adac8a3830c7282c2f1f8cd8eb399f76931bd2,87fa6a42aa0b0cc1b91fe226e213ad50dafe2f0696b68da3380baf54eeff7fc0,2046,1367,0c75248af18035b40fcc92f283bafd267cdad4b152c26a037b832cafb8c16eaa,1,2021.09.15.13.06.21_veh-42_01917_02000,us-pa-pittsburgh-hazelwood,us-pa-pittsburgh-hazelwood,True,READY,
train_pittsburgh,/Users/liuqing/Projects/01_E2E_QA_Code/nuplan/dataset/data/cache/train_pittsburgh/2021.09.15.13.06.21_veh-42_02037_02107.db,2021.09.15.13.06.21_veh-42_02037_02107.db,4575232,2022-09-23T05:50:38+00:00,True,bb9292e2ba0ac6dd0635e44292adac8a3830c7282c2f1f8cd8eb399f76931bd2,14e9311c7f89cbfae983949ae5afde15cc3a4337f4999e59de8df06e3cb1ff35,1627,1011,d80d001a5ac2adaf983cfdf780422bb5dbcbe4a357bf358b54a6f0c3a00a89ac,1,2021.09.15.13.06.21_veh-42_02037_02107,us-pa-pittsburgh-hazelwood,us-pa-pittsburgh-hazelwood,True,READY,
train_pittsburgh,/Users/liuqing/Projects/01_E2E_QA_Code/nuplan/dataset/data/cache/train_pittsburgh/2021.09.15.13.06.21_veh-42_02158_02283.db,2021.09.15.13.06.21_veh-42_02158_02283.db,10346496,2022-09-23T05:50:38+00:00,True,bb9292e2ba0ac6dd0635e44292adac8a3830c7282c2f1f8cd8eb399f76931bd2,d740c51e124c4169370839af111dd740f196ca92dcbde1c8a727f05c53402252,2648,1748,3361a7cecfeba0afbd73aa1de5ecc02faed360c5b5082e293aa09bd3010d402e,1,2021.09.15.13.06.21_veh-42_02158_02283,us-pa-pittsburgh-hazelwood,us-pa-pittsburgh-hazelwood,True,READY,
train_pittsburgh,/Users/liuqing/Projects/01_E2E_QA_Code/nuplan/dataset/data/cache/train_pittsburgh/2021.09.15.13.06.21_veh-42_02310_02429.db,2021.09.15.13.06.21_veh-42_02310_02429.db,9183232,2022-09-23T05:50:38+00:00,True,bb9292e2ba0ac6dd0635e44292adac8a3830c7282c2f1f8cd8eb399f76931bd2,1787d1dd40dd94d2b36f758d98966c3c0ae767617bfeddbaa8b106828c725b06,3074,1858,aa0d0aa9689976695e68a71cf59c5a49d754be641e20115f7817994dfd3cf63e,1,2021.09.15.13.06.21_veh-42_02310_02429,us-pa-pittsburgh-hazelwood,us-pa-pittsburgh-hazelwood,True,READY,
train_pittsburgh,/Users/liuqing/Projects/01_E2E_QA_Code/nuplan/dataset/data/cache/train_pittsburgh/2021.09.15.13.06.21_veh-42_02452_03092.db,2021.09.15.13.06.21_veh-42_02452_03092.db,93224960,2022-09-23T05:50:38+00:00,True,bb9292e2ba0ac6dd0635e44292adac8a3830c7282c2f1f8cd8eb399f76931bd2,a9d36a0c4979597a0e4dec07940ed7b54c3425873473c08545342a1f7a3fa413,16691,8619,73a005460942cab3138eb653092790fe4657575add17f79e1c027c60881f2cf9,1,2021.09.15.13.06.21_veh-42_02452_03092,us-pa-pittsburgh-hazelwood,us-pa-pittsburgh-hazelwood,True,READY,
train_pittsburgh,/Users/liuqing/Projects/01_E2E_QA_Code/nuplan/dataset/data/cache/train_pittsburgh/2021.09.15.13.06.21_veh-42_03166_03240.db,2021.09.15.13.06.21_veh-42_03166_03240.db,6545408,2022-09-23T05:50:38+00:00,True,bb9292e2ba0ac6dd0635e44292adac8a3830c7282c2f1f8cd8eb399f76931bd2,697da9f4249cfa644dff963e13dd325081d3f792827ec1667a10d6e0ae6f6ba2,1803,1160,e855f1b2a51bfc2603d88783f478607e90f5398361bec73ac5ee140344605812,1,2021.09.15.13.06.21_veh-42_03166_03240,us-pa-pittsburgh-hazelwood,us-pa-pittsburgh-hazelwood,True,READY,
train_pittsburgh,/Users/liuqing/Projects/01_E2E_QA_Code/nuplan/dataset/data/cache/train_pittsburgh/2021.09.15.13.06.21_veh-42_03263_03326.db,2021.09.15.13.06.21_veh-42_03263_03326.db,4804608,2022-09-23T05:50:38+00:00,True,bb9292e2ba0ac6dd0635e44292adac8a3830c7282c2f1f8cd8eb399f76931bd2,83709bfce1a774e50be7d5bfd4fe0cde666f5b33aa76941d6d2c6cb37e39058c,1356,946,244e355dd77438bc11854afdf301c89f896cbb90e58f6c7d4aa561e70769cc80,1,2021.09.15.13.06.21_veh-42_03263_03326,us-pa-pittsburgh-hazelwood,us-pa-pittsburgh-hazelwood,True,READY,
train_pittsburgh,/Users/liuqing/Projects/01_E2E_QA_Code/nuplan/dataset/data/cache/train_pittsburgh/2021.09.15.13.06.21_veh-42_03355_03422.db,2021.09.15.13.06.21_veh-42_03355_03422.db,4620288,2022-09-23T05:50:38+00:00,True,bb9292e2ba0ac6dd0635e44292adac8a3830c7282c2f1f8cd8eb399f76931bd2,6f7ada12f31e8897d42962d4652c25ffab4a1edc2da11e8a8eb7810b6fd3670f,1198,861,92cab253b097d75f747d3f4ccf1375fb7da8aff394be2224efdc610df4a85fd7,1,2021.09.15.13.06.21_veh-42_03355_03422,us-pa-pittsburgh-hazelwood,us-pa-pittsburgh-hazelwood,True,READY,
train_pittsburgh,/Users/liuqing/Projects/01_E2E_QA_Code/nuplan/dataset/data/cache/train_pittsburgh/2021.09.15.13.26.07_veh-45_00088_00251.db,2021.09.15.13.26.07_veh-45_00088_00251.db,11948032,2022-09-23T05:50:39+00:00,True,bb9292e2ba0ac6dd0635e44292adac8a3830c7282c2f1f8cd8eb399f76931bd2,a4df5061faa9fa0246ddbfbecd4eb33894688faddb5eddb05d92357f2c9d3e60,3639,2365,e564a2cdc09066934ad97f76c02a55895b75f2f0cc4dc1401f9adf6cbcf482d8,1,2021.09.15.13.26.07_veh-45_00088_00251,us-pa-pittsburgh-hazelwood,us-pa-pittsburgh-hazelwood,True,READY,
train_pittsburgh,/Users/liuqing/Projects/01_E2E_QA_Code/nuplan/dataset/data/cache/train_pittsburgh/2021.09.15.13.26.07_veh-45_00278_00999.db,2021.09.15.13.26.07_veh-45_00278_00999.db,93761536,2022-09-23T05:50:39+00:00,True,bb9292e2ba0ac6dd0635e44292adac8a3830c7282c2f1f8cd8eb399f76931bd2,59a3df5e7a90fbb2e3a963db6d2feab9fde6d5f07bdb2085509f504ebd79a0ea,17453,9910,e1d043848ad90bec8f56b4569fc1c3c640d9d489ca03af23c3ef4067b40f769d,1,2021.09.15.13.26.07_veh-45_00278_00999,us-pa-pittsburgh-hazelwood,us-pa-pittsburgh-hazelwood,True,READY,
train_pittsburgh,/Users/liuqing/Projects/01_E2E_QA_Code/nuplan/dataset/data/cache/train_pittsburgh/2021.09.15.13.26.07_veh-45_01077_01297.db,2021.09.15.13.26.07_veh-45_01077_01297.db,41934848,2022-09-23T05:50:39+00:00,True,bb9292e2ba0ac6dd0635e44292adac8a3830c7282c2f1f8cd8eb399f76931bd2,2287190bceeccd719f010140714577c10333bac90602ca7d85745be6f95af5f7,5284,3047,c66c62f4b5f5665986abf92a18d3f92850c40da276ff0e3697e2d89bdfef14af,1,2021.09.15.13.26.07_veh-45_01077_01297,us-pa-pittsburgh-hazelwood,us-pa-pittsburgh-hazelwood,True,READY,
train_pittsburgh,/Users/liuqing/Projects/01_E2E_QA_Code/nuplan/dataset/data/cache/train_pittsburgh/2021.09.15.13.26.07_veh-45_01436_01641.db,2021.09.15.13.26.07_veh-45_01436_01641.db,22720512,2022-09-23T05:50:39+00:00,True,bb9292e2ba0ac6dd0635e44292adac8a3830c7282c2f1f8cd8eb399f76931bd2,399a8d6009d5de31b5cdce2103f8810138408aaf5648e92da558240f7fcd40a8,5374,2942,8c8dc2491d78d40c8b1a3057deba458beb31cfbb7dfd84ac39fc1097a006ae03,1,2021.09.15.13.26.07_veh-45_01436_01641,us-pa-pittsburgh-hazelwood,us-pa-pittsburgh-hazelwood,True,READY,
train_pittsburgh,/Users/liuqing/Projects/01_E2E_QA_Code/nuplan/dataset/data/cache/train_pittsburgh/2021.09.15.13.26.07_veh-45_01799_01907.db,2021.09.15.13.26.07_veh-45_01799_01907.db,7766016,2022-09-23T05:50:39+00:00,True,bb9292e2ba0ac6dd0635e44292adac8a3830c7282c2f1f8cd8eb399f76931bd2,3e2c8fef146c7070449cb687dde6c0eb09cfde6d2638ccb5c2502deba331d5e8,2639,1770,9e9572aac7fc1aaa3180045656bf0d4df114015e8c428b5af728c65229c6016a,1,2021.09.15.13.26.07_veh-45_01799_01907,us-pa-pittsburgh-hazelwood,us-pa-pittsburgh-hazelwood,True,READY,
train_pittsburgh,/Users/liuqing/Projects/01_E2E_QA_Code/nuplan/dataset/data/cache/train_pittsburgh/2021.09.15.13.26.07_veh-45_02081_02187.db,2021.09.15.13.26.07_veh-45_02081_02187.db,10031104,2022-09-23T05:50:39+00:00,True,bb9292e2ba0ac6dd0635e44292adac8a3830c7282c2f1f8cd8eb399f76931bd2,a09ef32cf757ebef6e6ef0505d6e1ba7ad51391b0090f25ef68022c0d4a0b792,1654,1099,e7438c0d582f4523163e49c36f0b4dca7cbfa8fd878aefb8930a3b711306e2b9,1,2021.09.15.13.26.07_veh-45_02081_02187,us-pa-pittsburgh-hazelwood,us-pa-pittsburgh-hazelwood,True,READY,
train_pittsburgh,/Users/liuqing/Projects/01_E2E_QA_Code/nuplan/dataset/data/cache/train_pittsburgh/2021.09.15.14.18.26_veh-45_00020_00194.db,2021.09.15.14.18.26_veh-45_00020_00194.db,11444224,2022-09-23T05:50:39+00:00,True,bb9292e2ba0ac6dd0635e44292adac8a3830c7282c2f1f8cd8eb399f76931bd2,51576ebb1825c6b5c704d6397fbfb8b7ee59881a08c60db8962c18033c51ea48,4309,2792,a89992d7fea76874db4d4843c5003140c6c2766ab5c71d10e9056eae79db43ca,1,2021.09.15.14.18.26_veh-45_00020_00194,us-pa-pittsburgh-hazelwood,us-pa-pittsburgh-hazelwood,True,READY,
train_pittsburgh,/Users/liuqing/Projects/01_E2E_QA_Code/nuplan/dataset/data/cache/train_pittsburgh/2021.09.15.14.18.26_veh-45_00247_00684.db,2021.09.15.14.18.26_veh-45_00247_00684.db,58642432,2022-09-23T05:50:39+00:00,True,bb9292e2ba0ac6dd0635e44292adac8a3830c7282c2f1f8cd8eb399f76931bd2,6d3933fdd5dabed5bcc69b96da9b7d832412eea11a526c23adb07e5285447e98,10686,5743,73301632f7281e29f7b378fd48280135123949a9f9acab3d9eba1b34d3e298aa,1,2021.09.15.14.18.26_veh-45_00247_00684,us-pa-pittsburgh-hazelwood,us-pa-pittsburgh-hazelwood,True,READY,
train_pittsburgh,/Users/liuqing/Projects/01_E2E_QA_Code/nuplan/dataset/data/cache/train_pittsburgh/2021.09.15.14.18.26_veh-45_00737_00976.db,2021.09.15.14.18.26_veh-45_00737_00976.db,37969920,2022-09-23T05:50:39+00:00,True,bb9292e2ba0ac6dd0635e44292adac8a3830c7282c2f1f8cd8eb399f76931bd2,9341c164a63073957fec5d2a3da74aff07931097db597c95074aa24bce88dd92,5176,3030,0fc0015ad27d5af57f75f8bef0b2d9684c57c735aeb769caab25c479d3fc8788,1,2021.09.15.14.18.26_veh-45_00737_00976,us-pa-pittsburgh-hazelwood,us-pa-pittsburgh-hazelwood,True,READY,
train_pittsburgh,/Users/liuqing/Projects/01_E2E_QA_Code/nuplan/dataset/data/cache/train_pittsburgh/2021.09.15.14.18.26_veh-45_00987_01261.db,2021.09.15.14.18.26_veh-45_00987_01261.db,42975232,2022-09-23T05:50:39+00:00,True,bb9292e2ba0ac6dd0635e44292adac8a3830c7282c2f1f8cd8eb399f76931bd2,032005780d9eadf8000bb2136b5b35f2ef42733ae36c7b0b59cd402a255be73f,7556,3821,41c6f7bc916fded9d06ac46ad01abce327c6a73e8bfcc106f944dcb4a6cb356f,1,2021.09.15.14.18.26_veh-45_00987_01261,us-pa-pittsburgh-hazelwood,us-pa-pittsburgh-hazelwood,True,READY,
train_pittsburgh,/Users/liuqing/Projects/01_E2E_QA_Code/nuplan/dataset/data/cache/train_pittsburgh/2021.09.15.14.18.26_veh-45_01302_01795.db,2021.09.15.14.18.26_veh-45_01302_01795.db,74678272,2022-09-23T05:50:39+00:00,True,bb9292e2ba0ac6dd0635e44292adac8a3830c7282c2f1f8cd8eb399f76931bd2,402454fb9f0b816ec1ab2de08ceaee30c9ede7bc79570683dbacc0c14f1f58aa,11237,6756,265ffcf7de9ecdf35b34aa704823448102afbde689f3b4011b74703ba60ce0d1,1,2021.09.15.14.18.26_veh-45_01302_01795,us-pa-pittsburgh-hazelwood,us-pa-pittsburgh-hazelwood,True,READY,
train_pittsburgh,/Users/liuqing/Projects/01_E2E_QA_Code/nuplan/dataset/data/cache/train_pittsburgh/2021.09.15.14.18.26_veh-45_01814_01926.db,2021.09.15.14.18.26_veh-45_01814_01926.db,11866112,2022-09-23T05:50:39+00:00,True,bb9292e2ba0ac6dd0635e44292adac8a3830c7282c2f1f8cd8eb399f76931bd2,c4d34d8d5bb84e5d360141feaa2c9c3b10c8cb4b1dcd54be9ac51e33611ee44a,3152,1143,b5b63207d34c16f161974b9314b7ccd3e16121c2f1c814196f91082da77985cb,1,2021.09.15.14.18.26_veh-45_01814_01926,us-pa-pittsburgh-hazelwood,us-pa-pittsburgh-hazelwood,True,READY,
train_pittsburgh,/Users/liuqing/Projects/01_E2E_QA_Code/nuplan/dataset/data/cache/train_pittsburgh/2021.09.15.14.18.26_veh-45_02082_02171.db,2021.09.15.14.18.26_veh-45_02082_02171.db,5447680,2022-09-23T05:50:39+00:00,True,bb9292e2ba0ac6dd0635e44292adac8a3830c7282c2f1f8cd8eb399f76931bd2,e8d92d9df3217d5af7e1ef38ee4905cbedab43f96b3d48b70669b7e903ba0c04,0,0,e3b0c44298fc1c149afbf4c8996fb92427ae41e4649b934ca495991b7852b855,1,2021.09.15.14.18.26_veh-45_02082_02171,us-pa-pittsburgh-hazelwood,us-pa-pittsburgh-hazelwood,True,READY,
train_pittsburgh,/Users/liuqing/Projects/01_E2E_QA_Code/nuplan/dataset/data/cache/train_pittsburgh/2021.09.15.14.30.33_veh-42_00022_00436.db,2021.09.15.14.30.33_veh-42_00022_00436.db,39981056,2022-09-23T05:50:39+00:00,True,bb9292e2ba0ac6dd0635e44292adac8a3830c7282c2f1f8cd8eb399f76931bd2,441c1731a50625d489c7fedde24120990a6f29a7993bc754acb115fc2ba09eb6,7635,7063,663e6ed19c194780988dbac9acec44f943b10ab8124f7c98cfb9468e937eb9e5,1,2021.09.15.14.30.33_veh-42_00022_00436,us-pa-pittsburgh-hazelwood,us-pa-pittsburgh-hazelwood,True,READY,
train_pittsburgh,/Users/liuqing/Projects/01_E2E_QA_Code/nuplan/dataset/data/cache/train_pittsburgh/2021.09.15.14.30.33_veh-42_00503_00575.db,2021.09.15.14.30.33_veh-42_00503_00575.db,5320704,2022-09-23T05:50:39+00:00,True,bb9292e2ba0ac6dd0635e44292adac8a3830c7282c2f1f8cd8eb399f76931bd2,89eeaf52f6bb6fcbde4fe70ff5f91d5e056dba714ec03bef5a49723789248628,1658,1199,8f0e11f2177bf973b5b912d0ca3791a1354ac962c064bf5862d7c6c803c6bda8,1,2021.09.15.14.30.33_veh-42_00503_00575,us-pa-pittsburgh-hazelwood,us-pa-pittsburgh-hazelwood,True,READY,
train_pittsburgh,/Users/liuqing/Projects/01_E2E_QA_Code/nuplan/dataset/data/cache/train_pittsburgh/2021.09.15.14.30.33_veh-42_00643_00919.db,2021.09.15.14.30.33_veh-42_00643_00919.db,24580096,2022-09-23T05:50:39+00:00,True,bb9292e2ba0ac6dd0635e44292adac8a3830c7282c2f1f8cd8eb399f76931bd2,45a8597187943900101c8b7b47660daca35fcc94332ae8f44d296ea7e84622a5,6236,3822,b932a24981efe9be3f01643af6a2670d7ad28be3a50659f9fc111958cd0a3dd4,1,2021.09.15.14.30.33_veh-42_00643_00919,us-pa-pittsburgh-hazelwood,us-pa-pittsburgh-hazelwood,True,READY,
train_pittsburgh,/Users/liuqing/Projects/01_E2E_QA_Code/nuplan/dataset/data/cache/train_pittsburgh/2021.09.15.14.30.33_veh-42_00990_01457.db,2021.09.15.14.30.33_veh-42_00990_01457.db,80703488,2022-09-23T05:50:39+00:00,True,bb9292e2ba0ac6dd0635e44292adac8a3830c7282c2f1f8cd8eb399f76931bd2,65ea4060e7674d5f5fd18c8a14f9c8f6181d8633e94d0cd2cc8546561b92e9dd,13589,6695,7d70647d70c7705b264f3ee38bbc5b56778cdb561b7cd2cb609905faa189bce9,1,2021.09.15.14.30.33_veh-42_00990_01457,us-pa-pittsburgh-hazelwood,us-pa-pittsburgh-hazelwood,True,READY,
train_pittsburgh,/Users/liuqing/Projects/01_E2E_QA_Code/nuplan/dataset/data/cache/train_pittsburgh/2021.09.15.14.30.33_veh-42_01482_01675.db,2021.09.15.14.30.33_veh-42_01482_01675.db,29433856,2022-09-23T05:50:39+00:00,True,bb9292e2ba0ac6dd0635e44292adac8a3830c7282c2f1f8cd8eb399f76931bd2,f6819a4a5d5b8789f07c725fa3fadade6437ab38b1e6abf2f42292eb214c8311,4109,2122,4db469422d276fe9b1c4e2c04322d5996d913f4c5fdc68caab8c567e2821cd3b,1,2021.09.15.14.30.33_veh-42_01482_01675,us-pa-pittsburgh-hazelwood,us-pa-pittsburgh-hazelwood,True,READY,
train_pittsburgh,/Users/liuqing/Projects/01_E2E_QA_Code/nuplan/dataset/data/cache/train_pittsburgh/2021.09.15.14.30.33_veh-42_01686_01777.db,2021.09.15.14.30.33_veh-42_01686_01777.db,16551936,2022-09-23T05:50:39+00:00,True,bb9292e2ba0ac6dd0635e44292adac8a3830c7282c2f1f8cd8eb399f76931bd2,da9140df7f6e3ce9b4792bb2e591b97ab3f87fcd8a44b038014da726ecda217b,1992,1066,9fc2952621c9eef4dc6d020d023cc44d9354d9ac1a720199017af530677974ed,1,2021.09.15.14.30.33_veh-42_01686_01777,us-pa-pittsburgh-hazelwood,us-pa-pittsburgh-hazelwood,True,READY,
train_pittsburgh,/Users/liuqing/Projects/01_E2E_QA_Code/nuplan/dataset/data/cache/train_pittsburgh/2021.09.15.14.30.33_veh-42_01821_01974.db,2021.09.15.14.30.33_veh-42_01821_01974.db,18083840,2022-09-23T05:50:39+00:00,True,bb9292e2ba0ac6dd0635e44292adac8a3830c7282c2f1f8cd8eb399f76931bd2,7655aabde96b1d0bd4536a7456a664fc6630880ee599cb0e69e818e2dc2b982a,3450,1869,fde8157f9f43ee55723adf25dfd79f05bd90eb5bcd45e44d6cf47ad9da1a4c32,1,2021.09.15.14.30.33_veh-42_01821_01974,us-pa-pittsburgh-hazelwood,us-pa-pittsburgh-hazelwood,True,READY,
train_pittsburgh,/Users/liuqing/Projects/01_E2E_QA_Code/nuplan/dataset/data/cache/train_pittsburgh/2021.09.15.14.30.33_veh-42_02003_02070.db,2021.09.15.14.30.33_veh-42_02003_02070.db,6139904,2022-09-23T05:50:39+00:00,True,bb9292e2ba0ac6dd0635e44292adac8a3830c7282c2f1f8cd8eb399f76931bd2,6d1eb33878eecd863d50e953d0f90d0ada6341346c819c75ff55d495d375e461,1092,638,390296be21cb9dff0a47395cfa2e0c37cbfcbf56fc0b9d11892f10e15c438827,1,2021.09.15.14.30.33_veh-42_02003_02070,us-pa-pittsburgh-hazelwood,us-pa-pittsburgh-hazelwood,True,READY,
train_pittsburgh,/Users/liuqing/Projects/01_E2E_QA_Code/nuplan/dataset/data/cache/train_pittsburgh/2021.09.15.14.30.33_veh-42_02081_02170.db,2021.09.15.14.30.33_veh-42_02081_02170.db,6238208,2022-09-23T05:50:39+00:00,True,bb9292e2ba0ac6dd0635e44292adac8a3830c7282c2f1f8cd8eb399f76931bd2,82b7c4f9bb85aa9a273cbd870a36148ec8ece1a85e5271ac7d686f167a0ed3e0,2284,1532,7d0348f6b4fbda49b5e4f59a2aecb6afdd2488e5e2f742cfe17c535c86abe025,1,2021.09.15.14.30.33_veh-42_02081_02170,us-pa-pittsburgh-hazelwood,us-pa-pittsburgh-hazelwood,True,READY,
train_pittsburgh,/Users/liuqing/Projects/01_E2E_QA_Code/nuplan/dataset/data/cache/train_pittsburgh/2021.09.15.14.30.33_veh-42_02192_02284.db,2021.09.15.14.30.33_veh-42_02192_02284.db,5541888,2022-09-23T05:50:39+00:00,True,bb9292e2ba0ac6dd0635e44292adac8a3830c7282c2f1f8cd8eb399f76931bd2,3b79b1b2854adcefce676a27df7b6f50c29de4d8b1c5e0c407ee3a5dd9ecd3cd,2024,1288,52b063972cec6b0b3d8a7631b9d5327b7525d755090342df3d299c85f48e0782,1,2021.09.15.14.30.33_veh-42_02192_02284,us-pa-pittsburgh-hazelwood,us-pa-pittsburgh-hazelwood,True,READY,
train_pittsburgh,/Users/liuqing/Projects/01_E2E_QA_Code/nuplan/dataset/data/cache/train_pittsburgh/2021.09.15.14.30.33_veh-42_02304_02447.db,2021.09.15.14.30.33_veh-42_02304_02447.db,13172736,2022-09-23T05:50:39+00:00,True,bb9292e2ba0ac6dd0635e44292adac8a3830c7282c2f1f8cd8eb399f76931bd2,91f83ad5bcdb8ce33bbed0bd78cde20bd14e74af166b774449ecb81e12a185cb,2806,1863,4eb49a40696af0a873e7a16eea23dcc027b88c2993f4c1ceb6446ce2ff59fe89,1,2021.09.15.14.30.33_veh-42_02304_02447,us-pa-pittsburgh-hazelwood,us-pa-pittsburgh-hazelwood,True,READY,
train_pittsburgh,/Users/liuqing/Projects/01_E2E_QA_Code/nuplan/dataset/data/cache/train_pittsburgh/2021.09.15.14.30.33_veh-42_02562_02982.db,2021.09.15.14.30.33_veh-42_02562_02982.db,53325824,2022-09-23T05:50:40+00:00,True,bb9292e2ba0ac6dd0635e44292adac8a3830c7282c2f1f8cd8eb399f76931bd2,3b4d56221341cf19e3247b7abe57508095da5bcff4609d12ccfb5ffddad01b3c,9387,5139,d9dcb742d790f942c5635b9224c25875d1db8542e5d9c4a9a0f6b1d571f361cb,1,2021.09.15.14.30.33_veh-42_02562_02982,us-pa-pittsburgh-hazelwood,us-pa-pittsburgh-hazelwood,True,READY,
train_pittsburgh,/Users/liuqing/Projects/01_E2E_QA_Code/nuplan/dataset/data/cache/train_pittsburgh/2021.09.15.14.30.33_veh-42_03011_03336.db,2021.09.15.14.30.33_veh-42_03011_03336.db,61939712,2022-09-23T05:50:40+00:00,True,bb9292e2ba0ac6dd0635e44292adac8a3830c7282c2f1f8cd8eb399f76931bd2,61a550046cfa06b883e38691b1e2683e1048be3ed9f9931fc12fc28e947596a2,5663,2944,c4a30993e85f8e5bf8f610d4caed9499ec38ba17cdf0eab18f45107c815dafc7,1,2021.09.15.14.30.33_veh-42_03011_03336,us-pa-pittsburgh-hazelwood,us-pa-pittsburgh-hazelwood,True,READY,
train_pittsburgh,/Users/liuqing/Projects/01_E2E_QA_Code/nuplan/dataset/data/cache/train_pittsburgh/2021.09.15.14.57.57_veh-45_00131_00294.db,2021.09.15.14.57.57_veh-45_00131_00294.db,13139968,2022-09-23T05:50:40+00:00,True,bb9292e2ba0ac6dd0635e44292adac8a3830c7282c2f1f8cd8eb399f76931bd2,f0534ee53dc0f8505eb5eed737a56a99d136bd508a0cf3ad840b20f1faad86b2,3963,2363,ce3ecef8f35e2dab9a5f0895e0940dfdeaef5caa1bef01f5ebf5de698a4e8c26,1,2021.09.15.14.57.57_veh-45_00131_00294,us-pa-pittsburgh-hazelwood,us-pa-pittsburgh-hazelwood,True,READY,
train_pittsburgh,/Users/liuqing/Projects/01_E2E_QA_Code/nuplan/dataset/data/cache/train_pittsburgh/2021.09.15.14.57.57_veh-45_00346_01183.db,2021.09.15.14.57.57_veh-45_00346_01183.db,115941376,2022-09-23T05:50:40+00:00,True,bb9292e2ba0ac6dd0635e44292adac8a3830c7282c2f1f8cd8eb399f76931bd2,8dcdb775c874ac370a530492bc83b49d233a33e82b07b11ca78c41e3089d6810,19029,10966,630286c9bad027dc4ed0c0d17319271028dcdef6ead9d7815884c4ba31a20965,1,2021.09.15.14.57.57_veh-45_00346_01183,us-pa-pittsburgh-hazelwood,us-pa-pittsburgh-hazelwood,True,READY,
train_pittsburgh,/Users/liuqing/Projects/01_E2E_QA_Code/nuplan/dataset/data/cache/train_pittsburgh/2021.09.15.14.57.57_veh-45_01247_01413.db,2021.09.15.14.57.57_veh-45_01247_01413.db,39514112,2022-09-23T05:50:40+00:00,True,bb9292e2ba0ac6dd0635e44292adac8a3830c7282c2f1f8cd8eb399f76931bd2,7d75c757b22160f8ce87c3554fefac001daca3f6f9ea411b6285cc827911ff0a,3732,2325,2faa49d3b186bb3a04f4153eef881ee512ba10b4e5e97175b6a26932f9a432c0,1,2021.09.15.14.57.57_veh-45_01247_01413,us-pa-pittsburgh-hazelwood,us-pa-pittsburgh-hazelwood,True,READY,
train_pittsburgh,/Users/liuqing/Projects/01_E2E_QA_Code/nuplan/dataset/data/cache/train_pittsburgh/2021.09.15.14.57.57_veh-45_01461_01971.db,2021.09.15.14.57.57_veh-45_01461_01971.db,65630208,2022-09-23T05:50:40+00:00,True,bb9292e2ba0ac6dd0635e44292adac8a3830c7282c2f1f8cd8eb399f76931bd2,15ba6d1e8c049568fcd731d12c070b874ceb76014e6fd454185da9095d00fe76,13036,7502,e1fa571cde631aea9db4b6b498da745686041e02b1a413d0fc0eb337bb6515da,1,2021.09.15.14.57.57_veh-45_01461_01971,us-pa-pittsburgh-hazelwood,us-pa-pittsburgh-hazelwood,True,READY,
train_pittsburgh,/Users/liuqing/Projects/01_E2E_QA_Code/nuplan/dataset/data/cache/train_pittsburgh/2021.09.15.14.57.57_veh-45_02069_02157.db,2021.09.15.14.57.57_veh-45_02069_02157.db,6569984,2022-09-23T05:50:40+00:00,True,bb9292e2ba0ac6dd0635e44292adac8a3830c7282c2f1f8cd8eb399f76931bd2,361dc2af417b61473869ac9f11198abadf0722c4627775fcd82ef582a101ce74,2102,1411,9ae2787675ad0815e9c63a64e36992af620000106f79b1422f9fc17467a6cdcc,1,2021.09.15.14.57.57_veh-45_02069_02157,us-pa-pittsburgh-hazelwood,us-pa-pittsburgh-hazelwood,True,READY,
train_pittsburgh,/Users/liuqing/Projects/01_E2E_QA_Code/nuplan/dataset/data/cache/train_pittsburgh/2021.09.15.14.57.57_veh-45_02327_02419.db,2021.09.15.14.57.57_veh-45_02327_02419.db,9895936,2022-09-23T05:50:40+00:00,True,bb9292e2ba0ac6dd0635e44292adac8a3830c7282c2f1f8cd8eb399f76931bd2,d4c2cee68fafeff2f7fa1d8dd270f20520c0f376b0bb1769f0163b86eb6ecc28,1682,950,96912aa8698df60c0b6c4887ec2baec236f3393381c019c0ed591fd4d8561f96,1,2021.09.15.14.57.57_veh-45_02327_02419,us-pa-pittsburgh-hazelwood,us-pa-pittsburgh-hazelwood,True,READY,
train_pittsburgh,/Users/liuqing/Projects/01_E2E_QA_Code/nuplan/dataset/data/cache/train_pittsburgh/2021.09.15.17.01.41_veh-45_00015_00145.db,2021.09.15.17.01.41_veh-45_00015_00145.db,11382784,2022-09-23T05:50:40+00:00,True,bb9292e2ba0ac6dd0635e44292adac8a3830c7282c2f1f8cd8eb399f76931bd2,bee3f91a38d86542f80da7213e0991a7e68b9280e806370fd099bda3e335a204,2459,1720,8f35be88dd65f2f7047062e4d4668140e516e41ad94fd320842471232fcebe38,1,2021.09.15.17.01.41_veh-45_00015_00145,us-pa-pittsburgh-hazelwood,us-pa-pittsburgh-hazelwood,True,READY,
train_pittsburgh,/Users/liuqing/Projects/01_E2E_QA_Code/nuplan/dataset/data/cache/train_pittsburgh/2021.09.15.17.01.41_veh-45_00283_00398.db,2021.09.15.17.01.41_veh-45_00283_00398.db,8720384,2022-09-23T05:50:40+00:00,True,bb9292e2ba0ac6dd0635e44292adac8a3830c7282c2f1f8cd8eb399f76931bd2,904d57f4ef81f6b65a0e849c07d86a8f821b794e65f42e38783bf0db0fc90b15,2918,1997,bdda131aaf7b1e3dbdd9c36dbb7db34bf231724711ee6715c36fa31444c4efbc,1,2021.09.15.17.01.41_veh-45_00283_00398,us-pa-pittsburgh-hazelwood,us-pa-pittsburgh-hazelwood,True,READY,
train_pittsburgh,/Users/liuqing/Projects/01_E2E_QA_Code/nuplan/dataset/data/cache/train_pittsburgh/2021.09.15.17.01.41_veh-45_00425_01226.db,2021.09.15.17.01.41_veh-45_00425_01226.db,131227648,2022-09-23T05:50:40+00:00,True,bb9292e2ba0ac6dd0635e44292adac8a3830c7282c2f1f8cd8eb399f76931bd2,0bb10dfa9db07c0a4c07cd9bf3e4bd0f6d33c2b9bccc5eb79ac696459091a7e5,22042,11232,7b81c01c081b54b4cf4fda304beaaa674bf77afe165bd077b6dfb43ad6ab1997,1,2021.09.15.17.01.41_veh-45_00425_01226,us-pa-pittsburgh-hazelwood,us-pa-pittsburgh-hazelwood,True,READY,
train_pittsburgh,/Users/liuqing/Projects/01_E2E_QA_Code/nuplan/dataset/data/cache/train_pittsburgh/2021.09.15.17.01.41_veh-45_01244_01395.db,2021.09.15.17.01.41_veh-45_01244_01395.db,17416192,2022-09-23T05:50:40+00:00,True,bb9292e2ba0ac6dd0635e44292adac8a3830c7282c2f1f8cd8eb399f76931bd2,90cf716e81fbc8aa20fa126bd7cd4bd300ef6bee6990aab0c5a8e4d8e4b2b79b,2611,1927,cc6fde438a3649663e69369430772b69a93bf63605411edcda90dcc42acd330b,1,2021.09.15.17.01.41_veh-45_01244_01395,us-pa-pittsburgh-hazelwood,us-pa-pittsburgh-hazelwood,True,READY,
train_pittsburgh,/Users/liuqing/Projects/01_E2E_QA_Code/nuplan/dataset/data/cache/train_pittsburgh/2021.09.15.17.01.41_veh-45_01468_01785.db,2021.09.15.17.01.41_veh-45_01468_01785.db,48578560,2022-09-23T05:50:40+00:00,True,bb9292e2ba0ac6dd0635e44292adac8a3830c7282c2f1f8cd8eb399f76931bd2,6ebf88ee1be3a0221d1f82d98e9872f35090d89deb65e9771cfeed0aacd509ef,6944,3384,101d447550cf060f2901b9c086d64b802557556906f92f58d900a863d9fd39c5,1,2021.09.15.17.01.41_veh-45_01468_01785,us-pa-pittsburgh-hazelwood,us-pa-pittsburgh-hazelwood,True,READY,
train_pittsburgh,/Users/liuqing/Projects/01_E2E_QA_Code/nuplan/dataset/data/cache/train_pittsburgh/2021.09.15.17.01.41_veh-45_01829_01938.db,2021.09.15.17.01.41_veh-45_01829_01938.db,11227136,2022-09-23T05:50:40+00:00,True,bb9292e2ba0ac6dd0635e44292adac8a3830c7282c2f1f8cd8eb399f76931bd2,68573e288a5375594c29f82052ecb9492774ebeee216d5ef34850ddfab502e15,1483,931,932ebf45550ac231abbdaec9f7616bf00dfd176fdec3e531a088a757eae5c27c,1,2021.09.15.17.01.41_veh-45_01829_01938,us-pa-pittsburgh-hazelwood,us-pa-pittsburgh-hazelwood,True,READY,
train_pittsburgh,/Users/liuqing/Projects/01_E2E_QA_Code/nuplan/dataset/data/cache/train_pittsburgh/2021.09.15.17.41.38_veh-45_00011_00436.db,2021.09.15.17.41.38_veh-45_00011_00436.db,61366272,2022-09-23T05:50:40+00:00,True,bb9292e2ba0ac6dd0635e44292adac8a3830c7282c2f1f8cd8eb399f76931bd2,7418af520a1c58f02824f09e6fc7eff797f2e842e9f6c89dccf8698fa0b6bc12,10021,5960,ab1bf576d7a91710342970219277e4e8b77f44b16ed3b7b6fcf669e6c0e574ad,1,2021.09.15.17.41.38_veh-45_00011_00436,us-pa-pittsburgh-hazelwood,us-pa-pittsburgh-hazelwood,True,READY,
train_pittsburgh,/Users/liuqing/Projects/01_E2E_QA_Code/nuplan/dataset/data/cache/train_pittsburgh/2021.09.15.17.41.38_veh-45_00464_00986.db,2021.09.15.17.41.38_veh-45_00464_00986.db,96661504,2022-09-23T05:50:40+00:00,True,bb9292e2ba0ac6dd0635e44292adac8a3830c7282c2f1f8cd8eb399f76931bd2,7a5d10e84d19fde8d22f90560c3592a63b33c045004d0f235d757aac126e044d,12904,6612,b9ecfda1f722a3fd8258a2abfe5a2a10ae53b8da0e173f309171dd16954c016e,1,2021.09.15.17.41.38_veh-45_00464_00986,us-pa-pittsburgh-hazelwood,us-pa-pittsburgh-hazelwood,True,READY,
train_pittsburgh,/Users/liuqing/Projects/01_E2E_QA_Code/nuplan/dataset/data/cache/train_pittsburgh/2021.09.15.17.41.38_veh-45_01009_01081.db,2021.09.15.17.41.38_veh-45_01009_01081.db,8724480,2022-09-23T05:50:40+00:00,True,bb9292e2ba0ac6dd0635e44292adac8a3830c7282c2f1f8cd8eb399f76931bd2,8a1ab35a5e57cf692b574ea9be31e434fe71f19cb3d1b73d57d9c91d1c922e17,1019,783,5bbb5742e5a6814b1142e130bc3f4daa1f0db26a8c8e09c43e9a47f24b1127c0,1,2021.09.15.17.41.38_veh-45_01009_01081,us-pa-pittsburgh-hazelwood,us-pa-pittsburgh-hazelwood,True,READY,
train_pittsburgh,/Users/liuqing/Projects/01_E2E_QA_Code/nuplan/dataset/data/cache/train_pittsburgh/2021.09.15.17.41.38_veh-45_01220_01289.db,2021.09.15.17.41.38_veh-45_01220_01289.db,5042176,2022-09-23T05:50:40+00:00,True,bb9292e2ba0ac6dd0635e44292adac8a3830c7282c2f1f8cd8eb399f76931bd2,e1f5cc5905298543add9187342b3019f43d40fdf757284c02e1ab215030aedf5,1441,1021,6ad700dd2f09f9a43bec135f356730b1d38a4db933e64fed897137fd52a87b89,1,2021.09.15.17.41.38_veh-45_01220_01289,us-pa-pittsburgh-hazelwood,us-pa-pittsburgh-hazelwood,True,READY,
train_pittsburgh,/Users/liuqing/Projects/01_E2E_QA_Code/nuplan/dataset/data/cache/train_pittsburgh/2021.09.15.17.41.38_veh-45_01466_01561.db,2021.09.15.17.41.38_veh-45_01466_01561.db,9089024,2022-09-23T05:50:40+00:00,True,bb9292e2ba0ac6dd0635e44292adac8a3830c7282c2f1f8cd8eb399f76931bd2,360ed0d09398d754cdcd02c8db3a3cdd58d34047c94ee23ec71ed1decb9b3074,1776,1145,ceee0b655df48fed790dd1becad15a979705f4bf3f6f462e2d1c245d6f37af61,1,2021.09.15.17.41.38_veh-45_01466_01561,us-pa-pittsburgh-hazelwood,us-pa-pittsburgh-hazelwood,True,READY,
train_pittsburgh,/Users/liuqing/Projects/01_E2E_QA_Code/nuplan/dataset/data/cache/train_pittsburgh/2021.09.15.17.41.38_veh-45_01721_01814.db,2021.09.15.17.41.38_veh-45_01721_01814.db,8921088,2022-09-23T05:50:40+00:00,True,bb9292e2ba0ac6dd0635e44292adac8a3830c7282c2f1f8cd8eb399f76931bd2,f38b4361418cdb974efafbd2995774512fdc4d87da7133dca2890d79621e1292,1720,1086,09ba260da8c403379be8301d43c6d931f712d744204cb922f162d66c81b88721,1,2021.09.15.17.41.38_veh-45_01721_01814,us-pa-pittsburgh-hazelwood,us-pa-pittsburgh-hazelwood,True,READY,
train_pittsburgh,/Users/liuqing/Projects/01_E2E_QA_Code/nuplan/dataset/data/cache/train_pittsburgh/2021.09.15.18.28.05_veh-45_00196_00273.db,2021.09.15.18.28.05_veh-45_00196_00273.db,5447680,2022-09-23T05:50:40+00:00,True,bb9292e2ba0ac6dd0635e44292adac8a3830c7282c2f1f8cd8eb399f76931bd2,9c424f050519ac839151bef7ff3c65afd43607adda1396a7884d42084a4d8adc,2112,1355,b4eea0269951cc80059fb373520e420137c76ff26f2e5d3b1b04624324da8a24,1,2021.09.15.18.28.05_veh-45_00196_00273,us-pa-pittsburgh-hazelwood,us-pa-pittsburgh-hazelwood,True,READY,
train_pittsburgh,/Users/liuqing/Projects/01_E2E_QA_Code/nuplan/dataset/data/cache/train_pittsburgh/2021.09.15.18.28.05_veh-45_00325_00528.db,2021.09.15.18.28.05_veh-45_00325_00528.db,19968000,2022-09-23T05:50:40+00:00,True,bb9292e2ba0ac6dd0635e44292adac8a3830c7282c2f1f8cd8eb399f76931bd2,cb65006440d490d9043a5188d899d9d4fce6866787a8eba3c06b1dec99f193fb,7082,3076,8b7bf685489d201ad4a500648450c7f71d81a1a56475c42e1702f236f104c1d3,1,2021.09.15.18.28.05_veh-45_00325_00528,us-pa-pittsburgh-hazelwood,us-pa-pittsburgh-hazelwood,True,READY,
train_pittsburgh,/Users/liuqing/Projects/01_E2E_QA_Code/nuplan/dataset/data/cache/train_pittsburgh/2021.09.15.18.28.05_veh-45_00561_01614.db,2021.09.15.18.28.05_veh-45_00561_01614.db,156463104,2022-09-23T05:50:40+00:00,True,bb9292e2ba0ac6dd0635e44292adac8a3830c7282c2f1f8cd8eb399f76931bd2,94fb30e3d2769bd9ee4eb597c57e345864c7e8f2ab486d51f64471c5268e2141,24999,13187,20f0a504f69923eb91d2bae0d1134e6ca8031e4c42e7a64ba0c498bc4af28e8e,1,2021.09.15.18.28.05_veh-45_00561_01614,us-pa-pittsburgh-hazelwood,us-pa-pittsburgh-hazelwood,True,READY,
train_pittsburgh,/Users/liuqing/Projects/01_E2E_QA_Code/nuplan/dataset/data/cache/train_pittsburgh/2021.09.15.18.28.05_veh-45_01632_01720.db,2021.09.15.18.28.05_veh-45_01632_01720.db,11546624,2022-09-23T05:50:40+00:00,True,bb9292e2ba0ac6dd0635e44292adac8a3830c7282c2f1f8cd8eb399f76931bd2,1f44988471106b0eac5ae8a4b198fc993b5fc989dbfd47a18caf0b6a267a91fe,2589,1222,cf57facb450f117be9f87db68a849e16c0fac18ddace1e457a97b3509eb03050,1,2021.09.15.18.28.05_veh-45_01632_01720,us-pa-pittsburgh-hazelwood,us-pa-pittsburgh-hazelwood,True,READY,
train_pittsburgh,/Users/liuqing/Projects/01_E2E_QA_Code/nuplan/dataset/data/cache/train_pittsburgh/2021.09.15.18.28.05_veh-45_01731_01831.db,2021.09.15.18.28.05_veh-45_01731_01831.db,11108352,2022-09-23T05:50:40+00:00,True,bb9292e2ba0ac6dd0635e44292adac8a3830c7282c2f1f8cd8eb399f76931bd2,bbdd623d5c5c778c1f2da34d22a861fab306d2142d9315fd366a086ac0a4944a,2106,1265,2bcd5c4631edf23b3487599db64a41f712b6eadc9880e0104e4bf6f6a62c30d1,1,2021.09.15.18.28.05_veh-45_01731_01831,us-pa-pittsburgh-hazelwood,us-pa-pittsburgh-hazelwood,True,READY,
train_pittsburgh,/Users/liuqing/Projects/01_E2E_QA_Code/nuplan/dataset/data/cache/train_pittsburgh/2021.09.17.12.58.10_veh-45_00028_00151.db,2021.09.17.12.58.10_veh-45_00028_00151.db,9560064,2022-09-23T05:50:44+00:00,True,bb9292e2ba0ac6dd0635e44292adac8a3830c7282c2f1f8cd8eb399f76931bd2,58eb61fac6283e2ec460e612d8e0021104e1da877bfb6d4237b56cabaae1c7ec,2129,1508,756b022963f3a3b0f53d9d8a79f995aa897c4dce6e2e5e4edfc861c2d58094b9,1,2021.09.17.12.58.10_veh-45_00028_00151,us-pa-pittsburgh-hazelwood,us-pa-pittsburgh-hazelwood,True,READY,
train_pittsburgh,/Users/liuqing/Projects/01_E2E_QA_Code/nuplan/dataset/data/cache/train_pittsburgh/2021.09.17.12.58.10_veh-45_00473_00641.db,2021.09.17.12.58.10_veh-45_00473_00641.db,17354752,2022-09-23T05:50:44+00:00,True,bb9292e2ba0ac6dd0635e44292adac8a3830c7282c2f1f8cd8eb399f76931bd2,f63bdacfc882555ee5076c12112a30187c447cc183c5732a44ad9bbd4a6ff726,3195,1875,de1c6d29c197be84615b0adf602be904900efa6deb31850b53042705420c372d,1,2021.09.17.12.58.10_veh-45_00473_00641,us-pa-pittsburgh-hazelwood,us-pa-pittsburgh-hazelwood,True,READY,
train_pittsburgh,/Users/liuqing/Projects/01_E2E_QA_Code/nuplan/dataset/data/cache/train_pittsburgh/2021.09.17.12.58.10_veh-45_00693_00915.db,2021.09.17.12.58.10_veh-45_00693_00915.db,28213248,2022-09-23T05:50:44+00:00,True,bb9292e2ba0ac6dd0635e44292adac8a3830c7282c2f1f8cd8eb399f76931bd2,e1bd67115e4e3e531515e3b614870ccf4553a9b76af92f073264f7953e9da957,5092,2681,7c36091d6fcee63baec1927a687f0b38f5a15e95ef46288c3614344bb093217d,1,2021.09.17.12.58.10_veh-45_00693_00915,us-pa-pittsburgh-hazelwood,us-pa-pittsburgh-hazelwood,True,READY,
train_pittsburgh,/Users/liuqing/Projects/01_E2E_QA_Code/nuplan/dataset/data/cache/train_pittsburgh/2021.09.17.12.58.10_veh-45_01052_01117.db,2021.09.17.12.58.10_veh-45_01052_01117.db,13029376,2022-09-23T05:50:44+00:00,True,bb9292e2ba0ac6dd0635e44292adac8a3830c7282c2f1f8cd8eb399f76931bd2,387b15725044456beaf6a2263804d2df8c72d3e430229d5a0ccfe1f0267e7316,1254,824,78b105a2d912b10283591ae296297ff56679bb629930f603fce406d7f3ae22e7,1,2021.09.17.12.58.10_veh-45_01052_01117,us-pa-pittsburgh-hazelwood,us-pa-pittsburgh-hazelwood,True,READY,
train_pittsburgh,/Users/liuqing/Projects/01_E2E_QA_Code/nuplan/dataset/data/cache/train_pittsburgh/2021.09.17.12.58.10_veh-45_01150_01912.db,2021.09.17.12.58.10_veh-45_01150_01912.db,124231680,2022-09-23T05:50:44+00:00,True,bb9292e2ba0ac6dd0635e44292adac8a3830c7282c2f1f8cd8eb399f76931bd2,d8aa09ecd11d144d34e05a467a8d112ed9ab84b23e210da5ae7465a6367b9e02,16345,9844,a9c6b83b912a762b55bf33b035a04b2caaf070d878c6068e66e92e9c929a38d2,1,2021.09.17.12.58.10_veh-45_01150_01912,us-pa-pittsburgh-hazelwood,us-pa-pittsburgh-hazelwood,True,READY,
train_pittsburgh,/Users/liuqing/Projects/01_E2E_QA_Code/nuplan/dataset/data/cache/train_pittsburgh/2021.09.17.12.58.10_veh-45_01935_02062.db,2021.09.17.12.58.10_veh-45_01935_02062.db,12320768,2022-09-23T05:50:44+00:00,True,bb9292e2ba0ac6dd0635e44292adac8a3830c7282c2f1f8cd8eb399f76931bd2,2b15b3d2bf297d6b7deed47fc547261ac2157f18ab7e6581b6fcfa0c1ed057ac,2927,1886,8f8c9e9a5f7f9b1498acf8ee81d5c98807f02dc431eca59428741c7718a29764,1,2021.09.17.12.58.10_veh-45_01935_02062,us-pa-pittsburgh-hazelwood,us-pa-pittsburgh-hazelwood,True,READY,
train_pittsburgh,/Users/liuqing/Projects/01_E2E_QA_Code/nuplan/dataset/data/cache/train_pittsburgh/2021.09.17.12.58.10_veh-45_02654_02976.db,2021.09.17.12.58.10_veh-45_02654_02976.db,32153600,2022-09-23T05:50:44+00:00,True,bb9292e2ba0ac6dd0635e44292adac8a3830c7282c2f1f8cd8eb399f76931bd2,bf9654bc7fc111dc0763be898fdd4d12988e4fc03a68ffac1da590866b319df4,7250,4229,f6c1dfcb6c8c29aea3daa598b5535ea11c0c58a5fb4d26e365fe47af3855f260,1,2021.09.17.12.58.10_veh-45_02654_02976,us-pa-pittsburgh-hazelwood,us-pa-pittsburgh-hazelwood,True,READY,
train_pittsburgh,/Users/liuqing/Projects/01_E2E_QA_Code/nuplan/dataset/data/cache/train_pittsburgh/2021.09.17.12.58.10_veh-45_02999_03169.db,2021.09.17.12.58.10_veh-45_02999_03169.db,18448384,2022-09-23T05:50:44+00:00,True,bb9292e2ba0ac6dd0635e44292adac8a3830c7282c2f1f8cd8eb399f76931bd2,c8db007edc1cd3dcc93c5e0cc4b6538c91ab1f1bcbe60f322fbf4dab45a0e2d9,4673,2849,8d69488e2c38365babc1af3e4ab02bc22de773ea7ffd2939152f136b63c99419,1,2021.09.17.12.58.10_veh-45_02999_03169,us-pa-pittsburgh-hazelwood,us-pa-pittsburgh-hazelwood,True,READY,
train_pittsburgh,/Users/liuqing/Projects/01_E2E_QA_Code/nuplan/dataset/data/cache/train_pittsburgh/2021.09.17.12.58.10_veh-45_03273_03368.db,2021.09.17.12.58.10_veh-45_03273_03368.db,5439488,2022-09-23T05:50:44+00:00,True,bb9292e2ba0ac6dd0635e44292adac8a3830c7282c2f1f8cd8eb399f76931bd2,6209db10a941671ef9f73fdb9a3f8906a542b9d94aa83b58eecb437b75377e5b,2308,1612,c28945e4287875a0c744ebc12ae711096223fc8811b695768a0662948e56b339,1,2021.09.17.12.58.10_veh-45_03273_03368,us-pa-pittsburgh-hazelwood,us-pa-pittsburgh-hazelwood,True,READY,
train_pittsburgh,/Users/liuqing/Projects/01_E2E_QA_Code/nuplan/dataset/data/cache/train_pittsburgh/2021.09.17.13.27.08_veh-42_00039_00128.db,2021.09.17.13.27.08_veh-42_00039_00128.db,7680000,2022-09-23T05:50:44+00:00,True,bb9292e2ba0ac6dd0635e44292adac8a3830c7282c2f1f8cd8eb399f76931bd2,0cc20bbb7187a62d805d029ff4cb3e12ceb7f7c22176887c16a395f37fc90e5c,1690,940,58b8d2cf07623467ce5ec48fae8d572f4ec2e9a01cc51097ec188a09257a18f7,1,2021.09.17.13.27.08_veh-42_00039_00128,us-pa-pittsburgh-hazelwood,us-pa-pittsburgh-hazelwood,True,READY,
train_pittsburgh,/Users/liuqing/Projects/01_E2E_QA_Code/nuplan/dataset/data/cache/train_pittsburgh/2021.09.17.13.27.08_veh-42_00224_00365.db,2021.09.17.13.27.08_veh-42_00224_00365.db,10330112,2022-09-23T05:50:44+00:00,True,bb9292e2ba0ac6dd0635e44292adac8a3830c7282c2f1f8cd8eb399f76931bd2,0c8c4a0c496bb88fa24a85ede2da99cc297159dce6077639bd90aaf5a0a77994,2236,1443,3a50d30f1c4eb59822a785749fbb2c847f2b85f99599c47157b404fe15075d57,1,2021.09.17.13.27.08_veh-42_00224_00365,us-pa-pittsburgh-hazelwood,us-pa-pittsburgh-hazelwood,True,READY,
train_pittsburgh,/Users/liuqing/Projects/01_E2E_QA_Code/nuplan/dataset/data/cache/train_pittsburgh/2021.09.17.13.27.08_veh-42_00434_01037.db,2021.09.17.13.27.08_veh-42_00434_01037.db,77684736,2022-09-23T05:50:44+00:00,True,bb9292e2ba0ac6dd0635e44292adac8a3830c7282c2f1f8cd8eb399f76931bd2,8048ab159e71d3ee7c030adf20ce9f3cdb93ded0493c19a48f767063ebae220d,13779,8183,4cfb0e884556c70de67f19d1b381cbc38b436419dbbf77f9fea2c3ba393471e2,1,2021.09.17.13.27.08_veh-42_00434_01037,us-pa-pittsburgh-hazelwood,us-pa-pittsburgh-hazelwood,True,READY,
train_pittsburgh,/Users/liuqing/Projects/01_E2E_QA_Code/nuplan/dataset/data/cache/train_pittsburgh/2021.09.17.13.27.08_veh-42_01062_01265.db,2021.09.17.13.27.08_veh-42_01062_01265.db,23220224,2022-09-23T05:50:44+00:00,True,bb9292e2ba0ac6dd0635e44292adac8a3830c7282c2f1f8cd8eb399f76931bd2,9999c5383888c7ac62f7b6ea926b8813199c7f13eec2dcca39041a1148b20c57,5187,2564,cdcfd8a349fb262f5073553bdf4acb28a44a6110c96ad465209287b1d72ff4e7,1,2021.09.17.13.27.08_veh-42_01062_01265,us-pa-pittsburgh-hazelwood,us-pa-pittsburgh-hazelwood,True,READY,
train_pittsburgh,/Users/liuqing/Projects/01_E2E_QA_Code/nuplan/dataset/data/cache/train_pittsburgh/2021.09.17.13.27.08_veh-42_01295_01490.db,2021.09.17.13.27.08_veh-42_01295_01490.db,32722944,2022-09-23T05:50:44+00:00,True,bb9292e2ba0ac6dd0635e44292adac8a3830c7282c2f1f8cd8eb399f76931bd2,5acea5e7526cc84aae2812dfab81c5e4b2565171a78bac71e296d94f68ff7607,4835,2544,3dcd1097a85d4be7114ee9f79acf1fba79cc12785d0627d5f47e5189c5b6f6d8,1,2021.09.17.13.27.08_veh-42_01295_01490,us-pa-pittsburgh-hazelwood,us-pa-pittsburgh-hazelwood,True,READY,
train_pittsburgh,/Users/liuqing/Projects/01_E2E_QA_Code/nuplan/dataset/data/cache/train_pittsburgh/2021.09.17.14.16.10_veh-42_00022_00109.db,2021.09.17.14.16.10_veh-42_00022_00109.db,7356416,2022-09-23T05:50:45+00:00,True,bb9292e2ba0ac6dd0635e44292adac8a3830c7282c2f1f8cd8eb399f76931bd2,fadb0ae3794e23028c59b8e6ad57df7e342bf166d56e25803dd4daf7a0779817,1287,818,557300e0f19670204e64a0ce39e85c124aa404e7b0d0ed49d3a632c22086d920,1,2021.09.17.14.16.10_veh-42_00022_00109,us-pa-pittsburgh-hazelwood,us-pa-pittsburgh-hazelwood,True,READY,
train_pittsburgh,/Users/liuqing/Projects/01_E2E_QA_Code/nuplan/dataset/data/cache/train_pittsburgh/2021.09.17.14.16.10_veh-42_00206_00278.db,2021.09.17.14.16.10_veh-42_00206_00278.db,4546560,2022-09-23T05:50:45+00:00,True,bb9292e2ba0ac6dd0635e44292adac8a3830c7282c2f1f8cd8eb399f76931bd2,6730308c341e55bb49c1e461c9a033e97210bd106e0b96db5195a417f500a4d7,1781,1193,b9c2d74cf578f3fd5587730f9d1a8d6c605fb17dfef116720286a08d693417df,1,2021.09.17.14.16.10_veh-42_00206_00278,us-pa-pittsburgh-hazelwood,us-pa-pittsburgh-hazelwood,True,READY,
train_pittsburgh,/Users/liuqing/Projects/01_E2E_QA_Code/nuplan/dataset/data/cache/train_pittsburgh/2021.09.17.14.16.10_veh-42_00351_00579.db,2021.09.17.14.16.10_veh-42_00351_00579.db,16318464,2022-09-23T05:50:45+00:00,True,bb9292e2ba0ac6dd0635e44292adac8a3830c7282c2f1f8cd8eb399f76931bd2,a49a5e377d9bb622d38dca9ba527dd11583755c4c7cd58c23f9e161e46b0994b,4791,3152,09d9c64bf698a7ed8c9e538ffa0d164371308d8a9b137df3dd454a8677783a48,1,2021.09.17.14.16.10_veh-42_00351_00579,us-pa-pittsburgh-hazelwood,us-pa-pittsburgh-hazelwood,True,READY,
train_pittsburgh,/Users/liuqing/Projects/01_E2E_QA_Code/nuplan/dataset/data/cache/train_pittsburgh/2021.09.17.14.16.10_veh-42_00590_00737.db,2021.09.17.14.16.10_veh-42_00590_00737.db,24924160,2022-09-23T05:50:45+00:00,True,bb9292e2ba0ac6dd0635e44292adac8a3830c7282c2f1f8cd8eb399f76931bd2,1891e2b58b5decd683b80262ced7f23432f2ca2d9e1a6ab841e235bbf7328f52,4029,1746,9ff70985bc91cfa7fb7ac6575f8280880b724ae782a4c549b3e715bd28ac0b1a,1,2021.09.17.14.16.10_veh-42_00590_00737,us-pa-pittsburgh-hazelwood,us-pa-pittsburgh-hazelwood,True,READY,
train_pittsburgh,/Users/liuqing/Projects/01_E2E_QA_Code/nuplan/dataset/data/cache/train_pittsburgh/2021.09.17.14.16.10_veh-42_00755_00870.db,2021.09.17.14.16.10_veh-42_00755_00870.db,11128832,2022-09-23T05:50:45+00:00,True,bb9292e2ba0ac6dd0635e44292adac8a3830c7282c2f1f8cd8eb399f76931bd2,60ae817eac24a83a0f45748985b7112f67c21a22d73fc9eaf3915b8000d8f79b,3319,1397,aca5ca4e49d0c6dd13b4ef0c1922e1f05bb82d0b1e13825b7e4d0a61698a2d0e,1,2021.09.17.14.16.10_veh-42_00755_00870,us-pa-pittsburgh-hazelwood,us-pa-pittsburgh-hazelwood,True,READY,
train_pittsburgh,/Users/liuqing/Projects/01_E2E_QA_Code/nuplan/dataset/data/cache/train_pittsburgh/2021.09.17.14.16.10_veh-42_00933_01037.db,2021.09.17.14.16.10_veh-42_00933_01037.db,20992000,2022-09-23T05:50:45+00:00,True,bb9292e2ba0ac6dd0635e44292adac8a3830c7282c2f1f8cd8eb399f76931bd2,46c8b99796dc19b5d0a9fb88585b4becd55b592ebb5fe4b925579219ded665cb,3363,1553,9dab4c6514b89018734c7d6c0b18b0e31e8a267ba5499c73bc47ef856690169b,1,2021.09.17.14.16.10_veh-42_00933_01037,us-pa-pittsburgh-hazelwood,us-pa-pittsburgh-hazelwood,True,READY,
train_pittsburgh,/Users/liuqing/Projects/01_E2E_QA_Code/nuplan/dataset/data/cache/train_pittsburgh/2021.09.17.14.16.10_veh-42_01087_01281.db,2021.09.17.14.16.10_veh-42_01087_01281.db,19718144,2022-09-23T05:50:45+00:00,True,bb9292e2ba0ac6dd0635e44292adac8a3830c7282c2f1f8cd8eb399f76931bd2,5ab639ef7b986f55ee59ae5848978162e91c2cccac448f6d363c6493a9531eed,4137,2413,9c22b5eb4f0b6b734f5f58ed605ad1a2383b77c691d3e614926453a112684f5f,1,2021.09.17.14.16.10_veh-42_01087_01281,us-pa-pittsburgh-hazelwood,us-pa-pittsburgh-hazelwood,True,READY,
train_pittsburgh,/Users/liuqing/Projects/01_E2E_QA_Code/nuplan/dataset/data/cache/train_pittsburgh/2021.09.17.14.16.10_veh-42_01303_01376.db,2021.09.17.14.16.10_veh-42_01303_01376.db,5292032,2022-09-23T05:50:45+00:00,True,bb9292e2ba0ac6dd0635e44292adac8a3830c7282c2f1f8cd8eb399f76931bd2,9d9e6cde049f282fee255b68d78904f6882b3865e51f4a66b131fc77fbecc202,1786,768,60b79b366149c867fc918ba270703fa606baa53cfc4e36e78a6f6e36869f06a3,1,2021.09.17.14.16.10_veh-42_01303_01376,us-pa-pittsburgh-hazelwood,us-pa-pittsburgh-hazelwood,True,READY,
train_pittsburgh,/Users/liuqing/Projects/01_E2E_QA_Code/nuplan/dataset/data/cache/train_pittsburgh/2021.09.17.14.16.24_veh-45_00253_01317.db,2021.09.17.14.16.24_veh-45_00253_01317.db,183959552,2022-09-23T05:50:45+00:00,True,bb9292e2ba0ac6dd0635e44292adac8a3830c7282c2f1f8cd8eb399f76931bd2,40306bece8b05e1b4539d5e3695bd6dd3345e4a2af4b942847f67c31b8f91734,25865,14059,f355e035106b3255ba45e54cea89907339aeb6da333dc6e0ff1248752976367d,1,2021.09.17.14.16.24_veh-45_00253_01317,us-pa-pittsburgh-hazelwood,us-pa-pittsburgh-hazelwood,True,READY,
train_pittsburgh,/Users/liuqing/Projects/01_E2E_QA_Code/nuplan/dataset/data/cache/train_pittsburgh/2021.09.17.14.16.24_veh-45_01340_01767.db,2021.09.17.14.16.24_veh-45_01340_01767.db,59400192,2022-09-23T05:50:45+00:00,True,bb9292e2ba0ac6dd0635e44292adac8a3830c7282c2f1f8cd8eb399f76931bd2,b65b752fbaaaa3b83b6a9ae7cda387ec5564dcfd9d68622a91f9f839779f37b1,9997,5616,2696104f2ad0d5b2878447b94581af05cb5770e3a49d568a7602a94090bf7318,1,2021.09.17.14.16.24_veh-45_01340_01767,us-pa-pittsburgh-hazelwood,us-pa-pittsburgh-hazelwood,True,READY,
train_pittsburgh,/Users/liuqing/Projects/01_E2E_QA_Code/nuplan/dataset/data/cache/train_pittsburgh/2021.09.17.14.16.24_veh-45_01790_01961.db,2021.09.17.14.16.24_veh-45_01790_01961.db,31313920,2022-09-23T05:50:45+00:00,True,bb9292e2ba0ac6dd0635e44292adac8a3830c7282c2f1f8cd8eb399f76931bd2,3cb313f0b0e9cc10ca3765a92407160a7f922409dd4f72edd180972ab6d0eb58,4196,2326,d92e43043a06e64af9c730d63aab44e84b0664b8cbdac7fd62034b89f0812a32,1,2021.09.17.14.16.24_veh-45_01790_01961,us-pa-pittsburgh-hazelwood,us-pa-pittsburgh-hazelwood,True,READY,
train_pittsburgh,/Users/liuqing/Projects/01_E2E_QA_Code/nuplan/dataset/data/cache/train_pittsburgh/2021.09.17.14.16.24_veh-45_01972_02284.db,2021.09.17.14.16.24_veh-45_01972_02284.db,64798720,2022-09-23T05:50:45+00:00,True,bb9292e2ba0ac6dd0635e44292adac8a3830c7282c2f1f8cd8eb399f76931bd2,c5f6f554d53a25b1bbe322db99b3c104288c4a41dea5c0a0260b22c59f90460b,6800,4448,b26f13ea6d8c7a1fb4998d9cff7059433601d87fa5d40e73af8b3345309e107f,1,2021.09.17.14.16.24_veh-45_01972_02284,us-pa-pittsburgh-hazelwood,us-pa-pittsburgh-hazelwood,True,READY,
train_pittsburgh,/Users/liuqing/Projects/01_E2E_QA_Code/nuplan/dataset/data/cache/train_pittsburgh/2021.09.17.14.16.24_veh-45_02378_02497.db,2021.09.17.14.16.24_veh-45_02378_02497.db,13623296,2022-09-23T05:50:45+00:00,True,bb9292e2ba0ac6dd0635e44292adac8a3830c7282c2f1f8cd8eb399f76931bd2,caa4857531bf8a45dec61ce50cbf05ddc4e3d4cd930f655b4d330034345bb7e7,2329,1502,586396ba170c41043039d1e851987c90d7e18b0131b4452ded6eb4d9dd4bd651,1,2021.09.17.14.16.24_veh-45_02378_02497,us-pa-pittsburgh-hazelwood,us-pa-pittsburgh-hazelwood,True,READY,
train_pittsburgh,/Users/liuqing/Projects/01_E2E_QA_Code/nuplan/dataset/data/cache/train_pittsburgh/2021.09.17.14.16.24_veh-45_02522_02685.db,2021.09.17.14.16.24_veh-45_02522_02685.db,29073408,2022-09-23T05:50:45+00:00,True,bb9292e2ba0ac6dd0635e44292adac8a3830c7282c2f1f8cd8eb399f76931bd2,bc33afd5589deec3749b24da9e2d148637c1b25d0b3450292df6a40ffc75c2b1,3642,2097,13bbf3cf313755baaa6b8fdc861ff7a984bdf1fa8617387ad6450e19d7901361,1,2021.09.17.14.16.24_veh-45_02522_02685,us-pa-pittsburgh-hazelwood,us-pa-pittsburgh-hazelwood,True,READY,
train_pittsburgh,/Users/liuqing/Projects/01_E2E_QA_Code/nuplan/dataset/data/cache/train_pittsburgh/2021.09.17.14.16.24_veh-45_02729_03014.db,2021.09.17.14.16.24_veh-45_02729_03014.db,45432832,2022-09-23T05:50:45+00:00,True,bb9292e2ba0ac6dd0635e44292adac8a3830c7282c2f1f8cd8eb399f76931bd2,70d1ccd0e5f124b1feae98467eb31cef886c9803f2827db47101fe3f4650008c,4998,3379,1433b89ca58c1b40abe441055948a2ab0373e5de65d31f46864350f2edb116e7,1,2021.09.17.14.16.24_veh-45_02729_03014,us-pa-pittsburgh-hazelwood,us-pa-pittsburgh-hazelwood,True,READY,
train_pittsburgh,/Users/liuqing/Projects/01_E2E_QA_Code/nuplan/dataset/data/cache/train_pittsburgh/2021.09.17.14.49.23_veh-42_00135_00310.db,2021.09.17.14.49.23_veh-42_00135_00310.db,15134720,2022-09-23T05:50:45+00:00,True,bb9292e2ba0ac6dd0635e44292adac8a3830c7282c2f1f8cd8eb399f76931bd2,1f381a8302e57adb58a7b387a0ba5a7d69454c630e5815dd171c7b6f3f86fe23,4709,2241,66a63192b2ee5dc8ec15490de9e775dd234d8173cef0981c8ec808dc049d3ffb,1,2021.09.17.14.49.23_veh-42_00135_00310,us-pa-pittsburgh-hazelwood,us-pa-pittsburgh-hazelwood,True,READY,
train_pittsburgh,/Users/liuqing/Projects/01_E2E_QA_Code/nuplan/dataset/data/cache/train_pittsburgh/2021.09.17.14.49.23_veh-42_00333_00624.db,2021.09.17.14.49.23_veh-42_00333_00624.db,57389056,2022-09-23T05:50:45+00:00,True,bb9292e2ba0ac6dd0635e44292adac8a3830c7282c2f1f8cd8eb399f76931bd2,fdc79b69e59111e3bc14293489b910f58ced34437b70aaf75c2eff57527916bb,6492,3979,d9e95d73c28e01882be23b20f9868b0558f961e9467a2a31b5f7f813cfb703f1,1,2021.09.17.14.49.23_veh-42_00333_00624,us-pa-pittsburgh-hazelwood,us-pa-pittsburgh-hazelwood,True,READY,
train_pittsburgh,/Users/liuqing/Projects/01_E2E_QA_Code/nuplan/dataset/data/cache/train_pittsburgh/2021.09.17.14.49.23_veh-42_00690_00846.db,2021.09.17.14.49.23_veh-42_00690_00846.db,17276928,2022-09-23T05:50:45+00:00,True,bb9292e2ba0ac6dd0635e44292adac8a3830c7282c2f1f8cd8eb399f76931bd2,12bb80e4a3f754ac2421b7b2b833b680d94d7191193c5a8093d989cb0c5fc248,3765,2105,fe3724c8b53423d9e5757598343e96367542dce8019525b28d46e7bdbc875c83,1,2021.09.17.14.49.23_veh-42_00690_00846,us-pa-pittsburgh-hazelwood,us-pa-pittsburgh-hazelwood,True,READY,
train_pittsburgh,/Users/liuqing/Projects/01_E2E_QA_Code/nuplan/dataset/data/cache/train_pittsburgh/2021.09.17.14.49.23_veh-42_00941_01023.db,2021.09.17.14.49.23_veh-42_00941_01023.db,5345280,2022-09-23T05:50:45+00:00,True,bb9292e2ba0ac6dd0635e44292adac8a3830c7282c2f1f8cd8eb399f76931bd2,d836a709d894544995b778796ed9544d4ed2a8b715cfb31b02cdbb3b7fa135ad,1997,1344,66f5797a18bf9a316314cfb4d2c80790e1db1d45f17ada8ea72982cbd150b930,1,2021.09.17.14.49.23_veh-42_00941_01023,us-pa-pittsburgh-hazelwood,us-pa-pittsburgh-hazelwood,True,READY,
train_pittsburgh,/Users/liuqing/Projects/01_E2E_QA_Code/nuplan/dataset/data/cache/train_pittsburgh/2021.09.17.14.49.23_veh-42_01181_01300.db,2021.09.17.14.49.23_veh-42_01181_01300.db,9326592,2022-09-23T05:50:45+00:00,True,bb9292e2ba0ac6dd0635e44292adac8a3830c7282c2f1f8cd8eb399f76931bd2,7fc1d865fcdf9dd6f478e754ca305e879cd9622abe2fdbde28e426083cd7b962,2125,1376,0b8b4edbb4a4a345d7946253e83bce111ab93a3fbad980d7440c0b263acb48c6,1,2021.09.17.14.49.23_veh-42_01181_01300,us-pa-pittsburgh-hazelwood,us-pa-pittsburgh-hazelwood,True,READY,
train_pittsburgh,/Users/liuqing/Projects/01_E2E_QA_Code/nuplan/dataset/data/cache/train_pittsburgh/2021.09.17.14.49.23_veh-42_01352_01463.db,2021.09.17.14.49.23_veh-42_01352_01463.db,8753152,2022-09-23T05:50:45+00:00,True,bb9292e2ba0ac6dd0635e44292adac8a3830c7282c2f1f8cd8eb399f76931bd2,0c1ced6a62b4184d0bc8a4a7c58596406669fffd719753ba6b1278b83c1f270b,2719,1454,ca70c66fe4cafd1f372a5578a11a307b47f3b1a4e88d3a915fda21a6692a21ad,1,2021.09.17.14.49.23_veh-42_01352_01463,us-pa-pittsburgh-hazelwood,us-pa-pittsburgh-hazelwood,True,READY,
train_pittsburgh,/Users/liuqing/Projects/01_E2E_QA_Code/nuplan/dataset/data/cache/train_pittsburgh/2021.09.17.14.49.23_veh-42_01486_01773.db,2021.09.17.14.49.23_veh-42_01486_01773.db,65245184,2022-09-23T05:50:45+00:00,True,bb9292e2ba0ac6dd0635e44292adac8a3830c7282c2f1f8cd8eb399f76931bd2,162ca91d07ea377b54219ed68f3b03f1ef0d6dbbc26ba8998ab312a408a7b8b5,7755,4287,b5523901b915a84fbebe428a6c4d3514f7b1efcaa4c4f464c146e5d454563ddd,1,2021.09.17.14.49.23_veh-42_01486_01773,us-pa-pittsburgh-hazelwood,us-pa-pittsburgh-hazelwood,True,READY,
train_pittsburgh,/Users/liuqing/Projects/01_E2E_QA_Code/nuplan/dataset/data/cache/train_pittsburgh/2021.09.17.14.49.23_veh-42_01802_01942.db,2021.09.17.14.49.23_veh-42_01802_01942.db,30375936,2022-09-23T05:50:45+00:00,True,bb9292e2ba0ac6dd0635e44292adac8a3830c7282c2f1f8cd8eb399f76931bd2,5b157f1c0e39e4420743e805f38a0461538e88385e05b75a3dd1dce9abfd3b93,5149,2048,37c79c5a74ab4657ed5051f44ca43bd6e794945f6a6bbc6584bd25377539d629,1,2021.09.17.14.49.23_veh-42_01802_01942,us-pa-pittsburgh-hazelwood,us-pa-pittsburgh-hazelwood,True,READY,
train_pittsburgh,/Users/liuqing/Projects/01_E2E_QA_Code/nuplan/dataset/data/cache/train_pittsburgh/2021.09.17.14.49.23_veh-42_01963_02102.db,2021.09.17.14.49.23_veh-42_01963_02102.db,23998464,2022-09-23T05:50:45+00:00,True,bb9292e2ba0ac6dd0635e44292adac8a3830c7282c2f1f8cd8eb399f76931bd2,fd314f26b1bcc1d5b9bde92880f14d6ef7dfb694b408d31a89e7c149140ea42e,6212,2300,e218dda8dfee6db563b94525096a030283c1b17fd24e9ccac6f99cc1767fb0fe,1,2021.09.17.14.49.23_veh-42_01963_02102,us-pa-pittsburgh-hazelwood,us-pa-pittsburgh-hazelwood,True,READY,
train_pittsburgh,/Users/liuqing/Projects/01_E2E_QA_Code/nuplan/dataset/data/cache/train_pittsburgh/2021.09.17.14.49.23_veh-42_02134_02209.db,2021.09.17.14.49.23_veh-42_02134_02209.db,8216576,2022-09-23T05:50:45+00:00,True,bb9292e2ba0ac6dd0635e44292adac8a3830c7282c2f1f8cd8eb399f76931bd2,cc4cd1bdd29ad662278f63cdf4a939f45d5778ed6a89bbf22292ccfdf3e51d8d,1540,1041,d1566fed90551d1be9cfd989d11b404600d0f0becb8e345ec6f7ab11f3acba09,1,2021.09.17.14.49.23_veh-42_02134_02209,us-pa-pittsburgh-hazelwood,us-pa-pittsburgh-hazelwood,True,READY,
train_pittsburgh,/Users/liuqing/Projects/01_E2E_QA_Code/nuplan/dataset/data/cache/train_pittsburgh/2021.09.17.14.49.23_veh-42_02280_02468.db,2021.09.17.14.49.23_veh-42_02280_02468.db,40693760,2022-09-23T05:50:45+00:00,True,bb9292e2ba0ac6dd0635e44292adac8a3830c7282c2f1f8cd8eb399f76931bd2,9472b1653cb4ee1aac2544a4098527e8e16145e6fa6526d3da87283003c5ae2b,4081,1884,ef52cfe9a2ac92025767a5474d1b69729eb8da3e62afc7847ca4a4455c0947d8,1,2021.09.17.14.49.23_veh-42_02280_02468,us-pa-pittsburgh-hazelwood,us-pa-pittsburgh-hazelwood,True,READY,
train_pittsburgh,/Users/liuqing/Projects/01_E2E_QA_Code/nuplan/dataset/data/cache/train_pittsburgh/2021.09.17.14.49.23_veh-42_02490_02635.db,2021.09.17.14.49.23_veh-42_02490_02635.db,16084992,2022-09-23T05:50:45+00:00,True,bb9292e2ba0ac6dd0635e44292adac8a3830c7282c2f1f8cd8eb399f76931bd2,3939d0d631b83f843a7ce430be6e61e3618a1e13894dafe7a6314a974c3c5861,3143,1942,34b258754599761f95b0e4670b97e945f93472117048050d8d31dfd1e666256c,1,2021.09.17.14.49.23_veh-42_02490_02635,us-pa-pittsburgh-hazelwood,us-pa-pittsburgh-hazelwood,True,READY,
train_pittsburgh,/Users/liuqing/Projects/01_E2E_QA_Code/nuplan/dataset/data/cache/train_pittsburgh/2021.09.17.14.49.23_veh-42_02715_02860.db,2021.09.17.14.49.23_veh-42_02715_02860.db,10104832,2022-09-23T05:50:45+00:00,True,bb9292e2ba0ac6dd0635e44292adac8a3830c7282c2f1f8cd8eb399f76931bd2,305f4383d72898d48f9464599963e60d066f6bc9becb1fa20ff81af36f91a1a0,2918,2058,5b67a221960a4c092bde548cd91183419085d92201b60a6566fedb331977e69a,1,2021.09.17.14.49.23_veh-42_02715_02860,us-pa-pittsburgh-hazelwood,us-pa-pittsburgh-hazelwood,True,READY,
train_pittsburgh,/Users/liuqing/Projects/01_E2E_QA_Code/nuplan/dataset/data/cache/train_pittsburgh/2021.09.17.16.35.20_veh-45_00031_00099.db,2021.09.17.16.35.20_veh-45_00031_00099.db,6459392,2022-09-23T05:50:45+00:00,True,bb9292e2ba0ac6dd0635e44292adac8a3830c7282c2f1f8cd8eb399f76931bd2,21fcb1e8bba1adf144a6f5103baf8873f87a49737c22a42a20f31b820fd99d7d,971,709,c8b7c243d071c02a9a642cd58dbfd0a8e9795b3e707297dd574f82d22a1e3b14,1,2021.09.17.16.35.20_veh-45_00031_00099,us-pa-pittsburgh-hazelwood,us-pa-pittsburgh-hazelwood,True,READY,
train_pittsburgh,/Users/liuqing/Projects/01_E2E_QA_Code/nuplan/dataset/data/cache/train_pittsburgh/2021.09.17.16.35.20_veh-45_00226_00337.db,2021.09.17.16.35.20_veh-45_00226_00337.db,7630848,2022-09-23T05:50:45+00:00,True,bb9292e2ba0ac6dd0635e44292adac8a3830c7282c2f1f8cd8eb399f76931bd2,d95a571df1c8412ecefd979afa080cad0374fb8947d0a8c89bc650fda33ae30a,2531,1755,a4fe268ea96c73903c38c299d34ff32804f3c41af570a215679c4addfb08cfb9,1,2021.09.17.16.35.20_veh-45_00226_00337,us-pa-pittsburgh-hazelwood,us-pa-pittsburgh-hazelwood,True,READY,
train_pittsburgh,/Users/liuqing/Projects/01_E2E_QA_Code/nuplan/dataset/data/cache/train_pittsburgh/2021.09.17.16.35.20_veh-45_00394_00540.db,2021.09.17.16.35.20_veh-45_00394_00540.db,14966784,2022-09-23T05:50:45+00:00,True,bb9292e2ba0ac6dd0635e44292adac8a3830c7282c2f1f8cd8eb399f76931bd2,8c082499dbfb057fe1530587790d126e8f323d2b0b104abf0dbd446082ef6c1f,3155,1690,ad09d440f5e61fe3defa7beadeebdbc5cde763f277e14a553d294e4298127622,1,2021.09.17.16.35.20_veh-45_00394_00540,us-pa-pittsburgh-hazelwood,us-pa-pittsburgh-hazelwood,True,READY,
train_pittsburgh,/Users/liuqing/Projects/01_E2E_QA_Code/nuplan/dataset/data/cache/train_pittsburgh/2021.09.17.16.35.20_veh-45_00698_00846.db,2021.09.17.16.35.20_veh-45_00698_00846.db,17928192,2022-09-23T05:50:45+00:00,True,bb9292e2ba0ac6dd0635e44292adac8a3830c7282c2f1f8cd8eb399f76931bd2,d7ba6ee9a1df482f58dde96f7191b43ca99bb5a6971b8b9179667972d51f224d,2439,1894,3a86d99161e7464aca3882a8e9efc72b9f316b0a4b6b0984bdbbb00929b30a03,1,2021.09.17.16.35.20_veh-45_00698_00846,us-pa-pittsburgh-hazelwood,us-pa-pittsburgh-hazelwood,True,READY,
train_pittsburgh,/Users/liuqing/Projects/01_E2E_QA_Code/nuplan/dataset/data/cache/train_pittsburgh/2021.09.17.16.35.20_veh-45_01041_01191.db,2021.09.17.16.35.20_veh-45_01041_01191.db,35966976,2022-09-23T05:50:45+00:00,True,bb9292e2ba0ac6dd0635e44292adac8a3830c7282c2f1f8cd8eb399f76931bd2,a3c465ae639bbd767e106d59ac7ba55a6f82b1d91abdeb31e6cbb0174885d385,3998,2246,20a027ceb41b8039250d00bc4a6010a03888364c8233540b9f6b5b34ddec495e,1,2021.09.17.16.35.20_veh-45_01041_01191,us-pa-pittsburgh-hazelwood,us-pa-pittsburgh-hazelwood,True,READY,
train_pittsburgh,/Users/liuqing/Projects/01_E2E_QA_Code/nuplan/dataset/data/cache/train_pittsburgh/2021.09.17.16.35.20_veh-45_01218_01381.db,2021.09.17.16.35.20_veh-45_01218_01381.db,35360768,2022-09-23T05:50:45+00:00,True,bb9292e2ba0ac6dd0635e44292adac8a3830c7282c2f1f8cd8eb399f76931bd2,1140aed7e73cfb3cb4a9f87d7a0f08fcdb0311aa3aab2766c920d2ed0c0cfd09,3813,2067,b3f137ef61a832b3e78f6773fa691c245bbdf21ba6494d09e1b9ee05bc59eb05,1,2021.09.17.16.35.20_veh-45_01218_01381,us-pa-pittsburgh-hazelwood,us-pa-pittsburgh-hazelwood,True,READY,
train_pittsburgh,/Users/liuqing/Projects/01_E2E_QA_Code/nuplan/dataset/data/cache/train_pittsburgh/2021.09.17.16.35.20_veh-45_01400_01477.db,2021.09.17.16.35.20_veh-45_01400_01477.db,10063872,2022-09-23T05:50:45+00:00,True,bb9292e2ba0ac6dd0635e44292adac8a3830c7282c2f1f8cd8eb399f76931bd2,bcfa01be2df24929df11d497262c1d3bbf6c9ff4019caca32f0a1673ef319d4f,1460,1245,2b647c1105e810482c487486909673eddeda4286d935ea46ba7493ac85b97b65,1,2021.09.17.16.35.20_veh-45_01400_01477,us-pa-pittsburgh-hazelwood,us-pa-pittsburgh-hazelwood,True,READY,
train_pittsburgh,/Users/liuqing/Projects/01_E2E_QA_Code/nuplan/dataset/data/cache/train_pittsburgh/2021.09.17.16.35.20_veh-45_01509_01782.db,2021.09.17.16.35.20_veh-45_01509_01782.db,50749440,2022-09-23T05:50:45+00:00,True,bb9292e2ba0ac6dd0635e44292adac8a3830c7282c2f1f8cd8eb399f76931bd2,f2b7eda1ee6dfb5b31c3a9b1cd97577ad94baeca29b13531283f0486f36962c0,5322,3254,1e29f7a222c59c14e399c77aefbaace39aba3e3565c024fd3b2fcb58dff5e68d,1,2021.09.17.16.35.20_veh-45_01509_01782,us-pa-pittsburgh-hazelwood,us-pa-pittsburgh-hazelwood,True,READY,
train_pittsburgh,/Users/liuqing/Projects/01_E2E_QA_Code/nuplan/dataset/data/cache/train_pittsburgh/2021.09.17.16.35.20_veh-45_02008_02115.db,2021.09.17.16.35.20_veh-45_02008_02115.db,6430720,2022-09-23T05:50:45+00:00,True,bb9292e2ba0ac6dd0635e44292adac8a3830c7282c2f1f8cd8eb399f76931bd2,23b9af6a868b09b7c45f349a977aea093b9906cf2c27d9f8ffed9a5d6ca104f6,2880,1904,e99b657ac38a4519136d5ae4e75d2d5bd94dc6248f50ba4304c2192d35becc4b,1,2021.09.17.16.35.20_veh-45_02008_02115,us-pa-pittsburgh-hazelwood,us-pa-pittsburgh-hazelwood,True,READY,
train_pittsburgh,/Users/liuqing/Projects/01_E2E_QA_Code/nuplan/dataset/data/cache/train_pittsburgh/2021.09.17.16.35.20_veh-45_02292_02449.db,2021.09.17.16.35.20_veh-45_02292_02449.db,11104256,2022-09-23T05:50:45+00:00,True,bb9292e2ba0ac6dd0635e44292adac8a3830c7282c2f1f8cd8eb399f76931bd2,7f0597eff6d03e777f5cb1c15c978593d0cce37b40f51901428506b81a42f986,3628,2302,55019ab3f3afcd41390dca3fce5db49085966f3c685b3921d7c94995010fe0fa,1,2021.09.17.16.35.20_veh-45_02292_02449,us-pa-pittsburgh-hazelwood,us-pa-pittsburgh-hazelwood,True,READY,
train_pittsburgh,/Users/liuqing/Projects/01_E2E_QA_Code/nuplan/dataset/data/cache/train_pittsburgh/2021.09.17.16.35.20_veh-45_02460_02539.db,2021.09.17.16.35.20_veh-45_02460_02539.db,5783552,2022-09-23T05:50:45+00:00,True,bb9292e2ba0ac6dd0635e44292adac8a3830c7282c2f1f8cd8eb399f76931bd2,c6ecd5a7baecd732877bc33897fcf5f30ae495767ce7e93d946af7b947d19c6b,1546,889,4573fd03a626ff1f277ce0588a65210cacf3a83aab7f4844a18b7cefdbb0447c,1,2021.09.17.16.35.20_veh-45_02460_02539,us-pa-pittsburgh-hazelwood,us-pa-pittsburgh-hazelwood,True,READY,
train_pittsburgh,/Users/liuqing/Projects/01_E2E_QA_Code/nuplan/dataset/data/cache/train_pittsburgh/2021.09.17.16.35.20_veh-45_02564_02920.db,2021.09.17.16.35.20_veh-45_02564_02920.db,48500736,2022-09-23T05:50:45+00:00,True,bb9292e2ba0ac6dd0635e44292adac8a3830c7282c2f1f8cd8eb399f76931bd2,4ca7590bd1d2eb52964c56170dab6f185fd6bf5658f7c52e8912e90d2c0f1f78,9852,5298,c4d0c110f316cefad1d88dfd6896d20631596835de41d3815aca02e30b7b9a3e,1,2021.09.17.16.35.20_veh-45_02564_02920,us-pa-pittsburgh-hazelwood,us-pa-pittsburgh-hazelwood,True,READY,
train_pittsburgh,/Users/liuqing/Projects/01_E2E_QA_Code/nuplan/dataset/data/cache/train_pittsburgh/2021.09.17.16.35.20_veh-45_02942_03004.db,2021.09.17.16.35.20_veh-45_02942_03004.db,9916416,2022-09-23T05:50:45+00:00,True,bb9292e2ba0ac6dd0635e44292adac8a3830c7282c2f1f8cd8eb399f76931bd2,308868b67f6c6c159dfe6a25769afad1b30568e88f8bca6f2e285b2c5e95bf78,1144,786,064cf0534501d48077c9a613970ff1303658af4c2ede87de71375786662476f8,1,2021.09.17.16.35.20_veh-45_02942_03004,us-pa-pittsburgh-hazelwood,us-pa-pittsburgh-hazelwood,True,READY,
train_pittsburgh,/Users/liuqing/Projects/01_E2E_QA_Code/nuplan/dataset/data/cache/train_pittsburgh/2021.09.17.16.35.20_veh-45_03025_03426.db,2021.09.17.16.35.20_veh-45_03025_03426.db,62967808,2022-09-23T05:50:45+00:00,True,bb9292e2ba0ac6dd0635e44292adac8a3830c7282c2f1f8cd8eb399f76931bd2,f82175b6c3156985f4a807eb34a0de4ef0a7418b9af902800101bde25187547a,7542,4710,1226a218612957cae806bd4649b4a23db032c77d62349abb34ad07959cbadffd,1,2021.09.17.16.35.20_veh-45_03025_03426,us-pa-pittsburgh-hazelwood,us-pa-pittsburgh-hazelwood,True,READY,
train_pittsburgh,/Users/liuqing/Projects/01_E2E_QA_Code/nuplan/dataset/data/cache/train_pittsburgh/2021.09.17.17.36.45_veh-45_00080_00288.db,2021.09.17.17.36.45_veh-45_00080_00288.db,41836544,2022-09-23T05:50:45+00:00,True,bb9292e2ba0ac6dd0635e44292adac8a3830c7282c2f1f8cd8eb399f76931bd2,dfe786b702c95ebd4f5119ddf114d165fa8170345291d53583def55641314d2b,6034,2904,a82e397d1935174eb9e7f82fd85c81f1b4408012268c59e6306d7920dabaf58b,1,2021.09.17.17.36.45_veh-45_00080_00288,us-pa-pittsburgh-hazelwood,us-pa-pittsburgh-hazelwood,True,READY,
train_pittsburgh,/Users/liuqing/Projects/01_E2E_QA_Code/nuplan/dataset/data/cache/train_pittsburgh/2021.09.17.17.36.45_veh-45_00338_00529.db,2021.09.17.17.36.45_veh-45_00338_00529.db,33005568,2022-09-23T05:50:45+00:00,True,bb9292e2ba0ac6dd0635e44292adac8a3830c7282c2f1f8cd8eb399f76931bd2,21a7ac455d2f130b4ec133710fe160e4ff99da932c8d04899b5dc810a98f94c1,4216,2476,8e4dd5c7e22512efe05699fe5019cf8211305954373c12424746a350ab317d05,1,2021.09.17.17.36.45_veh-45_00338_00529,us-pa-pittsburgh-hazelwood,us-pa-pittsburgh-hazelwood,True,READY,
train_pittsburgh,/Users/liuqing/Projects/01_E2E_QA_Code/nuplan/dataset/data/cache/train_pittsburgh/2021.09.17.17.36.45_veh-45_00541_00814.db,2021.09.17.17.36.45_veh-45_00541_00814.db,57450496,2022-09-23T05:50:45+00:00,True,bb9292e2ba0ac6dd0635e44292adac8a3830c7282c2f1f8cd8eb399f76931bd2,70ded0c778065d23eabf0dbb2a49721f0b774750870e0c858670841cee82077a,6760,3819,4cba5b087261095ae1074e623625c02fe835057e8805e50b8f900cbc05e21b5d,1,2021.09.17.17.36.45_veh-45_00541_00814,us-pa-pittsburgh-hazelwood,us-pa-pittsburgh-hazelwood,True,READY,
train_pittsburgh,/Users/liuqing/Projects/01_E2E_QA_Code/nuplan/dataset/data/cache/train_pittsburgh/2021.09.17.17.36.45_veh-45_00837_01106.db,2021.09.17.17.36.45_veh-45_00837_01106.db,44015616,2022-09-23T05:50:45+00:00,True,bb9292e2ba0ac6dd0635e44292adac8a3830c7282c2f1f8cd8eb399f76931bd2,6cc9d586bc26082e79fc0bffd45908e25b8d3215540c64741948455d545a0a3f,6662,3642,0cb5654e620244ada060a2f832cc2d6ceebfe4e0bb69518bca7b0227258d9792,1,2021.09.17.17.36.45_veh-45_00837_01106,us-pa-pittsburgh-hazelwood,us-pa-pittsburgh-hazelwood,True,READY,
train_pittsburgh,/Users/liuqing/Projects/01_E2E_QA_Code/nuplan/dataset/data/cache/train_pittsburgh/2021.09.17.17.36.45_veh-45_01123_01184.db,2021.09.17.17.36.45_veh-45_01123_01184.db,4431872,2022-09-23T05:50:45+00:00,True,bb9292e2ba0ac6dd0635e44292adac8a3830c7282c2f1f8cd8eb399f76931bd2,14ef955842500335000c84f2cfbc40e1b3cc7a17a1f8e690133ec58b12462163,1198,592,89417e11a84edf427cd9520b9386c597c4a042e54cd5cb0c1572354489855e0f,1,2021.09.17.17.36.45_veh-45_01123_01184,us-pa-pittsburgh-hazelwood,us-pa-pittsburgh-hazelwood,True,READY,
train_pittsburgh,/Users/liuqing/Projects/01_E2E_QA_Code/nuplan/dataset/data/cache/train_pittsburgh/2021.09.17.18.16.32_veh-45_00016_00093.db,2021.09.17.18.16.32_veh-45_00016_00093.db,5099520,2022-09-23T05:50:46+00:00,True,bb9292e2ba0ac6dd0635e44292adac8a3830c7282c2f1f8cd8eb399f76931bd2,fa304f68d5b7f61d9f19f718ab4264983734521f2777d17db9a68c301eb2cc6a,1495,967,bc9fc3842beadaf1ad90520d8b39c98586e27b90aa3e988292ba8e20065ce856,1,2021.09.17.18.16.32_veh-45_00016_00093,us-pa-pittsburgh-hazelwood,us-pa-pittsburgh-hazelwood,True,READY,
train_pittsburgh,/Users/liuqing/Projects/01_E2E_QA_Code/nuplan/dataset/data/cache/train_pittsburgh/2021.09.17.18.16.32_veh-45_00213_00869.db,2021.09.17.18.16.32_veh-45_00213_00869.db,118198272,2022-09-23T05:50:46+00:00,True,bb9292e2ba0ac6dd0635e44292adac8a3830c7282c2f1f8cd8eb399f76931bd2,13a0938e41ebdc018ff05ecd8f2e1731ba3b3c9e6d1d45586116281e05ea5652,15618,9433,1b65b5ad23f03181d0fa9ac41bd9aee106377395fd4074eddee02e20a21e2ac5,1,2021.09.17.18.16.32_veh-45_00213_00869,us-pa-pittsburgh-hazelwood,us-pa-pittsburgh-hazelwood,True,READY,
train_pittsburgh,/Users/liuqing/Projects/01_E2E_QA_Code/nuplan/dataset/data/cache/train_pittsburgh/2021.09.17.18.16.32_veh-45_00893_01174.db,2021.09.17.18.16.32_veh-45_00893_01174.db,61329408,2022-09-23T05:50:46+00:00,True,bb9292e2ba0ac6dd0635e44292adac8a3830c7282c2f1f8cd8eb399f76931bd2,5cc316141b24bbaebd4bc21fe5a8963e378b30fdaf027a38f58de4bf95388869,5971,4074,299f3ec9df81473015e13727835a5f887da4d809138bcd9ffcc4ad65bc84c275,1,2021.09.17.18.16.32_veh-45_00893_01174,us-pa-pittsburgh-hazelwood,us-pa-pittsburgh-hazelwood,True,READY,
train_pittsburgh,/Users/liuqing/Projects/01_E2E_QA_Code/nuplan/dataset/data/cache/train_pittsburgh/2021.09.17.18.16.32_veh-45_01298_01365.db,2021.09.17.18.16.32_veh-45_01298_01365.db,7213056,2022-09-23T05:50:46+00:00,True,bb9292e2ba0ac6dd0635e44292adac8a3830c7282c2f1f8cd8eb399f76931bd2,2f35fff868b399ff7f3d5d7ca3f3a7d75b40843f83a5ce794dcb54fe6b257c3a,1087,666,36940d1699b4b27e3326e30a90c64dffea1079ea2267cd0425c16ec68e9de4af,1,2021.09.17.18.16.32_veh-45_01298_01365,us-pa-pittsburgh-hazelwood,us-pa-pittsburgh-hazelwood,True,READY,
train_pittsburgh,/Users/liuqing/Projects/01_E2E_QA_Code/nuplan/dataset/data/cache/train_pittsburgh/2021.09.17.18.16.32_veh-45_01447_01769.db,2021.09.17.18.16.32_veh-45_01447_01769.db,56709120,2022-09-23T05:50:46+00:00,True,bb9292e2ba0ac6dd0635e44292adac8a3830c7282c2f1f8cd8eb399f76931bd2,a54f2422ebbd8a689df2c193f3c1ca2256e1e7d2306a8cf841a78879465dd84c,7475,3843,5dc8ad6618856da798dc54d19a6f84e09ae5f115d68a58994b1b372c95ea731d,1,2021.09.17.18.16.32_veh-45_01447_01769,us-pa-pittsburgh-hazelwood,us-pa-pittsburgh-hazelwood,True,READY,
train_pittsburgh,/Users/liuqing/Projects/01_E2E_QA_Code/nuplan/dataset/data/cache/train_pittsburgh/2021.09.17.18.16.32_veh-45_02010_02121.db,2021.09.17.18.16.32_veh-45_02010_02121.db,20357120,2022-09-23T05:50:46+00:00,True,bb9292e2ba0ac6dd0635e44292adac8a3830c7282c2f1f8cd8eb399f76931bd2,cb87942a946cba4c4866f0ba66aa11ab72116fb0520bd0943e7f8fa17bb24697,2758,1428,79836cda0359f617c2898415e53c7f41ed972f85510e87a13c89a22acde144a4,1,2021.09.17.18.16.32_veh-45_02010_02121,us-pa-pittsburgh-hazelwood,us-pa-pittsburgh-hazelwood,True,READY,
train_pittsburgh,/Users/liuqing/Projects/01_E2E_QA_Code/nuplan/dataset/data/cache/train_pittsburgh/2021.09.17.18.16.32_veh-45_02155_02826.db,2021.09.17.18.16.32_veh-45_02155_02826.db,132464640,2022-09-23T05:50:46+00:00,True,bb9292e2ba0ac6dd0635e44292adac8a3830c7282c2f1f8cd8eb399f76931bd2,f312965e56a9382bd7417dccd610308527cecc6a588bd6be3075ffdc465013dd,16129,9137,8ce4d26d00c76c7623b51f36758bc7df34da43c5795e2537fb97e795f2aa6af4,1,2021.09.17.18.16.32_veh-45_02155_02826,us-pa-pittsburgh-hazelwood,us-pa-pittsburgh-hazelwood,True,READY,
train_pittsburgh,/Users/liuqing/Projects/01_E2E_QA_Code/nuplan/dataset/data/cache/train_pittsburgh/2021.09.17.18.16.32_veh-45_02859_03225.db,2021.09.17.18.16.32_veh-45_02859_03225.db,64253952,2022-09-23T05:50:46+00:00,True,bb9292e2ba0ac6dd0635e44292adac8a3830c7282c2f1f8cd8eb399f76931bd2,94e9f50c6a844697f67181c777f6d1b4fc277c2def9dd3bcda2ca658b1ca72e7,9175,4601,d41f18c68c1a2fd29bd5b3c63e21c8522019a3a53e6a2cab05caf52c3f36b7e7,1,2021.09.17.18.16.32_veh-45_02859_03225,us-pa-pittsburgh-hazelwood,us-pa-pittsburgh-hazelwood,True,READY,
train_pittsburgh,/Users/liuqing/Projects/01_E2E_QA_Code/nuplan/dataset/data/cache/train_pittsburgh/2021.09.17.18.16.32_veh-45_03240_03442.db,2021.09.17.18.16.32_veh-45_03240_03442.db,35479552,2022-09-23T05:50:46+00:00,True,bb9292e2ba0ac6dd0635e44292adac8a3830c7282c2f1f8cd8eb399f76931bd2,6eab984b09fb49906b3afa67d640ae2118b7cee7a5baeb8c86275f4350fe17d9,4578,2604,8b9e4edf90ac62a9aafd6b7096d4c0ee2d6b57b947d2f8828b314b0318fedd69,1,2021.09.17.18.16.32_veh-45_03240_03442,us-pa-pittsburgh-hazelwood,us-pa-pittsburgh-hazelwood,True,READY,
train_pittsburgh,/Users/liuqing/Projects/01_E2E_QA_Code/nuplan/dataset/data/cache/train_pittsburgh/2021.09.17.18.42.25_veh-08_00029_00784.db,2021.09.17.18.42.25_veh-08_00029_00784.db,114860032,2022-09-23T05:50:46+00:00,True,bb9292e2ba0ac6dd0635e44292adac8a3830c7282c2f1f8cd8eb399f76931bd2,3796015ab8415e69d476a52c98ff9a6b000e757dfeda68303b1439b81aa093ae,17412,9748,481976dc8cf54a78e9804b78170e05e7723e4a38b874c34cc18416d462e7468c,1,2021.09.17.18.42.25_veh-08_00029_00784,us-pa-pittsburgh-hazelwood,us-pa-pittsburgh-hazelwood,True,READY,
train_pittsburgh,/Users/liuqing/Projects/01_E2E_QA_Code/nuplan/dataset/data/cache/train_pittsburgh/2021.09.17.18.42.25_veh-08_00847_01426.db,2021.09.17.18.42.25_veh-08_00847_01426.db,107757568,2022-09-23T05:50:46+00:00,True,bb9292e2ba0ac6dd0635e44292adac8a3830c7282c2f1f8cd8eb399f76931bd2,13bb3b366e836a709bd0ab507121b4c5bcd6f87e19ddd25d76979f8239f8c814,13182,8251,e1827f1b37b5b8468686064fd7f38fc8bf76c3f57842dbbaaf135f9c0566b9be,1,2021.09.17.18.42.25_veh-08_00847_01426,us-pa-pittsburgh-hazelwood,us-pa-pittsburgh-hazelwood,True,READY,
train_pittsburgh,/Users/liuqing/Projects/01_E2E_QA_Code/nuplan/dataset/data/cache/train_pittsburgh/2021.09.17.18.42.25_veh-08_01484_01749.db,2021.09.17.18.42.25_veh-08_01484_01749.db,49885184,2022-09-23T05:50:46+00:00,True,bb9292e2ba0ac6dd0635e44292adac8a3830c7282c2f1f8cd8eb399f76931bd2,0b4233b80f297fa5bb75d0b5df5cceb18cfb6337ec767bc9fc157e5f570cb9b1,4931,3604,daf53c3b524a11977cefd33b26d4769af1c635b760b6e2a5f31bd29b8eeda682,1,2021.09.17.18.42.25_veh-08_01484_01749,us-pa-pittsburgh-hazelwood,us-pa-pittsburgh-hazelwood,True,READY,
train_pittsburgh,/Users/liuqing/Projects/01_E2E_QA_Code/nuplan/dataset/data/cache/train_pittsburgh/2021.09.17.18.42.25_veh-08_01760_02084.db,2021.09.17.18.42.25_veh-08_01760_02084.db,64528384,2022-09-23T05:50:46+00:00,True,bb9292e2ba0ac6dd0635e44292adac8a3830c7282c2f1f8cd8eb399f76931bd2,259caac74c770e8a4cf359b4d5157c4e6db90e54d9a556264f519bc86f7e9fe3,7109,4580,4e72a7d3d6811298eabbf31dcec6ba3eb28bbe0be7dd5762f7470c831228e416,1,2021.09.17.18.42.25_veh-08_01760_02084,us-pa-pittsburgh-hazelwood,us-pa-pittsburgh-hazelwood,True,READY,
train_pittsburgh,/Users/liuqing/Projects/01_E2E_QA_Code/nuplan/dataset/data/cache/train_pittsburgh/2021.09.17.18.42.25_veh-08_02107_02454.db,2021.09.17.18.42.25_veh-08_02107_02454.db,59105280,2022-09-23T05:50:46+00:00,True,bb9292e2ba0ac6dd0635e44292adac8a3830c7282c2f1f8cd8eb399f76931bd2,d852bbfa678571f20af31280ac5d0b9204d87d56a5e6fee6169b2e21a923d8ef,8433,4713,215c3b47c62960226272e6b3c5af86551f3a6dd33d9f699ce30de810e75f9308,1,2021.09.17.18.42.25_veh-08_02107_02454,us-pa-pittsburgh-hazelwood,us-pa-pittsburgh-hazelwood,True,READY,
train_pittsburgh,/Users/liuqing/Projects/01_E2E_QA_Code/nuplan/dataset/data/cache/train_pittsburgh/2021.09.17.18.42.25_veh-08_02465_02551.db,2021.09.17.18.42.25_veh-08_02465_02551.db,10686464,2022-09-23T05:50:46+00:00,True,bb9292e2ba0ac6dd0635e44292adac8a3830c7282c2f1f8cd8eb399f76931bd2,5da52a0b9619855fea7ac385d6e24abbc41e6d062686e9d19c5a4ff2c7693e95,1496,1219,eb0af9e5dec1c18fe7dcb27033209d43675f45a50952edb90b065497c99f5d49,1,2021.09.17.18.42.25_veh-08_02465_02551,us-pa-pittsburgh-hazelwood,us-pa-pittsburgh-hazelwood,True,READY,
train_pittsburgh,/Users/liuqing/Projects/01_E2E_QA_Code/nuplan/dataset/data/cache/train_pittsburgh/2021.09.17.18.42.25_veh-08_02595_02819.db,2021.09.17.18.42.25_veh-08_02595_02819.db,16887808,2022-09-23T05:50:46+00:00,True,bb9292e2ba0ac6dd0635e44292adac8a3830c7282c2f1f8cd8eb399f76931bd2,05c09bd2ce932ce93a731185788c27ce115a1a31d8d4ed284db8c8374e2bd317,5551,2898,39822106a2303c715f579739148637bd8a39f52cf7db08ec679ce66fef8449c3,1,2021.09.17.18.42.25_veh-08_02595_02819,us-pa-pittsburgh-hazelwood,us-pa-pittsburgh-hazelwood,True,READY,
train_pittsburgh,/Users/liuqing/Projects/01_E2E_QA_Code/nuplan/dataset/data/cache/train_pittsburgh/2021.09.17.19.20.02_veh-45_00046_00248.db,2021.09.17.19.20.02_veh-45_00046_00248.db,36171776,2022-09-23T05:50:46+00:00,True,bb9292e2ba0ac6dd0635e44292adac8a3830c7282c2f1f8cd8eb399f76931bd2,f020e4fdb9793df8b8aa3e83aa2d9870be74cbb5b7643942587921c43f2dc62c,4249,3389,29be8c21c9d7560c22d4a5a1831405f800e357b11081af1d5ddedc6cd0a857c6,1,2021.09.17.19.20.02_veh-45_00046_00248,us-pa-pittsburgh-hazelwood,us-pa-pittsburgh-hazelwood,True,READY,
train_pittsburgh,/Users/liuqing/Projects/01_E2E_QA_Code/nuplan/dataset/data/cache/train_pittsburgh/2021.09.17.19.20.02_veh-45_00294_00395.db,2021.09.17.19.20.02_veh-45_00294_00395.db,11485184,2022-09-23T05:50:46+00:00,True,bb9292e2ba0ac6dd0635e44292adac8a3830c7282c2f1f8cd8eb399f76931bd2,e17fc75c83741e29ee40a13ec53a1bf0fa3b58d149081e2ba726ef39ff4e7a4f,1714,1198,75641372b7c9772e15773416da7a161e7ebd6b32eefd0c79f6530e8f6f9c6e46,1,2021.09.17.19.20.02_veh-45_00294_00395,us-pa-pittsburgh-hazelwood,us-pa-pittsburgh-hazelwood,True,READY,
train_pittsburgh,/Users/liuqing/Projects/01_E2E_QA_Code/nuplan/dataset/data/cache/train_pittsburgh/2021.09.17.19.20.02_veh-45_00427_00498.db,2021.09.17.19.20.02_veh-45_00427_00498.db,7217152,2022-09-23T05:50:46+00:00,True,bb9292e2ba0ac6dd0635e44292adac8a3830c7282c2f1f8cd8eb399f76931bd2,fb105f999e3b67f2465318e8226dc3135f3156e724d3ca824443baaf9313a092,1098,782,0eeb7b9623c9ad5bfac151de451378fc04558aac1140c47ad64cd92fe7c8f22c,1,2021.09.17.19.20.02_veh-45_00427_00498,us-pa-pittsburgh-hazelwood,us-pa-pittsburgh-hazelwood,True,READY,
train_pittsburgh,/Users/liuqing/Projects/01_E2E_QA_Code/nuplan/dataset/data/cache/train_pittsburgh/2021.09.17.19.20.02_veh-45_00559_00692.db,2021.09.17.19.20.02_veh-45_00559_00692.db,8052736,2022-09-23T05:50:46+00:00,True,bb9292e2ba0ac6dd0635e44292adac8a3830c7282c2f1f8cd8eb399f76931bd2,f98f466ad12c935739da3bc4bb50993dd8dde498a1a95d79a3dc938041d678a9,3219,2222,a3e63d59daf8514daf3661c23d3c52a5702dc4f2071472f1323061a49c8689bd,1,2021.09.17.19.20.02_veh-45_00559_00692,us-pa-pittsburgh-hazelwood,us-pa-pittsburgh-hazelwood,True,READY,
train_pittsburgh,/Users/liuqing/Projects/01_E2E_QA_Code/nuplan/dataset/data/cache/train_pittsburgh/2021.09.17.19.20.02_veh-45_00721_00870.db,2021.09.17.19.20.02_veh-45_00721_00870.db,10739712,2022-09-23T05:50:46+00:00,True,bb9292e2ba0ac6dd0635e44292adac8a3830c7282c2f1f8cd8eb399f76931bd2,807ad4e1d7e88add7348fb510c73d540fbd31f57b6df6aa6aa55b3f98f46fb75,3007,1949,eef87036cea2c64cba843b0d26c604092c58fd10cfe0279c9dad1c7d3d4b68fc,1,2021.09.17.19.20.02_veh-45_00721_00870,us-pa-pittsburgh-hazelwood,us-pa-pittsburgh-hazelwood,True,READY,
train_pittsburgh,/Users/liuqing/Projects/01_E2E_QA_Code/nuplan/dataset/data/cache/train_pittsburgh/2021.09.17.19.20.02_veh-45_00890_01067.db,2021.09.17.19.20.02_veh-45_00890_01067.db,16175104,2022-09-23T05:50:46+00:00,True,bb9292e2ba0ac6dd0635e44292adac8a3830c7282c2f1f8cd8eb399f76931bd2,b3f4b30d8c578ea596170d28baa3efc5011416ae97fa2bae2515d06ee4428c4d,3529,2471,3b76667506b039db6b6799b02f4294b8cb1ec04ee46c7ea17ab08b39992ec754,1,2021.09.17.19.20.02_veh-45_00890_01067,us-pa-pittsburgh-hazelwood,us-pa-pittsburgh-hazelwood,True,READY,
train_pittsburgh,/Users/liuqing/Projects/01_E2E_QA_Code/nuplan/dataset/data/cache/train_pittsburgh/2021.09.17.19.20.02_veh-45_01091_01551.db,2021.09.17.19.20.02_veh-45_01091_01551.db,61018112,2022-09-23T05:50:46+00:00,True,bb9292e2ba0ac6dd0635e44292adac8a3830c7282c2f1f8cd8eb399f76931bd2,d47d213bb57eaa0c61df94c2bf7ae54b3e932546187bd738738b31294d1367da,11512,6476,6e2876189919ed2c266dfe9d0d6b3fd12413d52da3840aab887601ca493a1c13,1,2021.09.17.19.20.02_veh-45_01091_01551,us-pa-pittsburgh-hazelwood,us-pa-pittsburgh-hazelwood,True,READY,
train_pittsburgh,/Users/liuqing/Projects/01_E2E_QA_Code/nuplan/dataset/data/cache/train_pittsburgh/2021.09.17.19.20.02_veh-45_01571_01654.db,2021.09.17.19.20.02_veh-45_01571_01654.db,8994816,2022-09-23T05:50:46+00:00,True,bb9292e2ba0ac6dd0635e44292adac8a3830c7282c2f1f8cd8eb399f76931bd2,2f4d0583e3b4a6465b5a1a26d8ae38c3281a506100971e57a5f4107f97a02004,1177,746,b2571e2afec7a563866f6979e7f5edc3aa25fa554ad409ff40a861c847ae8099,1,2021.09.17.19.20.02_veh-45_01571_01654,us-pa-pittsburgh-hazelwood,us-pa-pittsburgh-hazelwood,True,READY,
train_pittsburgh,/Users/liuqing/Projects/01_E2E_QA_Code/nuplan/dataset/data/cache/train_pittsburgh/2021.09.17.19.20.02_veh-45_01707_02104.db,2021.09.17.19.20.02_veh-45_01707_02104.db,83746816,2022-09-23T05:50:46+00:00,True,bb9292e2ba0ac6dd0635e44292adac8a3830c7282c2f1f8cd8eb399f76931bd2,4788b898773037138488f8e37e8eaf8dcd420aef7bae18d52591e2e4280bd7b5,8521,4892,6a37f628abad8a13df076fb49de0cbbb9c04345125024b98b5b13e7e3eda0269,1,2021.09.17.19.20.02_veh-45_01707_02104,us-pa-pittsburgh-hazelwood,us-pa-pittsburgh-hazelwood,True,READY,
train_pittsburgh,/Users/liuqing/Projects/01_E2E_QA_Code/nuplan/dataset/data/cache/train_pittsburgh/2021.09.17.19.20.02_veh-45_02127_02479.db,2021.09.17.19.20.02_veh-45_02127_02479.db,53366784,2022-09-23T05:50:46+00:00,True,bb9292e2ba0ac6dd0635e44292adac8a3830c7282c2f1f8cd8eb399f76931bd2,f2bd53c06321fee37086d851aff261b778b977f6543f460bf401f5fef4a48a85,6988,4281,b02bb13f202340a1d8d958ab6594bd79b418803581d4829d61da28c86f9600a6,1,2021.09.17.19.20.02_veh-45_02127_02479,us-pa-pittsburgh-hazelwood,us-pa-pittsburgh-hazelwood,True,READY,
train_pittsburgh,/Users/liuqing/Projects/01_E2E_QA_Code/nuplan/dataset/data/cache/train_pittsburgh/2021.09.17.19.20.02_veh-45_02502_02918.db,2021.09.17.19.20.02_veh-45_02502_02918.db,71110656,2022-09-23T05:50:46+00:00,True,bb9292e2ba0ac6dd0635e44292adac8a3830c7282c2f1f8cd8eb399f76931bd2,820248f75e1206fa92a92b636913f0040a31ae71abbe73a1cc8d3748ed78c635,9685,5619,8299d242f4d22ce1a631296c7e5cb4c3103fa8778b99d3b0496659e95bb2d46a,1,2021.09.17.19.20.02_veh-45_02502_02918,us-pa-pittsburgh-hazelwood,us-pa-pittsburgh-hazelwood,True,READY,
train_pittsburgh,/Users/liuqing/Projects/01_E2E_QA_Code/nuplan/dataset/data/cache/train_pittsburgh/2021.09.17.19.20.02_veh-45_03101_03221.db,2021.09.17.19.20.02_veh-45_03101_03221.db,7524352,2022-09-23T05:50:46+00:00,True,bb9292e2ba0ac6dd0635e44292adac8a3830c7282c2f1f8cd8eb399f76931bd2,16c620c3947ea76a0d785ac426283d5439660a96ed2149f321d3565dfcbcd2d1,2781,1949,86c8773dd41aeebedaa02ff99b1017aeba092887b022ff22b008c03d4f7648fd,1,2021.09.17.19.20.02_veh-45_03101_03221,us-pa-pittsburgh-hazelwood,us-pa-pittsburgh-hazelwood,True,READY,
train_pittsburgh,/Users/liuqing/Projects/01_E2E_QA_Code/nuplan/dataset/data/cache/train_pittsburgh/2021.09.17.19.20.02_veh-45_03274_03401.db,2021.09.17.19.20.02_veh-45_03274_03401.db,8925184,2022-09-23T05:50:46+00:00,True,bb9292e2ba0ac6dd0635e44292adac8a3830c7282c2f1f8cd8eb399f76931bd2,4ce3bf59f226543d6f2b02fe8a660ecbea7035ef1aef64ca47cfb2b8ed832e95,1988,1297,acba8a51c236d45d0f28080c970b16a6fc4aee254bc53cfd35ab0c96859e68d1,1,2021.09.17.19.20.02_veh-45_03274_03401,us-pa-pittsburgh-hazelwood,us-pa-pittsburgh-hazelwood,True,READY,
train_pittsburgh,/Users/liuqing/Projects/01_E2E_QA_Code/nuplan/dataset/data/cache/train_pittsburgh/2021.09.17.19.38.59_veh-08_00016_00115.db,2021.09.17.19.38.59_veh-08_00016_00115.db,6959104,2022-09-23T05:50:46+00:00,True,bb9292e2ba0ac6dd0635e44292adac8a3830c7282c2f1f8cd8eb399f76931bd2,f65b3ad793f91dc4f8c3598e4157c05eeb5e95a0ac8d7a4697b33e6eccdd861f,1811,1129,b3f791144aa857f2c607a7970ebd9232eac52e6c88d0dc2713e87414513f718c,1,2021.09.17.19.38.59_veh-08_00016_00115,us-pa-pittsburgh-hazelwood,us-pa-pittsburgh-hazelwood,True,READY,
train_pittsburgh,/Users/liuqing/Projects/01_E2E_QA_Code/nuplan/dataset/data/cache/train_pittsburgh/2021.09.17.19.38.59_veh-08_00199_01050.db,2021.09.17.19.38.59_veh-08_00199_01050.db,142589952,2022-09-23T05:50:46+00:00,True,bb9292e2ba0ac6dd0635e44292adac8a3830c7282c2f1f8cd8eb399f76931bd2,3c60b338ab3cedd6f3b169cd672fbf86863bf85f19b8605852a7bf1d08e3e3d6,22559,11294,8a31b3c18fc2b46b650687ee8c77b754d551b7656f1b87ea76fb9c7098c9b8e3,1,2021.09.17.19.38.59_veh-08_00199_01050,us-pa-pittsburgh-hazelwood,us-pa-pittsburgh-hazelwood,True,READY,
train_pittsburgh,/Users/liuqing/Projects/01_E2E_QA_Code/nuplan/dataset/data/cache/train_pittsburgh/2021.09.17.19.38.59_veh-08_01073_01512.db,2021.09.17.19.38.59_veh-08_01073_01512.db,87216128,2022-09-23T05:50:46+00:00,True,bb9292e2ba0ac6dd0635e44292adac8a3830c7282c2f1f8cd8eb399f76931bd2,0d57d4beb24d1cc5f735d038f193202088a5bd4cd1e1093f53e38c985e063583,13297,6451,ecd356ecaebd29a9aa31b67fcad8775fee55065c5d7480a48d2a7287024b29f4,1,2021.09.17.19.38.59_veh-08_01073_01512,us-pa-pittsburgh-hazelwood,us-pa-pittsburgh-hazelwood,True,READY,
train_pittsburgh,/Users/liuqing/Projects/01_E2E_QA_Code/nuplan/dataset/data/cache/train_pittsburgh/2021.09.17.19.38.59_veh-08_01524_02752.db,2021.09.17.19.38.59_veh-08_01524_02752.db,222199808,2022-09-23T05:50:46+00:00,True,bb9292e2ba0ac6dd0635e44292adac8a3830c7282c2f1f8cd8eb399f76931bd2,60cdfb9c53cf71d7a8d7065ecaa51df4a2e71d266701e18582586a00ebbcb130,29645,15628,f208f9e5b2b7a21f41785bc13c962aaf1f300121c4f964854e8a41342ef1948c,1,2021.09.17.19.38.59_veh-08_01524_02752,us-pa-pittsburgh-hazelwood,us-pa-pittsburgh-hazelwood,True,READY,
train_pittsburgh,/Users/liuqing/Projects/01_E2E_QA_Code/nuplan/dataset/data/cache/train_pittsburgh/2021.09.17.20.30.55_veh-08_00016_00390.db,2021.09.17.20.30.55_veh-08_00016_00390.db,59641856,2022-09-23T05:50:46+00:00,True,bb9292e2ba0ac6dd0635e44292adac8a3830c7282c2f1f8cd8eb399f76931bd2,ef9711c8433564e43f6f3dbd1717098cd53e7383aaf44e61ce7dd810d1f3dac3,10712,5294,6f2769b2f26e28dd7d5cce01ea9d4451f4a3ae1456318b0d4851ed5de1e75195,1,2021.09.17.20.30.55_veh-08_00016_00390,us-pa-pittsburgh-hazelwood,us-pa-pittsburgh-hazelwood,True,READY,
train_pittsburgh,/Users/liuqing/Projects/01_E2E_QA_Code/nuplan/dataset/data/cache/train_pittsburgh/2021.09.17.20.30.55_veh-08_00419_00670.db,2021.09.17.20.30.55_veh-08_00419_00670.db,48058368,2022-09-23T05:50:46+00:00,True,bb9292e2ba0ac6dd0635e44292adac8a3830c7282c2f1f8cd8eb399f76931bd2,53af88f1d8644439f1110d89fa84ad9459b2e1a02d1dc5dbc7089a10584371b4,5638,3428,73c7e665591a07195dc41e30a56e83d6feebebe34ff43e94c7178db7572eeda8,1,2021.09.17.20.30.55_veh-08_00419_00670,us-pa-pittsburgh-hazelwood,us-pa-pittsburgh-hazelwood,True,READY,
train_pittsburgh,/Users/liuqing/Projects/01_E2E_QA_Code/nuplan/dataset/data/cache/train_pittsburgh/2021.09.17.20.30.55_veh-08_00701_01555.db,2021.09.17.20.30.55_veh-08_00701_01555.db,174153728,2022-09-23T05:50:46+00:00,True,bb9292e2ba0ac6dd0635e44292adac8a3830c7282c2f1f8cd8eb399f76931bd2,2490b081dd9424f76da2733c14c772e43659c6ffc3ebe426f6ecac9069744ba6,19631,11125,2813fb670f7e67962adab1c8331a519ed08590d470945cd869bc2eff50893074,1,2021.09.17.20.30.55_veh-08_00701_01555,us-pa-pittsburgh-hazelwood,us-pa-pittsburgh-hazelwood,True,READY,
train_pittsburgh,/Users/liuqing/Projects/01_E2E_QA_Code/nuplan/dataset/data/cache/train_pittsburgh/2021.09.17.20.30.55_veh-08_01566_02359.db,2021.09.17.20.30.55_veh-08_01566_02359.db,160645120,2022-09-23T05:50:46+00:00,True,bb9292e2ba0ac6dd0635e44292adac8a3830c7282c2f1f8cd8eb399f76931bd2,110fa37faba2a11b2ff286f3877b5cfc4ad2f149bc6729b654cbd5392c848395,19826,10466,851f6147042d7fe96bca4d4122f9e808fcb67e4d90b4774380aa6220ed684b56,1,2021.09.17.20.30.55_veh-08_01566_02359,us-pa-pittsburgh-hazelwood,us-pa-pittsburgh-hazelwood,True,READY,
train_pittsburgh,/Users/liuqing/Projects/01_E2E_QA_Code/nuplan/dataset/data/cache/train_pittsburgh/2021.09.17.20.30.55_veh-08_02379_02544.db,2021.09.17.20.30.55_veh-08_02379_02544.db,17612800,2022-09-23T05:50:46+00:00,True,bb9292e2ba0ac6dd0635e44292adac8a3830c7282c2f1f8cd8eb399f76931bd2,7b2b840c105643a55f9559cd25d4bd0310d3a3662c2ea59b506a76bf1b00238a,2852,1744,a78136e3447ac0209a3e79d1d5245a26b70c57798ef40aac115f25abb1a80a92,1,2021.09.17.20.30.55_veh-08_02379_02544,us-pa-pittsburgh-hazelwood,us-pa-pittsburgh-hazelwood,True,READY,
train_pittsburgh,/Users/liuqing/Projects/01_E2E_QA_Code/nuplan/dataset/data/cache/train_pittsburgh/2021.09.17.20.30.55_veh-08_02644_02784.db,2021.09.17.20.30.55_veh-08_02644_02784.db,8937472,2022-09-23T05:50:46+00:00,True,bb9292e2ba0ac6dd0635e44292adac8a3830c7282c2f1f8cd8eb399f76931bd2,ab422709402c57a6388a82d1e23c4c55e63b367eb0f53b9e5a7b63366bad4b6c,2879,1820,e0fa1d18146ddbefbac9585755388ba75e8192b3d4da85c5de8ace276212fc2a,1,2021.09.17.20.30.55_veh-08_02644_02784,us-pa-pittsburgh-hazelwood,us-pa-pittsburgh-hazelwood,True,READY,
train_pittsburgh,/Users/liuqing/Projects/01_E2E_QA_Code/nuplan/dataset/data/cache/train_pittsburgh/2021.09.17.20.31.03_veh-45_00241_00454.db,2021.09.17.20.31.03_veh-45_00241_00454.db,37089280,2022-09-23T05:50:46+00:00,True,bb9292e2ba0ac6dd0635e44292adac8a3830c7282c2f1f8cd8eb399f76931bd2,07eb46a44151e21bcc4731da856dc2381ed8d3b00b698c6016128ba70fe112e2,5710,2611,f49986a241474581d6ab02c6cdf82e54a32d6c2a9b75f953a764704637be4d5c,1,2021.09.17.20.31.03_veh-45_00241_00454,us-pa-pittsburgh-hazelwood,us-pa-pittsburgh-hazelwood,True,READY,
train_pittsburgh,/Users/liuqing/Projects/01_E2E_QA_Code/nuplan/dataset/data/cache/train_pittsburgh/2021.09.17.20.31.03_veh-45_00476_00993.db,2021.09.17.20.31.03_veh-45_00476_00993.db,99430400,2022-09-23T05:50:46+00:00,True,bb9292e2ba0ac6dd0635e44292adac8a3830c7282c2f1f8cd8eb399f76931bd2,2512e9ce7c7354b5d010d0bc184836ac267066130988c38c09873228ad9ec2d6,11589,6891,4e9988223578620d6937b1cca449a353899d9b45138924897806ebf238db86b0,1,2021.09.17.20.31.03_veh-45_00476_00993,us-pa-pittsburgh-hazelwood,us-pa-pittsburgh-hazelwood,True,READY,
train_pittsburgh,/Users/liuqing/Projects/01_E2E_QA_Code/nuplan/dataset/data/cache/train_pittsburgh/2021.09.17.20.31.03_veh-45_01038_01394.db,2021.09.17.20.31.03_veh-45_01038_01394.db,68706304,2022-09-23T05:50:46+00:00,True,bb9292e2ba0ac6dd0635e44292adac8a3830c7282c2f1f8cd8eb399f76931bd2,7119c38c5e170df248272364a6c6e47dc6c1c3e462ce4e7f9f261721388999e8,10016,5156,6cbd07e88ab8daddc829c42b1b4be7e00531890ede5215b9894ed9f177897524,1,2021.09.17.20.31.03_veh-45_01038_01394,us-pa-pittsburgh-hazelwood,us-pa-pittsburgh-hazelwood,True,READY,
train_pittsburgh,/Users/liuqing/Projects/01_E2E_QA_Code/nuplan/dataset/data/cache/train_pittsburgh/2021.09.17.20.31.03_veh-45_01405_01571.db,2021.09.17.20.31.03_veh-45_01405_01571.db,19456000,2022-09-23T05:50:46+00:00,True,bb9292e2ba0ac6dd0635e44292adac8a3830c7282c2f1f8cd8eb399f76931bd2,630e415c5e50bf250ed1f7c2433a4b850ea95288063d7e8b9518f284bad120f9,3829,2355,29e1587d423882cfd4e34b858cfd87a050c0175984671ab93ecc87ca7a8be869,1,2021.09.17.20.31.03_veh-45_01405_01571,us-pa-pittsburgh-hazelwood,us-pa-pittsburgh-hazelwood,True,READY,
train_pittsburgh,/Users/liuqing/Projects/01_E2E_QA_Code/nuplan/dataset/data/cache/train_pittsburgh/2021.09.17.20.31.03_veh-45_01979_02085.db,2021.09.17.20.31.03_veh-45_01979_02085.db,7933952,2022-09-23T05:50:46+00:00,True,bb9292e2ba0ac6dd0635e44292adac8a3830c7282c2f1f8cd8eb399f76931bd2,3df75640daea185fe3e8460e93f2ac60b4b55e3928fbb58bc0ca228583d21ddd,1156,734,a666d0c9d3372d29edfcdbd98f08b8ccb4f5a1bf37e6fe421029317ae08f74cf,1,2021.09.17.20.31.03_veh-45_01979_02085,us-pa-pittsburgh-hazelwood,us-pa-pittsburgh-hazelwood,True,READY,
train_pittsburgh,/Users/liuqing/Projects/01_E2E_QA_Code/nuplan/dataset/data/cache/train_pittsburgh/2021.09.20.12.58.53_veh-42_00016_00125.db,2021.09.20.12.58.53_veh-42_00016_00125.db,8560640,2022-09-23T05:50:48+00:00,True,bb9292e2ba0ac6dd0635e44292adac8a3830c7282c2f1f8cd8eb399f76931bd2,f16b2269c30cd74e8e330a10791b2b987285465b8ac2966af4f73bd0e327d55b,2183,1463,42ddb4997c7403ded38eece13173849dfd3a2e93095004810904f640e66ebcdb,1,2021.09.20.12.58.53_veh-42_00016_00125,us-pa-pittsburgh-hazelwood,us-pa-pittsburgh-hazelwood,True,READY,
train_pittsburgh,/Users/liuqing/Projects/01_E2E_QA_Code/nuplan/dataset/data/cache/train_pittsburgh/2021.09.20.12.58.53_veh-42_00221_00325.db,2021.09.20.12.58.53_veh-42_00221_00325.db,5939200,2022-09-23T05:50:48+00:00,True,bb9292e2ba0ac6dd0635e44292adac8a3830c7282c2f1f8cd8eb399f76931bd2,c1fa6da3d17a63c7bdc35879f60a36fdcc932c66a464536242bec3980409ed33,2996,1923,5d36e905528c739e7170b80da941d5c52fbb4b0f6b130f08b8f74589a897e642,1,2021.09.20.12.58.53_veh-42_00221_00325,us-pa-pittsburgh-hazelwood,us-pa-pittsburgh-hazelwood,True,READY,
train_pittsburgh,/Users/liuqing/Projects/01_E2E_QA_Code/nuplan/dataset/data/cache/train_pittsburgh/2021.09.20.12.58.53_veh-42_00371_00667.db,2021.09.20.12.58.53_veh-42_00371_00667.db,26550272,2022-09-23T05:50:48+00:00,True,bb9292e2ba0ac6dd0635e44292adac8a3830c7282c2f1f8cd8eb399f76931bd2,eb9416f62ba8fc55fbfb0470ac01a5b331628856eac38065c0920eb67608d797,6900,3887,b7ad63d1026ad0987bf976d7418369858674e6a2f7fd5b1fa99b711f1ff6ed2a,1,2021.09.20.12.58.53_veh-42_00371_00667,us-pa-pittsburgh-hazelwood,us-pa-pittsburgh-hazelwood,True,READY,
train_pittsburgh,/Users/liuqing/Projects/01_E2E_QA_Code/nuplan/dataset/data/cache/train_pittsburgh/2021.09.20.12.58.53_veh-42_00699_00888.db,2021.09.20.12.58.53_veh-42_00699_00888.db,37847040,2022-09-23T05:50:48+00:00,True,bb9292e2ba0ac6dd0635e44292adac8a3830c7282c2f1f8cd8eb399f76931bd2,77e947516858fe44d82093fd15cd066d95d2945ac623b43a2a07b7c4f34d7994,5169,2669,5ce4ce4717c79180529428da4314ea3a4af7153e5fcd911aef3d0f5c67454806,1,2021.09.20.12.58.53_veh-42_00699_00888,us-pa-pittsburgh-hazelwood,us-pa-pittsburgh-hazelwood,True,READY,
train_pittsburgh,/Users/liuqing/Projects/01_E2E_QA_Code/nuplan/dataset/data/cache/train_pittsburgh/2021.09.20.12.58.53_veh-42_00998_01463.db,2021.09.20.12.58.53_veh-42_00998_01463.db,51970048,2022-09-23T05:50:48+00:00,True,bb9292e2ba0ac6dd0635e44292adac8a3830c7282c2f1f8cd8eb399f76931bd2,e2d8d767a197b7cdd5e844dbb01db4925e69567f77b855138175fe11c547560e,10951,6490,13e4fac2fea46389473f025a3184d1f47208686d19d3474866c88f73bb49821a,1,2021.09.20.12.58.53_veh-42_00998_01463,us-pa-pittsburgh-hazelwood,us-pa-pittsburgh-hazelwood,True,READY,
train_pittsburgh,/Users/liuqing/Projects/01_E2E_QA_Code/nuplan/dataset/data/cache/train_pittsburgh/2021.09.20.12.58.53_veh-42_01503_01620.db,2021.09.20.12.58.53_veh-42_01503_01620.db,23515136,2022-09-23T05:50:48+00:00,True,bb9292e2ba0ac6dd0635e44292adac8a3830c7282c2f1f8cd8eb399f76931bd2,bea2c216d9cf5c9ae8e3aa46abde9362a1f343bdb7cff44311e6a0661588a0fa,2838,1719,ecc87c3f8afb90413e57d7621b0844124690d4d6fb1c5994c850e379a7778fa3,1,2021.09.20.12.58.53_veh-42_01503_01620,us-pa-pittsburgh-hazelwood,us-pa-pittsburgh-hazelwood,True,READY,
train_pittsburgh,/Users/liuqing/Projects/01_E2E_QA_Code/nuplan/dataset/data/cache/train_pittsburgh/2021.09.20.12.58.53_veh-42_01648_01873.db,2021.09.20.12.58.53_veh-42_01648_01873.db,28393472,2022-09-23T05:50:48+00:00,True,bb9292e2ba0ac6dd0635e44292adac8a3830c7282c2f1f8cd8eb399f76931bd2,13beafb8ebafd69c51287642048f1d2852f9ad6e4db92ccf1776c6bb6c389c7c,5855,3121,ed24173c571a33b1d6f0646c3121ede6cd7edb7265a8d182b323a4f491e92d32,1,2021.09.20.12.58.53_veh-42_01648_01873,us-pa-pittsburgh-hazelwood,us-pa-pittsburgh-hazelwood,True,READY,
train_pittsburgh,/Users/liuqing/Projects/01_E2E_QA_Code/nuplan/dataset/data/cache/train_pittsburgh/2021.09.20.12.58.53_veh-42_01902_02217.db,2021.09.20.12.58.53_veh-42_01902_02217.db,50274304,2022-09-23T05:50:48+00:00,True,bb9292e2ba0ac6dd0635e44292adac8a3830c7282c2f1f8cd8eb399f76931bd2,8db39bc3af2835fa3903189645d73ce2cf184b37be53ab7ba5660040443d5d2f,6877,4129,487f5a841bf5d004b0e7534d8ff0a8b739f3e68257b408db8173ac658c3d67bc,1,2021.09.20.12.58.53_veh-42_01902_02217,us-pa-pittsburgh-hazelwood,us-pa-pittsburgh-hazelwood,True,READY,
train_pittsburgh,/Users/liuqing/Projects/01_E2E_QA_Code/nuplan/dataset/data/cache/train_pittsburgh/2021.09.20.12.58.53_veh-42_02230_02361.db,2021.09.20.12.58.53_veh-42_02230_02361.db,15065088,2022-09-23T05:50:48+00:00,True,bb9292e2ba0ac6dd0635e44292adac8a3830c7282c2f1f8cd8eb399f76931bd2,1e4142d5a81f94a61ed902438d2bfbdadeee499c0a0234cdd244f1d6507c6e16,2706,1905,e5bdb772fa1b5dab75a7ae725f1d853dd63d6f04113348d2214a39311b4f4ef5,1,2021.09.20.12.58.53_veh-42_02230_02361,us-pa-pittsburgh-hazelwood,us-pa-pittsburgh-hazelwood,True,READY,
train_pittsburgh,/Users/liuqing/Projects/01_E2E_QA_Code/nuplan/dataset/data/cache/train_pittsburgh/2021.09.20.12.58.53_veh-42_02440_02598.db,2021.09.20.12.58.53_veh-42_02440_02598.db,10657792,2022-09-23T05:50:48+00:00,True,bb9292e2ba0ac6dd0635e44292adac8a3830c7282c2f1f8cd8eb399f76931bd2,3b2c89469c1019852c16fd7d4f712b93333e3f7a15a2ed2be51b77783bece40f,3442,2096,86b1f9b065c1ee1d5997ddb50cd638167ed2245f9238b830a9f6169e21d3d4ca,1,2021.09.20.12.58.53_veh-42_02440_02598,us-pa-pittsburgh-hazelwood,us-pa-pittsburgh-hazelwood,True,READY,
train_pittsburgh,/Users/liuqing/Projects/01_E2E_QA_Code/nuplan/dataset/data/cache/train_pittsburgh/2021.09.20.13.46.45_veh-42_00252_00316.db,2021.09.20.13.46.45_veh-42_00252_00316.db,4059136,2022-09-23T05:50:48+00:00,True,bb9292e2ba0ac6dd0635e44292adac8a3830c7282c2f1f8cd8eb399f76931bd2,a94ed7fcec5530be30928b225e4135df438bd4783ab89ef96eefc97100e65ef1,1753,1118,9079263bfd9392a4bb21751db5607ff86fec114841bb1779cebd06947d4fda34,1,2021.09.20.13.46.45_veh-42_00252_00316,us-pa-pittsburgh-hazelwood,us-pa-pittsburgh-hazelwood,True,READY,
train_pittsburgh,/Users/liuqing/Projects/01_E2E_QA_Code/nuplan/dataset/data/cache/train_pittsburgh/2021.09.20.13.46.45_veh-42_00401_00526.db,2021.09.20.13.46.45_veh-42_00401_00526.db,10104832,2022-09-23T05:50:48+00:00,True,bb9292e2ba0ac6dd0635e44292adac8a3830c7282c2f1f8cd8eb399f76931bd2,e4a65d9cac5d5ecebe545c018f0aea29ee749e1f54617842bda1132b7635d55f,2939,1843,9b831b8e274a2e4579b105dfb56d879545afe55d7624de8aa119ea0f1721f249,1,2021.09.20.13.46.45_veh-42_00401_00526,us-pa-pittsburgh-hazelwood,us-pa-pittsburgh-hazelwood,True,READY,
train_pittsburgh,/Users/liuqing/Projects/01_E2E_QA_Code/nuplan/dataset/data/cache/train_pittsburgh/2021.09.20.13.46.45_veh-42_00548_00790.db,2021.09.20.13.46.45_veh-42_00548_00790.db,29179904,2022-09-23T05:50:48+00:00,True,bb9292e2ba0ac6dd0635e44292adac8a3830c7282c2f1f8cd8eb399f76931bd2,3fc2903c937a8b0c4879966d528a9062d7fdef177005f8ef3c64147ac5f406bf,4799,2944,e7452b7db6d043ce29740dd2fcfa4e6517fb1dc9c993d4f24f1477c3044af9fe,1,2021.09.20.13.46.45_veh-42_00548_00790,us-pa-pittsburgh-hazelwood,us-pa-pittsburgh-hazelwood,True,READY,
train_pittsburgh,/Users/liuqing/Projects/01_E2E_QA_Code/nuplan/dataset/data/cache/train_pittsburgh/2021.09.20.13.46.45_veh-42_00822_01075.db,2021.09.20.13.46.45_veh-42_00822_01075.db,41476096,2022-09-23T05:50:48+00:00,True,bb9292e2ba0ac6dd0635e44292adac8a3830c7282c2f1f8cd8eb399f76931bd2,1365f523d4e4c0643aa158a478c3890c47572b827a5351f1db08380db732ccb9,6267,3660,e2ef383d41bf9fa3641513e5c1267bc7f8aba246b496e59a17ea37c86abc82fc,1,2021.09.20.13.46.45_veh-42_00822_01075,us-pa-pittsburgh-hazelwood,us-pa-pittsburgh-hazelwood,True,READY,
train_pittsburgh,/Users/liuqing/Projects/01_E2E_QA_Code/nuplan/dataset/data/cache/train_pittsburgh/2021.09.20.13.46.45_veh-42_01157_01690.db,2021.09.20.13.46.45_veh-42_01157_01690.db,86822912,2022-09-23T05:50:48+00:00,True,bb9292e2ba0ac6dd0635e44292adac8a3830c7282c2f1f8cd8eb399f76931bd2,4b09b857cc1a8f23531ed8865cf8a31ad6899896cffd2a8edf7ca3a21963c969,13882,8031,60a0fc78b0fa09e7aa89edbd453fc78e9f463e468332544a9d29b7b31134f17a,1,2021.09.20.13.46.45_veh-42_01157_01690,us-pa-pittsburgh-hazelwood,us-pa-pittsburgh-hazelwood,True,READY,
train_pittsburgh,/Users/liuqing/Projects/01_E2E_QA_Code/nuplan/dataset/data/cache/train_pittsburgh/2021.09.20.13.46.45_veh-42_01712_02157.db,2021.09.20.13.46.45_veh-42_01712_02157.db,67158016,2022-09-23T05:50:48+00:00,True,bb9292e2ba0ac6dd0635e44292adac8a3830c7282c2f1f8cd8eb399f76931bd2,402868c001bb233a1f31fb3265162213af99ce78b556dc8f4d23f1252a62bb81,10707,5591,a84dadc69715441ddcb099b2822e4aa2558cc8b64034b97085dadf3fa03e21ce,1,2021.09.20.13.46.45_veh-42_01712_02157,us-pa-pittsburgh-hazelwood,us-pa-pittsburgh-hazelwood,True,READY,
train_pittsburgh,/Users/liuqing/Projects/01_E2E_QA_Code/nuplan/dataset/data/cache/train_pittsburgh/2021.09.20.13.46.45_veh-42_02176_02268.db,2021.09.20.13.46.45_veh-42_02176_02268.db,6635520,2022-09-23T05:50:48+00:00,True,bb9292e2ba0ac6dd0635e44292adac8a3830c7282c2f1f8cd8eb399f76931bd2,18f02e3c926476f68dc177a6931f69b05df4a2ce4a8a229f1399c17f4a5cf612,2278,1300,1628abe5dea9f0096a31278abfeccf723579df7b627c06697a7c6c09e1d3ac4b,1,2021.09.20.13.46.45_veh-42_02176_02268,us-pa-pittsburgh-hazelwood,us-pa-pittsburgh-hazelwood,True,READY,
train_pittsburgh,/Users/liuqing/Projects/01_E2E_QA_Code/nuplan/dataset/data/cache/train_pittsburgh/2021.09.20.13.46.45_veh-42_02535_02599.db,2021.09.20.13.46.45_veh-42_02535_02599.db,5763072,2022-09-23T05:50:48+00:00,True,bb9292e2ba0ac6dd0635e44292adac8a3830c7282c2f1f8cd8eb399f76931bd2,bf947bd47289ea6671cc3ed18a5ad4f4d0bb592557f36a0754bbd577b99dd75c,658,420,9b3dcd2d0262459500a746fb36a0c317246095ec80ba1e5977ca0a5f3e03abe9,1,2021.09.20.13.46.45_veh-42_02535_02599,us-pa-pittsburgh-hazelwood,us-pa-pittsburgh-hazelwood,True,READY,
train_pittsburgh,/Users/liuqing/Projects/01_E2E_QA_Code/nuplan/dataset/data/cache/train_pittsburgh/2021.09.20.14.04.18_veh-08_00156_00218.db,2021.09.20.14.04.18_veh-08_00156_00218.db,4579328,2022-09-23T05:50:48+00:00,True,bb9292e2ba0ac6dd0635e44292adac8a3830c7282c2f1f8cd8eb399f76931bd2,b246536e2c46f2b65bce365d95e8dc2fd99a8460adda81396b5f233db2195309,1406,883,e5f717f40b7a1d36dbe52e0e76d292c704cc4e2645254f3488d32e16a4e4770e,1,2021.09.20.14.04.18_veh-08_00156_00218,us-pa-pittsburgh-hazelwood,us-pa-pittsburgh-hazelwood,True,READY,
train_pittsburgh,/Users/liuqing/Projects/01_E2E_QA_Code/nuplan/dataset/data/cache/train_pittsburgh/2021.09.20.14.04.18_veh-08_00245_00313.db,2021.09.20.14.04.18_veh-08_00245_00313.db,5939200,2022-09-23T05:50:48+00:00,True,bb9292e2ba0ac6dd0635e44292adac8a3830c7282c2f1f8cd8eb399f76931bd2,4764ebba2480fa2467c0abaca7b1c3c269cee8dfa56e89230f3bb853d2adb657,1408,887,66845d67d40091a658054689218c24cde189d8562590fff8cbd994b5b54d176b,1,2021.09.20.14.04.18_veh-08_00245_00313,us-pa-pittsburgh-hazelwood,us-pa-pittsburgh-hazelwood,True,READY,
train_pittsburgh,/Users/liuqing/Projects/01_E2E_QA_Code/nuplan/dataset/data/cache/train_pittsburgh/2021.09.20.14.04.18_veh-08_00338_00407.db,2021.09.20.14.04.18_veh-08_00338_00407.db,4620288,2022-09-23T05:50:48+00:00,True,bb9292e2ba0ac6dd0635e44292adac8a3830c7282c2f1f8cd8eb399f76931bd2,b6595186e568b55cac930c076ceeeed8c17e3900102096b43dc609fef44f4da3,1687,1180,677825f1d7efffe32c111c58ef9cfec72f3de0518e82322bf30550ea06db20c7,1,2021.09.20.14.04.18_veh-08_00338_00407,us-pa-pittsburgh-hazelwood,us-pa-pittsburgh-hazelwood,True,READY,
train_pittsburgh,/Users/liuqing/Projects/01_E2E_QA_Code/nuplan/dataset/data/cache/train_pittsburgh/2021.09.20.14.04.18_veh-08_00479_00566.db,2021.09.20.14.04.18_veh-08_00479_00566.db,5328896,2022-09-23T05:50:48+00:00,True,bb9292e2ba0ac6dd0635e44292adac8a3830c7282c2f1f8cd8eb399f76931bd2,edcc90fad2dc9ec3da20a17e163aa180aa31f0d6af9999c9c767757bdf4d8f09,1851,1276,de02ac08062314865ed4d683196dd214dab14c068d326abd5f0b96ff50112b27,1,2021.09.20.14.04.18_veh-08_00479_00566,us-pa-pittsburgh-hazelwood,us-pa-pittsburgh-hazelwood,True,READY,
train_pittsburgh,/Users/liuqing/Projects/01_E2E_QA_Code/nuplan/dataset/data/cache/train_pittsburgh/2021.09.20.14.04.18_veh-08_00577_00779.db,2021.09.20.14.04.18_veh-08_00577_00779.db,18665472,2022-09-23T05:50:48+00:00,True,bb9292e2ba0ac6dd0635e44292adac8a3830c7282c2f1f8cd8eb399f76931bd2,5cdfdcf9d3b2b9f8f20258e696165b0150e7d14b9e58afa9371c8088b2c84f10,5556,2753,c97199e453ffdb04d66ffb202a10f469bd2407937559591469280ba0a1b98dde,1,2021.09.20.14.04.18_veh-08_00577_00779,us-pa-pittsburgh-hazelwood,us-pa-pittsburgh-hazelwood,True,READY,
train_pittsburgh,/Users/liuqing/Projects/01_E2E_QA_Code/nuplan/dataset/data/cache/train_pittsburgh/2021.09.20.14.04.18_veh-08_00801_01086.db,2021.09.20.14.04.18_veh-08_00801_01086.db,45170688,2022-09-23T05:50:48+00:00,True,bb9292e2ba0ac6dd0635e44292adac8a3830c7282c2f1f8cd8eb399f76931bd2,03ae950072ee086043034888ec11077378f35975e5b97aea77bf8a953017672b,7293,4232,fc95cf52a5008b76a41f416207e58770091c4015a5fc0e506f528e187295813a,1,2021.09.20.14.04.18_veh-08_00801_01086,us-pa-pittsburgh-hazelwood,us-pa-pittsburgh-hazelwood,True,READY,
train_pittsburgh,/Users/liuqing/Projects/01_E2E_QA_Code/nuplan/dataset/data/cache/train_pittsburgh/2021.09.20.14.04.18_veh-08_01165_02197.db,2021.09.20.14.04.18_veh-08_01165_02197.db,152735744,2022-09-23T05:50:48+00:00,True,bb9292e2ba0ac6dd0635e44292adac8a3830c7282c2f1f8cd8eb399f76931bd2,9f211feb1f955c0c7004dcbcb0fc87c73c27bee2d7be980d38a5e5b5c8905285,29888,14348,a738f484b0ff67447f707bee103307a468b1bbc53883c8aca5733590a48556c6,1,2021.09.20.14.04.18_veh-08_01165_02197,us-pa-pittsburgh-hazelwood,us-pa-pittsburgh-hazelwood,True,READY,
train_pittsburgh,/Users/liuqing/Projects/01_E2E_QA_Code/nuplan/dataset/data/cache/train_pittsburgh/2021.09.20.14.04.18_veh-08_02300_02496.db,2021.09.20.14.04.18_veh-08_02300_02496.db,14073856,2022-09-23T05:50:48+00:00,True,bb9292e2ba0ac6dd0635e44292adac8a3830c7282c2f1f8cd8eb399f76931bd2,b86dfaf176052bc3bec64376a0996a8b41b0d15480bde6ce0cdef19001c72cd2,4154,2472,68ed23cdfd0aa0bd75b7e69fb17f7891c496a1df0822434a115c9f5f7f53b69a,1,2021.09.20.14.04.18_veh-08_02300_02496,us-pa-pittsburgh-hazelwood,us-pa-pittsburgh-hazelwood,True,READY,
train_pittsburgh,/Users/liuqing/Projects/01_E2E_QA_Code/nuplan/dataset/data/cache/train_pittsburgh/2021.09.20.14.38.07_veh-42_00122_00182.db,2021.09.20.14.38.07_veh-42_00122_00182.db,5173248,2022-09-23T05:50:48+00:00,True,bb9292e2ba0ac6dd0635e44292adac8a3830c7282c2f1f8cd8eb399f76931bd2,0621a7d92b995d01201c088ac650b93726ba1cf8bce7c0293955894e039e1b80,689,485,d73186008d295f580666c9c2c5d874db1b59d2d2ebbdbf374088b90ce6675a31,1,2021.09.20.14.38.07_veh-42_00122_00182,us-pa-pittsburgh-hazelwood,us-pa-pittsburgh-hazelwood,True,READY,
train_pittsburgh,/Users/liuqing/Projects/01_E2E_QA_Code/nuplan/dataset/data/cache/train_pittsburgh/2021.09.20.14.38.07_veh-42_00209_00309.db,2021.09.20.14.38.07_veh-42_00209_00309.db,6569984,2022-09-23T05:50:48+00:00,True,bb9292e2ba0ac6dd0635e44292adac8a3830c7282c2f1f8cd8eb399f76931bd2,f6151c882a9d472321ef440ff1d61b08b7512ec1f556206e5df6f11285abe95d,2117,1489,7e887e9bd448f686bf223637e5fe2e932b7803f1a60a8ba87aace6aa6b0b4b36,1,2021.09.20.14.38.07_veh-42_00209_00309,us-pa-pittsburgh-hazelwood,us-pa-pittsburgh-hazelwood,True,READY,
train_pittsburgh,/Users/liuqing/Projects/01_E2E_QA_Code/nuplan/dataset/data/cache/train_pittsburgh/2021.09.20.14.38.07_veh-42_00379_00742.db,2021.09.20.14.38.07_veh-42_00379_00742.db,38752256,2022-09-23T05:50:48+00:00,True,bb9292e2ba0ac6dd0635e44292adac8a3830c7282c2f1f8cd8eb399f76931bd2,dc1caac0b295b3715943ae1e5fce46587a60bcbcf03114acefad6262e1a6a662,7799,4173,938fec2e36d5937373b08261155ed773e83e9177d66d08748086b1674f00dec0,1,2021.09.20.14.38.07_veh-42_00379_00742,us-pa-pittsburgh-hazelwood,us-pa-pittsburgh-hazelwood,True,READY,
train_pittsburgh,/Users/liuqing/Projects/01_E2E_QA_Code/nuplan/dataset/data/cache/train_pittsburgh/2021.09.20.14.38.07_veh-42_00760_00955.db,2021.09.20.14.38.07_veh-42_00760_00955.db,22220800,2022-09-23T05:50:48+00:00,True,bb9292e2ba0ac6dd0635e44292adac8a3830c7282c2f1f8cd8eb399f76931bd2,bd05e0200a51afb7ed63effe629881658566af2f040bfdc532b162bef4eb5600,3758,2783,d9c63ed07ea493a52138e5ab3b463ca35cb7f22bf7bb233bb0cbac34e467635d,1,2021.09.20.14.38.07_veh-42_00760_00955,us-pa-pittsburgh-hazelwood,us-pa-pittsburgh-hazelwood,True,READY,
train_pittsburgh,/Users/liuqing/Projects/01_E2E_QA_Code/nuplan/dataset/data/cache/train_pittsburgh/2021.09.20.14.38.07_veh-42_00980_01099.db,2021.09.20.14.38.07_veh-42_00980_01099.db,22564864,2022-09-23T05:50:48+00:00,True,bb9292e2ba0ac6dd0635e44292adac8a3830c7282c2f1f8cd8eb399f76931bd2,f37b5eb0b15223979a5b71e44905779b5b374fb4568e4c78d66bf7cd3998b387,2596,1263,2563e0ee0b46b4912d1f19d90beff24847aea1d26a46ceb489ec6aa1ed3c91d5,1,2021.09.20.14.38.07_veh-42_00980_01099,us-pa-pittsburgh-hazelwood,us-pa-pittsburgh-hazelwood,True,READY,
train_pittsburgh,/Users/liuqing/Projects/01_E2E_QA_Code/nuplan/dataset/data/cache/train_pittsburgh/2021.09.20.14.38.07_veh-42_01123_01320.db,2021.09.20.14.38.07_veh-42_01123_01320.db,36282368,2022-09-23T05:50:48+00:00,True,bb9292e2ba0ac6dd0635e44292adac8a3830c7282c2f1f8cd8eb399f76931bd2,b177e2e4a20fd86fee737487542b4236313b6d51def385c7769b9b349ee144da,4172,2993,e2b9640e3ad5c1c7533b3797acb34ebc0dccd46f11138ca272ef53dcb0e4659c,1,2021.09.20.14.38.07_veh-42_01123_01320,us-pa-pittsburgh-hazelwood,us-pa-pittsburgh-hazelwood,True,READY,
train_pittsburgh,/Users/liuqing/Projects/01_E2E_QA_Code/nuplan/dataset/data/cache/train_pittsburgh/2021.09.20.14.38.07_veh-42_01338_01724.db,2021.09.20.14.38.07_veh-42_01338_01724.db,51359744,2022-09-23T05:50:48+00:00,True,bb9292e2ba0ac6dd0635e44292adac8a3830c7282c2f1f8cd8eb399f76931bd2,9891a7cd6c8b9fcf04843107f74260bbfd57e07540590e5ef0ed569f276f1ffd,7519,4839,5de3ae122a80de40e876180f7de51199ea4053baf2502af8f280d4abef320a91,1,2021.09.20.14.38.07_veh-42_01338_01724,us-pa-pittsburgh-hazelwood,us-pa-pittsburgh-hazelwood,True,READY,
train_pittsburgh,/Users/liuqing/Projects/01_E2E_QA_Code/nuplan/dataset/data/cache/train_pittsburgh/2021.09.20.14.38.07_veh-42_01816_02113.db,2021.09.20.14.38.07_veh-42_01816_02113.db,60227584,2022-09-23T05:50:48+00:00,True,bb9292e2ba0ac6dd0635e44292adac8a3830c7282c2f1f8cd8eb399f76931bd2,e4ab1d6e9f08ef6285917dd126baaff1ee2f50f8378759ccdfe03082d71ecbe9,6199,3483,12ba9b5dbd3e0b1de17f2d31df0e413c23b7824cf4d62c348d9b260ccb1b96c1,1,2021.09.20.14.38.07_veh-42_01816_02113,us-pa-pittsburgh-hazelwood,us-pa-pittsburgh-hazelwood,True,READY,
train_pittsburgh,/Users/liuqing/Projects/01_E2E_QA_Code/nuplan/dataset/data/cache/train_pittsburgh/2021.09.20.14.38.07_veh-42_02132_02380.db,2021.09.20.14.38.07_veh-42_02132_02380.db,43331584,2022-09-23T05:50:48+00:00,True,bb9292e2ba0ac6dd0635e44292adac8a3830c7282c2f1f8cd8eb399f76931bd2,4c7536424ad03ddba3af4d670e6a820670629c14dfa018e09d4b13f933859120,5030,2985,e4318a90c4d8e70b716d15b97b014fed6bd4ccd31c6961f421cb3fec29a3bbd3,1,2021.09.20.14.38.07_veh-42_02132_02380,us-pa-pittsburgh-hazelwood,us-pa-pittsburgh-hazelwood,True,READY,
train_pittsburgh,/Users/liuqing/Projects/01_E2E_QA_Code/nuplan/dataset/data/cache/train_pittsburgh/2021.09.20.14.38.07_veh-42_02391_02463.db,2021.09.20.14.38.07_veh-42_02391_02463.db,11059200,2022-09-23T05:50:48+00:00,True,bb9292e2ba0ac6dd0635e44292adac8a3830c7282c2f1f8cd8eb399f76931bd2,cea346221265dc227ce47981d402138afb6e920bfb273ce5fbc235328bbd3095,1624,1135,0ba629825d20969f7eca4ac5200dc7cccdfc49174b4d94572eb7a4cc71f1e840,1,2021.09.20.14.38.07_veh-42_02391_02463,us-pa-pittsburgh-hazelwood,us-pa-pittsburgh-hazelwood,True,READY,
train_pittsburgh,/Users/liuqing/Projects/01_E2E_QA_Code/nuplan/dataset/data/cache/train_pittsburgh/2021.09.20.14.38.07_veh-42_02474_02577.db,2021.09.20.14.38.07_veh-42_02474_02577.db,10944512,2022-09-23T05:50:48+00:00,True,bb9292e2ba0ac6dd0635e44292adac8a3830c7282c2f1f8cd8eb399f76931bd2,0e1293302825cf253974f843f6da925a25ebf052421048a112ffff6687e683d5,2057,1033,13381db274e64500dcc2e5cf39942122caa9f64de7a3b91e7e4c657302afb6c3,1,2021.09.20.14.38.07_veh-42_02474_02577,us-pa-pittsburgh-hazelwood,us-pa-pittsburgh-hazelwood,True,READY,
train_pittsburgh,/Users/liuqing/Projects/01_E2E_QA_Code/nuplan/dataset/data/cache/train_pittsburgh/2021.09.20.14.38.07_veh-42_02732_02824.db,2021.09.20.14.38.07_veh-42_02732_02824.db,6057984,2022-09-23T05:50:48+00:00,True,bb9292e2ba0ac6dd0635e44292adac8a3830c7282c2f1f8cd8eb399f76931bd2,86a788e7a91068c8017d2ec3718a32735ed8eb02487275bfc8fb79cea61580fc,881,676,f4460359e5cfae519ee922093c635a3d5cd74eef45a319fa2fc1cc175aa972bb,1,2021.09.20.14.38.07_veh-42_02732_02824,us-pa-pittsburgh-hazelwood,us-pa-pittsburgh-hazelwood,True,READY,
train_pittsburgh,/Users/liuqing/Projects/01_E2E_QA_Code/nuplan/dataset/data/cache/train_pittsburgh/2021.09.20.14.50.11_veh-08_00016_01146.db,2021.09.20.14.50.11_veh-08_00016_01146.db,125145088,2022-09-23T05:50:48+00:00,True,bb9292e2ba0ac6dd0635e44292adac8a3830c7282c2f1f8cd8eb399f76931bd2,84a3fc43c1d9e64afcf2d1565e87103594c41d5dae0337b2ac7ed23ccf479be1,30052,15417,cc845da4e6fec80aeea4a653d17887ddf492657298516e1731b4c30c7fa5ff0c,1,2021.09.20.14.50.11_veh-08_00016_01146,us-pa-pittsburgh-hazelwood,us-pa-pittsburgh-hazelwood,True,READY,
train_pittsburgh,/Users/liuqing/Projects/01_E2E_QA_Code/nuplan/dataset/data/cache/train_pittsburgh/2021.09.20.14.50.11_veh-08_01166_01238.db,2021.09.20.14.50.11_veh-08_01166_01238.db,6377472,2022-09-23T05:50:48+00:00,True,bb9292e2ba0ac6dd0635e44292adac8a3830c7282c2f1f8cd8eb399f76931bd2,0627dbcf2674ee833865b9d3c96576a1cd4114956ea0bc6d658894c3886da993,1344,752,a52b376ffeff436e428ea50992f9dab70707355ea8e71380daa80e1fdbaed53a,1,2021.09.20.14.50.11_veh-08_01166_01238,us-pa-pittsburgh-hazelwood,us-pa-pittsburgh-hazelwood,True,READY,
train_pittsburgh,/Users/liuqing/Projects/01_E2E_QA_Code/nuplan/dataset/data/cache/train_pittsburgh/2021.09.20.14.50.11_veh-08_01265_01355.db,2021.09.20.14.50.11_veh-08_01265_01355.db,5984256,2022-09-23T05:50:48+00:00,True,bb9292e2ba0ac6dd0635e44292adac8a3830c7282c2f1f8cd8eb399f76931bd2,fe8209e31c5ba8299c7c1d78539e1580ae50133d679c59661ddf66145c4a3bdb,2394,1539,47dbca987bdc65741b9c7a33c5965a24bed5e140b64396c4444d139637ec5728,1,2021.09.20.14.50.11_veh-08_01265_01355,us-pa-pittsburgh-hazelwood,us-pa-pittsburgh-hazelwood,True,READY,
train_pittsburgh,/Users/liuqing/Projects/01_E2E_QA_Code/nuplan/dataset/data/cache/train_pittsburgh/2021.09.20.14.50.11_veh-08_01514_01640.db,2021.09.20.14.50.11_veh-08_01514_01640.db,10530816,2022-09-23T05:50:48+00:00,True,bb9292e2ba0ac6dd0635e44292adac8a3830c7282c2f1f8cd8eb399f76931bd2,750f2711779ce6c2ca741f0d47c28fcacbc1117faf9eb3a45b9851a35e5c14cc,1664,1148,14435a62132e8754593567596623c1fe37ae4d914db3e9bab956265ff21b487d,1,2021.09.20.14.50.11_veh-08_01514_01640,us-pa-pittsburgh-hazelwood,us-pa-pittsburgh-hazelwood,True,READY,
train_pittsburgh,/Users/liuqing/Projects/01_E2E_QA_Code/nuplan/dataset/data/cache/train_pittsburgh/2021.09.20.17.01.23_veh-08_00252_00531.db,2021.09.20.17.01.23_veh-08_00252_00531.db,33574912,2022-09-23T05:50:49+00:00,True,bb9292e2ba0ac6dd0635e44292adac8a3830c7282c2f1f8cd8eb399f76931bd2,a769bf57ea7c83dc7efc8b78e527da9583b9167e3ca550f28b1604583ef1347a,6854,3468,a480b6c36d0aaa0b0447a1ba10f81801060baf7a1066bda4d5a98bdaa1d1670b,1,2021.09.20.17.01.23_veh-08_00252_00531,us-pa-pittsburgh-hazelwood,us-pa-pittsburgh-hazelwood,True,READY,
train_pittsburgh,/Users/liuqing/Projects/01_E2E_QA_Code/nuplan/dataset/data/cache/train_pittsburgh/2021.09.20.17.01.23_veh-08_00594_00708.db,2021.09.20.17.01.23_veh-08_00594_00708.db,12881920,2022-09-23T05:50:49+00:00,True,bb9292e2ba0ac6dd0635e44292adac8a3830c7282c2f1f8cd8eb399f76931bd2,3364ebf6b25d5d39c9b6a92ba3810b5a780dc90037910d51482300fcea685c6a,2038,1536,3db66dad49636e9f9533f845e22465db50b05acad0f27491b2c3e1bddccc0d8b,1,2021.09.20.17.01.23_veh-08_00594_00708,us-pa-pittsburgh-hazelwood,us-pa-pittsburgh-hazelwood,True,READY,
train_pittsburgh,/Users/liuqing/Projects/01_E2E_QA_Code/nuplan/dataset/data/cache/train_pittsburgh/2021.09.20.17.01.23_veh-08_00764_00942.db,2021.09.20.17.01.23_veh-08_00764_00942.db,40960000,2022-09-23T05:50:49+00:00,True,bb9292e2ba0ac6dd0635e44292adac8a3830c7282c2f1f8cd8eb399f76931bd2,9daff51840e8eb851aa2f99d59fad1c6e5edb57a8ae0099a05f744cff0d2de42,5503,2238,1589cb05809eb7010c6c3c8108fbd52348203b85bb0b1b82094a8e80aa5118e9,1,2021.09.20.17.01.23_veh-08_00764_00942,us-pa-pittsburgh-hazelwood,us-pa-pittsburgh-hazelwood,True,READY,
train_pittsburgh,/Users/liuqing/Projects/01_E2E_QA_Code/nuplan/dataset/data/cache/train_pittsburgh/2021.09.20.17.01.23_veh-08_00974_01766.db,2021.09.20.17.01.23_veh-08_00974_01766.db,141107200,2022-09-23T05:50:49+00:00,True,bb9292e2ba0ac6dd0635e44292adac8a3830c7282c2f1f8cd8eb399f76931bd2,0754e50b01df5fa8041e8a4a875eadfc1f95c4283a7972385453c8a603e1992e,16959,9390,2e94c4839b00ea16b62c3bae1197b1224a25b6f47039c9f95c45cc0015b92730,1,2021.09.20.17.01.23_veh-08_00974_01766,us-pa-pittsburgh-hazelwood,us-pa-pittsburgh-hazelwood,True,READY,
train_pittsburgh,/Users/liuqing/Projects/01_E2E_QA_Code/nuplan/dataset/data/cache/train_pittsburgh/2021.09.20.17.01.23_veh-08_01943_02041.db,2021.09.20.17.01.23_veh-08_01943_02041.db,6500352,2022-09-23T05:50:49+00:00,True,bb9292e2ba0ac6dd0635e44292adac8a3830c7282c2f1f8cd8eb399f76931bd2,4a4d3335ee945444569b21fb9707e6afaf82fce0e186cade12bf9413fa07db08,0,0,e3b0c44298fc1c149afbf4c8996fb92427ae41e4649b934ca495991b7852b855,1,2021.09.20.17.01.23_veh-08_01943_02041,us-pa-pittsburgh-hazelwood,us-pa-pittsburgh-hazelwood,True,READY,
train_pittsburgh,/Users/liuqing/Projects/01_E2E_QA_Code/nuplan/dataset/data/cache/train_pittsburgh/2021.09.20.17.42.50_veh-08_00322_00551.db,2021.09.20.17.42.50_veh-08_00322_00551.db,17600512,2022-09-23T05:50:49+00:00,True,bb9292e2ba0ac6dd0635e44292adac8a3830c7282c2f1f8cd8eb399f76931bd2,355e13d0d98b50ab031709e7afe92d8284c08ff81a9a30777191de07f614166b,7385,3311,1d0890dde54ba8df8b3fde208c8310d61298b0aca2d27c08580082a48a4cdf27,1,2021.09.20.17.42.50_veh-08_00322_00551,us-pa-pittsburgh-hazelwood,us-pa-pittsburgh-hazelwood,True,READY,
train_pittsburgh,/Users/liuqing/Projects/01_E2E_QA_Code/nuplan/dataset/data/cache/train_pittsburgh/2021.09.20.17.42.50_veh-08_00585_00680.db,2021.09.20.17.42.50_veh-08_00585_00680.db,11116544,2022-09-23T05:50:49+00:00,True,bb9292e2ba0ac6dd0635e44292adac8a3830c7282c2f1f8cd8eb399f76931bd2,2e8b005bb79610a606a61cbfe81f7f9948ef2aba25b31f758e431b74cce56adc,2343,1214,a9765c5104f843b84a3f22296e9ad8d41a29f8900e12b542192a66482a4b2d77,1,2021.09.20.17.42.50_veh-08_00585_00680,us-pa-pittsburgh-hazelwood,us-pa-pittsburgh-hazelwood,True,READY,
train_pittsburgh,/Users/liuqing/Projects/01_E2E_QA_Code/nuplan/dataset/data/cache/train_pittsburgh/2021.09.20.17.42.50_veh-08_00702_00908.db,2021.09.20.17.42.50_veh-08_00702_00908.db,38879232,2022-09-23T05:50:49+00:00,True,bb9292e2ba0ac6dd0635e44292adac8a3830c7282c2f1f8cd8eb399f76931bd2,df25b254d030fe4464bb031a479a12814bdf42cfa4858068e293ffe0cea38ad6,5113,3214,83ab100509853147e1a547f9c682deec4cb5942679f2ea85b100fe1faf560e49,1,2021.09.20.17.42.50_veh-08_00702_00908,us-pa-pittsburgh-hazelwood,us-pa-pittsburgh-hazelwood,True,READY,
train_pittsburgh,/Users/liuqing/Projects/01_E2E_QA_Code/nuplan/dataset/data/cache/train_pittsburgh/2021.09.20.17.42.50_veh-08_00931_01048.db,2021.09.20.17.42.50_veh-08_00931_01048.db,18653184,2022-09-23T05:50:49+00:00,True,bb9292e2ba0ac6dd0635e44292adac8a3830c7282c2f1f8cd8eb399f76931bd2,2c4e6a7aa7d86fd43daeb4c9c15a9167b17d1c82fd3681c83ea1202163a2715c,3016,1509,40becc287c71ad0b6262290376f29a5c9efe1da6bcd2199e50ba23d4a2ea29a1,1,2021.09.20.17.42.50_veh-08_00931_01048,us-pa-pittsburgh-hazelwood,us-pa-pittsburgh-hazelwood,True,READY,
train_pittsburgh,/Users/liuqing/Projects/01_E2E_QA_Code/nuplan/dataset/data/cache/train_pittsburgh/2021.09.20.17.42.50_veh-08_01078_01775.db,2021.09.20.17.42.50_veh-08_01078_01775.db,137756672,2022-09-23T05:50:49+00:00,True,bb9292e2ba0ac6dd0635e44292adac8a3830c7282c2f1f8cd8eb399f76931bd2,ab8774a29a30c8058b9c6d774873f91f584534dfd449093c563b4b28bd32e763,17244,9766,1a1b116bd3cfda71c80f6fd932e293301b09538e426cb8caf9be48d6d191b3ca,1,2021.09.20.17.42.50_veh-08_01078_01775,us-pa-pittsburgh-hazelwood,us-pa-pittsburgh-hazelwood,True,READY,
train_pittsburgh,/Users/liuqing/Projects/01_E2E_QA_Code/nuplan/dataset/data/cache/train_pittsburgh/2021.09.20.18.15.46_veh-08_00078_00230.db,2021.09.20.18.15.46_veh-08_00078_00230.db,19480576,2022-09-23T05:50:49+00:00,True,bb9292e2ba0ac6dd0635e44292adac8a3830c7282c2f1f8cd8eb399f76931bd2,7f6ab151df5c3ba4e60345688785dc538b189bd9e6b0177770f52f22047c8901,2546,1721,1540fb1593512a60297d95d1efdef7613456e539439b5db514d34e8e05bd0130,1,2021.09.20.18.15.46_veh-08_00078_00230,us-pa-pittsburgh-hazelwood,us-pa-pittsburgh-hazelwood,True,READY,
train_pittsburgh,/Users/liuqing/Projects/01_E2E_QA_Code/nuplan/dataset/data/cache/train_pittsburgh/2021.09.20.18.15.46_veh-08_00448_00546.db,2021.09.20.18.15.46_veh-08_00448_00546.db,7413760,2022-09-23T05:50:49+00:00,True,bb9292e2ba0ac6dd0635e44292adac8a3830c7282c2f1f8cd8eb399f76931bd2,170f1417a6b5039d134f6577abb34381f5baae74560b4fb179bd81c94fe105da,1661,1043,72fe66e6d792ee1cefbd4d3735d8cad66f264269d272e0e729be5ad7922f39d5,1,2021.09.20.18.15.46_veh-08_00448_00546,us-pa-pittsburgh-hazelwood,us-pa-pittsburgh-hazelwood,True,READY,
train_pittsburgh,/Users/liuqing/Projects/01_E2E_QA_Code/nuplan/dataset/data/cache/train_pittsburgh/2021.09.20.18.15.46_veh-08_00796_01182.db,2021.09.20.18.15.46_veh-08_00796_01182.db,39178240,2022-09-23T05:50:49+00:00,True,bb9292e2ba0ac6dd0635e44292adac8a3830c7282c2f1f8cd8eb399f76931bd2,2c4c9c86a0ce7ef9f2bac842611e4573cc39871000d6a60c303ece999c1b7832,9782,4991,945d275e2717207b8bdb09b6d25169e314fa6f59dcc9ddb4b8029241c5d9c41d,1,2021.09.20.18.15.46_veh-08_00796_01182,us-pa-pittsburgh-hazelwood,us-pa-pittsburgh-hazelwood,True,READY,
train_pittsburgh,/Users/liuqing/Projects/01_E2E_QA_Code/nuplan/dataset/data/cache/train_pittsburgh/2021.09.20.18.15.46_veh-08_01197_01333.db,2021.09.20.18.15.46_veh-08_01197_01333.db,26255360,2022-09-23T05:50:49+00:00,True,bb9292e2ba0ac6dd0635e44292adac8a3830c7282c2f1f8cd8eb399f76931bd2,df2dcd58a9da0d811985003e2d36abddb582d70fd7105d839554e7069a3ad7ef,3486,1912,d169d279a1507d6a10936fe9252d5122d57d25a2e72c5f1bf539320cab22f8fa,1,2021.09.20.18.15.46_veh-08_01197_01333,us-pa-pittsburgh-hazelwood,us-pa-pittsburgh-hazelwood,True,READY,
train_pittsburgh,/Users/liuqing/Projects/01_E2E_QA_Code/nuplan/dataset/data/cache/train_pittsburgh/2021.09.20.18.15.46_veh-08_01355_01523.db,2021.09.20.18.15.46_veh-08_01355_01523.db,27054080,2022-09-23T05:50:49+00:00,True,bb9292e2ba0ac6dd0635e44292adac8a3830c7282c2f1f8cd8eb399f76931bd2,1933572e03effaf91150af49bcd934d54e5b80be926d71214e62adf0133a69c6,4473,2228,be638ae44c94bc4f14f04bee9b986cadb9790ca90548a9aa82e6823346a4302a,1,2021.09.20.18.15.46_veh-08_01355_01523,us-pa-pittsburgh-hazelwood,us-pa-pittsburgh-hazelwood,True,READY,
train_pittsburgh,/Users/liuqing/Projects/01_E2E_QA_Code/nuplan/dataset/data/cache/train_pittsburgh/2021.09.20.18.15.46_veh-08_01534_01667.db,2021.09.20.18.15.46_veh-08_01534_01667.db,15839232,2022-09-23T05:50:49+00:00,True,bb9292e2ba0ac6dd0635e44292adac8a3830c7282c2f1f8cd8eb399f76931bd2,bb5a6b48a248f18a4c9f0cf721ace7bb614c4cdee4f1a8f735374154c7bb109b,2661,1556,7af2ae151ac7eaf7ad30e45c1d6de2235bb436f3a6207633b6afb928ebfbc811,1,2021.09.20.18.15.46_veh-08_01534_01667,us-pa-pittsburgh-hazelwood,us-pa-pittsburgh-hazelwood,True,READY,
train_pittsburgh,/Users/liuqing/Projects/01_E2E_QA_Code/nuplan/dataset/data/cache/train_pittsburgh/2021.09.20.18.15.46_veh-08_01820_01912.db,2021.09.20.18.15.46_veh-08_01820_01912.db,6819840,2022-09-23T05:50:49+00:00,True,bb9292e2ba0ac6dd0635e44292adac8a3830c7282c2f1f8cd8eb399f76931bd2,1f9fae1959b8dcdd44c43550a0c5c54476dfd0c13c0748873a7152a29cacdacd,1799,1142,32fa32d262e893044bb6a8ab7bfbe356ef0d4dcfe7fc894b45bd109aa44807f6,1,2021.09.20.18.15.46_veh-08_01820_01912,us-pa-pittsburgh-hazelwood,us-pa-pittsburgh-hazelwood,True,READY,
train_pittsburgh,/Users/liuqing/Projects/01_E2E_QA_Code/nuplan/dataset/data/cache/train_pittsburgh/2021.09.20.18.55.11_veh-08_00069_00483.db,2021.09.20.18.55.11_veh-08_00069_00483.db,41271296,2022-09-23T05:50:49+00:00,True,bb9292e2ba0ac6dd0635e44292adac8a3830c7282c2f1f8cd8eb399f76931bd2,7efe663292c2b06cd2dfeb9203bc4a7adb1e6829cd4abaf2e2c64994e815a74f,10412,5498,5ff88a7c93d196859e1a10e7ef6dfe60255562278ae07d2cc6bc8deffeb755c5,1,2021.09.20.18.55.11_veh-08_00069_00483,us-pa-pittsburgh-hazelwood,us-pa-pittsburgh-hazelwood,True,READY,
train_pittsburgh,/Users/liuqing/Projects/01_E2E_QA_Code/nuplan/dataset/data/cache/train_pittsburgh/2021.09.20.18.55.11_veh-08_00514_00622.db,2021.09.20.18.55.11_veh-08_00514_00622.db,18722816,2022-09-23T05:50:49+00:00,True,bb9292e2ba0ac6dd0635e44292adac8a3830c7282c2f1f8cd8eb399f76931bd2,fc1f6856d753ef87da9302fab3bb9045fa94ce303072fb0d68c0d04136453d64,2309,1362,c5638f2362bfbbae85939eb97da04e0cc1885a28cad529de3cf371368fb04a3c,1,2021.09.20.18.55.11_veh-08_00514_00622,us-pa-pittsburgh-hazelwood,us-pa-pittsburgh-hazelwood,True,READY,
train_pittsburgh,/Users/liuqing/Projects/01_E2E_QA_Code/nuplan/dataset/data/cache/train_pittsburgh/2021.09.20.18.55.11_veh-08_00649_00828.db,2021.09.20.18.55.11_veh-08_00649_00828.db,39030784,2022-09-23T05:50:49+00:00,True,bb9292e2ba0ac6dd0635e44292adac8a3830c7282c2f1f8cd8eb399f76931bd2,a4a3333cae8eb2846f97383ec3e32636b47f9d2b65b54d9ea7397486beedac6c,5112,2793,246dbc3e2cede43c340e26ecff2aeff3f5906fec434519ee0a14a3b9d86cd32a,1,2021.09.20.18.55.11_veh-08_00649_00828,us-pa-pittsburgh-hazelwood,us-pa-pittsburgh-hazelwood,True,READY,
train_pittsburgh,/Users/liuqing/Projects/01_E2E_QA_Code/nuplan/dataset/data/cache/train_pittsburgh/2021.09.20.18.55.11_veh-08_00839_01047.db,2021.09.20.18.55.11_veh-08_00839_01047.db,31936512,2022-09-23T05:50:49+00:00,True,bb9292e2ba0ac6dd0635e44292adac8a3830c7282c2f1f8cd8eb399f76931bd2,371505aa8a8d29213a8f41142a4ecfe141b48740d9d541b72a012abf028a012f,4875,3017,1a3aa8fa4b380e7afaa0b289804750231fb5ce2a0f9af43d94669933eeb69093,1,2021.09.20.18.55.11_veh-08_00839_01047,us-pa-pittsburgh-hazelwood,us-pa-pittsburgh-hazelwood,True,READY,
train_pittsburgh,/Users/liuqing/Projects/01_E2E_QA_Code/nuplan/dataset/data/cache/train_pittsburgh/2021.09.20.18.55.11_veh-08_01058_01373.db,2021.09.20.18.55.11_veh-08_01058_01373.db,50659328,2022-09-23T05:50:49+00:00,True,bb9292e2ba0ac6dd0635e44292adac8a3830c7282c2f1f8cd8eb399f76931bd2,056522be3bd8410355573735f731473bd6fb588e2279be301293b4b61bee7a02,8598,4452,71f1e6e6346ca55d4035afeb0c2ac7c809554784d9450bf899f715cbaa3feff9,1,2021.09.20.18.55.11_veh-08_01058_01373,us-pa-pittsburgh-hazelwood,us-pa-pittsburgh-hazelwood,True,READY,
train_pittsburgh,/Users/liuqing/Projects/01_E2E_QA_Code/nuplan/dataset/data/cache/train_pittsburgh/2021.09.20.18.55.11_veh-08_01713_01826.db,2021.09.20.18.55.11_veh-08_01713_01826.db,9519104,2022-09-23T05:50:49+00:00,True,bb9292e2ba0ac6dd0635e44292adac8a3830c7282c2f1f8cd8eb399f76931bd2,8062dafd502729df33478c9edb5088a5d87b73ec0e8c7b9ad0848809af0a1e99,1798,1039,43cf6d84428b19b01cdfaa8e0a84026c9103ab641e507d28abc1f836e3a5667d,1,2021.09.20.18.55.11_veh-08_01713_01826,us-pa-pittsburgh-hazelwood,us-pa-pittsburgh-hazelwood,True,READY,
train_pittsburgh,/Users/liuqing/Projects/01_E2E_QA_Code/nuplan/dataset/data/cache/train_pittsburgh/2021.09.20.19.38.32_veh-08_00032_00111.db,2021.09.20.19.38.32_veh-08_00032_00111.db,6479872,2022-09-23T05:50:49+00:00,True,bb9292e2ba0ac6dd0635e44292adac8a3830c7282c2f1f8cd8eb399f76931bd2,d1daf4c1a57c298363c019ae14a389f6da02896bb018978bf379edb873641e43,1582,1031,cea6c27411d412f0908b35b0fda9e6f695587c16e1c471d8aa22a29601251615,1,2021.09.20.19.38.32_veh-08_00032_00111,us-pa-pittsburgh-hazelwood,us-pa-pittsburgh-hazelwood,True,READY,
train_pittsburgh,/Users/liuqing/Projects/01_E2E_QA_Code/nuplan/dataset/data/cache/train_pittsburgh/2021.09.20.19.38.32_veh-08_00236_01202.db,2021.09.20.19.38.32_veh-08_00236_01202.db,135593984,2022-09-23T05:50:49+00:00,True,bb9292e2ba0ac6dd0635e44292adac8a3830c7282c2f1f8cd8eb399f76931bd2,b28f89a7db5f85f9955d6747df18a15bc606d22f548b2111cc059eb2ebbc4510,24536,13756,c71429fcd297756fd5d622330cfe2fd4e7b58110507c9f09f554e4156f2389c5,1,2021.09.20.19.38.32_veh-08_00236_01202,us-pa-pittsburgh-hazelwood,us-pa-pittsburgh-hazelwood,True,READY,
train_pittsburgh,/Users/liuqing/Projects/01_E2E_QA_Code/nuplan/dataset/data/cache/train_pittsburgh/2021.09.20.19.38.32_veh-08_01264_01548.db,2021.09.20.19.38.32_veh-08_01264_01548.db,46768128,2022-09-23T05:50:49+00:00,True,bb9292e2ba0ac6dd0635e44292adac8a3830c7282c2f1f8cd8eb399f76931bd2,33a7bf8ad10380627eab664deb75be78db6080ff7af2dde5fc4a28e5283256fc,7791,4106,7042b5ea0ec08b82859d635184c42b0dbd898bb3074822084d2828f6f41c3288,1,2021.09.20.19.38.32_veh-08_01264_01548,us-pa-pittsburgh-hazelwood,us-pa-pittsburgh-hazelwood,True,READY,
train_pittsburgh,/Users/liuqing/Projects/01_E2E_QA_Code/nuplan/dataset/data/cache/train_pittsburgh/2021.09.20.19.38.32_veh-08_01559_01704.db,2021.09.20.19.38.32_veh-08_01559_01704.db,20385792,2022-09-23T05:50:50+00:00,True,bb9292e2ba0ac6dd0635e44292adac8a3830c7282c2f1f8cd8eb399f76931bd2,00cbcf242c0def5b9b2f7d8a7af46c9202692af42967ca4f03fa80ba6dc1313b,3062,2025,71de7a0947c6711a38c053050cf03bea0667ed3b197ca6b5dba62a98ae6efdae,1,2021.09.20.19.38.32_veh-08_01559_01704,us-pa-pittsburgh-hazelwood,us-pa-pittsburgh-hazelwood,True,READY,
train_pittsburgh,/Users/liuqing/Projects/01_E2E_QA_Code/nuplan/dataset/data/cache/train_pittsburgh/2021.09.20.19.38.32_veh-08_01727_02198.db,2021.09.20.19.38.32_veh-08_01727_02198.db,66363392,2022-09-23T05:50:50+00:00,True,bb9292e2ba0ac6dd0635e44292adac8a3830c7282c2f1f8cd8eb399f76931bd2,a120a90c5a9d681a792b9139d30b537f85f75c190dd28f11e051b48b40d86ef6,11788,6168,cefb50a909b8eb05bfb45031e4a000ab7331d45484fd2fff6718beb5e5bd1e80,1,2021.09.20.19.38.32_veh-08_01727_02198,us-pa-pittsburgh-hazelwood,us-pa-pittsburgh-hazelwood,True,READY,
train_pittsburgh,/Users/liuqing/Projects/01_E2E_QA_Code/nuplan/dataset/data/cache/train_pittsburgh/2021.09.20.19.38.32_veh-08_02246_02569.db,2021.09.20.19.38.32_veh-08_02246_02569.db,55091200,2022-09-23T05:50:50+00:00,True,bb9292e2ba0ac6dd0635e44292adac8a3830c7282c2f1f8cd8eb399f76931bd2,64117044373b3e8ed2289816e2f97bbacc61c614a5e9a4d18eb2cffee72e94b1,8031,4483,281f2701e4f1fc47a78226534643b69e7fe0a1e927fad40a4aea019409b49afb,1,2021.09.20.19.38.32_veh-08_02246_02569,us-pa-pittsburgh-hazelwood,us-pa-pittsburgh-hazelwood,True,READY,
train_pittsburgh,/Users/liuqing/Projects/01_E2E_QA_Code/nuplan/dataset/data/cache/train_pittsburgh/2021.09.20.19.38.32_veh-08_02581_02803.db,2021.09.20.19.38.32_veh-08_02581_02803.db,29040640,2022-09-23T05:50:50+00:00,True,bb9292e2ba0ac6dd0635e44292adac8a3830c7282c2f1f8cd8eb399f76931bd2,3441107bd5a38de589c97c6d1da5cd5fe553bc62b1c752fdc94220b9a7c5e120,5885,3223,a310ad5a43c95d765de3c486242c23bc4ee124b82a8eb0241688ab0f88009940,1,2021.09.20.19.38.32_veh-08_02581_02803,us-pa-pittsburgh-hazelwood,us-pa-pittsburgh-hazelwood,True,READY,
train_pittsburgh,/Users/liuqing/Projects/01_E2E_QA_Code/nuplan/dataset/data/cache/train_pittsburgh/2021.09.20.20.32.00_veh-08_00211_00332.db,2021.09.20.20.32.00_veh-08_00211_00332.db,8753152,2022-09-23T05:50:50+00:00,True,bb9292e2ba0ac6dd0635e44292adac8a3830c7282c2f1f8cd8eb399f76931bd2,e1e0ae63f89a1239e4de77bf392407cdafb8aa3d92c3678ce1964604d0f41dcb,2321,1513,bbb7e9f9cd30c6f3bfe5bb88401a05cd20729ce0e7d1d707b6ace63bf78fe5be,1,2021.09.20.20.32.00_veh-08_00211_00332,us-pa-pittsburgh-hazelwood,us-pa-pittsburgh-hazelwood,True,READY,
train_pittsburgh,/Users/liuqing/Projects/01_E2E_QA_Code/nuplan/dataset/data/cache/train_pittsburgh/2021.09.20.20.32.00_veh-08_00399_00717.db,2021.09.20.20.32.00_veh-08_00399_00717.db,32276480,2022-09-23T05:50:50+00:00,True,bb9292e2ba0ac6dd0635e44292adac8a3830c7282c2f1f8cd8eb399f76931bd2,e3356c47f766c903e07cb34ada4c6cc66db0631d6de27daee5952c711052e313,6568,4944,ad00796365ceeb51b3d6dc345f9d50e7479a8f5939c2ca17e6d7ea7d41d4779e,1,2021.09.20.20.32.00_veh-08_00399_00717,us-pa-pittsburgh-hazelwood,us-pa-pittsburgh-hazelwood,True,READY,
train_pittsburgh,/Users/liuqing/Projects/01_E2E_QA_Code/nuplan/dataset/data/cache/train_pittsburgh/2021.09.20.20.32.00_veh-08_00746_01631.db,2021.09.20.20.32.00_veh-08_00746_01631.db,156401664,2022-09-23T05:50:50+00:00,True,bb9292e2ba0ac6dd0635e44292adac8a3830c7282c2f1f8cd8eb399f76931bd2,ed982d63e73e531cccbd54d455a92e227c123e449dd555ccba64c6f03571e1cb,23840,12456,df73ba0338d9184e521d6ebba2fb30a5235ff47420c9647c3c804ec00aacae64,1,2021.09.20.20.32.00_veh-08_00746_01631,us-pa-pittsburgh-hazelwood,us-pa-pittsburgh-hazelwood,True,READY,
train_pittsburgh,/Users/liuqing/Projects/01_E2E_QA_Code/nuplan/dataset/data/cache/train_pittsburgh/2021.09.20.20.32.00_veh-08_01655_01720.db,2021.09.20.20.32.00_veh-08_01655_01720.db,15953920,2022-09-23T05:50:50+00:00,True,bb9292e2ba0ac6dd0635e44292adac8a3830c7282c2f1f8cd8eb399f76931bd2,ab963c599264f09af4bbe807311a1a86a9754347888dd27ae08e1324c93c409c,1798,807,2402e7461e3e20ba544c1b9fbfbc7487dbb9bca392d9ed5e1891dc8978409588,1,2021.09.20.20.32.00_veh-08_01655_01720,us-pa-pittsburgh-hazelwood,us-pa-pittsburgh-hazelwood,True,READY,
train_pittsburgh,/Users/liuqing/Projects/01_E2E_QA_Code/nuplan/dataset/data/cache/train_pittsburgh/2021.09.20.20.32.00_veh-08_01745_01991.db,2021.09.20.20.32.00_veh-08_01745_01991.db,44314624,2022-09-23T05:50:50+00:00,True,bb9292e2ba0ac6dd0635e44292adac8a3830c7282c2f1f8cd8eb399f76931bd2,4d454cffc8e8314074e7bc73d40ecfd847627ee7ddcea842e3d5c8d63e0febfe,8307,3472,2401e6648d519f6d2b3126bed3b84a6380d7f26c556d6dd6576111a131c9ef0b,1,2021.09.20.20.32.00_veh-08_01745_01991,us-pa-pittsburgh-hazelwood,us-pa-pittsburgh-hazelwood,True,READY,
train_pittsburgh,/Users/liuqing/Projects/01_E2E_QA_Code/nuplan/dataset/data/cache/train_pittsburgh/2021.09.20.20.32.00_veh-08_02014_02781.db,2021.09.20.20.32.00_veh-08_02014_02781.db,152711168,2022-09-23T05:50:50+00:00,True,bb9292e2ba0ac6dd0635e44292adac8a3830c7282c2f1f8cd8eb399f76931bd2,0a0b2eece43859487ce87b0577b6a942632bda5cce80a9b1d246d4fa5de88ac0,20796,11203,744c04ac0b0d398840fc2c8f14a44d0ea8b3de2460a52004639b3aa8118114dc,1,2021.09.20.20.32.00_veh-08_02014_02781,us-pa-pittsburgh-hazelwood,us-pa-pittsburgh-hazelwood,True,READY,
train_pittsburgh,/Users/liuqing/Projects/01_E2E_QA_Code/nuplan/dataset/data/cache/train_pittsburgh/2021.09.21.16.42.24_veh-08_00517_00688.db,2021.09.21.16.42.24_veh-08_00517_00688.db,25055232,2022-09-23T05:50:51+00:00,True,bb9292e2ba0ac6dd0635e44292adac8a3830c7282c2f1f8cd8eb399f76931bd2,aa23b4376ca2f3a3517d8086bf61cdc093bed253bb0032f782f6daf6eb2de09b,4300,2834,83f4188dca154d3391d22e799f75d4593ad6782a009a690f8e8af5f3bfe61981,1,2021.09.21.16.42.24_veh-08_00517_00688,us-pa-pittsburgh-hazelwood,us-pa-pittsburgh-hazelwood,True,READY,
train_pittsburgh,/Users/liuqing/Projects/01_E2E_QA_Code/nuplan/dataset/data/cache/train_pittsburgh/2021.09.21.16.42.24_veh-08_00857_00944.db,2021.09.21.16.42.24_veh-08_00857_00944.db,5808128,2022-09-23T05:50:51+00:00,True,bb9292e2ba0ac6dd0635e44292adac8a3830c7282c2f1f8cd8eb399f76931bd2,130883aeff28ac7e8938b5c11fa0c8c62b5684599551ec6dc1912efb5e2015e8,1975,1436,626c1819868b5ac940fe92298a065275c27be359a3cd8ff1f71c6b269b1517b2,1,2021.09.21.16.42.24_veh-08_00857_00944,us-pa-pittsburgh-hazelwood,us-pa-pittsburgh-hazelwood,True,READY,
train_pittsburgh,/Users/liuqing/Projects/01_E2E_QA_Code/nuplan/dataset/data/cache/train_pittsburgh/2021.09.21.16.42.24_veh-08_01083_01215.db,2021.09.21.16.42.24_veh-08_01083_01215.db,10817536,2022-09-23T05:50:51+00:00,True,bb9292e2ba0ac6dd0635e44292adac8a3830c7282c2f1f8cd8eb399f76931bd2,25c3ed89014df7f35f447a9531032f0c55454a92478c5a7a1f6549a16ca921b3,2930,1879,3622074ca8a413b0202429da87fe28121a152ee6432e9952c52886a638270923,1,2021.09.21.16.42.24_veh-08_01083_01215,us-pa-pittsburgh-hazelwood,us-pa-pittsburgh-hazelwood,True,READY,
train_pittsburgh,/Users/liuqing/Projects/01_E2E_QA_Code/nuplan/dataset/data/cache/train_pittsburgh/2021.09.21.16.42.24_veh-08_01243_01526.db,2021.09.21.16.42.24_veh-08_01243_01526.db,31924224,2022-09-23T05:50:51+00:00,True,bb9292e2ba0ac6dd0635e44292adac8a3830c7282c2f1f8cd8eb399f76931bd2,063cb489b20142f77ed8f10c0d0eaa057737335bca6a350bf7e5a36d58867b27,6248,3672,6c1399d9bd36dfd52e398ee6fed081a51e92d3d9b487a83eb7bebbdfb6866f39,1,2021.09.21.16.42.24_veh-08_01243_01526,us-pa-pittsburgh-hazelwood,us-pa-pittsburgh-hazelwood,True,READY,
train_pittsburgh,/Users/liuqing/Projects/01_E2E_QA_Code/nuplan/dataset/data/cache/train_pittsburgh/2021.09.21.16.42.24_veh-08_01600_01735.db,2021.09.21.16.42.24_veh-08_01600_01735.db,35938304,2022-09-23T05:50:51+00:00,True,bb9292e2ba0ac6dd0635e44292adac8a3830c7282c2f1f8cd8eb399f76931bd2,a291699db49e1a9cea80a5828d0aff382fab97ffdd02572c7f475695e6f2f497,3169,2224,cc931fc6b2eaaea6c8c8b8621f92ecf5b901c46524fe614602fb7e2ca370d013,1,2021.09.21.16.42.24_veh-08_01600_01735,us-pa-pittsburgh-hazelwood,us-pa-pittsburgh-hazelwood,True,READY,
train_pittsburgh,/Users/liuqing/Projects/01_E2E_QA_Code/nuplan/dataset/data/cache/train_pittsburgh/2021.09.21.16.42.24_veh-08_01761_02092.db,2021.09.21.16.42.24_veh-08_01761_02092.db,50933760,2022-09-23T05:50:51+00:00,True,bb9292e2ba0ac6dd0635e44292adac8a3830c7282c2f1f8cd8eb399f76931bd2,e853dbf2531dda636241b6afdc58c83a38ba1271aaf7d4947c6f9b7aa1f85e57,6995,3756,30d10082e6ad50db0f13d031ad90cd0abc3d96c955b4d2aa6e0a7cb303126c5f,1,2021.09.21.16.42.24_veh-08_01761_02092,us-pa-pittsburgh-hazelwood,us-pa-pittsburgh-hazelwood,True,READY,
train_pittsburgh,/Users/liuqing/Projects/01_E2E_QA_Code/nuplan/dataset/data/cache/train_pittsburgh/2021.09.21.16.42.24_veh-08_02115_02448.db,2021.09.21.16.42.24_veh-08_02115_02448.db,74379264,2022-09-23T05:50:51+00:00,True,bb9292e2ba0ac6dd0635e44292adac8a3830c7282c2f1f8cd8eb399f76931bd2,f769bf4febb7e8fe8ba266cfca26da9bf52a85ad0350675d3470992b1ef69335,7411,4272,2302c509a53f40bb63dfc0d134dc2f61dc3bd9e392edf38838324957dc70ef0a,1,2021.09.21.16.42.24_veh-08_02115_02448,us-pa-pittsburgh-hazelwood,us-pa-pittsburgh-hazelwood,True,READY,
train_pittsburgh,/Users/liuqing/Projects/01_E2E_QA_Code/nuplan/dataset/data/cache/train_pittsburgh/2021.09.21.16.42.24_veh-08_02474_02610.db,2021.09.21.16.42.24_veh-08_02474_02610.db,20656128,2022-09-23T05:50:51+00:00,True,bb9292e2ba0ac6dd0635e44292adac8a3830c7282c2f1f8cd8eb399f76931bd2,5142cb1ff162a094f1e4bb430863bfa824dcc2d357412d1f13c468ecd35b067b,2788,1685,d891b29d9419638b4dd53a49eb03b22914eb1965108e93be1ec704eed8df9d27,1,2021.09.21.16.42.24_veh-08_02474_02610,us-pa-pittsburgh-hazelwood,us-pa-pittsburgh-hazelwood,True,READY,
train_pittsburgh,/Users/liuqing/Projects/01_E2E_QA_Code/nuplan/dataset/data/cache/train_pittsburgh/2021.09.21.16.42.24_veh-08_02630_02751.db,2021.09.21.16.42.24_veh-08_02630_02751.db,28299264,2022-09-23T05:50:51+00:00,True,bb9292e2ba0ac6dd0635e44292adac8a3830c7282c2f1f8cd8eb399f76931bd2,cfcd5f4eb2f2e3fbcf125c5273eda9161d80517e2e85f5f412656ff54233781b,3179,1699,0193e9672aaff94ae44aacd89d996e370281b1c883e84fd89245057e334d665f,1,2021.09.21.16.42.24_veh-08_02630_02751,us-pa-pittsburgh-hazelwood,us-pa-pittsburgh-hazelwood,True,READY,
train_pittsburgh,/Users/liuqing/Projects/01_E2E_QA_Code/nuplan/dataset/data/cache/train_pittsburgh/2021.09.21.16.42.24_veh-08_02986_03066.db,2021.09.21.16.42.24_veh-08_02986_03066.db,5734400,2022-09-23T05:50:51+00:00,True,bb9292e2ba0ac6dd0635e44292adac8a3830c7282c2f1f8cd8eb399f76931bd2,b652facb5908313e12868d42aa5eb14cdab416e7199160016e3713aebd8c7bd9,2159,1375,fa3c21727e37a2229de2ba2383b815231417a1ba18fcbb72d798da3381056568,1,2021.09.21.16.42.24_veh-08_02986_03066,us-pa-pittsburgh-hazelwood,us-pa-pittsburgh-hazelwood,True,READY,
train_pittsburgh,/Users/liuqing/Projects/01_E2E_QA_Code/nuplan/dataset/data/cache/train_pittsburgh/2021.09.21.17.53.12_veh-08_00363_00445.db,2021.09.21.17.53.12_veh-08_00363_00445.db,6430720,2022-09-23T05:50:51+00:00,True,bb9292e2ba0ac6dd0635e44292adac8a3830c7282c2f1f8cd8eb399f76931bd2,bd2fd1b7660e4490934fd1cca52d78d320d4a1951f452ab05674a7d57f46da13,1996,1011,049f3da0d57886cf1106b6e4898599461673b8edd68789cae74661df7ed0fab4,1,2021.09.21.17.53.12_veh-08_00363_00445,us-pa-pittsburgh-hazelwood,us-pa-pittsburgh-hazelwood,True,READY,
train_pittsburgh,/Users/liuqing/Projects/01_E2E_QA_Code/nuplan/dataset/data/cache/train_pittsburgh/2021.09.21.17.53.12_veh-08_00458_00526.db,2021.09.21.17.53.12_veh-08_00458_00526.db,7213056,2022-09-23T05:50:51+00:00,True,bb9292e2ba0ac6dd0635e44292adac8a3830c7282c2f1f8cd8eb399f76931bd2,45ec7ea1251139097b509cbf890d383b7a7b4a92fee32088666c9eb08069a82c,1689,1142,01cbd6a42363de1341aac2a1f255a1702a015e426f4e84f6638670b2e986a180,1,2021.09.21.17.53.12_veh-08_00458_00526,us-pa-pittsburgh-hazelwood,us-pa-pittsburgh-hazelwood,True,READY,
train_pittsburgh,/Users/liuqing/Projects/01_E2E_QA_Code/nuplan/dataset/data/cache/train_pittsburgh/2021.09.21.17.53.12_veh-08_00549_00614.db,2021.09.21.17.53.12_veh-08_00549_00614.db,11288576,2022-09-23T05:50:51+00:00,True,bb9292e2ba0ac6dd0635e44292adac8a3830c7282c2f1f8cd8eb399f76931bd2,28fabb26b98e5cea53e0d5a1496d642bad978e7c2876fefe689742be455e1911,1533,830,adcefc130fc3599f3f3373c48b0186490da121002ed772475d2564196fe4b006,1,2021.09.21.17.53.12_veh-08_00549_00614,us-pa-pittsburgh-hazelwood,us-pa-pittsburgh-hazelwood,True,READY,
train_pittsburgh,/Users/liuqing/Projects/01_E2E_QA_Code/nuplan/dataset/data/cache/train_pittsburgh/2021.09.21.17.53.12_veh-08_00933_01331.db,2021.09.21.17.53.12_veh-08_00933_01331.db,68407296,2022-09-23T05:50:51+00:00,True,bb9292e2ba0ac6dd0635e44292adac8a3830c7282c2f1f8cd8eb399f76931bd2,d8254568f36f32460473c5846193139ce35293db1758f1a39bbab4a5cf86b926,8364,4634,8ff8ccb54d1f002cfce336637bb6ec06672af788cf886c10de0b815b970dd697,1,2021.09.21.17.53.12_veh-08_00933_01331,us-pa-pittsburgh-hazelwood,us-pa-pittsburgh-hazelwood,True,READY,
train_pittsburgh,/Users/liuqing/Projects/01_E2E_QA_Code/nuplan/dataset/data/cache/train_pittsburgh/2021.09.21.17.53.12_veh-08_01345_01456.db,2021.09.21.17.53.12_veh-08_01345_01456.db,21041152,2022-09-23T05:50:51+00:00,True,bb9292e2ba0ac6dd0635e44292adac8a3830c7282c2f1f8cd8eb399f76931bd2,f2d86ebb2742e0aa49b8ebb81496bd0fe3179c841a340bb693937140623af12a,3075,1878,bf705bc3f5ed804d5dee614171e3a97d1ec485b5f5d49bd5ada2a588346a2361,1,2021.09.21.17.53.12_veh-08_01345_01456,us-pa-pittsburgh-hazelwood,us-pa-pittsburgh-hazelwood,True,READY,
train_pittsburgh,/Users/liuqing/Projects/01_E2E_QA_Code/nuplan/dataset/data/cache/train_pittsburgh/2021.09.21.17.53.12_veh-08_01467_01534.db,2021.09.21.17.53.12_veh-08_01467_01534.db,7626752,2022-09-23T05:50:51+00:00,True,bb9292e2ba0ac6dd0635e44292adac8a3830c7282c2f1f8cd8eb399f76931bd2,3a47e26a76e88c08a887eaaf10198882a2f6fe3f8c65576df603c00c021c8e5e,1633,845,c4bbd354fd4ad81cf73f3b0fb5a043ede67a0f64d263aaa7d938c0e074ab2bfa,1,2021.09.21.17.53.12_veh-08_01467_01534,us-pa-pittsburgh-hazelwood,us-pa-pittsburgh-hazelwood,True,READY,
train_pittsburgh,/Users/liuqing/Projects/01_E2E_QA_Code/nuplan/dataset/data/cache/train_pittsburgh/2021.09.21.17.53.12_veh-08_01609_01696.db,2021.09.21.17.53.12_veh-08_01609_01696.db,7286784,2022-09-23T05:50:51+00:00,True,bb9292e2ba0ac6dd0635e44292adac8a3830c7282c2f1f8cd8eb399f76931bd2,a1e51bb643f4dc3363e04afd60901ede6be119ebede0715ecf4ed05858c54ea4,1192,726,72b78a97e34b05b8810015b67aebfe7bdde04c8d5933ed40960b56e8f31bd1ce,1,2021.09.21.17.53.12_veh-08_01609_01696,us-pa-pittsburgh-hazelwood,us-pa-pittsburgh-hazelwood,True,READY,
train_pittsburgh,/Users/liuqing/Projects/01_E2E_QA_Code/nuplan/dataset/data/cache/train_pittsburgh/2021.09.21.17.53.12_veh-08_01763_01841.db,2021.09.21.17.53.12_veh-08_01763_01841.db,5709824,2022-09-23T05:50:51+00:00,True,bb9292e2ba0ac6dd0635e44292adac8a3830c7282c2f1f8cd8eb399f76931bd2,5f302fe21122989fd361473ed977eba1c6aa86ab5ab3643e8404250534cb0444,1600,1162,9d60e60f130dea7a5b3e008ad26b09c62df8da18523f9733d7b34dc500a66b2b,1,2021.09.21.17.53.12_veh-08_01763_01841,us-pa-pittsburgh-hazelwood,us-pa-pittsburgh-hazelwood,True,READY,
train_pittsburgh,/Users/liuqing/Projects/01_E2E_QA_Code/nuplan/dataset/data/cache/train_pittsburgh/2021.09.21.17.53.12_veh-08_01885_02099.db,2021.09.21.17.53.12_veh-08_01885_02099.db,17211392,2022-09-23T05:50:51+00:00,True,bb9292e2ba0ac6dd0635e44292adac8a3830c7282c2f1f8cd8eb399f76931bd2,f3e8031a8672d162aa13124de5c1e415e804443ce550223518c53ba9a5a34f17,4128,2901,86de7b56221cbbe4f7a245002271aea81888486366e9b762fa3ba1f2adeacd8f,1,2021.09.21.17.53.12_veh-08_01885_02099,us-pa-pittsburgh-hazelwood,us-pa-pittsburgh-hazelwood,True,READY,
train_pittsburgh,/Users/liuqing/Projects/01_E2E_QA_Code/nuplan/dataset/data/cache/train_pittsburgh/2021.09.21.17.53.12_veh-08_02162_02346.db,2021.09.21.17.53.12_veh-08_02162_02346.db,15831040,2022-09-23T05:50:51+00:00,True,bb9292e2ba0ac6dd0635e44292adac8a3830c7282c2f1f8cd8eb399f76931bd2,3fb31642355ac637d725053315d6c0e3fd1fecf5b934033926b38d20da1eb729,4096,2353,6bcf6d960ecec5ba35358af71842a3a10b36358a04a21b772d0ace81cbc4a188,1,2021.09.21.17.53.12_veh-08_02162_02346,us-pa-pittsburgh-hazelwood,us-pa-pittsburgh-hazelwood,True,READY,
train_pittsburgh,/Users/liuqing/Projects/01_E2E_QA_Code/nuplan/dataset/data/cache/train_pittsburgh/2021.09.21.17.53.12_veh-08_02362_02425.db,2021.09.21.17.53.12_veh-08_02362_02425.db,7839744,2022-09-23T05:50:51+00:00,True,bb9292e2ba0ac6dd0635e44292adac8a3830c7282c2f1f8cd8eb399f76931bd2,0e02ca23615236c637635faeb667adbc841389b57422be16c3166d2fdb9e071c,1266,456,14ead56685bb38223d4622c8d0a6bb9e4e3dbb3df49a019505c831b568569716,1,2021.09.21.17.53.12_veh-08_02362_02425,us-pa-pittsburgh-hazelwood,us-pa-pittsburgh-hazelwood,True,READY,
train_pittsburgh,/Users/liuqing/Projects/01_E2E_QA_Code/nuplan/dataset/data/cache/train_pittsburgh/2021.09.21.17.53.12_veh-08_02449_02583.db,2021.09.21.17.53.12_veh-08_02449_02583.db,27254784,2022-09-23T05:50:51+00:00,True,bb9292e2ba0ac6dd0635e44292adac8a3830c7282c2f1f8cd8eb399f76931bd2,e81a44970f6cf247a54f41c7bfd01819ac7af57b7ab49177ee579a8dc4894902,2557,1268,5999a74c093bea18a2ba19c8507d9e2f199b2893957a42c61172b884d4cc9ea3,1,2021.09.21.17.53.12_veh-08_02449_02583,us-pa-pittsburgh-hazelwood,us-pa-pittsburgh-hazelwood,True,READY,
train_pittsburgh,/Users/liuqing/Projects/01_E2E_QA_Code/nuplan/dataset/data/cache/train_pittsburgh/2021.09.21.17.53.12_veh-08_02608_02805.db,2021.09.21.17.53.12_veh-08_02608_02805.db,31342592,2022-09-23T05:50:51+00:00,True,bb9292e2ba0ac6dd0635e44292adac8a3830c7282c2f1f8cd8eb399f76931bd2,094ac9d0945d38521b32d0cd61956392aa51c4f6a87ddff6fa4a916009b96d5e,4207,2139,47428210c75c2eeb6b63f72cb4f1d2d3507c2b512d18d9d8df4e3a2e14f11b54,1,2021.09.21.17.53.12_veh-08_02608_02805,us-pa-pittsburgh-hazelwood,us-pa-pittsburgh-hazelwood,True,READY,
train_pittsburgh,/Users/liuqing/Projects/01_E2E_QA_Code/nuplan/dataset/data/cache/train_pittsburgh/2021.09.21.17.53.12_veh-08_02816_03170.db,2021.09.21.17.53.12_veh-08_02816_03170.db,57618432,2022-09-23T05:50:51+00:00,True,bb9292e2ba0ac6dd0635e44292adac8a3830c7282c2f1f8cd8eb399f76931bd2,de66c43fe1dded962523532df4f92d34979c746cd9ec3262c5b133df9c3c1322,7255,4311,a1327ceb8fbe634a0a1b14c7fd1923f52293934d6b1f2cb058f6def288df8213,1,2021.09.21.17.53.12_veh-08_02816_03170,us-pa-pittsburgh-hazelwood,us-pa-pittsburgh-hazelwood,True,READY,
train_pittsburgh,/Users/liuqing/Projects/01_E2E_QA_Code/nuplan/dataset/data/cache/train_pittsburgh/2021.09.21.17.53.12_veh-08_03196_03372.db,2021.09.21.17.53.12_veh-08_03196_03372.db,40742912,2022-09-23T05:50:51+00:00,True,bb9292e2ba0ac6dd0635e44292adac8a3830c7282c2f1f8cd8eb399f76931bd2,957654b5769170624b86a437403cab3c113c0250ff505259c7e079ecfd1630c9,3241,2307,0a647f4e958250eec23ffbea889f21bf3ff9720630ad6e4e33bacadbc9271ee1,1,2021.09.21.17.53.12_veh-08_03196_03372,us-pa-pittsburgh-hazelwood,us-pa-pittsburgh-hazelwood,True,READY,
train_pittsburgh,/Users/liuqing/Projects/01_E2E_QA_Code/nuplan/dataset/data/cache/train_pittsburgh/2021.09.21.18.07.37_veh-45_00016_00092.db,2021.09.21.18.07.37_veh-45_00016_00092.db,7335936,2022-09-23T05:50:51+00:00,True,bb9292e2ba0ac6dd0635e44292adac8a3830c7282c2f1f8cd8eb399f76931bd2,65ca21fee1f1f8ea5d213db99cdaa8a86ecd4e7bcc53ef67c64dc60b9693e776,996,672,e39140c79bf96de346b60c0c5c317c3c1e3b4675b71a878d3ba5ae8eb09911a1,1,2021.09.21.18.07.37_veh-45_00016_00092,us-pa-pittsburgh-hazelwood,us-pa-pittsburgh-hazelwood,True,READY,
train_pittsburgh,/Users/liuqing/Projects/01_E2E_QA_Code/nuplan/dataset/data/cache/train_pittsburgh/2021.09.21.18.07.37_veh-45_00118_00178.db,2021.09.21.18.07.37_veh-45_00118_00178.db,3964928,2022-09-23T05:50:51+00:00,True,bb9292e2ba0ac6dd0635e44292adac8a3830c7282c2f1f8cd8eb399f76931bd2,03a0908e568d855f82cc4e70448e795c83b39841908907b919261710e7c884c4,1197,801,458377a02fdfff582bfd9ae108ddbf2e1310ad6137056e9462e615983ede4909,1,2021.09.21.18.07.37_veh-45_00118_00178,us-pa-pittsburgh-hazelwood,us-pa-pittsburgh-hazelwood,True,READY,
train_pittsburgh,/Users/liuqing/Projects/01_E2E_QA_Code/nuplan/dataset/data/cache/train_pittsburgh/2021.09.21.18.07.37_veh-45_00201_00262.db,2021.09.21.18.07.37_veh-45_00201_00262.db,4030464,2022-09-23T05:50:51+00:00,True,bb9292e2ba0ac6dd0635e44292adac8a3830c7282c2f1f8cd8eb399f76931bd2,c456316a6e263517a0319e164f6af0e6f7e05811fc39430bf78a67e822be326a,1202,912,bc67ea86f46cf7c42b51281c60866cf30e5b99992c3b6f0b6ea42d7ee42e0c7e,1,2021.09.21.18.07.37_veh-45_00201_00262,us-pa-pittsburgh-hazelwood,us-pa-pittsburgh-hazelwood,True,READY,
train_pittsburgh,/Users/liuqing/Projects/01_E2E_QA_Code/nuplan/dataset/data/cache/train_pittsburgh/2021.09.21.18.07.37_veh-45_00286_00391.db,2021.09.21.18.07.37_veh-45_00286_00391.db,6725632,2022-09-23T05:50:51+00:00,True,bb9292e2ba0ac6dd0635e44292adac8a3830c7282c2f1f8cd8eb399f76931bd2,7f6ed882eadd369c97411fea8e3f037025a9625ddd6406ad44680d54d1799cd2,2337,1715,c2d33c0db485d81208d0acfaeb1ac11879901e5f87945b3cd2038ce6f6be81db,1,2021.09.21.18.07.37_veh-45_00286_00391,us-pa-pittsburgh-hazelwood,us-pa-pittsburgh-hazelwood,True,READY,
train_pittsburgh,/Users/liuqing/Projects/01_E2E_QA_Code/nuplan/dataset/data/cache/train_pittsburgh/2021.09.21.18.07.37_veh-45_00438_00626.db,2021.09.21.18.07.37_veh-45_00438_00626.db,20992000,2022-09-23T05:50:51+00:00,True,bb9292e2ba0ac6dd0635e44292adac8a3830c7282c2f1f8cd8eb399f76931bd2,d767ef5ee67d6f8272aaaeb038bebbfa4221a824788dbc125aa7c2576f8b951c,6704,2926,d54e7d058672a5d9948a657355523b8e68fd6d6b63521787ffdc3c155ffeb7d7,1,2021.09.21.18.07.37_veh-45_00438_00626,us-pa-pittsburgh-hazelwood,us-pa-pittsburgh-hazelwood,True,READY,
train_pittsburgh,/Users/liuqing/Projects/01_E2E_QA_Code/nuplan/dataset/data/cache/train_pittsburgh/2021.09.21.18.07.37_veh-45_00652_00895.db,2021.09.21.18.07.37_veh-45_00652_00895.db,36958208,2022-09-23T05:50:51+00:00,True,bb9292e2ba0ac6dd0635e44292adac8a3830c7282c2f1f8cd8eb399f76931bd2,3b36da589ec66bdd1bfecd4251fc3139a5195db51fced22d50fb976f051c9b3e,5991,3016,dfa2535ab2d01ee985361942f7ad65babaa289f8fa2674cd4d19ca4ebc0682b0,1,2021.09.21.18.07.37_veh-45_00652_00895,us-pa-pittsburgh-hazelwood,us-pa-pittsburgh-hazelwood,True,READY,
train_pittsburgh,/Users/liuqing/Projects/01_E2E_QA_Code/nuplan/dataset/data/cache/train_pittsburgh/2021.09.21.18.07.37_veh-45_00914_01090.db,2021.09.21.18.07.37_veh-45_00914_01090.db,23244800,2022-09-23T05:50:51+00:00,True,bb9292e2ba0ac6dd0635e44292adac8a3830c7282c2f1f8cd8eb399f76931bd2,b4b39aaa7875e228ec18dc88bf118c52a574b74a87404589acfcaa21b428d5b6,5319,2566,b0f9c3d95420c8185c22736cb9d2f8d5f3338d3fdbda9d53b86b590e44e99e24,1,2021.09.21.18.07.37_veh-45_00914_01090,us-pa-pittsburgh-hazelwood,us-pa-pittsburgh-hazelwood,True,READY,
train_pittsburgh,/Users/liuqing/Projects/01_E2E_QA_Code/nuplan/dataset/data/cache/train_pittsburgh/2021.09.21.18.07.37_veh-45_01141_01324.db,2021.09.21.18.07.37_veh-45_01141_01324.db,36069376,2022-09-23T05:50:51+00:00,True,bb9292e2ba0ac6dd0635e44292adac8a3830c7282c2f1f8cd8eb399f76931bd2,82282705f5e3ffbb42a101d4a786fa7d2adffa80f0aa29046c3b1e1a99a0ab4b,4301,2575,6df340dc78bc0ba7be18e2f2f924cfa5d94a7c8faeb189cc6f90f21952c3d5ae,1,2021.09.21.18.07.37_veh-45_01141_01324,us-pa-pittsburgh-hazelwood,us-pa-pittsburgh-hazelwood,True,READY,
train_pittsburgh,/Users/liuqing/Projects/01_E2E_QA_Code/nuplan/dataset/data/cache/train_pittsburgh/2021.09.21.18.07.37_veh-45_01346_01639.db,2021.09.21.18.07.37_veh-45_01346_01639.db,58134528,2022-09-23T05:50:51+00:00,True,bb9292e2ba0ac6dd0635e44292adac8a3830c7282c2f1f8cd8eb399f76931bd2,dac9efcc295bab175477e517f72d3e510ef8a6287d15155edcffaacc031374c5,10098,4088,fb83c39e9f6ae122abc8be7d4539939e394a894ae953432e273edb75f69cf3de,1,2021.09.21.18.07.37_veh-45_01346_01639,us-pa-pittsburgh-hazelwood,us-pa-pittsburgh-hazelwood,True,READY,
train_pittsburgh,/Users/liuqing/Projects/01_E2E_QA_Code/nuplan/dataset/data/cache/train_pittsburgh/2021.09.21.18.07.37_veh-45_01666_01816.db,2021.09.21.18.07.37_veh-45_01666_01816.db,17838080,2022-09-23T05:50:51+00:00,True,bb9292e2ba0ac6dd0635e44292adac8a3830c7282c2f1f8cd8eb399f76931bd2,abc024c5ecc70f5a0704bd5b444b162de8f74df4992b377e4f2c353dde214ae2,2617,1794,34c0f9bbd3badc0a8776e0c9a2d70e2f0f53145f48e897f6f0c8de05f67c5947,1,2021.09.21.18.07.37_veh-45_01666_01816,us-pa-pittsburgh-hazelwood,us-pa-pittsburgh-hazelwood,True,READY,
train_pittsburgh,/Users/liuqing/Projects/01_E2E_QA_Code/nuplan/dataset/data/cache/train_pittsburgh/2021.09.21.18.07.37_veh-45_01933_02017.db,2021.09.21.18.07.37_veh-45_01933_02017.db,5062656,2022-09-23T05:50:51+00:00,True,bb9292e2ba0ac6dd0635e44292adac8a3830c7282c2f1f8cd8eb399f76931bd2,7b8fdb601c0f1c7e371198fa858b59916a8f82da9a558caedb64c146281cc743,1873,1294,1415358c8e2b5afc5d12acdbda66675a02383aa5781bba6acae2a1c3df5fe104,1,2021.09.21.18.07.37_veh-45_01933_02017,us-pa-pittsburgh-hazelwood,us-pa-pittsburgh-hazelwood,True,READY,
train_pittsburgh,/Users/liuqing/Projects/01_E2E_QA_Code/nuplan/dataset/data/cache/train_pittsburgh/2021.09.21.18.07.37_veh-45_02117_02288.db,2021.09.21.18.07.37_veh-45_02117_02288.db,12451840,2022-09-23T05:50:51+00:00,True,bb9292e2ba0ac6dd0635e44292adac8a3830c7282c2f1f8cd8eb399f76931bd2,79335b5181feae5bef8c658c0aa2c9821ee19241f337db6b8ce0a13e8ace3344,3063,2050,aac8d649ae31ee486e45f1d2f9eff1daf8cb71893e4e5b9ee4c37da739a9b894,1,2021.09.21.18.07.37_veh-45_02117_02288,us-pa-pittsburgh-hazelwood,us-pa-pittsburgh-hazelwood,True,READY,
train_pittsburgh,/Users/liuqing/Projects/01_E2E_QA_Code/nuplan/dataset/data/cache/train_pittsburgh/2021.09.21.18.07.37_veh-45_02407_02541.db,2021.09.21.18.07.37_veh-45_02407_02541.db,13688832,2022-09-23T05:50:51+00:00,True,bb9292e2ba0ac6dd0635e44292adac8a3830c7282c2f1f8cd8eb399f76931bd2,5170884dbc041f27dea008f98a18d784efc4c48098f680e04c7d369ede7cc109,2134,1119,abc956578dee64ea342613a0fdad82d32e608f487ef6c7231bf5f2ca2dc8b125,1,2021.09.21.18.07.37_veh-45_02407_02541,us-pa-pittsburgh-hazelwood,us-pa-pittsburgh-hazelwood,True,READY,
train_pittsburgh,/Users/liuqing/Projects/01_E2E_QA_Code/nuplan/dataset/data/cache/train_pittsburgh/2021.09.21.18.54.31_veh-45_00016_00108.db,2021.09.21.18.54.31_veh-45_00016_00108.db,14049280,2022-09-23T05:50:52+00:00,True,bb9292e2ba0ac6dd0635e44292adac8a3830c7282c2f1f8cd8eb399f76931bd2,6e7614f7212bbf8a34e7f7f7aa8dce88f37c6b11624d5b38ff01d1e3c8c4a673,2063,983,41e0854003a05f57c3bf384df16da71e2f3def1f9bbc447861f5170bfdc3b639,1,2021.09.21.18.54.31_veh-45_00016_00108,us-pa-pittsburgh-hazelwood,us-pa-pittsburgh-hazelwood,True,READY,
train_pittsburgh,/Users/liuqing/Projects/01_E2E_QA_Code/nuplan/dataset/data/cache/train_pittsburgh/2021.09.21.18.54.31_veh-45_00132_00212.db,2021.09.21.18.54.31_veh-45_00132_00212.db,8912896,2022-09-23T05:50:52+00:00,True,bb9292e2ba0ac6dd0635e44292adac8a3830c7282c2f1f8cd8eb399f76931bd2,3568354f0853bd2f92dd0d28341fc0608fbd2b8dbac5b393cc442da6cdfd0930,1644,775,2027c8e7a0dbf913c6c956bd7cefbdedcbe54de5e219232f1a756086f30a22c0,1,2021.09.21.18.54.31_veh-45_00132_00212,us-pa-pittsburgh-hazelwood,us-pa-pittsburgh-hazelwood,True,READY,
train_pittsburgh,/Users/liuqing/Projects/01_E2E_QA_Code/nuplan/dataset/data/cache/train_pittsburgh/2021.09.21.18.54.31_veh-45_00236_00572.db,2021.09.21.18.54.31_veh-45_00236_00572.db,64913408,2022-09-23T05:50:52+00:00,True,bb9292e2ba0ac6dd0635e44292adac8a3830c7282c2f1f8cd8eb399f76931bd2,81cf85459bdb8474243cb6972e64968628cecb9e541062c1c3fc64ea585809e3,7966,4847,929942a8de0a4067bb86cb899120b0abe5f4341c94fd662e05021f9b052f0d55,1,2021.09.21.18.54.31_veh-45_00236_00572,us-pa-pittsburgh-hazelwood,us-pa-pittsburgh-hazelwood,True,READY,
train_pittsburgh,/Users/liuqing/Projects/01_E2E_QA_Code/nuplan/dataset/data/cache/train_pittsburgh/2021.09.21.18.54.31_veh-45_00595_00815.db,2021.09.21.18.54.31_veh-45_00595_00815.db,25718784,2022-09-23T05:50:52+00:00,True,bb9292e2ba0ac6dd0635e44292adac8a3830c7282c2f1f8cd8eb399f76931bd2,35430aa1514b7e6afdf72df7f8e721ae6d68bd93686478a9cd1f90e99978c140,4800,2528,56bb752e502a14dfb68e992f6aa1227ea96e2aa990f7b4c1906509c0d4aa6a79,1,2021.09.21.18.54.31_veh-45_00595_00815,us-pa-pittsburgh-hazelwood,us-pa-pittsburgh-hazelwood,True,READY,
train_pittsburgh,/Users/liuqing/Projects/01_E2E_QA_Code/nuplan/dataset/data/cache/train_pittsburgh/2021.09.21.18.54.31_veh-45_00894_01246.db,2021.09.21.18.54.31_veh-45_00894_01246.db,63918080,2022-09-23T05:50:52+00:00,True,bb9292e2ba0ac6dd0635e44292adac8a3830c7282c2f1f8cd8eb399f76931bd2,64fa3f7121f89450f3b30bda53a9b473f622ae31c6090e21da1bcf4ee77cbdc4,8458,4718,cc41a4a20d7c78933f76175a563557b41df0056fcb4d4de3427733230dda0d2b,1,2021.09.21.18.54.31_veh-45_00894_01246,us-pa-pittsburgh-hazelwood,us-pa-pittsburgh-hazelwood,True,READY,
train_pittsburgh,/Users/liuqing/Projects/01_E2E_QA_Code/nuplan/dataset/data/cache/train_pittsburgh/2021.09.21.18.54.31_veh-45_01367_01493.db,2021.09.21.18.54.31_veh-45_01367_01493.db,8286208,2022-09-23T05:50:52+00:00,True,bb9292e2ba0ac6dd0635e44292adac8a3830c7282c2f1f8cd8eb399f76931bd2,29a3180ee5633a233b4727fa5c41e54f18d1dbe2f0917b74174e2025c924937b,2612,1886,44a383279aab1d3592dfe8359785f7330e5253dc2f5b4ff0c301d8b2f7b8f419,1,2021.09.21.18.54.31_veh-45_01367_01493,us-pa-pittsburgh-hazelwood,us-pa-pittsburgh-hazelwood,True,READY,
train_pittsburgh,/Users/liuqing/Projects/01_E2E_QA_Code/nuplan/dataset/data/cache/train_pittsburgh/2021.09.21.18.54.31_veh-45_01637_02127.db,2021.09.21.18.54.31_veh-45_01637_02127.db,40529920,2022-09-23T05:50:52+00:00,True,bb9292e2ba0ac6dd0635e44292adac8a3830c7282c2f1f8cd8eb399f76931bd2,f1a4d2379382760e58ed57fedce5258a14fc4263ce596cd760bd4e04357e57ff,9618,6451,baaaf43b8a5540b358d43fcc04f9f18b300e85a79aa33bcf0d330cf70bd5dd7f,1,2021.09.21.18.54.31_veh-45_01637_02127,us-pa-pittsburgh-hazelwood,us-pa-pittsburgh-hazelwood,True,READY,
train_pittsburgh,/Users/liuqing/Projects/01_E2E_QA_Code/nuplan/dataset/data/cache/train_pittsburgh/2021.09.21.18.54.31_veh-45_02138_02345.db,2021.09.21.18.54.31_veh-45_02138_02345.db,31150080,2022-09-23T05:50:52+00:00,True,bb9292e2ba0ac6dd0635e44292adac8a3830c7282c2f1f8cd8eb399f76931bd2,1695250b0938ee02dac687934ee3a54dc30a157bdbba5d27fe11bb13b66b1157,6969,3229,0a9be30a496dc4315f1c0bb337eb1795f18f56cc3ef6db04f740e3bab1dde26e,1,2021.09.21.18.54.31_veh-45_02138_02345,us-pa-pittsburgh-hazelwood,us-pa-pittsburgh-hazelwood,True,READY,
train_pittsburgh,/Users/liuqing/Projects/01_E2E_QA_Code/nuplan/dataset/data/cache/train_pittsburgh/2021.09.21.18.54.31_veh-45_02364_02447.db,2021.09.21.18.54.31_veh-45_02364_02447.db,8675328,2022-09-23T05:50:52+00:00,True,bb9292e2ba0ac6dd0635e44292adac8a3830c7282c2f1f8cd8eb399f76931bd2,2e060f596dfefe0ae20145047b9b066422991a5c84edce608a7a8b013fa8f708,1152,849,2c3fe1aa63f8d3581c5320c6c53727e5f47f5ace784849f5dc484db127e5156b,1,2021.09.21.18.54.31_veh-45_02364_02447,us-pa-pittsburgh-hazelwood,us-pa-pittsburgh-hazelwood,True,READY,
train_pittsburgh,/Users/liuqing/Projects/01_E2E_QA_Code/nuplan/dataset/data/cache/train_pittsburgh/2021.09.21.18.54.31_veh-45_02502_02583.db,2021.09.21.18.54.31_veh-45_02502_02583.db,17539072,2022-09-23T05:50:52+00:00,True,bb9292e2ba0ac6dd0635e44292adac8a3830c7282c2f1f8cd8eb399f76931bd2,e30c9272423e934d441c82b10cdc12bc2c9e4a1ed34a02531867238dbb1f5317,1146,707,10f99022737d04f9b42ae5de426663d66ec570e4fd22e6b35479c7b783ebd779,1,2021.09.21.18.54.31_veh-45_02502_02583,us-pa-pittsburgh-hazelwood,us-pa-pittsburgh-hazelwood,True,READY,
train_pittsburgh,/Users/liuqing/Projects/01_E2E_QA_Code/nuplan/dataset/data/cache/train_pittsburgh/2021.09.21.19.41.31_veh-45_00015_00235.db,2021.09.21.19.41.31_veh-45_00015_00235.db,35975168,2022-09-23T05:50:52+00:00,True,bb9292e2ba0ac6dd0635e44292adac8a3830c7282c2f1f8cd8eb399f76931bd2,e4359bb41f7ab55f9b9435eb6dff265cd357ccd9359e521465b2ca45c2417712,4964,2775,3b4eabb3d08335ab9dc8b3515d76c12e1f38fe0c6aee85183e1cac8f5968035f,1,2021.09.21.19.41.31_veh-45_00015_00235,us-pa-pittsburgh-hazelwood,us-pa-pittsburgh-hazelwood,True,READY,
train_pittsburgh,/Users/liuqing/Projects/01_E2E_QA_Code/nuplan/dataset/data/cache/train_pittsburgh/2021.09.21.19.41.31_veh-45_00285_00503.db,2021.09.21.19.41.31_veh-45_00285_00503.db,41938944,2022-09-23T05:50:52+00:00,True,bb9292e2ba0ac6dd0635e44292adac8a3830c7282c2f1f8cd8eb399f76931bd2,c6638dbf3ef7c18223534598412bfe1bb22f65e1ebfa300f2215eb19a70962dd,5316,2867,227370920929ce6c8734e459b5fce35953405f4d56a7888f4fe0614622c7ffe9,1,2021.09.21.19.41.31_veh-45_00285_00503,us-pa-pittsburgh-hazelwood,us-pa-pittsburgh-hazelwood,True,READY,
train_pittsburgh,/Users/liuqing/Projects/01_E2E_QA_Code/nuplan/dataset/data/cache/train_pittsburgh/2021.09.21.19.41.31_veh-45_00522_00582.db,2021.09.21.19.41.31_veh-45_00522_00582.db,6115328,2022-09-23T05:50:52+00:00,True,bb9292e2ba0ac6dd0635e44292adac8a3830c7282c2f1f8cd8eb399f76931bd2,af9de24a2608c4eefd9f35f1c7b9bc12cff359f7fca83ca832cd967a241a5800,1169,636,1d15c29f4f75694e51220638e15cf2c02fbe8fbb43b376d234d77b76ac33c393,1,2021.09.21.19.41.31_veh-45_00522_00582,us-pa-pittsburgh-hazelwood,us-pa-pittsburgh-hazelwood,True,READY,
train_pittsburgh,/Users/liuqing/Projects/01_E2E_QA_Code/nuplan/dataset/data/cache/train_pittsburgh/2021.09.21.19.41.31_veh-45_00608_01295.db,2021.09.21.19.41.31_veh-45_00608_01295.db,110333952,2022-09-23T05:50:52+00:00,True,bb9292e2ba0ac6dd0635e44292adac8a3830c7282c2f1f8cd8eb399f76931bd2,6243d73f7830e86038860cc20dea8387a208aa9155ffcd81101beb72e8ea9ab7,16008,8684,8dcfc47f37502d1cb04b1437143ffe1d28dc4d02c5b0d30427363b708c7aebac,1,2021.09.21.19.41.31_veh-45_00608_01295,us-pa-pittsburgh-hazelwood,us-pa-pittsburgh-hazelwood,True,READY,
train_pittsburgh,/Users/liuqing/Projects/01_E2E_QA_Code/nuplan/dataset/data/cache/train_pittsburgh/2021.09.21.19.41.31_veh-45_01431_01572.db,2021.09.21.19.41.31_veh-45_01431_01572.db,9953280,2022-09-23T05:50:52+00:00,True,bb9292e2ba0ac6dd0635e44292adac8a3830c7282c2f1f8cd8eb399f76931bd2,d19282d0e7c448776feecaf6fda83e334d22ad613f06c6a47d269092f0732555,3675,2455,fa67a1c96889627796e35b3830422229659afffdabaa846169aef3a775cc030b,1,2021.09.21.19.41.31_veh-45_01431_01572,us-pa-pittsburgh-hazelwood,us-pa-pittsburgh-hazelwood,True,READY,
train_pittsburgh,/Users/liuqing/Projects/01_E2E_QA_Code/nuplan/dataset/data/cache/train_pittsburgh/2021.09.21.19.41.31_veh-45_01642_01766.db,2021.09.21.19.41.31_veh-45_01642_01766.db,9146368,2022-09-23T05:50:52+00:00,True,bb9292e2ba0ac6dd0635e44292adac8a3830c7282c2f1f8cd8eb399f76931bd2,7bebb1f755fa314e57f8f172757946538176302816594e02e1b08788c18ff0af,2579,1684,e8efd1957e73e6adcd3189ccdb74ad99f3189c97a6c53d38b3272b7588df6344,1,2021.09.21.19.41.31_veh-45_01642_01766,us-pa-pittsburgh-hazelwood,us-pa-pittsburgh-hazelwood,True,READY,
train_pittsburgh,/Users/liuqing/Projects/01_E2E_QA_Code/nuplan/dataset/data/cache/train_pittsburgh/2021.09.21.19.41.31_veh-45_01828_02370.db,2021.09.21.19.41.31_veh-45_01828_02370.db,63275008,2022-09-23T05:50:52+00:00,True,bb9292e2ba0ac6dd0635e44292adac8a3830c7282c2f1f8cd8eb399f76931bd2,f132fcc46a39f8f20985fdca073867a18ba666ad84782da34242f6383e020bd9,13372,7580,fc95a84ba68f63a39d085d35bce9f363b798faa22c95035a283cbd3cc5ba9c1e,1,2021.09.21.19.41.31_veh-45_01828_02370,us-pa-pittsburgh-hazelwood,us-pa-pittsburgh-hazelwood,True,READY,
train_pittsburgh,/Users/liuqing/Projects/01_E2E_QA_Code/nuplan/dataset/data/cache/train_pittsburgh/2021.09.21.19.41.31_veh-45_02416_02592.db,2021.09.21.19.41.31_veh-45_02416_02592.db,10911744,2022-09-23T05:50:52+00:00,True,bb9292e2ba0ac6dd0635e44292adac8a3830c7282c2f1f8cd8eb399f76931bd2,3979b955bb4f25bbe68ee51ce8516c05c9e39591b9e15098fa1c0e4bb9d75474,3236,2072,5fb133e34ed1d8a82c6099e628e81156527f0bc266287e6a76259e2532f29589,1,2021.09.21.19.41.31_veh-45_02416_02592,us-pa-pittsburgh-hazelwood,us-pa-pittsburgh-hazelwood,True,READY,
train_pittsburgh,/Users/liuqing/Projects/01_E2E_QA_Code/nuplan/dataset/data/cache/train_pittsburgh/2021.09.21.20.04.35_veh-08_00344_00719.db,2021.09.21.20.04.35_veh-08_00344_00719.db,60399616,2022-09-23T05:50:52+00:00,True,bb9292e2ba0ac6dd0635e44292adac8a3830c7282c2f1f8cd8eb399f76931bd2,a90499c3f9dbc5567840906293d86ba2ea28f81f37b8b03a39b90bd7ea5883ab,9847,5669,3cd0f07a8a1daaba255cfd7f8500b0313c992d3c8dae062e7673c8b71d999739,1,2021.09.21.20.04.35_veh-08_00344_00719,us-pa-pittsburgh-hazelwood,us-pa-pittsburgh-hazelwood,True,READY,
train_pittsburgh,/Users/liuqing/Projects/01_E2E_QA_Code/nuplan/dataset/data/cache/train_pittsburgh/2021.09.21.20.04.35_veh-08_00730_01024.db,2021.09.21.20.04.35_veh-08_00730_01024.db,46346240,2022-09-23T05:50:52+00:00,True,bb9292e2ba0ac6dd0635e44292adac8a3830c7282c2f1f8cd8eb399f76931bd2,926a5f6826bc155c3ea8222ccd50dfb65a08aad27bb368db4496f073d717c349,7531,3944,b6d29aceff424a2e77e2528a7441339aa0cefff9ce52d8ab38f902bb7cf57a69,1,2021.09.21.20.04.35_veh-08_00730_01024,us-pa-pittsburgh-hazelwood,us-pa-pittsburgh-hazelwood,True,READY,
train_pittsburgh,/Users/liuqing/Projects/01_E2E_QA_Code/nuplan/dataset/data/cache/train_pittsburgh/2021.09.21.20.04.35_veh-08_01047_01447.db,2021.09.21.20.04.35_veh-08_01047_01447.db,65548288,2022-09-23T05:50:52+00:00,True,bb9292e2ba0ac6dd0635e44292adac8a3830c7282c2f1f8cd8eb399f76931bd2,ad20408d830916c30349dac9fa000ce6a829df8ba2c2d099e89fcad33fbe82f9,9213,5883,849f7160c52faa449022c09ad202f567ec8e31d10ac07072d9bc9381386cb99b,1,2021.09.21.20.04.35_veh-08_01047_01447,us-pa-pittsburgh-hazelwood,us-pa-pittsburgh-hazelwood,True,READY,
train_pittsburgh,/Users/liuqing/Projects/01_E2E_QA_Code/nuplan/dataset/data/cache/train_pittsburgh/2021.09.21.20.04.35_veh-08_01465_01640.db,2021.09.21.20.04.35_veh-08_01465_01640.db,13987840,2022-09-23T05:50:52+00:00,True,bb9292e2ba0ac6dd0635e44292adac8a3830c7282c2f1f8cd8eb399f76931bd2,1a73d433da572f3aa8585857f47eb5fa4eb51064da38c55b88f0023306fe7808,4140,2423,2603b90c191f01be22079cabbd7e1a97d8140d9d95d45e2d1d7156da0591e55c,1,2021.09.21.20.04.35_veh-08_01465_01640,us-pa-pittsburgh-hazelwood,us-pa-pittsburgh-hazelwood,True,READY,
train_pittsburgh,/Users/liuqing/Projects/01_E2E_QA_Code/nuplan/dataset/data/cache/train_pittsburgh/2021.09.21.20.04.35_veh-08_01935_02511.db,2021.09.21.20.04.35_veh-08_01935_02511.db,77778944,2022-09-23T05:50:52+00:00,True,bb9292e2ba0ac6dd0635e44292adac8a3830c7282c2f1f8cd8eb399f76931bd2,f4b0c18f32be4a3fc8895cf374fb17e02e186ffe1e709fc9c24ee3bffb854dd4,12564,7601,a895a5c3e30ed27b00e62b3ce5bc061a92f08e09e4530c73eafa424f69514f41,1,2021.09.21.20.04.35_veh-08_01935_02511,us-pa-pittsburgh-hazelwood,us-pa-pittsburgh-hazelwood,True,READY,
train_pittsburgh,/Users/liuqing/Projects/01_E2E_QA_Code/nuplan/dataset/data/cache/train_pittsburgh/2021.09.21.20.04.35_veh-08_02530_03191.db,2021.09.21.20.04.35_veh-08_02530_03191.db,126935040,2022-09-23T05:50:52+00:00,True,bb9292e2ba0ac6dd0635e44292adac8a3830c7282c2f1f8cd8eb399f76931bd2,493f77a8b660d25b53084aef105df2b5ef967a13377113d338ec2f6b74c93944,15077,9059,cbfd5c6ef65f556f953ce27bf1232a219e5ab64e65974cbe77b29e326076fbdd,1,2021.09.21.20.04.35_veh-08_02530_03191,us-pa-pittsburgh-hazelwood,us-pa-pittsburgh-hazelwood,True,READY,
train_pittsburgh,/Users/liuqing/Projects/01_E2E_QA_Code/nuplan/dataset/data/cache/train_pittsburgh/2021.09.21.20.04.35_veh-08_03266_03333.db,2021.09.21.20.04.35_veh-08_03266_03333.db,6520832,2022-09-23T05:50:52+00:00,True,bb9292e2ba0ac6dd0635e44292adac8a3830c7282c2f1f8cd8eb399f76931bd2,54b862e58de105c14880e32b1ecf7e2f9d6cde75f68a5469091323e0400812cc,1596,785,f51ed13363a693c4c3a5fd17f8d88a720a19b0fe930c9be343b05028ae0aee83,1,2021.09.21.20.04.35_veh-08_03266_03333,us-pa-pittsburgh-hazelwood,us-pa-pittsburgh-hazelwood,True,READY,
train_pittsburgh,/Users/liuqing/Projects/01_E2E_QA_Code/nuplan/dataset/data/cache/train_pittsburgh/2021.09.21.20.04.35_veh-08_03344_03472.db,2021.09.21.20.04.35_veh-08_03344_03472.db,8994816,2022-09-23T05:50:52+00:00,True,bb9292e2ba0ac6dd0635e44292adac8a3830c7282c2f1f8cd8eb399f76931bd2,de2d54586c752d7ef1ce943ffd7429b79960e30441b104b07b0934eb15c7536a,3193,2043,6c2e6c6f323bb0897cebdac994987a20d86bbace95a4bb48b183839470a31f09,1,2021.09.21.20.04.35_veh-08_03344_03472,us-pa-pittsburgh-hazelwood,us-pa-pittsburgh-hazelwood,True,READY,
train_pittsburgh,/Users/liuqing/Projects/01_E2E_QA_Code/nuplan/dataset/data/cache/train_pittsburgh/2021.09.21.20.37.06_veh-45_00016_00080.db,2021.09.21.20.37.06_veh-45_00016_00080.db,4419584,2022-09-23T05:50:52+00:00,True,bb9292e2ba0ac6dd0635e44292adac8a3830c7282c2f1f8cd8eb399f76931bd2,70c02b9848a2b14171887765e8e074ce311c677d0d965e9554a6cda16b7ded21,1430,974,03d9c83bd532b6636c517b6f4f2fbec65533a71e8720e2a6d1bee4981177cb97,1,2021.09.21.20.37.06_veh-45_00016_00080,us-pa-pittsburgh-hazelwood,us-pa-pittsburgh-hazelwood,True,READY,
train_pittsburgh,/Users/liuqing/Projects/01_E2E_QA_Code/nuplan/dataset/data/cache/train_pittsburgh/2021.09.21.20.37.06_veh-45_00155_00357.db,2021.09.21.20.37.06_veh-45_00155_00357.db,21147648,2022-09-23T05:50:52+00:00,True,bb9292e2ba0ac6dd0635e44292adac8a3830c7282c2f1f8cd8eb399f76931bd2,fe8e96bdb4ec41ad85892dfebee99eccceb2150263ce37e033cc807b74b55341,4541,2765,92cb0a77799b212a03d853ef9d1fde0b02a97fee2594f73d8f86a56f43a67f8e,1,2021.09.21.20.37.06_veh-45_00155_00357,us-pa-pittsburgh-hazelwood,us-pa-pittsburgh-hazelwood,True,READY,
train_pittsburgh,/Users/liuqing/Projects/01_E2E_QA_Code/nuplan/dataset/data/cache/train_pittsburgh/2021.09.21.20.37.06_veh-45_00379_00688.db,2021.09.21.20.37.06_veh-45_00379_00688.db,65241088,2022-09-23T05:50:52+00:00,True,bb9292e2ba0ac6dd0635e44292adac8a3830c7282c2f1f8cd8eb399f76931bd2,0b912a4b57e109b6201ab6bd35e52f3e2fe1b1e1057001e69fab55bbb42c301b,7315,3864,0f43902c5763b05f18eefe09f5c1da1f49fad341a58b514e5f18527611feb82b,1,2021.09.21.20.37.06_veh-45_00379_00688,us-pa-pittsburgh-hazelwood,us-pa-pittsburgh-hazelwood,True,READY,
train_pittsburgh,/Users/liuqing/Projects/01_E2E_QA_Code/nuplan/dataset/data/cache/train_pittsburgh/2021.09.21.20.37.06_veh-45_00710_00958.db,2021.09.21.20.37.06_veh-45_00710_00958.db,50585600,2022-09-23T05:50:52+00:00,True,bb9292e2ba0ac6dd0635e44292adac8a3830c7282c2f1f8cd8eb399f76931bd2,b53cc7c1c6701ea40c6d78177b07cac9bc52c76140f8dd166fdb96a8c99b5356,6545,3227,d9b70ea467cbb32903a05b84b811223b5982e75aa00c24f910676b89dbf50f1a,1,2021.09.21.20.37.06_veh-45_00710_00958,us-pa-pittsburgh-hazelwood,us-pa-pittsburgh-hazelwood,True,READY,
train_pittsburgh,/Users/liuqing/Projects/01_E2E_QA_Code/nuplan/dataset/data/cache/train_pittsburgh/2021.09.21.20.37.06_veh-45_01013_01084.db,2021.09.21.20.37.06_veh-45_01013_01084.db,10657792,2022-09-23T05:50:52+00:00,True,bb9292e2ba0ac6dd0635e44292adac8a3830c7282c2f1f8cd8eb399f76931bd2,c61f580f2b18d1b3eaa9ea5da53f583e69e9850b26c3ec28a9494fda27b84fce,1479,906,928732dd87f5876a78669127cb5bcf8b1ca3bf3c16a17ca78a8de58851e2b45e,1,2021.09.21.20.37.06_veh-45_01013_01084,us-pa-pittsburgh-hazelwood,us-pa-pittsburgh-hazelwood,True,READY,
train_pittsburgh,/Users/liuqing/Projects/01_E2E_QA_Code/nuplan/dataset/data/cache/train_pittsburgh/2021.09.21.20.37.06_veh-45_01102_01228.db,2021.09.21.20.37.06_veh-45_01102_01228.db,15425536,2022-09-23T05:50:52+00:00,True,bb9292e2ba0ac6dd0635e44292adac8a3830c7282c2f1f8cd8eb399f76931bd2,da36cfb6aa821e40bd9ab2e8fb7e70524af742a0c12ddf2c47d5fca948cde231,2976,1741,57f17f56ec18dd092aff6d65b9dba65b66a9476dbd15fa65d56d5046da062e92,1,2021.09.21.20.37.06_veh-45_01102_01228,us-pa-pittsburgh-hazelwood,us-pa-pittsburgh-hazelwood,True,READY,
train_pittsburgh,/Users/liuqing/Projects/01_E2E_QA_Code/nuplan/dataset/data/cache/train_pittsburgh/2021.09.21.20.37.06_veh-45_01268_01566.db,2021.09.21.20.37.06_veh-45_01268_01566.db,63868928,2022-09-23T05:50:52+00:00,True,bb9292e2ba0ac6dd0635e44292adac8a3830c7282c2f1f8cd8eb399f76931bd2,d42b0a1a9a401e41ad5f6350bf473cef9102ba98ff0c4cac3299b4f72039b1ab,10697,4118,56ddd2168c4bdde65fda89924f52724b81b1c3f56f419f19a4c6c71a1e46b202,1,2021.09.21.20.37.06_veh-45_01268_01566,us-pa-pittsburgh-hazelwood,us-pa-pittsburgh-hazelwood,True,READY,
train_pittsburgh,/Users/liuqing/Projects/01_E2E_QA_Code/nuplan/dataset/data/cache/train_pittsburgh/2021.09.21.20.37.06_veh-45_01589_01678.db,2021.09.21.20.37.06_veh-45_01589_01678.db,13590528,2022-09-23T05:50:52+00:00,True,bb9292e2ba0ac6dd0635e44292adac8a3830c7282c2f1f8cd8eb399f76931bd2,ae8715c3fb869fd5dca9c97b736508693f9b752d9e5f795ef383bdfbaffcb143,1885,1170,67daadfbdba4f2adcb293a28443a50a04f863af313a784dc8b9fc0c28166bfbc,1,2021.09.21.20.37.06_veh-45_01589_01678,us-pa-pittsburgh-hazelwood,us-pa-pittsburgh-hazelwood,True,READY,
train_pittsburgh,/Users/liuqing/Projects/01_E2E_QA_Code/nuplan/dataset/data/cache/train_pittsburgh/2021.09.21.20.37.06_veh-45_01696_01802.db,2021.09.21.20.37.06_veh-45_01696_01802.db,11698176,2022-09-23T05:50:52+00:00,True,bb9292e2ba0ac6dd0635e44292adac8a3830c7282c2f1f8cd8eb399f76931bd2,aaeee214ab34f8aca1e6e63eba4738208438d762d0bd5801dc71d78096228db4,1943,1495,59a897c60d0d21fbabe79189e95ca6a4ce6cfc5db9c17db23d96f728ca7a83b8,1,2021.09.21.20.37.06_veh-45_01696_01802,us-pa-pittsburgh-hazelwood,us-pa-pittsburgh-hazelwood,True,READY,
train_pittsburgh,/Users/liuqing/Projects/01_E2E_QA_Code/nuplan/dataset/data/cache/train_pittsburgh/2021.09.21.20.37.06_veh-45_01871_01958.db,2021.09.21.20.37.06_veh-45_01871_01958.db,18108416,2022-09-23T05:50:52+00:00,True,bb9292e2ba0ac6dd0635e44292adac8a3830c7282c2f1f8cd8eb399f76931bd2,df0499d269c5aae2354acda0ef267eaa4f20454a13300e12a3c0d8b61cda03c6,882,870,07ceadd2f19e9956e856e8eaafc24e6f3989d4209a68a2dc3d400b69051e5729,1,2021.09.21.20.37.06_veh-45_01871_01958,us-pa-pittsburgh-hazelwood,us-pa-pittsburgh-hazelwood,True,READY,
train_pittsburgh,/Users/liuqing/Projects/01_E2E_QA_Code/nuplan/dataset/data/cache/train_pittsburgh/2021.09.23.13.07.52_veh-45_00355_00848.db,2021.09.23.13.07.52_veh-45_00355_00848.db,62992384,2022-09-23T05:51:00+00:00,True,bb9292e2ba0ac6dd0635e44292adac8a3830c7282c2f1f8cd8eb399f76931bd2,7d6e763ea4f11dca7f3097c0493267ea11ece1989e19f8efc031302bc1d2d697,11001,6607,dad6523cbf051cfe9b39e108f88816dac75575f89cf18c7718f4a4c0c9fa6474,1,2021.09.23.13.07.52_veh-45_00355_00848,us-pa-pittsburgh-hazelwood,us-pa-pittsburgh-hazelwood,True,READY,
train_pittsburgh,/Users/liuqing/Projects/01_E2E_QA_Code/nuplan/dataset/data/cache/train_pittsburgh/2021.09.23.13.07.52_veh-45_00951_01100.db,2021.09.23.13.07.52_veh-45_00951_01100.db,18018304,2022-09-23T05:51:00+00:00,True,bb9292e2ba0ac6dd0635e44292adac8a3830c7282c2f1f8cd8eb399f76931bd2,9ba90666e1a9afb45d95ba47750a0df700f2c59e598db123d56d47c3d49c139a,5603,2066,7b4d071c7882630bff4b1c778378d2d4ca500dbfd8332b77563130485413605b,1,2021.09.23.13.07.52_veh-45_00951_01100,us-pa-pittsburgh-hazelwood,us-pa-pittsburgh-hazelwood,True,READY,
train_pittsburgh,/Users/liuqing/Projects/01_E2E_QA_Code/nuplan/dataset/data/cache/train_pittsburgh/2021.09.23.13.07.52_veh-45_01211_01750.db,2021.09.23.13.07.52_veh-45_01211_01750.db,75694080,2022-09-23T05:51:00+00:00,True,bb9292e2ba0ac6dd0635e44292adac8a3830c7282c2f1f8cd8eb399f76931bd2,886c1e91a118fb069c638510870935a5ee48cc435ae51cc50c3569d9594d492e,12304,7312,dee6288c1a846972619f93a1ebcec7b3df6bbc90cb8f137041e3ac9be84ccea3,1,2021.09.23.13.07.52_veh-45_01211_01750,us-pa-pittsburgh-hazelwood,us-pa-pittsburgh-hazelwood,True,READY,
train_pittsburgh,/Users/liuqing/Projects/01_E2E_QA_Code/nuplan/dataset/data/cache/train_pittsburgh/2021.09.23.13.07.52_veh-45_01855_01969.db,2021.09.23.13.07.52_veh-45_01855_01969.db,8654848,2022-09-23T05:51:00+00:00,True,bb9292e2ba0ac6dd0635e44292adac8a3830c7282c2f1f8cd8eb399f76931bd2,9badab34f092c901e24da14045ae73d42d24fe7a4ee9d782ea1a7499013be34c,2596,1897,ad9fc53c2ce329f349076339a705e6b793a9f63d0e615cc2d4c86f8af914f74d,1,2021.09.23.13.07.52_veh-45_01855_01969,us-pa-pittsburgh-hazelwood,us-pa-pittsburgh-hazelwood,True,READY,
train_pittsburgh,/Users/liuqing/Projects/01_E2E_QA_Code/nuplan/dataset/data/cache/train_pittsburgh/2021.09.23.13.07.52_veh-45_02125_02232.db,2021.09.23.13.07.52_veh-45_02125_02232.db,9048064,2022-09-23T05:51:00+00:00,True,bb9292e2ba0ac6dd0635e44292adac8a3830c7282c2f1f8cd8eb399f76931bd2,b1471524920bd20021faf9e0c322c1f6eebf852e620b217136d5d5139943e6aa,2109,1408,dbc63a6ab2c6be16b9d1d4487f82c1a7ed121b1cf903702cea62b207ff5099ae,1,2021.09.23.13.07.52_veh-45_02125_02232,us-pa-pittsburgh-hazelwood,us-pa-pittsburgh-hazelwood,True,READY,
train_pittsburgh,/Users/liuqing/Projects/01_E2E_QA_Code/nuplan/dataset/data/cache/train_pittsburgh/2021.09.23.13.07.52_veh-45_02341_02549.db,2021.09.23.13.07.52_veh-45_02341_02549.db,28282880,2022-09-23T05:51:00+00:00,True,bb9292e2ba0ac6dd0635e44292adac8a3830c7282c2f1f8cd8eb399f76931bd2,507cebc5dd1d0739f469c187b07cb32340cd4342c122754c25eea9a3633aef4d,6185,2500,bad1e889d905737b8c57d3856485ab3df039d8c8b2b6e3b25b24aba4111f38ab,1,2021.09.23.13.07.52_veh-45_02341_02549,us-pa-pittsburgh-hazelwood,us-pa-pittsburgh-hazelwood,True,READY,
train_pittsburgh,/Users/liuqing/Projects/01_E2E_QA_Code/nuplan/dataset/data/cache/train_pittsburgh/2021.09.23.13.54.40_veh-45_00068_00226.db,2021.09.23.13.54.40_veh-45_00068_00226.db,21934080,2022-09-23T05:51:00+00:00,True,bb9292e2ba0ac6dd0635e44292adac8a3830c7282c2f1f8cd8eb399f76931bd2,e58e6451bf03712800349055710d70766d003d78bc0e8e0519363b54f32418c5,3670,2560,60ac01d22cb26ebd08eb97989532802abba6b9024e80cc97eeac53b62b2008b9,1,2021.09.23.13.54.40_veh-45_00068_00226,us-pa-pittsburgh-hazelwood,us-pa-pittsburgh-hazelwood,True,READY,
train_pittsburgh,/Users/liuqing/Projects/01_E2E_QA_Code/nuplan/dataset/data/cache/train_pittsburgh/2021.09.23.13.54.40_veh-45_00336_00398.db,2021.09.23.13.54.40_veh-45_00336_00398.db,7639040,2022-09-23T05:51:00+00:00,True,bb9292e2ba0ac6dd0635e44292adac8a3830c7282c2f1f8cd8eb399f76931bd2,d32e1163076083e851b3971afb0762aee49885db70db4793f8359d2c332225e3,1188,534,c2e8d61c630a3808499264228072ae947da8987a9070a1e736d845a7cfe1483e,1,2021.09.23.13.54.40_veh-45_00336_00398,us-pa-pittsburgh-hazelwood,us-pa-pittsburgh-hazelwood,True,READY,
train_pittsburgh,/Users/liuqing/Projects/01_E2E_QA_Code/nuplan/dataset/data/cache/train_pittsburgh/2021.09.23.13.54.40_veh-45_00472_00747.db,2021.09.23.13.54.40_veh-45_00472_00747.db,28696576,2022-09-23T05:51:00+00:00,True,bb9292e2ba0ac6dd0635e44292adac8a3830c7282c2f1f8cd8eb399f76931bd2,92584f46b347fd807fb6f18cad207f13fecadd236a66896ca9a57aee3d362548,7748,3743,5f783e53b0a0573248b24278d2031164d514c0ab8bc5de421545fea5a0c48a30,1,2021.09.23.13.54.40_veh-45_00472_00747,us-pa-pittsburgh-hazelwood,us-pa-pittsburgh-hazelwood,True,READY,
train_pittsburgh,/Users/liuqing/Projects/01_E2E_QA_Code/nuplan/dataset/data/cache/train_pittsburgh/2021.09.23.13.54.40_veh-45_00788_00903.db,2021.09.23.13.54.40_veh-45_00788_00903.db,20656128,2022-09-23T05:51:00+00:00,True,bb9292e2ba0ac6dd0635e44292adac8a3830c7282c2f1f8cd8eb399f76931bd2,160f74c52e0f6a7597e90be721d78f1e19af72d342c5e09171e6b45b9a3fa907,2628,1423,3ff8364bf349538a83acd696377c23c297dcf9fa65cf6baee39e4087a9596cde,1,2021.09.23.13.54.40_veh-45_00788_00903,us-pa-pittsburgh-hazelwood,us-pa-pittsburgh-hazelwood,True,READY,
train_pittsburgh,/Users/liuqing/Projects/01_E2E_QA_Code/nuplan/dataset/data/cache/train_pittsburgh/2021.09.23.13.54.40_veh-45_00929_01047.db,2021.09.23.13.54.40_veh-45_00929_01047.db,22802432,2022-09-23T05:51:00+00:00,True,bb9292e2ba0ac6dd0635e44292adac8a3830c7282c2f1f8cd8eb399f76931bd2,0d14770f8ca272867a520ee4d212aecec1a997f0100f7f6b4e8069cd5a47209c,5323,1946,8f32697fef468c04d13de4eaf104c255e097d3ac75753da3fa61395cc7cd4287,1,2021.09.23.13.54.40_veh-45_00929_01047,us-pa-pittsburgh-hazelwood,us-pa-pittsburgh-hazelwood,True,READY,
train_pittsburgh,/Users/liuqing/Projects/01_E2E_QA_Code/nuplan/dataset/data/cache/train_pittsburgh/2021.09.23.13.54.40_veh-45_01075_01256.db,2021.09.23.13.54.40_veh-45_01075_01256.db,17649664,2022-09-23T05:51:00+00:00,True,bb9292e2ba0ac6dd0635e44292adac8a3830c7282c2f1f8cd8eb399f76931bd2,0d55fd18d88b7076e8796776bdc90e3065e717e60e5069e6484e2b6b6b1766ba,4468,2393,d292d5aa127143a2006da720ba98465ac4276aa159d38480e5a2e2d977713e25,1,2021.09.23.13.54.40_veh-45_01075_01256,us-pa-pittsburgh-hazelwood,us-pa-pittsburgh-hazelwood,True,READY,
train_pittsburgh,/Users/liuqing/Projects/01_E2E_QA_Code/nuplan/dataset/data/cache/train_pittsburgh/2021.09.23.13.54.40_veh-45_01383_01932.db,2021.09.23.13.54.40_veh-45_01383_01932.db,77053952,2022-09-23T05:51:00+00:00,True,bb9292e2ba0ac6dd0635e44292adac8a3830c7282c2f1f8cd8eb399f76931bd2,dd2105c24592afd9382ed94574e1fb9e1d8836ca2af5d17026d4fc6364049f71,14216,8167,ec504d6355bfdcbec7eae4da8afd54c8e4bf784ee64245848b17a40f6517aeab,1,2021.09.23.13.54.40_veh-45_01383_01932,us-pa-pittsburgh-hazelwood,us-pa-pittsburgh-hazelwood,True,READY,
train_pittsburgh,/Users/liuqing/Projects/01_E2E_QA_Code/nuplan/dataset/data/cache/train_pittsburgh/2021.09.23.13.54.40_veh-45_02026_02129.db,2021.09.23.13.54.40_veh-45_02026_02129.db,7262208,2022-09-23T05:51:00+00:00,True,bb9292e2ba0ac6dd0635e44292adac8a3830c7282c2f1f8cd8eb399f76931bd2,82520f51c53290c8d12b031a8d38ae98012ab2912eda3884db42afa010520a6d,2623,1767,f83fc5bbe9d6ba24223db1e9dea15ede6c52bed36495a7caf16041fe2507982b,1,2021.09.23.13.54.40_veh-45_02026_02129,us-pa-pittsburgh-hazelwood,us-pa-pittsburgh-hazelwood,True,READY,
train_pittsburgh,/Users/liuqing/Projects/01_E2E_QA_Code/nuplan/dataset/data/cache/train_pittsburgh/2021.09.23.13.54.40_veh-45_02221_02295.db,2021.09.23.13.54.40_veh-45_02221_02295.db,5066752,2022-09-23T05:51:00+00:00,True,bb9292e2ba0ac6dd0635e44292adac8a3830c7282c2f1f8cd8eb399f76931bd2,ed69c81826b91f26e86be50351fe4b737fb084d2caf99cd213729768cda2c3bf,1067,682,7e5e9e3b810ff819a84c782234fe1caae51caf7e7f98d6b367049021b7adc1fc,1,2021.09.23.13.54.40_veh-45_02221_02295,us-pa-pittsburgh-hazelwood,us-pa-pittsburgh-hazelwood,True,READY,
train_pittsburgh,/Users/liuqing/Projects/01_E2E_QA_Code/nuplan/dataset/data/cache/train_pittsburgh/2021.09.23.14.44.24_veh-45_00151_00217.db,2021.09.23.14.44.24_veh-45_00151_00217.db,3903488,2022-09-23T05:51:00+00:00,True,bb9292e2ba0ac6dd0635e44292adac8a3830c7282c2f1f8cd8eb399f76931bd2,9b334796c273a1f7bcfbf551887aefe359d1404264d5f749b86b8337337989ec,1480,895,ec6e6e1af5368924db684655c8e2feedaf2bb7785334423675c2afdecd5e8b17,1,2021.09.23.14.44.24_veh-45_00151_00217,us-pa-pittsburgh-hazelwood,us-pa-pittsburgh-hazelwood,True,READY,
train_pittsburgh,/Users/liuqing/Projects/01_E2E_QA_Code/nuplan/dataset/data/cache/train_pittsburgh/2021.09.23.14.44.24_veh-45_00246_00328.db,2021.09.23.14.44.24_veh-45_00246_00328.db,5787648,2022-09-23T05:51:00+00:00,True,bb9292e2ba0ac6dd0635e44292adac8a3830c7282c2f1f8cd8eb399f76931bd2,e9f248fa73b89c5af82ae75a572a93ff83e7c7a6e095015fc2b7f6a9d29b003a,2022,1444,ebc5f1dd669fe962d90e00e88608f9a524682b97dd5e14af4281480b732167f7,1,2021.09.23.14.44.24_veh-45_00246_00328,us-pa-pittsburgh-hazelwood,us-pa-pittsburgh-hazelwood,True,READY,
train_pittsburgh,/Users/liuqing/Projects/01_E2E_QA_Code/nuplan/dataset/data/cache/train_pittsburgh/2021.09.23.14.44.24_veh-45_00353_01052.db,2021.09.23.14.44.24_veh-45_00353_01052.db,81944576,2022-09-23T05:51:00+00:00,True,bb9292e2ba0ac6dd0635e44292adac8a3830c7282c2f1f8cd8eb399f76931bd2,e7426fa01a696c9e190f45a8bd6f42eab151f06612acdd87895bf4082f775b66,17931,9210,d41d5dbeba2b537329c4eda0fe5266412cfe48b5148d57ade3f14d4e33cc8865,1,2021.09.23.14.44.24_veh-45_00353_01052,us-pa-pittsburgh-hazelwood,us-pa-pittsburgh-hazelwood,True,READY,
train_pittsburgh,/Users/liuqing/Projects/01_E2E_QA_Code/nuplan/dataset/data/cache/train_pittsburgh/2021.09.23.14.44.24_veh-45_01116_01383.db,2021.09.23.14.44.24_veh-45_01116_01383.db,42332160,2022-09-23T05:51:00+00:00,True,bb9292e2ba0ac6dd0635e44292adac8a3830c7282c2f1f8cd8eb399f76931bd2,e16194c6d6b04b14b7b30185bcdeff927be8a3e97a5bfcf6d655674c573e30b8,7305,4088,ea055500bab6147790d08e02afd1d29ae637837a3dbc6d876f0663950c79e604,1,2021.09.23.14.44.24_veh-45_01116_01383,us-pa-pittsburgh-hazelwood,us-pa-pittsburgh-hazelwood,True,READY,
train_pittsburgh,/Users/liuqing/Projects/01_E2E_QA_Code/nuplan/dataset/data/cache/train_pittsburgh/2021.09.23.14.44.24_veh-45_01406_01497.db,2021.09.23.14.44.24_veh-45_01406_01497.db,20664320,2022-09-23T05:51:00+00:00,True,bb9292e2ba0ac6dd0635e44292adac8a3830c7282c2f1f8cd8eb399f76931bd2,8c2c7fcd5b75ffb5305a7c9ccd0f589bb07162281688c5925ac85530514232be,1946,840,a737f3d8eb4e6ebb1c83fa1c1ddb7a7934c8700df98df5d613c5df14c72fa706,1,2021.09.23.14.44.24_veh-45_01406_01497,us-pa-pittsburgh-hazelwood,us-pa-pittsburgh-hazelwood,True,READY,
train_pittsburgh,/Users/liuqing/Projects/01_E2E_QA_Code/nuplan/dataset/data/cache/train_pittsburgh/2021.09.23.14.44.24_veh-45_01525_02132.db,2021.09.23.14.44.24_veh-45_01525_02132.db,99291136,2022-09-23T05:51:00+00:00,True,bb9292e2ba0ac6dd0635e44292adac8a3830c7282c2f1f8cd8eb399f76931bd2,458f2ffe384f5b5a2a6eb57bd012f7bee6cd4d3ad6aa975a4a74b3af62102a06,15443,8032,adaf589e26dc2641582d26f1471659a1c0fae8a1b1d34fcf77f2c1a22c73ba92,1,2021.09.23.14.44.24_veh-45_01525_02132,us-pa-pittsburgh-hazelwood,us-pa-pittsburgh-hazelwood,True,READY,
train_pittsburgh,/Users/liuqing/Projects/01_E2E_QA_Code/nuplan/dataset/data/cache/train_pittsburgh/2021.09.23.14.44.24_veh-45_02179_02379.db,2021.09.23.14.44.24_veh-45_02179_02379.db,36691968,2022-09-23T05:51:00+00:00,True,bb9292e2ba0ac6dd0635e44292adac8a3830c7282c2f1f8cd8eb399f76931bd2,2435e6117b523e4e85523d10fea8f960346218750912e666c6504646991ca1a1,7019,3178,32007d7a5f7d196cffe29a6fc4d066dfc98fd85f9f06d2c03d42c7febafdcabd,1,2021.09.23.14.44.24_veh-45_02179_02379,us-pa-pittsburgh-hazelwood,us-pa-pittsburgh-hazelwood,True,READY,
train_pittsburgh,/Users/liuqing/Projects/01_E2E_QA_Code/nuplan/dataset/data/cache/train_pittsburgh/2021.09.23.14.44.24_veh-45_02409_02720.db,2021.09.23.14.44.24_veh-45_02409_02720.db,53350400,2022-09-23T05:51:00+00:00,True,bb9292e2ba0ac6dd0635e44292adac8a3830c7282c2f1f8cd8eb399f76931bd2,eedda1ed1a8a29c366bf45c643a03d618f8065ce657f3d1d440fc57fbe1c97f2,7268,3812,4d269a5e84f680e47edd4efcd04dff5e3db60df6afb3c5ee73557a7622370694,1,2021.09.23.14.44.24_veh-45_02409_02720,us-pa-pittsburgh-hazelwood,us-pa-pittsburgh-hazelwood,True,READY,
train_pittsburgh,/Users/liuqing/Projects/01_E2E_QA_Code/nuplan/dataset/data/cache/train_pittsburgh/2021.09.23.17.03.56_veh-45_00007_00143.db,2021.09.23.17.03.56_veh-45_00007_00143.db,11538432,2022-09-23T05:51:00+00:00,True,bb9292e2ba0ac6dd0635e44292adac8a3830c7282c2f1f8cd8eb399f76931bd2,eb3abd9465bbd0ce264e893b3a51b68b23fe0251a9ba62bd053465841fda1734,2170,1593,27aabcb8407a88f5b02706bebf5a9dfaed92348ebce571bdbcb9972157e3e4a9,1,2021.09.23.17.03.56_veh-45_00007_00143,us-pa-pittsburgh-hazelwood,us-pa-pittsburgh-hazelwood,True,READY,
train_pittsburgh,/Users/liuqing/Projects/01_E2E_QA_Code/nuplan/dataset/data/cache/train_pittsburgh/2021.09.23.17.03.56_veh-45_00277_00348.db,2021.09.23.17.03.56_veh-45_00277_00348.db,4706304,2022-09-23T05:51:00+00:00,True,bb9292e2ba0ac6dd0635e44292adac8a3830c7282c2f1f8cd8eb399f76931bd2,07c3a410cbfa8138333873ad4941b6327915fb5322f3914dcda57aeec05055c5,1841,1238,b31417715624925cf33fd997fe1c3082d926d4c5c68434ff74db734ee82ce195,1,2021.09.23.17.03.56_veh-45_00277_00348,us-pa-pittsburgh-hazelwood,us-pa-pittsburgh-hazelwood,True,READY,
train_pittsburgh,/Users/liuqing/Projects/01_E2E_QA_Code/nuplan/dataset/data/cache/train_pittsburgh/2021.09.23.17.03.56_veh-45_00376_00623.db,2021.09.23.17.03.56_veh-45_00376_00623.db,24625152,2022-09-23T05:51:00+00:00,True,bb9292e2ba0ac6dd0635e44292adac8a3830c7282c2f1f8cd8eb399f76931bd2,217f50976422faaec4e9a98ae3154f22c6687fc6ab333e89ef3afc1abe2673a2,4678,2762,30b55e98b735fc399fece7f26a66be6fb255fd37ec800ffb8c530ba5d95d5623,1,2021.09.23.17.03.56_veh-45_00376_00623,us-pa-pittsburgh-hazelwood,us-pa-pittsburgh-hazelwood,True,READY,
train_pittsburgh,/Users/liuqing/Projects/01_E2E_QA_Code/nuplan/dataset/data/cache/train_pittsburgh/2021.09.23.17.03.56_veh-45_00645_00872.db,2021.09.23.17.03.56_veh-45_00645_00872.db,40177664,2022-09-23T05:51:00+00:00,True,bb9292e2ba0ac6dd0635e44292adac8a3830c7282c2f1f8cd8eb399f76931bd2,134716b4f0739dd54a2d5f7941be5c846f63afaf133c0a69c1289fec8fae0590,5315,3220,d188247518687dcac1e039a66ff023c29cf5aed5bda96e9403adb4cad27e2227,1,2021.09.23.17.03.56_veh-45_00645_00872,us-pa-pittsburgh-hazelwood,us-pa-pittsburgh-hazelwood,True,READY,
train_pittsburgh,/Users/liuqing/Projects/01_E2E_QA_Code/nuplan/dataset/data/cache/train_pittsburgh/2021.09.23.17.03.56_veh-45_00891_01489.db,2021.09.23.17.03.56_veh-45_00891_01489.db,97386496,2022-09-23T05:51:00+00:00,True,bb9292e2ba0ac6dd0635e44292adac8a3830c7282c2f1f8cd8eb399f76931bd2,280b06719c1b4806fcb47a87b2fecf71992d56e88172dc20464f143ad95964e2,14755,8023,3da45143b6db0d871057ad467286134861db559b6b6bc32c81a480cc821e0b48,1,2021.09.23.17.03.56_veh-45_00891_01489,us-pa-pittsburgh-hazelwood,us-pa-pittsburgh-hazelwood,True,READY,
train_pittsburgh,/Users/liuqing/Projects/01_E2E_QA_Code/nuplan/dataset/data/cache/train_pittsburgh/2021.09.23.17.03.56_veh-45_01512_01822.db,2021.09.23.17.03.56_veh-45_01512_01822.db,58081280,2022-09-23T05:51:00+00:00,True,bb9292e2ba0ac6dd0635e44292adac8a3830c7282c2f1f8cd8eb399f76931bd2,8c40a7e8223561dca32cd778a5117b1806a3d741012aa256d4638c4fed6f555a,7204,4317,80ce90a3c9cbd85106876909302fa3fc4e265fce32a6ad3df18c07652c461969,1,2021.09.23.17.03.56_veh-45_01512_01822,us-pa-pittsburgh-hazelwood,us-pa-pittsburgh-hazelwood,True,READY,
train_pittsburgh,/Users/liuqing/Projects/01_E2E_QA_Code/nuplan/dataset/data/cache/train_pittsburgh/2021.09.23.17.03.56_veh-45_01854_02115.db,2021.09.23.17.03.56_veh-45_01854_02115.db,37216256,2022-09-23T05:51:00+00:00,True,bb9292e2ba0ac6dd0635e44292adac8a3830c7282c2f1f8cd8eb399f76931bd2,027903891b6d84939a7726a6abc3a379fe5ed7511d0e26519f9c10ec310b14eb,6807,3503,4254dd533c8772d11f0c5d517d7727bf2d1ac2873990931ecc75019c42a63455,1,2021.09.23.17.03.56_veh-45_01854_02115,us-pa-pittsburgh-hazelwood,us-pa-pittsburgh-hazelwood,True,READY,
train_pittsburgh,/Users/liuqing/Projects/01_E2E_QA_Code/nuplan/dataset/data/cache/train_pittsburgh/2021.09.23.17.03.56_veh-45_02200_02471.db,2021.09.23.17.03.56_veh-45_02200_02471.db,53948416,2022-09-23T05:51:00+00:00,True,bb9292e2ba0ac6dd0635e44292adac8a3830c7282c2f1f8cd8eb399f76931bd2,12546157abf6ea5ae183ebf67af3e118833c6dd29844b2da63e4df9cd65f3378,6585,3730,2ba98062061cc4e4973f0c3086e4c6ec544591221c45146e82aaa63ee716cdfa,1,2021.09.23.17.03.56_veh-45_02200_02471,us-pa-pittsburgh-hazelwood,us-pa-pittsburgh-hazelwood,True,READY,
train_pittsburgh,/Users/liuqing/Projects/01_E2E_QA_Code/nuplan/dataset/data/cache/train_pittsburgh/2021.09.23.17.03.56_veh-45_02539_02937.db,2021.09.23.17.03.56_veh-45_02539_02937.db,57913344,2022-09-23T05:51:00+00:00,True,bb9292e2ba0ac6dd0635e44292adac8a3830c7282c2f1f8cd8eb399f76931bd2,25e6f39ed368bd94583d478e08b980ead9ec557599ac70d2c30c33e611d3fd8a,6119,3550,d09f86d3a72c403ee47f68c2285f3624d2df32cb40cfbff4d649437a9206f907,1,2021.09.23.17.03.56_veh-45_02539_02937,us-pa-pittsburgh-hazelwood,us-pa-pittsburgh-hazelwood,True,READY,
train_pittsburgh,/Users/liuqing/Projects/01_E2E_QA_Code/nuplan/dataset/data/cache/train_pittsburgh/2021.09.23.17.57.13_veh-45_00008_00081.db,2021.09.23.17.57.13_veh-45_00008_00081.db,4972544,2022-09-23T05:51:00+00:00,True,bb9292e2ba0ac6dd0635e44292adac8a3830c7282c2f1f8cd8eb399f76931bd2,0b9a39ead39ab34784f042d2938a27c36c92865945a2d01f285eb966fe398e50,1800,1123,1477b4b55ebbb71e4048edd32f7ee104ca0490503c100abd7b104437aedcb979,1,2021.09.23.17.57.13_veh-45_00008_00081,us-pa-pittsburgh-hazelwood,us-pa-pittsburgh-hazelwood,True,READY,
train_pittsburgh,/Users/liuqing/Projects/01_E2E_QA_Code/nuplan/dataset/data/cache/train_pittsburgh/2021.09.23.17.57.13_veh-45_00185_00248.db,2021.09.23.17.57.13_veh-45_00185_00248.db,4005888,2022-09-23T05:51:00+00:00,True,bb9292e2ba0ac6dd0635e44292adac8a3830c7282c2f1f8cd8eb399f76931bd2,b0384a95e83a4297f94b6f9915f122fee6d61e95e3de80b22e32c4b0877c12aa,1303,869,8f7f1165bbf286af9e785c02a55bf0ec14fa203b4e023c7948412da2049e98f1,1,2021.09.23.17.57.13_veh-45_00185_00248,us-pa-pittsburgh-hazelwood,us-pa-pittsburgh-hazelwood,True,READY,
train_pittsburgh,/Users/liuqing/Projects/01_E2E_QA_Code/nuplan/dataset/data/cache/train_pittsburgh/2021.09.23.17.57.13_veh-45_00260_00379.db,2021.09.23.17.57.13_veh-45_00260_00379.db,8695808,2022-09-23T05:51:00+00:00,True,bb9292e2ba0ac6dd0635e44292adac8a3830c7282c2f1f8cd8eb399f76931bd2,e10e303be961b6cfe3598fd2069329ed1c836444cbcf6ae10fe007ffca0d132d,2960,2050,fb8b8f7a5ceb7da15a16a7b4a16f5cab0318427ad58282056e61fa6829e2deba,1,2021.09.23.17.57.13_veh-45_00260_00379,us-pa-pittsburgh-hazelwood,us-pa-pittsburgh-hazelwood,True,READY,
train_pittsburgh,/Users/liuqing/Projects/01_E2E_QA_Code/nuplan/dataset/data/cache/train_pittsburgh/2021.09.23.17.57.13_veh-45_00394_00511.db,2021.09.23.17.57.13_veh-45_00394_00511.db,7897088,2022-09-23T05:51:00+00:00,True,bb9292e2ba0ac6dd0635e44292adac8a3830c7282c2f1f8cd8eb399f76931bd2,2eb033260f044f91b34914ec7bfdddefb568ca6b0b76224182adfe896369753d,3003,1975,fad0d17d393ee2c2020f5f1a3ea5c29ed91d36aa46fccd8215433139cd8c3c6c,1,2021.09.23.17.57.13_veh-45_00394_00511,us-pa-pittsburgh-hazelwood,us-pa-pittsburgh-hazelwood,True,READY,
train_pittsburgh,/Users/liuqing/Projects/01_E2E_QA_Code/nuplan/dataset/data/cache/train_pittsburgh/2021.09.23.17.57.13_veh-45_00596_00784.db,2021.09.23.17.57.13_veh-45_00596_00784.db,31473664,2022-09-23T05:51:00+00:00,True,bb9292e2ba0ac6dd0635e44292adac8a3830c7282c2f1f8cd8eb399f76931bd2,c3aa33635565d5441427e222c5cc1a4fda74d1979a1c3261fd45f17479f89ddb,3714,2269,98b3bac9a989ee02ad93f42b04390c5b391e798d1d535dd26506d97854a3f974,1,2021.09.23.17.57.13_veh-45_00596_00784,us-pa-pittsburgh-hazelwood,us-pa-pittsburgh-hazelwood,True,READY,
train_pittsburgh,/Users/liuqing/Projects/01_E2E_QA_Code/nuplan/dataset/data/cache/train_pittsburgh/2021.09.23.17.57.13_veh-45_00795_01020.db,2021.09.23.17.57.13_veh-45_00795_01020.db,31342592,2022-09-23T05:51:00+00:00,True,bb9292e2ba0ac6dd0635e44292adac8a3830c7282c2f1f8cd8eb399f76931bd2,78d05dc43a34b2fe8a478b3042dc98db313e0e6da2c5000dd617e6bbc4c2d5e6,5957,3020,c0f4b44fd7601f8d420b280402a7736df1d4990fa84f53c561f9adb55dffd936,1,2021.09.23.17.57.13_veh-45_00795_01020,us-pa-pittsburgh-hazelwood,us-pa-pittsburgh-hazelwood,True,READY,
train_pittsburgh,/Users/liuqing/Projects/01_E2E_QA_Code/nuplan/dataset/data/cache/train_pittsburgh/2021.09.23.17.57.13_veh-45_01039_01679.db,2021.09.23.17.57.13_veh-45_01039_01679.db,123146240,2022-09-23T05:51:00+00:00,True,bb9292e2ba0ac6dd0635e44292adac8a3830c7282c2f1f8cd8eb399f76931bd2,257fb9cdf4196441a05e05da376a3d7f3f072fc8040d4a29edc70ed5e96a52a9,13982,8202,61ea45709710f86af68552d34ee1c508c5e0cf47bcd6b79b8feadee9f62f1f73,1,2021.09.23.17.57.13_veh-45_01039_01679,us-pa-pittsburgh-hazelwood,us-pa-pittsburgh-hazelwood,True,READY,
train_pittsburgh,/Users/liuqing/Projects/01_E2E_QA_Code/nuplan/dataset/data/cache/train_pittsburgh/2021.09.23.17.57.13_veh-45_01746_02191.db,2021.09.23.17.57.13_veh-45_01746_02191.db,76357632,2022-09-23T05:51:00+00:00,True,bb9292e2ba0ac6dd0635e44292adac8a3830c7282c2f1f8cd8eb399f76931bd2,4b01199bfc0fcb10f5e656d40a7a06ffa52aada0f92017a036c0eddcf6b3347f,11187,5604,87764a798d4482652eea31d634ac391b3a8a00f0190d23b8be3fb242cbce6165,1,2021.09.23.17.57.13_veh-45_01746_02191,us-pa-pittsburgh-hazelwood,us-pa-pittsburgh-hazelwood,True,READY,
train_pittsburgh,/Users/liuqing/Projects/01_E2E_QA_Code/nuplan/dataset/data/cache/train_pittsburgh/2021.09.23.17.57.13_veh-45_02202_02830.db,2021.09.23.17.57.13_veh-45_02202_02830.db,92897280,2022-09-23T05:51:00+00:00,True,bb9292e2ba0ac6dd0635e44292adac8a3830c7282c2f1f8cd8eb399f76931bd2,1bc3a8a851a37a9bad53378b5f93cbe52c4afc9a732c09ae06a51329e7d7003f,9231,4777,ed5726319639b8978f48368fc11185851ff953ad00a6ec446e22170ffaf7686d,1,2021.09.23.17.57.13_veh-45_02202_02830,us-pa-pittsburgh-hazelwood,us-pa-pittsburgh-hazelwood,True,READY,
train_pittsburgh,/Users/liuqing/Projects/01_E2E_QA_Code/nuplan/dataset/data/cache/train_pittsburgh/2021.09.23.17.57.13_veh-45_02849_02930.db,2021.09.23.17.57.13_veh-45_02849_02930.db,7688192,2022-09-23T05:51:00+00:00,True,bb9292e2ba0ac6dd0635e44292adac8a3830c7282c2f1f8cd8eb399f76931bd2,58ecf57537f80ecf34412df78a11d894cf51e3f049048257cd1191b6588092e0,0,0,e3b0c44298fc1c149afbf4c8996fb92427ae41e4649b934ca495991b7852b855,1,2021.09.23.17.57.13_veh-45_02849_02930,us-pa-pittsburgh-hazelwood,us-pa-pittsburgh-hazelwood,True,READY,
train_pittsburgh,/Users/liuqing/Projects/01_E2E_QA_Code/nuplan/dataset/data/cache/train_pittsburgh/2021.09.23.18.57.19_veh-45_00016_00117.db,2021.09.23.18.57.19_veh-45_00016_00117.db,8957952,2022-09-23T05:51:00+00:00,True,bb9292e2ba0ac6dd0635e44292adac8a3830c7282c2f1f8cd8eb399f76931bd2,352a4e4e78c94a7691eff56dadf7c8ea171ad3d527b23d1978a9e8114629a759,1787,1183,7ef116acfb897a56b5fdc03d59494d0868141c7404edeba9d78e5d7ac6841f12,1,2021.09.23.18.57.19_veh-45_00016_00117,us-pa-pittsburgh-hazelwood,us-pa-pittsburgh-hazelwood,True,READY,
train_pittsburgh,/Users/liuqing/Projects/01_E2E_QA_Code/nuplan/dataset/data/cache/train_pittsburgh/2021.09.23.18.57.19_veh-45_00428_00826.db,2021.09.23.18.57.19_veh-45_00428_00826.db,48340992,2022-09-23T05:51:01+00:00,True,bb9292e2ba0ac6dd0635e44292adac8a3830c7282c2f1f8cd8eb399f76931bd2,263815e0c7d481007b0bab9386a25da2c02ae5026d1cca5dda58b738e056ebf5,8626,5746,a7afd02280b71c5a118d8011c33222293bfd37b6c77c3753d6df802365c4b511,1,2021.09.23.18.57.19_veh-45_00428_00826,us-pa-pittsburgh-hazelwood,us-pa-pittsburgh-hazelwood,True,READY,
train_pittsburgh,/Users/liuqing/Projects/01_E2E_QA_Code/nuplan/dataset/data/cache/train_pittsburgh/2021.09.23.18.57.19_veh-45_00853_01131.db,2021.09.23.18.57.19_veh-45_00853_01131.db,52105216,2022-09-23T05:51:00+00:00,True,bb9292e2ba0ac6dd0635e44292adac8a3830c7282c2f1f8cd8eb399f76931bd2,f4a14319d84b6e1a4bde17a4cd47083a1a340fccd2590eb166689f79cca9863e,5723,4096,c14cad95840e3cc02b2940fc86f72fc7e3b15cd48a43ef98d4118faa8cfc2c3a,1,2021.09.23.18.57.19_veh-45_00853_01131,us-pa-pittsburgh-hazelwood,us-pa-pittsburgh-hazelwood,True,READY,
train_pittsburgh,/Users/liuqing/Projects/01_E2E_QA_Code/nuplan/dataset/data/cache/train_pittsburgh/2021.09.23.18.57.19_veh-45_01155_01723.db,2021.09.23.18.57.19_veh-45_01155_01723.db,98865152,2022-09-23T05:51:01+00:00,True,bb9292e2ba0ac6dd0635e44292adac8a3830c7282c2f1f8cd8eb399f76931bd2,ad6f8e1e1a4bb08018407b3dab5db2e5fef5c96ef1c99d1aafc5a3b0cba73251,13652,7624,b945fac4b723e6c22ecb46d9fb2a57ffe59881e44d3f32a887785c3f740f532d,1,2021.09.23.18.57.19_veh-45_01155_01723,us-pa-pittsburgh-hazelwood,us-pa-pittsburgh-hazelwood,True,READY,
train_pittsburgh,/Users/liuqing/Projects/01_E2E_QA_Code/nuplan/dataset/data/cache/train_pittsburgh/2021.09.23.18.57.19_veh-45_01763_02053.db,2021.09.23.18.57.19_veh-45_01763_02053.db,52563968,2022-09-23T05:51:01+00:00,True,bb9292e2ba0ac6dd0635e44292adac8a3830c7282c2f1f8cd8eb399f76931bd2,d2398bad5391509c67b8ac7ae3409bba69774d1ef47c19b7730aa74486ac2017,6216,4015,6343976afbc9f2c4a6594b9d9d9f926371d1473e984ee1b892f2bee6fc7a0a39,1,2021.09.23.18.57.19_veh-45_01763_02053,us-pa-pittsburgh-hazelwood,us-pa-pittsburgh-hazelwood,True,READY,
train_pittsburgh,/Users/liuqing/Projects/01_E2E_QA_Code/nuplan/dataset/data/cache/train_pittsburgh/2021.09.23.18.57.19_veh-45_02075_02318.db,2021.09.23.18.57.19_veh-45_02075_02318.db,37314560,2022-09-23T05:51:01+00:00,True,bb9292e2ba0ac6dd0635e44292adac8a3830c7282c2f1f8cd8eb399f76931bd2,a6255d9c242402f1c2614e16699d3589d857656694dad1d1da672d3b36425904,6633,3482,7f066beb0f9deecf5389a49df6eac49c14418c4f3e875b45bf1337a6595d71e1,1,2021.09.23.18.57.19_veh-45_02075_02318,us-pa-pittsburgh-hazelwood,us-pa-pittsburgh-hazelwood,True,READY,
train_pittsburgh,/Users/liuqing/Projects/01_E2E_QA_Code/nuplan/dataset/data/cache/train_pittsburgh/2021.09.23.18.57.19_veh-45_02403_02802.db,2021.09.23.18.57.19_veh-45_02403_02802.db,68763648,2022-09-23T05:51:01+00:00,True,bb9292e2ba0ac6dd0635e44292adac8a3830c7282c2f1f8cd8eb399f76931bd2,de970a403d162405bc3bad9cf34f6773cff4ffe9afd7a6059ee0fc5717ba06a2,8448,5884,0ebe43a24427132d5ffb89749c41533326939854af1920f45b28d3a0537b52c8,1,2021.09.23.18.57.19_veh-45_02403_02802,us-pa-pittsburgh-hazelwood,us-pa-pittsburgh-hazelwood,True,READY,
train_pittsburgh,/Users/liuqing/Projects/01_E2E_QA_Code/nuplan/dataset/data/cache/train_pittsburgh/2021.09.23.18.57.19_veh-45_02915_03011.db,2021.09.23.18.57.19_veh-45_02915_03011.db,7622656,2022-09-23T05:51:01+00:00,True,bb9292e2ba0ac6dd0635e44292adac8a3830c7282c2f1f8cd8eb399f76931bd2,528639941c9211e009fad743ea2206ab19c3ee853cf16f575a0a4df55ce61c8c,2542,1668,ee01a809ddb1f9e4e24eae425ff8e232099e9b6c15e184fce247b54073e99cfd,1,2021.09.23.18.57.19_veh-45_02915_03011,us-pa-pittsburgh-hazelwood,us-pa-pittsburgh-hazelwood,True,READY,
train_pittsburgh,/Users/liuqing/Projects/01_E2E_QA_Code/nuplan/dataset/data/cache/train_pittsburgh/2021.09.23.19.52.54_veh-45_00021_00168.db,2021.09.23.19.52.54_veh-45_00021_00168.db,11780096,2022-09-23T05:51:01+00:00,True,bb9292e2ba0ac6dd0635e44292adac8a3830c7282c2f1f8cd8eb399f76931bd2,28991b07918a9e12c7c383202505085dd347af1878daefd3b28698598eef1533,4111,2202,5c2c6c058581c5e555691f189833e2f6b107587b519ddf33e908d6d0a0b74ef1,1,2021.09.23.19.52.54_veh-45_00021_00168,us-pa-pittsburgh-hazelwood,us-pa-pittsburgh-hazelwood,True,READY,
train_pittsburgh,/Users/liuqing/Projects/01_E2E_QA_Code/nuplan/dataset/data/cache/train_pittsburgh/2021.09.23.19.52.54_veh-45_00192_00614.db,2021.09.23.19.52.54_veh-45_00192_00614.db,53624832,2022-09-23T05:51:01+00:00,True,bb9292e2ba0ac6dd0635e44292adac8a3830c7282c2f1f8cd8eb399f76931bd2,18fd6971a7ff782a7a251c04c23530d9e1ec95c2f7f4740a2ddfc3986e151679,8585,5217,641911165701ab57fa99606328d91f90782444b60ee427c87f5a67e0d00f9724,1,2021.09.23.19.52.54_veh-45_00192_00614,us-pa-pittsburgh-hazelwood,us-pa-pittsburgh-hazelwood,True,READY,
train_pittsburgh,/Users/liuqing/Projects/01_E2E_QA_Code/nuplan/dataset/data/cache/train_pittsburgh/2021.09.23.19.52.54_veh-45_00625_00830.db,2021.09.23.19.52.54_veh-45_00625_00830.db,38154240,2022-09-23T05:51:01+00:00,True,bb9292e2ba0ac6dd0635e44292adac8a3830c7282c2f1f8cd8eb399f76931bd2,5a82a305e28ab507778adbfdec6d12eff3eb5deb8b6a24e749bed73b22781cc6,6160,3110,314a9de0759f61c7beda47356b885c6ee3768b61c2873d07a42cb5e0c668002c,1,2021.09.23.19.52.54_veh-45_00625_00830,us-pa-pittsburgh-hazelwood,us-pa-pittsburgh-hazelwood,True,READY,
train_pittsburgh,/Users/liuqing/Projects/01_E2E_QA_Code/nuplan/dataset/data/cache/train_pittsburgh/2021.09.23.19.52.54_veh-45_00849_01164.db,2021.09.23.19.52.54_veh-45_00849_01164.db,54026240,2022-09-23T05:51:01+00:00,True,bb9292e2ba0ac6dd0635e44292adac8a3830c7282c2f1f8cd8eb399f76931bd2,cfddc1fecb5ac7a6f8961a3ea6a52c9329c052695d95039fca02338cbf5b356a,7011,3989,29ff1d8cf387d9b1fae070ca2bcbe4e713d25feac60fd5160f73a43926a88c57,1,2021.09.23.19.52.54_veh-45_00849_01164,us-pa-pittsburgh-hazelwood,us-pa-pittsburgh-hazelwood,True,READY,
train_pittsburgh,/Users/liuqing/Projects/01_E2E_QA_Code/nuplan/dataset/data/cache/train_pittsburgh/2021.09.23.19.52.54_veh-45_01210_01479.db,2021.09.23.19.52.54_veh-45_01210_01479.db,38338560,2022-09-23T05:51:01+00:00,True,bb9292e2ba0ac6dd0635e44292adac8a3830c7282c2f1f8cd8eb399f76931bd2,12de237b25cb956da8e9e3acc40cf27333cedfc8d4190a8f32b90c2bdcdc5e1a,6092,3404,1506eadbfbba4ed156ce03c1e6693605dabc0c74898416be95737bc360fa52ef,1,2021.09.23.19.52.54_veh-45_01210_01479,us-pa-pittsburgh-hazelwood,us-pa-pittsburgh-hazelwood,True,READY,
train_pittsburgh,/Users/liuqing/Projects/01_E2E_QA_Code/nuplan/dataset/data/cache/train_pittsburgh/2021.09.23.19.52.54_veh-45_01490_01776.db,2021.09.23.19.52.54_veh-45_01490_01776.db,53694464,2022-09-23T05:51:01+00:00,True,bb9292e2ba0ac6dd0635e44292adac8a3830c7282c2f1f8cd8eb399f76931bd2,e28cf5af8de02c3d0296a235f1c33cfa99e2b7c4440cce2e4d3a6a80bb288766,7561,3658,dd31f71ad0a2ef8e2c09aaf5ac0acdb201965d4e4c0187a8d9fbe274016012e2,1,2021.09.23.19.52.54_veh-45_01490_01776,us-pa-pittsburgh-hazelwood,us-pa-pittsburgh-hazelwood,True,READY,
train_pittsburgh,/Users/liuqing/Projects/01_E2E_QA_Code/nuplan/dataset/data/cache/train_pittsburgh/2021.09.23.19.52.54_veh-45_01828_01902.db,2021.09.23.19.52.54_veh-45_01828_01902.db,11046912,2022-09-23T05:51:01+00:00,True,bb9292e2ba0ac6dd0635e44292adac8a3830c7282c2f1f8cd8eb399f76931bd2,4335374eb94b6c6e2703a3ab3737e523f3a13b476e415ad33a97df4032e0844c,1355,660,e2bb9fba59cee7c4f0577e7f14061a1a193e83eaa9ea6016a07e4db6aed0a5e3,1,2021.09.23.19.52.54_veh-45_01828_01902,us-pa-pittsburgh-hazelwood,us-pa-pittsburgh-hazelwood,True,READY,
train_pittsburgh,/Users/liuqing/Projects/01_E2E_QA_Code/nuplan/dataset/data/cache/train_pittsburgh/2021.09.23.19.52.54_veh-45_01923_02003.db,2021.09.23.19.52.54_veh-45_01923_02003.db,9764864,2022-09-23T05:51:01+00:00,True,bb9292e2ba0ac6dd0635e44292adac8a3830c7282c2f1f8cd8eb399f76931bd2,4fd45c401be04918fa90b9fc806e8d187487f9051c89dcb68b17ab82fbd2e265,1905,1122,28f9c7bc9eb68fa7e8261ed0e0df1437f4d5b277c2c9d378110844aba15854ab,1,2021.09.23.19.52.54_veh-45_01923_02003,us-pa-pittsburgh-hazelwood,us-pa-pittsburgh-hazelwood,True,READY,
train_pittsburgh,/Users/liuqing/Projects/01_E2E_QA_Code/nuplan/dataset/data/cache/train_pittsburgh/2021.09.23.19.52.54_veh-45_02051_02116.db,2021.09.23.19.52.54_veh-45_02051_02116.db,6701056,2022-09-23T05:51:01+00:00,True,bb9292e2ba0ac6dd0635e44292adac8a3830c7282c2f1f8cd8eb399f76931bd2,452412e7c113d6bc6a668cfcc531f648aca467d1e76329339ff5100cb1ad19ae,2786,1012,8ed1cc18ee737d1132139631c6e4d4d9c4acc14d7c040f16f8f8a5ac48476de0,1,2021.09.23.19.52.54_veh-45_02051_02116,us-pa-pittsburgh-hazelwood,us-pa-pittsburgh-hazelwood,True,READY,
train_pittsburgh,/Users/liuqing/Projects/01_E2E_QA_Code/nuplan/dataset/data/cache/train_pittsburgh/2021.09.23.20.37.33_veh-45_00075_00139.db,2021.09.23.20.37.33_veh-45_00075_00139.db,5017600,2022-09-23T05:51:01+00:00,True,bb9292e2ba0ac6dd0635e44292adac8a3830c7282c2f1f8cd8eb399f76931bd2,4fd1a99e3be94b2ce1fce23949ef5a37f182f7355edfd7cb32526dc7706b5395,914,607,566ad8c3456fa81d1092814fdd6c4a0d429fb75fbf2bb44dd21bff0a871ba7f7,1,2021.09.23.20.37.33_veh-45_00075_00139,us-pa-pittsburgh-hazelwood,us-pa-pittsburgh-hazelwood,True,READY,
train_pittsburgh,/Users/liuqing/Projects/01_E2E_QA_Code/nuplan/dataset/data/cache/train_pittsburgh/2021.09.23.20.37.33_veh-45_00248_00379.db,2021.09.23.20.37.33_veh-45_00248_00379.db,9285632,2022-09-23T05:51:01+00:00,True,bb9292e2ba0ac6dd0635e44292adac8a3830c7282c2f1f8cd8eb399f76931bd2,5620113d2bae1abf805b139b28b60746696188e610cdcfa88e5185e99155be0c,3407,2275,56bc6a9cc23f3d36f9945fc9dad676dfdaf883091fd3d02ee4f972f069c0961f,1,2021.09.23.20.37.33_veh-45_00248_00379,us-pa-pittsburgh-hazelwood,us-pa-pittsburgh-hazelwood,True,READY,
train_pittsburgh,/Users/liuqing/Projects/01_E2E_QA_Code/nuplan/dataset/data/cache/train_pittsburgh/2021.09.23.20.37.33_veh-45_00487_01007.db,2021.09.23.20.37.33_veh-45_00487_01007.db,91394048,2022-09-23T05:51:01+00:00,True,bb9292e2ba0ac6dd0635e44292adac8a3830c7282c2f1f8cd8eb399f76931bd2,b9089c5e22aa71d3354c3f716aea3826ee776d5fada5b2fe8ffd0a13eb2ed822,13781,7563,c6ae30b90420cd996e6d31100537f2f31f52f32ebeeadedc11da017aa808f909,1,2021.09.23.20.37.33_veh-45_00487_01007,us-pa-pittsburgh-hazelwood,us-pa-pittsburgh-hazelwood,True,READY,
train_pittsburgh,/Users/liuqing/Projects/01_E2E_QA_Code/nuplan/dataset/data/cache/train_pittsburgh/2021.09.23.20.37.33_veh-45_01103_01309.db,2021.09.23.20.37.33_veh-45_01103_01309.db,36356096,2022-09-23T05:51:01+00:00,True,bb9292e2ba0ac6dd0635e44292adac8a3830c7282c2f1f8cd8eb399f76931bd2,7ae8de0bf9b912188311124c784eeb287987cd38aa93579e5eff36ddfd35e74f,4750,2971,34f43086f5c5936366ce0a47460a9f771a051af0695035964d9f0378d57023f2,1,2021.09.23.20.37.33_veh-45_01103_01309,us-pa-pittsburgh-hazelwood,us-pa-pittsburgh-hazelwood,True,READY,
train_pittsburgh,/Users/liuqing/Projects/01_E2E_QA_Code/nuplan/dataset/data/cache/train_pittsburgh/2021.09.23.20.37.33_veh-45_01455_01672.db,2021.09.23.20.37.33_veh-45_01455_01672.db,41132032,2022-09-23T05:51:01+00:00,True,bb9292e2ba0ac6dd0635e44292adac8a3830c7282c2f1f8cd8eb399f76931bd2,8b9489c9c618540816e425986c66a9a69b0a0c29c01278d9da37cf83155ebd3a,5426,3361,5bbd1a42f4fef9419803f4c2627a862229d96a1f1d3f910f76ebd37f68cef37f,1,2021.09.23.20.37.33_veh-45_01455_01672,us-pa-pittsburgh-hazelwood,us-pa-pittsburgh-hazelwood,True,READY,
train_pittsburgh,/Users/liuqing/Projects/01_E2E_QA_Code/nuplan/dataset/data/cache/train_pittsburgh/2021.09.23.20.37.33_veh-45_01722_02000.db,2021.09.23.20.37.33_veh-45_01722_02000.db,40189952,2022-09-23T05:51:01+00:00,True,bb9292e2ba0ac6dd0635e44292adac8a3830c7282c2f1f8cd8eb399f76931bd2,0d77d302cad392b89f6d2324a4e20549ba5ea575e30a519dadb60568fdcd2afe,8391,3714,fefee7162f7fdc1f9cba67bdbb88465b775cb99b5abf32a46bba01ef319cf1cd,1,2021.09.23.20.37.33_veh-45_01722_02000,us-pa-pittsburgh-hazelwood,us-pa-pittsburgh-hazelwood,True,READY,
train_pittsburgh,/Users/liuqing/Projects/01_E2E_QA_Code/nuplan/dataset/data/cache/train_pittsburgh/2021.09.23.20.37.33_veh-45_02087_02313.db,2021.09.23.20.37.33_veh-45_02087_02313.db,44498944,2022-09-23T05:51:01+00:00,True,bb9292e2ba0ac6dd0635e44292adac8a3830c7282c2f1f8cd8eb399f76931bd2,0a295bd6c0e2efca434890484712bd139dfa1a14199ccdeaf7fad2c43e5039ba,4502,2752,6314bc3e1a4a1404a18bd2489addbf88b550d605ec728aa7ff38104116412096,1,2021.09.23.20.37.33_veh-45_02087_02313,us-pa-pittsburgh-hazelwood,us-pa-pittsburgh-hazelwood,True,READY,
train_pittsburgh,/Users/liuqing/Projects/01_E2E_QA_Code/nuplan/dataset/data/cache/train_pittsburgh/2021.09.24.14.23.05_veh-45_00117_00197.db,2021.09.24.14.23.05_veh-45_00117_00197.db,5275648,2022-09-23T05:51:03+00:00,True,bb9292e2ba0ac6dd0635e44292adac8a3830c7282c2f1f8cd8eb399f76931bd2,7c9ba2ffe4eff968516a7d0a039c7c8a86b5542dd0b8893d3e9d6077a319c74b,2217,1396,866114f6eeef0d0e31afdf88277572fdf3e23e190cc9e01b98def47103bf4caa,1,2021.09.24.14.23.05_veh-45_00117_00197,us-pa-pittsburgh-hazelwood,us-pa-pittsburgh-hazelwood,True,READY,
train_pittsburgh,/Users/liuqing/Projects/01_E2E_QA_Code/nuplan/dataset/data/cache/train_pittsburgh/2021.09.24.14.23.05_veh-45_00212_00576.db,2021.09.24.14.23.05_veh-45_00212_00576.db,53428224,2022-09-23T05:51:03+00:00,True,bb9292e2ba0ac6dd0635e44292adac8a3830c7282c2f1f8cd8eb399f76931bd2,d29a5db63c55e17b68acd1c3e33fa286e0690f33c5c1f027576ba0e46c9f7ac2,8347,4489,f8a3a61aa560b52c3595dd45089c6a5296de6e473ec9cb7efad107c582358018,1,2021.09.24.14.23.05_veh-45_00212_00576,us-pa-pittsburgh-hazelwood,us-pa-pittsburgh-hazelwood,True,READY,
train_pittsburgh,/Users/liuqing/Projects/01_E2E_QA_Code/nuplan/dataset/data/cache/train_pittsburgh/2021.09.24.14.23.05_veh-45_00598_00790.db,2021.09.24.14.23.05_veh-45_00598_00790.db,34205696,2022-09-23T05:51:03+00:00,True,bb9292e2ba0ac6dd0635e44292adac8a3830c7282c2f1f8cd8eb399f76931bd2,5c16e0db47ef0c4135f07b7a84f77c1e8f99bb4195294929d10d6733032e515c,4775,2464,97cb09c3d6e62504d97aa3c22cfb130a0d1855aa6b6876cab707b024b2c905d6,1,2021.09.24.14.23.05_veh-45_00598_00790,us-pa-pittsburgh-hazelwood,us-pa-pittsburgh-hazelwood,True,READY,
train_pittsburgh,/Users/liuqing/Projects/01_E2E_QA_Code/nuplan/dataset/data/cache/train_pittsburgh/2021.09.24.14.23.05_veh-45_00811_01131.db,2021.09.24.14.23.05_veh-45_00811_01131.db,47468544,2022-09-23T05:51:03+00:00,True,bb9292e2ba0ac6dd0635e44292adac8a3830c7282c2f1f8cd8eb399f76931bd2,8a8df884e35e02d875e4ebc5cdb20f6ab5ed6ee60f297424d9cd0118f912767b,6633,3967,90d8779634a54865700fd6bd9eb859849e37b926576a06965c78e465d42024da,1,2021.09.24.14.23.05_veh-45_00811_01131,us-pa-pittsburgh-hazelwood,us-pa-pittsburgh-hazelwood,True,READY,
train_pittsburgh,/Users/liuqing/Projects/01_E2E_QA_Code/nuplan/dataset/data/cache/train_pittsburgh/2021.09.24.14.23.05_veh-45_01175_01453.db,2021.09.24.14.23.05_veh-45_01175_01453.db,56508416,2022-09-23T05:51:03+00:00,True,bb9292e2ba0ac6dd0635e44292adac8a3830c7282c2f1f8cd8eb399f76931bd2,5552b954baa23d5d512f0ba350579851d59363ea4de63dd8bb46ee3816b07814,7199,3889,0b3a9e700392f04d5c6b035ae43a96c13c876fdce93be604f8ddd74f8ad79caf,1,2021.09.24.14.23.05_veh-45_01175_01453,us-pa-pittsburgh-hazelwood,us-pa-pittsburgh-hazelwood,True,READY,
train_pittsburgh,/Users/liuqing/Projects/01_E2E_QA_Code/nuplan/dataset/data/cache/train_pittsburgh/2021.09.24.14.23.05_veh-45_01475_01930.db,2021.09.24.14.23.05_veh-45_01475_01930.db,78827520,2022-09-23T05:51:03+00:00,True,bb9292e2ba0ac6dd0635e44292adac8a3830c7282c2f1f8cd8eb399f76931bd2,1e0e7e976c5cb93607b6dfc02c5b359cebdeaaf59cfe301b26e10aa1385a0753,10621,5506,76ae8eff31ab6f3e5a42e0697c271e4101ffb286826014b4ee3de6cbadf93d28,1,2021.09.24.14.23.05_veh-45_01475_01930,us-pa-pittsburgh-hazelwood,us-pa-pittsburgh-hazelwood,True,READY,
train_pittsburgh,/Users/liuqing/Projects/01_E2E_QA_Code/nuplan/dataset/data/cache/train_pittsburgh/2021.09.24.14.23.05_veh-45_01950_02113.db,2021.09.24.14.23.05_veh-45_01950_02113.db,26234880,2022-09-23T05:51:03+00:00,True,bb9292e2ba0ac6dd0635e44292adac8a3830c7282c2f1f8cd8eb399f76931bd2,56b7d58932ab52e59ac45b8ae339316f856fdedc893eeec2eabc4f951aa173bf,2897,1944,b0caee1731e6d7a9f6d2b7d642e818fede29dc2b98641e32c96a5b9284f14010,1,2021.09.24.14.23.05_veh-45_01950_02113,us-pa-pittsburgh-hazelwood,us-pa-pittsburgh-hazelwood,True,READY,
train_pittsburgh,/Users/liuqing/Projects/01_E2E_QA_Code/nuplan/dataset/data/cache/train_pittsburgh/2021.09.24.14.23.05_veh-45_02144_02442.db,2021.09.24.14.23.05_veh-45_02144_02442.db,40251392,2022-09-23T05:51:03+00:00,True,bb9292e2ba0ac6dd0635e44292adac8a3830c7282c2f1f8cd8eb399f76931bd2,46f925bf90704eeac862ed513a96d8d2a59cf9434dc36aa62b6f4b558086752e,6255,3752,1225131edd2fa2534c9eeb5668bf5f5c2f18ac5345d4309b9b4bc1f1f6723550,1,2021.09.24.14.23.05_veh-45_02144_02442,us-pa-pittsburgh-hazelwood,us-pa-pittsburgh-hazelwood,True,READY,
train_pittsburgh,/Users/liuqing/Projects/01_E2E_QA_Code/nuplan/dataset/data/cache/train_pittsburgh/2021.09.24.14.23.05_veh-45_02453_02817.db,2021.09.24.14.23.05_veh-45_02453_02817.db,58408960,2022-09-23T05:51:03+00:00,True,bb9292e2ba0ac6dd0635e44292adac8a3830c7282c2f1f8cd8eb399f76931bd2,eefd54b2c63e715b6b264689e10410d1c20748483597c8258ea917f130a56bea,8721,4333,37e4b5a64c5d5a90d7ad8e77058b54eed3b73586d15e6ac9cc5fbd7bbab6c8f1,1,2021.09.24.14.23.05_veh-45_02453_02817,us-pa-pittsburgh-hazelwood,us-pa-pittsburgh-hazelwood,True,READY,
train_pittsburgh,/Users/liuqing/Projects/01_E2E_QA_Code/nuplan/dataset/data/cache/train_pittsburgh/2021.09.24.14.23.05_veh-45_02839_03207.db,2021.09.24.14.23.05_veh-45_02839_03207.db,72892416,2022-09-23T05:51:03+00:00,True,bb9292e2ba0ac6dd0635e44292adac8a3830c7282c2f1f8cd8eb399f76931bd2,e68b066f642acb0ce55b5d9eadd238f107c5438bd46c406aa7a2a636090612ad,8973,4528,9ea87f9a7029cc031a295962b96db6157a8d53d0f835eab6ef304c88f87570ae,1,2021.09.24.14.23.05_veh-45_02839_03207,us-pa-pittsburgh-hazelwood,us-pa-pittsburgh-hazelwood,True,READY,
train_pittsburgh,/Users/liuqing/Projects/01_E2E_QA_Code/nuplan/dataset/data/cache/train_pittsburgh/2021.09.24.14.23.05_veh-45_03261_03406.db,2021.09.24.14.23.05_veh-45_03261_03406.db,27574272,2022-09-23T05:51:03+00:00,True,bb9292e2ba0ac6dd0635e44292adac8a3830c7282c2f1f8cd8eb399f76931bd2,f4bcc2f7fecb14721377ea7e7a683f9a0e0490408b006ab8d7a8fd5078134fae,3148,1599,c6105f398b39420aedf0f2accbf3e00af4f964e3b3b78f1c349867cd2c4c5021,1,2021.09.24.14.23.05_veh-45_03261_03406,us-pa-pittsburgh-hazelwood,us-pa-pittsburgh-hazelwood,True,READY,
train_pittsburgh,/Users/liuqing/Projects/01_E2E_QA_Code/nuplan/dataset/data/cache/train_pittsburgh/2021.09.24.14.23.05_veh-45_03426_03612.db,2021.09.24.14.23.05_veh-45_03426_03612.db,20058112,2022-09-23T05:51:03+00:00,True,bb9292e2ba0ac6dd0635e44292adac8a3830c7282c2f1f8cd8eb399f76931bd2,3fa764d10822e97ae8e7aeacada9248eee2e82082920e025fc52ccf760acb44e,3830,2262,3a78031996f289d3ae61e26c2db79f4c124d9863dc6e6038e967e4574d6b83d8,1,2021.09.24.14.23.05_veh-45_03426_03612,us-pa-pittsburgh-hazelwood,us-pa-pittsburgh-hazelwood,True,READY,
train_pittsburgh,/Users/liuqing/Projects/01_E2E_QA_Code/nuplan/dataset/data/cache/train_pittsburgh/2021.09.24.14.23.05_veh-45_03746_03893.db,2021.09.24.14.23.05_veh-45_03746_03893.db,10248192,2022-09-23T05:51:03+00:00,True,bb9292e2ba0ac6dd0635e44292adac8a3830c7282c2f1f8cd8eb399f76931bd2,f721f07eb3c716f8cd1a91d61f2b72ebc13340ada59065a4b6aebb7bc9291d8c,2994,2028,b6afbe6973931d5b8fc15a67bf640578d021fa54a8804c69a54b755703fa381e,1,2021.09.24.14.23.05_veh-45_03746_03893,us-pa-pittsburgh-hazelwood,us-pa-pittsburgh-hazelwood,True,READY,
train_pittsburgh,/Users/liuqing/Projects/01_E2E_QA_Code/nuplan/dataset/data/cache/train_pittsburgh/2021.09.27.14.45.42_veh-44_00016_01082.db,2021.09.27.14.45.42_veh-44_00016_01082.db,140738560,2022-09-23T05:51:08+00:00,True,bb9292e2ba0ac6dd0635e44292adac8a3830c7282c2f1f8cd8eb399f76931bd2,8321ada2765dd65c682a3b56d3a39241ab940ab23cddfae6a559b6b35f8c1ea3,24658,14382,679d7daff0ff9485f02da7e920a298a4b35c511fe370e70fde69683d200fde15,1,2021.09.27.14.45.42_veh-44_00016_01082,us-pa-pittsburgh-hazelwood,us-pa-pittsburgh-hazelwood,True,READY,
train_pittsburgh,/Users/liuqing/Projects/01_E2E_QA_Code/nuplan/dataset/data/cache/train_pittsburgh/2021.09.27.14.45.42_veh-44_01103_02583.db,2021.09.27.14.45.42_veh-44_01103_02583.db,253857792,2022-09-23T05:51:09+00:00,True,bb9292e2ba0ac6dd0635e44292adac8a3830c7282c2f1f8cd8eb399f76931bd2,57e9371493d444b70743e6bc3ba472c8bba5930cce5d9316a390eec88e888b01,34519,19214,c4384ce47c88ea148fb234d375ff53d363abcc36023c2e00611aa67fc7475b54,1,2021.09.27.14.45.42_veh-44_01103_02583,us-pa-pittsburgh-hazelwood,us-pa-pittsburgh-hazelwood,True,READY,
train_pittsburgh,/Users/liuqing/Projects/01_E2E_QA_Code/nuplan/dataset/data/cache/train_pittsburgh/2021.09.27.14.45.42_veh-44_02609_03216.db,2021.09.27.14.45.42_veh-44_02609_03216.db,101453824,2022-09-23T05:51:09+00:00,True,bb9292e2ba0ac6dd0635e44292adac8a3830c7282c2f1f8cd8eb399f76931bd2,b595157ee78ee4bc09693a88cc3a1830bc56f5ceb0107cfb1ee354ae3de7291a,14174,7492,1800417d85f891c5891998194ab48029e46e0a7209310f4c731d5179f5a87564,1,2021.09.27.14.45.42_veh-44_02609_03216,us-pa-pittsburgh-hazelwood,us-pa-pittsburgh-hazelwood,True,READY,
train_pittsburgh,/Users/liuqing/Projects/01_E2E_QA_Code/nuplan/dataset/data/cache/train_pittsburgh/2021.09.27.14.45.42_veh-44_03236_03434.db,2021.09.27.14.45.42_veh-44_03236_03434.db,13250560,2022-09-23T05:51:09+00:00,True,bb9292e2ba0ac6dd0635e44292adac8a3830c7282c2f1f8cd8eb399f76931bd2,cef5071e5280b7423ed876fbda9b31a8eb9a11ec61e2fa5059013071e79c929c,3677,2267,86979da8cc18b45c7067ab760675ae6dee84ef6642a6422ab26dfdbdd395fbb1,1,2021.09.27.14.45.42_veh-44_03236_03434,us-pa-pittsburgh-hazelwood,us-pa-pittsburgh-hazelwood,True,READY,
train_pittsburgh,/Users/liuqing/Projects/01_E2E_QA_Code/nuplan/dataset/data/cache/train_pittsburgh/2021.09.27.17.06.43_veh-44_00039_00106.db,2021.09.27.17.06.43_veh-44_00039_00106.db,6365184,2022-09-23T05:51:09+00:00,True,bb9292e2ba0ac6dd0635e44292adac8a3830c7282c2f1f8cd8eb399f76931bd2,75b92ae978c881f2ecc994427a9f99cebbbfe95928bb26a846f5d7c8e1071db7,899,619,4880e36b5d19f5be63aaea601ad6c159ff2ff6ff294b8912f6e222c6c7d69b2b,1,2021.09.27.17.06.43_veh-44_00039_00106,us-pa-pittsburgh-hazelwood,us-pa-pittsburgh-hazelwood,True,READY,
train_pittsburgh,/Users/liuqing/Projects/01_E2E_QA_Code/nuplan/dataset/data/cache/train_pittsburgh/2021.09.27.17.06.43_veh-44_00237_00336.db,2021.09.27.17.06.43_veh-44_00237_00336.db,7647232,2022-09-23T05:51:09+00:00,True,bb9292e2ba0ac6dd0635e44292adac8a3830c7282c2f1f8cd8eb399f76931bd2,f0cd419a52f3492626523b81671bfe4822d1650a62b01b1c5e90f698dad3a8ef,1792,1209,2092c475048b261dac858d258a79b0c0f75a3bc07afa9a7827248f861df61c7c,1,2021.09.27.17.06.43_veh-44_00237_00336,us-pa-pittsburgh-hazelwood,us-pa-pittsburgh-hazelwood,True,READY,
train_pittsburgh,/Users/liuqing/Projects/01_E2E_QA_Code/nuplan/dataset/data/cache/train_pittsburgh/2021.09.27.17.06.43_veh-44_00367_00821.db,2021.09.27.17.06.43_veh-44_00367_00821.db,50380800,2022-09-23T05:51:09+00:00,True,bb9292e2ba0ac6dd0635e44292adac8a3830c7282c2f1f8cd8eb399f76931bd2,9cf1f7a2f9323c0b49096d023e5f8a354123fad9e517264dfb796b918eac44c7,12548,6011,bfde78b466d9ceee6d89ab589612a97f8ecfa59ccf6c12f7a9e33ecd8939df62,1,2021.09.27.17.06.43_veh-44_00367_00821,us-pa-pittsburgh-hazelwood,us-pa-pittsburgh-hazelwood,True,READY,
train_pittsburgh,/Users/liuqing/Projects/01_E2E_QA_Code/nuplan/dataset/data/cache/train_pittsburgh/2021.09.27.17.06.43_veh-44_00840_00946.db,2021.09.27.17.06.43_veh-44_00840_00946.db,14241792,2022-09-23T05:51:09+00:00,True,bb9292e2ba0ac6dd0635e44292adac8a3830c7282c2f1f8cd8eb399f76931bd2,b96cc12a453b23ad4dc901ac90db39efda5fb43339e0b7e2fa0b7417a8b67714,4581,1591,08fd30270477beab42e372bb3c30276a2a1f7a2ca3821bbe75a0c33d637a16be,1,2021.09.27.17.06.43_veh-44_00840_00946,us-pa-pittsburgh-hazelwood,us-pa-pittsburgh-hazelwood,True,READY,
train_pittsburgh,/Users/liuqing/Projects/01_E2E_QA_Code/nuplan/dataset/data/cache/train_pittsburgh/2021.09.27.17.06.43_veh-44_01021_01754.db,2021.09.27.17.06.43_veh-44_01021_01754.db,141402112,2022-09-23T05:51:09+00:00,True,bb9292e2ba0ac6dd0635e44292adac8a3830c7282c2f1f8cd8eb399f76931bd2,a1d3156721c5e56c13e883e3f98fd4a2aa5bd221ca755109964ffe766f33514e,19766,9559,4fef2486f167b2300a286da8ccd94dc90518776d811a934a6d6336e54d3c3d33,1,2021.09.27.17.06.43_veh-44_01021_01754,us-pa-pittsburgh-hazelwood,us-pa-pittsburgh-hazelwood,True,READY,
train_pittsburgh,/Users/liuqing/Projects/01_E2E_QA_Code/nuplan/dataset/data/cache/train_pittsburgh/2021.09.27.17.06.43_veh-44_01765_01929.db,2021.09.27.17.06.43_veh-44_01765_01929.db,18878464,2022-09-23T05:51:09+00:00,True,bb9292e2ba0ac6dd0635e44292adac8a3830c7282c2f1f8cd8eb399f76931bd2,3227194413fed5ef11b1d3f8ebf93c5728c113f2f3027ca6be9e1b754936cc18,3286,2112,84f6db0ac231f7c46dc9706da648eec63c8430132e5f73f401040ae3c3994a0e,1,2021.09.27.17.06.43_veh-44_01765_01929,us-pa-pittsburgh-hazelwood,us-pa-pittsburgh-hazelwood,True,READY,
train_pittsburgh,/Users/liuqing/Projects/01_E2E_QA_Code/nuplan/dataset/data/cache/train_pittsburgh/2021.09.27.17.06.43_veh-44_02104_02189.db,2021.09.27.17.06.43_veh-44_02104_02189.db,5398528,2022-09-23T05:51:09+00:00,True,bb9292e2ba0ac6dd0635e44292adac8a3830c7282c2f1f8cd8eb399f76931bd2,af0eed6a1e4f6ea09297505fc5ad41acb25df1f113d50c51f61fbb5705e23e4e,1895,1401,1d6cb2eff0eea7d2508ff721cdf7f4211716ca5ed9f57ff544bb45aa863b3028,1,2021.09.27.17.06.43_veh-44_02104_02189,us-pa-pittsburgh-hazelwood,us-pa-pittsburgh-hazelwood,True,READY,
train_pittsburgh,/Users/liuqing/Projects/01_E2E_QA_Code/nuplan/dataset/data/cache/train_pittsburgh/2021.09.27.17.06.43_veh-44_02335_02445.db,2021.09.27.17.06.43_veh-44_02335_02445.db,9371648,2022-09-23T05:51:09+00:00,True,bb9292e2ba0ac6dd0635e44292adac8a3830c7282c2f1f8cd8eb399f76931bd2,1b4686c3f43c18bdd1791a0eddc00e065ebd53f06d82d3ea4989afdb16b32df8,1725,1157,45136255a03338c2f399f811729bc3a395f329257dc2172d07f6f42f869dbc7d,1,2021.09.27.17.06.43_veh-44_02335_02445,us-pa-pittsburgh-hazelwood,us-pa-pittsburgh-hazelwood,True,READY,
train_pittsburgh,/Users/liuqing/Projects/01_E2E_QA_Code/nuplan/dataset/data/cache/train_pittsburgh/2021.09.27.17.52.47_veh-44_00016_00742.db,2021.09.27.17.52.47_veh-44_00016_00742.db,94896128,2022-09-23T05:51:09+00:00,True,bb9292e2ba0ac6dd0635e44292adac8a3830c7282c2f1f8cd8eb399f76931bd2,16f904c138c1a0c306acc74e00e9b79793ab7fc73938c436593b7ebbccb6160a,16806,9110,f9e2776f3a7f4ee8ec5d366b28cec6bcb2637efcfd9585b453994c999553bc78,1,2021.09.27.17.52.47_veh-44_00016_00742,us-pa-pittsburgh-hazelwood,us-pa-pittsburgh-hazelwood,True,READY,
train_pittsburgh,/Users/liuqing/Projects/01_E2E_QA_Code/nuplan/dataset/data/cache/train_pittsburgh/2021.09.27.17.52.47_veh-44_00763_00839.db,2021.09.27.17.52.47_veh-44_00763_00839.db,6225920,2022-09-23T05:51:09+00:00,True,bb9292e2ba0ac6dd0635e44292adac8a3830c7282c2f1f8cd8eb399f76931bd2,79e10c5f93b454ae66dbe0a08e6d5056f762047ece377ed26b4021eccf404e3f,2246,836,ce3a6bb926cb1df561bb2687a358d3526bd4eee5bdd73a72fa12a6bb4ef1597a,1,2021.09.27.17.52.47_veh-44_00763_00839,us-pa-pittsburgh-hazelwood,us-pa-pittsburgh-hazelwood,True,READY,
train_pittsburgh,/Users/liuqing/Projects/01_E2E_QA_Code/nuplan/dataset/data/cache/train_pittsburgh/2021.09.27.17.52.47_veh-44_00913_00985.db,2021.09.27.17.52.47_veh-44_00913_00985.db,5058560,2022-09-23T05:51:09+00:00,True,bb9292e2ba0ac6dd0635e44292adac8a3830c7282c2f1f8cd8eb399f76931bd2,6f1ffc3c77ddf7a7c430680db337554d13ce113dd9af1448065533eb91464522,1455,1054,e76ec5c9861c896a73b941c041b576e24b4ee06e90c0119aa390a03ed04808b4,1,2021.09.27.17.52.47_veh-44_00913_00985,us-pa-pittsburgh-hazelwood,us-pa-pittsburgh-hazelwood,True,READY,
train_pittsburgh,/Users/liuqing/Projects/01_E2E_QA_Code/nuplan/dataset/data/cache/train_pittsburgh/2021.09.27.17.52.47_veh-44_01131_01267.db,2021.09.27.17.52.47_veh-44_01131_01267.db,11386880,2022-09-23T05:51:09+00:00,True,bb9292e2ba0ac6dd0635e44292adac8a3830c7282c2f1f8cd8eb399f76931bd2,fe63bbae283e407467dd9f78ec3c9c801d0bdedc6088a8174ca2c19d23c2caa8,2136,1395,075d89eca1c4e8874e6b4ec0c08030547ce485b0c2652cead7c92e7dac3a65f3,1,2021.09.27.17.52.47_veh-44_01131_01267,us-pa-pittsburgh-hazelwood,us-pa-pittsburgh-hazelwood,True,READY,
train_pittsburgh,/Users/liuqing/Projects/01_E2E_QA_Code/nuplan/dataset/data/cache/train_pittsburgh/2021.09.27.17.52.47_veh-44_01407_01524.db,2021.09.27.17.52.47_veh-44_01407_01524.db,10043392,2022-09-23T05:51:09+00:00,True,bb9292e2ba0ac6dd0635e44292adac8a3830c7282c2f1f8cd8eb399f76931bd2,7029751916694f7b6c54034f8a5ec234a17a1072616a91688d9523f82f345fb3,2066,1386,1b24944dd923efdc7bcdfd22c41f24aa78aa67389a6d0b769515337cc23502e4,1,2021.09.27.17.52.47_veh-44_01407_01524,us-pa-pittsburgh-hazelwood,us-pa-pittsburgh-hazelwood,True,READY,
train_pittsburgh,/Users/liuqing/Projects/01_E2E_QA_Code/nuplan/dataset/data/cache/train_pittsburgh/2021.09.27.17.52.47_veh-44_01631_02044.db,2021.09.27.17.52.47_veh-44_01631_02044.db,46460928,2022-09-23T05:51:09+00:00,True,bb9292e2ba0ac6dd0635e44292adac8a3830c7282c2f1f8cd8eb399f76931bd2,f855baa9928f177898c968947a142cc7c5d472f39a713867502db91a2d56fbb8,8080,4712,2128d2016000f0a3c78ae290e5ec9a5e6248e654ab5adcb542a90830d4b64343,1,2021.09.27.17.52.47_veh-44_01631_02044,us-pa-pittsburgh-hazelwood,us-pa-pittsburgh-hazelwood,True,READY,
train_pittsburgh,/Users/liuqing/Projects/01_E2E_QA_Code/nuplan/dataset/data/cache/train_pittsburgh/2021.09.27.17.52.47_veh-44_02062_02160.db,2021.09.27.17.52.47_veh-44_02062_02160.db,11304960,2022-09-23T05:51:09+00:00,True,bb9292e2ba0ac6dd0635e44292adac8a3830c7282c2f1f8cd8eb399f76931bd2,ca71cceb1080025a2714b6f7315dc03759aa7d7346d509e3a369008480ef9c66,2779,1331,6773514018c1c36a5a80d512992bc93bd1c511603c8e403a3b73cb0bf3bc5810,1,2021.09.27.17.52.47_veh-44_02062_02160,us-pa-pittsburgh-hazelwood,us-pa-pittsburgh-hazelwood,True,READY,
train_pittsburgh,/Users/liuqing/Projects/01_E2E_QA_Code/nuplan/dataset/data/cache/train_pittsburgh/2021.09.27.17.52.47_veh-44_02192_02552.db,2021.09.27.17.52.47_veh-44_02192_02552.db,65388544,2022-09-23T05:51:09+00:00,True,bb9292e2ba0ac6dd0635e44292adac8a3830c7282c2f1f8cd8eb399f76931bd2,a287bbb7a071bc273062d860207ca4c703fb763fe47079cb9d54e8786758e25f,5175,2536,22649b1cc72cd450a762a60f3ecfd07f1b2430b3721e060d2a000aee22042c58,1,2021.09.27.17.52.47_veh-44_02192_02552,us-pa-pittsburgh-hazelwood,us-pa-pittsburgh-hazelwood,True,READY,
train_pittsburgh,/Users/liuqing/Projects/01_E2E_QA_Code/nuplan/dataset/data/cache/train_pittsburgh/2021.09.27.18.51.35_veh-44_00016_00103.db,2021.09.27.18.51.35_veh-44_00016_00103.db,7458816,2022-09-23T05:51:09+00:00,True,bb9292e2ba0ac6dd0635e44292adac8a3830c7282c2f1f8cd8eb399f76931bd2,d144f6211adcd2db32d3ac23e182c9dd91ea2daf8884e2d7999a4d0b6080af56,1405,886,7e8fef9e075cfa9ba027fff67f836d5174b728b48e979e8dd9cc946f0af0a72f,1,2021.09.27.18.51.35_veh-44_00016_00103,us-pa-pittsburgh-hazelwood,us-pa-pittsburgh-hazelwood,True,READY,
train_pittsburgh,/Users/liuqing/Projects/01_E2E_QA_Code/nuplan/dataset/data/cache/train_pittsburgh/2021.09.27.18.51.35_veh-44_00246_00358.db,2021.09.27.18.51.35_veh-44_00246_00358.db,7565312,2022-09-23T05:51:09+00:00,True,bb9292e2ba0ac6dd0635e44292adac8a3830c7282c2f1f8cd8eb399f76931bd2,5ae5a519102a562dc9c068aaee95990728f6df55f5a609296d79f6f37a8f236d,2744,1891,60556133efa654a5f546fad1bdf71947c81daf72adf25f22dddf0c2df295dda6,1,2021.09.27.18.51.35_veh-44_00246_00358,us-pa-pittsburgh-hazelwood,us-pa-pittsburgh-hazelwood,True,READY,
train_pittsburgh,/Users/liuqing/Projects/01_E2E_QA_Code/nuplan/dataset/data/cache/train_pittsburgh/2021.09.27.18.51.35_veh-44_00369_01255.db,2021.09.27.18.51.35_veh-44_00369_01255.db,135835648,2022-09-23T05:51:09+00:00,True,bb9292e2ba0ac6dd0635e44292adac8a3830c7282c2f1f8cd8eb399f76931bd2,71570d2649dcb6bd9ec319361eb579569d0363623f63d12892ee1a2b0c629b73,22026,12110,c668073bdc2f81e3b5dfa0583fdd55f34576e6c397bd5d76d1d17f4e1f9adbbc,1,2021.09.27.18.51.35_veh-44_00369_01255,us-pa-pittsburgh-hazelwood,us-pa-pittsburgh-hazelwood,True,READY,
train_pittsburgh,/Users/liuqing/Projects/01_E2E_QA_Code/nuplan/dataset/data/cache/train_pittsburgh/2021.09.27.18.51.35_veh-44_01266_01414.db,2021.09.27.18.51.35_veh-44_01266_01414.db,18599936,2022-09-23T05:51:09+00:00,True,bb9292e2ba0ac6dd0635e44292adac8a3830c7282c2f1f8cd8eb399f76931bd2,9511575a009d683466c5e0c092ab0ffe0f3b0b9c20f12149e42a138d660a49ce,2727,1905,0ceaa897a40ec4ea226d1c5d8505695764394d15ffba00caa573b3d366719211,1,2021.09.27.18.51.35_veh-44_01266_01414,us-pa-pittsburgh-hazelwood,us-pa-pittsburgh-hazelwood,True,READY,
train_pittsburgh,/Users/liuqing/Projects/01_E2E_QA_Code/nuplan/dataset/data/cache/train_pittsburgh/2021.09.27.18.51.35_veh-44_01543_01638.db,2021.09.27.18.51.35_veh-44_01543_01638.db,6328320,2022-09-23T05:51:09+00:00,True,bb9292e2ba0ac6dd0635e44292adac8a3830c7282c2f1f8cd8eb399f76931bd2,efe3bddbb3c84a5472fbfe8676af047f8d05d3031276033a817733721e003044,2133,1478,e0374221da0efff290b91512d9d1662f6bd11798dc0168c97f8a625edb668b09,1,2021.09.27.18.51.35_veh-44_01543_01638,us-pa-pittsburgh-hazelwood,us-pa-pittsburgh-hazelwood,True,READY,
train_pittsburgh,/Users/liuqing/Projects/01_E2E_QA_Code/nuplan/dataset/data/cache/train_pittsburgh/2021.09.27.18.51.35_veh-44_01817_01921.db,2021.09.27.18.51.35_veh-44_01817_01921.db,7266304,2022-09-23T05:51:09+00:00,True,bb9292e2ba0ac6dd0635e44292adac8a3830c7282c2f1f8cd8eb399f76931bd2,9e2b0bd0b9a45732dea6e5565f9ea4c9ef5a12fb0d70746838edafcefc1f91b5,2033,1316,38c51f86b0823b94cdfbac860010a1ed424fe5ec0ae5902bad5f8c9c162cdd89,1,2021.09.27.18.51.35_veh-44_01817_01921,us-pa-pittsburgh-hazelwood,us-pa-pittsburgh-hazelwood,True,READY,
train_pittsburgh,/Users/liuqing/Projects/01_E2E_QA_Code/nuplan/dataset/data/cache/train_pittsburgh/2021.09.27.18.51.35_veh-44_02009_02370.db,2021.09.27.18.51.35_veh-44_02009_02370.db,36896768,2022-09-23T05:51:09+00:00,True,bb9292e2ba0ac6dd0635e44292adac8a3830c7282c2f1f8cd8eb399f76931bd2,ab666d9c2acfc8f7de1de7fc205ded45f53fb7935093f4b71782cf4bed480f4a,9741,4975,6c8f983cdc5ee45ea4ce93020f83a1ef0adfcd2335963d8d3e459f2179aae55c,1,2021.09.27.18.51.35_veh-44_02009_02370,us-pa-pittsburgh-hazelwood,us-pa-pittsburgh-hazelwood,True,READY,
train_pittsburgh,/Users/liuqing/Projects/01_E2E_QA_Code/nuplan/dataset/data/cache/train_pittsburgh/2021.09.27.18.51.35_veh-44_02405_02850.db,2021.09.27.18.51.35_veh-44_02405_02850.db,78536704,2022-09-23T05:51:09+00:00,True,bb9292e2ba0ac6dd0635e44292adac8a3830c7282c2f1f8cd8eb399f76931bd2,9b396f5d9ff6e84459ee3c81f4367e91de4e45208dbc28840db8468964b723fc,8403,4276,63254b770e9d052aa2055a44f47bf64599b27718f02b61485f4211e4cb2d88bf,1,2021.09.27.18.51.35_veh-44_02405_02850,us-pa-pittsburgh-hazelwood,us-pa-pittsburgh-hazelwood,True,READY,
train_pittsburgh,/Users/liuqing/Projects/01_E2E_QA_Code/nuplan/dataset/data/cache/train_pittsburgh/2021.09.27.19.43.19_veh-44_00016_00587.db,2021.09.27.19.43.19_veh-44_00016_00587.db,86163456,2022-09-23T05:51:09+00:00,True,bb9292e2ba0ac6dd0635e44292adac8a3830c7282c2f1f8cd8eb399f76931bd2,1b9e3f990e3b72606d354aa924555d4821ce8d08cab07b3c42218b2ff05a65ce,14316,7380,acb8f71ea10e77fbfbf451e394ad2d106ff8b696783e28293122f425fd2f6475,1,2021.09.27.19.43.19_veh-44_00016_00587,us-pa-pittsburgh-hazelwood,us-pa-pittsburgh-hazelwood,True,READY,
train_pittsburgh,/Users/liuqing/Projects/01_E2E_QA_Code/nuplan/dataset/data/cache/train_pittsburgh/2021.09.27.19.43.19_veh-44_00607_00690.db,2021.09.27.19.43.19_veh-44_00607_00690.db,7950336,2022-09-23T05:51:10+00:00,True,bb9292e2ba0ac6dd0635e44292adac8a3830c7282c2f1f8cd8eb399f76931bd2,aad63a6b11f1368afd3ea8ee856e757cd60f5d71932ff295f6c049485acbf248,1531,1031,5b54e7d93d738ac234a41700ccbe92790ba346837dcf56059c67bbe21978c44f,1,2021.09.27.19.43.19_veh-44_00607_00690,us-pa-pittsburgh-hazelwood,us-pa-pittsburgh-hazelwood,True,READY,
train_pittsburgh,/Users/liuqing/Projects/01_E2E_QA_Code/nuplan/dataset/data/cache/train_pittsburgh/2021.09.27.19.43.19_veh-44_00770_01582.db,2021.09.27.19.43.19_veh-44_00770_01582.db,136327168,2022-09-23T05:51:10+00:00,True,bb9292e2ba0ac6dd0635e44292adac8a3830c7282c2f1f8cd8eb399f76931bd2,2be65eb31e7f3512153ce86f992a19c9f927200caebe30cb797210334101ea63,21658,11291,e09030a508e856f6cbf5f6c39ef845147900c912167b51579da0ca541fb142d9,1,2021.09.27.19.43.19_veh-44_00770_01582,us-pa-pittsburgh-hazelwood,us-pa-pittsburgh-hazelwood,True,READY,
train_pittsburgh,/Users/liuqing/Projects/01_E2E_QA_Code/nuplan/dataset/data/cache/train_pittsburgh/2021.09.28.13.24.06_veh-44_00043_00707.db,2021.09.28.13.24.06_veh-44_00043_00707.db,54595584,2022-09-23T05:51:14+00:00,True,bb9292e2ba0ac6dd0635e44292adac8a3830c7282c2f1f8cd8eb399f76931bd2,cc3f82f8d6424405c3a7d2697975e31993a1545910ab19fce54ca7310b865d0d,14929,8965,57fa879d4d386913d8adac750e464ceeab6014e8dfa91c06396d175c6149b112,1,2021.09.28.13.24.06_veh-44_00043_00707,us-pa-pittsburgh-hazelwood,us-pa-pittsburgh-hazelwood,True,READY,
train_pittsburgh,/Users/liuqing/Projects/01_E2E_QA_Code/nuplan/dataset/data/cache/train_pittsburgh/2021.09.28.13.24.06_veh-44_00726_01083.db,2021.09.28.13.24.06_veh-44_00726_01083.db,57139200,2022-09-23T05:51:14+00:00,True,bb9292e2ba0ac6dd0635e44292adac8a3830c7282c2f1f8cd8eb399f76931bd2,2038b3f115ae7973bae0b0bebce0c57ed4385992dc5271095fb73cd38c292fc1,7785,4224,aa401739173b8d1166bd91543dbc6997220907bb97c3d206fbb65a757a8331a6,1,2021.09.28.13.24.06_veh-44_00726_01083,us-pa-pittsburgh-hazelwood,us-pa-pittsburgh-hazelwood,True,READY,
train_pittsburgh,/Users/liuqing/Projects/01_E2E_QA_Code/nuplan/dataset/data/cache/train_pittsburgh/2021.09.28.13.24.06_veh-44_01102_01289.db,2021.09.28.13.24.06_veh-44_01102_01289.db,22380544,2022-09-23T05:51:14+00:00,True,bb9292e2ba0ac6dd0635e44292adac8a3830c7282c2f1f8cd8eb399f76931bd2,7ae5a8def4c8e4143b4e7b3d187e9ef6fcf4fead79ad9d11c21fb6b5dfd3e9a2,3578,2421,d9104673858f0f49e1355bd238e0702c854212d1813477a43a3c9f910b10136f,1,2021.09.28.13.24.06_veh-44_01102_01289,us-pa-pittsburgh-hazelwood,us-pa-pittsburgh-hazelwood,True,READY,
train_pittsburgh,/Users/liuqing/Projects/01_E2E_QA_Code/nuplan/dataset/data/cache/train_pittsburgh/2021.09.28.13.24.06_veh-44_01300_01737.db,2021.09.28.13.24.06_veh-44_01300_01737.db,64335872,2022-09-23T05:51:14+00:00,True,bb9292e2ba0ac6dd0635e44292adac8a3830c7282c2f1f8cd8eb399f76931bd2,2b8703b38af70d8108b69fb2faf339e6122b7bf7b8234f76612fbab795e7038b,10983,6182,49b443e12610740290283c178529e3b71e531614316f78c06809979a17b65583,1,2021.09.28.13.24.06_veh-44_01300_01737,us-pa-pittsburgh-hazelwood,us-pa-pittsburgh-hazelwood,True,READY,
train_pittsburgh,/Users/liuqing/Projects/01_E2E_QA_Code/nuplan/dataset/data/cache/train_pittsburgh/2021.09.28.13.24.06_veh-44_01757_01977.db,2021.09.28.13.24.06_veh-44_01757_01977.db,32145408,2022-09-23T05:51:14+00:00,True,bb9292e2ba0ac6dd0635e44292adac8a3830c7282c2f1f8cd8eb399f76931bd2,29f05a7f5028e07b6317c8660b21c47c2df5213b4fccdcc0f84cea29d80dd742,4363,2807,2333735f07bb105c6152973232dde04691322fc6f3aad3d5f49f2d07488301d9,1,2021.09.28.13.24.06_veh-44_01757_01977,us-pa-pittsburgh-hazelwood,us-pa-pittsburgh-hazelwood,True,READY,
train_pittsburgh,/Users/liuqing/Projects/01_E2E_QA_Code/nuplan/dataset/data/cache/train_pittsburgh/2021.09.28.13.24.06_veh-44_01995_02739.db,2021.09.28.13.24.06_veh-44_01995_02739.db,113156096,2022-09-23T05:51:14+00:00,True,bb9292e2ba0ac6dd0635e44292adac8a3830c7282c2f1f8cd8eb399f76931bd2,ba76312528b1b9ffd533b14da58be368f7867d8f207dc57f3f48b4be63db3ab2,23561,9966,0615f51489dbf43681b5ac42d643fee21aa129573668985956ab5840cab19a24,1,2021.09.28.13.24.06_veh-44_01995_02739,us-pa-pittsburgh-hazelwood,us-pa-pittsburgh-hazelwood,True,READY,
train_pittsburgh,/Users/liuqing/Projects/01_E2E_QA_Code/nuplan/dataset/data/cache/train_pittsburgh/2021.09.28.13.24.06_veh-44_02759_02879.db,2021.09.28.13.24.06_veh-44_02759_02879.db,10821632,2022-09-23T05:51:14+00:00,True,bb9292e2ba0ac6dd0635e44292adac8a3830c7282c2f1f8cd8eb399f76931bd2,03149cd51d37754b1ab36d209aca79d47419d6b53557050940095ef9451cd77e,2002,1057,7a70818e272d9fe60db0a164f96f3a27755e09a693c447570bb7e3ec9753649e,1,2021.09.28.13.24.06_veh-44_02759_02879,us-pa-pittsburgh-hazelwood,us-pa-pittsburgh-hazelwood,True,READY,
train_pittsburgh,/Users/liuqing/Projects/01_E2E_QA_Code/nuplan/dataset/data/cache/train_pittsburgh/2021.09.28.13.24.06_veh-44_02970_03103.db,2021.09.28.13.24.06_veh-44_02970_03103.db,9768960,2022-09-23T05:51:14+00:00,True,bb9292e2ba0ac6dd0635e44292adac8a3830c7282c2f1f8cd8eb399f76931bd2,b294944a5725c2540632990355d4658902d80bba393f357d2b4bad6c9a279522,3014,1891,b73c7e6a8984bb44d5cd65027c46f289849458d1f7496d76e45d14acaa41ef6e,1,2021.09.28.13.24.06_veh-44_02970_03103,us-pa-pittsburgh-hazelwood,us-pa-pittsburgh-hazelwood,True,READY,
train_pittsburgh,/Users/liuqing/Projects/01_E2E_QA_Code/nuplan/dataset/data/cache/train_pittsburgh/2021.09.28.14.23.32_veh-44_00047_00194.db,2021.09.28.14.23.32_veh-44_00047_00194.db,13615104,2022-09-23T05:51:15+00:00,True,bb9292e2ba0ac6dd0635e44292adac8a3830c7282c2f1f8cd8eb399f76931bd2,dd566724d9ae0a619cb176bb46787ab3150bc27ee63a59992909db1b42e9aa0a,2655,1842,8826206f5c915026f6e237961ee5410c1019944c2be52de1a8a7098fb4e1fd65,1,2021.09.28.14.23.32_veh-44_00047_00194,us-pa-pittsburgh-hazelwood,us-pa-pittsburgh-hazelwood,True,READY,
train_pittsburgh,/Users/liuqing/Projects/01_E2E_QA_Code/nuplan/dataset/data/cache/train_pittsburgh/2021.09.28.14.23.32_veh-44_00248_00309.db,2021.09.28.14.23.32_veh-44_00248_00309.db,4071424,2022-09-23T05:51:15+00:00,True,bb9292e2ba0ac6dd0635e44292adac8a3830c7282c2f1f8cd8eb399f76931bd2,b04b801d9b2486b2a76c7fe9f0421c1dec8d795fed50358120ab26ba39afa4e4,1355,933,51d8f76232b4d6bed776a4863f2ee4af8f464b5cd594c9e35570ad8efc0e4f1a,1,2021.09.28.14.23.32_veh-44_00248_00309,us-pa-pittsburgh-hazelwood,us-pa-pittsburgh-hazelwood,True,READY,
train_pittsburgh,/Users/liuqing/Projects/01_E2E_QA_Code/nuplan/dataset/data/cache/train_pittsburgh/2021.09.28.14.23.32_veh-44_00337_00413.db,2021.09.28.14.23.32_veh-44_00337_00413.db,4939776,2022-09-23T05:51:15+00:00,True,bb9292e2ba0ac6dd0635e44292adac8a3830c7282c2f1f8cd8eb399f76931bd2,37166d2dd76f06e9bb1840e578f66ab8bf8174d79af3b4347089f938e575f80f,1894,1345,c7cf082996c35e4a7205ad1899c8bd05ce029111d7482e37134b9276887ead24,1,2021.09.28.14.23.32_veh-44_00337_00413,us-pa-pittsburgh-hazelwood,us-pa-pittsburgh-hazelwood,True,READY,
train_pittsburgh,/Users/liuqing/Projects/01_E2E_QA_Code/nuplan/dataset/data/cache/train_pittsburgh/2021.09.28.14.23.32_veh-44_00437_00870.db,2021.09.28.14.23.32_veh-44_00437_00870.db,45355008,2022-09-23T05:51:15+00:00,True,bb9292e2ba0ac6dd0635e44292adac8a3830c7282c2f1f8cd8eb399f76931bd2,646667b9ae4f40debcba8f8a9c753356b712796cdefc0b47d61c9bf7ab1397f0,9541,5542,1398f9358b273e3ca8e0fdcd464d296881952a838dedf1bbf2eba1cb5e2dd2b6,1,2021.09.28.14.23.32_veh-44_00437_00870,us-pa-pittsburgh-hazelwood,us-pa-pittsburgh-hazelwood,True,READY,
train_pittsburgh,/Users/liuqing/Projects/01_E2E_QA_Code/nuplan/dataset/data/cache/train_pittsburgh/2021.09.28.14.23.32_veh-44_00888_01058.db,2021.09.28.14.23.32_veh-44_00888_01058.db,25268224,2022-09-23T05:51:15+00:00,True,bb9292e2ba0ac6dd0635e44292adac8a3830c7282c2f1f8cd8eb399f76931bd2,4202e9b579f96a33f3fdf5d122505b0f127f2ed2729e6288bdff0c927c42d9dc,3182,2497,6070bf3125b5c1800b3d9ca776bcda0a0b776c5cbc5e54eaba831cc2894310d4,1,2021.09.28.14.23.32_veh-44_00888_01058,us-pa-pittsburgh-hazelwood,us-pa-pittsburgh-hazelwood,True,READY,
train_pittsburgh,/Users/liuqing/Projects/01_E2E_QA_Code/nuplan/dataset/data/cache/train_pittsburgh/2021.09.28.14.23.32_veh-44_01090_01406.db,2021.09.28.14.23.32_veh-44_01090_01406.db,48459776,2022-09-23T05:51:15+00:00,True,bb9292e2ba0ac6dd0635e44292adac8a3830c7282c2f1f8cd8eb399f76931bd2,f0ad905acd848bef25298f5a712f31d6b0d9e0c86cf4717fd10589f166497956,7027,4246,c7a07da389c0649960751b11f7f305001efc61ab4fa94b604d4296a9b6596287,1,2021.09.28.14.23.32_veh-44_01090_01406,us-pa-pittsburgh-hazelwood,us-pa-pittsburgh-hazelwood,True,READY,
train_pittsburgh,/Users/liuqing/Projects/01_E2E_QA_Code/nuplan/dataset/data/cache/train_pittsburgh/2021.09.28.14.23.32_veh-44_01423_01838.db,2021.09.28.14.23.32_veh-44_01423_01838.db,52461568,2022-09-23T05:51:15+00:00,True,bb9292e2ba0ac6dd0635e44292adac8a3830c7282c2f1f8cd8eb399f76931bd2,342bdbd32b43360629fd18a1bd5c84c82b35cdf464877eaafe778a20adb5eea1,8386,5005,2fd3f9081d1cb9fed24b5fcaf15079401149e506bdd1d0e74ef83a4780002630,1,2021.09.28.14.23.32_veh-44_01423_01838,us-pa-pittsburgh-hazelwood,us-pa-pittsburgh-hazelwood,True,READY,
train_pittsburgh,/Users/liuqing/Projects/01_E2E_QA_Code/nuplan/dataset/data/cache/train_pittsburgh/2021.09.28.14.23.32_veh-44_01850_03029.db,2021.09.28.14.23.32_veh-44_01850_03029.db,182018048,2022-09-23T05:51:15+00:00,True,bb9292e2ba0ac6dd0635e44292adac8a3830c7282c2f1f8cd8eb399f76931bd2,91955cc1441dd821d1ae2fb35967fab2c4338bdf40475172a4206d4c1345fe08,25946,15437,fde403be76b55f274ab5db7af118f3867ae2695158a75f0b8aced77a87ecf0b9,1,2021.09.28.14.23.32_veh-44_01850_03029,us-pa-pittsburgh-hazelwood,us-pa-pittsburgh-hazelwood,True,READY,
train_pittsburgh,/Users/liuqing/Projects/01_E2E_QA_Code/nuplan/dataset/data/cache/train_pittsburgh/2021.09.28.15.17.00_veh-44_00016_00401.db,2021.09.28.15.17.00_veh-44_00016_00401.db,73805824,2022-09-23T05:51:15+00:00,True,bb9292e2ba0ac6dd0635e44292adac8a3830c7282c2f1f8cd8eb399f76931bd2,92b11ad4747950ea67f0696b5e6e24f01ddfb462de82203af1c18e97809a5d9a,9229,4798,ed6ec0b9848d2f19ee8c6ad852e3128fd5349bd755c3d4fbf0f2034a33857d09,1,2021.09.28.15.17.00_veh-44_00016_00401,us-pa-pittsburgh-hazelwood,us-pa-pittsburgh-hazelwood,True,READY,
train_pittsburgh,/Users/liuqing/Projects/01_E2E_QA_Code/nuplan/dataset/data/cache/train_pittsburgh/2021.09.28.15.17.00_veh-44_00421_00660.db,2021.09.28.15.17.00_veh-44_00421_00660.db,37904384,2022-09-23T05:51:15+00:00,True,bb9292e2ba0ac6dd0635e44292adac8a3830c7282c2f1f8cd8eb399f76931bd2,50842f52d1630f3e84dbeb55de8b2827128862b230e0042fe979ff519cc9dead,5587,3094,083eb5f5bf8df9c057dbd2f97a4f4588e940d2c56b98714bbbe50bdf57129aa3,1,2021.09.28.15.17.00_veh-44_00421_00660,us-pa-pittsburgh-hazelwood,us-pa-pittsburgh-hazelwood,True,READY,
train_pittsburgh,/Users/liuqing/Projects/01_E2E_QA_Code/nuplan/dataset/data/cache/train_pittsburgh/2021.09.28.15.17.00_veh-44_00682_00778.db,2021.09.28.15.17.00_veh-44_00682_00778.db,16400384,2022-09-23T05:51:15+00:00,True,bb9292e2ba0ac6dd0635e44292adac8a3830c7282c2f1f8cd8eb399f76931bd2,a70ad7af9fcfc95b10ed3b57aef087ce87f7775b5e3744e8d8b8c11f7245ba3f,2264,1044,81298d4af2cffb0d2b6f8d946db42d82826c5e87d43b905dc7aebc476a56cc11,1,2021.09.28.15.17.00_veh-44_00682_00778,us-pa-pittsburgh-hazelwood,us-pa-pittsburgh-hazelwood,True,READY,
train_pittsburgh,/Users/liuqing/Projects/01_E2E_QA_Code/nuplan/dataset/data/cache/train_pittsburgh/2021.09.28.15.17.00_veh-44_00795_01892.db,2021.09.28.15.17.00_veh-44_00795_01892.db,182493184,2022-09-23T05:51:15+00:00,True,bb9292e2ba0ac6dd0635e44292adac8a3830c7282c2f1f8cd8eb399f76931bd2,b382e664f3f7fcbed35d54b06e566ff6a83fb811f3625570daaa5b41f10c2c37,26321,12938,758f3f1e58e8e1949eb0e79042c1c9b130c3710cf84212ababed37b2e950693b,1,2021.09.28.15.17.00_veh-44_00795_01892,us-pa-pittsburgh-hazelwood,us-pa-pittsburgh-hazelwood,True,READY,
train_pittsburgh,/Users/liuqing/Projects/01_E2E_QA_Code/nuplan/dataset/data/cache/train_pittsburgh/2021.09.28.15.17.00_veh-44_01916_02112.db,2021.09.28.15.17.00_veh-44_01916_02112.db,22413312,2022-09-23T05:51:15+00:00,True,bb9292e2ba0ac6dd0635e44292adac8a3830c7282c2f1f8cd8eb399f76931bd2,f3535074e1f8ce70ec4e4e13efd88ccaa0e4875f0365ad64356d1a49831ec270,4822,2515,8bd34667e3a904ea5f9700d3a7ee73d0c5449fba5015706a7b11a880563ffec8,1,2021.09.28.15.17.00_veh-44_01916_02112,us-pa-pittsburgh-hazelwood,us-pa-pittsburgh-hazelwood,True,READY,
train_pittsburgh,/Users/liuqing/Projects/01_E2E_QA_Code/nuplan/dataset/data/cache/train_pittsburgh/2021.09.28.15.17.00_veh-44_02130_02201.db,2021.09.28.15.17.00_veh-44_02130_02201.db,5611520,2022-09-23T05:51:15+00:00,True,bb9292e2ba0ac6dd0635e44292adac8a3830c7282c2f1f8cd8eb399f76931bd2,436850a257248c9b5b10fb22d12ccea4c2baeeb0f8091e12eefa433daa2ca505,1227,655,70a201106e45eff07b07cb63ca7465ddd30b230b41adbf25684284eb7d8b383f,1,2021.09.28.15.17.00_veh-44_02130_02201,us-pa-pittsburgh-hazelwood,us-pa-pittsburgh-hazelwood,True,READY,
train_pittsburgh,/Users/liuqing/Projects/01_E2E_QA_Code/nuplan/dataset/data/cache/train_pittsburgh/2021.09.28.15.17.00_veh-44_02215_02366.db,2021.09.28.15.17.00_veh-44_02215_02366.db,10735616,2022-09-23T05:51:15+00:00,True,bb9292e2ba0ac6dd0635e44292adac8a3830c7282c2f1f8cd8eb399f76931bd2,e0aafa84ff71395defc38baddbb006b648c599d2fa72a71a9cd13da139cb033d,1710,1218,7560d2540c72b2d18f4bd62caed4635d7cc7d27ff91502a273167cda901aa10d,1,2021.09.28.15.17.00_veh-44_02215_02366,us-pa-pittsburgh-hazelwood,us-pa-pittsburgh-hazelwood,True,READY,
train_pittsburgh,/Users/liuqing/Projects/01_E2E_QA_Code/nuplan/dataset/data/cache/train_pittsburgh/2021.09.28.16.09.49_veh-44_00016_00099.db,2021.09.28.16.09.49_veh-44_00016_00099.db,7876608,2022-09-23T05:51:15+00:00,True,bb9292e2ba0ac6dd0635e44292adac8a3830c7282c2f1f8cd8eb399f76931bd2,e36e9ec33869d4ff2ffd7d91adfdd9363bb85f42306badffcfcb72cf428e8539,1174,742,8174c7794f21066ff7c3bfd5b91fccdde5f87eeb8b4d4ff5abde0f25acfe9c25,1,2021.09.28.16.09.49_veh-44_00016_00099,us-pa-pittsburgh-hazelwood,us-pa-pittsburgh-hazelwood,True,READY,
train_pittsburgh,/Users/liuqing/Projects/01_E2E_QA_Code/nuplan/dataset/data/cache/train_pittsburgh/2021.09.28.16.09.49_veh-44_00255_00316.db,2021.09.28.16.09.49_veh-44_00255_00316.db,4308992,2022-09-23T05:51:15+00:00,True,bb9292e2ba0ac6dd0635e44292adac8a3830c7282c2f1f8cd8eb399f76931bd2,d169e16ab0b01ab8e6f215cf540d56a19b146adf04134df88b21687a7adca481,1418,1004,a835b718559c911fa2a28c04d367b4fd20f91e9c5f91300dccea7d6a849072ab,1,2021.09.28.16.09.49_veh-44_00255_00316,us-pa-pittsburgh-hazelwood,us-pa-pittsburgh-hazelwood,True,READY,
train_pittsburgh,/Users/liuqing/Projects/01_E2E_QA_Code/nuplan/dataset/data/cache/train_pittsburgh/2021.09.28.16.09.49_veh-44_00389_00715.db,2021.09.28.16.09.49_veh-44_00389_00715.db,38629376,2022-09-23T05:51:15+00:00,True,bb9292e2ba0ac6dd0635e44292adac8a3830c7282c2f1f8cd8eb399f76931bd2,cfad10f5681ad8ba6e09cb0aff0bfa068f15321243cca89aea313c0d207606f5,9277,4635,edffd49650923f5e499728f45811776804f4e419a819149e15adf16881579157,1,2021.09.28.16.09.49_veh-44_00389_00715,us-pa-pittsburgh-hazelwood,us-pa-pittsburgh-hazelwood,True,READY,
train_pittsburgh,/Users/liuqing/Projects/01_E2E_QA_Code/nuplan/dataset/data/cache/train_pittsburgh/2021.09.28.16.09.49_veh-44_00738_00987.db,2021.09.28.16.09.49_veh-44_00738_00987.db,43941888,2022-09-23T05:51:15+00:00,True,bb9292e2ba0ac6dd0635e44292adac8a3830c7282c2f1f8cd8eb399f76931bd2,42e905d57f82e3aa4d5f2fe8b00ebe9c9249dc677befbedb8cf1a27fed3c4baf,9423,3562,33359e07eebe52d6a6b639dd0cde72b87ee9c1c0224e8770713a1b63b2aa9d9d,1,2021.09.28.16.09.49_veh-44_00738_00987,us-pa-pittsburgh-hazelwood,us-pa-pittsburgh-hazelwood,True,READY,
train_pittsburgh,/Users/liuqing/Projects/01_E2E_QA_Code/nuplan/dataset/data/cache/train_pittsburgh/2021.09.28.16.09.49_veh-44_01006_01236.db,2021.09.28.16.09.49_veh-44_01006_01236.db,24621056,2022-09-23T05:51:15+00:00,True,bb9292e2ba0ac6dd0635e44292adac8a3830c7282c2f1f8cd8eb399f76931bd2,eddebbbd2814f26cd929153277ed5f88d4abd0e640c5351c4ebf66f2ec5748be,4333,2886,f2c507b38d03873876c2722d09674307dcd1a288aa3cbe3f4d1082b2214ca24f,1,2021.09.28.16.09.49_veh-44_01006_01236,us-pa-pittsburgh-hazelwood,us-pa-pittsburgh-hazelwood,True,READY,
train_pittsburgh,/Users/liuqing/Projects/01_E2E_QA_Code/nuplan/dataset/data/cache/train_pittsburgh/2021.09.28.16.09.49_veh-44_01347_01439.db,2021.09.28.16.09.49_veh-44_01347_01439.db,6090752,2022-09-23T05:51:15+00:00,True,bb9292e2ba0ac6dd0635e44292adac8a3830c7282c2f1f8cd8eb399f76931bd2,09f5b2eb508d4082c8a9058c24cb9ed3b72f25150b24e327441c978e70c17c03,1972,1417,08a3f9613dceefeb4e7f38ce41123daa308ac5e88fd4dfa3ea3c5735aaac06b6,1,2021.09.28.16.09.49_veh-44_01347_01439,us-pa-pittsburgh-hazelwood,us-pa-pittsburgh-hazelwood,True,READY,
train_pittsburgh,/Users/liuqing/Projects/01_E2E_QA_Code/nuplan/dataset/data/cache/train_pittsburgh/2021.09.28.16.09.49_veh-44_01769_02126.db,2021.09.28.16.09.49_veh-44_01769_02126.db,52240384,2022-09-23T05:51:15+00:00,True,bb9292e2ba0ac6dd0635e44292adac8a3830c7282c2f1f8cd8eb399f76931bd2,1ace6291259f0ea008a9b1918c47a78d854354638ca0d91ccf622e781c69f63f,9968,4759,0dff39667722af1d390a40ba2dfae9c88e84a28ac1a15213563b351025fc5c39,1,2021.09.28.16.09.49_veh-44_01769_02126,us-pa-pittsburgh-hazelwood,us-pa-pittsburgh-hazelwood,True,READY,
train_pittsburgh,/Users/liuqing/Projects/01_E2E_QA_Code/nuplan/dataset/data/cache/train_pittsburgh/2021.09.28.16.09.49_veh-44_02149_02256.db,2021.09.28.16.09.49_veh-44_02149_02256.db,21405696,2022-09-23T05:51:15+00:00,True,bb9292e2ba0ac6dd0635e44292adac8a3830c7282c2f1f8cd8eb399f76931bd2,92dc41ed9b1b277c2e28338c7031db92612f056ec84af60bd5a45b6bc018dd7b,1729,1087,00667e769dd2993c09a380d4a522c78624903a613e9c7df84defcffb53e6d405,1,2021.09.28.16.09.49_veh-44_02149_02256,us-pa-pittsburgh-hazelwood,us-pa-pittsburgh-hazelwood,True,READY,
train_pittsburgh,/Users/liuqing/Projects/01_E2E_QA_Code/nuplan/dataset/data/cache/train_pittsburgh/2021.09.28.16.50.03_veh-44_00016_00283.db,2021.09.28.16.50.03_veh-44_00016_00283.db,34287616,2022-09-23T05:51:15+00:00,True,bb9292e2ba0ac6dd0635e44292adac8a3830c7282c2f1f8cd8eb399f76931bd2,cc6986a7b4a4b2f1cf1aa2e55150cb00a82eecc547b21fdf969682522206bad8,7057,3973,d5e4d4b9fc0fc7e21bb430ceb5be4f66e39a307a7092b07b28324e174734ef43,1,2021.09.28.16.50.03_veh-44_00016_00283,us-pa-pittsburgh-hazelwood,us-pa-pittsburgh-hazelwood,True,READY,
train_pittsburgh,/Users/liuqing/Projects/01_E2E_QA_Code/nuplan/dataset/data/cache/train_pittsburgh/2021.09.28.16.50.03_veh-44_00421_00483.db,2021.09.28.16.50.03_veh-44_00421_00483.db,4349952,2022-09-23T05:51:15+00:00,True,bb9292e2ba0ac6dd0635e44292adac8a3830c7282c2f1f8cd8eb399f76931bd2,b08a62c79162ce2e656de8ba5a89e820fce0661c10f086e099ba8709cbc11897,1090,852,93ccadf87ecdd8f3c3cb407d1b5e1b01fdfd0901aaa3bfb82108705d1509542b,1,2021.09.28.16.50.03_veh-44_00421_00483,us-pa-pittsburgh-hazelwood,us-pa-pittsburgh-hazelwood,True,READY,
train_pittsburgh,/Users/liuqing/Projects/01_E2E_QA_Code/nuplan/dataset/data/cache/train_pittsburgh/2021.09.28.16.50.03_veh-44_00633_00758.db,2021.09.28.16.50.03_veh-44_00633_00758.db,9871360,2022-09-23T05:51:15+00:00,True,bb9292e2ba0ac6dd0635e44292adac8a3830c7282c2f1f8cd8eb399f76931bd2,f711340bb5f3112898d907ef4d621c41bd8f978e25c13e62728a4023e04fb73a,2380,1489,256833830b736da50271caa9928d79a4787c6cf621c214eaae09dc0591d0567b,1,2021.09.28.16.50.03_veh-44_00633_00758,us-pa-pittsburgh-hazelwood,us-pa-pittsburgh-hazelwood,True,READY,
train_pittsburgh,/Users/liuqing/Projects/01_E2E_QA_Code/nuplan/dataset/data/cache/train_pittsburgh/2021.09.28.16.50.03_veh-44_00782_01293.db,2021.09.28.16.50.03_veh-44_00782_01293.db,78573568,2022-09-23T05:51:15+00:00,True,bb9292e2ba0ac6dd0635e44292adac8a3830c7282c2f1f8cd8eb399f76931bd2,88bcd572ed5f7e985a09d8d021edbc55a07c1ce2c29b7086cf8699b2c4116344,16064,7359,e7b80321ee6e2fcc15c7d77cbdd8b4bce0d1e0aa4f277d4947b1e4f6991c0c4e,1,2021.09.28.16.50.03_veh-44_00782_01293,us-pa-pittsburgh-hazelwood,us-pa-pittsburgh-hazelwood,True,READY,
train_pittsburgh,/Users/liuqing/Projects/01_E2E_QA_Code/nuplan/dataset/data/cache/train_pittsburgh/2021.09.28.16.50.03_veh-44_01322_01746.db,2021.09.28.16.50.03_veh-44_01322_01746.db,71979008,2022-09-23T05:51:15+00:00,True,bb9292e2ba0ac6dd0635e44292adac8a3830c7282c2f1f8cd8eb399f76931bd2,7939c12978ae84bfdf2af52780e63ddcb187a34ddde048143ea8a08728b55b8d,12234,5864,382bed73ccc97685a79bf5f72d7b1dc903899fa02e9c7e13c0ac0e63861a9ca3,1,2021.09.28.16.50.03_veh-44_01322_01746,us-pa-pittsburgh-hazelwood,us-pa-pittsburgh-hazelwood,True,READY,
train_pittsburgh,/Users/liuqing/Projects/01_E2E_QA_Code/nuplan/dataset/data/cache/train_pittsburgh/2021.09.28.16.50.03_veh-44_01850_01922.db,2021.09.28.16.50.03_veh-44_01850_01922.db,4698112,2022-09-23T05:51:15+00:00,True,bb9292e2ba0ac6dd0635e44292adac8a3830c7282c2f1f8cd8eb399f76931bd2,c337a9ceb1247f3aa82e7fcfbc06bb606fde210cb7f70a6b603f6c6300853ddb,1497,1067,fca062802c490ba333678fd5ce0c25dee4397a755810502cdfa5fc5214ebd945,1,2021.09.28.16.50.03_veh-44_01850_01922,us-pa-pittsburgh-hazelwood,us-pa-pittsburgh-hazelwood,True,READY,
train_pittsburgh,/Users/liuqing/Projects/01_E2E_QA_Code/nuplan/dataset/data/cache/train_pittsburgh/2021.09.28.17.43.06_veh-44_00019_00154.db,2021.09.28.17.43.06_veh-44_00019_00154.db,10694656,2022-09-23T05:51:15+00:00,True,bb9292e2ba0ac6dd0635e44292adac8a3830c7282c2f1f8cd8eb399f76931bd2,fd87620269a0e3b643c14d4b3670e324475ffb36a189d6d5abbbf20573ebe9f4,2652,1629,ff9039f86dd4a5fbcab4d58e8b087bcdf83dbfec11a374a42c5627cc9905af88,1,2021.09.28.17.43.06_veh-44_00019_00154,us-pa-pittsburgh-hazelwood,us-pa-pittsburgh-hazelwood,True,READY,
train_pittsburgh,/Users/liuqing/Projects/01_E2E_QA_Code/nuplan/dataset/data/cache/train_pittsburgh/2021.09.28.17.43.06_veh-44_00419_00492.db,2021.09.28.17.43.06_veh-44_00419_00492.db,4943872,2022-09-23T05:51:15+00:00,True,bb9292e2ba0ac6dd0635e44292adac8a3830c7282c2f1f8cd8eb399f76931bd2,cd49304245984ab625db7f5864a61d93db181eda2da0bb02d462f9ee4487f022,1733,1179,f7bce18701d3128c42c8c058b696de69657c2e18930939647d629c0939cda8f3,1,2021.09.28.17.43.06_veh-44_00419_00492,us-pa-pittsburgh-hazelwood,us-pa-pittsburgh-hazelwood,True,READY,
train_pittsburgh,/Users/liuqing/Projects/01_E2E_QA_Code/nuplan/dataset/data/cache/train_pittsburgh/2021.09.28.17.43.06_veh-44_00563_01082.db,2021.09.28.17.43.06_veh-44_00563_01082.db,76554240,2022-09-23T05:51:15+00:00,True,bb9292e2ba0ac6dd0635e44292adac8a3830c7282c2f1f8cd8eb399f76931bd2,6760efea4fb35a9075e0543b66793503f16193a2769563223bb6d04b875e8c53,14940,6948,9abc1c18da738eb88a4787b467304d398606f23397a2f45763ff33c9d64fc0b1,1,2021.09.28.17.43.06_veh-44_00563_01082,us-pa-pittsburgh-hazelwood,us-pa-pittsburgh-hazelwood,True,READY,
train_pittsburgh,/Users/liuqing/Projects/01_E2E_QA_Code/nuplan/dataset/data/cache/train_pittsburgh/2021.09.28.17.43.06_veh-44_01106_01852.db,2021.09.28.17.43.06_veh-44_01106_01852.db,112021504,2022-09-23T05:51:15+00:00,True,bb9292e2ba0ac6dd0635e44292adac8a3830c7282c2f1f8cd8eb399f76931bd2,5bde1e0e9a1553eebdb89c315501d396fdce0b346756c88c91560e41adecc3a8,18866,9539,a70de9428e1006b5e42a85c63635094a689de0177f65fb35b82431f44c8a750f,1,2021.09.28.17.43.06_veh-44_01106_01852,us-pa-pittsburgh-hazelwood,us-pa-pittsburgh-hazelwood,True,READY,
train_pittsburgh,/Users/liuqing/Projects/01_E2E_QA_Code/nuplan/dataset/data/cache/train_pittsburgh/2021.09.28.18.22.59_veh-44_00016_00126.db,2021.09.28.18.22.59_veh-44_00016_00126.db,9134080,2022-09-23T05:51:15+00:00,True,bb9292e2ba0ac6dd0635e44292adac8a3830c7282c2f1f8cd8eb399f76931bd2,c858a8967685cb3d701e500ab81eeee5bf1f5ea1d08604f82fb02ee50390b69e,2350,1544,f57a2b6008dcb3eb23fcad7a0a2f3701fdd373e2882d6e4903028abef61b7fe9,1,2021.09.28.18.22.59_veh-44_00016_00126,us-pa-pittsburgh-hazelwood,us-pa-pittsburgh-hazelwood,True,READY,
train_pittsburgh,/Users/liuqing/Projects/01_E2E_QA_Code/nuplan/dataset/data/cache/train_pittsburgh/2021.09.28.18.22.59_veh-44_00236_00685.db,2021.09.28.18.22.59_veh-44_00236_00685.db,58093568,2022-09-23T05:51:15+00:00,True,bb9292e2ba0ac6dd0635e44292adac8a3830c7282c2f1f8cd8eb399f76931bd2,38d5c4ed90747ee3dcf215bf00d2ad35031a734e1f29e6fee09aca39580ec4c7,11047,5979,c581e70c9fb567b67fef76d78053cf1f184dea413d67c179452dc7e13bb666d2,1,2021.09.28.18.22.59_veh-44_00236_00685,us-pa-pittsburgh-hazelwood,us-pa-pittsburgh-hazelwood,True,READY,
train_pittsburgh,/Users/liuqing/Projects/01_E2E_QA_Code/nuplan/dataset/data/cache/train_pittsburgh/2021.09.28.18.22.59_veh-44_00696_00971.db,2021.09.28.18.22.59_veh-44_00696_00971.db,59953152,2022-09-23T05:51:15+00:00,True,bb9292e2ba0ac6dd0635e44292adac8a3830c7282c2f1f8cd8eb399f76931bd2,a03a0c1589f923053416dfc929f007f2dbff998c5a6578ce0ef3ea9632be527d,8380,4128,b33832b0845bb3163ff5c299c1bc0866378c3266811b384c3cb5813948fe6b23,1,2021.09.28.18.22.59_veh-44_00696_00971,us-pa-pittsburgh-hazelwood,us-pa-pittsburgh-hazelwood,True,READY,
train_pittsburgh,/Users/liuqing/Projects/01_E2E_QA_Code/nuplan/dataset/data/cache/train_pittsburgh/2021.09.28.18.22.59_veh-44_00997_01880.db,2021.09.28.18.22.59_veh-44_00997_01880.db,143581184,2022-09-23T05:51:15+00:00,True,bb9292e2ba0ac6dd0635e44292adac8a3830c7282c2f1f8cd8eb399f76931bd2,3e5871ada65fc6ae6705909b32670eef1bf29275703cc471537fc1d73a43c58e,26101,12559,62132698be4cf82314312bf6b8ed5915cafb9fb5aa58d4a0f4a2e3b3f3414650,1,2021.09.28.18.22.59_veh-44_00997_01880,us-pa-pittsburgh-hazelwood,us-pa-pittsburgh-hazelwood,True,READY,
train_pittsburgh,/Users/liuqing/Projects/01_E2E_QA_Code/nuplan/dataset/data/cache/train_pittsburgh/2021.09.28.18.57.35_veh-44_00016_00158.db,2021.09.28.18.57.35_veh-44_00016_00158.db,27447296,2022-09-23T05:51:15+00:00,True,bb9292e2ba0ac6dd0635e44292adac8a3830c7282c2f1f8cd8eb399f76931bd2,4e0fb3e7025b8e4349cc18d98484380c929b002d96f6b828bd06620bc82e6b75,4192,2094,d5aa22861770f48d4217707a4e86568af6e204f597a6e4a722f6f251abc192cc,1,2021.09.28.18.57.35_veh-44_00016_00158,us-pa-pittsburgh-hazelwood,us-pa-pittsburgh-hazelwood,True,READY,
train_pittsburgh,/Users/liuqing/Projects/01_E2E_QA_Code/nuplan/dataset/data/cache/train_pittsburgh/2021.09.28.18.57.35_veh-44_00183_00356.db,2021.09.28.18.57.35_veh-44_00183_00356.db,22171648,2022-09-23T05:51:15+00:00,True,bb9292e2ba0ac6dd0635e44292adac8a3830c7282c2f1f8cd8eb399f76931bd2,531592c1849dab4318b42bd7275380662cf674ab4cbff1b69a81e48dd44d91b5,4386,2075,6a568688b85b2140c3d60741d7ce34301368352e9b6f9c08e749e0cf81204f26,1,2021.09.28.18.57.35_veh-44_00183_00356,us-pa-pittsburgh-hazelwood,us-pa-pittsburgh-hazelwood,True,READY,
train_pittsburgh,/Users/liuqing/Projects/01_E2E_QA_Code/nuplan/dataset/data/cache/train_pittsburgh/2021.09.28.18.57.35_veh-44_00427_00494.db,2021.09.28.18.57.35_veh-44_00427_00494.db,5517312,2022-09-23T05:51:15+00:00,True,bb9292e2ba0ac6dd0635e44292adac8a3830c7282c2f1f8cd8eb399f76931bd2,e4ce2e5ce4320f7e4f96d1b1ac8ccd1c7a5f241e69491662e30c88ade63d59fb,938,494,e1e043d64120525c3eb36b74de30b173b006f33309b7496acd13a3ce6a745b60,1,2021.09.28.18.57.35_veh-44_00427_00494,us-pa-pittsburgh-hazelwood,us-pa-pittsburgh-hazelwood,True,READY,
train_pittsburgh,/Users/liuqing/Projects/01_E2E_QA_Code/nuplan/dataset/data/cache/train_pittsburgh/2021.09.28.18.57.35_veh-44_00881_00994.db,2021.09.28.18.57.35_veh-44_00881_00994.db,9011200,2022-09-23T05:51:15+00:00,True,bb9292e2ba0ac6dd0635e44292adac8a3830c7282c2f1f8cd8eb399f76931bd2,51244ca5ec3834f68094cfffcd2c1a5f5c56aaf738377c4e0af148676ed28bfd,2321,1425,68d544da0d7629b30ecc1b8db04c9547eac14ab579c2c2f06cae160c396c2416,1,2021.09.28.18.57.35_veh-44_00881_00994,us-pa-pittsburgh-hazelwood,us-pa-pittsburgh-hazelwood,True,READY,
train_pittsburgh,/Users/liuqing/Projects/01_E2E_QA_Code/nuplan/dataset/data/cache/train_pittsburgh/2021.09.28.18.57.35_veh-44_01064_01998.db,2021.09.28.18.57.35_veh-44_01064_01998.db,121225216,2022-09-23T05:51:15+00:00,True,bb9292e2ba0ac6dd0635e44292adac8a3830c7282c2f1f8cd8eb399f76931bd2,180c2a6d171cebb7d393d5c2dc71e6d73ea2361f2fcd9b71374fcb7b2cb47dad,26660,13114,0d14e4457693bf147b465c791f809189e4950617be39fdddfe3053714ab916cc,1,2021.09.28.18.57.35_veh-44_01064_01998,us-pa-pittsburgh-hazelwood,us-pa-pittsburgh-hazelwood,True,READY,
train_pittsburgh,/Users/liuqing/Projects/01_E2E_QA_Code/nuplan/dataset/data/cache/train_pittsburgh/2021.09.28.18.57.35_veh-44_02010_02187.db,2021.09.28.18.57.35_veh-44_02010_02187.db,23982080,2022-09-23T05:51:15+00:00,True,bb9292e2ba0ac6dd0635e44292adac8a3830c7282c2f1f8cd8eb399f76931bd2,26024e707f823719e4bc1ea937fb9474ff3d6d2bc1eb517c738d768673386fe1,3005,2211,22ec7557a52fbcca01a4e1b78ca9324d9fd5329855c361ff37e04093f2d8d3b0,1,2021.09.28.18.57.35_veh-44_02010_02187,us-pa-pittsburgh-hazelwood,us-pa-pittsburgh-hazelwood,True,READY,
train_pittsburgh,/Users/liuqing/Projects/01_E2E_QA_Code/nuplan/dataset/data/cache/train_pittsburgh/2021.09.28.18.57.35_veh-44_02305_02462.db,2021.09.28.18.57.35_veh-44_02305_02462.db,9670656,2022-09-23T05:51:15+00:00,True,bb9292e2ba0ac6dd0635e44292adac8a3830c7282c2f1f8cd8eb399f76931bd2,f1f6c9d7671ec83494fcaf9d892fa67ae9928ff8fb8b80c12e85a98d3837be9a,2021,1347,e2b87e64643f913ee19341071ccbce6bf34dc641b56bc2255b7159d843be9b84,1,2021.09.28.18.57.35_veh-44_02305_02462,us-pa-pittsburgh-hazelwood,us-pa-pittsburgh-hazelwood,True,READY,
train_pittsburgh,/Users/liuqing/Projects/01_E2E_QA_Code/nuplan/dataset/data/cache/train_pittsburgh/2021.09.28.19.55.30_veh-44_00018_00120.db,2021.09.28.19.55.30_veh-44_00018_00120.db,8503296,2022-09-23T05:51:15+00:00,True,bb9292e2ba0ac6dd0635e44292adac8a3830c7282c2f1f8cd8eb399f76931bd2,a6395fc4eba49903e032564a705e01f99379720f1e268f2947d08b61aab618d5,1568,1041,db002f617272b7bc829be50e32756727d9a43ff0721bcfef4ec63e442d537e3e,1,2021.09.28.19.55.30_veh-44_00018_00120,us-pa-pittsburgh-hazelwood,us-pa-pittsburgh-hazelwood,True,READY,
train_pittsburgh,/Users/liuqing/Projects/01_E2E_QA_Code/nuplan/dataset/data/cache/train_pittsburgh/2021.09.28.19.55.30_veh-44_00395_01217.db,2021.09.28.19.55.30_veh-44_00395_01217.db,107298816,2022-09-23T05:51:15+00:00,True,bb9292e2ba0ac6dd0635e44292adac8a3830c7282c2f1f8cd8eb399f76931bd2,251ba133c3481219e837aa9748260493e3512098be8ba1fc3a0da32f5e039f21,18810,11773,ce9f639fc7dc710acb2c89bec1f89e9c85f50da39d5a2ac57526f10ba5be078d,1,2021.09.28.19.55.30_veh-44_00395_01217,us-pa-pittsburgh-hazelwood,us-pa-pittsburgh-hazelwood,True,READY,
train_pittsburgh,/Users/liuqing/Projects/01_E2E_QA_Code/nuplan/dataset/data/cache/train_pittsburgh/2021.09.28.19.55.30_veh-44_01239_01384.db,2021.09.28.19.55.30_veh-44_01239_01384.db,21151744,2022-09-23T05:51:15+00:00,True,bb9292e2ba0ac6dd0635e44292adac8a3830c7282c2f1f8cd8eb399f76931bd2,315fd8669b114a17e84f6e04ddd6c3065708fd9b792a209e7168dfa8e5558d4c,2772,1560,4125132baa6bc3008750256f1e9cdf8105c692944ccbdb400850b693daf5cf3a,1,2021.09.28.19.55.30_veh-44_01239_01384,us-pa-pittsburgh-hazelwood,us-pa-pittsburgh-hazelwood,True,READY,
train_pittsburgh,/Users/liuqing/Projects/01_E2E_QA_Code/nuplan/dataset/data/cache/train_pittsburgh/2021.09.28.19.55.30_veh-44_01613_01679.db,2021.09.28.19.55.30_veh-44_01613_01679.db,4112384,2022-09-23T05:51:15+00:00,True,bb9292e2ba0ac6dd0635e44292adac8a3830c7282c2f1f8cd8eb399f76931bd2,762a357a757f79f7d2f62ae6b74f7b32410ad5d0f5cbbe70db707941a20e5bec,1720,1151,9dc4f6637562f8ab8a376ea83865e471c847f7ccd2d7ec78bed4b29df37d048a,1,2021.09.28.19.55.30_veh-44_01613_01679,us-pa-pittsburgh-hazelwood,us-pa-pittsburgh-hazelwood,True,READY,
train_pittsburgh,/Users/liuqing/Projects/01_E2E_QA_Code/nuplan/dataset/data/cache/train_pittsburgh/2021.09.28.19.55.30_veh-44_01744_01819.db,2021.09.28.19.55.30_veh-44_01744_01819.db,4689920,2022-09-23T05:51:16+00:00,True,bb9292e2ba0ac6dd0635e44292adac8a3830c7282c2f1f8cd8eb399f76931bd2,d630172de1ad83c70ed77e445f2b0f57ac2db35d777ca84754c0fda16a8512a9,1575,1019,71328322eef65b40e7671854f132106ce773855a1a328aea8045378e31bd1a45,1,2021.09.28.19.55.30_veh-44_01744_01819,us-pa-pittsburgh-hazelwood,us-pa-pittsburgh-hazelwood,True,READY,
train_pittsburgh,/Users/liuqing/Projects/01_E2E_QA_Code/nuplan/dataset/data/cache/train_pittsburgh/2021.09.28.19.55.30_veh-44_01885_01952.db,2021.09.28.19.55.30_veh-44_01885_01952.db,4534272,2022-09-23T05:51:16+00:00,True,bb9292e2ba0ac6dd0635e44292adac8a3830c7282c2f1f8cd8eb399f76931bd2,55cde5b7990698e8544d8bcd607dcea7736e23dd1d428bf5f0aa1f6d6a3da4f8,1616,1107,141509998d34727523d334d82852f54408aa054aff661b9933ab626298fd9f7b,1,2021.09.28.19.55.30_veh-44_01885_01952,us-pa-pittsburgh-hazelwood,us-pa-pittsburgh-hazelwood,True,READY,
train_pittsburgh,/Users/liuqing/Projects/01_E2E_QA_Code/nuplan/dataset/data/cache/train_pittsburgh/2021.09.28.19.55.30_veh-44_01975_02507.db,2021.09.28.19.55.30_veh-44_01975_02507.db,65855488,2022-09-23T05:51:16+00:00,True,bb9292e2ba0ac6dd0635e44292adac8a3830c7282c2f1f8cd8eb399f76931bd2,3b57a8e54e6244b35f0c41186bd6c1306f6673297d276277281f6c4ba5feaa69,13663,7662,47df07cd72cf286b0bf1028438cad67fbfe0bc0a0295e81e5f0cb206b8974cd5,1,2021.09.28.19.55.30_veh-44_01975_02507,us-pa-pittsburgh-hazelwood,us-pa-pittsburgh-hazelwood,True,READY,
train_pittsburgh,/Users/liuqing/Projects/01_E2E_QA_Code/nuplan/dataset/data/cache/train_pittsburgh/2021.09.28.19.55.30_veh-44_02530_03148.db,2021.09.28.19.55.30_veh-44_02530_03148.db,88387584,2022-09-23T05:51:16+00:00,True,bb9292e2ba0ac6dd0635e44292adac8a3830c7282c2f1f8cd8eb399f76931bd2,b9c3184dd72057530fe689ccdc7283a06ad734b33bdda3e872be1417b1a8c5e7,14517,7919,10997f3faf68fffe7aa31ca95019528aaad2f548917d622d0decfbefdb68bad8,1,2021.09.28.19.55.30_veh-44_02530_03148,us-pa-pittsburgh-hazelwood,us-pa-pittsburgh-hazelwood,True,READY,
train_pittsburgh,/Users/liuqing/Projects/01_E2E_QA_Code/nuplan/dataset/data/cache/train_pittsburgh/2021.09.28.19.55.30_veh-44_03166_03330.db,2021.09.28.19.55.30_veh-44_03166_03330.db,12574720,2022-09-23T05:51:16+00:00,True,bb9292e2ba0ac6dd0635e44292adac8a3830c7282c2f1f8cd8eb399f76931bd2,6f5468a15f2b0c0ec73a0c16bf4dbe52cd5acf4048e691a98a62af71b24ef3cc,3551,2216,5f8cd553d44486bbb29a6179c88c38f780dece9236ab458f855f3b4a1a1bcfed,1,2021.09.28.19.55.30_veh-44_03166_03330,us-pa-pittsburgh-hazelwood,us-pa-pittsburgh-hazelwood,True,READY,
train_pittsburgh,/Users/liuqing/Projects/01_E2E_QA_Code/nuplan/dataset/data/cache/train_pittsburgh/2021.09.28.19.55.30_veh-44_03364_03461.db,2021.09.28.19.55.30_veh-44_03364_03461.db,5779456,2022-09-23T05:51:16+00:00,True,bb9292e2ba0ac6dd0635e44292adac8a3830c7282c2f1f8cd8eb399f76931bd2,75aa2562545f2aeeb5897382167bde0536b3639b80cf1d250f91a18ebabddc20,2219,1425,12cf13dc8e394039895346ffcfc314d73996a203dd86cf476e973551f87bcc18,1,2021.09.28.19.55.30_veh-44_03364_03461,us-pa-pittsburgh-hazelwood,us-pa-pittsburgh-hazelwood,True,READY,
train_pittsburgh,/Users/liuqing/Projects/01_E2E_QA_Code/nuplan/dataset/data/cache/train_pittsburgh/2021.09.28.19.55.30_veh-44_03475_03538.db,2021.09.28.19.55.30_veh-44_03475_03538.db,4784128,2022-09-23T05:51:16+00:00,True,bb9292e2ba0ac6dd0635e44292adac8a3830c7282c2f1f8cd8eb399f76931bd2,de50a0027e804eac5757d3042faed61dc5921c993f314cb17acf8f86025062e3,675,470,a4ed47d255d77f6321441d9578d963a7ff5802768d291680eac2e73738544fae,1,2021.09.28.19.55.30_veh-44_03475_03538,us-pa-pittsburgh-hazelwood,us-pa-pittsburgh-hazelwood,True,READY,
train_pittsburgh,/Users/liuqing/Projects/01_E2E_QA_Code/nuplan/dataset/data/cache/train_pittsburgh/2021.09.30.13.08.26_veh-44_00130_00262.db,2021.09.30.13.08.26_veh-44_00130_00262.db,8192000,2022-09-23T05:51:24+00:00,True,bb9292e2ba0ac6dd0635e44292adac8a3830c7282c2f1f8cd8eb399f76931bd2,be5f443345a4ae09c3fd92367a24de347268790ab3d00a68d4013d48bd8e5e5e,2967,2027,d1628886fb2dd7992a643116fa17f8b70c27cc7a10598774c4bcd5ed8017a9c4,1,2021.09.30.13.08.26_veh-44_00130_00262,us-pa-pittsburgh-hazelwood,us-pa-pittsburgh-hazelwood,True,READY,
train_pittsburgh,/Users/liuqing/Projects/01_E2E_QA_Code/nuplan/dataset/data/cache/train_pittsburgh/2021.09.30.13.08.26_veh-44_00316_00379.db,2021.09.30.13.08.26_veh-44_00316_00379.db,4562944,2022-09-23T05:51:24+00:00,True,bb9292e2ba0ac6dd0635e44292adac8a3830c7282c2f1f8cd8eb399f76931bd2,d9633765a7ed7186d9ae6052b9b716b92bc6744a6e80aa6c5384b27f4deabc8d,1574,943,3b55dde0f24df156a878ec6061afa3a7d1f461ea5f7e3ad4204d62eef1e69181,1,2021.09.30.13.08.26_veh-44_00316_00379,us-pa-pittsburgh-hazelwood,us-pa-pittsburgh-hazelwood,True,READY,
train_pittsburgh,/Users/liuqing/Projects/01_E2E_QA_Code/nuplan/dataset/data/cache/train_pittsburgh/2021.09.30.13.08.26_veh-44_00402_00779.db,2021.09.30.13.08.26_veh-44_00402_00779.db,53022720,2022-09-23T05:51:24+00:00,True,bb9292e2ba0ac6dd0635e44292adac8a3830c7282c2f1f8cd8eb399f76931bd2,6caa93d48db6c9aae2f3b4e0f6ffcd3601daa74a9075ad2e4fd90da1ff08b02b,9451,4975,44ffeb200b31d12ce52a855cbed9f4953d6c7954aaf05b0934eac6c57e4c7093,1,2021.09.30.13.08.26_veh-44_00402_00779,us-pa-pittsburgh-hazelwood,us-pa-pittsburgh-hazelwood,True,READY,
train_pittsburgh,/Users/liuqing/Projects/01_E2E_QA_Code/nuplan/dataset/data/cache/train_pittsburgh/2021.09.30.13.08.26_veh-44_00797_01137.db,2021.09.30.13.08.26_veh-44_00797_01137.db,51773440,2022-09-23T05:51:24+00:00,True,bb9292e2ba0ac6dd0635e44292adac8a3830c7282c2f1f8cd8eb399f76931bd2,506d6bb38bf6d50fb476fae792145684b2e49ca96cd46bed3a3fd166b058fb9e,10145,4424,bc14a99fa6df91f1c3bccaff12daba4645ddd402cd1be16511a77da58402a693,1,2021.09.30.13.08.26_veh-44_00797_01137,us-pa-pittsburgh-hazelwood,us-pa-pittsburgh-hazelwood,True,READY,
train_pittsburgh,/Users/liuqing/Projects/01_E2E_QA_Code/nuplan/dataset/data/cache/train_pittsburgh/2021.09.30.13.08.26_veh-44_01217_01372.db,2021.09.30.13.08.26_veh-44_01217_01372.db,35999744,2022-09-23T05:51:24+00:00,True,bb9292e2ba0ac6dd0635e44292adac8a3830c7282c2f1f8cd8eb399f76931bd2,581a23873913891c1d6012ace57af9f976c2ecfd8c4fa205dbad65a2ff8eb640,3672,2213,c20a4b290649d08be05960d347e3a66ad0c81b9d735567bbfde3ddfa70435de1,1,2021.09.30.13.08.26_veh-44_01217_01372,us-pa-pittsburgh-hazelwood,us-pa-pittsburgh-hazelwood,True,READY,
train_pittsburgh,/Users/liuqing/Projects/01_E2E_QA_Code/nuplan/dataset/data/cache/train_pittsburgh/2021.09.30.13.08.26_veh-44_01399_01702.db,2021.09.30.13.08.26_veh-44_01399_01702.db,58081280,2022-09-23T05:51:24+00:00,True,bb9292e2ba0ac6dd0635e44292adac8a3830c7282c2f1f8cd8eb399f76931bd2,8ee9e69f44efef376f6ccac1d7a57be7d280ee5e0e2cb00d303748f901925cc9,6929,4369,689df9f9333eef73af91fdecf11a6f8192946e52da716840e153b8e807af6bfe,1,2021.09.30.13.08.26_veh-44_01399_01702,us-pa-pittsburgh-hazelwood,us-pa-pittsburgh-hazelwood,True,READY,
train_pittsburgh,/Users/liuqing/Projects/01_E2E_QA_Code/nuplan/dataset/data/cache/train_pittsburgh/2021.09.30.13.08.26_veh-44_01745_01853.db,2021.09.30.13.08.26_veh-44_01745_01853.db,11968512,2022-09-23T05:51:24+00:00,True,bb9292e2ba0ac6dd0635e44292adac8a3830c7282c2f1f8cd8eb399f76931bd2,999e6530f01f7380513dcf2cc755178d2b31fd1ea4099ccd4ffe84d836da2657,2694,1377,8212506962394336c3e212d889124f6195f7b5feb815930505145ed77f25154e,1,2021.09.30.13.08.26_veh-44_01745_01853,us-pa-pittsburgh-hazelwood,us-pa-pittsburgh-hazelwood,True,READY,
train_pittsburgh,/Users/liuqing/Projects/01_E2E_QA_Code/nuplan/dataset/data/cache/train_pittsburgh/2021.09.30.13.08.26_veh-44_01871_01950.db,2021.09.30.13.08.26_veh-44_01871_01950.db,5873664,2022-09-23T05:51:24+00:00,True,bb9292e2ba0ac6dd0635e44292adac8a3830c7282c2f1f8cd8eb399f76931bd2,3eaa467d7b2cdf1f5f47deba8bcfb5d355439d0b30c45ae3892e30ce74ed4963,1882,1088,ed89fc849b32e5e4fb7b96c50fc7c4e1604f4f48ad944b7fe55eb0405fb2fef5,1,2021.09.30.13.08.26_veh-44_01871_01950,us-pa-pittsburgh-hazelwood,us-pa-pittsburgh-hazelwood,True,READY,
train_pittsburgh,/Users/liuqing/Projects/01_E2E_QA_Code/nuplan/dataset/data/cache/train_pittsburgh/2021.09.30.13.08.26_veh-44_02000_02075.db,2021.09.30.13.08.26_veh-44_02000_02075.db,5230592,2022-09-23T05:51:24+00:00,True,bb9292e2ba0ac6dd0635e44292adac8a3830c7282c2f1f8cd8eb399f76931bd2,86aba57ea0c29ab0a6f209395680818982a16840417a0c17aa0356ee10b61ce6,1793,1251,8b5ba27e67f1db0fb49cf0903b7bfe1035d1a1047fa8c40d5c19a99b282788ff,1,2021.09.30.13.08.26_veh-44_02000_02075,us-pa-pittsburgh-hazelwood,us-pa-pittsburgh-hazelwood,True,READY,
train_pittsburgh,/Users/liuqing/Projects/01_E2E_QA_Code/nuplan/dataset/data/cache/train_pittsburgh/2021.09.30.13.08.26_veh-44_02155_02239.db,2021.09.30.13.08.26_veh-44_02155_02239.db,8040448,2022-09-23T05:51:24+00:00,True,bb9292e2ba0ac6dd0635e44292adac8a3830c7282c2f1f8cd8eb399f76931bd2,abfc0f7ff298085fbcf8a9a6ba4be9d7e4f7c36138f15227efe17f4f5229ba74,922,637,78b86da39513146bbe6b0f1db640c19ab8ded10cf1535ac136aa4b103c697303,1,2021.09.30.13.08.26_veh-44_02155_02239,us-pa-pittsburgh-hazelwood,us-pa-pittsburgh-hazelwood,True,READY,
train_pittsburgh,/Users/liuqing/Projects/01_E2E_QA_Code/nuplan/dataset/data/cache/train_pittsburgh/2021.09.30.13.54.09_veh-44_00104_01877.db,2021.09.30.13.54.09_veh-44_00104_01877.db,276520960,2022-09-23T05:51:24+00:00,True,bb9292e2ba0ac6dd0635e44292adac8a3830c7282c2f1f8cd8eb399f76931bd2,0a68c01286a1f0dc1cfb6ddea90880d96592358e84e09982f5b07633481c2fc5,45287,24823,bab0f83e7f867807b594aeeab58cb93d92419c20c2b304b29f8c7c6628eeef9c,1,2021.09.30.13.54.09_veh-44_00104_01877,us-pa-pittsburgh-hazelwood,us-pa-pittsburgh-hazelwood,True,READY,
train_pittsburgh,/Users/liuqing/Projects/01_E2E_QA_Code/nuplan/dataset/data/cache/train_pittsburgh/2021.09.30.13.54.09_veh-44_01902_02192.db,2021.09.30.13.54.09_veh-44_01902_02192.db,37556224,2022-09-23T05:51:24+00:00,True,bb9292e2ba0ac6dd0635e44292adac8a3830c7282c2f1f8cd8eb399f76931bd2,8b698af0c3b0ae1e161ade042e0b614e9e3fa27f62f66b1764fca9d16f6ca153,9445,4247,1086882c23928086412846c1bce774ad9af366eeeb47688a2ec8c665148a7cf9,1,2021.09.30.13.54.09_veh-44_01902_02192,us-pa-pittsburgh-hazelwood,us-pa-pittsburgh-hazelwood,True,READY,
train_pittsburgh,/Users/liuqing/Projects/01_E2E_QA_Code/nuplan/dataset/data/cache/train_pittsburgh/2021.09.30.13.54.09_veh-44_02213_02452.db,2021.09.30.13.54.09_veh-44_02213_02452.db,37892096,2022-09-23T05:51:24+00:00,True,bb9292e2ba0ac6dd0635e44292adac8a3830c7282c2f1f8cd8eb399f76931bd2,27c5bcb5caec9856be9c9af8a04c1e5a0da1f7a927680490ee057efcfb3e29c5,6412,3500,9c3d3b264969f766f8d3a50df3d099d05b5c8cb0c2647013c285c8dd3b402c49,1,2021.09.30.13.54.09_veh-44_02213_02452,us-pa-pittsburgh-hazelwood,us-pa-pittsburgh-hazelwood,True,READY,
train_pittsburgh,/Users/liuqing/Projects/01_E2E_QA_Code/nuplan/dataset/data/cache/train_pittsburgh/2021.09.30.13.54.09_veh-44_02474_02788.db,2021.09.30.13.54.09_veh-44_02474_02788.db,53678080,2022-09-23T05:51:24+00:00,True,bb9292e2ba0ac6dd0635e44292adac8a3830c7282c2f1f8cd8eb399f76931bd2,d717ca77f5c8f8d47cce7447a658da9fc7f4ac5de8284ed0c7dcf0b6d561c270,9392,3816,fcef0518d8cdcd4a6571f878b2763ae82bbf493212c679d624c0fe4c4d008393,1,2021.09.30.13.54.09_veh-44_02474_02788,us-pa-pittsburgh-hazelwood,us-pa-pittsburgh-hazelwood,True,READY,
train_pittsburgh,/Users/liuqing/Projects/01_E2E_QA_Code/nuplan/dataset/data/cache/train_pittsburgh/2021.09.30.15.05.51_veh-44_00016_00731.db,2021.09.30.15.05.51_veh-44_00016_00731.db,119451648,2022-09-23T05:51:24+00:00,True,bb9292e2ba0ac6dd0635e44292adac8a3830c7282c2f1f8cd8eb399f76931bd2,c6437dae8aaf7c98bd35fa570aac1d6bd07c0a89c72457e36b79272dbc2b97e7,17670,9337,73e77b1df49d3f13430fc75a6d0d68b8b226c423445830afd45265b31f26a051,1,2021.09.30.15.05.51_veh-44_00016_00731,us-pa-pittsburgh-hazelwood,us-pa-pittsburgh-hazelwood,True,READY,
train_pittsburgh,/Users/liuqing/Projects/01_E2E_QA_Code/nuplan/dataset/data/cache/train_pittsburgh/2021.09.30.15.05.51_veh-44_00753_01199.db,2021.09.30.15.05.51_veh-44_00753_01199.db,64589824,2022-09-23T05:51:24+00:00,True,bb9292e2ba0ac6dd0635e44292adac8a3830c7282c2f1f8cd8eb399f76931bd2,da55b489670ca65d8bc991457a0fda6ff2ca106cd5edf9e30a09d353f8a1d056,11731,5786,8b4f13e693cd9c53559cc7bd031eb494184db5dfdb300dcfbedf9668be3446ab,1,2021.09.30.15.05.51_veh-44_00753_01199,us-pa-pittsburgh-hazelwood,us-pa-pittsburgh-hazelwood,True,READY,
train_pittsburgh,/Users/liuqing/Projects/01_E2E_QA_Code/nuplan/dataset/data/cache/train_pittsburgh/2021.09.30.15.05.51_veh-44_01219_01632.db,2021.09.30.15.05.51_veh-44_01219_01632.db,62930944,2022-09-23T05:51:24+00:00,True,bb9292e2ba0ac6dd0635e44292adac8a3830c7282c2f1f8cd8eb399f76931bd2,038af8f56f63965c6ca21e9b2950c746763e56a4cf661258593ed3a33a3868e8,8614,5730,b4e926416d998573ed299bed46f9520d3b210a5eb1ae407add87880b8a00d6cb,1,2021.09.30.15.05.51_veh-44_01219_01632,us-pa-pittsburgh-hazelwood,us-pa-pittsburgh-hazelwood,True,READY,
train_pittsburgh,/Users/liuqing/Projects/01_E2E_QA_Code/nuplan/dataset/data/cache/train_pittsburgh/2021.09.30.15.05.51_veh-44_01655_02241.db,2021.09.30.15.05.51_veh-44_01655_02241.db,91938816,2022-09-23T05:51:24+00:00,True,bb9292e2ba0ac6dd0635e44292adac8a3830c7282c2f1f8cd8eb399f76931bd2,1683a563599b3ba930d52affbcdf7fb918d4b83152b0e66770ac54fd46d63f34,14640,7525,30f647919cfc061327a6770bf9fdbd1f2ab62b3ddab47124b048a01e112fc91d,1,2021.09.30.15.05.51_veh-44_01655_02241,us-pa-pittsburgh-hazelwood,us-pa-pittsburgh-hazelwood,True,READY,
train_pittsburgh,/Users/liuqing/Projects/01_E2E_QA_Code/nuplan/dataset/data/cache/train_pittsburgh/2021.09.30.15.05.51_veh-44_02323_02423.db,2021.09.30.15.05.51_veh-44_02323_02423.db,9355264,2022-09-23T05:51:24+00:00,True,bb9292e2ba0ac6dd0635e44292adac8a3830c7282c2f1f8cd8eb399f76931bd2,0bad198fbe6e03827d8911aa41ac7118ca7b919973a9da33e4eee792bcf7ca64,0,0,e3b0c44298fc1c149afbf4c8996fb92427ae41e4649b934ca495991b7852b855,1,2021.09.30.15.05.51_veh-44_02323_02423,us-pa-pittsburgh-hazelwood,us-pa-pittsburgh-hazelwood,True,READY,
train_pittsburgh,/Users/liuqing/Projects/01_E2E_QA_Code/nuplan/dataset/data/cache/train_pittsburgh/2021.09.30.17.20.14_veh-44_00033_00131.db,2021.09.30.17.20.14_veh-44_00033_00131.db,8433664,2022-09-23T05:51:24+00:00,True,bb9292e2ba0ac6dd0635e44292adac8a3830c7282c2f1f8cd8eb399f76931bd2,1ad1d786dd08ff3d33e532f3cda0e0d5f918fed7b05bcf9f3b2fd82d75ea8f62,1618,1057,15eeeefda1a5f88ad0d3727669f873224f8266e0ce044304869e35df49b2a5ab,1,2021.09.30.17.20.14_veh-44_00033_00131,us-pa-pittsburgh-hazelwood,us-pa-pittsburgh-hazelwood,True,READY,
train_pittsburgh,/Users/liuqing/Projects/01_E2E_QA_Code/nuplan/dataset/data/cache/train_pittsburgh/2021.09.30.17.20.14_veh-44_00217_00287.db,2021.09.30.17.20.14_veh-44_00217_00287.db,4616192,2022-09-23T05:51:24+00:00,True,bb9292e2ba0ac6dd0635e44292adac8a3830c7282c2f1f8cd8eb399f76931bd2,1e39f3857121fe431fa4b9e9e325d06a3608b65bcb95316bc649452f9a0b28ed,1653,1149,1cd80517dd754eca55ecdee46df93428c36d10711077ac5fc074a9523784fbb2,1,2021.09.30.17.20.14_veh-44_00217_00287,us-pa-pittsburgh-hazelwood,us-pa-pittsburgh-hazelwood,True,READY,
train_pittsburgh,/Users/liuqing/Projects/01_E2E_QA_Code/nuplan/dataset/data/cache/train_pittsburgh/2021.09.30.17.20.14_veh-44_00422_00647.db,2021.09.30.17.20.14_veh-44_00422_00647.db,20029440,2022-09-23T05:51:24+00:00,True,bb9292e2ba0ac6dd0635e44292adac8a3830c7282c2f1f8cd8eb399f76931bd2,ec4306921e7b2d2a713d18147a1873845bec1d1a11b295b9e0b33b0c5c319a5d,5260,3029,3222ed47a01d7f830abbb3abcc5fb698c85d7ec9fdc870338cb97f17ccc3f80b,1,2021.09.30.17.20.14_veh-44_00422_00647,us-pa-pittsburgh-hazelwood,us-pa-pittsburgh-hazelwood,True,READY,
train_pittsburgh,/Users/liuqing/Projects/01_E2E_QA_Code/nuplan/dataset/data/cache/train_pittsburgh/2021.09.30.17.20.14_veh-44_00665_01476.db,2021.09.30.17.20.14_veh-44_00665_01476.db,151986176,2022-09-23T05:51:24+00:00,True,bb9292e2ba0ac6dd0635e44292adac8a3830c7282c2f1f8cd8eb399f76931bd2,568d741d634317be71ebf92d0ed1f0f743338da5ef050a950ca78c1372841bdb,17948,11139,afcd559f59ba43708a4a5f8232e05914b92731144bcd64f2cb591cc26f5ca609,1,2021.09.30.17.20.14_veh-44_00665_01476,us-pa-pittsburgh-hazelwood,us-pa-pittsburgh-hazelwood,True,READY,
train_pittsburgh,/Users/liuqing/Projects/01_E2E_QA_Code/nuplan/dataset/data/cache/train_pittsburgh/2021.09.30.17.20.14_veh-44_01504_01617.db,2021.09.30.17.20.14_veh-44_01504_01617.db,24231936,2022-09-23T05:51:24+00:00,True,bb9292e2ba0ac6dd0635e44292adac8a3830c7282c2f1f8cd8eb399f76931bd2,e3d1b62f576c0f02720e38a5b73377f1e11c7b5e7eea9621def088a7fa217a8c,3490,1432,d75f01947e45a656cc616d36369e01a2350d6c4aa8190b5de12b7a36550eddeb,1,2021.09.30.17.20.14_veh-44_01504_01617,us-pa-pittsburgh-hazelwood,us-pa-pittsburgh-hazelwood,True,READY,
train_pittsburgh,/Users/liuqing/Projects/01_E2E_QA_Code/nuplan/dataset/data/cache/train_pittsburgh/2021.09.30.17.20.14_veh-44_01775_02229.db,2021.09.30.17.20.14_veh-44_01775_02229.db,98062336,2022-09-23T05:51:24+00:00,True,bb9292e2ba0ac6dd0635e44292adac8a3830c7282c2f1f8cd8eb399f76931bd2,5f28c2a7fe4704fd83822eb36dff434dfe7953f44dd8706eb7f1a37ab6f67257,9893,6501,ecd0ba54db3754631a0bbe48951dc7b87932615ced49435fa631a1f4a4cd7267,1,2021.09.30.17.20.14_veh-44_01775_02229,us-pa-pittsburgh-hazelwood,us-pa-pittsburgh-hazelwood,True,READY,
train_pittsburgh,/Users/liuqing/Projects/01_E2E_QA_Code/nuplan/dataset/data/cache/train_pittsburgh/2021.09.30.18.01.05_veh-44_00016_00976.db,2021.09.30.18.01.05_veh-44_00016_00976.db,152371200,2022-09-23T05:51:24+00:00,True,bb9292e2ba0ac6dd0635e44292adac8a3830c7282c2f1f8cd8eb399f76931bd2,2ee6734fa3e4544b83d0e453c1ba7de61786c6d1e0aa02011af5641ee8c3af34,25615,14440,52ecb008273b4aed7387626e2ab982dfceb90765f9fa48c2154523e585ffac44,1,2021.09.30.18.01.05_veh-44_00016_00976,us-pa-pittsburgh-hazelwood,us-pa-pittsburgh-hazelwood,True,READY,
train_pittsburgh,/Users/liuqing/Projects/01_E2E_QA_Code/nuplan/dataset/data/cache/train_pittsburgh/2021.09.30.18.01.05_veh-44_01000_01443.db,2021.09.30.18.01.05_veh-44_01000_01443.db,77561856,2022-09-23T05:51:24+00:00,True,bb9292e2ba0ac6dd0635e44292adac8a3830c7282c2f1f8cd8eb399f76931bd2,fce4b4e2b6b0efb4a440a54227c6fd964db541fc06fefff58bc2583f828f15c3,10307,6031,61d6c3b63d8d81ef09046683c5a5b2a42244f70b6047043b1ddd56aaeb2e7ee0,1,2021.09.30.18.01.05_veh-44_01000_01443,us-pa-pittsburgh-hazelwood,us-pa-pittsburgh-hazelwood,True,READY,
train_pittsburgh,/Users/liuqing/Projects/01_E2E_QA_Code/nuplan/dataset/data/cache/train_pittsburgh/2021.09.30.18.01.05_veh-44_01594_01685.db,2021.09.30.18.01.05_veh-44_01594_01685.db,8994816,2022-09-23T05:51:24+00:00,True,bb9292e2ba0ac6dd0635e44292adac8a3830c7282c2f1f8cd8eb399f76931bd2,1df577ec8b6ed67c922d1fda8d77d6ef23af00716cab5ea63ed72e1b9946f031,1798,1312,b239016750635f3933bd9ff631ba0bcb194369c6337e3162771c8539fb0f0206,1,2021.09.30.18.01.05_veh-44_01594_01685,us-pa-pittsburgh-hazelwood,us-pa-pittsburgh-hazelwood,True,READY,
train_pittsburgh,/Users/liuqing/Projects/01_E2E_QA_Code/nuplan/dataset/data/cache/train_pittsburgh/2021.09.30.18.01.05_veh-44_01878_01985.db,2021.09.30.18.01.05_veh-44_01878_01985.db,10010624,2022-09-23T05:51:24+00:00,True,bb9292e2ba0ac6dd0635e44292adac8a3830c7282c2f1f8cd8eb399f76931bd2,6656f3da0688c3d7b234777edfd9aa1b8c3a7b0007d4981cd3570e92bf01b820,1915,1205,ec9fcb82e1b34c4877873221b275c6cd7a8a612d65aa53875537a3c7197b5dc7,1,2021.09.30.18.01.05_veh-44_01878_01985,us-pa-pittsburgh-hazelwood,us-pa-pittsburgh-hazelwood,True,READY,
train_pittsburgh,/Users/liuqing/Projects/01_E2E_QA_Code/nuplan/dataset/data/cache/train_pittsburgh/2021.09.30.18.01.05_veh-44_02289_02421.db,2021.09.30.18.01.05_veh-44_02289_02421.db,11223040,2022-09-23T05:51:24+00:00,True,bb9292e2ba0ac6dd0635e44292adac8a3830c7282c2f1f8cd8eb399f76931bd2,506763cc05871b15807cb227ac76a6eafdf4455c5aacffa223fd28d21bab7200,2892,1843,5bdc1b013436f249a6ec8586faa0e6bae46c63e92c74356908f81b0f005ff943,1,2021.09.30.18.01.05_veh-44_02289_02421,us-pa-pittsburgh-hazelwood,us-pa-pittsburgh-hazelwood,True,READY,
train_pittsburgh,/Users/liuqing/Projects/01_E2E_QA_Code/nuplan/dataset/data/cache/train_pittsburgh/2021.09.30.18.01.05_veh-44_02533_02663.db,2021.09.30.18.01.05_veh-44_02533_02663.db,11235328,2022-09-23T05:51:24+00:00,True,bb9292e2ba0ac6dd0635e44292adac8a3830c7282c2f1f8cd8eb399f76931bd2,2dbd290236a99e5a7e25abab8857e1f4152dc3afd65c012fb6cd8ac0ed21ab85,0,0,e3b0c44298fc1c149afbf4c8996fb92427ae41e4649b934ca495991b7852b855,1,2021.09.30.18.01.05_veh-44_02533_02663,us-pa-pittsburgh-hazelwood,us-pa-pittsburgh-hazelwood,True,READY,
train_pittsburgh,/Users/liuqing/Projects/01_E2E_QA_Code/nuplan/dataset/data/cache/train_pittsburgh/2021.09.30.19.11.40_veh-44_00580_02260.db,2021.09.30.19.11.40_veh-44_00580_02260.db,263651328,2022-09-23T05:51:25+00:00,True,bb9292e2ba0ac6dd0635e44292adac8a3830c7282c2f1f8cd8eb399f76931bd2,bcf36fa24e8cd42444b9cd68b335729b22d9a5b36c44e505a9fd1a5995193aaf,46841,22678,f58b21acdf7078349c7c2bd47e41dc29f9272f5eb9baca112618e919ebddd432,1,2021.09.30.19.11.40_veh-44_00580_02260,us-pa-pittsburgh-hazelwood,us-pa-pittsburgh-hazelwood,True,READY,
train_pittsburgh,/Users/liuqing/Projects/01_E2E_QA_Code/nuplan/dataset/data/cache/train_pittsburgh/2021.09.30.19.58.06_veh-44_00551_00619.db,2021.09.30.19.58.06_veh-44_00551_00619.db,5431296,2022-09-23T05:30:26+00:00,True,bb9292e2ba0ac6dd0635e44292adac8a3830c7282c2f1f8cd8eb399f76931bd2,39012e30f59157e5ded38478d99b395feea90efedd734e76d9a7594cdbd6652c,0,0,e3b0c44298fc1c149afbf4c8996fb92427ae41e4649b934ca495991b7852b855,1,2021.09.30.19.58.06_veh-44_00551_00619,us-pa-pittsburgh-hazelwood,us-pa-pittsburgh-hazelwood,True,READY,
train_pittsburgh,/Users/liuqing/Projects/01_E2E_QA_Code/nuplan/dataset/data/cache/train_pittsburgh/2021.09.30.19.58.06_veh-44_00873_01492.db,2021.09.30.19.58.06_veh-44_00873_01492.db,90734592,2022-09-23T05:30:26+00:00,True,bb9292e2ba0ac6dd0635e44292adac8a3830c7282c2f1f8cd8eb399f76931bd2,6c478a21edd5dad7e7ea3b71249bf586c576b319bd337ddb353b65e1b88961a2,0,0,e3b0c44298fc1c149afbf4c8996fb92427ae41e4649b934ca495991b7852b855,1,2021.09.30.19.58.06_veh-44_00873_01492,us-pa-pittsburgh-hazelwood,us-pa-pittsburgh-hazelwood,True,READY,
train_pittsburgh,/Users/liuqing/Projects/01_E2E_QA_Code/nuplan/dataset/data/cache/train_pittsburgh/2021.09.30.19.58.06_veh-44_01514_01842.db,2021.09.30.19.58.06_veh-44_01514_01842.db,53747712,2022-09-23T05:30:26+00:00,True,bb9292e2ba0ac6dd0635e44292adac8a3830c7282c2f1f8cd8eb399f76931bd2,86008f5cde524aa6eaecef343dd261a705bd692a6b12921919a7bfe8aa58a29b,0,0,e3b0c44298fc1c149afbf4c8996fb92427ae41e4649b934ca495991b7852b855,1,2021.09.30.19.58.06_veh-44_01514_01842,us-pa-pittsburgh-hazelwood,us-pa-pittsburgh-hazelwood,True,READY,
train_pittsburgh,/Users/liuqing/Projects/01_E2E_QA_Code/nuplan/dataset/data/cache/train_pittsburgh/2021.09.30.19.58.06_veh-44_02010_02076.db,2021.09.30.19.58.06_veh-44_02010_02076.db,6103040,2022-09-23T05:30:26+00:00,True,bb9292e2ba0ac6dd0635e44292adac8a3830c7282c2f1f8cd8eb399f76931bd2,a20b242a31a7a9423241cb1bfb05c19df7452fcb568f781f927a0b6261c26988,0,0,e3b0c44298fc1c149afbf4c8996fb92427ae41e4649b934ca495991b7852b855,1,2021.09.30.19.58.06_veh-44_02010_02076,us-pa-pittsburgh-hazelwood,us-pa-pittsburgh-hazelwood,True,READY,
train_pittsburgh,/Users/liuqing/Projects/01_E2E_QA_Code/nuplan/dataset/data/cache/train_pittsburgh/2021.09.30.19.58.06_veh-44_02197_02279.db,2021.09.30.19.58.06_veh-44_02197_02279.db,6705152,2022-09-23T05:30:26+00:00,True,bb9292e2ba0ac6dd0635e44292adac8a3830c7282c2f1f8cd8eb399f76931bd2,3e3abe581b8186eebb0ca827a394ce3914b41424b19547aa57724ddfb79090c0,0,0,e3b0c44298fc1c149afbf4c8996fb92427ae41e4649b934ca495991b7852b855,1,2021.09.30.19.58.06_veh-44_02197_02279,us-pa-pittsburgh-hazelwood,us-pa-pittsburgh-hazelwood,True,READY,
train_pittsburgh,/Users/liuqing/Projects/01_E2E_QA_Code/nuplan/dataset/data/cache/train_pittsburgh/2021.09.30.20.55.20_veh-44_00029_00093.db,2021.09.30.20.55.20_veh-44_00029_00093.db,4870144,2022-09-23T05:51:25+00:00,True,bb9292e2ba0ac6dd0635e44292adac8a3830c7282c2f1f8cd8eb399f76931bd2,1631c5da9a94149b4bf3c6504781e9b1b3cd7c20d414ceae14fa98f55e06addd,887,642,9498064d5dae1d0e83e79cb9f405b472d6be8ed161b95d8600ad490061667c7e,1,2021.09.30.20.55.20_veh-44_00029_00093,us-pa-pittsburgh-hazelwood,us-pa-pittsburgh-hazelwood,True,READY,
train_pittsburgh,/Users/liuqing/Projects/01_E2E_QA_Code/nuplan/dataset/data/cache/train_pittsburgh/2021.09.30.20.55.20_veh-44_00299_00460.db,2021.09.30.20.55.20_veh-44_00299_00460.db,12132352,2022-09-23T05:51:25+00:00,True,bb9292e2ba0ac6dd0635e44292adac8a3830c7282c2f1f8cd8eb399f76931bd2,17d14158dddf7c8c7ace0e8d788e6277825f60a9152ea634d447aef33fed768b,3239,2178,c2047634b3c9d3f4dbe7fa9cb11f33ea618c8dc8c29531910be49a4565a66aae,1,2021.09.30.20.55.20_veh-44_00299_00460,us-pa-pittsburgh-hazelwood,us-pa-pittsburgh-hazelwood,True,READY,
train_pittsburgh,/Users/liuqing/Projects/01_E2E_QA_Code/nuplan/dataset/data/cache/train_pittsburgh/2021.09.30.20.55.20_veh-44_00861_00936.db,2021.09.30.20.55.20_veh-44_00861_00936.db,5492736,2022-09-23T05:51:25+00:00,True,bb9292e2ba0ac6dd0635e44292adac8a3830c7282c2f1f8cd8eb399f76931bd2,12693643aa20f22d2bed5bd3b7c657379f9253bd70f8d82ef9d11dc948bd4c77,1142,749,d66df868e97e2156b8265bf18174c3edf09ca821da5ef3e9dd65180589895351,1,2021.09.30.20.55.20_veh-44_00861_00936,us-pa-pittsburgh-hazelwood,us-pa-pittsburgh-hazelwood,True,READY,
train_pittsburgh,/Users/liuqing/Projects/01_E2E_QA_Code/nuplan/dataset/data/cache/train_pittsburgh/2021.10.01.12.54.53_veh-44_00332_00665.db,2021.10.01.12.54.53_veh-44_00332_00665.db,34476032,2022-09-23T05:51:29+00:00,True,bb9292e2ba0ac6dd0635e44292adac8a3830c7282c2f1f8cd8eb399f76931bd2,109036be316081bd78315887942c7e51b274d7a634cd11fe64ec4ce20def0d73,6690,3684,6dc7da7ebbdf1f8c47bec7765a5d20c4efe8044ea8060feffc3c55ba0facac87,1,2021.10.01.12.54.53_veh-44_00332_00665,us-pa-pittsburgh-hazelwood,us-pa-pittsburgh-hazelwood,True,READY,
train_pittsburgh,/Users/liuqing/Projects/01_E2E_QA_Code/nuplan/dataset/data/cache/train_pittsburgh/2021.10.01.12.54.53_veh-44_00684_00799.db,2021.10.01.12.54.53_veh-44_00684_00799.db,11632640,2022-09-23T05:51:29+00:00,True,bb9292e2ba0ac6dd0635e44292adac8a3830c7282c2f1f8cd8eb399f76931bd2,78cd5bd805c0e0ace97496302df6f6ff8a2eb20cc3287b74d2e96cde61cf2311,1860,1389,be5b8a8fff19c4312d96b15235146721d374195021023f1e98def202af3c4752,1,2021.10.01.12.54.53_veh-44_00684_00799,us-pa-pittsburgh-hazelwood,us-pa-pittsburgh-hazelwood,True,READY,
train_pittsburgh,/Users/liuqing/Projects/01_E2E_QA_Code/nuplan/dataset/data/cache/train_pittsburgh/2021.10.01.12.54.53_veh-44_00858_01311.db,2021.10.01.12.54.53_veh-44_00858_01311.db,79376384,2022-09-23T05:51:30+00:00,True,bb9292e2ba0ac6dd0635e44292adac8a3830c7282c2f1f8cd8eb399f76931bd2,e60d0e76e0658d728e7595860ffe158bd9fb092cf6c6c32b5a45b65ffe0d80ff,10028,5744,7b416a7e7b7471d4aaa4e2efe21bd16a8e611c9744021bf91b83082daedb10e8,1,2021.10.01.12.54.53_veh-44_00858_01311,us-pa-pittsburgh-hazelwood,us-pa-pittsburgh-hazelwood,True,READY,
train_pittsburgh,/Users/liuqing/Projects/01_E2E_QA_Code/nuplan/dataset/data/cache/train_pittsburgh/2021.10.01.12.54.53_veh-44_01397_01470.db,2021.10.01.12.54.53_veh-44_01397_01470.db,6705152,2022-09-23T05:51:30+00:00,True,bb9292e2ba0ac6dd0635e44292adac8a3830c7282c2f1f8cd8eb399f76931bd2,2dbdf1e7d1aee796999448ad92b5278be2e5b1518c5cd4f52baac5e2f4924daa,1814,1226,c276324c210f0b6494add841b4a7516e7b192efa296506743ca9cfa266c35010,1,2021.10.01.12.54.53_veh-44_01397_01470,us-pa-pittsburgh-hazelwood,us-pa-pittsburgh-hazelwood,True,READY,
train_pittsburgh,/Users/liuqing/Projects/01_E2E_QA_Code/nuplan/dataset/data/cache/train_pittsburgh/2021.10.01.12.54.53_veh-44_01642_01719.db,2021.10.01.12.54.53_veh-44_01642_01719.db,6733824,2022-09-23T05:51:30+00:00,True,bb9292e2ba0ac6dd0635e44292adac8a3830c7282c2f1f8cd8eb399f76931bd2,d2f7430d28f9edef1934aa2538d016cd2f1725d61b0b270e6ca6c76ea3165171,1319,783,25bcacf77a3b74965e50a7cbfb44bfcd7d106fb26bce00f93f002971bace99ea,1,2021.10.01.12.54.53_veh-44_01642_01719,us-pa-pittsburgh-hazelwood,us-pa-pittsburgh-hazelwood,True,READY,
train_pittsburgh,/Users/liuqing/Projects/01_E2E_QA_Code/nuplan/dataset/data/cache/train_pittsburgh/2021.10.01.12.54.53_veh-44_02019_02101.db,2021.10.01.12.54.53_veh-44_02019_02101.db,7114752,2022-09-23T05:51:30+00:00,True,bb9292e2ba0ac6dd0635e44292adac8a3830c7282c2f1f8cd8eb399f76931bd2,a7a09f53707647bf4387e7cf8ce8fd1eba20cdc06c9e71b9e11504774161bc8b,1362,849,973ca4dd4d0d7df633bd488463259c46b31327016e3a70a6014b55ee46fb726b,1,2021.10.01.12.54.53_veh-44_02019_02101,us-pa-pittsburgh-hazelwood,us-pa-pittsburgh-hazelwood,True,READY,
train_pittsburgh,/Users/liuqing/Projects/01_E2E_QA_Code/nuplan/dataset/data/cache/train_pittsburgh/2021.10.01.12.54.53_veh-44_02307_02375.db,2021.10.01.12.54.53_veh-44_02307_02375.db,6262784,2022-09-23T05:51:30+00:00,True,bb9292e2ba0ac6dd0635e44292adac8a3830c7282c2f1f8cd8eb399f76931bd2,e6a3732c5d19c7b25952759fe0bd0ccae2c460a3bd4731069a675a0a39df8bcc,1211,711,f6741885ddeff5de300ac7927f9f24231f856b331e92607db763911ebc51bff6,1,2021.10.01.12.54.53_veh-44_02307_02375,us-pa-pittsburgh-hazelwood,us-pa-pittsburgh-hazelwood,True,READY,
train_pittsburgh,/Users/liuqing/Projects/01_E2E_QA_Code/nuplan/dataset/data/cache/train_pittsburgh/2021.10.01.12.54.53_veh-44_02552_02639.db,2021.10.01.12.54.53_veh-44_02552_02639.db,7286784,2022-09-23T05:51:30+00:00,True,bb9292e2ba0ac6dd0635e44292adac8a3830c7282c2f1f8cd8eb399f76931bd2,18954a1a2d9ecb89826aff401ca3751f044976aff0e9c8ba1086ce30327a77c6,1661,1087,a803083bfc78171b2a3086547b1695ddbc026c0924b98d73ad5d6d6353a591a3,1,2021.10.01.12.54.53_veh-44_02552_02639,us-pa-pittsburgh-hazelwood,us-pa-pittsburgh-hazelwood,True,READY,
train_pittsburgh,/Users/liuqing/Projects/01_E2E_QA_Code/nuplan/dataset/data/cache/train_pittsburgh/2021.10.01.12.54.53_veh-44_02651_03095.db,2021.10.01.12.54.53_veh-44_02651_03095.db,49233920,2022-09-23T05:51:30+00:00,True,bb9292e2ba0ac6dd0635e44292adac8a3830c7282c2f1f8cd8eb399f76931bd2,0e2ec8b71b75ff13f0ccd2b527b8e97bdb274decfc84f14104b0433e62f9e916,9081,5537,fe546085619bf437e49d1bd7b28379cfb3a6cae46c1b2f1b28da56e28c820cbc,1,2021.10.01.12.54.53_veh-44_02651_03095,us-pa-pittsburgh-hazelwood,us-pa-pittsburgh-hazelwood,True,READY,
train_pittsburgh,/Users/liuqing/Projects/01_E2E_QA_Code/nuplan/dataset/data/cache/train_pittsburgh/2021.10.01.14.16.29_veh-44_00112_00513.db,2021.10.01.14.16.29_veh-44_00112_00513.db,43880448,2022-09-23T05:51:30+00:00,True,bb9292e2ba0ac6dd0635e44292adac8a3830c7282c2f1f8cd8eb399f76931bd2,73bd33b257bb6757ca85a9dab8c359fa52de2abb992813f15b208e0701583677,8144,5075,dd38e03198b0584312b259df93aea39f16797e8899a7b2d7ade92036274d367f,1,2021.10.01.14.16.29_veh-44_00112_00513,us-pa-pittsburgh-hazelwood,us-pa-pittsburgh-hazelwood,True,READY,
train_pittsburgh,/Users/liuqing/Projects/01_E2E_QA_Code/nuplan/dataset/data/cache/train_pittsburgh/2021.10.01.14.16.29_veh-44_00532_00631.db,2021.10.01.14.16.29_veh-44_00532_00631.db,8904704,2022-09-23T05:51:30+00:00,True,bb9292e2ba0ac6dd0635e44292adac8a3830c7282c2f1f8cd8eb399f76931bd2,27b40d31cc46e55545962dbcce239d9928fc5b17d9ad990a72c0f4f44d931835,1907,1491,008d399bd090c5f91ed4ba896b978c4f19b3daccd6fbcc3040a110c459f441af,1,2021.10.01.14.16.29_veh-44_00532_00631,us-pa-pittsburgh-hazelwood,us-pa-pittsburgh-hazelwood,True,READY,
train_pittsburgh,/Users/liuqing/Projects/01_E2E_QA_Code/nuplan/dataset/data/cache/train_pittsburgh/2021.10.01.14.16.29_veh-44_00675_00866.db,2021.10.01.14.16.29_veh-44_00675_00866.db,40095744,2022-09-23T05:51:30+00:00,True,bb9292e2ba0ac6dd0635e44292adac8a3830c7282c2f1f8cd8eb399f76931bd2,04de15093228846b308b804767709c33cceda555ca4441cf8278e91936e28092,3956,2065,2c647dcc9bde08d5e9bb769451e864ce618176ca4a55883fd871c3255d00f36e,1,2021.10.01.14.16.29_veh-44_00675_00866,us-pa-pittsburgh-hazelwood,us-pa-pittsburgh-hazelwood,True,READY,
train_pittsburgh,/Users/liuqing/Projects/01_E2E_QA_Code/nuplan/dataset/data/cache/train_pittsburgh/2021.10.01.14.16.29_veh-44_00885_01146.db,2021.10.01.14.16.29_veh-44_00885_01146.db,33648640,2022-09-23T05:51:30+00:00,True,bb9292e2ba0ac6dd0635e44292adac8a3830c7282c2f1f8cd8eb399f76931bd2,d34e87f60996968799909e73801d9ed546e9d9ba8b38ec1ed09dc80fe071d36f,5507,3375,3bd8fcdbe7e3c4c71ae6afdbf4d7f1e350a5acf040795b7b83cc13f1c0860a4d,1,2021.10.01.14.16.29_veh-44_00885_01146,us-pa-pittsburgh-hazelwood,us-pa-pittsburgh-hazelwood,True,READY,
train_pittsburgh,/Users/liuqing/Projects/01_E2E_QA_Code/nuplan/dataset/data/cache/train_pittsburgh/2021.10.01.14.16.29_veh-44_01169_01773.db,2021.10.01.14.16.29_veh-44_01169_01773.db,98803712,2022-09-23T05:51:30+00:00,True,bb9292e2ba0ac6dd0635e44292adac8a3830c7282c2f1f8cd8eb399f76931bd2,2ee89ce325243447a93d8c692158393d970d5d52894a65393215ed2f9bc1f456,12933,7108,c8cae86ac0820c76b77f63fb92725622863bb323732412f4793b6f6a608d7eed,1,2021.10.01.14.16.29_veh-44_01169_01773,us-pa-pittsburgh-hazelwood,us-pa-pittsburgh-hazelwood,True,READY,
train_pittsburgh,/Users/liuqing/Projects/01_E2E_QA_Code/nuplan/dataset/data/cache/train_pittsburgh/2021.10.01.14.49.24_veh-44_00005_00686.db,2021.10.01.14.49.24_veh-44_00005_00686.db,128438272,2022-09-23T05:51:30+00:00,True,bb9292e2ba0ac6dd0635e44292adac8a3830c7282c2f1f8cd8eb399f76931bd2,0294e49389cc808dbc8f4bd20afa535049d341b21ca274f5ffd6b29e87ff4b13,15486,9025,0af3f68d5e8b858124f2dd69882ebb0cf2b357e521116aa4dd50b04472265933,1,2021.10.01.14.49.24_veh-44_00005_00686,us-pa-pittsburgh-hazelwood,us-pa-pittsburgh-hazelwood,True,READY,
train_pittsburgh,/Users/liuqing/Projects/01_E2E_QA_Code/nuplan/dataset/data/cache/train_pittsburgh/2021.10.01.14.49.24_veh-44_00772_01428.db,2021.10.01.14.49.24_veh-44_00772_01428.db,115138560,2022-09-23T05:51:30+00:00,True,bb9292e2ba0ac6dd0635e44292adac8a3830c7282c2f1f8cd8eb399f76931bd2,a44d29245d576a6164ebb397e59c84e98072b258882b051680b7bf2afad3f92a,15626,8547,64258150101e90f4187baccb58fd9481a2e2518d45fd400b4c4d5a72ed194b35,1,2021.10.01.14.49.24_veh-44_00772_01428,us-pa-pittsburgh-hazelwood,us-pa-pittsburgh-hazelwood,True,READY,
train_pittsburgh,/Users/liuqing/Projects/01_E2E_QA_Code/nuplan/dataset/data/cache/train_pittsburgh/2021.10.01.14.49.24_veh-44_01453_01551.db,2021.10.01.14.49.24_veh-44_01453_01551.db,8589312,2022-09-23T05:51:30+00:00,True,bb9292e2ba0ac6dd0635e44292adac8a3830c7282c2f1f8cd8eb399f76931bd2,1538ded432d32c5f749c28830c2a7f1de7adc703137bd58492b73fa76e12e608,2157,1301,3ae182e6b78eae76a4846e1d27f9fb5e86bcaa0f14bda9c78222168d7fe150ba,1,2021.10.01.14.49.24_veh-44_01453_01551,us-pa-pittsburgh-hazelwood,us-pa-pittsburgh-hazelwood,True,READY,
train_pittsburgh,/Users/liuqing/Projects/01_E2E_QA_Code/nuplan/dataset/data/cache/train_pittsburgh/2021.10.01.16.53.37_veh-44_00056_00324.db,2021.10.01.16.53.37_veh-44_00056_00324.db,22290432,2022-09-23T05:51:30+00:00,True,bb9292e2ba0ac6dd0635e44292adac8a3830c7282c2f1f8cd8eb399f76931bd2,4b0fd21d60489a893bed6d97837eb1461d228e7a767b0725db7a98ceea4663a4,7236,3919,7130e5cfdf53638b0cb55f89f74f2c9847cb0293fe539e99f05d60c768d5dfb9,1,2021.10.01.16.53.37_veh-44_00056_00324,us-pa-pittsburgh-hazelwood,us-pa-pittsburgh-hazelwood,True,READY,
train_pittsburgh,/Users/liuqing/Projects/01_E2E_QA_Code/nuplan/dataset/data/cache/train_pittsburgh/2021.10.01.16.53.37_veh-44_00347_00964.db,2021.10.01.16.53.37_veh-44_00347_00964.db,115527680,2022-09-23T05:51:30+00:00,True,bb9292e2ba0ac6dd0635e44292adac8a3830c7282c2f1f8cd8eb399f76931bd2,9bedc4f6d91e249ef7c1ab0fe2dcdadcede4c00ad9e13ab0ae875763f7dd1868,13489,8029,a2bf09c762955ae2752d20315a479ba98ea052fcba6e6e779f241c1dddfe12b6,1,2021.10.01.16.53.37_veh-44_00347_00964,us-pa-pittsburgh-hazelwood,us-pa-pittsburgh-hazelwood,True,READY,
train_pittsburgh,/Users/liuqing/Projects/01_E2E_QA_Code/nuplan/dataset/data/cache/train_pittsburgh/2021.10.01.16.53.37_veh-44_00989_01087.db,2021.10.01.16.53.37_veh-44_00989_01087.db,13901824,2022-09-23T05:51:30+00:00,True,bb9292e2ba0ac6dd0635e44292adac8a3830c7282c2f1f8cd8eb399f76931bd2,982b2796d0a316fdcb3adf30a63648ab1b3f2ba2b9be69136755985e3a3fa65f,2200,1596,a1ba10f1f56ceda1639a58b32ef5f53430f08901c073bae662e4ad41545e71d6,1,2021.10.01.16.53.37_veh-44_00989_01087,us-pa-pittsburgh-hazelwood,us-pa-pittsburgh-hazelwood,True,READY,
train_pittsburgh,/Users/liuqing/Projects/01_E2E_QA_Code/nuplan/dataset/data/cache/train_pittsburgh/2021.10.01.16.53.37_veh-44_01126_01602.db,2021.10.01.16.53.37_veh-44_01126_01602.db,83824640,2022-09-23T05:51:30+00:00,True,bb9292e2ba0ac6dd0635e44292adac8a3830c7282c2f1f8cd8eb399f76931bd2,89ce88e707b354dda7536111fb9edfece4ea4b5239113f9da95a90afbeb7327f,10217,6448,6324d28966e13a8df06e31016778a8b025b658670d099f6f1c591158f42dcf86,1,2021.10.01.16.53.37_veh-44_01126_01602,us-pa-pittsburgh-hazelwood,us-pa-pittsburgh-hazelwood,True,READY,
train_pittsburgh,/Users/liuqing/Projects/01_E2E_QA_Code/nuplan/dataset/data/cache/train_pittsburgh/2021.10.01.16.53.37_veh-44_01654_01884.db,2021.10.01.16.53.37_veh-44_01654_01884.db,15441920,2022-09-23T05:51:30+00:00,True,bb9292e2ba0ac6dd0635e44292adac8a3830c7282c2f1f8cd8eb399f76931bd2,5d762e99eebbcb521421f4ed2b3b9274a9c8e35196fb9fc449f1c1569e8436d6,4098,2574,5086a15cf86b83b7e89d6eeee61d8daffd0aea198a9ce8a5426ff22f73fee671,1,2021.10.01.16.53.37_veh-44_01654_01884,us-pa-pittsburgh-hazelwood,us-pa-pittsburgh-hazelwood,True,READY,
train_pittsburgh,/Users/liuqing/Projects/01_E2E_QA_Code/nuplan/dataset/data/cache/train_pittsburgh/2021.10.01.17.28.18_veh-44_00053_00188.db,2021.10.01.17.28.18_veh-44_00053_00188.db,10280960,2022-09-23T05:51:30+00:00,True,bb9292e2ba0ac6dd0635e44292adac8a3830c7282c2f1f8cd8eb399f76931bd2,975e461b775206a9cd4c1132de58333e5a74d10f609f00ab511a8445849d2206,2964,1972,4e528aadb5d04b8a2316b9e6f74d1fbadad208c926aea2b8af9ca5d337355624,1,2021.10.01.17.28.18_veh-44_00053_00188,us-pa-pittsburgh-hazelwood,us-pa-pittsburgh-hazelwood,True,READY,
train_pittsburgh,/Users/liuqing/Projects/01_E2E_QA_Code/nuplan/dataset/data/cache/train_pittsburgh/2021.10.01.17.28.18_veh-44_00212_00444.db,2021.10.01.17.28.18_veh-44_00212_00444.db,20877312,2022-09-23T05:51:30+00:00,True,bb9292e2ba0ac6dd0635e44292adac8a3830c7282c2f1f8cd8eb399f76931bd2,9725701d4c62e2797bc42800c262220bd9b3ae459740808373c5315674ee4a37,5377,3132,76419a2fdf46a0dd4cb253079d75b4a00a42061e34e0402ffd43a184b9b81059,1,2021.10.01.17.28.18_veh-44_00212_00444,us-pa-pittsburgh-hazelwood,us-pa-pittsburgh-hazelwood,True,READY,
train_pittsburgh,/Users/liuqing/Projects/01_E2E_QA_Code/nuplan/dataset/data/cache/train_pittsburgh/2021.10.01.17.28.18_veh-44_00496_00584.db,2021.10.01.17.28.18_veh-44_00496_00584.db,11800576,2022-09-23T05:51:30+00:00,True,bb9292e2ba0ac6dd0635e44292adac8a3830c7282c2f1f8cd8eb399f76931bd2,245a07a613cc5c65207fd963cf59f66204181e13154545c194811a4fcd3c0988,1764,1302,79da051015eabf7544a69b03e186f6d5590e8a7d16edb6453e5e14491aaf71a3,1,2021.10.01.17.28.18_veh-44_00496_00584,us-pa-pittsburgh-hazelwood,us-pa-pittsburgh-hazelwood,True,READY,
train_pittsburgh,/Users/liuqing/Projects/01_E2E_QA_Code/nuplan/dataset/data/cache/train_pittsburgh/2021.10.01.17.28.18_veh-44_00609_01551.db,2021.10.01.17.28.18_veh-44_00609_01551.db,181288960,2022-09-23T05:51:30+00:00,True,bb9292e2ba0ac6dd0635e44292adac8a3830c7282c2f1f8cd8eb399f76931bd2,1721d4effb12972c55e320cb7dd2dde27257bd3006cdb374f1d52729c5db5d06,21566,12240,684e094409bccfda158f0f01cdc4721c7b420f1b839953e7a7e79b5b5cc97c93,1,2021.10.01.17.28.18_veh-44_00609_01551,us-pa-pittsburgh-hazelwood,us-pa-pittsburgh-hazelwood,True,READY,
train_pittsburgh,/Users/liuqing/Projects/01_E2E_QA_Code/nuplan/dataset/data/cache/train_pittsburgh/2021.10.01.17.28.18_veh-44_01567_01717.db,2021.10.01.17.28.18_veh-44_01567_01717.db,10358784,2022-09-23T05:51:30+00:00,True,bb9292e2ba0ac6dd0635e44292adac8a3830c7282c2f1f8cd8eb399f76931bd2,5a1c27153a712b543439e5aee9121c0cade3703ead42dafb55254fedf8a67382,3486,2147,21c509322ac60f1cf31c8d24f33e937cd38396f9396c5b24c87f0cd255833473,1,2021.10.01.17.28.18_veh-44_01567_01717,us-pa-pittsburgh-hazelwood,us-pa-pittsburgh-hazelwood,True,READY,
train_pittsburgh,/Users/liuqing/Projects/01_E2E_QA_Code/nuplan/dataset/data/cache/train_pittsburgh/2021.10.01.18.24.31_veh-44_00344_00756.db,2021.10.01.18.24.31_veh-44_00344_00756.db,51183616,2022-09-23T05:51:30+00:00,True,bb9292e2ba0ac6dd0635e44292adac8a3830c7282c2f1f8cd8eb399f76931bd2,131c22dff1da38ad495d5beedd7c94ab0aefe5c4d4dcdef0d07b40d50eef51ea,8343,4998,a7674d7ac0d0e2ac55a4690f913099578e240a4b077d79bf4bd0ba0ce6956fa2,1,2021.10.01.18.24.31_veh-44_00344_00756,us-pa-pittsburgh-hazelwood,us-pa-pittsburgh-hazelwood,True,READY,
train_pittsburgh,/Users/liuqing/Projects/01_E2E_QA_Code/nuplan/dataset/data/cache/train_pittsburgh/2021.10.01.18.24.31_veh-44_00776_00895.db,2021.10.01.18.24.31_veh-44_00776_00895.db,13672448,2022-09-23T05:51:30+00:00,True,bb9292e2ba0ac6dd0635e44292adac8a3830c7282c2f1f8cd8eb399f76931bd2,e825d2af06f4a6ad8f8ccd21fc080838b47787e2708da18368503e1360264fc1,1907,1367,e4a3954420ada18c3cec204b071f808720d57dc94708c68197e42f3f9c8ebf45,1,2021.10.01.18.24.31_veh-44_00776_00895,us-pa-pittsburgh-hazelwood,us-pa-pittsburgh-hazelwood,True,READY,
train_pittsburgh,/Users/liuqing/Projects/01_E2E_QA_Code/nuplan/dataset/data/cache/train_pittsburgh/2021.10.01.18.24.31_veh-44_00925_01112.db,2021.10.01.18.24.31_veh-44_00925_01112.db,42270720,2022-09-23T05:51:30+00:00,True,bb9292e2ba0ac6dd0635e44292adac8a3830c7282c2f1f8cd8eb399f76931bd2,6ee558a817066d445dd76cadd190f45f947e41fda25ee6fbf66eed4a2026adb6,4277,2145,0c8e453450b717a2179a7001dfa4349a2b7d3dc6cc8c4b3abd69aa5977678107,1,2021.10.01.18.24.31_veh-44_00925_01112,us-pa-pittsburgh-hazelwood,us-pa-pittsburgh-hazelwood,True,READY,
train_pittsburgh,/Users/liuqing/Projects/01_E2E_QA_Code/nuplan/dataset/data/cache/train_pittsburgh/2021.10.01.18.24.31_veh-44_01137_01493.db,2021.10.01.18.24.31_veh-44_01137_01493.db,53383168,2022-09-23T05:51:30+00:00,True,bb9292e2ba0ac6dd0635e44292adac8a3830c7282c2f1f8cd8eb399f76931bd2,2ed18d0c3ee50b79ff82b0bc26fe56078cb4e3c62b618d67eb0288d028479f0d,6535,4075,3760ba56afab172fa3c5d8cd24ad119d7dd8bb673424b92ea979bb52694badaa,1,2021.10.01.18.24.31_veh-44_01137_01493,us-pa-pittsburgh-hazelwood,us-pa-pittsburgh-hazelwood,True,READY,
train_pittsburgh,/Users/liuqing/Projects/01_E2E_QA_Code/nuplan/dataset/data/cache/train_pittsburgh/2021.10.01.18.57.27_veh-44_00078_00205.db,2021.10.01.18.57.27_veh-44_00078_00205.db,9375744,2022-09-23T05:51:31+00:00,True,bb9292e2ba0ac6dd0635e44292adac8a3830c7282c2f1f8cd8eb399f76931bd2,2ee7039dcb1c2a590fae49878f0542c239d1ec7a1aa4429f8097dad2b008b97f,2826,1799,44dd837193161910b06b92c6fa1f9130a1fa2089a36a1d40eb6724a0f1e97dea,1,2021.10.01.18.57.27_veh-44_00078_00205,us-pa-pittsburgh-hazelwood,us-pa-pittsburgh-hazelwood,True,READY,
train_pittsburgh,/Users/liuqing/Projects/01_E2E_QA_Code/nuplan/dataset/data/cache/train_pittsburgh/2021.10.01.18.57.27_veh-44_00240_00661.db,2021.10.01.18.57.27_veh-44_00240_00661.db,63381504,2022-09-23T05:51:30+00:00,True,bb9292e2ba0ac6dd0635e44292adac8a3830c7282c2f1f8cd8eb399f76931bd2,4e37428750f6b28c35ca5673e2a275536b5b675c25c9a17948e4c16562b69a47,9474,5209,bc74fe2f4f166de1fb07ff1d4b9902c8335c2601d68d733e25ee2668578f43b9,1,2021.10.01.18.57.27_veh-44_00240_00661,us-pa-pittsburgh-hazelwood,us-pa-pittsburgh-hazelwood,True,READY,
train_pittsburgh,/Users/liuqing/Projects/01_E2E_QA_Code/nuplan/dataset/data/cache/train_pittsburgh/2021.10.01.18.57.27_veh-44_00684_00779.db,2021.10.01.18.57.27_veh-44_00684_00779.db,18595840,2022-09-23T05:51:31+00:00,True,bb9292e2ba0ac6dd0635e44292adac8a3830c7282c2f1f8cd8eb399f76931bd2,105bb9d675bff3fd83877e1291a5d0d844dcdba11e2e12b36472e7cb2655bf58,2409,1093,b1d6ecfeae90cb64d5069e16e42d1a9e03c92dc8f6ad2b562a123f323022f404,1,2021.10.01.18.57.27_veh-44_00684_00779,us-pa-pittsburgh-hazelwood,us-pa-pittsburgh-hazelwood,True,READY,
train_pittsburgh,/Users/liuqing/Projects/01_E2E_QA_Code/nuplan/dataset/data/cache/train_pittsburgh/2021.10.01.18.57.27_veh-44_00790_01658.db,2021.10.01.18.57.27_veh-44_00790_01658.db,138240000,2022-09-23T05:51:31+00:00,True,bb9292e2ba0ac6dd0635e44292adac8a3830c7282c2f1f8cd8eb399f76931bd2,5d89cc97b62ddf9f1a4dca88c97c825ef2fbed1781bf8c296cbb5040cff59d26,17315,10606,c64e1fc3517cde279dff548b7467a5af8216c68b39b5f36b4a00ba669bdb19df,1,2021.10.01.18.57.27_veh-44_00790_01658,us-pa-pittsburgh-hazelwood,us-pa-pittsburgh-hazelwood,True,READY,
