dose,view,representation,candidate,seed,ood_metric,reference_bank,reference_q99_boundary,value_median,value_p95,value_max,row_exceedance_rate_q99,four_metric_row_ood_rate_at_least_2,frozen_rule,feature_level_normalized_range_violation_rate,formal_hypothesis_status,evidence_level
dose0,FULL,old64,old64,NOT_APPLICABLE,embedding_norm_l2_deviation,Waymo Dynamic-v2 validation R0_DEVELOPMENT embedding bank (not represented as untouched training data),4.926485817351281,1.8291806597435638,3.7222559041610124,5.04353180403578,0.0125,0.0,reference q99 per metric; raw row-level >=2/4 flag retained without inventing a condition-level aggregation threshold,NOT_APPLICABLE_NO_ENCODER_NORMALIZATION: frozen learned_encoder_input=NONE,INCONCLUSIVE_NO_FROZEN_CONDITION_LEVEL_AGGREGATION,DEVELOPMENT_DIAGNOSTIC_EVIDENCE
dose0,FULL,old64,old64,NOT_APPLICABLE,distance_to_r0_development_centroid,Waymo Dynamic-v2 validation R0_DEVELOPMENT embedding bank (not represented as untouched training data),16.300784561828028,8.625285814962645,11.635019596754045,13.887371020937778,0.0,0.0,reference q99 per metric; raw row-level >=2/4 flag retained without inventing a condition-level aggregation threshold,NOT_APPLICABLE_NO_ENCODER_NORMALIZATION: frozen learned_encoder_input=NONE,INCONCLUSIVE_NO_FROZEN_CONDITION_LEVEL_AGGREGATION,DEVELOPMENT_DIAGNOSTIC_EVIDENCE
dose0,FULL,old64,old64,NOT_APPLICABLE,pca_reconstruction_error,Waymo Dynamic-v2 validation R0_DEVELOPMENT embedding bank (not represented as untouched training data),0.20690819029243898,0.09760430951214716,0.16297069125649064,0.22246268216770726,0.0125,0.0,reference q99 per metric; raw row-level >=2/4 flag retained without inventing a condition-level aggregation threshold,NOT_APPLICABLE_NO_ENCODER_NORMALIZATION: frozen learned_encoder_input=NONE,INCONCLUSIVE_NO_FROZEN_CONDITION_LEVEL_AGGREGATION,DEVELOPMENT_DIAGNOSTIC_EVIDENCE
dose0,FULL,old64,old64,NOT_APPLICABLE,nearest_neighbor_distance,Waymo Dynamic-v2 validation R0_DEVELOPMENT embedding bank (not represented as untouched training data),6.33800052977024,4.483140906823058,6.079642840974695,7.544325945998666,0.025,0.0,reference q99 per metric; raw row-level >=2/4 flag retained without inventing a condition-level aggregation threshold,NOT_APPLICABLE_NO_ENCODER_NORMALIZATION: frozen learned_encoder_input=NONE,INCONCLUSIVE_NO_FROZEN_CONDITION_LEVEL_AGGREGATION,DEVELOPMENT_DIAGNOSTIC_EVIDENCE
dose0,NEIGHBOR_ABLATED,old64,old64,NOT_APPLICABLE,embedding_norm_l2_deviation,Waymo Dynamic-v2 validation R0_DEVELOPMENT embedding bank (not represented as untouched training data),4.926485817351281,2.4133568735988895,3.13145844596796,3.4717499413178246,0.0,0.0,reference q99 per metric; raw row-level >=2/4 flag retained without inventing a condition-level aggregation threshold,NOT_APPLICABLE_NO_ENCODER_NORMALIZATION: frozen learned_encoder_input=NONE,INCONCLUSIVE_NO_FROZEN_CONDITION_LEVEL_AGGREGATION,DEVELOPMENT_DIAGNOSTIC_EVIDENCE
dose0,NEIGHBOR_ABLATED,old64,old64,NOT_APPLICABLE,distance_to_r0_development_centroid,Waymo Dynamic-v2 validation R0_DEVELOPMENT embedding bank (not represented as untouched training data),16.300784561828028,8.396476972539354,8.880289877362577,9.006755242628094,0.0,0.0,reference q99 per metric; raw row-level >=2/4 flag retained without inventing a condition-level aggregation threshold,NOT_APPLICABLE_NO_ENCODER_NORMALIZATION: frozen learned_encoder_input=NONE,INCONCLUSIVE_NO_FROZEN_CONDITION_LEVEL_AGGREGATION,DEVELOPMENT_DIAGNOSTIC_EVIDENCE
dose0,NEIGHBOR_ABLATED,old64,old64,NOT_APPLICABLE,pca_reconstruction_error,Waymo Dynamic-v2 validation R0_DEVELOPMENT embedding bank (not represented as untouched training data),0.20690819029243898,0.10478154545792169,0.13327452426699218,0.18159755265888067,0.0,0.0,reference q99 per metric; raw row-level >=2/4 flag retained without inventing a condition-level aggregation threshold,NOT_APPLICABLE_NO_ENCODER_NORMALIZATION: frozen learned_encoder_input=NONE,INCONCLUSIVE_NO_FROZEN_CONDITION_LEVEL_AGGREGATION,DEVELOPMENT_DIAGNOSTIC_EVIDENCE
dose0,NEIGHBOR_ABLATED,old64,old64,NOT_APPLICABLE,nearest_neighbor_distance,Waymo Dynamic-v2 validation R0_DEVELOPMENT embedding bank (not represented as untouched training data),6.33800052977024,3.735677954985162,4.439903254329185,4.667051282899515,0.0,0.0,reference q99 per metric; raw row-level >=2/4 flag retained without inventing a condition-level aggregation threshold,NOT_APPLICABLE_NO_ENCODER_NORMALIZATION: frozen learned_encoder_input=NONE,INCONCLUSIVE_NO_FROZEN_CONDITION_LEVEL_AGGREGATION,DEVELOPMENT_DIAGNOSTIC_EVIDENCE
dose25,FULL,old64,old64,NOT_APPLICABLE,embedding_norm_l2_deviation,Waymo Dynamic-v2 validation R0_DEVELOPMENT embedding bank (not represented as untouched training data),4.926485817351281,1.8741261650422345,3.7077168630236708,5.0449916722942625,0.0125,0.0125,reference q99 per metric; raw row-level >=2/4 flag retained without inventing a condition-level aggregation threshold,NOT_APPLICABLE_NO_ENCODER_NORMALIZATION: frozen learned_encoder_input=NONE,INCONCLUSIVE_NO_FROZEN_CONDITION_LEVEL_AGGREGATION,DEVELOPMENT_DIAGNOSTIC_EVIDENCE
dose25,FULL,old64,old64,NOT_APPLICABLE,distance_to_r0_development_centroid,Waymo Dynamic-v2 validation R0_DEVELOPMENT embedding bank (not represented as untouched training data),16.300784561828028,8.59771397825072,11.745413538036193,14.873176187970786,0.0,0.0125,reference q99 per metric; raw row-level >=2/4 flag retained without inventing a condition-level aggregation threshold,NOT_APPLICABLE_NO_ENCODER_NORMALIZATION: frozen learned_encoder_input=NONE,INCONCLUSIVE_NO_FROZEN_CONDITION_LEVEL_AGGREGATION,DEVELOPMENT_DIAGNOSTIC_EVIDENCE
dose25,FULL,old64,old64,NOT_APPLICABLE,pca_reconstruction_error,Waymo Dynamic-v2 validation R0_DEVELOPMENT embedding bank (not represented as untouched training data),0.20690819029243898,0.10034671473593905,0.16247818744102568,0.22187598051361865,0.025,0.0125,reference q99 per metric; raw row-level >=2/4 flag retained without inventing a condition-level aggregation threshold,NOT_APPLICABLE_NO_ENCODER_NORMALIZATION: frozen learned_encoder_input=NONE,INCONCLUSIVE_NO_FROZEN_CONDITION_LEVEL_AGGREGATION,DEVELOPMENT_DIAGNOSTIC_EVIDENCE
dose25,FULL,old64,old64,NOT_APPLICABLE,nearest_neighbor_distance,Waymo Dynamic-v2 validation R0_DEVELOPMENT embedding bank (not represented as untouched training data),6.33800052977024,4.365538655893799,6.104934366722589,6.451131709041323,0.025,0.0125,reference q99 per metric; raw row-level >=2/4 flag retained without inventing a condition-level aggregation threshold,NOT_APPLICABLE_NO_ENCODER_NORMALIZATION: frozen learned_encoder_input=NONE,INCONCLUSIVE_NO_FROZEN_CONDITION_LEVEL_AGGREGATION,DEVELOPMENT_DIAGNOSTIC_EVIDENCE
dose25,NEIGHBOR_ABLATED,old64,old64,NOT_APPLICABLE,embedding_norm_l2_deviation,Waymo Dynamic-v2 validation R0_DEVELOPMENT embedding bank (not represented as untouched training data),4.926485817351281,2.4174188402230747,3.1481129952698987,3.4842578834181346,0.0,0.0,reference q99 per metric; raw row-level >=2/4 flag retained without inventing a condition-level aggregation threshold,NOT_APPLICABLE_NO_ENCODER_NORMALIZATION: frozen learned_encoder_input=NONE,INCONCLUSIVE_NO_FROZEN_CONDITION_LEVEL_AGGREGATION,DEVELOPMENT_DIAGNOSTIC_EVIDENCE
dose25,NEIGHBOR_ABLATED,old64,old64,NOT_APPLICABLE,distance_to_r0_development_centroid,Waymo Dynamic-v2 validation R0_DEVELOPMENT embedding bank (not represented as untouched training data),16.300784561828028,8.402116114891896,8.877967994837874,9.010254313832098,0.0,0.0,reference q99 per metric; raw row-level >=2/4 flag retained without inventing a condition-level aggregation threshold,NOT_APPLICABLE_NO_ENCODER_NORMALIZATION: frozen learned_encoder_input=NONE,INCONCLUSIVE_NO_FROZEN_CONDITION_LEVEL_AGGREGATION,DEVELOPMENT_DIAGNOSTIC_EVIDENCE
dose25,NEIGHBOR_ABLATED,old64,old64,NOT_APPLICABLE,pca_reconstruction_error,Waymo Dynamic-v2 validation R0_DEVELOPMENT embedding bank (not represented as untouched training data),0.20690819029243898,0.10561580644540647,0.1365606772348239,0.18159769525315242,0.0,0.0,reference q99 per metric; raw row-level >=2/4 flag retained without inventing a condition-level aggregation threshold,NOT_APPLICABLE_NO_ENCODER_NORMALIZATION: frozen learned_encoder_input=NONE,INCONCLUSIVE_NO_FROZEN_CONDITION_LEVEL_AGGREGATION,DEVELOPMENT_DIAGNOSTIC_EVIDENCE
dose25,NEIGHBOR_ABLATED,old64,old64,NOT_APPLICABLE,nearest_neighbor_distance,Waymo Dynamic-v2 validation R0_DEVELOPMENT embedding bank (not represented as untouched training data),6.33800052977024,3.7280871361563555,4.489073421155306,4.6667381525342835,0.0,0.0,reference q99 per metric; raw row-level >=2/4 flag retained without inventing a condition-level aggregation threshold,NOT_APPLICABLE_NO_ENCODER_NORMALIZATION: frozen learned_encoder_input=NONE,INCONCLUSIVE_NO_FROZEN_CONDITION_LEVEL_AGGREGATION,DEVELOPMENT_DIAGNOSTIC_EVIDENCE
dose50,FULL,old64,old64,NOT_APPLICABLE,embedding_norm_l2_deviation,Waymo Dynamic-v2 validation R0_DEVELOPMENT embedding bank (not represented as untouched training data),4.926485817351281,1.8986453068764373,3.794478222876542,5.046482985373089,0.0125,0.025,reference q99 per metric; raw row-level >=2/4 flag retained without inventing a condition-level aggregation threshold,NOT_APPLICABLE_NO_ENCODER_NORMALIZATION: frozen learned_encoder_input=NONE,INCONCLUSIVE_NO_FROZEN_CONDITION_LEVEL_AGGREGATION,DEVELOPMENT_DIAGNOSTIC_EVIDENCE
dose50,FULL,old64,old64,NOT_APPLICABLE,distance_to_r0_development_centroid,Waymo Dynamic-v2 validation R0_DEVELOPMENT embedding bank (not represented as untouched training data),16.300784561828028,8.597216789482435,11.721843860858355,15.265639299080684,0.0,0.025,reference q99 per metric; raw row-level >=2/4 flag retained without inventing a condition-level aggregation threshold,NOT_APPLICABLE_NO_ENCODER_NORMALIZATION: frozen learned_encoder_input=NONE,INCONCLUSIVE_NO_FROZEN_CONDITION_LEVEL_AGGREGATION,DEVELOPMENT_DIAGNOSTIC_EVIDENCE
dose50,FULL,old64,old64,NOT_APPLICABLE,pca_reconstruction_error,Waymo Dynamic-v2 validation R0_DEVELOPMENT embedding bank (not represented as untouched training data),0.20690819029243898,0.10384027958499233,0.16171986535821373,0.2178912145342272,0.025,0.025,reference q99 per metric; raw row-level >=2/4 flag retained without inventing a condition-level aggregation threshold,NOT_APPLICABLE_NO_ENCODER_NORMALIZATION: frozen learned_encoder_input=NONE,INCONCLUSIVE_NO_FROZEN_CONDITION_LEVEL_AGGREGATION,DEVELOPMENT_DIAGNOSTIC_EVIDENCE
dose50,FULL,old64,old64,NOT_APPLICABLE,nearest_neighbor_distance,Waymo Dynamic-v2 validation R0_DEVELOPMENT embedding bank (not represented as untouched training data),6.33800052977024,4.495891895344426,6.075043291819798,6.88925978322907,0.0375,0.025,reference q99 per metric; raw row-level >=2/4 flag retained without inventing a condition-level aggregation threshold,NOT_APPLICABLE_NO_ENCODER_NORMALIZATION: frozen learned_encoder_input=NONE,INCONCLUSIVE_NO_FROZEN_CONDITION_LEVEL_AGGREGATION,DEVELOPMENT_DIAGNOSTIC_EVIDENCE
dose50,NEIGHBOR_ABLATED,old64,old64,NOT_APPLICABLE,embedding_norm_l2_deviation,Waymo Dynamic-v2 validation R0_DEVELOPMENT embedding bank (not represented as untouched training data),4.926485817351281,2.4389829302174117,3.149356474301088,3.494987596490823,0.0,0.0,reference q99 per metric; raw row-level >=2/4 flag retained without inventing a condition-level aggregation threshold,NOT_APPLICABLE_NO_ENCODER_NORMALIZATION: frozen learned_encoder_input=NONE,INCONCLUSIVE_NO_FROZEN_CONDITION_LEVEL_AGGREGATION,DEVELOPMENT_DIAGNOSTIC_EVIDENCE
dose50,NEIGHBOR_ABLATED,old64,old64,NOT_APPLICABLE,distance_to_r0_development_centroid,Waymo Dynamic-v2 validation R0_DEVELOPMENT embedding bank (not represented as untouched training data),16.300784561828028,8.406095150819354,8.898664337994965,9.012089102283923,0.0,0.0,reference q99 per metric; raw row-level >=2/4 flag retained without inventing a condition-level aggregation threshold,NOT_APPLICABLE_NO_ENCODER_NORMALIZATION: frozen learned_encoder_input=NONE,INCONCLUSIVE_NO_FROZEN_CONDITION_LEVEL_AGGREGATION,DEVELOPMENT_DIAGNOSTIC_EVIDENCE
dose50,NEIGHBOR_ABLATED,old64,old64,NOT_APPLICABLE,pca_reconstruction_error,Waymo Dynamic-v2 validation R0_DEVELOPMENT embedding bank (not represented as untouched training data),0.20690819029243898,0.10554449038415156,0.14010730231430688,0.18158681111436042,0.0,0.0,reference q99 per metric; raw row-level >=2/4 flag retained without inventing a condition-level aggregation threshold,NOT_APPLICABLE_NO_ENCODER_NORMALIZATION: frozen learned_encoder_input=NONE,INCONCLUSIVE_NO_FROZEN_CONDITION_LEVEL_AGGREGATION,DEVELOPMENT_DIAGNOSTIC_EVIDENCE
dose50,NEIGHBOR_ABLATED,old64,old64,NOT_APPLICABLE,nearest_neighbor_distance,Waymo Dynamic-v2 validation R0_DEVELOPMENT embedding bank (not represented as untouched training data),6.33800052977024,3.7247741843468987,4.4430887635103735,4.666448954321453,0.0,0.0,reference q99 per metric; raw row-level >=2/4 flag retained without inventing a condition-level aggregation threshold,NOT_APPLICABLE_NO_ENCODER_NORMALIZATION: frozen learned_encoder_input=NONE,INCONCLUSIVE_NO_FROZEN_CONDITION_LEVEL_AGGREGATION,DEVELOPMENT_DIAGNOSTIC_EVIDENCE
dose75,FULL,old64,old64,NOT_APPLICABLE,embedding_norm_l2_deviation,Waymo Dynamic-v2 validation R0_DEVELOPMENT embedding bank (not represented as untouched training data),4.926485817351281,1.8917387776426438,3.8097703081490812,5.046091775014624,0.0125,0.025,reference q99 per metric; raw row-level >=2/4 flag retained without inventing a condition-level aggregation threshold,NOT_APPLICABLE_NO_ENCODER_NORMALIZATION: frozen learned_encoder_input=NONE,INCONCLUSIVE_NO_FROZEN_CONDITION_LEVEL_AGGREGATION,DEVELOPMENT_DIAGNOSTIC_EVIDENCE
dose75,FULL,old64,old64,NOT_APPLICABLE,distance_to_r0_development_centroid,Waymo Dynamic-v2 validation R0_DEVELOPMENT embedding bank (not represented as untouched training data),16.300784561828028,8.613763200401676,11.4807326477185,17.77784329184013,0.0125,0.025,reference q99 per metric; raw row-level >=2/4 flag retained without inventing a condition-level aggregation threshold,NOT_APPLICABLE_NO_ENCODER_NORMALIZATION: frozen learned_encoder_input=NONE,INCONCLUSIVE_NO_FROZEN_CONDITION_LEVEL_AGGREGATION,DEVELOPMENT_DIAGNOSTIC_EVIDENCE
dose75,FULL,old64,old64,NOT_APPLICABLE,pca_reconstruction_error,Waymo Dynamic-v2 validation R0_DEVELOPMENT embedding bank (not represented as untouched training data),0.20690819029243898,0.10285074111254408,0.16289154517176951,0.2175202409706412,0.025,0.025,reference q99 per metric; raw row-level >=2/4 flag retained without inventing a condition-level aggregation threshold,NOT_APPLICABLE_NO_ENCODER_NORMALIZATION: frozen learned_encoder_input=NONE,INCONCLUSIVE_NO_FROZEN_CONDITION_LEVEL_AGGREGATION,DEVELOPMENT_DIAGNOSTIC_EVIDENCE
dose75,FULL,old64,old64,NOT_APPLICABLE,nearest_neighbor_distance,Waymo Dynamic-v2 validation R0_DEVELOPMENT embedding bank (not represented as untouched training data),6.33800052977024,4.500000379795871,6.075658043797812,6.835974868486564,0.0375,0.025,reference q99 per metric; raw row-level >=2/4 flag retained without inventing a condition-level aggregation threshold,NOT_APPLICABLE_NO_ENCODER_NORMALIZATION: frozen learned_encoder_input=NONE,INCONCLUSIVE_NO_FROZEN_CONDITION_LEVEL_AGGREGATION,DEVELOPMENT_DIAGNOSTIC_EVIDENCE
dose75,NEIGHBOR_ABLATED,old64,old64,NOT_APPLICABLE,embedding_norm_l2_deviation,Waymo Dynamic-v2 validation R0_DEVELOPMENT embedding bank (not represented as untouched training data),4.926485817351281,2.443594457335653,3.1652879937757734,3.510894179211128,0.0,0.0,reference q99 per metric; raw row-level >=2/4 flag retained without inventing a condition-level aggregation threshold,NOT_APPLICABLE_NO_ENCODER_NORMALIZATION: frozen learned_encoder_input=NONE,INCONCLUSIVE_NO_FROZEN_CONDITION_LEVEL_AGGREGATION,DEVELOPMENT_DIAGNOSTIC_EVIDENCE
dose75,NEIGHBOR_ABLATED,old64,old64,NOT_APPLICABLE,distance_to_r0_development_centroid,Waymo Dynamic-v2 validation R0_DEVELOPMENT embedding bank (not represented as untouched training data),16.300784561828028,8.407885957464892,8.909810849370718,9.013081038626607,0.0,0.0,reference q99 per metric; raw row-level >=2/4 flag retained without inventing a condition-level aggregation threshold,NOT_APPLICABLE_NO_ENCODER_NORMALIZATION: frozen learned_encoder_input=NONE,INCONCLUSIVE_NO_FROZEN_CONDITION_LEVEL_AGGREGATION,DEVELOPMENT_DIAGNOSTIC_EVIDENCE
dose75,NEIGHBOR_ABLATED,old64,old64,NOT_APPLICABLE,pca_reconstruction_error,Waymo Dynamic-v2 validation R0_DEVELOPMENT embedding bank (not represented as untouched training data),0.20690819029243898,0.10556443772058494,0.14281121486242893,0.18156358229076983,0.0,0.0,reference q99 per metric; raw row-level >=2/4 flag retained without inventing a condition-level aggregation threshold,NOT_APPLICABLE_NO_ENCODER_NORMALIZATION: frozen learned_encoder_input=NONE,INCONCLUSIVE_NO_FROZEN_CONDITION_LEVEL_AGGREGATION,DEVELOPMENT_DIAGNOSTIC_EVIDENCE
dose75,NEIGHBOR_ABLATED,old64,old64,NOT_APPLICABLE,nearest_neighbor_distance,Waymo Dynamic-v2 validation R0_DEVELOPMENT embedding bank (not represented as untouched training data),6.33800052977024,3.7151123763526845,4.466312420642654,4.666113390139112,0.0,0.0,reference q99 per metric; raw row-level >=2/4 flag retained without inventing a condition-level aggregation threshold,NOT_APPLICABLE_NO_ENCODER_NORMALIZATION: frozen learned_encoder_input=NONE,INCONCLUSIVE_NO_FROZEN_CONDITION_LEVEL_AGGREGATION,DEVELOPMENT_DIAGNOSTIC_EVIDENCE
dose100,FULL,old64,old64,NOT_APPLICABLE,embedding_norm_l2_deviation,Waymo Dynamic-v2 validation R0_DEVELOPMENT embedding bank (not represented as untouched training data),4.926485817351281,1.8524117298298464,3.7845574712699355,5.303787402884083,0.0125,0.025,reference q99 per metric; raw row-level >=2/4 flag retained without inventing a condition-level aggregation threshold,NOT_APPLICABLE_NO_ENCODER_NORMALIZATION: frozen learned_encoder_input=NONE,INCONCLUSIVE_NO_FROZEN_CONDITION_LEVEL_AGGREGATION,DEVELOPMENT_DIAGNOSTIC_EVIDENCE
dose100,FULL,old64,old64,NOT_APPLICABLE,distance_to_r0_development_centroid,Waymo Dynamic-v2 validation R0_DEVELOPMENT embedding bank (not represented as untouched training data),16.300784561828028,8.615779326115083,11.489281883154444,15.274276690863855,0.0,0.025,reference q99 per metric; raw row-level >=2/4 flag retained without inventing a condition-level aggregation threshold,NOT_APPLICABLE_NO_ENCODER_NORMALIZATION: frozen learned_encoder_input=NONE,INCONCLUSIVE_NO_FROZEN_CONDITION_LEVEL_AGGREGATION,DEVELOPMENT_DIAGNOSTIC_EVIDENCE
dose100,FULL,old64,old64,NOT_APPLICABLE,pca_reconstruction_error,Waymo Dynamic-v2 validation R0_DEVELOPMENT embedding bank (not represented as untouched training data),0.20690819029243898,0.09628080390959531,0.16267808540529455,0.21701096348581544,0.025,0.025,reference q99 per metric; raw row-level >=2/4 flag retained without inventing a condition-level aggregation threshold,NOT_APPLICABLE_NO_ENCODER_NORMALIZATION: frozen learned_encoder_input=NONE,INCONCLUSIVE_NO_FROZEN_CONDITION_LEVEL_AGGREGATION,DEVELOPMENT_DIAGNOSTIC_EVIDENCE
dose100,FULL,old64,old64,NOT_APPLICABLE,nearest_neighbor_distance,Waymo Dynamic-v2 validation R0_DEVELOPMENT embedding bank (not represented as untouched training data),6.33800052977024,4.508452840522356,6.100491166624219,6.6828619277827075,0.025,0.025,reference q99 per metric; raw row-level >=2/4 flag retained without inventing a condition-level aggregation threshold,NOT_APPLICABLE_NO_ENCODER_NORMALIZATION: frozen learned_encoder_input=NONE,INCONCLUSIVE_NO_FROZEN_CONDITION_LEVEL_AGGREGATION,DEVELOPMENT_DIAGNOSTIC_EVIDENCE
dose100,NEIGHBOR_ABLATED,old64,old64,NOT_APPLICABLE,embedding_norm_l2_deviation,Waymo Dynamic-v2 validation R0_DEVELOPMENT embedding bank (not represented as untouched training data),4.926485817351281,2.4499183473889445,3.1755807628973582,3.5189039444064285,0.0,0.0,reference q99 per metric; raw row-level >=2/4 flag retained without inventing a condition-level aggregation threshold,NOT_APPLICABLE_NO_ENCODER_NORMALIZATION: frozen learned_encoder_input=NONE,INCONCLUSIVE_NO_FROZEN_CONDITION_LEVEL_AGGREGATION,DEVELOPMENT_DIAGNOSTIC_EVIDENCE
dose100,NEIGHBOR_ABLATED,old64,old64,NOT_APPLICABLE,distance_to_r0_development_centroid,Waymo Dynamic-v2 validation R0_DEVELOPMENT embedding bank (not represented as untouched training data),16.300784561828028,8.412710988629112,8.919591461808904,9.016546037949219,0.0,0.0,reference q99 per metric; raw row-level >=2/4 flag retained without inventing a condition-level aggregation threshold,NOT_APPLICABLE_NO_ENCODER_NORMALIZATION: frozen learned_encoder_input=NONE,INCONCLUSIVE_NO_FROZEN_CONDITION_LEVEL_AGGREGATION,DEVELOPMENT_DIAGNOSTIC_EVIDENCE
dose100,NEIGHBOR_ABLATED,old64,old64,NOT_APPLICABLE,pca_reconstruction_error,Waymo Dynamic-v2 validation R0_DEVELOPMENT embedding bank (not represented as untouched training data),0.20690819029243898,0.10565867646444707,0.1470271145541272,0.18145562379802105,0.0,0.0,reference q99 per metric; raw row-level >=2/4 flag retained without inventing a condition-level aggregation threshold,NOT_APPLICABLE_NO_ENCODER_NORMALIZATION: frozen learned_encoder_input=NONE,INCONCLUSIVE_NO_FROZEN_CONDITION_LEVEL_AGGREGATION,DEVELOPMENT_DIAGNOSTIC_EVIDENCE
dose100,NEIGHBOR_ABLATED,old64,old64,NOT_APPLICABLE,nearest_neighbor_distance,Waymo Dynamic-v2 validation R0_DEVELOPMENT embedding bank (not represented as untouched training data),6.33800052977024,3.7111108384174276,4.49704346449381,4.664826361570822,0.0,0.0,reference q99 per metric; raw row-level >=2/4 flag retained without inventing a condition-level aggregation threshold,NOT_APPLICABLE_NO_ENCODER_NORMALIZATION: frozen learned_encoder_input=NONE,INCONCLUSIVE_NO_FROZEN_CONDITION_LEVEL_AGGREGATION,DEVELOPMENT_DIAGNOSTIC_EVIDENCE
dose0,FULL,A_seed3407,A,3407,embedding_norm_l2_deviation,Waymo Dynamic-v2 validation R0_DEVELOPMENT embedding bank (not represented as untouched training data),3.156033367584315,0.5984686985954166,1.6097785302715957,1.6939255083717892,0.0,0.0375,reference q99 per metric; raw row-level >=2/4 flag retained without inventing a condition-level aggregation threshold,NOT_APPLICABLE_NO_ENCODER_NORMALIZATION: frozen learned_encoder_input=NONE,INCONCLUSIVE_NO_FROZEN_CONDITION_LEVEL_AGGREGATION,DEVELOPMENT_DIAGNOSTIC_EVIDENCE
dose0,FULL,A_seed3407,A,3407,distance_to_r0_development_centroid,Waymo Dynamic-v2 validation R0_DEVELOPMENT embedding bank (not represented as untouched training data),9.853176605886397,4.469895721880854,6.162051184488837,7.331084481451367,0.0,0.0375,reference q99 per metric; raw row-level >=2/4 flag retained without inventing a condition-level aggregation threshold,NOT_APPLICABLE_NO_ENCODER_NORMALIZATION: frozen learned_encoder_input=NONE,INCONCLUSIVE_NO_FROZEN_CONDITION_LEVEL_AGGREGATION,DEVELOPMENT_DIAGNOSTIC_EVIDENCE
dose0,FULL,A_seed3407,A,3407,pca_reconstruction_error,Waymo Dynamic-v2 validation R0_DEVELOPMENT embedding bank (not represented as untouched training data),0.064748170679585,0.016002930655793415,0.06607920165578926,0.0998612615309162,0.075,0.0375,reference q99 per metric; raw row-level >=2/4 flag retained without inventing a condition-level aggregation threshold,NOT_APPLICABLE_NO_ENCODER_NORMALIZATION: frozen learned_encoder_input=NONE,INCONCLUSIVE_NO_FROZEN_CONDITION_LEVEL_AGGREGATION,DEVELOPMENT_DIAGNOSTIC_EVIDENCE
dose0,FULL,A_seed3407,A,3407,nearest_neighbor_distance,Waymo Dynamic-v2 validation R0_DEVELOPMENT embedding bank (not represented as untouched training data),2.9440515634943574,2.0983299893015914,3.2868132282149545,3.633845796371808,0.1125,0.0375,reference q99 per metric; raw row-level >=2/4 flag retained without inventing a condition-level aggregation threshold,NOT_APPLICABLE_NO_ENCODER_NORMALIZATION: frozen learned_encoder_input=NONE,INCONCLUSIVE_NO_FROZEN_CONDITION_LEVEL_AGGREGATION,DEVELOPMENT_DIAGNOSTIC_EVIDENCE
dose0,NEIGHBOR_ABLATED,A_seed3407,A,3407,embedding_norm_l2_deviation,Waymo Dynamic-v2 validation R0_DEVELOPMENT embedding bank (not represented as untouched training data),3.156033367584315,1.3158884748380038,2.1295845574744585,2.2713945779738705,0.0,0.0,reference q99 per metric; raw row-level >=2/4 flag retained without inventing a condition-level aggregation threshold,NOT_APPLICABLE_NO_ENCODER_NORMALIZATION: frozen learned_encoder_input=NONE,INCONCLUSIVE_NO_FROZEN_CONDITION_LEVEL_AGGREGATION,DEVELOPMENT_DIAGNOSTIC_EVIDENCE
dose0,NEIGHBOR_ABLATED,A_seed3407,A,3407,distance_to_r0_development_centroid,Waymo Dynamic-v2 validation R0_DEVELOPMENT embedding bank (not represented as untouched training data),9.853176605886397,3.8822859099610714,4.510810390462035,4.567688306584381,0.0,0.0,reference q99 per metric; raw row-level >=2/4 flag retained without inventing a condition-level aggregation threshold,NOT_APPLICABLE_NO_ENCODER_NORMALIZATION: frozen learned_encoder_input=NONE,INCONCLUSIVE_NO_FROZEN_CONDITION_LEVEL_AGGREGATION,DEVELOPMENT_DIAGNOSTIC_EVIDENCE
dose0,NEIGHBOR_ABLATED,A_seed3407,A,3407,pca_reconstruction_error,Waymo Dynamic-v2 validation R0_DEVELOPMENT embedding bank (not represented as untouched training data),0.064748170679585,0.008711703979029792,0.010230985728228819,0.010829682098287573,0.0,0.0,reference q99 per metric; raw row-level >=2/4 flag retained without inventing a condition-level aggregation threshold,NOT_APPLICABLE_NO_ENCODER_NORMALIZATION: frozen learned_encoder_input=NONE,INCONCLUSIVE_NO_FROZEN_CONDITION_LEVEL_AGGREGATION,DEVELOPMENT_DIAGNOSTIC_EVIDENCE
dose0,NEIGHBOR_ABLATED,A_seed3407,A,3407,nearest_neighbor_distance,Waymo Dynamic-v2 validation R0_DEVELOPMENT embedding bank (not represented as untouched training data),2.9440515634943574,0.617046058791136,1.1615846339986775,1.279775674559289,0.0,0.0,reference q99 per metric; raw row-level >=2/4 flag retained without inventing a condition-level aggregation threshold,NOT_APPLICABLE_NO_ENCODER_NORMALIZATION: frozen learned_encoder_input=NONE,INCONCLUSIVE_NO_FROZEN_CONDITION_LEVEL_AGGREGATION,DEVELOPMENT_DIAGNOSTIC_EVIDENCE
dose25,FULL,A_seed3407,A,3407,embedding_norm_l2_deviation,Waymo Dynamic-v2 validation R0_DEVELOPMENT embedding bank (not represented as untouched training data),3.156033367584315,0.5987923407544766,1.6347639246199983,1.8668096282970303,0.0,0.0,reference q99 per metric; raw row-level >=2/4 flag retained without inventing a condition-level aggregation threshold,NOT_APPLICABLE_NO_ENCODER_NORMALIZATION: frozen learned_encoder_input=NONE,INCONCLUSIVE_NO_FROZEN_CONDITION_LEVEL_AGGREGATION,DEVELOPMENT_DIAGNOSTIC_EVIDENCE
dose25,FULL,A_seed3407,A,3407,distance_to_r0_development_centroid,Waymo Dynamic-v2 validation R0_DEVELOPMENT embedding bank (not represented as untouched training data),9.853176605886397,4.353303339200988,6.059500179021239,7.337887476443433,0.0,0.0,reference q99 per metric; raw row-level >=2/4 flag retained without inventing a condition-level aggregation threshold,NOT_APPLICABLE_NO_ENCODER_NORMALIZATION: frozen learned_encoder_input=NONE,INCONCLUSIVE_NO_FROZEN_CONDITION_LEVEL_AGGREGATION,DEVELOPMENT_DIAGNOSTIC_EVIDENCE
dose25,FULL,A_seed3407,A,3407,pca_reconstruction_error,Waymo Dynamic-v2 validation R0_DEVELOPMENT embedding bank (not represented as untouched training data),0.064748170679585,0.016014167994119557,0.061171577461240155,0.09990283280338423,0.0375,0.0,reference q99 per metric; raw row-level >=2/4 flag retained without inventing a condition-level aggregation threshold,NOT_APPLICABLE_NO_ENCODER_NORMALIZATION: frozen learned_encoder_input=NONE,INCONCLUSIVE_NO_FROZEN_CONDITION_LEVEL_AGGREGATION,DEVELOPMENT_DIAGNOSTIC_EVIDENCE
dose25,FULL,A_seed3407,A,3407,nearest_neighbor_distance,Waymo Dynamic-v2 validation R0_DEVELOPMENT embedding bank (not represented as untouched training data),2.9440515634943574,2.0536406998630916,3.096366688047268,3.6159938795040514,0.075,0.0,reference q99 per metric; raw row-level >=2/4 flag retained without inventing a condition-level aggregation threshold,NOT_APPLICABLE_NO_ENCODER_NORMALIZATION: frozen learned_encoder_input=NONE,INCONCLUSIVE_NO_FROZEN_CONDITION_LEVEL_AGGREGATION,DEVELOPMENT_DIAGNOSTIC_EVIDENCE
dose25,NEIGHBOR_ABLATED,A_seed3407,A,3407,embedding_norm_l2_deviation,Waymo Dynamic-v2 validation R0_DEVELOPMENT embedding bank (not represented as untouched training data),3.156033367584315,1.3143333194894327,2.127678066620811,2.2720605760225645,0.0,0.0,reference q99 per metric; raw row-level >=2/4 flag retained without inventing a condition-level aggregation threshold,NOT_APPLICABLE_NO_ENCODER_NORMALIZATION: frozen learned_encoder_input=NONE,INCONCLUSIVE_NO_FROZEN_CONDITION_LEVEL_AGGREGATION,DEVELOPMENT_DIAGNOSTIC_EVIDENCE
dose25,NEIGHBOR_ABLATED,A_seed3407,A,3407,distance_to_r0_development_centroid,Waymo Dynamic-v2 validation R0_DEVELOPMENT embedding bank (not represented as untouched training data),9.853176605886397,3.880279653610068,4.509279968408487,4.5733440536309065,0.0,0.0,reference q99 per metric; raw row-level >=2/4 flag retained without inventing a condition-level aggregation threshold,NOT_APPLICABLE_NO_ENCODER_NORMALIZATION: frozen learned_encoder_input=NONE,INCONCLUSIVE_NO_FROZEN_CONDITION_LEVEL_AGGREGATION,DEVELOPMENT_DIAGNOSTIC_EVIDENCE
dose25,NEIGHBOR_ABLATED,A_seed3407,A,3407,pca_reconstruction_error,Waymo Dynamic-v2 validation R0_DEVELOPMENT embedding bank (not represented as untouched training data),0.064748170679585,0.008695562430911286,0.010222146258436407,0.010825277205924072,0.0,0.0,reference q99 per metric; raw row-level >=2/4 flag retained without inventing a condition-level aggregation threshold,NOT_APPLICABLE_NO_ENCODER_NORMALIZATION: frozen learned_encoder_input=NONE,INCONCLUSIVE_NO_FROZEN_CONDITION_LEVEL_AGGREGATION,DEVELOPMENT_DIAGNOSTIC_EVIDENCE
dose25,NEIGHBOR_ABLATED,A_seed3407,A,3407,nearest_neighbor_distance,Waymo Dynamic-v2 validation R0_DEVELOPMENT embedding bank (not represented as untouched training data),2.9440515634943574,0.6167802576597357,1.1724347720567094,1.2803658596421388,0.0,0.0,reference q99 per metric; raw row-level >=2/4 flag retained without inventing a condition-level aggregation threshold,NOT_APPLICABLE_NO_ENCODER_NORMALIZATION: frozen learned_encoder_input=NONE,INCONCLUSIVE_NO_FROZEN_CONDITION_LEVEL_AGGREGATION,DEVELOPMENT_DIAGNOSTIC_EVIDENCE
dose50,FULL,A_seed3407,A,3407,embedding_norm_l2_deviation,Waymo Dynamic-v2 validation R0_DEVELOPMENT embedding bank (not represented as untouched training data),3.156033367584315,0.5808654414383518,1.6240044874432145,1.8655739407671685,0.0,0.0125,reference q99 per metric; raw row-level >=2/4 flag retained without inventing a condition-level aggregation threshold,NOT_APPLICABLE_NO_ENCODER_NORMALIZATION: frozen learned_encoder_input=NONE,INCONCLUSIVE_NO_FROZEN_CONDITION_LEVEL_AGGREGATION,DEVELOPMENT_DIAGNOSTIC_EVIDENCE
dose50,FULL,A_seed3407,A,3407,distance_to_r0_development_centroid,Waymo Dynamic-v2 validation R0_DEVELOPMENT embedding bank (not represented as untouched training data),9.853176605886397,4.443892403136024,6.132519652774697,7.324405469123606,0.0,0.0125,reference q99 per metric; raw row-level >=2/4 flag retained without inventing a condition-level aggregation threshold,NOT_APPLICABLE_NO_ENCODER_NORMALIZATION: frozen learned_encoder_input=NONE,INCONCLUSIVE_NO_FROZEN_CONDITION_LEVEL_AGGREGATION,DEVELOPMENT_DIAGNOSTIC_EVIDENCE
dose50,FULL,A_seed3407,A,3407,pca_reconstruction_error,Waymo Dynamic-v2 validation R0_DEVELOPMENT embedding bank (not represented as untouched training data),0.064748170679585,0.01603698874376587,0.06466903966534658,0.09990800282736884,0.05,0.0125,reference q99 per metric; raw row-level >=2/4 flag retained without inventing a condition-level aggregation threshold,NOT_APPLICABLE_NO_ENCODER_NORMALIZATION: frozen learned_encoder_input=NONE,INCONCLUSIVE_NO_FROZEN_CONDITION_LEVEL_AGGREGATION,DEVELOPMENT_DIAGNOSTIC_EVIDENCE
dose50,FULL,A_seed3407,A,3407,nearest_neighbor_distance,Waymo Dynamic-v2 validation R0_DEVELOPMENT embedding bank (not represented as untouched training data),2.9440515634943574,2.063378983748107,3.0054658711934303,3.7612503483841975,0.075,0.0125,reference q99 per metric; raw row-level >=2/4 flag retained without inventing a condition-level aggregation threshold,NOT_APPLICABLE_NO_ENCODER_NORMALIZATION: frozen learned_encoder_input=NONE,INCONCLUSIVE_NO_FROZEN_CONDITION_LEVEL_AGGREGATION,DEVELOPMENT_DIAGNOSTIC_EVIDENCE
dose50,NEIGHBOR_ABLATED,A_seed3407,A,3407,embedding_norm_l2_deviation,Waymo Dynamic-v2 validation R0_DEVELOPMENT embedding bank (not represented as untouched training data),3.156033367584315,1.3126387242707933,2.1253112873558178,2.2730274530998233,0.0,0.0,reference q99 per metric; raw row-level >=2/4 flag retained without inventing a condition-level aggregation threshold,NOT_APPLICABLE_NO_ENCODER_NORMALIZATION: frozen learned_encoder_input=NONE,INCONCLUSIVE_NO_FROZEN_CONDITION_LEVEL_AGGREGATION,DEVELOPMENT_DIAGNOSTIC_EVIDENCE
dose50,NEIGHBOR_ABLATED,A_seed3407,A,3407,distance_to_r0_development_centroid,Waymo Dynamic-v2 validation R0_DEVELOPMENT embedding bank (not represented as untouched training data),9.853176605886397,3.8788263950633466,4.508649605759073,4.5699763907869055,0.0,0.0,reference q99 per metric; raw row-level >=2/4 flag retained without inventing a condition-level aggregation threshold,NOT_APPLICABLE_NO_ENCODER_NORMALIZATION: frozen learned_encoder_input=NONE,INCONCLUSIVE_NO_FROZEN_CONDITION_LEVEL_AGGREGATION,DEVELOPMENT_DIAGNOSTIC_EVIDENCE
dose50,NEIGHBOR_ABLATED,A_seed3407,A,3407,pca_reconstruction_error,Waymo Dynamic-v2 validation R0_DEVELOPMENT embedding bank (not represented as untouched training data),0.064748170679585,0.008684799709988878,0.010171664261070001,0.010817454425031969,0.0,0.0,reference q99 per metric; raw row-level >=2/4 flag retained without inventing a condition-level aggregation threshold,NOT_APPLICABLE_NO_ENCODER_NORMALIZATION: frozen learned_encoder_input=NONE,INCONCLUSIVE_NO_FROZEN_CONDITION_LEVEL_AGGREGATION,DEVELOPMENT_DIAGNOSTIC_EVIDENCE
dose50,NEIGHBOR_ABLATED,A_seed3407,A,3407,nearest_neighbor_distance,Waymo Dynamic-v2 validation R0_DEVELOPMENT embedding bank (not represented as untouched training data),2.9440515634943574,0.6162702788778774,1.1653881610640897,1.2730401667524722,0.0,0.0,reference q99 per metric; raw row-level >=2/4 flag retained without inventing a condition-level aggregation threshold,NOT_APPLICABLE_NO_ENCODER_NORMALIZATION: frozen learned_encoder_input=NONE,INCONCLUSIVE_NO_FROZEN_CONDITION_LEVEL_AGGREGATION,DEVELOPMENT_DIAGNOSTIC_EVIDENCE
dose75,FULL,A_seed3407,A,3407,embedding_norm_l2_deviation,Waymo Dynamic-v2 validation R0_DEVELOPMENT embedding bank (not represented as untouched training data),3.156033367584315,0.5993418361161869,1.615412677379161,1.8638665914344728,0.0,0.0,reference q99 per metric; raw row-level >=2/4 flag retained without inventing a condition-level aggregation threshold,NOT_APPLICABLE_NO_ENCODER_NORMALIZATION: frozen learned_encoder_input=NONE,INCONCLUSIVE_NO_FROZEN_CONDITION_LEVEL_AGGREGATION,DEVELOPMENT_DIAGNOSTIC_EVIDENCE
dose75,FULL,A_seed3407,A,3407,distance_to_r0_development_centroid,Waymo Dynamic-v2 validation R0_DEVELOPMENT embedding bank (not represented as untouched training data),9.853176605886397,4.474538838825297,6.17859848230201,6.548308923867474,0.0,0.0,reference q99 per metric; raw row-level >=2/4 flag retained without inventing a condition-level aggregation threshold,NOT_APPLICABLE_NO_ENCODER_NORMALIZATION: frozen learned_encoder_input=NONE,INCONCLUSIVE_NO_FROZEN_CONDITION_LEVEL_AGGREGATION,DEVELOPMENT_DIAGNOSTIC_EVIDENCE
dose75,FULL,A_seed3407,A,3407,pca_reconstruction_error,Waymo Dynamic-v2 validation R0_DEVELOPMENT embedding bank (not represented as untouched training data),0.064748170679585,0.01699348831003341,0.06136750689075241,0.09994949222151334,0.0375,0.0,reference q99 per metric; raw row-level >=2/4 flag retained without inventing a condition-level aggregation threshold,NOT_APPLICABLE_NO_ENCODER_NORMALIZATION: frozen learned_encoder_input=NONE,INCONCLUSIVE_NO_FROZEN_CONDITION_LEVEL_AGGREGATION,DEVELOPMENT_DIAGNOSTIC_EVIDENCE
dose75,FULL,A_seed3407,A,3407,nearest_neighbor_distance,Waymo Dynamic-v2 validation R0_DEVELOPMENT embedding bank (not represented as untouched training data),2.9440515634943574,2.174729060095915,3.158190404907224,3.895488290993912,0.0875,0.0,reference q99 per metric; raw row-level >=2/4 flag retained without inventing a condition-level aggregation threshold,NOT_APPLICABLE_NO_ENCODER_NORMALIZATION: frozen learned_encoder_input=NONE,INCONCLUSIVE_NO_FROZEN_CONDITION_LEVEL_AGGREGATION,DEVELOPMENT_DIAGNOSTIC_EVIDENCE
dose75,NEIGHBOR_ABLATED,A_seed3407,A,3407,embedding_norm_l2_deviation,Waymo Dynamic-v2 validation R0_DEVELOPMENT embedding bank (not represented as untouched training data),3.156033367584315,1.3103229461919614,2.1232060974726075,2.2735787488969663,0.0,0.0,reference q99 per metric; raw row-level >=2/4 flag retained without inventing a condition-level aggregation threshold,NOT_APPLICABLE_NO_ENCODER_NORMALIZATION: frozen learned_encoder_input=NONE,INCONCLUSIVE_NO_FROZEN_CONDITION_LEVEL_AGGREGATION,DEVELOPMENT_DIAGNOSTIC_EVIDENCE
dose75,NEIGHBOR_ABLATED,A_seed3407,A,3407,distance_to_r0_development_centroid,Waymo Dynamic-v2 validation R0_DEVELOPMENT embedding bank (not represented as untouched training data),9.853176605886397,3.879581978544589,4.509527644596131,4.570500853389517,0.0,0.0,reference q99 per metric; raw row-level >=2/4 flag retained without inventing a condition-level aggregation threshold,NOT_APPLICABLE_NO_ENCODER_NORMALIZATION: frozen learned_encoder_input=NONE,INCONCLUSIVE_NO_FROZEN_CONDITION_LEVEL_AGGREGATION,DEVELOPMENT_DIAGNOSTIC_EVIDENCE
dose75,NEIGHBOR_ABLATED,A_seed3407,A,3407,pca_reconstruction_error,Waymo Dynamic-v2 validation R0_DEVELOPMENT embedding bank (not represented as untouched training data),0.064748170679585,0.008674195847555348,0.010151513651154078,0.010817265136644414,0.0,0.0,reference q99 per metric; raw row-level >=2/4 flag retained without inventing a condition-level aggregation threshold,NOT_APPLICABLE_NO_ENCODER_NORMALIZATION: frozen learned_encoder_input=NONE,INCONCLUSIVE_NO_FROZEN_CONDITION_LEVEL_AGGREGATION,DEVELOPMENT_DIAGNOSTIC_EVIDENCE
dose75,NEIGHBOR_ABLATED,A_seed3407,A,3407,nearest_neighbor_distance,Waymo Dynamic-v2 validation R0_DEVELOPMENT embedding bank (not represented as untouched training data),2.9440515634943574,0.6156530630051464,1.1589420819182554,1.2722198833181,0.0,0.0,reference q99 per metric; raw row-level >=2/4 flag retained without inventing a condition-level aggregation threshold,NOT_APPLICABLE_NO_ENCODER_NORMALIZATION: frozen learned_encoder_input=NONE,INCONCLUSIVE_NO_FROZEN_CONDITION_LEVEL_AGGREGATION,DEVELOPMENT_DIAGNOSTIC_EVIDENCE
dose100,FULL,A_seed3407,A,3407,embedding_norm_l2_deviation,Waymo Dynamic-v2 validation R0_DEVELOPMENT embedding bank (not represented as untouched training data),3.156033367584315,0.574683871245826,1.607587979487113,1.8616505103955578,0.0,0.0,reference q99 per metric; raw row-level >=2/4 flag retained without inventing a condition-level aggregation threshold,NOT_APPLICABLE_NO_ENCODER_NORMALIZATION: frozen learned_encoder_input=NONE,INCONCLUSIVE_NO_FROZEN_CONDITION_LEVEL_AGGREGATION,DEVELOPMENT_DIAGNOSTIC_EVIDENCE
dose100,FULL,A_seed3407,A,3407,distance_to_r0_development_centroid,Waymo Dynamic-v2 validation R0_DEVELOPMENT embedding bank (not represented as untouched training data),9.853176605886397,4.504435810652095,6.112408403791982,6.527245569001453,0.0,0.0,reference q99 per metric; raw row-level >=2/4 flag retained without inventing a condition-level aggregation threshold,NOT_APPLICABLE_NO_ENCODER_NORMALIZATION: frozen learned_encoder_input=NONE,INCONCLUSIVE_NO_FROZEN_CONDITION_LEVEL_AGGREGATION,DEVELOPMENT_DIAGNOSTIC_EVIDENCE
dose100,FULL,A_seed3407,A,3407,pca_reconstruction_error,Waymo Dynamic-v2 validation R0_DEVELOPMENT embedding bank (not represented as untouched training data),0.064748170679585,0.01856905353894603,0.058908643623411874,0.0999988353308193,0.0375,0.0,reference q99 per metric; raw row-level >=2/4 flag retained without inventing a condition-level aggregation threshold,NOT_APPLICABLE_NO_ENCODER_NORMALIZATION: frozen learned_encoder_input=NONE,INCONCLUSIVE_NO_FROZEN_CONDITION_LEVEL_AGGREGATION,DEVELOPMENT_DIAGNOSTIC_EVIDENCE
dose100,FULL,A_seed3407,A,3407,nearest_neighbor_distance,Waymo Dynamic-v2 validation R0_DEVELOPMENT embedding bank (not represented as untouched training data),2.9440515634943574,2.173609616726692,2.9880307947381897,3.595573785020884,0.075,0.0,reference q99 per metric; raw row-level >=2/4 flag retained without inventing a condition-level aggregation threshold,NOT_APPLICABLE_NO_ENCODER_NORMALIZATION: frozen learned_encoder_input=NONE,INCONCLUSIVE_NO_FROZEN_CONDITION_LEVEL_AGGREGATION,DEVELOPMENT_DIAGNOSTIC_EVIDENCE
dose100,NEIGHBOR_ABLATED,A_seed3407,A,3407,embedding_norm_l2_deviation,Waymo Dynamic-v2 validation R0_DEVELOPMENT embedding bank (not represented as untouched training data),3.156033367584315,1.3089498597227802,2.1212061627227397,2.2739935833787452,0.0,0.0,reference q99 per metric; raw row-level >=2/4 flag retained without inventing a condition-level aggregation threshold,NOT_APPLICABLE_NO_ENCODER_NORMALIZATION: frozen learned_encoder_input=NONE,INCONCLUSIVE_NO_FROZEN_CONDITION_LEVEL_AGGREGATION,DEVELOPMENT_DIAGNOSTIC_EVIDENCE
dose100,NEIGHBOR_ABLATED,A_seed3407,A,3407,distance_to_r0_development_centroid,Waymo Dynamic-v2 validation R0_DEVELOPMENT embedding bank (not represented as untouched training data),9.853176605886397,3.8792500883018874,4.509022222903073,4.5730839839712925,0.0,0.0,reference q99 per metric; raw row-level >=2/4 flag retained without inventing a condition-level aggregation threshold,NOT_APPLICABLE_NO_ENCODER_NORMALIZATION: frozen learned_encoder_input=NONE,INCONCLUSIVE_NO_FROZEN_CONDITION_LEVEL_AGGREGATION,DEVELOPMENT_DIAGNOSTIC_EVIDENCE
dose100,NEIGHBOR_ABLATED,A_seed3407,A,3407,pca_reconstruction_error,Waymo Dynamic-v2 validation R0_DEVELOPMENT embedding bank (not represented as untouched training data),0.064748170679585,0.008660270486282647,0.010135933418481551,0.010815786277293748,0.0,0.0,reference q99 per metric; raw row-level >=2/4 flag retained without inventing a condition-level aggregation threshold,NOT_APPLICABLE_NO_ENCODER_NORMALIZATION: frozen learned_encoder_input=NONE,INCONCLUSIVE_NO_FROZEN_CONDITION_LEVEL_AGGREGATION,DEVELOPMENT_DIAGNOSTIC_EVIDENCE
dose100,NEIGHBOR_ABLATED,A_seed3407,A,3407,nearest_neighbor_distance,Waymo Dynamic-v2 validation R0_DEVELOPMENT embedding bank (not represented as untouched training data),2.9440515634943574,0.6171256480133943,1.1499220428150503,1.28146715199871,0.0,0.0,reference q99 per metric; raw row-level >=2/4 flag retained without inventing a condition-level aggregation threshold,NOT_APPLICABLE_NO_ENCODER_NORMALIZATION: frozen learned_encoder_input=NONE,INCONCLUSIVE_NO_FROZEN_CONDITION_LEVEL_AGGREGATION,DEVELOPMENT_DIAGNOSTIC_EVIDENCE
dose0,FULL,A_seed3408,A,3408,embedding_norm_l2_deviation,Waymo Dynamic-v2 validation R0_DEVELOPMENT embedding bank (not represented as untouched training data),2.8863557680038223,0.7132577819225867,2.9420716545886956,2.9650654188952927,0.1,0.0375,reference q99 per metric; raw row-level >=2/4 flag retained without inventing a condition-level aggregation threshold,NOT_APPLICABLE_NO_ENCODER_NORMALIZATION: frozen learned_encoder_input=NONE,INCONCLUSIVE_NO_FROZEN_CONDITION_LEVEL_AGGREGATION,DEVELOPMENT_DIAGNOSTIC_EVIDENCE
dose0,FULL,A_seed3408,A,3408,distance_to_r0_development_centroid,Waymo Dynamic-v2 validation R0_DEVELOPMENT embedding bank (not represented as untouched training data),8.76240744107217,4.98274753618572,6.600029379152683,7.801351163596161,0.0,0.0375,reference q99 per metric; raw row-level >=2/4 flag retained without inventing a condition-level aggregation threshold,NOT_APPLICABLE_NO_ENCODER_NORMALIZATION: frozen learned_encoder_input=NONE,INCONCLUSIVE_NO_FROZEN_CONDITION_LEVEL_AGGREGATION,DEVELOPMENT_DIAGNOSTIC_EVIDENCE
dose0,FULL,A_seed3408,A,3408,pca_reconstruction_error,Waymo Dynamic-v2 validation R0_DEVELOPMENT embedding bank (not represented as untouched training data),0.07424140659129778,0.013998982896533339,0.08350212586366637,0.14672761586067695,0.075,0.0375,reference q99 per metric; raw row-level >=2/4 flag retained without inventing a condition-level aggregation threshold,NOT_APPLICABLE_NO_ENCODER_NORMALIZATION: frozen learned_encoder_input=NONE,INCONCLUSIVE_NO_FROZEN_CONDITION_LEVEL_AGGREGATION,DEVELOPMENT_DIAGNOSTIC_EVIDENCE
dose0,FULL,A_seed3408,A,3408,nearest_neighbor_distance,Waymo Dynamic-v2 validation R0_DEVELOPMENT embedding bank (not represented as untouched training data),3.080131092255456,1.956422919381061,3.182682456626215,3.8512321145664643,0.1,0.0375,reference q99 per metric; raw row-level >=2/4 flag retained without inventing a condition-level aggregation threshold,NOT_APPLICABLE_NO_ENCODER_NORMALIZATION: frozen learned_encoder_input=NONE,INCONCLUSIVE_NO_FROZEN_CONDITION_LEVEL_AGGREGATION,DEVELOPMENT_DIAGNOSTIC_EVIDENCE
dose0,NEIGHBOR_ABLATED,A_seed3408,A,3408,embedding_norm_l2_deviation,Waymo Dynamic-v2 validation R0_DEVELOPMENT embedding bank (not represented as untouched training data),2.8863557680038223,2.3497792439314127,2.9601715929375576,3.2709073388282306,0.2625,0.0,reference q99 per metric; raw row-level >=2/4 flag retained without inventing a condition-level aggregation threshold,NOT_APPLICABLE_NO_ENCODER_NORMALIZATION: frozen learned_encoder_input=NONE,INCONCLUSIVE_NO_FROZEN_CONDITION_LEVEL_AGGREGATION,DEVELOPMENT_DIAGNOSTIC_EVIDENCE
dose0,NEIGHBOR_ABLATED,A_seed3408,A,3408,distance_to_r0_development_centroid,Waymo Dynamic-v2 validation R0_DEVELOPMENT embedding bank (not represented as untouched training data),8.76240744107217,4.548652042936847,5.111304351863365,5.1233513909846895,0.0,0.0,reference q99 per metric; raw row-level >=2/4 flag retained without inventing a condition-level aggregation threshold,NOT_APPLICABLE_NO_ENCODER_NORMALIZATION: frozen learned_encoder_input=NONE,INCONCLUSIVE_NO_FROZEN_CONDITION_LEVEL_AGGREGATION,DEVELOPMENT_DIAGNOSTIC_EVIDENCE
dose0,NEIGHBOR_ABLATED,A_seed3408,A,3408,pca_reconstruction_error,Waymo Dynamic-v2 validation R0_DEVELOPMENT embedding bank (not represented as untouched training data),0.07424140659129778,0.004899288814978229,0.008454880787428407,0.009446523887564479,0.0,0.0,reference q99 per metric; raw row-level >=2/4 flag retained without inventing a condition-level aggregation threshold,NOT_APPLICABLE_NO_ENCODER_NORMALIZATION: frozen learned_encoder_input=NONE,INCONCLUSIVE_NO_FROZEN_CONDITION_LEVEL_AGGREGATION,DEVELOPMENT_DIAGNOSTIC_EVIDENCE
dose0,NEIGHBOR_ABLATED,A_seed3408,A,3408,nearest_neighbor_distance,Waymo Dynamic-v2 validation R0_DEVELOPMENT embedding bank (not represented as untouched training data),3.080131092255456,0.7431117186278504,0.9788056053345909,1.2905522126452509,0.0,0.0,reference q99 per metric; raw row-level >=2/4 flag retained without inventing a condition-level aggregation threshold,NOT_APPLICABLE_NO_ENCODER_NORMALIZATION: frozen learned_encoder_input=NONE,INCONCLUSIVE_NO_FROZEN_CONDITION_LEVEL_AGGREGATION,DEVELOPMENT_DIAGNOSTIC_EVIDENCE
dose25,FULL,A_seed3408,A,3408,embedding_norm_l2_deviation,Waymo Dynamic-v2 validation R0_DEVELOPMENT embedding bank (not represented as untouched training data),2.8863557680038223,0.6906527068527577,2.941921229545866,2.961000127133641,0.1125,0.025,reference q99 per metric; raw row-level >=2/4 flag retained without inventing a condition-level aggregation threshold,NOT_APPLICABLE_NO_ENCODER_NORMALIZATION: frozen learned_encoder_input=NONE,INCONCLUSIVE_NO_FROZEN_CONDITION_LEVEL_AGGREGATION,DEVELOPMENT_DIAGNOSTIC_EVIDENCE
dose25,FULL,A_seed3408,A,3408,distance_to_r0_development_centroid,Waymo Dynamic-v2 validation R0_DEVELOPMENT embedding bank (not represented as untouched training data),8.76240744107217,5.01300836253885,6.599574649733895,7.771524167186273,0.0,0.025,reference q99 per metric; raw row-level >=2/4 flag retained without inventing a condition-level aggregation threshold,NOT_APPLICABLE_NO_ENCODER_NORMALIZATION: frozen learned_encoder_input=NONE,INCONCLUSIVE_NO_FROZEN_CONDITION_LEVEL_AGGREGATION,DEVELOPMENT_DIAGNOSTIC_EVIDENCE
dose25,FULL,A_seed3408,A,3408,pca_reconstruction_error,Waymo Dynamic-v2 validation R0_DEVELOPMENT embedding bank (not represented as untouched training data),0.07424140659129778,0.014375038775679323,0.07814120535018476,0.14687005048237112,0.0625,0.025,reference q99 per metric; raw row-level >=2/4 flag retained without inventing a condition-level aggregation threshold,NOT_APPLICABLE_NO_ENCODER_NORMALIZATION: frozen learned_encoder_input=NONE,INCONCLUSIVE_NO_FROZEN_CONDITION_LEVEL_AGGREGATION,DEVELOPMENT_DIAGNOSTIC_EVIDENCE
dose25,FULL,A_seed3408,A,3408,nearest_neighbor_distance,Waymo Dynamic-v2 validation R0_DEVELOPMENT embedding bank (not represented as untouched training data),3.080131092255456,1.9915902776773518,3.293604762409886,3.8320940572551194,0.1,0.025,reference q99 per metric; raw row-level >=2/4 flag retained without inventing a condition-level aggregation threshold,NOT_APPLICABLE_NO_ENCODER_NORMALIZATION: frozen learned_encoder_input=NONE,INCONCLUSIVE_NO_FROZEN_CONDITION_LEVEL_AGGREGATION,DEVELOPMENT_DIAGNOSTIC_EVIDENCE
dose25,NEIGHBOR_ABLATED,A_seed3408,A,3408,embedding_norm_l2_deviation,Waymo Dynamic-v2 validation R0_DEVELOPMENT embedding bank (not represented as untouched training data),2.8863557680038223,2.3479204453188487,2.958498606658735,3.2651435376131666,0.25,0.0,reference q99 per metric; raw row-level >=2/4 flag retained without inventing a condition-level aggregation threshold,NOT_APPLICABLE_NO_ENCODER_NORMALIZATION: frozen learned_encoder_input=NONE,INCONCLUSIVE_NO_FROZEN_CONDITION_LEVEL_AGGREGATION,DEVELOPMENT_DIAGNOSTIC_EVIDENCE
dose25,NEIGHBOR_ABLATED,A_seed3408,A,3408,distance_to_r0_development_centroid,Waymo Dynamic-v2 validation R0_DEVELOPMENT embedding bank (not represented as untouched training data),8.76240744107217,4.546929251312054,5.110421041910053,5.121555054038255,0.0,0.0,reference q99 per metric; raw row-level >=2/4 flag retained without inventing a condition-level aggregation threshold,NOT_APPLICABLE_NO_ENCODER_NORMALIZATION: frozen learned_encoder_input=NONE,INCONCLUSIVE_NO_FROZEN_CONDITION_LEVEL_AGGREGATION,DEVELOPMENT_DIAGNOSTIC_EVIDENCE
dose25,NEIGHBOR_ABLATED,A_seed3408,A,3408,pca_reconstruction_error,Waymo Dynamic-v2 validation R0_DEVELOPMENT embedding bank (not represented as untouched training data),0.07424140659129778,0.004905022738079477,0.008450112932306431,0.009463390034875098,0.0,0.0,reference q99 per metric; raw row-level >=2/4 flag retained without inventing a condition-level aggregation threshold,NOT_APPLICABLE_NO_ENCODER_NORMALIZATION: frozen learned_encoder_input=NONE,INCONCLUSIVE_NO_FROZEN_CONDITION_LEVEL_AGGREGATION,DEVELOPMENT_DIAGNOSTIC_EVIDENCE
dose25,NEIGHBOR_ABLATED,A_seed3408,A,3408,nearest_neighbor_distance,Waymo Dynamic-v2 validation R0_DEVELOPMENT embedding bank (not represented as untouched training data),3.080131092255456,0.7432612569526931,0.9755040385724194,1.2930270799101404,0.0,0.0,reference q99 per metric; raw row-level >=2/4 flag retained without inventing a condition-level aggregation threshold,NOT_APPLICABLE_NO_ENCODER_NORMALIZATION: frozen learned_encoder_input=NONE,INCONCLUSIVE_NO_FROZEN_CONDITION_LEVEL_AGGREGATION,DEVELOPMENT_DIAGNOSTIC_EVIDENCE
dose50,FULL,A_seed3408,A,3408,embedding_norm_l2_deviation,Waymo Dynamic-v2 validation R0_DEVELOPMENT embedding bank (not represented as untouched training data),2.8863557680038223,0.7113757989480547,2.932476087999228,2.954934997555366,0.1,0.025,reference q99 per metric; raw row-level >=2/4 flag retained without inventing a condition-level aggregation threshold,NOT_APPLICABLE_NO_ENCODER_NORMALIZATION: frozen learned_encoder_input=NONE,INCONCLUSIVE_NO_FROZEN_CONDITION_LEVEL_AGGREGATION,DEVELOPMENT_DIAGNOSTIC_EVIDENCE
dose50,FULL,A_seed3408,A,3408,distance_to_r0_development_centroid,Waymo Dynamic-v2 validation R0_DEVELOPMENT embedding bank (not represented as untouched training data),8.76240744107217,5.034946984493345,6.598625222502554,7.7718471233532,0.0,0.025,reference q99 per metric; raw row-level >=2/4 flag retained without inventing a condition-level aggregation threshold,NOT_APPLICABLE_NO_ENCODER_NORMALIZATION: frozen learned_encoder_input=NONE,INCONCLUSIVE_NO_FROZEN_CONDITION_LEVEL_AGGREGATION,DEVELOPMENT_DIAGNOSTIC_EVIDENCE
dose50,FULL,A_seed3408,A,3408,pca_reconstruction_error,Waymo Dynamic-v2 validation R0_DEVELOPMENT embedding bank (not represented as untouched training data),0.07424140659129778,0.01503571780388316,0.08168410881216195,0.14694518425453118,0.0625,0.025,reference q99 per metric; raw row-level >=2/4 flag retained without inventing a condition-level aggregation threshold,NOT_APPLICABLE_NO_ENCODER_NORMALIZATION: frozen learned_encoder_input=NONE,INCONCLUSIVE_NO_FROZEN_CONDITION_LEVEL_AGGREGATION,DEVELOPMENT_DIAGNOSTIC_EVIDENCE
dose50,FULL,A_seed3408,A,3408,nearest_neighbor_distance,Waymo Dynamic-v2 validation R0_DEVELOPMENT embedding bank (not represented as untouched training data),3.080131092255456,2.0847373895630925,3.22528909562934,3.828986516242953,0.0875,0.025,reference q99 per metric; raw row-level >=2/4 flag retained without inventing a condition-level aggregation threshold,NOT_APPLICABLE_NO_ENCODER_NORMALIZATION: frozen learned_encoder_input=NONE,INCONCLUSIVE_NO_FROZEN_CONDITION_LEVEL_AGGREGATION,DEVELOPMENT_DIAGNOSTIC_EVIDENCE
dose50,NEIGHBOR_ABLATED,A_seed3408,A,3408,embedding_norm_l2_deviation,Waymo Dynamic-v2 validation R0_DEVELOPMENT embedding bank (not represented as untouched training data),2.8863557680038223,2.3457876955801,2.9543732062423214,3.2514895705541225,0.25,0.0,reference q99 per metric; raw row-level >=2/4 flag retained without inventing a condition-level aggregation threshold,NOT_APPLICABLE_NO_ENCODER_NORMALIZATION: frozen learned_encoder_input=NONE,INCONCLUSIVE_NO_FROZEN_CONDITION_LEVEL_AGGREGATION,DEVELOPMENT_DIAGNOSTIC_EVIDENCE
dose50,NEIGHBOR_ABLATED,A_seed3408,A,3408,distance_to_r0_development_centroid,Waymo Dynamic-v2 validation R0_DEVELOPMENT embedding bank (not represented as untouched training data),8.76240744107217,4.545424270383652,5.107950861613925,5.1194443216171095,0.0,0.0,reference q99 per metric; raw row-level >=2/4 flag retained without inventing a condition-level aggregation threshold,NOT_APPLICABLE_NO_ENCODER_NORMALIZATION: frozen learned_encoder_input=NONE,INCONCLUSIVE_NO_FROZEN_CONDITION_LEVEL_AGGREGATION,DEVELOPMENT_DIAGNOSTIC_EVIDENCE
dose50,NEIGHBOR_ABLATED,A_seed3408,A,3408,pca_reconstruction_error,Waymo Dynamic-v2 validation R0_DEVELOPMENT embedding bank (not represented as untouched training data),0.07424140659129778,0.004910933494283056,0.008444533496330852,0.009479989966679689,0.0,0.0,reference q99 per metric; raw row-level >=2/4 flag retained without inventing a condition-level aggregation threshold,NOT_APPLICABLE_NO_ENCODER_NORMALIZATION: frozen learned_encoder_input=NONE,INCONCLUSIVE_NO_FROZEN_CONDITION_LEVEL_AGGREGATION,DEVELOPMENT_DIAGNOSTIC_EVIDENCE
dose50,NEIGHBOR_ABLATED,A_seed3408,A,3408,nearest_neighbor_distance,Waymo Dynamic-v2 validation R0_DEVELOPMENT embedding bank (not represented as untouched training data),3.080131092255456,0.7426186531168175,0.9819694148249868,1.2896116250284166,0.0,0.0,reference q99 per metric; raw row-level >=2/4 flag retained without inventing a condition-level aggregation threshold,NOT_APPLICABLE_NO_ENCODER_NORMALIZATION: frozen learned_encoder_input=NONE,INCONCLUSIVE_NO_FROZEN_CONDITION_LEVEL_AGGREGATION,DEVELOPMENT_DIAGNOSTIC_EVIDENCE
dose75,FULL,A_seed3408,A,3408,embedding_norm_l2_deviation,Waymo Dynamic-v2 validation R0_DEVELOPMENT embedding bank (not represented as untouched training data),2.8863557680038223,0.6717545107797633,2.929670991098778,2.9520242955022145,0.1,0.025,reference q99 per metric; raw row-level >=2/4 flag retained without inventing a condition-level aggregation threshold,NOT_APPLICABLE_NO_ENCODER_NORMALIZATION: frozen learned_encoder_input=NONE,INCONCLUSIVE_NO_FROZEN_CONDITION_LEVEL_AGGREGATION,DEVELOPMENT_DIAGNOSTIC_EVIDENCE
dose75,FULL,A_seed3408,A,3408,distance_to_r0_development_centroid,Waymo Dynamic-v2 validation R0_DEVELOPMENT embedding bank (not represented as untouched training data),8.76240744107217,5.027904336648749,6.598862884164216,7.164228144206199,0.0,0.025,reference q99 per metric; raw row-level >=2/4 flag retained without inventing a condition-level aggregation threshold,NOT_APPLICABLE_NO_ENCODER_NORMALIZATION: frozen learned_encoder_input=NONE,INCONCLUSIVE_NO_FROZEN_CONDITION_LEVEL_AGGREGATION,DEVELOPMENT_DIAGNOSTIC_EVIDENCE
dose75,FULL,A_seed3408,A,3408,pca_reconstruction_error,Waymo Dynamic-v2 validation R0_DEVELOPMENT embedding bank (not represented as untouched training data),0.07424140659129778,0.015604721535245752,0.08179350671195847,0.14709914276532,0.0625,0.025,reference q99 per metric; raw row-level >=2/4 flag retained without inventing a condition-level aggregation threshold,NOT_APPLICABLE_NO_ENCODER_NORMALIZATION: frozen learned_encoder_input=NONE,INCONCLUSIVE_NO_FROZEN_CONDITION_LEVEL_AGGREGATION,DEVELOPMENT_DIAGNOSTIC_EVIDENCE
dose75,FULL,A_seed3408,A,3408,nearest_neighbor_distance,Waymo Dynamic-v2 validation R0_DEVELOPMENT embedding bank (not represented as untouched training data),3.080131092255456,2.0863679497480714,3.304383724474086,3.884943900548157,0.125,0.025,reference q99 per metric; raw row-level >=2/4 flag retained without inventing a condition-level aggregation threshold,NOT_APPLICABLE_NO_ENCODER_NORMALIZATION: frozen learned_encoder_input=NONE,INCONCLUSIVE_NO_FROZEN_CONDITION_LEVEL_AGGREGATION,DEVELOPMENT_DIAGNOSTIC_EVIDENCE
dose75,NEIGHBOR_ABLATED,A_seed3408,A,3408,embedding_norm_l2_deviation,Waymo Dynamic-v2 validation R0_DEVELOPMENT embedding bank (not represented as untouched training data),2.8863557680038223,2.3435891934584543,2.951646746681817,3.2430585478864273,0.25,0.0,reference q99 per metric; raw row-level >=2/4 flag retained without inventing a condition-level aggregation threshold,NOT_APPLICABLE_NO_ENCODER_NORMALIZATION: frozen learned_encoder_input=NONE,INCONCLUSIVE_NO_FROZEN_CONDITION_LEVEL_AGGREGATION,DEVELOPMENT_DIAGNOSTIC_EVIDENCE
dose75,NEIGHBOR_ABLATED,A_seed3408,A,3408,distance_to_r0_development_centroid,Waymo Dynamic-v2 validation R0_DEVELOPMENT embedding bank (not represented as untouched training data),8.76240744107217,4.543079704094699,5.106187288449249,5.117002774161808,0.0,0.0,reference q99 per metric; raw row-level >=2/4 flag retained without inventing a condition-level aggregation threshold,NOT_APPLICABLE_NO_ENCODER_NORMALIZATION: frozen learned_encoder_input=NONE,INCONCLUSIVE_NO_FROZEN_CONDITION_LEVEL_AGGREGATION,DEVELOPMENT_DIAGNOSTIC_EVIDENCE
dose75,NEIGHBOR_ABLATED,A_seed3408,A,3408,pca_reconstruction_error,Waymo Dynamic-v2 validation R0_DEVELOPMENT embedding bank (not represented as untouched training data),0.07424140659129778,0.004920571999313521,0.008434418682202495,0.009500530898961964,0.0,0.0,reference q99 per metric; raw row-level >=2/4 flag retained without inventing a condition-level aggregation threshold,NOT_APPLICABLE_NO_ENCODER_NORMALIZATION: frozen learned_encoder_input=NONE,INCONCLUSIVE_NO_FROZEN_CONDITION_LEVEL_AGGREGATION,DEVELOPMENT_DIAGNOSTIC_EVIDENCE
dose75,NEIGHBOR_ABLATED,A_seed3408,A,3408,nearest_neighbor_distance,Waymo Dynamic-v2 validation R0_DEVELOPMENT embedding bank (not represented as untouched training data),3.080131092255456,0.7425409655508377,0.9928912374621669,1.286447502110677,0.0,0.0,reference q99 per metric; raw row-level >=2/4 flag retained without inventing a condition-level aggregation threshold,NOT_APPLICABLE_NO_ENCODER_NORMALIZATION: frozen learned_encoder_input=NONE,INCONCLUSIVE_NO_FROZEN_CONDITION_LEVEL_AGGREGATION,DEVELOPMENT_DIAGNOSTIC_EVIDENCE
dose100,FULL,A_seed3408,A,3408,embedding_norm_l2_deviation,Waymo Dynamic-v2 validation R0_DEVELOPMENT embedding bank (not represented as untouched training data),2.8863557680038223,0.7080768230466674,2.91205784163746,2.9452395414607153,0.0625,0.025,reference q99 per metric; raw row-level >=2/4 flag retained without inventing a condition-level aggregation threshold,NOT_APPLICABLE_NO_ENCODER_NORMALIZATION: frozen learned_encoder_input=NONE,INCONCLUSIVE_NO_FROZEN_CONDITION_LEVEL_AGGREGATION,DEVELOPMENT_DIAGNOSTIC_EVIDENCE
dose100,FULL,A_seed3408,A,3408,distance_to_r0_development_centroid,Waymo Dynamic-v2 validation R0_DEVELOPMENT embedding bank (not represented as untouched training data),8.76240744107217,5.047128326573711,6.593933929941742,7.164060231658557,0.0,0.025,reference q99 per metric; raw row-level >=2/4 flag retained without inventing a condition-level aggregation threshold,NOT_APPLICABLE_NO_ENCODER_NORMALIZATION: frozen learned_encoder_input=NONE,INCONCLUSIVE_NO_FROZEN_CONDITION_LEVEL_AGGREGATION,DEVELOPMENT_DIAGNOSTIC_EVIDENCE
dose100,FULL,A_seed3408,A,3408,pca_reconstruction_error,Waymo Dynamic-v2 validation R0_DEVELOPMENT embedding bank (not represented as untouched training data),0.07424140659129778,0.01658324175094772,0.08189932533354169,0.14717963380696952,0.075,0.025,reference q99 per metric; raw row-level >=2/4 flag retained without inventing a condition-level aggregation threshold,NOT_APPLICABLE_NO_ENCODER_NORMALIZATION: frozen learned_encoder_input=NONE,INCONCLUSIVE_NO_FROZEN_CONDITION_LEVEL_AGGREGATION,DEVELOPMENT_DIAGNOSTIC_EVIDENCE
dose100,FULL,A_seed3408,A,3408,nearest_neighbor_distance,Waymo Dynamic-v2 validation R0_DEVELOPMENT embedding bank (not represented as untouched training data),3.080131092255456,2.071608634830792,3.287505685101631,3.8723676982456294,0.0875,0.025,reference q99 per metric; raw row-level >=2/4 flag retained without inventing a condition-level aggregation threshold,NOT_APPLICABLE_NO_ENCODER_NORMALIZATION: frozen learned_encoder_input=NONE,INCONCLUSIVE_NO_FROZEN_CONDITION_LEVEL_AGGREGATION,DEVELOPMENT_DIAGNOSTIC_EVIDENCE
dose100,NEIGHBOR_ABLATED,A_seed3408,A,3408,embedding_norm_l2_deviation,Waymo Dynamic-v2 validation R0_DEVELOPMENT embedding bank (not represented as untouched training data),2.8863557680038223,2.341439512472502,2.9453466174966496,3.239525497382033,0.225,0.0,reference q99 per metric; raw row-level >=2/4 flag retained without inventing a condition-level aggregation threshold,NOT_APPLICABLE_NO_ENCODER_NORMALIZATION: frozen learned_encoder_input=NONE,INCONCLUSIVE_NO_FROZEN_CONDITION_LEVEL_AGGREGATION,DEVELOPMENT_DIAGNOSTIC_EVIDENCE
dose100,NEIGHBOR_ABLATED,A_seed3408,A,3408,distance_to_r0_development_centroid,Waymo Dynamic-v2 validation R0_DEVELOPMENT embedding bank (not represented as untouched training data),8.76240744107217,4.54149726971373,5.104572349267956,5.116066932940514,0.0,0.0,reference q99 per metric; raw row-level >=2/4 flag retained without inventing a condition-level aggregation threshold,NOT_APPLICABLE_NO_ENCODER_NORMALIZATION: frozen learned_encoder_input=NONE,INCONCLUSIVE_NO_FROZEN_CONDITION_LEVEL_AGGREGATION,DEVELOPMENT_DIAGNOSTIC_EVIDENCE
dose100,NEIGHBOR_ABLATED,A_seed3408,A,3408,pca_reconstruction_error,Waymo Dynamic-v2 validation R0_DEVELOPMENT embedding bank (not represented as untouched training data),0.07424140659129778,0.004927608276061857,0.008421445675744422,0.009519846015873218,0.0,0.0,reference q99 per metric; raw row-level >=2/4 flag retained without inventing a condition-level aggregation threshold,NOT_APPLICABLE_NO_ENCODER_NORMALIZATION: frozen learned_encoder_input=NONE,INCONCLUSIVE_NO_FROZEN_CONDITION_LEVEL_AGGREGATION,DEVELOPMENT_DIAGNOSTIC_EVIDENCE
dose100,NEIGHBOR_ABLATED,A_seed3408,A,3408,nearest_neighbor_distance,Waymo Dynamic-v2 validation R0_DEVELOPMENT embedding bank (not represented as untouched training data),3.080131092255456,0.7426672969766497,0.9514126902483511,1.28264852412527,0.0,0.0,reference q99 per metric; raw row-level >=2/4 flag retained without inventing a condition-level aggregation threshold,NOT_APPLICABLE_NO_ENCODER_NORMALIZATION: frozen learned_encoder_input=NONE,INCONCLUSIVE_NO_FROZEN_CONDITION_LEVEL_AGGREGATION,DEVELOPMENT_DIAGNOSTIC_EVIDENCE
dose0,FULL,A_seed3409,A,3409,embedding_norm_l2_deviation,Waymo Dynamic-v2 validation R0_DEVELOPMENT embedding bank (not represented as untouched training data),3.5576930248575374,0.5533249232557331,1.6158627695366683,1.7252431933353432,0.0,0.0,reference q99 per metric; raw row-level >=2/4 flag retained without inventing a condition-level aggregation threshold,NOT_APPLICABLE_NO_ENCODER_NORMALIZATION: frozen learned_encoder_input=NONE,INCONCLUSIVE_NO_FROZEN_CONDITION_LEVEL_AGGREGATION,DEVELOPMENT_DIAGNOSTIC_EVIDENCE
dose0,FULL,A_seed3409,A,3409,distance_to_r0_development_centroid,Waymo Dynamic-v2 validation R0_DEVELOPMENT embedding bank (not represented as untouched training data),8.866864730947473,4.691203538609949,6.309853563036288,6.860437607072004,0.0,0.0,reference q99 per metric; raw row-level >=2/4 flag retained without inventing a condition-level aggregation threshold,NOT_APPLICABLE_NO_ENCODER_NORMALIZATION: frozen learned_encoder_input=NONE,INCONCLUSIVE_NO_FROZEN_CONDITION_LEVEL_AGGREGATION,DEVELOPMENT_DIAGNOSTIC_EVIDENCE
dose0,FULL,A_seed3409,A,3409,pca_reconstruction_error,Waymo Dynamic-v2 validation R0_DEVELOPMENT embedding bank (not represented as untouched training data),0.08350294923327845,0.02150173658357065,0.059011728679690865,0.09023308339423258,0.0125,0.0,reference q99 per metric; raw row-level >=2/4 flag retained without inventing a condition-level aggregation threshold,NOT_APPLICABLE_NO_ENCODER_NORMALIZATION: frozen learned_encoder_input=NONE,INCONCLUSIVE_NO_FROZEN_CONDITION_LEVEL_AGGREGATION,DEVELOPMENT_DIAGNOSTIC_EVIDENCE
dose0,FULL,A_seed3409,A,3409,nearest_neighbor_distance,Waymo Dynamic-v2 validation R0_DEVELOPMENT embedding bank (not represented as untouched training data),2.9763914622700636,1.9554143373646635,2.9296973407970266,3.3115428571672645,0.05,0.0,reference q99 per metric; raw row-level >=2/4 flag retained without inventing a condition-level aggregation threshold,NOT_APPLICABLE_NO_ENCODER_NORMALIZATION: frozen learned_encoder_input=NONE,INCONCLUSIVE_NO_FROZEN_CONDITION_LEVEL_AGGREGATION,DEVELOPMENT_DIAGNOSTIC_EVIDENCE
dose0,NEIGHBOR_ABLATED,A_seed3409,A,3409,embedding_norm_l2_deviation,Waymo Dynamic-v2 validation R0_DEVELOPMENT embedding bank (not represented as untouched training data),3.5576930248575374,1.3990797572744054,2.0432054902420065,2.1509037409254024,0.0,0.0,reference q99 per metric; raw row-level >=2/4 flag retained without inventing a condition-level aggregation threshold,NOT_APPLICABLE_NO_ENCODER_NORMALIZATION: frozen learned_encoder_input=NONE,INCONCLUSIVE_NO_FROZEN_CONDITION_LEVEL_AGGREGATION,DEVELOPMENT_DIAGNOSTIC_EVIDENCE
dose0,NEIGHBOR_ABLATED,A_seed3409,A,3409,distance_to_r0_development_centroid,Waymo Dynamic-v2 validation R0_DEVELOPMENT embedding bank (not represented as untouched training data),8.866864730947473,4.2850006421315445,4.904166816255645,4.979459412226626,0.0,0.0,reference q99 per metric; raw row-level >=2/4 flag retained without inventing a condition-level aggregation threshold,NOT_APPLICABLE_NO_ENCODER_NORMALIZATION: frozen learned_encoder_input=NONE,INCONCLUSIVE_NO_FROZEN_CONDITION_LEVEL_AGGREGATION,DEVELOPMENT_DIAGNOSTIC_EVIDENCE
dose0,NEIGHBOR_ABLATED,A_seed3409,A,3409,pca_reconstruction_error,Waymo Dynamic-v2 validation R0_DEVELOPMENT embedding bank (not represented as untouched training data),0.08350294923327845,0.01014232241101052,0.015394113829738867,0.01685584125172892,0.0,0.0,reference q99 per metric; raw row-level >=2/4 flag retained without inventing a condition-level aggregation threshold,NOT_APPLICABLE_NO_ENCODER_NORMALIZATION: frozen learned_encoder_input=NONE,INCONCLUSIVE_NO_FROZEN_CONDITION_LEVEL_AGGREGATION,DEVELOPMENT_DIAGNOSTIC_EVIDENCE
dose0,NEIGHBOR_ABLATED,A_seed3409,A,3409,nearest_neighbor_distance,Waymo Dynamic-v2 validation R0_DEVELOPMENT embedding bank (not represented as untouched training data),2.9763914622700636,0.739640114562673,0.9348401156299252,1.0499043329326465,0.0,0.0,reference q99 per metric; raw row-level >=2/4 flag retained without inventing a condition-level aggregation threshold,NOT_APPLICABLE_NO_ENCODER_NORMALIZATION: frozen learned_encoder_input=NONE,INCONCLUSIVE_NO_FROZEN_CONDITION_LEVEL_AGGREGATION,DEVELOPMENT_DIAGNOSTIC_EVIDENCE
dose25,FULL,A_seed3409,A,3409,embedding_norm_l2_deviation,Waymo Dynamic-v2 validation R0_DEVELOPMENT embedding bank (not represented as untouched training data),3.5576930248575374,0.58414761112902,1.6142648812696425,1.7250272037388665,0.0,0.0,reference q99 per metric; raw row-level >=2/4 flag retained without inventing a condition-level aggregation threshold,NOT_APPLICABLE_NO_ENCODER_NORMALIZATION: frozen learned_encoder_input=NONE,INCONCLUSIVE_NO_FROZEN_CONDITION_LEVEL_AGGREGATION,DEVELOPMENT_DIAGNOSTIC_EVIDENCE
dose25,FULL,A_seed3409,A,3409,distance_to_r0_development_centroid,Waymo Dynamic-v2 validation R0_DEVELOPMENT embedding bank (not represented as untouched training data),8.866864730947473,4.719359640034893,6.165646217736551,6.629924911296178,0.0,0.0,reference q99 per metric; raw row-level >=2/4 flag retained without inventing a condition-level aggregation threshold,NOT_APPLICABLE_NO_ENCODER_NORMALIZATION: frozen learned_encoder_input=NONE,INCONCLUSIVE_NO_FROZEN_CONDITION_LEVEL_AGGREGATION,DEVELOPMENT_DIAGNOSTIC_EVIDENCE
dose25,FULL,A_seed3409,A,3409,pca_reconstruction_error,Waymo Dynamic-v2 validation R0_DEVELOPMENT embedding bank (not represented as untouched training data),0.08350294923327845,0.021513658425478088,0.05861287688621103,0.09026249826029825,0.0125,0.0,reference q99 per metric; raw row-level >=2/4 flag retained without inventing a condition-level aggregation threshold,NOT_APPLICABLE_NO_ENCODER_NORMALIZATION: frozen learned_encoder_input=NONE,INCONCLUSIVE_NO_FROZEN_CONDITION_LEVEL_AGGREGATION,DEVELOPMENT_DIAGNOSTIC_EVIDENCE
dose25,FULL,A_seed3409,A,3409,nearest_neighbor_distance,Waymo Dynamic-v2 validation R0_DEVELOPMENT embedding bank (not represented as untouched training data),2.9763914622700636,1.927330451661763,2.9475927097417896,3.451434205658917,0.05,0.0,reference q99 per metric; raw row-level >=2/4 flag retained without inventing a condition-level aggregation threshold,NOT_APPLICABLE_NO_ENCODER_NORMALIZATION: frozen learned_encoder_input=NONE,INCONCLUSIVE_NO_FROZEN_CONDITION_LEVEL_AGGREGATION,DEVELOPMENT_DIAGNOSTIC_EVIDENCE
dose25,NEIGHBOR_ABLATED,A_seed3409,A,3409,embedding_norm_l2_deviation,Waymo Dynamic-v2 validation R0_DEVELOPMENT embedding bank (not represented as untouched training data),3.5576930248575374,1.398319184376609,2.042160966161412,2.16144651723293,0.0,0.0,reference q99 per metric; raw row-level >=2/4 flag retained without inventing a condition-level aggregation threshold,NOT_APPLICABLE_NO_ENCODER_NORMALIZATION: frozen learned_encoder_input=NONE,INCONCLUSIVE_NO_FROZEN_CONDITION_LEVEL_AGGREGATION,DEVELOPMENT_DIAGNOSTIC_EVIDENCE
dose25,NEIGHBOR_ABLATED,A_seed3409,A,3409,distance_to_r0_development_centroid,Waymo Dynamic-v2 validation R0_DEVELOPMENT embedding bank (not represented as untouched training data),8.866864730947473,4.284800332230913,4.9046131775644595,4.979766263235502,0.0,0.0,reference q99 per metric; raw row-level >=2/4 flag retained without inventing a condition-level aggregation threshold,NOT_APPLICABLE_NO_ENCODER_NORMALIZATION: frozen learned_encoder_input=NONE,INCONCLUSIVE_NO_FROZEN_CONDITION_LEVEL_AGGREGATION,DEVELOPMENT_DIAGNOSTIC_EVIDENCE
dose25,NEIGHBOR_ABLATED,A_seed3409,A,3409,pca_reconstruction_error,Waymo Dynamic-v2 validation R0_DEVELOPMENT embedding bank (not represented as untouched training data),0.08350294923327845,0.01014294638938134,0.015392096687916535,0.016851807830523334,0.0,0.0,reference q99 per metric; raw row-level >=2/4 flag retained without inventing a condition-level aggregation threshold,NOT_APPLICABLE_NO_ENCODER_NORMALIZATION: frozen learned_encoder_input=NONE,INCONCLUSIVE_NO_FROZEN_CONDITION_LEVEL_AGGREGATION,DEVELOPMENT_DIAGNOSTIC_EVIDENCE
dose25,NEIGHBOR_ABLATED,A_seed3409,A,3409,nearest_neighbor_distance,Waymo Dynamic-v2 validation R0_DEVELOPMENT embedding bank (not represented as untouched training data),2.9763914622700636,0.7399742535682309,0.935389087929612,1.0516497229787507,0.0,0.0,reference q99 per metric; raw row-level >=2/4 flag retained without inventing a condition-level aggregation threshold,NOT_APPLICABLE_NO_ENCODER_NORMALIZATION: frozen learned_encoder_input=NONE,INCONCLUSIVE_NO_FROZEN_CONDITION_LEVEL_AGGREGATION,DEVELOPMENT_DIAGNOSTIC_EVIDENCE
dose50,FULL,A_seed3409,A,3409,embedding_norm_l2_deviation,Waymo Dynamic-v2 validation R0_DEVELOPMENT embedding bank (not represented as untouched training data),3.5576930248575374,0.5829076250070617,1.6123659816775768,1.7255978444176492,0.0,0.0,reference q99 per metric; raw row-level >=2/4 flag retained without inventing a condition-level aggregation threshold,NOT_APPLICABLE_NO_ENCODER_NORMALIZATION: frozen learned_encoder_input=NONE,INCONCLUSIVE_NO_FROZEN_CONDITION_LEVEL_AGGREGATION,DEVELOPMENT_DIAGNOSTIC_EVIDENCE
dose50,FULL,A_seed3409,A,3409,distance_to_r0_development_centroid,Waymo Dynamic-v2 validation R0_DEVELOPMENT embedding bank (not represented as untouched training data),8.866864730947473,4.78682106218959,6.171962063393253,6.788597764072109,0.0,0.0,reference q99 per metric; raw row-level >=2/4 flag retained without inventing a condition-level aggregation threshold,NOT_APPLICABLE_NO_ENCODER_NORMALIZATION: frozen learned_encoder_input=NONE,INCONCLUSIVE_NO_FROZEN_CONDITION_LEVEL_AGGREGATION,DEVELOPMENT_DIAGNOSTIC_EVIDENCE
dose50,FULL,A_seed3409,A,3409,pca_reconstruction_error,Waymo Dynamic-v2 validation R0_DEVELOPMENT embedding bank (not represented as untouched training data),0.08350294923327845,0.021371029632305506,0.058383690524535736,0.09023892148717791,0.0125,0.0,reference q99 per metric; raw row-level >=2/4 flag retained without inventing a condition-level aggregation threshold,NOT_APPLICABLE_NO_ENCODER_NORMALIZATION: frozen learned_encoder_input=NONE,INCONCLUSIVE_NO_FROZEN_CONDITION_LEVEL_AGGREGATION,DEVELOPMENT_DIAGNOSTIC_EVIDENCE
dose50,FULL,A_seed3409,A,3409,nearest_neighbor_distance,Waymo Dynamic-v2 validation R0_DEVELOPMENT embedding bank (not represented as untouched training data),2.9763914622700636,2.031269407555251,2.9972921489910775,3.3812789356864204,0.0625,0.0,reference q99 per metric; raw row-level >=2/4 flag retained without inventing a condition-level aggregation threshold,NOT_APPLICABLE_NO_ENCODER_NORMALIZATION: frozen learned_encoder_input=NONE,INCONCLUSIVE_NO_FROZEN_CONDITION_LEVEL_AGGREGATION,DEVELOPMENT_DIAGNOSTIC_EVIDENCE
dose50,NEIGHBOR_ABLATED,A_seed3409,A,3409,embedding_norm_l2_deviation,Waymo Dynamic-v2 validation R0_DEVELOPMENT embedding bank (not represented as untouched training data),3.5576930248575374,1.398124780820872,2.040507025848068,2.161719758698876,0.0,0.0,reference q99 per metric; raw row-level >=2/4 flag retained without inventing a condition-level aggregation threshold,NOT_APPLICABLE_NO_ENCODER_NORMALIZATION: frozen learned_encoder_input=NONE,INCONCLUSIVE_NO_FROZEN_CONDITION_LEVEL_AGGREGATION,DEVELOPMENT_DIAGNOSTIC_EVIDENCE
dose50,NEIGHBOR_ABLATED,A_seed3409,A,3409,distance_to_r0_development_centroid,Waymo Dynamic-v2 validation R0_DEVELOPMENT embedding bank (not represented as untouched training data),8.866864730947473,4.284697730990057,4.904621212316577,4.979579636820946,0.0,0.0,reference q99 per metric; raw row-level >=2/4 flag retained without inventing a condition-level aggregation threshold,NOT_APPLICABLE_NO_ENCODER_NORMALIZATION: frozen learned_encoder_input=NONE,INCONCLUSIVE_NO_FROZEN_CONDITION_LEVEL_AGGREGATION,DEVELOPMENT_DIAGNOSTIC_EVIDENCE
dose50,NEIGHBOR_ABLATED,A_seed3409,A,3409,pca_reconstruction_error,Waymo Dynamic-v2 validation R0_DEVELOPMENT embedding bank (not represented as untouched training data),0.08350294923327845,0.010144286352852205,0.01539033503832788,0.016841736339200497,0.0,0.0,reference q99 per metric; raw row-level >=2/4 flag retained without inventing a condition-level aggregation threshold,NOT_APPLICABLE_NO_ENCODER_NORMALIZATION: frozen learned_encoder_input=NONE,INCONCLUSIVE_NO_FROZEN_CONDITION_LEVEL_AGGREGATION,DEVELOPMENT_DIAGNOSTIC_EVIDENCE
dose50,NEIGHBOR_ABLATED,A_seed3409,A,3409,nearest_neighbor_distance,Waymo Dynamic-v2 validation R0_DEVELOPMENT embedding bank (not represented as untouched training data),2.9763914622700636,0.738344589548722,0.9357851208138073,1.0616091274683,0.0,0.0,reference q99 per metric; raw row-level >=2/4 flag retained without inventing a condition-level aggregation threshold,NOT_APPLICABLE_NO_ENCODER_NORMALIZATION: frozen learned_encoder_input=NONE,INCONCLUSIVE_NO_FROZEN_CONDITION_LEVEL_AGGREGATION,DEVELOPMENT_DIAGNOSTIC_EVIDENCE
dose75,FULL,A_seed3409,A,3409,embedding_norm_l2_deviation,Waymo Dynamic-v2 validation R0_DEVELOPMENT embedding bank (not represented as untouched training data),3.5576930248575374,0.5441165891690529,1.6112869692259422,1.7252436223262837,0.0,0.0,reference q99 per metric; raw row-level >=2/4 flag retained without inventing a condition-level aggregation threshold,NOT_APPLICABLE_NO_ENCODER_NORMALIZATION: frozen learned_encoder_input=NONE,INCONCLUSIVE_NO_FROZEN_CONDITION_LEVEL_AGGREGATION,DEVELOPMENT_DIAGNOSTIC_EVIDENCE
dose75,FULL,A_seed3409,A,3409,distance_to_r0_development_centroid,Waymo Dynamic-v2 validation R0_DEVELOPMENT embedding bank (not represented as untouched training data),8.866864730947473,4.8249952464115395,6.374716605350143,6.812359984588657,0.0,0.0,reference q99 per metric; raw row-level >=2/4 flag retained without inventing a condition-level aggregation threshold,NOT_APPLICABLE_NO_ENCODER_NORMALIZATION: frozen learned_encoder_input=NONE,INCONCLUSIVE_NO_FROZEN_CONDITION_LEVEL_AGGREGATION,DEVELOPMENT_DIAGNOSTIC_EVIDENCE
dose75,FULL,A_seed3409,A,3409,pca_reconstruction_error,Waymo Dynamic-v2 validation R0_DEVELOPMENT embedding bank (not represented as untouched training data),0.08350294923327845,0.02254163761721193,0.057084817825965084,0.09028474817750672,0.0125,0.0,reference q99 per metric; raw row-level >=2/4 flag retained without inventing a condition-level aggregation threshold,NOT_APPLICABLE_NO_ENCODER_NORMALIZATION: frozen learned_encoder_input=NONE,INCONCLUSIVE_NO_FROZEN_CONDITION_LEVEL_AGGREGATION,DEVELOPMENT_DIAGNOSTIC_EVIDENCE
dose75,FULL,A_seed3409,A,3409,nearest_neighbor_distance,Waymo Dynamic-v2 validation R0_DEVELOPMENT embedding bank (not represented as untouched training data),2.9763914622700636,2.0589722923214886,2.954973197241401,3.3292750747459476,0.05,0.0,reference q99 per metric; raw row-level >=2/4 flag retained without inventing a condition-level aggregation threshold,NOT_APPLICABLE_NO_ENCODER_NORMALIZATION: frozen learned_encoder_input=NONE,INCONCLUSIVE_NO_FROZEN_CONDITION_LEVEL_AGGREGATION,DEVELOPMENT_DIAGNOSTIC_EVIDENCE
dose75,NEIGHBOR_ABLATED,A_seed3409,A,3409,embedding_norm_l2_deviation,Waymo Dynamic-v2 validation R0_DEVELOPMENT embedding bank (not represented as untouched training data),3.5576930248575374,1.3973423279597599,2.041255871785771,2.1617208161182493,0.0,0.0,reference q99 per metric; raw row-level >=2/4 flag retained without inventing a condition-level aggregation threshold,NOT_APPLICABLE_NO_ENCODER_NORMALIZATION: frozen learned_encoder_input=NONE,INCONCLUSIVE_NO_FROZEN_CONDITION_LEVEL_AGGREGATION,DEVELOPMENT_DIAGNOSTIC_EVIDENCE
dose75,NEIGHBOR_ABLATED,A_seed3409,A,3409,distance_to_r0_development_centroid,Waymo Dynamic-v2 validation R0_DEVELOPMENT embedding bank (not represented as untouched training data),8.866864730947473,4.283974413171665,4.904858270118005,4.980101497067743,0.0,0.0,reference q99 per metric; raw row-level >=2/4 flag retained without inventing a condition-level aggregation threshold,NOT_APPLICABLE_NO_ENCODER_NORMALIZATION: frozen learned_encoder_input=NONE,INCONCLUSIVE_NO_FROZEN_CONDITION_LEVEL_AGGREGATION,DEVELOPMENT_DIAGNOSTIC_EVIDENCE
dose75,NEIGHBOR_ABLATED,A_seed3409,A,3409,pca_reconstruction_error,Waymo Dynamic-v2 validation R0_DEVELOPMENT embedding bank (not represented as untouched training data),0.08350294923327845,0.010150681793198927,0.015382763315598685,0.016834548656409,0.0,0.0,reference q99 per metric; raw row-level >=2/4 flag retained without inventing a condition-level aggregation threshold,NOT_APPLICABLE_NO_ENCODER_NORMALIZATION: frozen learned_encoder_input=NONE,INCONCLUSIVE_NO_FROZEN_CONDITION_LEVEL_AGGREGATION,DEVELOPMENT_DIAGNOSTIC_EVIDENCE
dose75,NEIGHBOR_ABLATED,A_seed3409,A,3409,nearest_neighbor_distance,Waymo Dynamic-v2 validation R0_DEVELOPMENT embedding bank (not represented as untouched training data),2.9763914622700636,0.7381477712488094,0.9354781693641848,1.0611489137170451,0.0,0.0,reference q99 per metric; raw row-level >=2/4 flag retained without inventing a condition-level aggregation threshold,NOT_APPLICABLE_NO_ENCODER_NORMALIZATION: frozen learned_encoder_input=NONE,INCONCLUSIVE_NO_FROZEN_CONDITION_LEVEL_AGGREGATION,DEVELOPMENT_DIAGNOSTIC_EVIDENCE
dose100,FULL,A_seed3409,A,3409,embedding_norm_l2_deviation,Waymo Dynamic-v2 validation R0_DEVELOPMENT embedding bank (not represented as untouched training data),3.5576930248575374,0.6127841575385347,1.602408101775269,1.7248944436900686,0.0,0.0,reference q99 per metric; raw row-level >=2/4 flag retained without inventing a condition-level aggregation threshold,NOT_APPLICABLE_NO_ENCODER_NORMALIZATION: frozen learned_encoder_input=NONE,INCONCLUSIVE_NO_FROZEN_CONDITION_LEVEL_AGGREGATION,DEVELOPMENT_DIAGNOSTIC_EVIDENCE
dose100,FULL,A_seed3409,A,3409,distance_to_r0_development_centroid,Waymo Dynamic-v2 validation R0_DEVELOPMENT embedding bank (not represented as untouched training data),8.866864730947473,4.834668130450338,6.308818890035552,7.233085155688961,0.0,0.0,reference q99 per metric; raw row-level >=2/4 flag retained without inventing a condition-level aggregation threshold,NOT_APPLICABLE_NO_ENCODER_NORMALIZATION: frozen learned_encoder_input=NONE,INCONCLUSIVE_NO_FROZEN_CONDITION_LEVEL_AGGREGATION,DEVELOPMENT_DIAGNOSTIC_EVIDENCE
dose100,FULL,A_seed3409,A,3409,pca_reconstruction_error,Waymo Dynamic-v2 validation R0_DEVELOPMENT embedding bank (not represented as untouched training data),0.08350294923327845,0.023716929485192727,0.05844289258907029,0.09032611060057914,0.0125,0.0,reference q99 per metric; raw row-level >=2/4 flag retained without inventing a condition-level aggregation threshold,NOT_APPLICABLE_NO_ENCODER_NORMALIZATION: frozen learned_encoder_input=NONE,INCONCLUSIVE_NO_FROZEN_CONDITION_LEVEL_AGGREGATION,DEVELOPMENT_DIAGNOSTIC_EVIDENCE
dose100,FULL,A_seed3409,A,3409,nearest_neighbor_distance,Waymo Dynamic-v2 validation R0_DEVELOPMENT embedding bank (not represented as untouched training data),2.9763914622700636,2.038740947924353,2.9873712485177304,3.3300604027479825,0.0625,0.0,reference q99 per metric; raw row-level >=2/4 flag retained without inventing a condition-level aggregation threshold,NOT_APPLICABLE_NO_ENCODER_NORMALIZATION: frozen learned_encoder_input=NONE,INCONCLUSIVE_NO_FROZEN_CONDITION_LEVEL_AGGREGATION,DEVELOPMENT_DIAGNOSTIC_EVIDENCE
dose100,NEIGHBOR_ABLATED,A_seed3409,A,3409,embedding_norm_l2_deviation,Waymo Dynamic-v2 validation R0_DEVELOPMENT embedding bank (not represented as untouched training data),3.5576930248575374,1.3968917308325395,2.0398442156498104,2.1615879165664733,0.0,0.0,reference q99 per metric; raw row-level >=2/4 flag retained without inventing a condition-level aggregation threshold,NOT_APPLICABLE_NO_ENCODER_NORMALIZATION: frozen learned_encoder_input=NONE,INCONCLUSIVE_NO_FROZEN_CONDITION_LEVEL_AGGREGATION,DEVELOPMENT_DIAGNOSTIC_EVIDENCE
dose100,NEIGHBOR_ABLATED,A_seed3409,A,3409,distance_to_r0_development_centroid,Waymo Dynamic-v2 validation R0_DEVELOPMENT embedding bank (not represented as untouched training data),8.866864730947473,4.284294461096536,4.904839739442362,4.979861918849109,0.0,0.0,reference q99 per metric; raw row-level >=2/4 flag retained without inventing a condition-level aggregation threshold,NOT_APPLICABLE_NO_ENCODER_NORMALIZATION: frozen learned_encoder_input=NONE,INCONCLUSIVE_NO_FROZEN_CONDITION_LEVEL_AGGREGATION,DEVELOPMENT_DIAGNOSTIC_EVIDENCE
dose100,NEIGHBOR_ABLATED,A_seed3409,A,3409,pca_reconstruction_error,Waymo Dynamic-v2 validation R0_DEVELOPMENT embedding bank (not represented as untouched training data),0.08350294923327845,0.010153070312202304,0.015372903879405798,0.016824010257449357,0.0,0.0,reference q99 per metric; raw row-level >=2/4 flag retained without inventing a condition-level aggregation threshold,NOT_APPLICABLE_NO_ENCODER_NORMALIZATION: frozen learned_encoder_input=NONE,INCONCLUSIVE_NO_FROZEN_CONDITION_LEVEL_AGGREGATION,DEVELOPMENT_DIAGNOSTIC_EVIDENCE
dose100,NEIGHBOR_ABLATED,A_seed3409,A,3409,nearest_neighbor_distance,Waymo Dynamic-v2 validation R0_DEVELOPMENT embedding bank (not represented as untouched training data),2.9763914622700636,0.7379532705771141,0.9360255929080871,1.054095479058915,0.0,0.0,reference q99 per metric; raw row-level >=2/4 flag retained without inventing a condition-level aggregation threshold,NOT_APPLICABLE_NO_ENCODER_NORMALIZATION: frozen learned_encoder_input=NONE,INCONCLUSIVE_NO_FROZEN_CONDITION_LEVEL_AGGREGATION,DEVELOPMENT_DIAGNOSTIC_EVIDENCE
dose0,FULL,B_seed3407,B,3407,embedding_norm_l2_deviation,Waymo Dynamic-v2 validation R0_DEVELOPMENT embedding bank (not represented as untouched training data),9.078464399735912,1.9261484906486404,6.808442082880459,7.8003756067826755,0.0,0.0125,reference q99 per metric; raw row-level >=2/4 flag retained without inventing a condition-level aggregation threshold,NOT_APPLICABLE_NO_ENCODER_NORMALIZATION: frozen learned_encoder_input=NONE,INCONCLUSIVE_NO_FROZEN_CONDITION_LEVEL_AGGREGATION,DEVELOPMENT_DIAGNOSTIC_EVIDENCE
dose0,FULL,B_seed3407,B,3407,distance_to_r0_development_centroid,Waymo Dynamic-v2 validation R0_DEVELOPMENT embedding bank (not represented as untouched training data),10.747745663600764,4.357459337203611,8.461016308323254,9.3559986656689,0.0,0.0125,reference q99 per metric; raw row-level >=2/4 flag retained without inventing a condition-level aggregation threshold,NOT_APPLICABLE_NO_ENCODER_NORMALIZATION: frozen learned_encoder_input=NONE,INCONCLUSIVE_NO_FROZEN_CONDITION_LEVEL_AGGREGATION,DEVELOPMENT_DIAGNOSTIC_EVIDENCE
dose0,FULL,B_seed3407,B,3407,pca_reconstruction_error,Waymo Dynamic-v2 validation R0_DEVELOPMENT embedding bank (not represented as untouched training data),0.061377174638682405,0.019170411587344557,0.05597119060003089,0.06893153764577975,0.025,0.0125,reference q99 per metric; raw row-level >=2/4 flag retained without inventing a condition-level aggregation threshold,NOT_APPLICABLE_NO_ENCODER_NORMALIZATION: frozen learned_encoder_input=NONE,INCONCLUSIVE_NO_FROZEN_CONDITION_LEVEL_AGGREGATION,DEVELOPMENT_DIAGNOSTIC_EVIDENCE
dose0,FULL,B_seed3407,B,3407,nearest_neighbor_distance,Waymo Dynamic-v2 validation R0_DEVELOPMENT embedding bank (not represented as untouched training data),3.198064166212716,1.7377408863686856,3.087609822835665,4.1812695949274,0.0375,0.0125,reference q99 per metric; raw row-level >=2/4 flag retained without inventing a condition-level aggregation threshold,NOT_APPLICABLE_NO_ENCODER_NORMALIZATION: frozen learned_encoder_input=NONE,INCONCLUSIVE_NO_FROZEN_CONDITION_LEVEL_AGGREGATION,DEVELOPMENT_DIAGNOSTIC_EVIDENCE
dose0,NEIGHBOR_ABLATED,B_seed3407,B,3407,embedding_norm_l2_deviation,Waymo Dynamic-v2 validation R0_DEVELOPMENT embedding bank (not represented as untouched training data),9.078464399735912,0.2238529477165745,0.7891833795150535,1.0260592262324257,0.0,0.0,reference q99 per metric; raw row-level >=2/4 flag retained without inventing a condition-level aggregation threshold,NOT_APPLICABLE_NO_ENCODER_NORMALIZATION: frozen learned_encoder_input=NONE,INCONCLUSIVE_NO_FROZEN_CONDITION_LEVEL_AGGREGATION,DEVELOPMENT_DIAGNOSTIC_EVIDENCE
dose0,NEIGHBOR_ABLATED,B_seed3407,B,3407,distance_to_r0_development_centroid,Waymo Dynamic-v2 validation R0_DEVELOPMENT embedding bank (not represented as untouched training data),10.747745663600764,3.4482381403622844,3.6113146444184276,3.780313612905348,0.0,0.0,reference q99 per metric; raw row-level >=2/4 flag retained without inventing a condition-level aggregation threshold,NOT_APPLICABLE_NO_ENCODER_NORMALIZATION: frozen learned_encoder_input=NONE,INCONCLUSIVE_NO_FROZEN_CONDITION_LEVEL_AGGREGATION,DEVELOPMENT_DIAGNOSTIC_EVIDENCE
dose0,NEIGHBOR_ABLATED,B_seed3407,B,3407,pca_reconstruction_error,Waymo Dynamic-v2 validation R0_DEVELOPMENT embedding bank (not represented as untouched training data),0.061377174638682405,0.008665153188806535,0.011689174837719227,0.01307188960403989,0.0,0.0,reference q99 per metric; raw row-level >=2/4 flag retained without inventing a condition-level aggregation threshold,NOT_APPLICABLE_NO_ENCODER_NORMALIZATION: frozen learned_encoder_input=NONE,INCONCLUSIVE_NO_FROZEN_CONDITION_LEVEL_AGGREGATION,DEVELOPMENT_DIAGNOSTIC_EVIDENCE
dose0,NEIGHBOR_ABLATED,B_seed3407,B,3407,nearest_neighbor_distance,Waymo Dynamic-v2 validation R0_DEVELOPMENT embedding bank (not represented as untouched training data),3.198064166212716,0.8740957124710786,1.16585943055514,1.2286638675983161,0.0,0.0,reference q99 per metric; raw row-level >=2/4 flag retained without inventing a condition-level aggregation threshold,NOT_APPLICABLE_NO_ENCODER_NORMALIZATION: frozen learned_encoder_input=NONE,INCONCLUSIVE_NO_FROZEN_CONDITION_LEVEL_AGGREGATION,DEVELOPMENT_DIAGNOSTIC_EVIDENCE
dose25,FULL,B_seed3407,B,3407,embedding_norm_l2_deviation,Waymo Dynamic-v2 validation R0_DEVELOPMENT embedding bank (not represented as untouched training data),9.078464399735912,1.9856947901481155,5.729617438924434,7.704033632544992,0.0,0.0,reference q99 per metric; raw row-level >=2/4 flag retained without inventing a condition-level aggregation threshold,NOT_APPLICABLE_NO_ENCODER_NORMALIZATION: frozen learned_encoder_input=NONE,INCONCLUSIVE_NO_FROZEN_CONDITION_LEVEL_AGGREGATION,DEVELOPMENT_DIAGNOSTIC_EVIDENCE
dose25,FULL,B_seed3407,B,3407,distance_to_r0_development_centroid,Waymo Dynamic-v2 validation R0_DEVELOPMENT embedding bank (not represented as untouched training data),10.747745663600764,4.336769057875211,7.520848996709953,9.263628711378031,0.0,0.0,reference q99 per metric; raw row-level >=2/4 flag retained without inventing a condition-level aggregation threshold,NOT_APPLICABLE_NO_ENCODER_NORMALIZATION: frozen learned_encoder_input=NONE,INCONCLUSIVE_NO_FROZEN_CONDITION_LEVEL_AGGREGATION,DEVELOPMENT_DIAGNOSTIC_EVIDENCE
dose25,FULL,B_seed3407,B,3407,pca_reconstruction_error,Waymo Dynamic-v2 validation R0_DEVELOPMENT embedding bank (not represented as untouched training data),0.061377174638682405,0.019129128829691696,0.05334308810498163,0.05605235598448348,0.0,0.0,reference q99 per metric; raw row-level >=2/4 flag retained without inventing a condition-level aggregation threshold,NOT_APPLICABLE_NO_ENCODER_NORMALIZATION: frozen learned_encoder_input=NONE,INCONCLUSIVE_NO_FROZEN_CONDITION_LEVEL_AGGREGATION,DEVELOPMENT_DIAGNOSTIC_EVIDENCE
dose25,FULL,B_seed3407,B,3407,nearest_neighbor_distance,Waymo Dynamic-v2 validation R0_DEVELOPMENT embedding bank (not represented as untouched training data),3.198064166212716,1.817557702920551,3.077433459238663,4.02851629228437,0.0375,0.0,reference q99 per metric; raw row-level >=2/4 flag retained without inventing a condition-level aggregation threshold,NOT_APPLICABLE_NO_ENCODER_NORMALIZATION: frozen learned_encoder_input=NONE,INCONCLUSIVE_NO_FROZEN_CONDITION_LEVEL_AGGREGATION,DEVELOPMENT_DIAGNOSTIC_EVIDENCE
dose25,NEIGHBOR_ABLATED,B_seed3407,B,3407,embedding_norm_l2_deviation,Waymo Dynamic-v2 validation R0_DEVELOPMENT embedding bank (not represented as untouched training data),9.078464399735912,0.22346310365686683,0.8009747690072826,1.0263049572009342,0.0,0.0,reference q99 per metric; raw row-level >=2/4 flag retained without inventing a condition-level aggregation threshold,NOT_APPLICABLE_NO_ENCODER_NORMALIZATION: frozen learned_encoder_input=NONE,INCONCLUSIVE_NO_FROZEN_CONDITION_LEVEL_AGGREGATION,DEVELOPMENT_DIAGNOSTIC_EVIDENCE
dose25,NEIGHBOR_ABLATED,B_seed3407,B,3407,distance_to_r0_development_centroid,Waymo Dynamic-v2 validation R0_DEVELOPMENT embedding bank (not represented as untouched training data),10.747745663600764,3.4485000081943,3.6114132191181323,3.780284985683292,0.0,0.0,reference q99 per metric; raw row-level >=2/4 flag retained without inventing a condition-level aggregation threshold,NOT_APPLICABLE_NO_ENCODER_NORMALIZATION: frozen learned_encoder_input=NONE,INCONCLUSIVE_NO_FROZEN_CONDITION_LEVEL_AGGREGATION,DEVELOPMENT_DIAGNOSTIC_EVIDENCE
dose25,NEIGHBOR_ABLATED,B_seed3407,B,3407,pca_reconstruction_error,Waymo Dynamic-v2 validation R0_DEVELOPMENT embedding bank (not represented as untouched training data),0.061377174638682405,0.008663829003190095,0.011689729774898044,0.013073504538226238,0.0,0.0,reference q99 per metric; raw row-level >=2/4 flag retained without inventing a condition-level aggregation threshold,NOT_APPLICABLE_NO_ENCODER_NORMALIZATION: frozen learned_encoder_input=NONE,INCONCLUSIVE_NO_FROZEN_CONDITION_LEVEL_AGGREGATION,DEVELOPMENT_DIAGNOSTIC_EVIDENCE
dose25,NEIGHBOR_ABLATED,B_seed3407,B,3407,nearest_neighbor_distance,Waymo Dynamic-v2 validation R0_DEVELOPMENT embedding bank (not represented as untouched training data),3.198064166212716,0.874392770862795,1.16536123279278,1.2296001613286534,0.0,0.0,reference q99 per metric; raw row-level >=2/4 flag retained without inventing a condition-level aggregation threshold,NOT_APPLICABLE_NO_ENCODER_NORMALIZATION: frozen learned_encoder_input=NONE,INCONCLUSIVE_NO_FROZEN_CONDITION_LEVEL_AGGREGATION,DEVELOPMENT_DIAGNOSTIC_EVIDENCE
dose50,FULL,B_seed3407,B,3407,embedding_norm_l2_deviation,Waymo Dynamic-v2 validation R0_DEVELOPMENT embedding bank (not represented as untouched training data),9.078464399735912,2.084431546930074,6.666477919653928,7.955031142613477,0.0,0.0,reference q99 per metric; raw row-level >=2/4 flag retained without inventing a condition-level aggregation threshold,NOT_APPLICABLE_NO_ENCODER_NORMALIZATION: frozen learned_encoder_input=NONE,INCONCLUSIVE_NO_FROZEN_CONDITION_LEVEL_AGGREGATION,DEVELOPMENT_DIAGNOSTIC_EVIDENCE
dose50,FULL,B_seed3407,B,3407,distance_to_r0_development_centroid,Waymo Dynamic-v2 validation R0_DEVELOPMENT embedding bank (not represented as untouched training data),10.747745663600764,4.5012678321801065,8.28104853813647,9.491941473300503,0.0,0.0,reference q99 per metric; raw row-level >=2/4 flag retained without inventing a condition-level aggregation threshold,NOT_APPLICABLE_NO_ENCODER_NORMALIZATION: frozen learned_encoder_input=NONE,INCONCLUSIVE_NO_FROZEN_CONDITION_LEVEL_AGGREGATION,DEVELOPMENT_DIAGNOSTIC_EVIDENCE
dose50,FULL,B_seed3407,B,3407,pca_reconstruction_error,Waymo Dynamic-v2 validation R0_DEVELOPMENT embedding bank (not represented as untouched training data),0.061377174638682405,0.01997079925867292,0.055400842036706914,0.05983304564258906,0.0,0.0,reference q99 per metric; raw row-level >=2/4 flag retained without inventing a condition-level aggregation threshold,NOT_APPLICABLE_NO_ENCODER_NORMALIZATION: frozen learned_encoder_input=NONE,INCONCLUSIVE_NO_FROZEN_CONDITION_LEVEL_AGGREGATION,DEVELOPMENT_DIAGNOSTIC_EVIDENCE
dose50,FULL,B_seed3407,B,3407,nearest_neighbor_distance,Waymo Dynamic-v2 validation R0_DEVELOPMENT embedding bank (not represented as untouched training data),3.198064166212716,1.8407242158902188,3.1650697004600383,4.135765082417581,0.05,0.0,reference q99 per metric; raw row-level >=2/4 flag retained without inventing a condition-level aggregation threshold,NOT_APPLICABLE_NO_ENCODER_NORMALIZATION: frozen learned_encoder_input=NONE,INCONCLUSIVE_NO_FROZEN_CONDITION_LEVEL_AGGREGATION,DEVELOPMENT_DIAGNOSTIC_EVIDENCE
dose50,NEIGHBOR_ABLATED,B_seed3407,B,3407,embedding_norm_l2_deviation,Waymo Dynamic-v2 validation R0_DEVELOPMENT embedding bank (not represented as untouched training data),9.078464399735912,0.22301982164149248,0.8124839921461254,1.0251435516800678,0.0,0.0,reference q99 per metric; raw row-level >=2/4 flag retained without inventing a condition-level aggregation threshold,NOT_APPLICABLE_NO_ENCODER_NORMALIZATION: frozen learned_encoder_input=NONE,INCONCLUSIVE_NO_FROZEN_CONDITION_LEVEL_AGGREGATION,DEVELOPMENT_DIAGNOSTIC_EVIDENCE
dose50,NEIGHBOR_ABLATED,B_seed3407,B,3407,distance_to_r0_development_centroid,Waymo Dynamic-v2 validation R0_DEVELOPMENT embedding bank (not represented as untouched training data),10.747745663600764,3.44871150038069,3.6112986429775815,3.780501228169459,0.0,0.0,reference q99 per metric; raw row-level >=2/4 flag retained without inventing a condition-level aggregation threshold,NOT_APPLICABLE_NO_ENCODER_NORMALIZATION: frozen learned_encoder_input=NONE,INCONCLUSIVE_NO_FROZEN_CONDITION_LEVEL_AGGREGATION,DEVELOPMENT_DIAGNOSTIC_EVIDENCE
dose50,NEIGHBOR_ABLATED,B_seed3407,B,3407,pca_reconstruction_error,Waymo Dynamic-v2 validation R0_DEVELOPMENT embedding bank (not represented as untouched training data),0.061377174638682405,0.00866384115000738,0.01169371130913034,0.013075560887165303,0.0,0.0,reference q99 per metric; raw row-level >=2/4 flag retained without inventing a condition-level aggregation threshold,NOT_APPLICABLE_NO_ENCODER_NORMALIZATION: frozen learned_encoder_input=NONE,INCONCLUSIVE_NO_FROZEN_CONDITION_LEVEL_AGGREGATION,DEVELOPMENT_DIAGNOSTIC_EVIDENCE
dose50,NEIGHBOR_ABLATED,B_seed3407,B,3407,nearest_neighbor_distance,Waymo Dynamic-v2 validation R0_DEVELOPMENT embedding bank (not represented as untouched training data),3.198064166212716,0.8742851624504773,1.1648077408855544,1.2293861010251679,0.0,0.0,reference q99 per metric; raw row-level >=2/4 flag retained without inventing a condition-level aggregation threshold,NOT_APPLICABLE_NO_ENCODER_NORMALIZATION: frozen learned_encoder_input=NONE,INCONCLUSIVE_NO_FROZEN_CONDITION_LEVEL_AGGREGATION,DEVELOPMENT_DIAGNOSTIC_EVIDENCE
dose75,FULL,B_seed3407,B,3407,embedding_norm_l2_deviation,Waymo Dynamic-v2 validation R0_DEVELOPMENT embedding bank (not represented as untouched training data),9.078464399735912,2.1798001073238904,6.159016495820944,7.782635336791107,0.0,0.0,reference q99 per metric; raw row-level >=2/4 flag retained without inventing a condition-level aggregation threshold,NOT_APPLICABLE_NO_ENCODER_NORMALIZATION: frozen learned_encoder_input=NONE,INCONCLUSIVE_NO_FROZEN_CONDITION_LEVEL_AGGREGATION,DEVELOPMENT_DIAGNOSTIC_EVIDENCE
dose75,FULL,B_seed3407,B,3407,distance_to_r0_development_centroid,Waymo Dynamic-v2 validation R0_DEVELOPMENT embedding bank (not represented as untouched training data),10.747745663600764,4.584650518475925,7.667959877168029,9.332015193246237,0.0,0.0,reference q99 per metric; raw row-level >=2/4 flag retained without inventing a condition-level aggregation threshold,NOT_APPLICABLE_NO_ENCODER_NORMALIZATION: frozen learned_encoder_input=NONE,INCONCLUSIVE_NO_FROZEN_CONDITION_LEVEL_AGGREGATION,DEVELOPMENT_DIAGNOSTIC_EVIDENCE
dose75,FULL,B_seed3407,B,3407,pca_reconstruction_error,Waymo Dynamic-v2 validation R0_DEVELOPMENT embedding bank (not represented as untouched training data),0.061377174638682405,0.020784285332047153,0.05310610341043818,0.06069862307707603,0.0,0.0,reference q99 per metric; raw row-level >=2/4 flag retained without inventing a condition-level aggregation threshold,NOT_APPLICABLE_NO_ENCODER_NORMALIZATION: frozen learned_encoder_input=NONE,INCONCLUSIVE_NO_FROZEN_CONDITION_LEVEL_AGGREGATION,DEVELOPMENT_DIAGNOSTIC_EVIDENCE
dose75,FULL,B_seed3407,B,3407,nearest_neighbor_distance,Waymo Dynamic-v2 validation R0_DEVELOPMENT embedding bank (not represented as untouched training data),3.198064166212716,1.8473538932276994,3.0305892538415917,4.022591002225792,0.0375,0.0,reference q99 per metric; raw row-level >=2/4 flag retained without inventing a condition-level aggregation threshold,NOT_APPLICABLE_NO_ENCODER_NORMALIZATION: frozen learned_encoder_input=NONE,INCONCLUSIVE_NO_FROZEN_CONDITION_LEVEL_AGGREGATION,DEVELOPMENT_DIAGNOSTIC_EVIDENCE
dose75,NEIGHBOR_ABLATED,B_seed3407,B,3407,embedding_norm_l2_deviation,Waymo Dynamic-v2 validation R0_DEVELOPMENT embedding bank (not represented as untouched training data),9.078464399735912,0.22276014075014317,0.8324017204157333,1.0233542689744102,0.0,0.0,reference q99 per metric; raw row-level >=2/4 flag retained without inventing a condition-level aggregation threshold,NOT_APPLICABLE_NO_ENCODER_NORMALIZATION: frozen learned_encoder_input=NONE,INCONCLUSIVE_NO_FROZEN_CONDITION_LEVEL_AGGREGATION,DEVELOPMENT_DIAGNOSTIC_EVIDENCE
dose75,NEIGHBOR_ABLATED,B_seed3407,B,3407,distance_to_r0_development_centroid,Waymo Dynamic-v2 validation R0_DEVELOPMENT embedding bank (not represented as untouched training data),10.747745663600764,3.446720744292543,3.6114169273240497,3.7805744550800084,0.0,0.0,reference q99 per metric; raw row-level >=2/4 flag retained without inventing a condition-level aggregation threshold,NOT_APPLICABLE_NO_ENCODER_NORMALIZATION: frozen learned_encoder_input=NONE,INCONCLUSIVE_NO_FROZEN_CONDITION_LEVEL_AGGREGATION,DEVELOPMENT_DIAGNOSTIC_EVIDENCE
dose75,NEIGHBOR_ABLATED,B_seed3407,B,3407,pca_reconstruction_error,Waymo Dynamic-v2 validation R0_DEVELOPMENT embedding bank (not represented as untouched training data),0.061377174638682405,0.008661002530113763,0.01169596418307752,0.01307740428604967,0.0,0.0,reference q99 per metric; raw row-level >=2/4 flag retained without inventing a condition-level aggregation threshold,NOT_APPLICABLE_NO_ENCODER_NORMALIZATION: frozen learned_encoder_input=NONE,INCONCLUSIVE_NO_FROZEN_CONDITION_LEVEL_AGGREGATION,DEVELOPMENT_DIAGNOSTIC_EVIDENCE
dose75,NEIGHBOR_ABLATED,B_seed3407,B,3407,nearest_neighbor_distance,Waymo Dynamic-v2 validation R0_DEVELOPMENT embedding bank (not represented as untouched training data),3.198064166212716,0.8742092019871479,1.1652183905217215,1.228973138584663,0.0,0.0,reference q99 per metric; raw row-level >=2/4 flag retained without inventing a condition-level aggregation threshold,NOT_APPLICABLE_NO_ENCODER_NORMALIZATION: frozen learned_encoder_input=NONE,INCONCLUSIVE_NO_FROZEN_CONDITION_LEVEL_AGGREGATION,DEVELOPMENT_DIAGNOSTIC_EVIDENCE
dose100,FULL,B_seed3407,B,3407,embedding_norm_l2_deviation,Waymo Dynamic-v2 validation R0_DEVELOPMENT embedding bank (not represented as untouched training data),9.078464399735912,2.08618295031925,6.555149859909863,8.497980259732081,0.0,0.0,reference q99 per metric; raw row-level >=2/4 flag retained without inventing a condition-level aggregation threshold,NOT_APPLICABLE_NO_ENCODER_NORMALIZATION: frozen learned_encoder_input=NONE,INCONCLUSIVE_NO_FROZEN_CONDITION_LEVEL_AGGREGATION,DEVELOPMENT_DIAGNOSTIC_EVIDENCE
dose100,FULL,B_seed3407,B,3407,distance_to_r0_development_centroid,Waymo Dynamic-v2 validation R0_DEVELOPMENT embedding bank (not represented as untouched training data),10.747745663600764,4.548815483328552,8.239476221726994,9.927355047444454,0.0,0.0,reference q99 per metric; raw row-level >=2/4 flag retained without inventing a condition-level aggregation threshold,NOT_APPLICABLE_NO_ENCODER_NORMALIZATION: frozen learned_encoder_input=NONE,INCONCLUSIVE_NO_FROZEN_CONDITION_LEVEL_AGGREGATION,DEVELOPMENT_DIAGNOSTIC_EVIDENCE
dose100,FULL,B_seed3407,B,3407,pca_reconstruction_error,Waymo Dynamic-v2 validation R0_DEVELOPMENT embedding bank (not represented as untouched training data),0.061377174638682405,0.021627409537153364,0.0523246945562108,0.06231114281508924,0.0125,0.0,reference q99 per metric; raw row-level >=2/4 flag retained without inventing a condition-level aggregation threshold,NOT_APPLICABLE_NO_ENCODER_NORMALIZATION: frozen learned_encoder_input=NONE,INCONCLUSIVE_NO_FROZEN_CONDITION_LEVEL_AGGREGATION,DEVELOPMENT_DIAGNOSTIC_EVIDENCE
dose100,FULL,B_seed3407,B,3407,nearest_neighbor_distance,Waymo Dynamic-v2 validation R0_DEVELOPMENT embedding bank (not represented as untouched training data),3.198064166212716,1.7259874537441608,3.0607146044419506,4.048526200426945,0.0375,0.0,reference q99 per metric; raw row-level >=2/4 flag retained without inventing a condition-level aggregation threshold,NOT_APPLICABLE_NO_ENCODER_NORMALIZATION: frozen learned_encoder_input=NONE,INCONCLUSIVE_NO_FROZEN_CONDITION_LEVEL_AGGREGATION,DEVELOPMENT_DIAGNOSTIC_EVIDENCE
dose100,NEIGHBOR_ABLATED,B_seed3407,B,3407,embedding_norm_l2_deviation,Waymo Dynamic-v2 validation R0_DEVELOPMENT embedding bank (not represented as untouched training data),9.078464399735912,0.22245880838251875,0.8457758914586742,1.0225750149513022,0.0,0.0,reference q99 per metric; raw row-level >=2/4 flag retained without inventing a condition-level aggregation threshold,NOT_APPLICABLE_NO_ENCODER_NORMALIZATION: frozen learned_encoder_input=NONE,INCONCLUSIVE_NO_FROZEN_CONDITION_LEVEL_AGGREGATION,DEVELOPMENT_DIAGNOSTIC_EVIDENCE
dose100,NEIGHBOR_ABLATED,B_seed3407,B,3407,distance_to_r0_development_centroid,Waymo Dynamic-v2 validation R0_DEVELOPMENT embedding bank (not represented as untouched training data),10.747745663600764,3.4479210350807983,3.6115395495649323,3.78144795728906,0.0,0.0,reference q99 per metric; raw row-level >=2/4 flag retained without inventing a condition-level aggregation threshold,NOT_APPLICABLE_NO_ENCODER_NORMALIZATION: frozen learned_encoder_input=NONE,INCONCLUSIVE_NO_FROZEN_CONDITION_LEVEL_AGGREGATION,DEVELOPMENT_DIAGNOSTIC_EVIDENCE
dose100,NEIGHBOR_ABLATED,B_seed3407,B,3407,pca_reconstruction_error,Waymo Dynamic-v2 validation R0_DEVELOPMENT embedding bank (not represented as untouched training data),0.061377174638682405,0.008658285570883986,0.011693872505443556,0.013080127651046717,0.0,0.0,reference q99 per metric; raw row-level >=2/4 flag retained without inventing a condition-level aggregation threshold,NOT_APPLICABLE_NO_ENCODER_NORMALIZATION: frozen learned_encoder_input=NONE,INCONCLUSIVE_NO_FROZEN_CONDITION_LEVEL_AGGREGATION,DEVELOPMENT_DIAGNOSTIC_EVIDENCE
dose100,NEIGHBOR_ABLATED,B_seed3407,B,3407,nearest_neighbor_distance,Waymo Dynamic-v2 validation R0_DEVELOPMENT embedding bank (not represented as untouched training data),3.198064166212716,0.8735966752030455,1.1970802108180862,1.2292067824250923,0.0,0.0,reference q99 per metric; raw row-level >=2/4 flag retained without inventing a condition-level aggregation threshold,NOT_APPLICABLE_NO_ENCODER_NORMALIZATION: frozen learned_encoder_input=NONE,INCONCLUSIVE_NO_FROZEN_CONDITION_LEVEL_AGGREGATION,DEVELOPMENT_DIAGNOSTIC_EVIDENCE
dose0,FULL,B_seed3408,B,3408,embedding_norm_l2_deviation,Waymo Dynamic-v2 validation R0_DEVELOPMENT embedding bank (not represented as untouched training data),8.895735623557664,3.010618684646765,7.996166098671177,8.841315847138963,0.0,0.0,reference q99 per metric; raw row-level >=2/4 flag retained without inventing a condition-level aggregation threshold,NOT_APPLICABLE_NO_ENCODER_NORMALIZATION: frozen learned_encoder_input=NONE,INCONCLUSIVE_NO_FROZEN_CONDITION_LEVEL_AGGREGATION,DEVELOPMENT_DIAGNOSTIC_EVIDENCE
dose0,FULL,B_seed3408,B,3408,distance_to_r0_development_centroid,Waymo Dynamic-v2 validation R0_DEVELOPMENT embedding bank (not represented as untouched training data),11.09675801855438,5.5994503677224206,9.971199397708332,10.909901516325158,0.0,0.0,reference q99 per metric; raw row-level >=2/4 flag retained without inventing a condition-level aggregation threshold,NOT_APPLICABLE_NO_ENCODER_NORMALIZATION: frozen learned_encoder_input=NONE,INCONCLUSIVE_NO_FROZEN_CONDITION_LEVEL_AGGREGATION,DEVELOPMENT_DIAGNOSTIC_EVIDENCE
dose0,FULL,B_seed3408,B,3408,pca_reconstruction_error,Waymo Dynamic-v2 validation R0_DEVELOPMENT embedding bank (not represented as untouched training data),0.08719913048379511,0.025251498333471095,0.06741380582224783,0.07433389585749259,0.0,0.0,reference q99 per metric; raw row-level >=2/4 flag retained without inventing a condition-level aggregation threshold,NOT_APPLICABLE_NO_ENCODER_NORMALIZATION: frozen learned_encoder_input=NONE,INCONCLUSIVE_NO_FROZEN_CONDITION_LEVEL_AGGREGATION,DEVELOPMENT_DIAGNOSTIC_EVIDENCE
dose0,FULL,B_seed3408,B,3408,nearest_neighbor_distance,Waymo Dynamic-v2 validation R0_DEVELOPMENT embedding bank (not represented as untouched training data),3.509234588809334,2.4293059403800523,3.749126753266397,4.455897903001835,0.1375,0.0,reference q99 per metric; raw row-level >=2/4 flag retained without inventing a condition-level aggregation threshold,NOT_APPLICABLE_NO_ENCODER_NORMALIZATION: frozen learned_encoder_input=NONE,INCONCLUSIVE_NO_FROZEN_CONDITION_LEVEL_AGGREGATION,DEVELOPMENT_DIAGNOSTIC_EVIDENCE
dose0,NEIGHBOR_ABLATED,B_seed3408,B,3408,embedding_norm_l2_deviation,Waymo Dynamic-v2 validation R0_DEVELOPMENT embedding bank (not represented as untouched training data),8.895735623557664,0.44839809903320127,1.1229921850143285,1.4427264561509006,0.0,0.0,reference q99 per metric; raw row-level >=2/4 flag retained without inventing a condition-level aggregation threshold,NOT_APPLICABLE_NO_ENCODER_NORMALIZATION: frozen learned_encoder_input=NONE,INCONCLUSIVE_NO_FROZEN_CONDITION_LEVEL_AGGREGATION,DEVELOPMENT_DIAGNOSTIC_EVIDENCE
dose0,NEIGHBOR_ABLATED,B_seed3408,B,3408,distance_to_r0_development_centroid,Waymo Dynamic-v2 validation R0_DEVELOPMENT embedding bank (not represented as untouched training data),11.09675801855438,3.949459431493106,4.48229914108849,4.562227892108489,0.0,0.0,reference q99 per metric; raw row-level >=2/4 flag retained without inventing a condition-level aggregation threshold,NOT_APPLICABLE_NO_ENCODER_NORMALIZATION: frozen learned_encoder_input=NONE,INCONCLUSIVE_NO_FROZEN_CONDITION_LEVEL_AGGREGATION,DEVELOPMENT_DIAGNOSTIC_EVIDENCE
dose0,NEIGHBOR_ABLATED,B_seed3408,B,3408,pca_reconstruction_error,Waymo Dynamic-v2 validation R0_DEVELOPMENT embedding bank (not represented as untouched training data),0.08719913048379511,0.012275397472942241,0.021155832391412995,0.02517375709888778,0.0,0.0,reference q99 per metric; raw row-level >=2/4 flag retained without inventing a condition-level aggregation threshold,NOT_APPLICABLE_NO_ENCODER_NORMALIZATION: frozen learned_encoder_input=NONE,INCONCLUSIVE_NO_FROZEN_CONDITION_LEVEL_AGGREGATION,DEVELOPMENT_DIAGNOSTIC_EVIDENCE
dose0,NEIGHBOR_ABLATED,B_seed3408,B,3408,nearest_neighbor_distance,Waymo Dynamic-v2 validation R0_DEVELOPMENT embedding bank (not represented as untouched training data),3.509234588809334,1.0150140644315782,1.620225023719462,1.9216194060127256,0.0,0.0,reference q99 per metric; raw row-level >=2/4 flag retained without inventing a condition-level aggregation threshold,NOT_APPLICABLE_NO_ENCODER_NORMALIZATION: frozen learned_encoder_input=NONE,INCONCLUSIVE_NO_FROZEN_CONDITION_LEVEL_AGGREGATION,DEVELOPMENT_DIAGNOSTIC_EVIDENCE
dose25,FULL,B_seed3408,B,3408,embedding_norm_l2_deviation,Waymo Dynamic-v2 validation R0_DEVELOPMENT embedding bank (not represented as untouched training data),8.895735623557664,2.976625010607024,7.2822179449831115,8.833502205948948,0.0,0.0,reference q99 per metric; raw row-level >=2/4 flag retained without inventing a condition-level aggregation threshold,NOT_APPLICABLE_NO_ENCODER_NORMALIZATION: frozen learned_encoder_input=NONE,INCONCLUSIVE_NO_FROZEN_CONDITION_LEVEL_AGGREGATION,DEVELOPMENT_DIAGNOSTIC_EVIDENCE
dose25,FULL,B_seed3408,B,3408,distance_to_r0_development_centroid,Waymo Dynamic-v2 validation R0_DEVELOPMENT embedding bank (not represented as untouched training data),11.09675801855438,5.59327914038912,9.348572064144705,10.70177473356016,0.0,0.0,reference q99 per metric; raw row-level >=2/4 flag retained without inventing a condition-level aggregation threshold,NOT_APPLICABLE_NO_ENCODER_NORMALIZATION: frozen learned_encoder_input=NONE,INCONCLUSIVE_NO_FROZEN_CONDITION_LEVEL_AGGREGATION,DEVELOPMENT_DIAGNOSTIC_EVIDENCE
dose25,FULL,B_seed3408,B,3408,pca_reconstruction_error,Waymo Dynamic-v2 validation R0_DEVELOPMENT embedding bank (not represented as untouched training data),0.08719913048379511,0.025310472492659254,0.06399297069408708,0.07965781914747253,0.0,0.0,reference q99 per metric; raw row-level >=2/4 flag retained without inventing a condition-level aggregation threshold,NOT_APPLICABLE_NO_ENCODER_NORMALIZATION: frozen learned_encoder_input=NONE,INCONCLUSIVE_NO_FROZEN_CONDITION_LEVEL_AGGREGATION,DEVELOPMENT_DIAGNOSTIC_EVIDENCE
dose25,FULL,B_seed3408,B,3408,nearest_neighbor_distance,Waymo Dynamic-v2 validation R0_DEVELOPMENT embedding bank (not represented as untouched training data),3.509234588809334,2.439937304137951,3.6879766816150794,4.55881211428109,0.1125,0.0,reference q99 per metric; raw row-level >=2/4 flag retained without inventing a condition-level aggregation threshold,NOT_APPLICABLE_NO_ENCODER_NORMALIZATION: frozen learned_encoder_input=NONE,INCONCLUSIVE_NO_FROZEN_CONDITION_LEVEL_AGGREGATION,DEVELOPMENT_DIAGNOSTIC_EVIDENCE
dose25,NEIGHBOR_ABLATED,B_seed3408,B,3408,embedding_norm_l2_deviation,Waymo Dynamic-v2 validation R0_DEVELOPMENT embedding bank (not represented as untouched training data),8.895735623557664,0.44901853212939447,1.1234095367352972,1.4430610755475985,0.0,0.0,reference q99 per metric; raw row-level >=2/4 flag retained without inventing a condition-level aggregation threshold,NOT_APPLICABLE_NO_ENCODER_NORMALIZATION: frozen learned_encoder_input=NONE,INCONCLUSIVE_NO_FROZEN_CONDITION_LEVEL_AGGREGATION,DEVELOPMENT_DIAGNOSTIC_EVIDENCE
dose25,NEIGHBOR_ABLATED,B_seed3408,B,3408,distance_to_r0_development_centroid,Waymo Dynamic-v2 validation R0_DEVELOPMENT embedding bank (not represented as untouched training data),11.09675801855438,3.949647344334387,4.482568028768471,4.562661288284858,0.0,0.0,reference q99 per metric; raw row-level >=2/4 flag retained without inventing a condition-level aggregation threshold,NOT_APPLICABLE_NO_ENCODER_NORMALIZATION: frozen learned_encoder_input=NONE,INCONCLUSIVE_NO_FROZEN_CONDITION_LEVEL_AGGREGATION,DEVELOPMENT_DIAGNOSTIC_EVIDENCE
dose25,NEIGHBOR_ABLATED,B_seed3408,B,3408,pca_reconstruction_error,Waymo Dynamic-v2 validation R0_DEVELOPMENT embedding bank (not represented as untouched training data),0.08719913048379511,0.012280217936966188,0.021147300550791413,0.025140973812546534,0.0,0.0,reference q99 per metric; raw row-level >=2/4 flag retained without inventing a condition-level aggregation threshold,NOT_APPLICABLE_NO_ENCODER_NORMALIZATION: frozen learned_encoder_input=NONE,INCONCLUSIVE_NO_FROZEN_CONDITION_LEVEL_AGGREGATION,DEVELOPMENT_DIAGNOSTIC_EVIDENCE
dose25,NEIGHBOR_ABLATED,B_seed3408,B,3408,nearest_neighbor_distance,Waymo Dynamic-v2 validation R0_DEVELOPMENT embedding bank (not represented as untouched training data),3.509234588809334,1.0140793648157778,1.6111179603095322,1.890370873393697,0.0,0.0,reference q99 per metric; raw row-level >=2/4 flag retained without inventing a condition-level aggregation threshold,NOT_APPLICABLE_NO_ENCODER_NORMALIZATION: frozen learned_encoder_input=NONE,INCONCLUSIVE_NO_FROZEN_CONDITION_LEVEL_AGGREGATION,DEVELOPMENT_DIAGNOSTIC_EVIDENCE
dose50,FULL,B_seed3408,B,3408,embedding_norm_l2_deviation,Waymo Dynamic-v2 validation R0_DEVELOPMENT embedding bank (not represented as untouched training data),8.895735623557664,3.014555704899715,7.398776082921069,10.341618151720253,0.025,0.025,reference q99 per metric; raw row-level >=2/4 flag retained without inventing a condition-level aggregation threshold,NOT_APPLICABLE_NO_ENCODER_NORMALIZATION: frozen learned_encoder_input=NONE,INCONCLUSIVE_NO_FROZEN_CONDITION_LEVEL_AGGREGATION,DEVELOPMENT_DIAGNOSTIC_EVIDENCE
dose50,FULL,B_seed3408,B,3408,distance_to_r0_development_centroid,Waymo Dynamic-v2 validation R0_DEVELOPMENT embedding bank (not represented as untouched training data),11.09675801855438,5.574188829559224,9.456436338354461,12.13027502654043,0.0125,0.025,reference q99 per metric; raw row-level >=2/4 flag retained without inventing a condition-level aggregation threshold,NOT_APPLICABLE_NO_ENCODER_NORMALIZATION: frozen learned_encoder_input=NONE,INCONCLUSIVE_NO_FROZEN_CONDITION_LEVEL_AGGREGATION,DEVELOPMENT_DIAGNOSTIC_EVIDENCE
dose50,FULL,B_seed3408,B,3408,pca_reconstruction_error,Waymo Dynamic-v2 validation R0_DEVELOPMENT embedding bank (not represented as untouched training data),0.08719913048379511,0.02722904768470038,0.061435687187489624,0.07452622896938335,0.0,0.025,reference q99 per metric; raw row-level >=2/4 flag retained without inventing a condition-level aggregation threshold,NOT_APPLICABLE_NO_ENCODER_NORMALIZATION: frozen learned_encoder_input=NONE,INCONCLUSIVE_NO_FROZEN_CONDITION_LEVEL_AGGREGATION,DEVELOPMENT_DIAGNOSTIC_EVIDENCE
dose50,FULL,B_seed3408,B,3408,nearest_neighbor_distance,Waymo Dynamic-v2 validation R0_DEVELOPMENT embedding bank (not represented as untouched training data),3.509234588809334,2.4350364702423555,3.7763775599234095,4.562031103513469,0.1375,0.025,reference q99 per metric; raw row-level >=2/4 flag retained without inventing a condition-level aggregation threshold,NOT_APPLICABLE_NO_ENCODER_NORMALIZATION: frozen learned_encoder_input=NONE,INCONCLUSIVE_NO_FROZEN_CONDITION_LEVEL_AGGREGATION,DEVELOPMENT_DIAGNOSTIC_EVIDENCE
dose50,NEIGHBOR_ABLATED,B_seed3408,B,3408,embedding_norm_l2_deviation,Waymo Dynamic-v2 validation R0_DEVELOPMENT embedding bank (not represented as untouched training data),8.895735623557664,0.4483691534098675,1.1236661761965854,1.4424305070314105,0.0,0.0,reference q99 per metric; raw row-level >=2/4 flag retained without inventing a condition-level aggregation threshold,NOT_APPLICABLE_NO_ENCODER_NORMALIZATION: frozen learned_encoder_input=NONE,INCONCLUSIVE_NO_FROZEN_CONDITION_LEVEL_AGGREGATION,DEVELOPMENT_DIAGNOSTIC_EVIDENCE
dose50,NEIGHBOR_ABLATED,B_seed3408,B,3408,distance_to_r0_development_centroid,Waymo Dynamic-v2 validation R0_DEVELOPMENT embedding bank (not represented as untouched training data),11.09675801855438,3.9499203484965872,4.482153446234526,4.562912028915589,0.0,0.0,reference q99 per metric; raw row-level >=2/4 flag retained without inventing a condition-level aggregation threshold,NOT_APPLICABLE_NO_ENCODER_NORMALIZATION: frozen learned_encoder_input=NONE,INCONCLUSIVE_NO_FROZEN_CONDITION_LEVEL_AGGREGATION,DEVELOPMENT_DIAGNOSTIC_EVIDENCE
dose50,NEIGHBOR_ABLATED,B_seed3408,B,3408,pca_reconstruction_error,Waymo Dynamic-v2 validation R0_DEVELOPMENT embedding bank (not represented as untouched training data),0.08719913048379511,0.012294268449681544,0.02114263684030663,0.025128496129233215,0.0,0.0,reference q99 per metric; raw row-level >=2/4 flag retained without inventing a condition-level aggregation threshold,NOT_APPLICABLE_NO_ENCODER_NORMALIZATION: frozen learned_encoder_input=NONE,INCONCLUSIVE_NO_FROZEN_CONDITION_LEVEL_AGGREGATION,DEVELOPMENT_DIAGNOSTIC_EVIDENCE
dose50,NEIGHBOR_ABLATED,B_seed3408,B,3408,nearest_neighbor_distance,Waymo Dynamic-v2 validation R0_DEVELOPMENT embedding bank (not represented as untouched training data),3.509234588809334,1.0138737310830221,1.6016085606595483,1.8674111919498555,0.0,0.0,reference q99 per metric; raw row-level >=2/4 flag retained without inventing a condition-level aggregation threshold,NOT_APPLICABLE_NO_ENCODER_NORMALIZATION: frozen learned_encoder_input=NONE,INCONCLUSIVE_NO_FROZEN_CONDITION_LEVEL_AGGREGATION,DEVELOPMENT_DIAGNOSTIC_EVIDENCE
dose75,FULL,B_seed3408,B,3408,embedding_norm_l2_deviation,Waymo Dynamic-v2 validation R0_DEVELOPMENT embedding bank (not represented as untouched training data),8.895735623557664,3.2293718071352835,8.120165567923653,8.969499832673359,0.025,0.0125,reference q99 per metric; raw row-level >=2/4 flag retained without inventing a condition-level aggregation threshold,NOT_APPLICABLE_NO_ENCODER_NORMALIZATION: frozen learned_encoder_input=NONE,INCONCLUSIVE_NO_FROZEN_CONDITION_LEVEL_AGGREGATION,DEVELOPMENT_DIAGNOSTIC_EVIDENCE
dose75,FULL,B_seed3408,B,3408,distance_to_r0_development_centroid,Waymo Dynamic-v2 validation R0_DEVELOPMENT embedding bank (not represented as untouched training data),11.09675801855438,5.771358534878846,10.040339270948593,10.870672477090233,0.0,0.0125,reference q99 per metric; raw row-level >=2/4 flag retained without inventing a condition-level aggregation threshold,NOT_APPLICABLE_NO_ENCODER_NORMALIZATION: frozen learned_encoder_input=NONE,INCONCLUSIVE_NO_FROZEN_CONDITION_LEVEL_AGGREGATION,DEVELOPMENT_DIAGNOSTIC_EVIDENCE
dose75,FULL,B_seed3408,B,3408,pca_reconstruction_error,Waymo Dynamic-v2 validation R0_DEVELOPMENT embedding bank (not represented as untouched training data),0.08719913048379511,0.02966949628658394,0.06010011900911473,0.07395941401201116,0.0,0.0125,reference q99 per metric; raw row-level >=2/4 flag retained without inventing a condition-level aggregation threshold,NOT_APPLICABLE_NO_ENCODER_NORMALIZATION: frozen learned_encoder_input=NONE,INCONCLUSIVE_NO_FROZEN_CONDITION_LEVEL_AGGREGATION,DEVELOPMENT_DIAGNOSTIC_EVIDENCE
dose75,FULL,B_seed3408,B,3408,nearest_neighbor_distance,Waymo Dynamic-v2 validation R0_DEVELOPMENT embedding bank (not represented as untouched training data),3.509234588809334,2.478114873342829,3.8231172323175953,4.663619291746284,0.15,0.0125,reference q99 per metric; raw row-level >=2/4 flag retained without inventing a condition-level aggregation threshold,NOT_APPLICABLE_NO_ENCODER_NORMALIZATION: frozen learned_encoder_input=NONE,INCONCLUSIVE_NO_FROZEN_CONDITION_LEVEL_AGGREGATION,DEVELOPMENT_DIAGNOSTIC_EVIDENCE
dose75,NEIGHBOR_ABLATED,B_seed3408,B,3408,embedding_norm_l2_deviation,Waymo Dynamic-v2 validation R0_DEVELOPMENT embedding bank (not represented as untouched training data),8.895735623557664,0.44791337908512485,1.1270633164304997,1.4436539201388356,0.0,0.0,reference q99 per metric; raw row-level >=2/4 flag retained without inventing a condition-level aggregation threshold,NOT_APPLICABLE_NO_ENCODER_NORMALIZATION: frozen learned_encoder_input=NONE,INCONCLUSIVE_NO_FROZEN_CONDITION_LEVEL_AGGREGATION,DEVELOPMENT_DIAGNOSTIC_EVIDENCE
dose75,NEIGHBOR_ABLATED,B_seed3408,B,3408,distance_to_r0_development_centroid,Waymo Dynamic-v2 validation R0_DEVELOPMENT embedding bank (not represented as untouched training data),11.09675801855438,3.950238383445231,4.481733969356249,4.563331539714785,0.0,0.0,reference q99 per metric; raw row-level >=2/4 flag retained without inventing a condition-level aggregation threshold,NOT_APPLICABLE_NO_ENCODER_NORMALIZATION: frozen learned_encoder_input=NONE,INCONCLUSIVE_NO_FROZEN_CONDITION_LEVEL_AGGREGATION,DEVELOPMENT_DIAGNOSTIC_EVIDENCE
dose75,NEIGHBOR_ABLATED,B_seed3408,B,3408,pca_reconstruction_error,Waymo Dynamic-v2 validation R0_DEVELOPMENT embedding bank (not represented as untouched training data),0.08719913048379511,0.012299962530703628,0.0211384828350589,0.025132627762510174,0.0,0.0,reference q99 per metric; raw row-level >=2/4 flag retained without inventing a condition-level aggregation threshold,NOT_APPLICABLE_NO_ENCODER_NORMALIZATION: frozen learned_encoder_input=NONE,INCONCLUSIVE_NO_FROZEN_CONDITION_LEVEL_AGGREGATION,DEVELOPMENT_DIAGNOSTIC_EVIDENCE
dose75,NEIGHBOR_ABLATED,B_seed3408,B,3408,nearest_neighbor_distance,Waymo Dynamic-v2 validation R0_DEVELOPMENT embedding bank (not represented as untouched training data),3.509234588809334,1.013429181972643,1.5955569429230914,1.8353735512248903,0.0,0.0,reference q99 per metric; raw row-level >=2/4 flag retained without inventing a condition-level aggregation threshold,NOT_APPLICABLE_NO_ENCODER_NORMALIZATION: frozen learned_encoder_input=NONE,INCONCLUSIVE_NO_FROZEN_CONDITION_LEVEL_AGGREGATION,DEVELOPMENT_DIAGNOSTIC_EVIDENCE
dose100,FULL,B_seed3408,B,3408,embedding_norm_l2_deviation,Waymo Dynamic-v2 validation R0_DEVELOPMENT embedding bank (not represented as untouched training data),8.895735623557664,3.2220202510729132,8.155241649543443,9.036580106230451,0.0375,0.025,reference q99 per metric; raw row-level >=2/4 flag retained without inventing a condition-level aggregation threshold,NOT_APPLICABLE_NO_ENCODER_NORMALIZATION: frozen learned_encoder_input=NONE,INCONCLUSIVE_NO_FROZEN_CONDITION_LEVEL_AGGREGATION,DEVELOPMENT_DIAGNOSTIC_EVIDENCE
dose100,FULL,B_seed3408,B,3408,distance_to_r0_development_centroid,Waymo Dynamic-v2 validation R0_DEVELOPMENT embedding bank (not represented as untouched training data),11.09675801855438,5.762008801430319,10.173446553301993,10.758398481114252,0.0,0.025,reference q99 per metric; raw row-level >=2/4 flag retained without inventing a condition-level aggregation threshold,NOT_APPLICABLE_NO_ENCODER_NORMALIZATION: frozen learned_encoder_input=NONE,INCONCLUSIVE_NO_FROZEN_CONDITION_LEVEL_AGGREGATION,DEVELOPMENT_DIAGNOSTIC_EVIDENCE
dose100,FULL,B_seed3408,B,3408,pca_reconstruction_error,Waymo Dynamic-v2 validation R0_DEVELOPMENT embedding bank (not represented as untouched training data),0.08719913048379511,0.029472045965561217,0.06633980297529125,0.07379519592691673,0.0,0.025,reference q99 per metric; raw row-level >=2/4 flag retained without inventing a condition-level aggregation threshold,NOT_APPLICABLE_NO_ENCODER_NORMALIZATION: frozen learned_encoder_input=NONE,INCONCLUSIVE_NO_FROZEN_CONDITION_LEVEL_AGGREGATION,DEVELOPMENT_DIAGNOSTIC_EVIDENCE
dose100,FULL,B_seed3408,B,3408,nearest_neighbor_distance,Waymo Dynamic-v2 validation R0_DEVELOPMENT embedding bank (not represented as untouched training data),3.509234588809334,2.452149041107401,3.7266117468690125,4.427894196797323,0.1375,0.025,reference q99 per metric; raw row-level >=2/4 flag retained without inventing a condition-level aggregation threshold,NOT_APPLICABLE_NO_ENCODER_NORMALIZATION: frozen learned_encoder_input=NONE,INCONCLUSIVE_NO_FROZEN_CONDITION_LEVEL_AGGREGATION,DEVELOPMENT_DIAGNOSTIC_EVIDENCE
dose100,NEIGHBOR_ABLATED,B_seed3408,B,3408,embedding_norm_l2_deviation,Waymo Dynamic-v2 validation R0_DEVELOPMENT embedding bank (not represented as untouched training data),8.895735623557664,0.4465064014293709,1.1264433716061304,1.4467040945911247,0.0,0.0,reference q99 per metric; raw row-level >=2/4 flag retained without inventing a condition-level aggregation threshold,NOT_APPLICABLE_NO_ENCODER_NORMALIZATION: frozen learned_encoder_input=NONE,INCONCLUSIVE_NO_FROZEN_CONDITION_LEVEL_AGGREGATION,DEVELOPMENT_DIAGNOSTIC_EVIDENCE
dose100,NEIGHBOR_ABLATED,B_seed3408,B,3408,distance_to_r0_development_centroid,Waymo Dynamic-v2 validation R0_DEVELOPMENT embedding bank (not represented as untouched training data),11.09675801855438,3.9510895658849465,4.481563485909179,4.563737547021439,0.0,0.0,reference q99 per metric; raw row-level >=2/4 flag retained without inventing a condition-level aggregation threshold,NOT_APPLICABLE_NO_ENCODER_NORMALIZATION: frozen learned_encoder_input=NONE,INCONCLUSIVE_NO_FROZEN_CONDITION_LEVEL_AGGREGATION,DEVELOPMENT_DIAGNOSTIC_EVIDENCE
dose100,NEIGHBOR_ABLATED,B_seed3408,B,3408,pca_reconstruction_error,Waymo Dynamic-v2 validation R0_DEVELOPMENT embedding bank (not represented as untouched training data),0.08719913048379511,0.012303928649742406,0.021135532969009566,0.025145164783100755,0.0,0.0,reference q99 per metric; raw row-level >=2/4 flag retained without inventing a condition-level aggregation threshold,NOT_APPLICABLE_NO_ENCODER_NORMALIZATION: frozen learned_encoder_input=NONE,INCONCLUSIVE_NO_FROZEN_CONDITION_LEVEL_AGGREGATION,DEVELOPMENT_DIAGNOSTIC_EVIDENCE
dose100,NEIGHBOR_ABLATED,B_seed3408,B,3408,nearest_neighbor_distance,Waymo Dynamic-v2 validation R0_DEVELOPMENT embedding bank (not represented as untouched training data),3.509234588809334,1.0131045708549484,1.5625624717643671,1.8682909024966927,0.0,0.0,reference q99 per metric; raw row-level >=2/4 flag retained without inventing a condition-level aggregation threshold,NOT_APPLICABLE_NO_ENCODER_NORMALIZATION: frozen learned_encoder_input=NONE,INCONCLUSIVE_NO_FROZEN_CONDITION_LEVEL_AGGREGATION,DEVELOPMENT_DIAGNOSTIC_EVIDENCE
dose0,FULL,B_seed3409,B,3409,embedding_norm_l2_deviation,Waymo Dynamic-v2 validation R0_DEVELOPMENT embedding bank (not represented as untouched training data),9.068678068435055,3.2998409348387314,7.518629521724433,10.802999190230889,0.0125,0.0875,reference q99 per metric; raw row-level >=2/4 flag retained without inventing a condition-level aggregation threshold,NOT_APPLICABLE_NO_ENCODER_NORMALIZATION: frozen learned_encoder_input=NONE,INCONCLUSIVE_NO_FROZEN_CONDITION_LEVEL_AGGREGATION,DEVELOPMENT_DIAGNOSTIC_EVIDENCE
dose0,FULL,B_seed3409,B,3409,distance_to_r0_development_centroid,Waymo Dynamic-v2 validation R0_DEVELOPMENT embedding bank (not represented as untouched training data),10.796327694864983,5.409855286915725,9.06801279326803,12.25732655710911,0.0125,0.0875,reference q99 per metric; raw row-level >=2/4 flag retained without inventing a condition-level aggregation threshold,NOT_APPLICABLE_NO_ENCODER_NORMALIZATION: frozen learned_encoder_input=NONE,INCONCLUSIVE_NO_FROZEN_CONDITION_LEVEL_AGGREGATION,DEVELOPMENT_DIAGNOSTIC_EVIDENCE
dose0,FULL,B_seed3409,B,3409,pca_reconstruction_error,Waymo Dynamic-v2 validation R0_DEVELOPMENT embedding bank (not represented as untouched training data),0.07876530523782235,0.03084912935018426,0.08695491129812213,0.1302948944022842,0.0875,0.0875,reference q99 per metric; raw row-level >=2/4 flag retained without inventing a condition-level aggregation threshold,NOT_APPLICABLE_NO_ENCODER_NORMALIZATION: frozen learned_encoder_input=NONE,INCONCLUSIVE_NO_FROZEN_CONDITION_LEVEL_AGGREGATION,DEVELOPMENT_DIAGNOSTIC_EVIDENCE
dose0,FULL,B_seed3409,B,3409,nearest_neighbor_distance,Waymo Dynamic-v2 validation R0_DEVELOPMENT embedding bank (not represented as untouched training data),3.2013053043797246,2.8337031918704723,4.6598596516103505,5.575860757149521,0.375,0.0875,reference q99 per metric; raw row-level >=2/4 flag retained without inventing a condition-level aggregation threshold,NOT_APPLICABLE_NO_ENCODER_NORMALIZATION: frozen learned_encoder_input=NONE,INCONCLUSIVE_NO_FROZEN_CONDITION_LEVEL_AGGREGATION,DEVELOPMENT_DIAGNOSTIC_EVIDENCE
dose0,NEIGHBOR_ABLATED,B_seed3409,B,3409,embedding_norm_l2_deviation,Waymo Dynamic-v2 validation R0_DEVELOPMENT embedding bank (not represented as untouched training data),9.068678068435055,0.841421452986848,2.550735739028039,3.1401563580423764,0.0,0.0,reference q99 per metric; raw row-level >=2/4 flag retained without inventing a condition-level aggregation threshold,NOT_APPLICABLE_NO_ENCODER_NORMALIZATION: frozen learned_encoder_input=NONE,INCONCLUSIVE_NO_FROZEN_CONDITION_LEVEL_AGGREGATION,DEVELOPMENT_DIAGNOSTIC_EVIDENCE
dose0,NEIGHBOR_ABLATED,B_seed3409,B,3409,distance_to_r0_development_centroid,Waymo Dynamic-v2 validation R0_DEVELOPMENT embedding bank (not represented as untouched training data),10.796327694864983,3.625151067075218,4.843025971984939,5.360398708788366,0.0,0.0,reference q99 per metric; raw row-level >=2/4 flag retained without inventing a condition-level aggregation threshold,NOT_APPLICABLE_NO_ENCODER_NORMALIZATION: frozen learned_encoder_input=NONE,INCONCLUSIVE_NO_FROZEN_CONDITION_LEVEL_AGGREGATION,DEVELOPMENT_DIAGNOSTIC_EVIDENCE
dose0,NEIGHBOR_ABLATED,B_seed3409,B,3409,pca_reconstruction_error,Waymo Dynamic-v2 validation R0_DEVELOPMENT embedding bank (not represented as untouched training data),0.07876530523782235,0.0141553193533515,0.038982105650969656,0.046437041760209734,0.0,0.0,reference q99 per metric; raw row-level >=2/4 flag retained without inventing a condition-level aggregation threshold,NOT_APPLICABLE_NO_ENCODER_NORMALIZATION: frozen learned_encoder_input=NONE,INCONCLUSIVE_NO_FROZEN_CONDITION_LEVEL_AGGREGATION,DEVELOPMENT_DIAGNOSTIC_EVIDENCE
dose0,NEIGHBOR_ABLATED,B_seed3409,B,3409,nearest_neighbor_distance,Waymo Dynamic-v2 validation R0_DEVELOPMENT embedding bank (not represented as untouched training data),3.2013053043797246,1.664930431632634,2.5708430284551906,2.7814646495443003,0.0,0.0,reference q99 per metric; raw row-level >=2/4 flag retained without inventing a condition-level aggregation threshold,NOT_APPLICABLE_NO_ENCODER_NORMALIZATION: frozen learned_encoder_input=NONE,INCONCLUSIVE_NO_FROZEN_CONDITION_LEVEL_AGGREGATION,DEVELOPMENT_DIAGNOSTIC_EVIDENCE
dose25,FULL,B_seed3409,B,3409,embedding_norm_l2_deviation,Waymo Dynamic-v2 validation R0_DEVELOPMENT embedding bank (not represented as untouched training data),9.068678068435055,3.3288959024124933,7.923927082241106,10.5570792773347,0.0125,0.075,reference q99 per metric; raw row-level >=2/4 flag retained without inventing a condition-level aggregation threshold,NOT_APPLICABLE_NO_ENCODER_NORMALIZATION: frozen learned_encoder_input=NONE,INCONCLUSIVE_NO_FROZEN_CONDITION_LEVEL_AGGREGATION,DEVELOPMENT_DIAGNOSTIC_EVIDENCE
dose25,FULL,B_seed3409,B,3409,distance_to_r0_development_centroid,Waymo Dynamic-v2 validation R0_DEVELOPMENT embedding bank (not represented as untouched training data),10.796327694864983,5.465329692457307,9.437815339671806,11.897556756892474,0.0125,0.075,reference q99 per metric; raw row-level >=2/4 flag retained without inventing a condition-level aggregation threshold,NOT_APPLICABLE_NO_ENCODER_NORMALIZATION: frozen learned_encoder_input=NONE,INCONCLUSIVE_NO_FROZEN_CONDITION_LEVEL_AGGREGATION,DEVELOPMENT_DIAGNOSTIC_EVIDENCE
dose25,FULL,B_seed3409,B,3409,pca_reconstruction_error,Waymo Dynamic-v2 validation R0_DEVELOPMENT embedding bank (not represented as untouched training data),0.07876530523782235,0.03058781981229941,0.0809570436789035,0.1302661956789383,0.0625,0.075,reference q99 per metric; raw row-level >=2/4 flag retained without inventing a condition-level aggregation threshold,NOT_APPLICABLE_NO_ENCODER_NORMALIZATION: frozen learned_encoder_input=NONE,INCONCLUSIVE_NO_FROZEN_CONDITION_LEVEL_AGGREGATION,DEVELOPMENT_DIAGNOSTIC_EVIDENCE
dose25,FULL,B_seed3409,B,3409,nearest_neighbor_distance,Waymo Dynamic-v2 validation R0_DEVELOPMENT embedding bank (not represented as untouched training data),3.2013053043797246,2.78630881865167,4.644690573460893,5.2790903040359725,0.375,0.075,reference q99 per metric; raw row-level >=2/4 flag retained without inventing a condition-level aggregation threshold,NOT_APPLICABLE_NO_ENCODER_NORMALIZATION: frozen learned_encoder_input=NONE,INCONCLUSIVE_NO_FROZEN_CONDITION_LEVEL_AGGREGATION,DEVELOPMENT_DIAGNOSTIC_EVIDENCE
dose25,NEIGHBOR_ABLATED,B_seed3409,B,3409,embedding_norm_l2_deviation,Waymo Dynamic-v2 validation R0_DEVELOPMENT embedding bank (not represented as untouched training data),9.068678068435055,0.8307969950184,2.564345961943817,3.144725156594455,0.0,0.0,reference q99 per metric; raw row-level >=2/4 flag retained without inventing a condition-level aggregation threshold,NOT_APPLICABLE_NO_ENCODER_NORMALIZATION: frozen learned_encoder_input=NONE,INCONCLUSIVE_NO_FROZEN_CONDITION_LEVEL_AGGREGATION,DEVELOPMENT_DIAGNOSTIC_EVIDENCE
dose25,NEIGHBOR_ABLATED,B_seed3409,B,3409,distance_to_r0_development_centroid,Waymo Dynamic-v2 validation R0_DEVELOPMENT embedding bank (not represented as untouched training data),10.796327694864983,3.634533067152975,4.830713712804833,5.363693808634856,0.0,0.0,reference q99 per metric; raw row-level >=2/4 flag retained without inventing a condition-level aggregation threshold,NOT_APPLICABLE_NO_ENCODER_NORMALIZATION: frozen learned_encoder_input=NONE,INCONCLUSIVE_NO_FROZEN_CONDITION_LEVEL_AGGREGATION,DEVELOPMENT_DIAGNOSTIC_EVIDENCE
dose25,NEIGHBOR_ABLATED,B_seed3409,B,3409,pca_reconstruction_error,Waymo Dynamic-v2 validation R0_DEVELOPMENT embedding bank (not represented as untouched training data),0.07876530523782235,0.014172036800477678,0.038662857386870524,0.0464789926233899,0.0,0.0,reference q99 per metric; raw row-level >=2/4 flag retained without inventing a condition-level aggregation threshold,NOT_APPLICABLE_NO_ENCODER_NORMALIZATION: frozen learned_encoder_input=NONE,INCONCLUSIVE_NO_FROZEN_CONDITION_LEVEL_AGGREGATION,DEVELOPMENT_DIAGNOSTIC_EVIDENCE
dose25,NEIGHBOR_ABLATED,B_seed3409,B,3409,nearest_neighbor_distance,Waymo Dynamic-v2 validation R0_DEVELOPMENT embedding bank (not represented as untouched training data),3.2013053043797246,1.6544362003207669,2.564138396152165,2.776826643650767,0.0,0.0,reference q99 per metric; raw row-level >=2/4 flag retained without inventing a condition-level aggregation threshold,NOT_APPLICABLE_NO_ENCODER_NORMALIZATION: frozen learned_encoder_input=NONE,INCONCLUSIVE_NO_FROZEN_CONDITION_LEVEL_AGGREGATION,DEVELOPMENT_DIAGNOSTIC_EVIDENCE
dose50,FULL,B_seed3409,B,3409,embedding_norm_l2_deviation,Waymo Dynamic-v2 validation R0_DEVELOPMENT embedding bank (not represented as untouched training data),9.068678068435055,3.291751468503745,7.931832720684473,10.560770319379284,0.0125,0.075,reference q99 per metric; raw row-level >=2/4 flag retained without inventing a condition-level aggregation threshold,NOT_APPLICABLE_NO_ENCODER_NORMALIZATION: frozen learned_encoder_input=NONE,INCONCLUSIVE_NO_FROZEN_CONDITION_LEVEL_AGGREGATION,DEVELOPMENT_DIAGNOSTIC_EVIDENCE
dose50,FULL,B_seed3409,B,3409,distance_to_r0_development_centroid,Waymo Dynamic-v2 validation R0_DEVELOPMENT embedding bank (not represented as untouched training data),10.796327694864983,5.386609971087305,9.722134580886436,11.90120958979324,0.0125,0.075,reference q99 per metric; raw row-level >=2/4 flag retained without inventing a condition-level aggregation threshold,NOT_APPLICABLE_NO_ENCODER_NORMALIZATION: frozen learned_encoder_input=NONE,INCONCLUSIVE_NO_FROZEN_CONDITION_LEVEL_AGGREGATION,DEVELOPMENT_DIAGNOSTIC_EVIDENCE
dose50,FULL,B_seed3409,B,3409,pca_reconstruction_error,Waymo Dynamic-v2 validation R0_DEVELOPMENT embedding bank (not represented as untouched training data),0.07876530523782235,0.03196105228899268,0.07953391181288258,0.130080263575646,0.0625,0.075,reference q99 per metric; raw row-level >=2/4 flag retained without inventing a condition-level aggregation threshold,NOT_APPLICABLE_NO_ENCODER_NORMALIZATION: frozen learned_encoder_input=NONE,INCONCLUSIVE_NO_FROZEN_CONDITION_LEVEL_AGGREGATION,DEVELOPMENT_DIAGNOSTIC_EVIDENCE
dose50,FULL,B_seed3409,B,3409,nearest_neighbor_distance,Waymo Dynamic-v2 validation R0_DEVELOPMENT embedding bank (not represented as untouched training data),3.2013053043797246,2.777847638157446,4.778898748982441,5.294972518845716,0.3875,0.075,reference q99 per metric; raw row-level >=2/4 flag retained without inventing a condition-level aggregation threshold,NOT_APPLICABLE_NO_ENCODER_NORMALIZATION: frozen learned_encoder_input=NONE,INCONCLUSIVE_NO_FROZEN_CONDITION_LEVEL_AGGREGATION,DEVELOPMENT_DIAGNOSTIC_EVIDENCE
dose50,NEIGHBOR_ABLATED,B_seed3409,B,3409,embedding_norm_l2_deviation,Waymo Dynamic-v2 validation R0_DEVELOPMENT embedding bank (not represented as untouched training data),9.068678068435055,0.8207818553339798,2.5539440951148378,3.1505614543904548,0.0,0.0,reference q99 per metric; raw row-level >=2/4 flag retained without inventing a condition-level aggregation threshold,NOT_APPLICABLE_NO_ENCODER_NORMALIZATION: frozen learned_encoder_input=NONE,INCONCLUSIVE_NO_FROZEN_CONDITION_LEVEL_AGGREGATION,DEVELOPMENT_DIAGNOSTIC_EVIDENCE
dose50,NEIGHBOR_ABLATED,B_seed3409,B,3409,distance_to_r0_development_centroid,Waymo Dynamic-v2 validation R0_DEVELOPMENT embedding bank (not represented as untouched training data),10.796327694864983,3.635683009958572,4.820907748948801,5.368411195586791,0.0,0.0,reference q99 per metric; raw row-level >=2/4 flag retained without inventing a condition-level aggregation threshold,NOT_APPLICABLE_NO_ENCODER_NORMALIZATION: frozen learned_encoder_input=NONE,INCONCLUSIVE_NO_FROZEN_CONDITION_LEVEL_AGGREGATION,DEVELOPMENT_DIAGNOSTIC_EVIDENCE
dose50,NEIGHBOR_ABLATED,B_seed3409,B,3409,pca_reconstruction_error,Waymo Dynamic-v2 validation R0_DEVELOPMENT embedding bank (not represented as untouched training data),0.07876530523782235,0.014252391698879673,0.038446732917678035,0.04657128217389475,0.0,0.0,reference q99 per metric; raw row-level >=2/4 flag retained without inventing a condition-level aggregation threshold,NOT_APPLICABLE_NO_ENCODER_NORMALIZATION: frozen learned_encoder_input=NONE,INCONCLUSIVE_NO_FROZEN_CONDITION_LEVEL_AGGREGATION,DEVELOPMENT_DIAGNOSTIC_EVIDENCE
dose50,NEIGHBOR_ABLATED,B_seed3409,B,3409,nearest_neighbor_distance,Waymo Dynamic-v2 validation R0_DEVELOPMENT embedding bank (not represented as untouched training data),3.2013053043797246,1.621897192227795,2.585474935900609,2.7630635326696877,0.0,0.0,reference q99 per metric; raw row-level >=2/4 flag retained without inventing a condition-level aggregation threshold,NOT_APPLICABLE_NO_ENCODER_NORMALIZATION: frozen learned_encoder_input=NONE,INCONCLUSIVE_NO_FROZEN_CONDITION_LEVEL_AGGREGATION,DEVELOPMENT_DIAGNOSTIC_EVIDENCE
dose75,FULL,B_seed3409,B,3409,embedding_norm_l2_deviation,Waymo Dynamic-v2 validation R0_DEVELOPMENT embedding bank (not represented as untouched training data),9.068678068435055,3.327842950249429,7.934711553244908,10.562419913286373,0.0125,0.075,reference q99 per metric; raw row-level >=2/4 flag retained without inventing a condition-level aggregation threshold,NOT_APPLICABLE_NO_ENCODER_NORMALIZATION: frozen learned_encoder_input=NONE,INCONCLUSIVE_NO_FROZEN_CONDITION_LEVEL_AGGREGATION,DEVELOPMENT_DIAGNOSTIC_EVIDENCE
dose75,FULL,B_seed3409,B,3409,distance_to_r0_development_centroid,Waymo Dynamic-v2 validation R0_DEVELOPMENT embedding bank (not represented as untouched training data),10.796327694864983,5.332269381161002,9.558952822276028,11.90274231740961,0.0125,0.075,reference q99 per metric; raw row-level >=2/4 flag retained without inventing a condition-level aggregation threshold,NOT_APPLICABLE_NO_ENCODER_NORMALIZATION: frozen learned_encoder_input=NONE,INCONCLUSIVE_NO_FROZEN_CONDITION_LEVEL_AGGREGATION,DEVELOPMENT_DIAGNOSTIC_EVIDENCE
dose75,FULL,B_seed3409,B,3409,pca_reconstruction_error,Waymo Dynamic-v2 validation R0_DEVELOPMENT embedding bank (not represented as untouched training data),0.07876530523782235,0.031707278776263614,0.0795440930627453,0.1303543872876215,0.0625,0.075,reference q99 per metric; raw row-level >=2/4 flag retained without inventing a condition-level aggregation threshold,NOT_APPLICABLE_NO_ENCODER_NORMALIZATION: frozen learned_encoder_input=NONE,INCONCLUSIVE_NO_FROZEN_CONDITION_LEVEL_AGGREGATION,DEVELOPMENT_DIAGNOSTIC_EVIDENCE
dose75,FULL,B_seed3409,B,3409,nearest_neighbor_distance,Waymo Dynamic-v2 validation R0_DEVELOPMENT embedding bank (not represented as untouched training data),3.2013053043797246,2.885421385225591,4.763507049482886,5.449826141783821,0.3875,0.075,reference q99 per metric; raw row-level >=2/4 flag retained without inventing a condition-level aggregation threshold,NOT_APPLICABLE_NO_ENCODER_NORMALIZATION: frozen learned_encoder_input=NONE,INCONCLUSIVE_NO_FROZEN_CONDITION_LEVEL_AGGREGATION,DEVELOPMENT_DIAGNOSTIC_EVIDENCE
dose75,NEIGHBOR_ABLATED,B_seed3409,B,3409,embedding_norm_l2_deviation,Waymo Dynamic-v2 validation R0_DEVELOPMENT embedding bank (not represented as untouched training data),9.068678068435055,0.816400685881435,2.538980732695674,3.1626492970297546,0.0,0.0,reference q99 per metric; raw row-level >=2/4 flag retained without inventing a condition-level aggregation threshold,NOT_APPLICABLE_NO_ENCODER_NORMALIZATION: frozen learned_encoder_input=NONE,INCONCLUSIVE_NO_FROZEN_CONDITION_LEVEL_AGGREGATION,DEVELOPMENT_DIAGNOSTIC_EVIDENCE
dose75,NEIGHBOR_ABLATED,B_seed3409,B,3409,distance_to_r0_development_centroid,Waymo Dynamic-v2 validation R0_DEVELOPMENT embedding bank (not represented as untouched training data),10.796327694864983,3.6291788136497614,4.806317054724468,5.37869965048085,0.0,0.0,reference q99 per metric; raw row-level >=2/4 flag retained without inventing a condition-level aggregation threshold,NOT_APPLICABLE_NO_ENCODER_NORMALIZATION: frozen learned_encoder_input=NONE,INCONCLUSIVE_NO_FROZEN_CONDITION_LEVEL_AGGREGATION,DEVELOPMENT_DIAGNOSTIC_EVIDENCE
dose75,NEIGHBOR_ABLATED,B_seed3409,B,3409,pca_reconstruction_error,Waymo Dynamic-v2 validation R0_DEVELOPMENT embedding bank (not represented as untouched training data),0.07876530523782235,0.014344987730420967,0.03812669683486734,0.04678672702296455,0.0,0.0,reference q99 per metric; raw row-level >=2/4 flag retained without inventing a condition-level aggregation threshold,NOT_APPLICABLE_NO_ENCODER_NORMALIZATION: frozen learned_encoder_input=NONE,INCONCLUSIVE_NO_FROZEN_CONDITION_LEVEL_AGGREGATION,DEVELOPMENT_DIAGNOSTIC_EVIDENCE
dose75,NEIGHBOR_ABLATED,B_seed3409,B,3409,nearest_neighbor_distance,Waymo Dynamic-v2 validation R0_DEVELOPMENT embedding bank (not represented as untouched training data),3.2013053043797246,1.6306439631894583,2.6060858574375008,2.7545742373675486,0.0,0.0,reference q99 per metric; raw row-level >=2/4 flag retained without inventing a condition-level aggregation threshold,NOT_APPLICABLE_NO_ENCODER_NORMALIZATION: frozen learned_encoder_input=NONE,INCONCLUSIVE_NO_FROZEN_CONDITION_LEVEL_AGGREGATION,DEVELOPMENT_DIAGNOSTIC_EVIDENCE
dose100,FULL,B_seed3409,B,3409,embedding_norm_l2_deviation,Waymo Dynamic-v2 validation R0_DEVELOPMENT embedding bank (not represented as untouched training data),9.068678068435055,3.3065662509515468,7.9362275136010645,10.451508556745804,0.025,0.0875,reference q99 per metric; raw row-level >=2/4 flag retained without inventing a condition-level aggregation threshold,NOT_APPLICABLE_NO_ENCODER_NORMALIZATION: frozen learned_encoder_input=NONE,INCONCLUSIVE_NO_FROZEN_CONDITION_LEVEL_AGGREGATION,DEVELOPMENT_DIAGNOSTIC_EVIDENCE
dose100,FULL,B_seed3409,B,3409,distance_to_r0_development_centroid,Waymo Dynamic-v2 validation R0_DEVELOPMENT embedding bank (not represented as untouched training data),10.796327694864983,5.307852370828168,9.724597397926287,11.816656965913234,0.025,0.0875,reference q99 per metric; raw row-level >=2/4 flag retained without inventing a condition-level aggregation threshold,NOT_APPLICABLE_NO_ENCODER_NORMALIZATION: frozen learned_encoder_input=NONE,INCONCLUSIVE_NO_FROZEN_CONDITION_LEVEL_AGGREGATION,DEVELOPMENT_DIAGNOSTIC_EVIDENCE
dose100,FULL,B_seed3409,B,3409,pca_reconstruction_error,Waymo Dynamic-v2 validation R0_DEVELOPMENT embedding bank (not represented as untouched training data),0.07876530523782235,0.031233538368307258,0.07986283667307409,0.1301399358653874,0.075,0.0875,reference q99 per metric; raw row-level >=2/4 flag retained without inventing a condition-level aggregation threshold,NOT_APPLICABLE_NO_ENCODER_NORMALIZATION: frozen learned_encoder_input=NONE,INCONCLUSIVE_NO_FROZEN_CONDITION_LEVEL_AGGREGATION,DEVELOPMENT_DIAGNOSTIC_EVIDENCE
dose100,FULL,B_seed3409,B,3409,nearest_neighbor_distance,Waymo Dynamic-v2 validation R0_DEVELOPMENT embedding bank (not represented as untouched training data),3.2013053043797246,2.8011547250709112,4.750337712488495,5.101716260753833,0.3875,0.0875,reference q99 per metric; raw row-level >=2/4 flag retained without inventing a condition-level aggregation threshold,NOT_APPLICABLE_NO_ENCODER_NORMALIZATION: frozen learned_encoder_input=NONE,INCONCLUSIVE_NO_FROZEN_CONDITION_LEVEL_AGGREGATION,DEVELOPMENT_DIAGNOSTIC_EVIDENCE
dose100,NEIGHBOR_ABLATED,B_seed3409,B,3409,embedding_norm_l2_deviation,Waymo Dynamic-v2 validation R0_DEVELOPMENT embedding bank (not represented as untouched training data),9.068678068435055,0.8143329084563282,2.5318645991866484,3.168542076299137,0.0,0.0,reference q99 per metric; raw row-level >=2/4 flag retained without inventing a condition-level aggregation threshold,NOT_APPLICABLE_NO_ENCODER_NORMALIZATION: frozen learned_encoder_input=NONE,INCONCLUSIVE_NO_FROZEN_CONDITION_LEVEL_AGGREGATION,DEVELOPMENT_DIAGNOSTIC_EVIDENCE
dose100,NEIGHBOR_ABLATED,B_seed3409,B,3409,distance_to_r0_development_centroid,Waymo Dynamic-v2 validation R0_DEVELOPMENT embedding bank (not represented as untouched training data),10.796327694864983,3.6243701511802513,4.800177510730997,5.383394814907135,0.0,0.0,reference q99 per metric; raw row-level >=2/4 flag retained without inventing a condition-level aggregation threshold,NOT_APPLICABLE_NO_ENCODER_NORMALIZATION: frozen learned_encoder_input=NONE,INCONCLUSIVE_NO_FROZEN_CONDITION_LEVEL_AGGREGATION,DEVELOPMENT_DIAGNOSTIC_EVIDENCE
dose100,NEIGHBOR_ABLATED,B_seed3409,B,3409,pca_reconstruction_error,Waymo Dynamic-v2 validation R0_DEVELOPMENT embedding bank (not represented as untouched training data),0.07876530523782235,0.014398506742972963,0.037971374630483085,0.04686315055556119,0.0,0.0,reference q99 per metric; raw row-level >=2/4 flag retained without inventing a condition-level aggregation threshold,NOT_APPLICABLE_NO_ENCODER_NORMALIZATION: frozen learned_encoder_input=NONE,INCONCLUSIVE_NO_FROZEN_CONDITION_LEVEL_AGGREGATION,DEVELOPMENT_DIAGNOSTIC_EVIDENCE
dose100,NEIGHBOR_ABLATED,B_seed3409,B,3409,nearest_neighbor_distance,Waymo Dynamic-v2 validation R0_DEVELOPMENT embedding bank (not represented as untouched training data),3.2013053043797246,1.6235218199516204,2.6297615285318403,2.754429370413566,0.0,0.0,reference q99 per metric; raw row-level >=2/4 flag retained without inventing a condition-level aggregation threshold,NOT_APPLICABLE_NO_ENCODER_NORMALIZATION: frozen learned_encoder_input=NONE,INCONCLUSIVE_NO_FROZEN_CONDITION_LEVEL_AGGREGATION,DEVELOPMENT_DIAGNOSTIC_EVIDENCE
dose0,FULL,C_seed3407,C,3407,embedding_norm_l2_deviation,Waymo Dynamic-v2 validation R0_DEVELOPMENT embedding bank (not represented as untouched training data),9.702652713213984,1.8087755498255138,6.018063129834972,7.502011966821236,0.0,0.0,reference q99 per metric; raw row-level >=2/4 flag retained without inventing a condition-level aggregation threshold,NOT_APPLICABLE_NO_ENCODER_NORMALIZATION: frozen learned_encoder_input=NONE,INCONCLUSIVE_NO_FROZEN_CONDITION_LEVEL_AGGREGATION,DEVELOPMENT_DIAGNOSTIC_EVIDENCE
dose0,FULL,C_seed3407,C,3407,distance_to_r0_development_centroid,Waymo Dynamic-v2 validation R0_DEVELOPMENT embedding bank (not represented as untouched training data),11.33496683934206,4.487420082811595,7.6576441312476105,9.246204199648535,0.0,0.0,reference q99 per metric; raw row-level >=2/4 flag retained without inventing a condition-level aggregation threshold,NOT_APPLICABLE_NO_ENCODER_NORMALIZATION: frozen learned_encoder_input=NONE,INCONCLUSIVE_NO_FROZEN_CONDITION_LEVEL_AGGREGATION,DEVELOPMENT_DIAGNOSTIC_EVIDENCE
dose0,FULL,C_seed3407,C,3407,pca_reconstruction_error,Waymo Dynamic-v2 validation R0_DEVELOPMENT embedding bank (not represented as untouched training data),0.07653910696116759,0.019487174023669798,0.05378631067842613,0.06646275554806669,0.0,0.0,reference q99 per metric; raw row-level >=2/4 flag retained without inventing a condition-level aggregation threshold,NOT_APPLICABLE_NO_ENCODER_NORMALIZATION: frozen learned_encoder_input=NONE,INCONCLUSIVE_NO_FROZEN_CONDITION_LEVEL_AGGREGATION,DEVELOPMENT_DIAGNOSTIC_EVIDENCE
dose0,FULL,C_seed3407,C,3407,nearest_neighbor_distance,Waymo Dynamic-v2 validation R0_DEVELOPMENT embedding bank (not represented as untouched training data),3.2175128207389627,1.7610012151048107,3.017165791569614,3.3506561826082377,0.025,0.0,reference q99 per metric; raw row-level >=2/4 flag retained without inventing a condition-level aggregation threshold,NOT_APPLICABLE_NO_ENCODER_NORMALIZATION: frozen learned_encoder_input=NONE,INCONCLUSIVE_NO_FROZEN_CONDITION_LEVEL_AGGREGATION,DEVELOPMENT_DIAGNOSTIC_EVIDENCE
dose0,NEIGHBOR_ABLATED,C_seed3407,C,3407,embedding_norm_l2_deviation,Waymo Dynamic-v2 validation R0_DEVELOPMENT embedding bank (not represented as untouched training data),9.702652713213984,0.7405040454683438,1.3281564778953008,1.4703012890602976,0.0,0.0,reference q99 per metric; raw row-level >=2/4 flag retained without inventing a condition-level aggregation threshold,NOT_APPLICABLE_NO_ENCODER_NORMALIZATION: frozen learned_encoder_input=NONE,INCONCLUSIVE_NO_FROZEN_CONDITION_LEVEL_AGGREGATION,DEVELOPMENT_DIAGNOSTIC_EVIDENCE
dose0,NEIGHBOR_ABLATED,C_seed3407,C,3407,distance_to_r0_development_centroid,Waymo Dynamic-v2 validation R0_DEVELOPMENT embedding bank (not represented as untouched training data),11.33496683934206,3.401962757200475,3.6495626734209856,3.7177107614477447,0.0,0.0,reference q99 per metric; raw row-level >=2/4 flag retained without inventing a condition-level aggregation threshold,NOT_APPLICABLE_NO_ENCODER_NORMALIZATION: frozen learned_encoder_input=NONE,INCONCLUSIVE_NO_FROZEN_CONDITION_LEVEL_AGGREGATION,DEVELOPMENT_DIAGNOSTIC_EVIDENCE
dose0,NEIGHBOR_ABLATED,C_seed3407,C,3407,pca_reconstruction_error,Waymo Dynamic-v2 validation R0_DEVELOPMENT embedding bank (not represented as untouched training data),0.07653910696116759,0.00910280268447915,0.014487438084211554,0.01796579313915332,0.0,0.0,reference q99 per metric; raw row-level >=2/4 flag retained without inventing a condition-level aggregation threshold,NOT_APPLICABLE_NO_ENCODER_NORMALIZATION: frozen learned_encoder_input=NONE,INCONCLUSIVE_NO_FROZEN_CONDITION_LEVEL_AGGREGATION,DEVELOPMENT_DIAGNOSTIC_EVIDENCE
dose0,NEIGHBOR_ABLATED,C_seed3407,C,3407,nearest_neighbor_distance,Waymo Dynamic-v2 validation R0_DEVELOPMENT embedding bank (not represented as untouched training data),3.2175128207389627,0.6780949641608771,1.0194672004620828,1.0439937693153305,0.0,0.0,reference q99 per metric; raw row-level >=2/4 flag retained without inventing a condition-level aggregation threshold,NOT_APPLICABLE_NO_ENCODER_NORMALIZATION: frozen learned_encoder_input=NONE,INCONCLUSIVE_NO_FROZEN_CONDITION_LEVEL_AGGREGATION,DEVELOPMENT_DIAGNOSTIC_EVIDENCE
dose25,FULL,C_seed3407,C,3407,embedding_norm_l2_deviation,Waymo Dynamic-v2 validation R0_DEVELOPMENT embedding bank (not represented as untouched training data),9.702652713213984,1.7390153728971018,5.794181773466592,7.230673420212071,0.0,0.0,reference q99 per metric; raw row-level >=2/4 flag retained without inventing a condition-level aggregation threshold,NOT_APPLICABLE_NO_ENCODER_NORMALIZATION: frozen learned_encoder_input=NONE,INCONCLUSIVE_NO_FROZEN_CONDITION_LEVEL_AGGREGATION,DEVELOPMENT_DIAGNOSTIC_EVIDENCE
dose25,FULL,C_seed3407,C,3407,distance_to_r0_development_centroid,Waymo Dynamic-v2 validation R0_DEVELOPMENT embedding bank (not represented as untouched training data),11.33496683934206,4.358272368064726,7.468068527999871,8.91859748148361,0.0,0.0,reference q99 per metric; raw row-level >=2/4 flag retained without inventing a condition-level aggregation threshold,NOT_APPLICABLE_NO_ENCODER_NORMALIZATION: frozen learned_encoder_input=NONE,INCONCLUSIVE_NO_FROZEN_CONDITION_LEVEL_AGGREGATION,DEVELOPMENT_DIAGNOSTIC_EVIDENCE
dose25,FULL,C_seed3407,C,3407,pca_reconstruction_error,Waymo Dynamic-v2 validation R0_DEVELOPMENT embedding bank (not represented as untouched training data),0.07653910696116759,0.01984211850762658,0.04617444578086669,0.059320379019607655,0.0,0.0,reference q99 per metric; raw row-level >=2/4 flag retained without inventing a condition-level aggregation threshold,NOT_APPLICABLE_NO_ENCODER_NORMALIZATION: frozen learned_encoder_input=NONE,INCONCLUSIVE_NO_FROZEN_CONDITION_LEVEL_AGGREGATION,DEVELOPMENT_DIAGNOSTIC_EVIDENCE
dose25,FULL,C_seed3407,C,3407,nearest_neighbor_distance,Waymo Dynamic-v2 validation R0_DEVELOPMENT embedding bank (not represented as untouched training data),3.2175128207389627,1.7866884149274673,2.9979637412996443,3.2685513502418,0.0125,0.0,reference q99 per metric; raw row-level >=2/4 flag retained without inventing a condition-level aggregation threshold,NOT_APPLICABLE_NO_ENCODER_NORMALIZATION: frozen learned_encoder_input=NONE,INCONCLUSIVE_NO_FROZEN_CONDITION_LEVEL_AGGREGATION,DEVELOPMENT_DIAGNOSTIC_EVIDENCE
dose25,NEIGHBOR_ABLATED,C_seed3407,C,3407,embedding_norm_l2_deviation,Waymo Dynamic-v2 validation R0_DEVELOPMENT embedding bank (not represented as untouched training data),9.702652713213984,0.7404203802934366,1.3239711785616066,1.4769261572689052,0.0,0.0,reference q99 per metric; raw row-level >=2/4 flag retained without inventing a condition-level aggregation threshold,NOT_APPLICABLE_NO_ENCODER_NORMALIZATION: frozen learned_encoder_input=NONE,INCONCLUSIVE_NO_FROZEN_CONDITION_LEVEL_AGGREGATION,DEVELOPMENT_DIAGNOSTIC_EVIDENCE
dose25,NEIGHBOR_ABLATED,C_seed3407,C,3407,distance_to_r0_development_centroid,Waymo Dynamic-v2 validation R0_DEVELOPMENT embedding bank (not represented as untouched training data),11.33496683934206,3.4030317579277884,3.650049656649852,3.7186365128222834,0.0,0.0,reference q99 per metric; raw row-level >=2/4 flag retained without inventing a condition-level aggregation threshold,NOT_APPLICABLE_NO_ENCODER_NORMALIZATION: frozen learned_encoder_input=NONE,INCONCLUSIVE_NO_FROZEN_CONDITION_LEVEL_AGGREGATION,DEVELOPMENT_DIAGNOSTIC_EVIDENCE
dose25,NEIGHBOR_ABLATED,C_seed3407,C,3407,pca_reconstruction_error,Waymo Dynamic-v2 validation R0_DEVELOPMENT embedding bank (not represented as untouched training data),0.07653910696116759,0.009105447030926035,0.014475246933257227,0.01799101504152613,0.0,0.0,reference q99 per metric; raw row-level >=2/4 flag retained without inventing a condition-level aggregation threshold,NOT_APPLICABLE_NO_ENCODER_NORMALIZATION: frozen learned_encoder_input=NONE,INCONCLUSIVE_NO_FROZEN_CONDITION_LEVEL_AGGREGATION,DEVELOPMENT_DIAGNOSTIC_EVIDENCE
dose25,NEIGHBOR_ABLATED,C_seed3407,C,3407,nearest_neighbor_distance,Waymo Dynamic-v2 validation R0_DEVELOPMENT embedding bank (not represented as untouched training data),3.2175128207389627,0.6790950477497542,1.0167525631372272,1.0440117641679207,0.0,0.0,reference q99 per metric; raw row-level >=2/4 flag retained without inventing a condition-level aggregation threshold,NOT_APPLICABLE_NO_ENCODER_NORMALIZATION: frozen learned_encoder_input=NONE,INCONCLUSIVE_NO_FROZEN_CONDITION_LEVEL_AGGREGATION,DEVELOPMENT_DIAGNOSTIC_EVIDENCE
dose50,FULL,C_seed3407,C,3407,embedding_norm_l2_deviation,Waymo Dynamic-v2 validation R0_DEVELOPMENT embedding bank (not represented as untouched training data),9.702652713213984,1.7958140063260561,6.801964569841155,7.835556623919041,0.0,0.0,reference q99 per metric; raw row-level >=2/4 flag retained without inventing a condition-level aggregation threshold,NOT_APPLICABLE_NO_ENCODER_NORMALIZATION: frozen learned_encoder_input=NONE,INCONCLUSIVE_NO_FROZEN_CONDITION_LEVEL_AGGREGATION,DEVELOPMENT_DIAGNOSTIC_EVIDENCE
dose50,FULL,C_seed3407,C,3407,distance_to_r0_development_centroid,Waymo Dynamic-v2 validation R0_DEVELOPMENT embedding bank (not represented as untouched training data),11.33496683934206,4.460044862197675,8.376150549013838,9.373688059189101,0.0,0.0,reference q99 per metric; raw row-level >=2/4 flag retained without inventing a condition-level aggregation threshold,NOT_APPLICABLE_NO_ENCODER_NORMALIZATION: frozen learned_encoder_input=NONE,INCONCLUSIVE_NO_FROZEN_CONDITION_LEVEL_AGGREGATION,DEVELOPMENT_DIAGNOSTIC_EVIDENCE
dose50,FULL,C_seed3407,C,3407,pca_reconstruction_error,Waymo Dynamic-v2 validation R0_DEVELOPMENT embedding bank (not represented as untouched training data),0.07653910696116759,0.01988697228703204,0.046194603463637914,0.059719455917662444,0.0,0.0,reference q99 per metric; raw row-level >=2/4 flag retained without inventing a condition-level aggregation threshold,NOT_APPLICABLE_NO_ENCODER_NORMALIZATION: frozen learned_encoder_input=NONE,INCONCLUSIVE_NO_FROZEN_CONDITION_LEVEL_AGGREGATION,DEVELOPMENT_DIAGNOSTIC_EVIDENCE
dose50,FULL,C_seed3407,C,3407,nearest_neighbor_distance,Waymo Dynamic-v2 validation R0_DEVELOPMENT embedding bank (not represented as untouched training data),3.2175128207389627,1.8971687997853426,3.209779249684952,3.714431553029126,0.05,0.0,reference q99 per metric; raw row-level >=2/4 flag retained without inventing a condition-level aggregation threshold,NOT_APPLICABLE_NO_ENCODER_NORMALIZATION: frozen learned_encoder_input=NONE,INCONCLUSIVE_NO_FROZEN_CONDITION_LEVEL_AGGREGATION,DEVELOPMENT_DIAGNOSTIC_EVIDENCE
dose50,NEIGHBOR_ABLATED,C_seed3407,C,3407,embedding_norm_l2_deviation,Waymo Dynamic-v2 validation R0_DEVELOPMENT embedding bank (not represented as untouched training data),9.702652713213984,0.7401569623201856,1.3263074873131546,1.482875457936328,0.0,0.0,reference q99 per metric; raw row-level >=2/4 flag retained without inventing a condition-level aggregation threshold,NOT_APPLICABLE_NO_ENCODER_NORMALIZATION: frozen learned_encoder_input=NONE,INCONCLUSIVE_NO_FROZEN_CONDITION_LEVEL_AGGREGATION,DEVELOPMENT_DIAGNOSTIC_EVIDENCE
dose50,NEIGHBOR_ABLATED,C_seed3407,C,3407,distance_to_r0_development_centroid,Waymo Dynamic-v2 validation R0_DEVELOPMENT embedding bank (not represented as untouched training data),11.33496683934206,3.4031117171714036,3.6503687956002073,3.7203239688423007,0.0,0.0,reference q99 per metric; raw row-level >=2/4 flag retained without inventing a condition-level aggregation threshold,NOT_APPLICABLE_NO_ENCODER_NORMALIZATION: frozen learned_encoder_input=NONE,INCONCLUSIVE_NO_FROZEN_CONDITION_LEVEL_AGGREGATION,DEVELOPMENT_DIAGNOSTIC_EVIDENCE
dose50,NEIGHBOR_ABLATED,C_seed3407,C,3407,pca_reconstruction_error,Waymo Dynamic-v2 validation R0_DEVELOPMENT embedding bank (not represented as untouched training data),0.07653910696116759,0.009104947286530149,0.014468272147461107,0.01799619055794173,0.0,0.0,reference q99 per metric; raw row-level >=2/4 flag retained without inventing a condition-level aggregation threshold,NOT_APPLICABLE_NO_ENCODER_NORMALIZATION: frozen learned_encoder_input=NONE,INCONCLUSIVE_NO_FROZEN_CONDITION_LEVEL_AGGREGATION,DEVELOPMENT_DIAGNOSTIC_EVIDENCE
dose50,NEIGHBOR_ABLATED,C_seed3407,C,3407,nearest_neighbor_distance,Waymo Dynamic-v2 validation R0_DEVELOPMENT embedding bank (not represented as untouched training data),3.2175128207389627,0.6767244893767461,1.0169288962541196,1.0411172924709118,0.0,0.0,reference q99 per metric; raw row-level >=2/4 flag retained without inventing a condition-level aggregation threshold,NOT_APPLICABLE_NO_ENCODER_NORMALIZATION: frozen learned_encoder_input=NONE,INCONCLUSIVE_NO_FROZEN_CONDITION_LEVEL_AGGREGATION,DEVELOPMENT_DIAGNOSTIC_EVIDENCE
dose75,FULL,C_seed3407,C,3407,embedding_norm_l2_deviation,Waymo Dynamic-v2 validation R0_DEVELOPMENT embedding bank (not represented as untouched training data),9.702652713213984,1.7797688191211325,6.050183727572979,7.123915710218501,0.0,0.0,reference q99 per metric; raw row-level >=2/4 flag retained without inventing a condition-level aggregation threshold,NOT_APPLICABLE_NO_ENCODER_NORMALIZATION: frozen learned_encoder_input=NONE,INCONCLUSIVE_NO_FROZEN_CONDITION_LEVEL_AGGREGATION,DEVELOPMENT_DIAGNOSTIC_EVIDENCE
dose75,FULL,C_seed3407,C,3407,distance_to_r0_development_centroid,Waymo Dynamic-v2 validation R0_DEVELOPMENT embedding bank (not represented as untouched training data),11.33496683934206,4.482461485848248,7.816155153850537,8.807655557933794,0.0,0.0,reference q99 per metric; raw row-level >=2/4 flag retained without inventing a condition-level aggregation threshold,NOT_APPLICABLE_NO_ENCODER_NORMALIZATION: frozen learned_encoder_input=NONE,INCONCLUSIVE_NO_FROZEN_CONDITION_LEVEL_AGGREGATION,DEVELOPMENT_DIAGNOSTIC_EVIDENCE
dose75,FULL,C_seed3407,C,3407,pca_reconstruction_error,Waymo Dynamic-v2 validation R0_DEVELOPMENT embedding bank (not represented as untouched training data),0.07653910696116759,0.021373813337764065,0.04621845548871254,0.05839488896289934,0.0,0.0,reference q99 per metric; raw row-level >=2/4 flag retained without inventing a condition-level aggregation threshold,NOT_APPLICABLE_NO_ENCODER_NORMALIZATION: frozen learned_encoder_input=NONE,INCONCLUSIVE_NO_FROZEN_CONDITION_LEVEL_AGGREGATION,DEVELOPMENT_DIAGNOSTIC_EVIDENCE
dose75,FULL,C_seed3407,C,3407,nearest_neighbor_distance,Waymo Dynamic-v2 validation R0_DEVELOPMENT embedding bank (not represented as untouched training data),3.2175128207389627,1.9182366564041349,3.0995314773624942,3.6214534232147613,0.0375,0.0,reference q99 per metric; raw row-level >=2/4 flag retained without inventing a condition-level aggregation threshold,NOT_APPLICABLE_NO_ENCODER_NORMALIZATION: frozen learned_encoder_input=NONE,INCONCLUSIVE_NO_FROZEN_CONDITION_LEVEL_AGGREGATION,DEVELOPMENT_DIAGNOSTIC_EVIDENCE
dose75,NEIGHBOR_ABLATED,C_seed3407,C,3407,embedding_norm_l2_deviation,Waymo Dynamic-v2 validation R0_DEVELOPMENT embedding bank (not represented as untouched training data),9.702652713213984,0.7383962093094572,1.3266131708712148,1.4830236256150382,0.0,0.0,reference q99 per metric; raw row-level >=2/4 flag retained without inventing a condition-level aggregation threshold,NOT_APPLICABLE_NO_ENCODER_NORMALIZATION: frozen learned_encoder_input=NONE,INCONCLUSIVE_NO_FROZEN_CONDITION_LEVEL_AGGREGATION,DEVELOPMENT_DIAGNOSTIC_EVIDENCE
dose75,NEIGHBOR_ABLATED,C_seed3407,C,3407,distance_to_r0_development_centroid,Waymo Dynamic-v2 validation R0_DEVELOPMENT embedding bank (not represented as untouched training data),11.33496683934206,3.403117599901991,3.652424686613002,3.720555496074601,0.0,0.0,reference q99 per metric; raw row-level >=2/4 flag retained without inventing a condition-level aggregation threshold,NOT_APPLICABLE_NO_ENCODER_NORMALIZATION: frozen learned_encoder_input=NONE,INCONCLUSIVE_NO_FROZEN_CONDITION_LEVEL_AGGREGATION,DEVELOPMENT_DIAGNOSTIC_EVIDENCE
dose75,NEIGHBOR_ABLATED,C_seed3407,C,3407,pca_reconstruction_error,Waymo Dynamic-v2 validation R0_DEVELOPMENT embedding bank (not represented as untouched training data),0.07653910696116759,0.009109346649118107,0.01446540139178887,0.018001358962334096,0.0,0.0,reference q99 per metric; raw row-level >=2/4 flag retained without inventing a condition-level aggregation threshold,NOT_APPLICABLE_NO_ENCODER_NORMALIZATION: frozen learned_encoder_input=NONE,INCONCLUSIVE_NO_FROZEN_CONDITION_LEVEL_AGGREGATION,DEVELOPMENT_DIAGNOSTIC_EVIDENCE
dose75,NEIGHBOR_ABLATED,C_seed3407,C,3407,nearest_neighbor_distance,Waymo Dynamic-v2 validation R0_DEVELOPMENT embedding bank (not represented as untouched training data),3.2175128207389627,0.6733916633366493,1.0168467345118175,1.041185451237937,0.0,0.0,reference q99 per metric; raw row-level >=2/4 flag retained without inventing a condition-level aggregation threshold,NOT_APPLICABLE_NO_ENCODER_NORMALIZATION: frozen learned_encoder_input=NONE,INCONCLUSIVE_NO_FROZEN_CONDITION_LEVEL_AGGREGATION,DEVELOPMENT_DIAGNOSTIC_EVIDENCE
dose100,FULL,C_seed3407,C,3407,embedding_norm_l2_deviation,Waymo Dynamic-v2 validation R0_DEVELOPMENT embedding bank (not represented as untouched training data),9.702652713213984,1.8252891213025686,6.753785158803636,8.628412349603334,0.0,0.0,reference q99 per metric; raw row-level >=2/4 flag retained without inventing a condition-level aggregation threshold,NOT_APPLICABLE_NO_ENCODER_NORMALIZATION: frozen learned_encoder_input=NONE,INCONCLUSIVE_NO_FROZEN_CONDITION_LEVEL_AGGREGATION,DEVELOPMENT_DIAGNOSTIC_EVIDENCE
dose100,FULL,C_seed3407,C,3407,distance_to_r0_development_centroid,Waymo Dynamic-v2 validation R0_DEVELOPMENT embedding bank (not represented as untouched training data),11.33496683934206,4.482515108469828,8.324985333848279,10.117072479801609,0.0,0.0,reference q99 per metric; raw row-level >=2/4 flag retained without inventing a condition-level aggregation threshold,NOT_APPLICABLE_NO_ENCODER_NORMALIZATION: frozen learned_encoder_input=NONE,INCONCLUSIVE_NO_FROZEN_CONDITION_LEVEL_AGGREGATION,DEVELOPMENT_DIAGNOSTIC_EVIDENCE
dose100,FULL,C_seed3407,C,3407,pca_reconstruction_error,Waymo Dynamic-v2 validation R0_DEVELOPMENT embedding bank (not represented as untouched training data),0.07653910696116759,0.021819799789082793,0.048734741912320224,0.061641208706617594,0.0,0.0,reference q99 per metric; raw row-level >=2/4 flag retained without inventing a condition-level aggregation threshold,NOT_APPLICABLE_NO_ENCODER_NORMALIZATION: frozen learned_encoder_input=NONE,INCONCLUSIVE_NO_FROZEN_CONDITION_LEVEL_AGGREGATION,DEVELOPMENT_DIAGNOSTIC_EVIDENCE
dose100,FULL,C_seed3407,C,3407,nearest_neighbor_distance,Waymo Dynamic-v2 validation R0_DEVELOPMENT embedding bank (not represented as untouched training data),3.2175128207389627,1.8822466909033633,3.083004224508209,3.7489486744336,0.0375,0.0,reference q99 per metric; raw row-level >=2/4 flag retained without inventing a condition-level aggregation threshold,NOT_APPLICABLE_NO_ENCODER_NORMALIZATION: frozen learned_encoder_input=NONE,INCONCLUSIVE_NO_FROZEN_CONDITION_LEVEL_AGGREGATION,DEVELOPMENT_DIAGNOSTIC_EVIDENCE
dose100,NEIGHBOR_ABLATED,C_seed3407,C,3407,embedding_norm_l2_deviation,Waymo Dynamic-v2 validation R0_DEVELOPMENT embedding bank (not represented as untouched training data),9.702652713213984,0.7380386219222927,1.3236705760509604,1.4837160438475232,0.0,0.0,reference q99 per metric; raw row-level >=2/4 flag retained without inventing a condition-level aggregation threshold,NOT_APPLICABLE_NO_ENCODER_NORMALIZATION: frozen learned_encoder_input=NONE,INCONCLUSIVE_NO_FROZEN_CONDITION_LEVEL_AGGREGATION,DEVELOPMENT_DIAGNOSTIC_EVIDENCE
dose100,NEIGHBOR_ABLATED,C_seed3407,C,3407,distance_to_r0_development_centroid,Waymo Dynamic-v2 validation R0_DEVELOPMENT embedding bank (not represented as untouched training data),11.33496683934206,3.403070385450515,3.6533679943016506,3.722089199645589,0.0,0.0,reference q99 per metric; raw row-level >=2/4 flag retained without inventing a condition-level aggregation threshold,NOT_APPLICABLE_NO_ENCODER_NORMALIZATION: frozen learned_encoder_input=NONE,INCONCLUSIVE_NO_FROZEN_CONDITION_LEVEL_AGGREGATION,DEVELOPMENT_DIAGNOSTIC_EVIDENCE
dose100,NEIGHBOR_ABLATED,C_seed3407,C,3407,pca_reconstruction_error,Waymo Dynamic-v2 validation R0_DEVELOPMENT embedding bank (not represented as untouched training data),0.07653910696116759,0.009112898227145557,0.014466625073389354,0.018002249586246574,0.0,0.0,reference q99 per metric; raw row-level >=2/4 flag retained without inventing a condition-level aggregation threshold,NOT_APPLICABLE_NO_ENCODER_NORMALIZATION: frozen learned_encoder_input=NONE,INCONCLUSIVE_NO_FROZEN_CONDITION_LEVEL_AGGREGATION,DEVELOPMENT_DIAGNOSTIC_EVIDENCE
dose100,NEIGHBOR_ABLATED,C_seed3407,C,3407,nearest_neighbor_distance,Waymo Dynamic-v2 validation R0_DEVELOPMENT embedding bank (not represented as untouched training data),3.2175128207389627,0.6713956696524312,1.017149526675588,1.0424850029829922,0.0,0.0,reference q99 per metric; raw row-level >=2/4 flag retained without inventing a condition-level aggregation threshold,NOT_APPLICABLE_NO_ENCODER_NORMALIZATION: frozen learned_encoder_input=NONE,INCONCLUSIVE_NO_FROZEN_CONDITION_LEVEL_AGGREGATION,DEVELOPMENT_DIAGNOSTIC_EVIDENCE
dose0,FULL,C_seed3408,C,3408,embedding_norm_l2_deviation,Waymo Dynamic-v2 validation R0_DEVELOPMENT embedding bank (not represented as untouched training data),9.185681768055384,1.675977174282405,6.048433918592286,8.938866804586583,0.0,0.0,reference q99 per metric; raw row-level >=2/4 flag retained without inventing a condition-level aggregation threshold,NOT_APPLICABLE_NO_ENCODER_NORMALIZATION: frozen learned_encoder_input=NONE,INCONCLUSIVE_NO_FROZEN_CONDITION_LEVEL_AGGREGATION,DEVELOPMENT_DIAGNOSTIC_EVIDENCE
dose0,FULL,C_seed3408,C,3408,distance_to_r0_development_centroid,Waymo Dynamic-v2 validation R0_DEVELOPMENT embedding bank (not represented as untouched training data),10.77793154197582,4.323210876840785,7.7623406861418855,10.49350582642345,0.0,0.0,reference q99 per metric; raw row-level >=2/4 flag retained without inventing a condition-level aggregation threshold,NOT_APPLICABLE_NO_ENCODER_NORMALIZATION: frozen learned_encoder_input=NONE,INCONCLUSIVE_NO_FROZEN_CONDITION_LEVEL_AGGREGATION,DEVELOPMENT_DIAGNOSTIC_EVIDENCE
dose0,FULL,C_seed3408,C,3408,pca_reconstruction_error,Waymo Dynamic-v2 validation R0_DEVELOPMENT embedding bank (not represented as untouched training data),0.0735113341823531,0.019423453155475362,0.06354643650008378,0.0723285226958463,0.0,0.0,reference q99 per metric; raw row-level >=2/4 flag retained without inventing a condition-level aggregation threshold,NOT_APPLICABLE_NO_ENCODER_NORMALIZATION: frozen learned_encoder_input=NONE,INCONCLUSIVE_NO_FROZEN_CONDITION_LEVEL_AGGREGATION,DEVELOPMENT_DIAGNOSTIC_EVIDENCE
dose0,FULL,C_seed3408,C,3408,nearest_neighbor_distance,Waymo Dynamic-v2 validation R0_DEVELOPMENT embedding bank (not represented as untouched training data),3.20178120372735,1.6803083504477967,3.1543781565524927,4.541307517292069,0.0375,0.0,reference q99 per metric; raw row-level >=2/4 flag retained without inventing a condition-level aggregation threshold,NOT_APPLICABLE_NO_ENCODER_NORMALIZATION: frozen learned_encoder_input=NONE,INCONCLUSIVE_NO_FROZEN_CONDITION_LEVEL_AGGREGATION,DEVELOPMENT_DIAGNOSTIC_EVIDENCE
dose0,NEIGHBOR_ABLATED,C_seed3408,C,3408,embedding_norm_l2_deviation,Waymo Dynamic-v2 validation R0_DEVELOPMENT embedding bank (not represented as untouched training data),9.185681768055384,0.29270912786514547,1.3897840202299974,1.4902752238410377,0.0,0.0,reference q99 per metric; raw row-level >=2/4 flag retained without inventing a condition-level aggregation threshold,NOT_APPLICABLE_NO_ENCODER_NORMALIZATION: frozen learned_encoder_input=NONE,INCONCLUSIVE_NO_FROZEN_CONDITION_LEVEL_AGGREGATION,DEVELOPMENT_DIAGNOSTIC_EVIDENCE
dose0,NEIGHBOR_ABLATED,C_seed3408,C,3408,distance_to_r0_development_centroid,Waymo Dynamic-v2 validation R0_DEVELOPMENT embedding bank (not represented as untouched training data),10.77793154197582,3.4285038866078876,3.6091379281474367,3.6612934210453316,0.0,0.0,reference q99 per metric; raw row-level >=2/4 flag retained without inventing a condition-level aggregation threshold,NOT_APPLICABLE_NO_ENCODER_NORMALIZATION: frozen learned_encoder_input=NONE,INCONCLUSIVE_NO_FROZEN_CONDITION_LEVEL_AGGREGATION,DEVELOPMENT_DIAGNOSTIC_EVIDENCE
dose0,NEIGHBOR_ABLATED,C_seed3408,C,3408,pca_reconstruction_error,Waymo Dynamic-v2 validation R0_DEVELOPMENT embedding bank (not represented as untouched training data),0.0735113341823531,0.009383128155033497,0.014063963883536448,0.015773595918867293,0.0,0.0,reference q99 per metric; raw row-level >=2/4 flag retained without inventing a condition-level aggregation threshold,NOT_APPLICABLE_NO_ENCODER_NORMALIZATION: frozen learned_encoder_input=NONE,INCONCLUSIVE_NO_FROZEN_CONDITION_LEVEL_AGGREGATION,DEVELOPMENT_DIAGNOSTIC_EVIDENCE
dose0,NEIGHBOR_ABLATED,C_seed3408,C,3408,nearest_neighbor_distance,Waymo Dynamic-v2 validation R0_DEVELOPMENT embedding bank (not represented as untouched training data),3.20178120372735,0.5702544756148866,0.7300001271021098,0.9421226793099512,0.0,0.0,reference q99 per metric; raw row-level >=2/4 flag retained without inventing a condition-level aggregation threshold,NOT_APPLICABLE_NO_ENCODER_NORMALIZATION: frozen learned_encoder_input=NONE,INCONCLUSIVE_NO_FROZEN_CONDITION_LEVEL_AGGREGATION,DEVELOPMENT_DIAGNOSTIC_EVIDENCE
dose25,FULL,C_seed3408,C,3408,embedding_norm_l2_deviation,Waymo Dynamic-v2 validation R0_DEVELOPMENT embedding bank (not represented as untouched training data),9.185681768055384,1.536668386385533,5.172927570476837,8.366488775328188,0.0,0.0,reference q99 per metric; raw row-level >=2/4 flag retained without inventing a condition-level aggregation threshold,NOT_APPLICABLE_NO_ENCODER_NORMALIZATION: frozen learned_encoder_input=NONE,INCONCLUSIVE_NO_FROZEN_CONDITION_LEVEL_AGGREGATION,DEVELOPMENT_DIAGNOSTIC_EVIDENCE
dose25,FULL,C_seed3408,C,3408,distance_to_r0_development_centroid,Waymo Dynamic-v2 validation R0_DEVELOPMENT embedding bank (not represented as untouched training data),10.77793154197582,4.3063695315315975,7.356516910915893,9.83507389633669,0.0,0.0,reference q99 per metric; raw row-level >=2/4 flag retained without inventing a condition-level aggregation threshold,NOT_APPLICABLE_NO_ENCODER_NORMALIZATION: frozen learned_encoder_input=NONE,INCONCLUSIVE_NO_FROZEN_CONDITION_LEVEL_AGGREGATION,DEVELOPMENT_DIAGNOSTIC_EVIDENCE
dose25,FULL,C_seed3408,C,3408,pca_reconstruction_error,Waymo Dynamic-v2 validation R0_DEVELOPMENT embedding bank (not represented as untouched training data),0.0735113341823531,0.020188810834976874,0.056689105270919,0.07240383898976122,0.0,0.0,reference q99 per metric; raw row-level >=2/4 flag retained without inventing a condition-level aggregation threshold,NOT_APPLICABLE_NO_ENCODER_NORMALIZATION: frozen learned_encoder_input=NONE,INCONCLUSIVE_NO_FROZEN_CONDITION_LEVEL_AGGREGATION,DEVELOPMENT_DIAGNOSTIC_EVIDENCE
dose25,FULL,C_seed3408,C,3408,nearest_neighbor_distance,Waymo Dynamic-v2 validation R0_DEVELOPMENT embedding bank (not represented as untouched training data),3.20178120372735,1.6512164019353854,2.935672159430143,4.206043006298381,0.0375,0.0,reference q99 per metric; raw row-level >=2/4 flag retained without inventing a condition-level aggregation threshold,NOT_APPLICABLE_NO_ENCODER_NORMALIZATION: frozen learned_encoder_input=NONE,INCONCLUSIVE_NO_FROZEN_CONDITION_LEVEL_AGGREGATION,DEVELOPMENT_DIAGNOSTIC_EVIDENCE
dose25,NEIGHBOR_ABLATED,C_seed3408,C,3408,embedding_norm_l2_deviation,Waymo Dynamic-v2 validation R0_DEVELOPMENT embedding bank (not represented as untouched training data),9.185681768055384,0.2906395632100667,1.3866723002341734,1.4914276589649873,0.0,0.0,reference q99 per metric; raw row-level >=2/4 flag retained without inventing a condition-level aggregation threshold,NOT_APPLICABLE_NO_ENCODER_NORMALIZATION: frozen learned_encoder_input=NONE,INCONCLUSIVE_NO_FROZEN_CONDITION_LEVEL_AGGREGATION,DEVELOPMENT_DIAGNOSTIC_EVIDENCE
dose25,NEIGHBOR_ABLATED,C_seed3408,C,3408,distance_to_r0_development_centroid,Waymo Dynamic-v2 validation R0_DEVELOPMENT embedding bank (not represented as untouched training data),10.77793154197582,3.4319834747794986,3.611922611530745,3.6621675799671918,0.0,0.0,reference q99 per metric; raw row-level >=2/4 flag retained without inventing a condition-level aggregation threshold,NOT_APPLICABLE_NO_ENCODER_NORMALIZATION: frozen learned_encoder_input=NONE,INCONCLUSIVE_NO_FROZEN_CONDITION_LEVEL_AGGREGATION,DEVELOPMENT_DIAGNOSTIC_EVIDENCE
dose25,NEIGHBOR_ABLATED,C_seed3408,C,3408,pca_reconstruction_error,Waymo Dynamic-v2 validation R0_DEVELOPMENT embedding bank (not represented as untouched training data),0.0735113341823531,0.009371247910220724,0.014032354535275153,0.015768788624388016,0.0,0.0,reference q99 per metric; raw row-level >=2/4 flag retained without inventing a condition-level aggregation threshold,NOT_APPLICABLE_NO_ENCODER_NORMALIZATION: frozen learned_encoder_input=NONE,INCONCLUSIVE_NO_FROZEN_CONDITION_LEVEL_AGGREGATION,DEVELOPMENT_DIAGNOSTIC_EVIDENCE
dose25,NEIGHBOR_ABLATED,C_seed3408,C,3408,nearest_neighbor_distance,Waymo Dynamic-v2 validation R0_DEVELOPMENT embedding bank (not represented as untouched training data),3.20178120372735,0.5675191055045647,0.7334043923421583,0.9233505589450479,0.0,0.0,reference q99 per metric; raw row-level >=2/4 flag retained without inventing a condition-level aggregation threshold,NOT_APPLICABLE_NO_ENCODER_NORMALIZATION: frozen learned_encoder_input=NONE,INCONCLUSIVE_NO_FROZEN_CONDITION_LEVEL_AGGREGATION,DEVELOPMENT_DIAGNOSTIC_EVIDENCE
dose50,FULL,C_seed3408,C,3408,embedding_norm_l2_deviation,Waymo Dynamic-v2 validation R0_DEVELOPMENT embedding bank (not represented as untouched training data),9.185681768055384,1.8541608948520105,6.681420342408117,8.364019767372595,0.0,0.0,reference q99 per metric; raw row-level >=2/4 flag retained without inventing a condition-level aggregation threshold,NOT_APPLICABLE_NO_ENCODER_NORMALIZATION: frozen learned_encoder_input=NONE,INCONCLUSIVE_NO_FROZEN_CONDITION_LEVEL_AGGREGATION,DEVELOPMENT_DIAGNOSTIC_EVIDENCE
dose50,FULL,C_seed3408,C,3408,distance_to_r0_development_centroid,Waymo Dynamic-v2 validation R0_DEVELOPMENT embedding bank (not represented as untouched training data),10.77793154197582,4.346996221237589,8.340881475081767,9.832691565629762,0.0,0.0,reference q99 per metric; raw row-level >=2/4 flag retained without inventing a condition-level aggregation threshold,NOT_APPLICABLE_NO_ENCODER_NORMALIZATION: frozen learned_encoder_input=NONE,INCONCLUSIVE_NO_FROZEN_CONDITION_LEVEL_AGGREGATION,DEVELOPMENT_DIAGNOSTIC_EVIDENCE
dose50,FULL,C_seed3408,C,3408,pca_reconstruction_error,Waymo Dynamic-v2 validation R0_DEVELOPMENT embedding bank (not represented as untouched training data),0.0735113341823531,0.020594000434603868,0.056536428301602375,0.07243989922553115,0.0,0.0,reference q99 per metric; raw row-level >=2/4 flag retained without inventing a condition-level aggregation threshold,NOT_APPLICABLE_NO_ENCODER_NORMALIZATION: frozen learned_encoder_input=NONE,INCONCLUSIVE_NO_FROZEN_CONDITION_LEVEL_AGGREGATION,DEVELOPMENT_DIAGNOSTIC_EVIDENCE
dose50,FULL,C_seed3408,C,3408,nearest_neighbor_distance,Waymo Dynamic-v2 validation R0_DEVELOPMENT embedding bank (not represented as untouched training data),3.20178120372735,1.6953703020074058,3.384141870034858,4.208379274516118,0.0625,0.0,reference q99 per metric; raw row-level >=2/4 flag retained without inventing a condition-level aggregation threshold,NOT_APPLICABLE_NO_ENCODER_NORMALIZATION: frozen learned_encoder_input=NONE,INCONCLUSIVE_NO_FROZEN_CONDITION_LEVEL_AGGREGATION,DEVELOPMENT_DIAGNOSTIC_EVIDENCE
dose50,NEIGHBOR_ABLATED,C_seed3408,C,3408,embedding_norm_l2_deviation,Waymo Dynamic-v2 validation R0_DEVELOPMENT embedding bank (not represented as untouched training data),9.185681768055384,0.2839893142109622,1.3803992152181777,1.4855255625558552,0.0,0.0,reference q99 per metric; raw row-level >=2/4 flag retained without inventing a condition-level aggregation threshold,NOT_APPLICABLE_NO_ENCODER_NORMALIZATION: frozen learned_encoder_input=NONE,INCONCLUSIVE_NO_FROZEN_CONDITION_LEVEL_AGGREGATION,DEVELOPMENT_DIAGNOSTIC_EVIDENCE
dose50,NEIGHBOR_ABLATED,C_seed3408,C,3408,distance_to_r0_development_centroid,Waymo Dynamic-v2 validation R0_DEVELOPMENT embedding bank (not represented as untouched training data),10.77793154197582,3.433521346941089,3.6169969436747933,3.662193690482123,0.0,0.0,reference q99 per metric; raw row-level >=2/4 flag retained without inventing a condition-level aggregation threshold,NOT_APPLICABLE_NO_ENCODER_NORMALIZATION: frozen learned_encoder_input=NONE,INCONCLUSIVE_NO_FROZEN_CONDITION_LEVEL_AGGREGATION,DEVELOPMENT_DIAGNOSTIC_EVIDENCE
dose50,NEIGHBOR_ABLATED,C_seed3408,C,3408,pca_reconstruction_error,Waymo Dynamic-v2 validation R0_DEVELOPMENT embedding bank (not represented as untouched training data),0.0735113341823531,0.009352931012343087,0.014010826751032324,0.015759813366415507,0.0,0.0,reference q99 per metric; raw row-level >=2/4 flag retained without inventing a condition-level aggregation threshold,NOT_APPLICABLE_NO_ENCODER_NORMALIZATION: frozen learned_encoder_input=NONE,INCONCLUSIVE_NO_FROZEN_CONDITION_LEVEL_AGGREGATION,DEVELOPMENT_DIAGNOSTIC_EVIDENCE
dose50,NEIGHBOR_ABLATED,C_seed3408,C,3408,nearest_neighbor_distance,Waymo Dynamic-v2 validation R0_DEVELOPMENT embedding bank (not represented as untouched training data),3.20178120372735,0.5748154085605749,0.7302106558987457,0.922574940911786,0.0,0.0,reference q99 per metric; raw row-level >=2/4 flag retained without inventing a condition-level aggregation threshold,NOT_APPLICABLE_NO_ENCODER_NORMALIZATION: frozen learned_encoder_input=NONE,INCONCLUSIVE_NO_FROZEN_CONDITION_LEVEL_AGGREGATION,DEVELOPMENT_DIAGNOSTIC_EVIDENCE
dose75,FULL,C_seed3408,C,3408,embedding_norm_l2_deviation,Waymo Dynamic-v2 validation R0_DEVELOPMENT embedding bank (not represented as untouched training data),9.185681768055384,1.9943765512339544,6.347625892246325,8.361294581349794,0.0,0.0,reference q99 per metric; raw row-level >=2/4 flag retained without inventing a condition-level aggregation threshold,NOT_APPLICABLE_NO_ENCODER_NORMALIZATION: frozen learned_encoder_input=NONE,INCONCLUSIVE_NO_FROZEN_CONDITION_LEVEL_AGGREGATION,DEVELOPMENT_DIAGNOSTIC_EVIDENCE
dose75,FULL,C_seed3408,C,3408,distance_to_r0_development_centroid,Waymo Dynamic-v2 validation R0_DEVELOPMENT embedding bank (not represented as untouched training data),10.77793154197582,4.4549403153986225,8.058054768846988,9.830000335218102,0.0,0.0,reference q99 per metric; raw row-level >=2/4 flag retained without inventing a condition-level aggregation threshold,NOT_APPLICABLE_NO_ENCODER_NORMALIZATION: frozen learned_encoder_input=NONE,INCONCLUSIVE_NO_FROZEN_CONDITION_LEVEL_AGGREGATION,DEVELOPMENT_DIAGNOSTIC_EVIDENCE
dose75,FULL,C_seed3408,C,3408,pca_reconstruction_error,Waymo Dynamic-v2 validation R0_DEVELOPMENT embedding bank (not represented as untouched training data),0.0735113341823531,0.021466858194938782,0.05467595910843646,0.07249377520420228,0.0,0.0,reference q99 per metric; raw row-level >=2/4 flag retained without inventing a condition-level aggregation threshold,NOT_APPLICABLE_NO_ENCODER_NORMALIZATION: frozen learned_encoder_input=NONE,INCONCLUSIVE_NO_FROZEN_CONDITION_LEVEL_AGGREGATION,DEVELOPMENT_DIAGNOSTIC_EVIDENCE
dose75,FULL,C_seed3408,C,3408,nearest_neighbor_distance,Waymo Dynamic-v2 validation R0_DEVELOPMENT embedding bank (not represented as untouched training data),3.20178120372735,1.822938301046735,3.3636688860221615,4.210571035706842,0.0625,0.0,reference q99 per metric; raw row-level >=2/4 flag retained without inventing a condition-level aggregation threshold,NOT_APPLICABLE_NO_ENCODER_NORMALIZATION: frozen learned_encoder_input=NONE,INCONCLUSIVE_NO_FROZEN_CONDITION_LEVEL_AGGREGATION,DEVELOPMENT_DIAGNOSTIC_EVIDENCE
dose75,NEIGHBOR_ABLATED,C_seed3408,C,3408,embedding_norm_l2_deviation,Waymo Dynamic-v2 validation R0_DEVELOPMENT embedding bank (not represented as untouched training data),9.185681768055384,0.27423269458057664,1.3765308952862012,1.4830599356601244,0.0,0.0,reference q99 per metric; raw row-level >=2/4 flag retained without inventing a condition-level aggregation threshold,NOT_APPLICABLE_NO_ENCODER_NORMALIZATION: frozen learned_encoder_input=NONE,INCONCLUSIVE_NO_FROZEN_CONDITION_LEVEL_AGGREGATION,DEVELOPMENT_DIAGNOSTIC_EVIDENCE
dose75,NEIGHBOR_ABLATED,C_seed3408,C,3408,distance_to_r0_development_centroid,Waymo Dynamic-v2 validation R0_DEVELOPMENT embedding bank (not represented as untouched training data),10.77793154197582,3.4384064716759246,3.6207608590834917,3.6627643926496423,0.0,0.0,reference q99 per metric; raw row-level >=2/4 flag retained without inventing a condition-level aggregation threshold,NOT_APPLICABLE_NO_ENCODER_NORMALIZATION: frozen learned_encoder_input=NONE,INCONCLUSIVE_NO_FROZEN_CONDITION_LEVEL_AGGREGATION,DEVELOPMENT_DIAGNOSTIC_EVIDENCE
dose75,NEIGHBOR_ABLATED,C_seed3408,C,3408,pca_reconstruction_error,Waymo Dynamic-v2 validation R0_DEVELOPMENT embedding bank (not represented as untouched training data),0.0735113341823531,0.009342693400759394,0.013990547513744116,0.015752815084653125,0.0,0.0,reference q99 per metric; raw row-level >=2/4 flag retained without inventing a condition-level aggregation threshold,NOT_APPLICABLE_NO_ENCODER_NORMALIZATION: frozen learned_encoder_input=NONE,INCONCLUSIVE_NO_FROZEN_CONDITION_LEVEL_AGGREGATION,DEVELOPMENT_DIAGNOSTIC_EVIDENCE
dose75,NEIGHBOR_ABLATED,C_seed3408,C,3408,nearest_neighbor_distance,Waymo Dynamic-v2 validation R0_DEVELOPMENT embedding bank (not represented as untouched training data),3.20178120372735,0.5776554819390796,0.7518570704330504,0.916268667000017,0.0,0.0,reference q99 per metric; raw row-level >=2/4 flag retained without inventing a condition-level aggregation threshold,NOT_APPLICABLE_NO_ENCODER_NORMALIZATION: frozen learned_encoder_input=NONE,INCONCLUSIVE_NO_FROZEN_CONDITION_LEVEL_AGGREGATION,DEVELOPMENT_DIAGNOSTIC_EVIDENCE
dose100,FULL,C_seed3408,C,3408,embedding_norm_l2_deviation,Waymo Dynamic-v2 validation R0_DEVELOPMENT embedding bank (not represented as untouched training data),9.185681768055384,1.9991929423581372,6.2009584141799,8.18853156488555,0.0,0.0,reference q99 per metric; raw row-level >=2/4 flag retained without inventing a condition-level aggregation threshold,NOT_APPLICABLE_NO_ENCODER_NORMALIZATION: frozen learned_encoder_input=NONE,INCONCLUSIVE_NO_FROZEN_CONDITION_LEVEL_AGGREGATION,DEVELOPMENT_DIAGNOSTIC_EVIDENCE
dose100,FULL,C_seed3408,C,3408,distance_to_r0_development_centroid,Waymo Dynamic-v2 validation R0_DEVELOPMENT embedding bank (not represented as untouched training data),10.77793154197582,4.4935579943882615,7.836293613868085,9.670259268685335,0.0,0.0,reference q99 per metric; raw row-level >=2/4 flag retained without inventing a condition-level aggregation threshold,NOT_APPLICABLE_NO_ENCODER_NORMALIZATION: frozen learned_encoder_input=NONE,INCONCLUSIVE_NO_FROZEN_CONDITION_LEVEL_AGGREGATION,DEVELOPMENT_DIAGNOSTIC_EVIDENCE
dose100,FULL,C_seed3408,C,3408,pca_reconstruction_error,Waymo Dynamic-v2 validation R0_DEVELOPMENT embedding bank (not represented as untouched training data),0.0735113341823531,0.021569030964852354,0.05645884801392493,0.0742009497144176,0.0125,0.0,reference q99 per metric; raw row-level >=2/4 flag retained without inventing a condition-level aggregation threshold,NOT_APPLICABLE_NO_ENCODER_NORMALIZATION: frozen learned_encoder_input=NONE,INCONCLUSIVE_NO_FROZEN_CONDITION_LEVEL_AGGREGATION,DEVELOPMENT_DIAGNOSTIC_EVIDENCE
dose100,FULL,C_seed3408,C,3408,nearest_neighbor_distance,Waymo Dynamic-v2 validation R0_DEVELOPMENT embedding bank (not represented as untouched training data),3.20178120372735,1.8075211153750388,3.3282986183768806,4.314663039853237,0.0625,0.0,reference q99 per metric; raw row-level >=2/4 flag retained without inventing a condition-level aggregation threshold,NOT_APPLICABLE_NO_ENCODER_NORMALIZATION: frozen learned_encoder_input=NONE,INCONCLUSIVE_NO_FROZEN_CONDITION_LEVEL_AGGREGATION,DEVELOPMENT_DIAGNOSTIC_EVIDENCE
dose100,NEIGHBOR_ABLATED,C_seed3408,C,3408,embedding_norm_l2_deviation,Waymo Dynamic-v2 validation R0_DEVELOPMENT embedding bank (not represented as untouched training data),9.185681768055384,0.2688860286874779,1.3777035661845198,1.4659426193482803,0.0,0.0,reference q99 per metric; raw row-level >=2/4 flag retained without inventing a condition-level aggregation threshold,NOT_APPLICABLE_NO_ENCODER_NORMALIZATION: frozen learned_encoder_input=NONE,INCONCLUSIVE_NO_FROZEN_CONDITION_LEVEL_AGGREGATION,DEVELOPMENT_DIAGNOSTIC_EVIDENCE
dose100,NEIGHBOR_ABLATED,C_seed3408,C,3408,distance_to_r0_development_centroid,Waymo Dynamic-v2 validation R0_DEVELOPMENT embedding bank (not represented as untouched training data),10.77793154197582,3.442084699717063,3.624971900579673,3.6628163053575173,0.0,0.0,reference q99 per metric; raw row-level >=2/4 flag retained without inventing a condition-level aggregation threshold,NOT_APPLICABLE_NO_ENCODER_NORMALIZATION: frozen learned_encoder_input=NONE,INCONCLUSIVE_NO_FROZEN_CONDITION_LEVEL_AGGREGATION,DEVELOPMENT_DIAGNOSTIC_EVIDENCE
dose100,NEIGHBOR_ABLATED,C_seed3408,C,3408,pca_reconstruction_error,Waymo Dynamic-v2 validation R0_DEVELOPMENT embedding bank (not represented as untouched training data),0.0735113341823531,0.009333759639146837,0.013966138915805473,0.015752030214000828,0.0,0.0,reference q99 per metric; raw row-level >=2/4 flag retained without inventing a condition-level aggregation threshold,NOT_APPLICABLE_NO_ENCODER_NORMALIZATION: frozen learned_encoder_input=NONE,INCONCLUSIVE_NO_FROZEN_CONDITION_LEVEL_AGGREGATION,DEVELOPMENT_DIAGNOSTIC_EVIDENCE
dose100,NEIGHBOR_ABLATED,C_seed3408,C,3408,nearest_neighbor_distance,Waymo Dynamic-v2 validation R0_DEVELOPMENT embedding bank (not represented as untouched training data),3.20178120372735,0.5767895311290243,0.743021760241278,0.8979715621888499,0.0,0.0,reference q99 per metric; raw row-level >=2/4 flag retained without inventing a condition-level aggregation threshold,NOT_APPLICABLE_NO_ENCODER_NORMALIZATION: frozen learned_encoder_input=NONE,INCONCLUSIVE_NO_FROZEN_CONDITION_LEVEL_AGGREGATION,DEVELOPMENT_DIAGNOSTIC_EVIDENCE
dose0,FULL,C_seed3409,C,3409,embedding_norm_l2_deviation,Waymo Dynamic-v2 validation R0_DEVELOPMENT embedding bank (not represented as untouched training data),9.452760965713791,1.6535154743961753,6.482877325236908,8.646322474163796,0.0,0.0125,reference q99 per metric; raw row-level >=2/4 flag retained without inventing a condition-level aggregation threshold,NOT_APPLICABLE_NO_ENCODER_NORMALIZATION: frozen learned_encoder_input=NONE,INCONCLUSIVE_NO_FROZEN_CONDITION_LEVEL_AGGREGATION,DEVELOPMENT_DIAGNOSTIC_EVIDENCE
dose0,FULL,C_seed3409,C,3409,distance_to_r0_development_centroid,Waymo Dynamic-v2 validation R0_DEVELOPMENT embedding bank (not represented as untouched training data),11.186170459782453,4.3674197352153215,8.24049867623057,10.366323583526835,0.0,0.0125,reference q99 per metric; raw row-level >=2/4 flag retained without inventing a condition-level aggregation threshold,NOT_APPLICABLE_NO_ENCODER_NORMALIZATION: frozen learned_encoder_input=NONE,INCONCLUSIVE_NO_FROZEN_CONDITION_LEVEL_AGGREGATION,DEVELOPMENT_DIAGNOSTIC_EVIDENCE
dose0,FULL,C_seed3409,C,3409,pca_reconstruction_error,Waymo Dynamic-v2 validation R0_DEVELOPMENT embedding bank (not represented as untouched training data),0.08016767069164361,0.025021633887723334,0.08248265767192416,0.11606865291032384,0.0625,0.0125,reference q99 per metric; raw row-level >=2/4 flag retained without inventing a condition-level aggregation threshold,NOT_APPLICABLE_NO_ENCODER_NORMALIZATION: frozen learned_encoder_input=NONE,INCONCLUSIVE_NO_FROZEN_CONDITION_LEVEL_AGGREGATION,DEVELOPMENT_DIAGNOSTIC_EVIDENCE
dose0,FULL,C_seed3409,C,3409,nearest_neighbor_distance,Waymo Dynamic-v2 validation R0_DEVELOPMENT embedding bank (not represented as untouched training data),3.17483392586812,1.7861779250391112,3.110490604058744,4.585975495799729,0.05,0.0125,reference q99 per metric; raw row-level >=2/4 flag retained without inventing a condition-level aggregation threshold,NOT_APPLICABLE_NO_ENCODER_NORMALIZATION: frozen learned_encoder_input=NONE,INCONCLUSIVE_NO_FROZEN_CONDITION_LEVEL_AGGREGATION,DEVELOPMENT_DIAGNOSTIC_EVIDENCE
dose0,NEIGHBOR_ABLATED,C_seed3409,C,3409,embedding_norm_l2_deviation,Waymo Dynamic-v2 validation R0_DEVELOPMENT embedding bank (not represented as untouched training data),9.452760965713791,0.5309516093828961,1.00550704752963,1.0856858537958676,0.0,0.0,reference q99 per metric; raw row-level >=2/4 flag retained without inventing a condition-level aggregation threshold,NOT_APPLICABLE_NO_ENCODER_NORMALIZATION: frozen learned_encoder_input=NONE,INCONCLUSIVE_NO_FROZEN_CONDITION_LEVEL_AGGREGATION,DEVELOPMENT_DIAGNOSTIC_EVIDENCE
dose0,NEIGHBOR_ABLATED,C_seed3409,C,3409,distance_to_r0_development_centroid,Waymo Dynamic-v2 validation R0_DEVELOPMENT embedding bank (not represented as untouched training data),11.186170459782453,3.3556516065697872,3.7355385243415573,3.796883717148592,0.0,0.0,reference q99 per metric; raw row-level >=2/4 flag retained without inventing a condition-level aggregation threshold,NOT_APPLICABLE_NO_ENCODER_NORMALIZATION: frozen learned_encoder_input=NONE,INCONCLUSIVE_NO_FROZEN_CONDITION_LEVEL_AGGREGATION,DEVELOPMENT_DIAGNOSTIC_EVIDENCE
dose0,NEIGHBOR_ABLATED,C_seed3409,C,3409,pca_reconstruction_error,Waymo Dynamic-v2 validation R0_DEVELOPMENT embedding bank (not represented as untouched training data),0.08016767069164361,0.01121427325931645,0.016210772136283243,0.018352855610222596,0.0,0.0,reference q99 per metric; raw row-level >=2/4 flag retained without inventing a condition-level aggregation threshold,NOT_APPLICABLE_NO_ENCODER_NORMALIZATION: frozen learned_encoder_input=NONE,INCONCLUSIVE_NO_FROZEN_CONDITION_LEVEL_AGGREGATION,DEVELOPMENT_DIAGNOSTIC_EVIDENCE
dose0,NEIGHBOR_ABLATED,C_seed3409,C,3409,nearest_neighbor_distance,Waymo Dynamic-v2 validation R0_DEVELOPMENT embedding bank (not represented as untouched training data),3.17483392586812,0.7414841024621082,0.8949607247021564,1.0263334466631684,0.0,0.0,reference q99 per metric; raw row-level >=2/4 flag retained without inventing a condition-level aggregation threshold,NOT_APPLICABLE_NO_ENCODER_NORMALIZATION: frozen learned_encoder_input=NONE,INCONCLUSIVE_NO_FROZEN_CONDITION_LEVEL_AGGREGATION,DEVELOPMENT_DIAGNOSTIC_EVIDENCE
dose25,FULL,C_seed3409,C,3409,embedding_norm_l2_deviation,Waymo Dynamic-v2 validation R0_DEVELOPMENT embedding bank (not represented as untouched training data),9.452760965713791,1.63648016018705,6.147159498247088,8.100008899445768,0.0,0.025,reference q99 per metric; raw row-level >=2/4 flag retained without inventing a condition-level aggregation threshold,NOT_APPLICABLE_NO_ENCODER_NORMALIZATION: frozen learned_encoder_input=NONE,INCONCLUSIVE_NO_FROZEN_CONDITION_LEVEL_AGGREGATION,DEVELOPMENT_DIAGNOSTIC_EVIDENCE
dose25,FULL,C_seed3409,C,3409,distance_to_r0_development_centroid,Waymo Dynamic-v2 validation R0_DEVELOPMENT embedding bank (not represented as untouched training data),11.186170459782453,4.356858564068862,7.995716748203576,9.757965365712483,0.0,0.025,reference q99 per metric; raw row-level >=2/4 flag retained without inventing a condition-level aggregation threshold,NOT_APPLICABLE_NO_ENCODER_NORMALIZATION: frozen learned_encoder_input=NONE,INCONCLUSIVE_NO_FROZEN_CONDITION_LEVEL_AGGREGATION,DEVELOPMENT_DIAGNOSTIC_EVIDENCE
dose25,FULL,C_seed3409,C,3409,pca_reconstruction_error,Waymo Dynamic-v2 validation R0_DEVELOPMENT embedding bank (not represented as untouched training data),0.08016767069164361,0.024455432624947294,0.08027504762753605,0.09938124533373285,0.0625,0.025,reference q99 per metric; raw row-level >=2/4 flag retained without inventing a condition-level aggregation threshold,NOT_APPLICABLE_NO_ENCODER_NORMALIZATION: frozen learned_encoder_input=NONE,INCONCLUSIVE_NO_FROZEN_CONDITION_LEVEL_AGGREGATION,DEVELOPMENT_DIAGNOSTIC_EVIDENCE
dose25,FULL,C_seed3409,C,3409,nearest_neighbor_distance,Waymo Dynamic-v2 validation R0_DEVELOPMENT embedding bank (not represented as untouched training data),3.17483392586812,1.8549484408098567,3.0993384651567437,4.323899652148009,0.025,0.025,reference q99 per metric; raw row-level >=2/4 flag retained without inventing a condition-level aggregation threshold,NOT_APPLICABLE_NO_ENCODER_NORMALIZATION: frozen learned_encoder_input=NONE,INCONCLUSIVE_NO_FROZEN_CONDITION_LEVEL_AGGREGATION,DEVELOPMENT_DIAGNOSTIC_EVIDENCE
dose25,NEIGHBOR_ABLATED,C_seed3409,C,3409,embedding_norm_l2_deviation,Waymo Dynamic-v2 validation R0_DEVELOPMENT embedding bank (not represented as untouched training data),9.452760965713791,0.5314694476387944,1.0040886589975813,1.0881286968044623,0.0,0.0,reference q99 per metric; raw row-level >=2/4 flag retained without inventing a condition-level aggregation threshold,NOT_APPLICABLE_NO_ENCODER_NORMALIZATION: frozen learned_encoder_input=NONE,INCONCLUSIVE_NO_FROZEN_CONDITION_LEVEL_AGGREGATION,DEVELOPMENT_DIAGNOSTIC_EVIDENCE
dose25,NEIGHBOR_ABLATED,C_seed3409,C,3409,distance_to_r0_development_centroid,Waymo Dynamic-v2 validation R0_DEVELOPMENT embedding bank (not represented as untouched training data),11.186170459782453,3.3539281064067485,3.7477294711731717,3.7977654951856246,0.0,0.0,reference q99 per metric; raw row-level >=2/4 flag retained without inventing a condition-level aggregation threshold,NOT_APPLICABLE_NO_ENCODER_NORMALIZATION: frozen learned_encoder_input=NONE,INCONCLUSIVE_NO_FROZEN_CONDITION_LEVEL_AGGREGATION,DEVELOPMENT_DIAGNOSTIC_EVIDENCE
dose25,NEIGHBOR_ABLATED,C_seed3409,C,3409,pca_reconstruction_error,Waymo Dynamic-v2 validation R0_DEVELOPMENT embedding bank (not represented as untouched training data),0.08016767069164361,0.011213848288047267,0.01618757991339113,0.01835392098386395,0.0,0.0,reference q99 per metric; raw row-level >=2/4 flag retained without inventing a condition-level aggregation threshold,NOT_APPLICABLE_NO_ENCODER_NORMALIZATION: frozen learned_encoder_input=NONE,INCONCLUSIVE_NO_FROZEN_CONDITION_LEVEL_AGGREGATION,DEVELOPMENT_DIAGNOSTIC_EVIDENCE
dose25,NEIGHBOR_ABLATED,C_seed3409,C,3409,nearest_neighbor_distance,Waymo Dynamic-v2 validation R0_DEVELOPMENT embedding bank (not represented as untouched training data),3.17483392586812,0.7447809674434023,0.8999533405803759,1.0264555946332437,0.0,0.0,reference q99 per metric; raw row-level >=2/4 flag retained without inventing a condition-level aggregation threshold,NOT_APPLICABLE_NO_ENCODER_NORMALIZATION: frozen learned_encoder_input=NONE,INCONCLUSIVE_NO_FROZEN_CONDITION_LEVEL_AGGREGATION,DEVELOPMENT_DIAGNOSTIC_EVIDENCE
dose50,FULL,C_seed3409,C,3409,embedding_norm_l2_deviation,Waymo Dynamic-v2 validation R0_DEVELOPMENT embedding bank (not represented as untouched training data),9.452760965713791,1.9371882463354737,6.146983692437737,8.18995019048975,0.0,0.025,reference q99 per metric; raw row-level >=2/4 flag retained without inventing a condition-level aggregation threshold,NOT_APPLICABLE_NO_ENCODER_NORMALIZATION: frozen learned_encoder_input=NONE,INCONCLUSIVE_NO_FROZEN_CONDITION_LEVEL_AGGREGATION,DEVELOPMENT_DIAGNOSTIC_EVIDENCE
dose50,FULL,C_seed3409,C,3409,distance_to_r0_development_centroid,Waymo Dynamic-v2 validation R0_DEVELOPMENT embedding bank (not represented as untouched training data),11.186170459782453,4.611961727278457,8.003092816928152,9.749371176899707,0.0,0.025,reference q99 per metric; raw row-level >=2/4 flag retained without inventing a condition-level aggregation threshold,NOT_APPLICABLE_NO_ENCODER_NORMALIZATION: frozen learned_encoder_input=NONE,INCONCLUSIVE_NO_FROZEN_CONDITION_LEVEL_AGGREGATION,DEVELOPMENT_DIAGNOSTIC_EVIDENCE
dose50,FULL,C_seed3409,C,3409,pca_reconstruction_error,Waymo Dynamic-v2 validation R0_DEVELOPMENT embedding bank (not represented as untouched training data),0.08016767069164361,0.025841565815442002,0.08031530402922621,0.09935386983812772,0.0625,0.025,reference q99 per metric; raw row-level >=2/4 flag retained without inventing a condition-level aggregation threshold,NOT_APPLICABLE_NO_ENCODER_NORMALIZATION: frozen learned_encoder_input=NONE,INCONCLUSIVE_NO_FROZEN_CONDITION_LEVEL_AGGREGATION,DEVELOPMENT_DIAGNOSTIC_EVIDENCE
dose50,FULL,C_seed3409,C,3409,nearest_neighbor_distance,Waymo Dynamic-v2 validation R0_DEVELOPMENT embedding bank (not represented as untouched training data),3.17483392586812,1.9355201516906866,3.1515762380286394,4.320912211956241,0.05,0.025,reference q99 per metric; raw row-level >=2/4 flag retained without inventing a condition-level aggregation threshold,NOT_APPLICABLE_NO_ENCODER_NORMALIZATION: frozen learned_encoder_input=NONE,INCONCLUSIVE_NO_FROZEN_CONDITION_LEVEL_AGGREGATION,DEVELOPMENT_DIAGNOSTIC_EVIDENCE
dose50,NEIGHBOR_ABLATED,C_seed3409,C,3409,embedding_norm_l2_deviation,Waymo Dynamic-v2 validation R0_DEVELOPMENT embedding bank (not represented as untouched training data),9.452760965713791,0.5325469623818018,1.001506320440261,1.087844635837933,0.0,0.0,reference q99 per metric; raw row-level >=2/4 flag retained without inventing a condition-level aggregation threshold,NOT_APPLICABLE_NO_ENCODER_NORMALIZATION: frozen learned_encoder_input=NONE,INCONCLUSIVE_NO_FROZEN_CONDITION_LEVEL_AGGREGATION,DEVELOPMENT_DIAGNOSTIC_EVIDENCE
dose50,NEIGHBOR_ABLATED,C_seed3409,C,3409,distance_to_r0_development_centroid,Waymo Dynamic-v2 validation R0_DEVELOPMENT embedding bank (not represented as untouched training data),11.186170459782453,3.342393022516953,3.7494701552876375,3.798814322656231,0.0,0.0,reference q99 per metric; raw row-level >=2/4 flag retained without inventing a condition-level aggregation threshold,NOT_APPLICABLE_NO_ENCODER_NORMALIZATION: frozen learned_encoder_input=NONE,INCONCLUSIVE_NO_FROZEN_CONDITION_LEVEL_AGGREGATION,DEVELOPMENT_DIAGNOSTIC_EVIDENCE
dose50,NEIGHBOR_ABLATED,C_seed3409,C,3409,pca_reconstruction_error,Waymo Dynamic-v2 validation R0_DEVELOPMENT embedding bank (not represented as untouched training data),0.08016767069164361,0.01121130968037281,0.016171789826070142,0.01835549639021518,0.0,0.0,reference q99 per metric; raw row-level >=2/4 flag retained without inventing a condition-level aggregation threshold,NOT_APPLICABLE_NO_ENCODER_NORMALIZATION: frozen learned_encoder_input=NONE,INCONCLUSIVE_NO_FROZEN_CONDITION_LEVEL_AGGREGATION,DEVELOPMENT_DIAGNOSTIC_EVIDENCE
dose50,NEIGHBOR_ABLATED,C_seed3409,C,3409,nearest_neighbor_distance,Waymo Dynamic-v2 validation R0_DEVELOPMENT embedding bank (not represented as untouched training data),3.17483392586812,0.7479423906689044,0.9100341206250403,1.0287280967089896,0.0,0.0,reference q99 per metric; raw row-level >=2/4 flag retained without inventing a condition-level aggregation threshold,NOT_APPLICABLE_NO_ENCODER_NORMALIZATION: frozen learned_encoder_input=NONE,INCONCLUSIVE_NO_FROZEN_CONDITION_LEVEL_AGGREGATION,DEVELOPMENT_DIAGNOSTIC_EVIDENCE
dose75,FULL,C_seed3409,C,3409,embedding_norm_l2_deviation,Waymo Dynamic-v2 validation R0_DEVELOPMENT embedding bank (not represented as untouched training data),9.452760965713791,1.6541544367229584,6.732276608353556,8.080785902818931,0.0,0.0125,reference q99 per metric; raw row-level >=2/4 flag retained without inventing a condition-level aggregation threshold,NOT_APPLICABLE_NO_ENCODER_NORMALIZATION: frozen learned_encoder_input=NONE,INCONCLUSIVE_NO_FROZEN_CONDITION_LEVEL_AGGREGATION,DEVELOPMENT_DIAGNOSTIC_EVIDENCE
dose75,FULL,C_seed3409,C,3409,distance_to_r0_development_centroid,Waymo Dynamic-v2 validation R0_DEVELOPMENT embedding bank (not represented as untouched training data),11.186170459782453,4.385026088995492,8.597818228056607,9.740930917474001,0.0,0.0125,reference q99 per metric; raw row-level >=2/4 flag retained without inventing a condition-level aggregation threshold,NOT_APPLICABLE_NO_ENCODER_NORMALIZATION: frozen learned_encoder_input=NONE,INCONCLUSIVE_NO_FROZEN_CONDITION_LEVEL_AGGREGATION,DEVELOPMENT_DIAGNOSTIC_EVIDENCE
dose75,FULL,C_seed3409,C,3409,pca_reconstruction_error,Waymo Dynamic-v2 validation R0_DEVELOPMENT embedding bank (not represented as untouched training data),0.08016767069164361,0.02649556611225725,0.0802998667301354,0.09934673421520676,0.05,0.0125,reference q99 per metric; raw row-level >=2/4 flag retained without inventing a condition-level aggregation threshold,NOT_APPLICABLE_NO_ENCODER_NORMALIZATION: frozen learned_encoder_input=NONE,INCONCLUSIVE_NO_FROZEN_CONDITION_LEVEL_AGGREGATION,DEVELOPMENT_DIAGNOSTIC_EVIDENCE
dose75,FULL,C_seed3409,C,3409,nearest_neighbor_distance,Waymo Dynamic-v2 validation R0_DEVELOPMENT embedding bank (not represented as untouched training data),3.17483392586812,2.0522481364333585,3.1469733498704104,4.318333265527666,0.05,0.0125,reference q99 per metric; raw row-level >=2/4 flag retained without inventing a condition-level aggregation threshold,NOT_APPLICABLE_NO_ENCODER_NORMALIZATION: frozen learned_encoder_input=NONE,INCONCLUSIVE_NO_FROZEN_CONDITION_LEVEL_AGGREGATION,DEVELOPMENT_DIAGNOSTIC_EVIDENCE
dose75,NEIGHBOR_ABLATED,C_seed3409,C,3409,embedding_norm_l2_deviation,Waymo Dynamic-v2 validation R0_DEVELOPMENT embedding bank (not represented as untouched training data),9.452760965713791,0.5341593539538794,1.0268578430822553,1.0906265771242412,0.0,0.0,reference q99 per metric; raw row-level >=2/4 flag retained without inventing a condition-level aggregation threshold,NOT_APPLICABLE_NO_ENCODER_NORMALIZATION: frozen learned_encoder_input=NONE,INCONCLUSIVE_NO_FROZEN_CONDITION_LEVEL_AGGREGATION,DEVELOPMENT_DIAGNOSTIC_EVIDENCE
dose75,NEIGHBOR_ABLATED,C_seed3409,C,3409,distance_to_r0_development_centroid,Waymo Dynamic-v2 validation R0_DEVELOPMENT embedding bank (not represented as untouched training data),11.186170459782453,3.342197636228333,3.750743635312193,3.799145971936009,0.0,0.0,reference q99 per metric; raw row-level >=2/4 flag retained without inventing a condition-level aggregation threshold,NOT_APPLICABLE_NO_ENCODER_NORMALIZATION: frozen learned_encoder_input=NONE,INCONCLUSIVE_NO_FROZEN_CONDITION_LEVEL_AGGREGATION,DEVELOPMENT_DIAGNOSTIC_EVIDENCE
dose75,NEIGHBOR_ABLATED,C_seed3409,C,3409,pca_reconstruction_error,Waymo Dynamic-v2 validation R0_DEVELOPMENT embedding bank (not represented as untouched training data),0.08016767069164361,0.011207842869402247,0.0161621721361639,0.018359222451646624,0.0,0.0,reference q99 per metric; raw row-level >=2/4 flag retained without inventing a condition-level aggregation threshold,NOT_APPLICABLE_NO_ENCODER_NORMALIZATION: frozen learned_encoder_input=NONE,INCONCLUSIVE_NO_FROZEN_CONDITION_LEVEL_AGGREGATION,DEVELOPMENT_DIAGNOSTIC_EVIDENCE
dose75,NEIGHBOR_ABLATED,C_seed3409,C,3409,nearest_neighbor_distance,Waymo Dynamic-v2 validation R0_DEVELOPMENT embedding bank (not represented as untouched training data),3.17483392586812,0.7507912409952522,0.9176936023717052,1.0291304451528909,0.0,0.0,reference q99 per metric; raw row-level >=2/4 flag retained without inventing a condition-level aggregation threshold,NOT_APPLICABLE_NO_ENCODER_NORMALIZATION: frozen learned_encoder_input=NONE,INCONCLUSIVE_NO_FROZEN_CONDITION_LEVEL_AGGREGATION,DEVELOPMENT_DIAGNOSTIC_EVIDENCE
dose100,FULL,C_seed3409,C,3409,embedding_norm_l2_deviation,Waymo Dynamic-v2 validation R0_DEVELOPMENT embedding bank (not represented as untouched training data),9.452760965713791,2.1134802506711905,6.72805301220796,8.189465735634087,0.0,0.025,reference q99 per metric; raw row-level >=2/4 flag retained without inventing a condition-level aggregation threshold,NOT_APPLICABLE_NO_ENCODER_NORMALIZATION: frozen learned_encoder_input=NONE,INCONCLUSIVE_NO_FROZEN_CONDITION_LEVEL_AGGREGATION,DEVELOPMENT_DIAGNOSTIC_EVIDENCE
dose100,FULL,C_seed3409,C,3409,distance_to_r0_development_centroid,Waymo Dynamic-v2 validation R0_DEVELOPMENT embedding bank (not represented as untouched training data),11.186170459782453,4.740128965641601,8.60996813783285,9.839172993494547,0.0,0.025,reference q99 per metric; raw row-level >=2/4 flag retained without inventing a condition-level aggregation threshold,NOT_APPLICABLE_NO_ENCODER_NORMALIZATION: frozen learned_encoder_input=NONE,INCONCLUSIVE_NO_FROZEN_CONDITION_LEVEL_AGGREGATION,DEVELOPMENT_DIAGNOSTIC_EVIDENCE
dose100,FULL,C_seed3409,C,3409,pca_reconstruction_error,Waymo Dynamic-v2 validation R0_DEVELOPMENT embedding bank (not represented as untouched training data),0.08016767069164361,0.027934657834623892,0.08112890717912766,0.0993573311054671,0.0625,0.025,reference q99 per metric; raw row-level >=2/4 flag retained without inventing a condition-level aggregation threshold,NOT_APPLICABLE_NO_ENCODER_NORMALIZATION: frozen learned_encoder_input=NONE,INCONCLUSIVE_NO_FROZEN_CONDITION_LEVEL_AGGREGATION,DEVELOPMENT_DIAGNOSTIC_EVIDENCE
dose100,FULL,C_seed3409,C,3409,nearest_neighbor_distance,Waymo Dynamic-v2 validation R0_DEVELOPMENT embedding bank (not represented as untouched training data),3.17483392586812,2.031614667061478,3.369346714224273,4.378525673034426,0.0625,0.025,reference q99 per metric; raw row-level >=2/4 flag retained without inventing a condition-level aggregation threshold,NOT_APPLICABLE_NO_ENCODER_NORMALIZATION: frozen learned_encoder_input=NONE,INCONCLUSIVE_NO_FROZEN_CONDITION_LEVEL_AGGREGATION,DEVELOPMENT_DIAGNOSTIC_EVIDENCE
dose100,NEIGHBOR_ABLATED,C_seed3409,C,3409,embedding_norm_l2_deviation,Waymo Dynamic-v2 validation R0_DEVELOPMENT embedding bank (not represented as untouched training data),9.452760965713791,0.5358816173524188,1.0328010270126542,1.0852182158114747,0.0,0.0,reference q99 per metric; raw row-level >=2/4 flag retained without inventing a condition-level aggregation threshold,NOT_APPLICABLE_NO_ENCODER_NORMALIZATION: frozen learned_encoder_input=NONE,INCONCLUSIVE_NO_FROZEN_CONDITION_LEVEL_AGGREGATION,DEVELOPMENT_DIAGNOSTIC_EVIDENCE
dose100,NEIGHBOR_ABLATED,C_seed3409,C,3409,distance_to_r0_development_centroid,Waymo Dynamic-v2 validation R0_DEVELOPMENT embedding bank (not represented as untouched training data),11.186170459782453,3.3421368510664853,3.7516679468032095,3.8011135018606153,0.0,0.0,reference q99 per metric; raw row-level >=2/4 flag retained without inventing a condition-level aggregation threshold,NOT_APPLICABLE_NO_ENCODER_NORMALIZATION: frozen learned_encoder_input=NONE,INCONCLUSIVE_NO_FROZEN_CONDITION_LEVEL_AGGREGATION,DEVELOPMENT_DIAGNOSTIC_EVIDENCE
dose100,NEIGHBOR_ABLATED,C_seed3409,C,3409,pca_reconstruction_error,Waymo Dynamic-v2 validation R0_DEVELOPMENT embedding bank (not represented as untouched training data),0.08016767069164361,0.011204265249799684,0.016155679215375914,0.018361251373944266,0.0,0.0,reference q99 per metric; raw row-level >=2/4 flag retained without inventing a condition-level aggregation threshold,NOT_APPLICABLE_NO_ENCODER_NORMALIZATION: frozen learned_encoder_input=NONE,INCONCLUSIVE_NO_FROZEN_CONDITION_LEVEL_AGGREGATION,DEVELOPMENT_DIAGNOSTIC_EVIDENCE
dose100,NEIGHBOR_ABLATED,C_seed3409,C,3409,nearest_neighbor_distance,Waymo Dynamic-v2 validation R0_DEVELOPMENT embedding bank (not represented as untouched training data),3.17483392586812,0.7533749907954266,0.9206658000939767,1.027971421478914,0.0,0.0,reference q99 per metric; raw row-level >=2/4 flag retained without inventing a condition-level aggregation threshold,NOT_APPLICABLE_NO_ENCODER_NORMALIZATION: frozen learned_encoder_input=NONE,INCONCLUSIVE_NO_FROZEN_CONDITION_LEVEL_AGGREGATION,DEVELOPMENT_DIAGNOSTIC_EVIDENCE
