representation,candidate,seed,dose,dose_role,source_domain,target_domain,probe_contract,source_oof_primary_reference,transfer_degradation_source_minus_target,probe_selection_parameter,formal_hypothesis_status,evidence_level,target_id,semantic_family,target_kind,n_rows,n_log_clusters,uncertainty_contract,primary_metric,primary_point_estimate,ci95_lower,ci95_upper,mae,nrmse_sd,spearman,calibration_slope,auroc,macro_f1,class_support
old64,old64,NOT_APPLICABLE,dose0,PRIMARY,Waymo Dynamic-v2 validation R0_DEVELOPMENT,nuPlan Stage7L historical development,"Waymo-only deterministic reconstruction: original last-view embeddings, same 5-fold scenario GroupKFold, ridge/logistic grid, seed and preprocessing; no nuPlan fitting/selection",0.8648257412742769,10.722503518325373,1.0,INCONCLUSIVE_NO_FROZEN_CROSS_DOMAIN_NUMERICAL_GATE,DEVELOPMENT_DIAGNOSTIC_EVIDENCE,ego13.mean_speed,longitudinal,continuous,80,79,"5,000 log-cluster Poisson bootstrap; development diagnostic only",R2,-9.857677777051096,-14.48349098988858,-7.007018093829414,2.4075292141642217,3.2950990542093113,0.45993905297702764,0.17606943327735217,nan,nan,NOT_APPLICABLE
old64,old64,NOT_APPLICABLE,dose0,PRIMARY,Waymo Dynamic-v2 validation R0_DEVELOPMENT,nuPlan Stage7L historical development,"Waymo-only deterministic reconstruction: original last-view embeddings, same 5-fold scenario GroupKFold, ridge/logistic grid, seed and preprocessing; no nuPlan fitting/selection",0.6627768973344081,7.1395594134287865,0.1,INCONCLUSIVE_NO_FROZEN_CROSS_DOMAIN_NUMERICAL_GATE,DEVELOPMENT_DIAGNOSTIC_EVIDENCE,ego13.end_minus_start_speed,longitudinal,continuous,80,79,"5,000 log-cluster Poisson bootstrap; development diagnostic only",R2,-6.476782516094379,-11.85025542617787,-3.774161618475782,4.735348710764965,2.7343705886536998,0.6898030942334741,0.22188996298593536,nan,nan,NOT_APPLICABLE
old64,old64,NOT_APPLICABLE,dose0,PRIMARY,Waymo Dynamic-v2 validation R0_DEVELOPMENT,nuPlan Stage7L historical development,"Waymo-only deterministic reconstruction: original last-view embeddings, same 5-fold scenario GroupKFold, ridge/logistic grid, seed and preprocessing; no nuPlan fitting/selection",0.7704677315598866,20.74331743171775,100.0,INCONCLUSIVE_NO_FROZEN_CROSS_DOMAIN_NUMERICAL_GATE,DEVELOPMENT_DIAGNOSTIC_EVIDENCE,ego13.rms_accel,longitudinal,continuous,80,79,"5,000 log-cluster Poisson bootstrap; development diagnostic only",R2,-19.972849700157862,-36.59899233864998,-12.044289559776292,0.5119132216470399,4.579612396279609,-0.34081106422878577,-0.0634525364196435,nan,nan,NOT_APPLICABLE
old64,old64,NOT_APPLICABLE,dose0,PRIMARY,Waymo Dynamic-v2 validation R0_DEVELOPMENT,nuPlan Stage7L historical development,"Waymo-only deterministic reconstruction: original last-view embeddings, same 5-fold scenario GroupKFold, ridge/logistic grid, seed and preprocessing; no nuPlan fitting/selection",0.9251043994848664,56.60919087463614,10.0,INCONCLUSIVE_NO_FROZEN_CROSS_DOMAIN_NUMERICAL_GATE,DEVELOPMENT_DIAGNOSTIC_EVIDENCE,ego13.rms_yaw_rate,lateral,continuous,80,79,"5,000 log-cluster Poisson bootstrap; development diagnostic only",R2,-55.684086475151275,-133.65968418844906,-21.010833528864605,0.02979788922733177,7.528883481310577,-0.08879512423816222,-0.010687322939269162,nan,nan,NOT_APPLICABLE
old64,old64,NOT_APPLICABLE,dose0,PRIMARY,Waymo Dynamic-v2 validation R0_DEVELOPMENT,nuPlan Stage7L historical development,"Waymo-only deterministic reconstruction: original last-view embeddings, same 5-fold scenario GroupKFold, ridge/logistic grid, seed and preprocessing; no nuPlan fitting/selection",0.8659183333811538,28.130399057672406,100.0,INCONCLUSIVE_NO_FROZEN_CROSS_DOMAIN_NUMERICAL_GATE,DEVELOPMENT_DIAGNOSTIC_EVIDENCE,ego13.heading_change_abs_total,lateral,continuous,80,79,"5,000 log-cluster Poisson bootstrap; development diagnostic only",R2,-27.264480724291253,-51.83069355339945,-15.452322154887616,0.24709269041644114,5.316434963797757,-0.010337552742616034,0.018240422801229835,nan,nan,NOT_APPLICABLE
old64,old64,NOT_APPLICABLE,dose0,PRIMARY,Waymo Dynamic-v2 validation R0_DEVELOPMENT,nuPlan Stage7L historical development,"Waymo-only deterministic reconstruction: original last-view embeddings, same 5-fold scenario GroupKFold, ridge/logistic grid, seed and preprocessing; no nuPlan fitting/selection",0.9896798604076514,0.0423114393550198,10.0,INCONCLUSIVE_NO_FROZEN_CROSS_DOMAIN_NUMERICAL_GATE,DEVELOPMENT_DIAGNOSTIC_EVIDENCE,raw33.lane_change_count_proxy,lateral,categorical,80,79,"5,000 log-cluster Poisson bootstrap; development diagnostic only",balanced_accuracy,0.9473684210526316,0.8963355242318657,0.9795952840595697,nan,nan,nan,nan,0.9901315789473684,0.7222222222222222,class_0=4; class_1=76
old64,old64,NOT_APPLICABLE,dose0,PRIMARY,Waymo Dynamic-v2 validation R0_DEVELOPMENT,nuPlan Stage7L historical development,"Waymo-only deterministic reconstruction: original last-view embeddings, same 5-fold scenario GroupKFold, ridge/logistic grid, seed and preprocessing; no nuPlan fitting/selection",0.5599802102191224,-0.03416896259943514,1.0,INCONCLUSIVE_NO_FROZEN_CROSS_DOMAIN_NUMERICAL_GATE,DEVELOPMENT_DIAGNOSTIC_EVIDENCE,raw33.mean_front_distance,interaction,continuous,80,79,"5,000 log-cluster Poisson bootstrap; development diagnostic only",R2,0.5941491728185575,0.46844548851794354,0.692986034300649,12.631998558383865,0.6370642253191138,0.8664434025027953,1.5243169634293987,nan,nan,NOT_APPLICABLE
old64,old64,NOT_APPLICABLE,dose0,PRIMARY,Waymo Dynamic-v2 validation R0_DEVELOPMENT,nuPlan Stage7L historical development,"Waymo-only deterministic reconstruction: original last-view embeddings, same 5-fold scenario GroupKFold, ridge/logistic grid, seed and preprocessing; no nuPlan fitting/selection",0.6867622563554483,0.17409972180564348,1.0,INCONCLUSIVE_NO_FROZEN_CROSS_DOMAIN_NUMERICAL_GATE,DEVELOPMENT_DIAGNOSTIC_EVIDENCE,raw33.mean_rel_speed,interaction,continuous,80,79,"5,000 log-cluster Poisson bootstrap; development diagnostic only",R2,0.5126625345498048,0.4271826324840977,0.5906297131894319,5.965597344880383,0.6980955990766559,0.8838341041587391,1.9980105108235318,nan,nan,NOT_APPLICABLE
old64,old64,NOT_APPLICABLE,dose0,PRIMARY,Waymo Dynamic-v2 validation R0_DEVELOPMENT,nuPlan Stage7L historical development,"Waymo-only deterministic reconstruction: original last-view embeddings, same 5-fold scenario GroupKFold, ridge/logistic grid, seed and preprocessing; no nuPlan fitting/selection",0.5653747980946089,0.17820023079443859,1.0,INCONCLUSIVE_NO_FROZEN_CROSS_DOMAIN_NUMERICAL_GATE,DEVELOPMENT_DIAGNOSTIC_EVIDENCE,raw33.front_pressure_score,interaction,continuous,80,79,"5,000 log-cluster Poisson bootstrap; development diagnostic only",R2,0.3871745673001703,0.02659314043739584,0.615806111742456,3.1373796363521462,0.7828316758408731,0.7035623687166395,0.8215637908719958,nan,nan,NOT_APPLICABLE
A_seed3407,A,3407,dose0,PRIMARY,Waymo Dynamic-v2 validation R0_DEVELOPMENT,nuPlan Stage7L historical development,"Waymo-only deterministic reconstruction: original last-view embeddings, same 5-fold scenario GroupKFold, ridge/logistic grid, seed and preprocessing; no nuPlan fitting/selection",0.9088109253928247,19.65807275459419,0.01,INCONCLUSIVE_NO_FROZEN_CROSS_DOMAIN_NUMERICAL_GATE,DEVELOPMENT_DIAGNOSTIC_EVIDENCE,ego13.mean_speed,longitudinal,continuous,80,79,"5,000 log-cluster Poisson bootstrap; development diagnostic only",R2,-18.749261829201366,-30.456829763731623,-10.75805592145416,2.722322853776457,4.444014157178324,0.34556962025316457,0.1141518808010566,nan,nan,NOT_APPLICABLE
A_seed3407,A,3407,dose0,PRIMARY,Waymo Dynamic-v2 validation R0_DEVELOPMENT,nuPlan Stage7L historical development,"Waymo-only deterministic reconstruction: original last-view embeddings, same 5-fold scenario GroupKFold, ridge/logistic grid, seed and preprocessing; no nuPlan fitting/selection",0.8771760367899443,1.203029451432927,0.001,INCONCLUSIVE_NO_FROZEN_CROSS_DOMAIN_NUMERICAL_GATE,DEVELOPMENT_DIAGNOSTIC_EVIDENCE,ego13.end_minus_start_speed,longitudinal,continuous,80,79,"5,000 log-cluster Poisson bootstrap; development diagnostic only",R2,-0.32585341464298256,-0.7506186953598677,-0.023449677864567312,1.902103866489646,1.1514570832831688,0.5263947491795593,0.8945815000639895,nan,nan,NOT_APPLICABLE
A_seed3407,A,3407,dose0,PRIMARY,Waymo Dynamic-v2 validation R0_DEVELOPMENT,nuPlan Stage7L historical development,"Waymo-only deterministic reconstruction: original last-view embeddings, same 5-fold scenario GroupKFold, ridge/logistic grid, seed and preprocessing; no nuPlan fitting/selection",0.8160173319616622,23.070656169863682,1.0,INCONCLUSIVE_NO_FROZEN_CROSS_DOMAIN_NUMERICAL_GATE,DEVELOPMENT_DIAGNOSTIC_EVIDENCE,ego13.rms_accel,longitudinal,continuous,80,79,"5,000 log-cluster Poisson bootstrap; development diagnostic only",R2,-22.254638837902018,-40.64153684152092,-12.973680610976029,0.473479296876115,4.822306381587758,-0.22494139709329586,-0.09209321384376874,nan,nan,NOT_APPLICABLE
A_seed3407,A,3407,dose0,PRIMARY,Waymo Dynamic-v2 validation R0_DEVELOPMENT,nuPlan Stage7L historical development,"Waymo-only deterministic reconstruction: original last-view embeddings, same 5-fold scenario GroupKFold, ridge/logistic grid, seed and preprocessing; no nuPlan fitting/selection",0.9045391831340385,94.7560967938411,0.01,INCONCLUSIVE_NO_FROZEN_CROSS_DOMAIN_NUMERICAL_GATE,DEVELOPMENT_DIAGNOSTIC_EVIDENCE,ego13.rms_yaw_rate,lateral,continuous,80,79,"5,000 log-cluster Poisson bootstrap; development diagnostic only",R2,-93.85155761070706,-189.4856521538448,-52.20723367930935,0.04800106220659588,9.739176433903795,-0.11797937177684015,-0.008153981855536596,nan,nan,NOT_APPLICABLE
A_seed3407,A,3407,dose0,PRIMARY,Waymo Dynamic-v2 validation R0_DEVELOPMENT,nuPlan Stage7L historical development,"Waymo-only deterministic reconstruction: original last-view embeddings, same 5-fold scenario GroupKFold, ridge/logistic grid, seed and preprocessing; no nuPlan fitting/selection",0.8757503837050287,15.957538232899061,1.0,INCONCLUSIVE_NO_FROZEN_CROSS_DOMAIN_NUMERICAL_GATE,DEVELOPMENT_DIAGNOSTIC_EVIDENCE,ego13.heading_change_abs_total,lateral,continuous,80,79,"5,000 log-cluster Poisson bootstrap; development diagnostic only",R2,-15.081787849194033,-28.69208748256955,-8.379915418889862,0.16494443654565227,4.010210449489407,-0.04409282700421942,0.004956316009502489,nan,nan,NOT_APPLICABLE
A_seed3407,A,3407,dose0,PRIMARY,Waymo Dynamic-v2 validation R0_DEVELOPMENT,nuPlan Stage7L historical development,"Waymo-only deterministic reconstruction: original last-view embeddings, same 5-fold scenario GroupKFold, ridge/logistic grid, seed and preprocessing; no nuPlan fitting/selection",0.9920400067731322,0.03151369098365853,1000.0,INCONCLUSIVE_NO_FROZEN_CROSS_DOMAIN_NUMERICAL_GATE,DEVELOPMENT_DIAGNOSTIC_EVIDENCE,raw33.lane_change_count_proxy,lateral,categorical,80,79,"5,000 log-cluster Poisson bootstrap; development diagnostic only",balanced_accuracy,0.9605263157894737,0.9176454427925017,0.9871794871794872,nan,nan,nan,nan,0.9835526315789473,0.7651663405088063,class_0=4; class_1=76
A_seed3407,A,3407,dose0,PRIMARY,Waymo Dynamic-v2 validation R0_DEVELOPMENT,nuPlan Stage7L historical development,"Waymo-only deterministic reconstruction: original last-view embeddings, same 5-fold scenario GroupKFold, ridge/logistic grid, seed and preprocessing; no nuPlan fitting/selection",0.9305133268927751,0.024314554183844872,0.1,INCONCLUSIVE_NO_FROZEN_CROSS_DOMAIN_NUMERICAL_GATE,DEVELOPMENT_DIAGNOSTIC_EVIDENCE,raw33.mean_front_distance,interaction,continuous,80,79,"5,000 log-cluster Poisson bootstrap; development diagnostic only",R2,0.9061987727089302,0.8499543541319307,0.9442108355301231,5.088329632614888,0.3062698602394132,0.94537786501894,0.9171325316394991,nan,nan,NOT_APPLICABLE
A_seed3407,A,3407,dose0,PRIMARY,Waymo Dynamic-v2 validation R0_DEVELOPMENT,nuPlan Stage7L historical development,"Waymo-only deterministic reconstruction: original last-view embeddings, same 5-fold scenario GroupKFold, ridge/logistic grid, seed and preprocessing; no nuPlan fitting/selection",0.9599561583372879,0.147339009560838,0.01,INCONCLUSIVE_NO_FROZEN_CROSS_DOMAIN_NUMERICAL_GATE,DEVELOPMENT_DIAGNOSTIC_EVIDENCE,raw33.mean_rel_speed,interaction,continuous,80,79,"5,000 log-cluster Poisson bootstrap; development diagnostic only",R2,0.8126171487764499,0.7687167313896033,0.8547255496953062,3.20276548753604,0.43287740900115146,0.9325039150430816,1.393496914746016,nan,nan,NOT_APPLICABLE
A_seed3407,A,3407,dose0,PRIMARY,Waymo Dynamic-v2 validation R0_DEVELOPMENT,nuPlan Stage7L historical development,"Waymo-only deterministic reconstruction: original last-view embeddings, same 5-fold scenario GroupKFold, ridge/logistic grid, seed and preprocessing; no nuPlan fitting/selection",0.9340169640917381,0.12678668027984707,0.1,INCONCLUSIVE_NO_FROZEN_CROSS_DOMAIN_NUMERICAL_GATE,DEVELOPMENT_DIAGNOSTIC_EVIDENCE,raw33.front_pressure_score,interaction,continuous,80,79,"5,000 log-cluster Poisson bootstrap; development diagnostic only",R2,0.807230283811891,0.6722092993619541,0.8781057649123182,1.4878495967245609,0.4390554819018993,0.7324281417016076,1.0603220533775564,nan,nan,NOT_APPLICABLE
A_seed3408,A,3408,dose0,PRIMARY,Waymo Dynamic-v2 validation R0_DEVELOPMENT,nuPlan Stage7L historical development,"Waymo-only deterministic reconstruction: original last-view embeddings, same 5-fold scenario GroupKFold, ridge/logistic grid, seed and preprocessing; no nuPlan fitting/selection",0.9347647907517386,6.233354128678992,0.01,INCONCLUSIVE_NO_FROZEN_CROSS_DOMAIN_NUMERICAL_GATE,DEVELOPMENT_DIAGNOSTIC_EVIDENCE,ego13.mean_speed,longitudinal,continuous,80,79,"5,000 log-cluster Poisson bootstrap; development diagnostic only",R2,-5.298589337927254,-8.816798692974801,-2.988873804045888,1.5952062330208006,2.509699053258628,0.6014767932489452,0.24989927255660976,nan,nan,NOT_APPLICABLE
A_seed3408,A,3408,dose0,PRIMARY,Waymo Dynamic-v2 validation R0_DEVELOPMENT,nuPlan Stage7L historical development,"Waymo-only deterministic reconstruction: original last-view embeddings, same 5-fold scenario GroupKFold, ridge/logistic grid, seed and preprocessing; no nuPlan fitting/selection",0.8581894307552587,0.8719628955503669,0.01,INCONCLUSIVE_NO_FROZEN_CROSS_DOMAIN_NUMERICAL_GATE,DEVELOPMENT_DIAGNOSTIC_EVIDENCE,ego13.end_minus_start_speed,longitudinal,continuous,80,79,"5,000 log-cluster Poisson bootstrap; development diagnostic only",R2,-0.013773464795108215,-0.6333499973428346,0.31807076656317057,1.750963162870692,1.006863180772397,0.4569620253164557,0.5127354041056268,nan,nan,NOT_APPLICABLE
A_seed3408,A,3408,dose0,PRIMARY,Waymo Dynamic-v2 validation R0_DEVELOPMENT,nuPlan Stage7L historical development,"Waymo-only deterministic reconstruction: original last-view embeddings, same 5-fold scenario GroupKFold, ridge/logistic grid, seed and preprocessing; no nuPlan fitting/selection",0.8049638969976307,45.25745360213293,1.0,INCONCLUSIVE_NO_FROZEN_CROSS_DOMAIN_NUMERICAL_GATE,DEVELOPMENT_DIAGNOSTIC_EVIDENCE,ego13.rms_accel,longitudinal,continuous,80,79,"5,000 log-cluster Poisson bootstrap; development diagnostic only",R2,-44.45248970513529,-77.76577836154901,-28.490085229997437,0.8496901859162135,6.741846164451936,-0.18764650726676046,-0.07171693485240356,nan,nan,NOT_APPLICABLE
A_seed3408,A,3408,dose0,PRIMARY,Waymo Dynamic-v2 validation R0_DEVELOPMENT,nuPlan Stage7L historical development,"Waymo-only deterministic reconstruction: original last-view embeddings, same 5-fold scenario GroupKFold, ridge/logistic grid, seed and preprocessing; no nuPlan fitting/selection",0.9287635835432378,30.212395951310324,1.0,INCONCLUSIVE_NO_FROZEN_CROSS_DOMAIN_NUMERICAL_GATE,DEVELOPMENT_DIAGNOSTIC_EVIDENCE,ego13.rms_yaw_rate,lateral,continuous,80,79,"5,000 log-cluster Poisson bootstrap; development diagnostic only",R2,-29.283632367767087,-59.55547208653517,-15.177110525895818,0.02515069802407326,5.503056638611589,-0.11516643225503985,0.0006124296231162451,nan,nan,NOT_APPLICABLE
A_seed3408,A,3408,dose0,PRIMARY,Waymo Dynamic-v2 validation R0_DEVELOPMENT,nuPlan Stage7L historical development,"Waymo-only deterministic reconstruction: original last-view embeddings, same 5-fold scenario GroupKFold, ridge/logistic grid, seed and preprocessing; no nuPlan fitting/selection",0.8986717223865989,27.105566108540373,10.0,INCONCLUSIVE_NO_FROZEN_CROSS_DOMAIN_NUMERICAL_GATE,DEVELOPMENT_DIAGNOSTIC_EVIDENCE,ego13.heading_change_abs_total,lateral,continuous,80,79,"5,000 log-cluster Poisson bootstrap; development diagnostic only",R2,-26.206894386153774,-48.55741632779737,-16.389144173499957,0.24355815856234814,5.216022851383396,-0.09714017815283639,-0.013504338070597853,nan,nan,NOT_APPLICABLE
A_seed3408,A,3408,dose0,PRIMARY,Waymo Dynamic-v2 validation R0_DEVELOPMENT,nuPlan Stage7L historical development,"Waymo-only deterministic reconstruction: original last-view embeddings, same 5-fold scenario GroupKFold, ridge/logistic grid, seed and preprocessing; no nuPlan fitting/selection",0.9910872573379136,0.07661357312738726,0.1,INCONCLUSIVE_NO_FROZEN_CROSS_DOMAIN_NUMERICAL_GATE,DEVELOPMENT_DIAGNOSTIC_EVIDENCE,raw33.lane_change_count_proxy,lateral,categorical,80,79,"5,000 log-cluster Poisson bootstrap; development diagnostic only",balanced_accuracy,0.9144736842105263,0.8571428571428572,0.9545454545454546,nan,nan,nan,nan,0.9473684210526316,0.643713600548133,class_0=4; class_1=76
A_seed3408,A,3408,dose0,PRIMARY,Waymo Dynamic-v2 validation R0_DEVELOPMENT,nuPlan Stage7L historical development,"Waymo-only deterministic reconstruction: original last-view embeddings, same 5-fold scenario GroupKFold, ridge/logistic grid, seed and preprocessing; no nuPlan fitting/selection",0.9294576575475852,0.013751799664238229,0.1,INCONCLUSIVE_NO_FROZEN_CROSS_DOMAIN_NUMERICAL_GATE,DEVELOPMENT_DIAGNOSTIC_EVIDENCE,raw33.mean_front_distance,interaction,continuous,80,79,"5,000 log-cluster Poisson bootstrap; development diagnostic only",R2,0.915705857883347,0.8662026930716445,0.9508491119514146,4.741068693936604,0.29033453483292854,0.9426243372567489,0.959772503996555,nan,nan,NOT_APPLICABLE
A_seed3408,A,3408,dose0,PRIMARY,Waymo Dynamic-v2 validation R0_DEVELOPMENT,nuPlan Stage7L historical development,"Waymo-only deterministic reconstruction: original last-view embeddings, same 5-fold scenario GroupKFold, ridge/logistic grid, seed and preprocessing; no nuPlan fitting/selection",0.95991946293615,0.10316717612603443,0.1,INCONCLUSIVE_NO_FROZEN_CROSS_DOMAIN_NUMERICAL_GATE,DEVELOPMENT_DIAGNOSTIC_EVIDENCE,raw33.mean_rel_speed,interaction,continuous,80,79,"5,000 log-cluster Poisson bootstrap; development diagnostic only",R2,0.8567522868101156,0.8136675515047993,0.9000762653730356,2.6098135189634286,0.3784807963290666,0.9464406301201365,1.2803058301996855,nan,nan,NOT_APPLICABLE
A_seed3408,A,3408,dose0,PRIMARY,Waymo Dynamic-v2 validation R0_DEVELOPMENT,nuPlan Stage7L historical development,"Waymo-only deterministic reconstruction: original last-view embeddings, same 5-fold scenario GroupKFold, ridge/logistic grid, seed and preprocessing; no nuPlan fitting/selection",0.93104928616859,0.14597321685296527,1.0,INCONCLUSIVE_NO_FROZEN_CROSS_DOMAIN_NUMERICAL_GATE,DEVELOPMENT_DIAGNOSTIC_EVIDENCE,raw33.front_pressure_score,interaction,continuous,80,79,"5,000 log-cluster Poisson bootstrap; development diagnostic only",R2,0.7850760693156247,0.4935654360685904,0.9143703066739423,1.4045454966800766,0.46359888986533965,0.8305445379891929,0.9118843790495522,nan,nan,NOT_APPLICABLE
A_seed3409,A,3409,dose0,PRIMARY,Waymo Dynamic-v2 validation R0_DEVELOPMENT,nuPlan Stage7L historical development,"Waymo-only deterministic reconstruction: original last-view embeddings, same 5-fold scenario GroupKFold, ridge/logistic grid, seed and preprocessing; no nuPlan fitting/selection",0.9330512119600323,4.548140106453346,0.1,INCONCLUSIVE_NO_FROZEN_CROSS_DOMAIN_NUMERICAL_GATE,DEVELOPMENT_DIAGNOSTIC_EVIDENCE,ego13.mean_speed,longitudinal,continuous,80,79,"5,000 log-cluster Poisson bootstrap; development diagnostic only",R2,-3.6150888944933133,-5.995983371099623,-2.020276583496986,1.3397326547551103,2.148275795723937,0.703750586029067,0.31226807957144653,nan,nan,NOT_APPLICABLE
A_seed3409,A,3409,dose0,PRIMARY,Waymo Dynamic-v2 validation R0_DEVELOPMENT,nuPlan Stage7L historical development,"Waymo-only deterministic reconstruction: original last-view embeddings, same 5-fold scenario GroupKFold, ridge/logistic grid, seed and preprocessing; no nuPlan fitting/selection",0.8831926489805876,4.927895277311081,0.01,INCONCLUSIVE_NO_FROZEN_CROSS_DOMAIN_NUMERICAL_GATE,DEVELOPMENT_DIAGNOSTIC_EVIDENCE,ego13.end_minus_start_speed,longitudinal,continuous,80,79,"5,000 log-cluster Poisson bootstrap; development diagnostic only",R2,-4.044702628330493,-6.668896282966624,-2.6481810470504477,4.311025716061333,2.246041546439089,0.4319268635724332,0.7346172910437708,nan,nan,NOT_APPLICABLE
A_seed3409,A,3409,dose0,PRIMARY,Waymo Dynamic-v2 validation R0_DEVELOPMENT,nuPlan Stage7L historical development,"Waymo-only deterministic reconstruction: original last-view embeddings, same 5-fold scenario GroupKFold, ridge/logistic grid, seed and preprocessing; no nuPlan fitting/selection",0.7797745537014693,8.568336472812287,0.1,INCONCLUSIVE_NO_FROZEN_CROSS_DOMAIN_NUMERICAL_GATE,DEVELOPMENT_DIAGNOSTIC_EVIDENCE,ego13.rms_accel,longitudinal,continuous,80,79,"5,000 log-cluster Poisson bootstrap; development diagnostic only",R2,-7.788561919110819,-14.751816552869647,-4.7072088430806485,0.3327616015078415,2.9645508798316853,0.1722691045475856,0.014646350765476532,nan,nan,NOT_APPLICABLE
A_seed3409,A,3409,dose0,PRIMARY,Waymo Dynamic-v2 validation R0_DEVELOPMENT,nuPlan Stage7L historical development,"Waymo-only deterministic reconstruction: original last-view embeddings, same 5-fold scenario GroupKFold, ridge/logistic grid, seed and preprocessing; no nuPlan fitting/selection",0.9185202012187836,42.99956656121497,1.0,INCONCLUSIVE_NO_FROZEN_CROSS_DOMAIN_NUMERICAL_GATE,DEVELOPMENT_DIAGNOSTIC_EVIDENCE,ego13.rms_yaw_rate,lateral,continuous,80,79,"5,000 log-cluster Poisson bootstrap; development diagnostic only",R2,-42.081046359996186,-87.80371600572514,-22.52881252338573,0.030448807481442963,6.56361534217204,-0.12557430848570092,-0.00869408409222624,nan,nan,NOT_APPLICABLE
A_seed3409,A,3409,dose0,PRIMARY,Waymo Dynamic-v2 validation R0_DEVELOPMENT,nuPlan Stage7L historical development,"Waymo-only deterministic reconstruction: original last-view embeddings, same 5-fold scenario GroupKFold, ridge/logistic grid, seed and preprocessing; no nuPlan fitting/selection",0.8692956229490172,34.349503316009645,10.0,INCONCLUSIVE_NO_FROZEN_CROSS_DOMAIN_NUMERICAL_GATE,DEVELOPMENT_DIAGNOSTIC_EVIDENCE,ego13.heading_change_abs_total,lateral,continuous,80,79,"5,000 log-cluster Poisson bootstrap; development diagnostic only",R2,-33.48020769306063,-63.96206875541366,-18.635380633268404,0.2663276427995147,5.871984987468942,-0.20996249413970933,-0.004161717549320008,nan,nan,NOT_APPLICABLE
A_seed3409,A,3409,dose0,PRIMARY,Waymo Dynamic-v2 validation R0_DEVELOPMENT,nuPlan Stage7L historical development,"Waymo-only deterministic reconstruction: original last-view embeddings, same 5-fold scenario GroupKFold, ridge/logistic grid, seed and preprocessing; no nuPlan fitting/selection",0.9887239622106294,0.021618699052734724,100.0,INCONCLUSIVE_NO_FROZEN_CROSS_DOMAIN_NUMERICAL_GATE,DEVELOPMENT_DIAGNOSTIC_EVIDENCE,raw33.lane_change_count_proxy,lateral,categorical,80,79,"5,000 log-cluster Poisson bootstrap; development diagnostic only",balanced_accuracy,0.9671052631578947,0.9268252032520324,0.9930555555555556,nan,nan,nan,nan,1.0,0.7906855049712193,class_0=4; class_1=76
A_seed3409,A,3409,dose0,PRIMARY,Waymo Dynamic-v2 validation R0_DEVELOPMENT,nuPlan Stage7L historical development,"Waymo-only deterministic reconstruction: original last-view embeddings, same 5-fold scenario GroupKFold, ridge/logistic grid, seed and preprocessing; no nuPlan fitting/selection",0.9221272602522649,-0.005691230708204098,1.0,INCONCLUSIVE_NO_FROZEN_CROSS_DOMAIN_NUMERICAL_GATE,DEVELOPMENT_DIAGNOSTIC_EVIDENCE,raw33.mean_front_distance,interaction,continuous,80,79,"5,000 log-cluster Poisson bootstrap; development diagnostic only",R2,0.927818490960469,0.8897742959829401,0.9565650055538932,4.172334634168665,0.2686661665329876,0.9482763152949305,1.0305241591196423,nan,nan,NOT_APPLICABLE
A_seed3409,A,3409,dose0,PRIMARY,Waymo Dynamic-v2 validation R0_DEVELOPMENT,nuPlan Stage7L historical development,"Waymo-only deterministic reconstruction: original last-view embeddings, same 5-fold scenario GroupKFold, ridge/logistic grid, seed and preprocessing; no nuPlan fitting/selection",0.9522318553440059,0.17406049182243688,1.0,INCONCLUSIVE_NO_FROZEN_CROSS_DOMAIN_NUMERICAL_GATE,DEVELOPMENT_DIAGNOSTIC_EVIDENCE,raw33.mean_rel_speed,interaction,continuous,80,79,"5,000 log-cluster Poisson bootstrap; development diagnostic only",R2,0.778171363521569,0.7249067663224558,0.8306228771764638,3.2018234211854533,0.4709868750596253,0.9451604812482406,1.4259890147210585,nan,nan,NOT_APPLICABLE
A_seed3409,A,3409,dose0,PRIMARY,Waymo Dynamic-v2 validation R0_DEVELOPMENT,nuPlan Stage7L historical development,"Waymo-only deterministic reconstruction: original last-view embeddings, same 5-fold scenario GroupKFold, ridge/logistic grid, seed and preprocessing; no nuPlan fitting/selection",0.9254579440551862,0.03985009880926771,1.0,INCONCLUSIVE_NO_FROZEN_CROSS_DOMAIN_NUMERICAL_GATE,DEVELOPMENT_DIAGNOSTIC_EVIDENCE,raw33.front_pressure_score,interaction,continuous,80,79,"5,000 log-cluster Poisson bootstrap; development diagnostic only",R2,0.8856078452459185,0.7856110455678708,0.9308499694177275,1.285100179579424,0.3382190928290144,0.7833517223449006,0.9631316528782687,nan,nan,NOT_APPLICABLE
B_seed3407,B,3407,dose0,PRIMARY,Waymo Dynamic-v2 validation R0_DEVELOPMENT,nuPlan Stage7L historical development,"Waymo-only deterministic reconstruction: original last-view embeddings, same 5-fold scenario GroupKFold, ridge/logistic grid, seed and preprocessing; no nuPlan fitting/selection",0.988726412235566,1.79589126282989,0.0001,INCONCLUSIVE_NO_FROZEN_CROSS_DOMAIN_NUMERICAL_GATE,DEVELOPMENT_DIAGNOSTIC_EVIDENCE,ego13.mean_speed,longitudinal,continuous,80,79,"5,000 log-cluster Poisson bootstrap; development diagnostic only",R2,-0.8071648505943241,-1.4257435588603524,-0.4008067208991922,1.010571065725744,1.3443083167913246,0.8083684950773559,0.45568125811178406,nan,nan,NOT_APPLICABLE
B_seed3407,B,3407,dose0,PRIMARY,Waymo Dynamic-v2 validation R0_DEVELOPMENT,nuPlan Stage7L historical development,"Waymo-only deterministic reconstruction: original last-view embeddings, same 5-fold scenario GroupKFold, ridge/logistic grid, seed and preprocessing; no nuPlan fitting/selection",0.779711059769675,5.07010949154285,0.0001,INCONCLUSIVE_NO_FROZEN_CROSS_DOMAIN_NUMERICAL_GATE,DEVELOPMENT_DIAGNOSTIC_EVIDENCE,ego13.end_minus_start_speed,longitudinal,continuous,80,79,"5,000 log-cluster Poisson bootstrap; development diagnostic only",R2,-4.290398431773175,-7.643060983365228,-2.626361772523061,4.230812470940147,2.300086613971999,0.25053914674167843,0.22112499972524582,nan,nan,NOT_APPLICABLE
B_seed3407,B,3407,dose0,PRIMARY,Waymo Dynamic-v2 validation R0_DEVELOPMENT,nuPlan Stage7L historical development,"Waymo-only deterministic reconstruction: original last-view embeddings, same 5-fold scenario GroupKFold, ridge/logistic grid, seed and preprocessing; no nuPlan fitting/selection",0.6549984506890302,113.56444755616779,0.0001,INCONCLUSIVE_NO_FROZEN_CROSS_DOMAIN_NUMERICAL_GATE,DEVELOPMENT_DIAGNOSTIC_EVIDENCE,ego13.rms_accel,longitudinal,continuous,80,79,"5,000 log-cluster Poisson bootstrap; development diagnostic only",R2,-112.90944910547876,-222.71814701598245,-62.70873477727304,1.1724687056776475,10.672836975494322,-0.30693858415377406,-0.015441168175081123,nan,nan,NOT_APPLICABLE
B_seed3407,B,3407,dose0,PRIMARY,Waymo Dynamic-v2 validation R0_DEVELOPMENT,nuPlan Stage7L historical development,"Waymo-only deterministic reconstruction: original last-view embeddings, same 5-fold scenario GroupKFold, ridge/logistic grid, seed and preprocessing; no nuPlan fitting/selection",0.9144113641093057,13.882845841831173,10.0,INCONCLUSIVE_NO_FROZEN_CROSS_DOMAIN_NUMERICAL_GATE,DEVELOPMENT_DIAGNOSTIC_EVIDENCE,ego13.rms_yaw_rate,lateral,continuous,80,79,"5,000 log-cluster Poisson bootstrap; development diagnostic only",R2,-12.968434477721868,-26.522142702587278,-7.094220654903552,0.018786918716144838,3.7374368861188634,0.08942803563056728,0.026390020459901468,nan,nan,NOT_APPLICABLE
B_seed3407,B,3407,dose0,PRIMARY,Waymo Dynamic-v2 validation R0_DEVELOPMENT,nuPlan Stage7L historical development,"Waymo-only deterministic reconstruction: original last-view embeddings, same 5-fold scenario GroupKFold, ridge/logistic grid, seed and preprocessing; no nuPlan fitting/selection",0.8136772381474595,20.347094971278455,0.001,INCONCLUSIVE_NO_FROZEN_CROSS_DOMAIN_NUMERICAL_GATE,DEVELOPMENT_DIAGNOSTIC_EVIDENCE,ego13.heading_change_abs_total,lateral,continuous,80,79,"5,000 log-cluster Poisson bootstrap; development diagnostic only",R2,-19.533417733130996,-36.426864982082535,-11.530464884867712,0.20778057092836918,4.5313814376116035,0.02545710267229255,0.013283189615873199,nan,nan,NOT_APPLICABLE
B_seed3407,B,3407,dose0,PRIMARY,Waymo Dynamic-v2 validation R0_DEVELOPMENT,nuPlan Stage7L historical development,"Waymo-only deterministic reconstruction: original last-view embeddings, same 5-fold scenario GroupKFold, ridge/logistic grid, seed and preprocessing; no nuPlan fitting/selection",0.9916911607391723,0.024585897581277605,0.1,INCONCLUSIVE_NO_FROZEN_CROSS_DOMAIN_NUMERICAL_GATE,DEVELOPMENT_DIAGNOSTIC_EVIDENCE,raw33.lane_change_count_proxy,lateral,categorical,80,79,"5,000 log-cluster Poisson bootstrap; development diagnostic only",balanced_accuracy,0.9671052631578947,0.9338213146704465,0.9929577464788732,nan,nan,nan,nan,1.0,0.7906855049712193,class_0=4; class_1=76
B_seed3407,B,3407,dose0,PRIMARY,Waymo Dynamic-v2 validation R0_DEVELOPMENT,nuPlan Stage7L historical development,"Waymo-only deterministic reconstruction: original last-view embeddings, same 5-fold scenario GroupKFold, ridge/logistic grid, seed and preprocessing; no nuPlan fitting/selection",0.9371129114239463,0.01390419326845116,0.001,INCONCLUSIVE_NO_FROZEN_CROSS_DOMAIN_NUMERICAL_GATE,DEVELOPMENT_DIAGNOSTIC_EVIDENCE,raw33.mean_front_distance,interaction,continuous,80,79,"5,000 log-cluster Poisson bootstrap; development diagnostic only",R2,0.9232087181554951,0.8791804975761299,0.9575728414624399,3.920130529073809,0.2771123992976586,0.9510298430571217,1.0620257101445663,nan,nan,NOT_APPLICABLE
B_seed3407,B,3407,dose0,PRIMARY,Waymo Dynamic-v2 validation R0_DEVELOPMENT,nuPlan Stage7L historical development,"Waymo-only deterministic reconstruction: original last-view embeddings, same 5-fold scenario GroupKFold, ridge/logistic grid, seed and preprocessing; no nuPlan fitting/selection",0.9629940117289753,0.2683905520796971,0.01,INCONCLUSIVE_NO_FROZEN_CROSS_DOMAIN_NUMERICAL_GATE,DEVELOPMENT_DIAGNOSTIC_EVIDENCE,raw33.mean_rel_speed,interaction,continuous,80,79,"5,000 log-cluster Poisson bootstrap; development diagnostic only",R2,0.6946034596492782,0.6223775930104956,0.7666693393231901,3.6099927419831785,0.5526269450096709,0.9473826264598335,1.5346603410193722,nan,nan,NOT_APPLICABLE
B_seed3407,B,3407,dose0,PRIMARY,Waymo Dynamic-v2 validation R0_DEVELOPMENT,nuPlan Stage7L historical development,"Waymo-only deterministic reconstruction: original last-view embeddings, same 5-fold scenario GroupKFold, ridge/logistic grid, seed and preprocessing; no nuPlan fitting/selection",0.947799105288763,0.08222929871121132,0.01,INCONCLUSIVE_NO_FROZEN_CROSS_DOMAIN_NUMERICAL_GATE,DEVELOPMENT_DIAGNOSTIC_EVIDENCE,raw33.front_pressure_score,interaction,continuous,80,79,"5,000 log-cluster Poisson bootstrap; development diagnostic only",R2,0.8655698065775517,0.7111608567967944,0.9331950609876603,1.2272662335334024,0.36664723293984963,0.7657871718021605,0.902491450938747,nan,nan,NOT_APPLICABLE
B_seed3408,B,3408,dose0,PRIMARY,Waymo Dynamic-v2 validation R0_DEVELOPMENT,nuPlan Stage7L historical development,"Waymo-only deterministic reconstruction: original last-view embeddings, same 5-fold scenario GroupKFold, ridge/logistic grid, seed and preprocessing; no nuPlan fitting/selection",0.9862556927470378,1.9243999034286667,0.01,INCONCLUSIVE_NO_FROZEN_CROSS_DOMAIN_NUMERICAL_GATE,DEVELOPMENT_DIAGNOSTIC_EVIDENCE,ego13.mean_speed,longitudinal,continuous,80,79,"5,000 log-cluster Poisson bootstrap; development diagnostic only",R2,-0.9381442106816289,-1.7733703456531305,-0.3278673796579766,0.9171752387165955,1.392172478783297,0.6838021565869667,0.4945026343036945,nan,nan,NOT_APPLICABLE
B_seed3408,B,3408,dose0,PRIMARY,Waymo Dynamic-v2 validation R0_DEVELOPMENT,nuPlan Stage7L historical development,"Waymo-only deterministic reconstruction: original last-view embeddings, same 5-fold scenario GroupKFold, ridge/logistic grid, seed and preprocessing; no nuPlan fitting/selection",0.8933070007500663,0.6251203768301173,0.001,INCONCLUSIVE_NO_FROZEN_CROSS_DOMAIN_NUMERICAL_GATE,DEVELOPMENT_DIAGNOSTIC_EVIDENCE,ego13.end_minus_start_speed,longitudinal,continuous,80,79,"5,000 log-cluster Poisson bootstrap; development diagnostic only",R2,0.26818662391994896,-0.1892064003237705,0.5018998356415943,1.475196555792308,0.8554609144081634,0.6718940459446789,0.7139078505220967,nan,nan,NOT_APPLICABLE
B_seed3408,B,3408,dose0,PRIMARY,Waymo Dynamic-v2 validation R0_DEVELOPMENT,nuPlan Stage7L historical development,"Waymo-only deterministic reconstruction: original last-view embeddings, same 5-fold scenario GroupKFold, ridge/logistic grid, seed and preprocessing; no nuPlan fitting/selection",0.6197034729398466,169.36213879890354,0.1,INCONCLUSIVE_NO_FROZEN_CROSS_DOMAIN_NUMERICAL_GATE,DEVELOPMENT_DIAGNOSTIC_EVIDENCE,ego13.rms_accel,longitudinal,continuous,80,79,"5,000 log-cluster Poisson bootstrap; development diagnostic only",R2,-168.7424353259637,-314.30963811199894,-106.67100660620584,1.7039140403093405,13.028523912015654,0.5488279418659167,0.10662422904499703,nan,nan,NOT_APPLICABLE
B_seed3408,B,3408,dose0,PRIMARY,Waymo Dynamic-v2 validation R0_DEVELOPMENT,nuPlan Stage7L historical development,"Waymo-only deterministic reconstruction: original last-view embeddings, same 5-fold scenario GroupKFold, ridge/logistic grid, seed and preprocessing; no nuPlan fitting/selection",0.8961048763514704,4025.8584445259316,10.0,INCONCLUSIVE_NO_FROZEN_CROSS_DOMAIN_NUMERICAL_GATE,DEVELOPMENT_DIAGNOSTIC_EVIDENCE,ego13.rms_yaw_rate,lateral,continuous,80,79,"5,000 log-cluster Poisson bootstrap; development diagnostic only",R2,-4024.9623396495804,-8925.476284561164,-1849.2241855737377,0.23100502815545915,63.450471547889855,-0.04472573839662448,-0.0005298695891460016,nan,nan,NOT_APPLICABLE
B_seed3408,B,3408,dose0,PRIMARY,Waymo Dynamic-v2 validation R0_DEVELOPMENT,nuPlan Stage7L historical development,"Waymo-only deterministic reconstruction: original last-view embeddings, same 5-fold scenario GroupKFold, ridge/logistic grid, seed and preprocessing; no nuPlan fitting/selection",0.7821898436472482,246.1344617132491,0.1,INCONCLUSIVE_NO_FROZEN_CROSS_DOMAIN_NUMERICAL_GATE,DEVELOPMENT_DIAGNOSTIC_EVIDENCE,ego13.heading_change_abs_total,lateral,continuous,80,79,"5,000 log-cluster Poisson bootstrap; development diagnostic only",R2,-245.35227186960185,-534.3279908257899,-112.71588625527818,0.5419798781666454,15.695613140925776,-0.16493202062822318,-0.005065659557236901,nan,nan,NOT_APPLICABLE
B_seed3408,B,3408,dose0,PRIMARY,Waymo Dynamic-v2 validation R0_DEVELOPMENT,nuPlan Stage7L historical development,"Waymo-only deterministic reconstruction: original last-view embeddings, same 5-fold scenario GroupKFold, ridge/logistic grid, seed and preprocessing; no nuPlan fitting/selection",0.9900126944898615,0.06896006291091417,1000.0,INCONCLUSIVE_NO_FROZEN_CROSS_DOMAIN_NUMERICAL_GATE,DEVELOPMENT_DIAGNOSTIC_EVIDENCE,raw33.lane_change_count_proxy,lateral,categorical,80,79,"5,000 log-cluster Poisson bootstrap; development diagnostic only",balanced_accuracy,0.9210526315789473,0.8656716417910448,0.9605263157894737,nan,nan,nan,nan,0.9967105263157895,0.6571428571428571,class_0=4; class_1=76
B_seed3408,B,3408,dose0,PRIMARY,Waymo Dynamic-v2 validation R0_DEVELOPMENT,nuPlan Stage7L historical development,"Waymo-only deterministic reconstruction: original last-view embeddings, same 5-fold scenario GroupKFold, ridge/logistic grid, seed and preprocessing; no nuPlan fitting/selection",0.9347786523477366,-0.006637408644849296,0.1,INCONCLUSIVE_NO_FROZEN_CROSS_DOMAIN_NUMERICAL_GATE,DEVELOPMENT_DIAGNOSTIC_EVIDENCE,raw33.mean_front_distance,interaction,continuous,80,79,"5,000 log-cluster Poisson bootstrap; development diagnostic only",R2,0.9414160609925859,0.8891858989935907,0.9732548970587729,3.5478905250942034,0.24204119279042993,0.9491700041300276,0.9900603328564064,nan,nan,NOT_APPLICABLE
B_seed3408,B,3408,dose0,PRIMARY,Waymo Dynamic-v2 validation R0_DEVELOPMENT,nuPlan Stage7L historical development,"Waymo-only deterministic reconstruction: original last-view embeddings, same 5-fold scenario GroupKFold, ridge/logistic grid, seed and preprocessing; no nuPlan fitting/selection",0.9630323935758236,0.19900223315813514,1.0,INCONCLUSIVE_NO_FROZEN_CROSS_DOMAIN_NUMERICAL_GATE,DEVELOPMENT_DIAGNOSTIC_EVIDENCE,raw33.mean_rel_speed,interaction,continuous,80,79,"5,000 log-cluster Poisson bootstrap; development diagnostic only",R2,0.7640301604176885,0.7061178885660073,0.8230382492570868,3.2903988577699685,0.4857672689491455,0.9500878467174246,1.4332228102649864,nan,nan,NOT_APPLICABLE
B_seed3408,B,3408,dose0,PRIMARY,Waymo Dynamic-v2 validation R0_DEVELOPMENT,nuPlan Stage7L historical development,"Waymo-only deterministic reconstruction: original last-view embeddings, same 5-fold scenario GroupKFold, ridge/logistic grid, seed and preprocessing; no nuPlan fitting/selection",0.9384079313090523,0.04735063226316405,0.01,INCONCLUSIVE_NO_FROZEN_CROSS_DOMAIN_NUMERICAL_GATE,DEVELOPMENT_DIAGNOSTIC_EVIDENCE,raw33.front_pressure_score,interaction,continuous,80,79,"5,000 log-cluster Poisson bootstrap; development diagnostic only",R2,0.8910572990458883,0.7375885077880886,0.9553841775281322,1.1256560300137375,0.3300646920743141,0.772458977822271,0.919942074750168,nan,nan,NOT_APPLICABLE
B_seed3409,B,3409,dose0,PRIMARY,Waymo Dynamic-v2 validation R0_DEVELOPMENT,nuPlan Stage7L historical development,"Waymo-only deterministic reconstruction: original last-view embeddings, same 5-fold scenario GroupKFold, ridge/logistic grid, seed and preprocessing; no nuPlan fitting/selection",0.9878089923747602,2.3912779527034704,0.0001,INCONCLUSIVE_NO_FROZEN_CROSS_DOMAIN_NUMERICAL_GATE,DEVELOPMENT_DIAGNOSTIC_EVIDENCE,ego13.mean_speed,longitudinal,continuous,80,79,"5,000 log-cluster Poisson bootstrap; development diagnostic only",R2,-1.40346896032871,-2.6842215833078034,-0.5707823947879591,0.9761944843800194,1.550312536338628,0.4735349273323957,0.29199092656832426,nan,nan,NOT_APPLICABLE
B_seed3409,B,3409,dose0,PRIMARY,Waymo Dynamic-v2 validation R0_DEVELOPMENT,nuPlan Stage7L historical development,"Waymo-only deterministic reconstruction: original last-view embeddings, same 5-fold scenario GroupKFold, ridge/logistic grid, seed and preprocessing; no nuPlan fitting/selection",0.8270040637341315,2.9954127652919182,0.0001,INCONCLUSIVE_NO_FROZEN_CROSS_DOMAIN_NUMERICAL_GATE,DEVELOPMENT_DIAGNOSTIC_EVIDENCE,ego13.end_minus_start_speed,longitudinal,continuous,80,79,"5,000 log-cluster Poisson bootstrap; development diagnostic only",R2,-2.168408701557787,-5.27072528243854,-0.5785576786861157,2.5083123711198647,1.780002444256127,0.09329582747304266,0.11602627939838064,nan,nan,NOT_APPLICABLE
B_seed3409,B,3409,dose0,PRIMARY,Waymo Dynamic-v2 validation R0_DEVELOPMENT,nuPlan Stage7L historical development,"Waymo-only deterministic reconstruction: original last-view embeddings, same 5-fold scenario GroupKFold, ridge/logistic grid, seed and preprocessing; no nuPlan fitting/selection",0.636336639785037,138.65208317179147,0.001,INCONCLUSIVE_NO_FROZEN_CROSS_DOMAIN_NUMERICAL_GATE,DEVELOPMENT_DIAGNOSTIC_EVIDENCE,ego13.rms_accel,longitudinal,continuous,80,79,"5,000 log-cluster Poisson bootstrap; development diagnostic only",R2,-138.01574653200643,-261.6552440866667,-87.36759082370776,1.423080855439972,11.790493905346223,0.04730426629160807,0.02530207932991315,nan,nan,NOT_APPLICABLE
B_seed3409,B,3409,dose0,PRIMARY,Waymo Dynamic-v2 validation R0_DEVELOPMENT,nuPlan Stage7L historical development,"Waymo-only deterministic reconstruction: original last-view embeddings, same 5-fold scenario GroupKFold, ridge/logistic grid, seed and preprocessing; no nuPlan fitting/selection",0.9366521546902096,125193.68076312757,1.0,INCONCLUSIVE_NO_FROZEN_CROSS_DOMAIN_NUMERICAL_GATE,DEVELOPMENT_DIAGNOSTIC_EVIDENCE,ego13.rms_yaw_rate,lateral,continuous,80,79,"5,000 log-cluster Poisson bootstrap; development diagnostic only",R2,-125192.74411097288,-244953.07573895223,-75483.42942708287,1.9410075734997843,353.82728005479294,-0.06284575714955462,-0.0004824258046520438,nan,nan,NOT_APPLICABLE
B_seed3409,B,3409,dose0,PRIMARY,Waymo Dynamic-v2 validation R0_DEVELOPMENT,nuPlan Stage7L historical development,"Waymo-only deterministic reconstruction: original last-view embeddings, same 5-fold scenario GroupKFold, ridge/logistic grid, seed and preprocessing; no nuPlan fitting/selection",0.9011377862412762,3340.9739301338,0.01,INCONCLUSIVE_NO_FROZEN_CROSS_DOMAIN_NUMERICAL_GATE,DEVELOPMENT_DIAGNOSTIC_EVIDENCE,ego13.heading_change_abs_total,lateral,continuous,80,79,"5,000 log-cluster Poisson bootstrap; development diagnostic only",R2,-3340.072792347559,-6263.7087962260875,-1999.2698540680842,2.7289266719689524,57.80201373955373,-0.07986404125644632,-0.00213042900772214,nan,nan,NOT_APPLICABLE
B_seed3409,B,3409,dose0,PRIMARY,Waymo Dynamic-v2 validation R0_DEVELOPMENT,nuPlan Stage7L historical development,"Waymo-only deterministic reconstruction: original last-view embeddings, same 5-fold scenario GroupKFold, ridge/logistic grid, seed and preprocessing; no nuPlan fitting/selection",0.98636924765079,-0.013630752349209962,10000.0,INCONCLUSIVE_NO_FROZEN_CROSS_DOMAIN_NUMERICAL_GATE,DEVELOPMENT_DIAGNOSTIC_EVIDENCE,raw33.lane_change_count_proxy,lateral,categorical,80,79,"5,000 log-cluster Poisson bootstrap; development diagnostic only",balanced_accuracy,1.0,1.0,1.0,nan,nan,nan,nan,1.0,1.0,class_0=4; class_1=76
B_seed3409,B,3409,dose0,PRIMARY,Waymo Dynamic-v2 validation R0_DEVELOPMENT,nuPlan Stage7L historical development,"Waymo-only deterministic reconstruction: original last-view embeddings, same 5-fold scenario GroupKFold, ridge/logistic grid, seed and preprocessing; no nuPlan fitting/selection",0.9390567147861557,0.029080809363519422,0.01,INCONCLUSIVE_NO_FROZEN_CROSS_DOMAIN_NUMERICAL_GATE,DEVELOPMENT_DIAGNOSTIC_EVIDENCE,raw33.mean_front_distance,interaction,continuous,80,79,"5,000 log-cluster Poisson bootstrap; development diagnostic only",R2,0.9099759054226363,0.8504859253395823,0.9558870955231407,4.417735142029099,0.3000401549415739,0.945039712486741,1.0563618789104527,nan,nan,NOT_APPLICABLE
B_seed3409,B,3409,dose0,PRIMARY,Waymo Dynamic-v2 validation R0_DEVELOPMENT,nuPlan Stage7L historical development,"Waymo-only deterministic reconstruction: original last-view embeddings, same 5-fold scenario GroupKFold, ridge/logistic grid, seed and preprocessing; no nuPlan fitting/selection",0.9653444702360163,0.17004348394126856,0.01,INCONCLUSIVE_NO_FROZEN_CROSS_DOMAIN_NUMERICAL_GATE,DEVELOPMENT_DIAGNOSTIC_EVIDENCE,raw33.mean_rel_speed,interaction,continuous,80,79,"5,000 log-cluster Poisson bootstrap; development diagnostic only",R2,0.7953009862947478,0.7361742243846655,0.852476556680413,3.0531773186694173,0.45243675105505315,0.9497980016898255,1.409710410609654,nan,nan,NOT_APPLICABLE
B_seed3409,B,3409,dose0,PRIMARY,Waymo Dynamic-v2 validation R0_DEVELOPMENT,nuPlan Stage7L historical development,"Waymo-only deterministic reconstruction: original last-view embeddings, same 5-fold scenario GroupKFold, ridge/logistic grid, seed and preprocessing; no nuPlan fitting/selection",0.9480732118869497,0.1027197817248473,0.01,INCONCLUSIVE_NO_FROZEN_CROSS_DOMAIN_NUMERICAL_GATE,DEVELOPMENT_DIAGNOSTIC_EVIDENCE,raw33.front_pressure_score,interaction,continuous,80,79,"5,000 log-cluster Poisson bootstrap; development diagnostic only",R2,0.8453534301621024,0.6979623158589329,0.913176412242816,1.4672415571047714,0.39325128078354377,0.6469745609215792,0.8343215510351641,nan,nan,NOT_APPLICABLE
C_seed3407,C,3407,dose0,PRIMARY,Waymo Dynamic-v2 validation R0_DEVELOPMENT,nuPlan Stage7L historical development,"Waymo-only deterministic reconstruction: original last-view embeddings, same 5-fold scenario GroupKFold, ridge/logistic grid, seed and preprocessing; no nuPlan fitting/selection",0.9895997177778074,5.137393353684564,0.0001,INCONCLUSIVE_NO_FROZEN_CROSS_DOMAIN_NUMERICAL_GATE,DEVELOPMENT_DIAGNOSTIC_EVIDENCE,ego13.mean_speed,longitudinal,continuous,80,79,"5,000 log-cluster Poisson bootstrap; development diagnostic only",R2,-4.147793635906757,-6.0452747805982066,-2.900581779302338,1.6681037439805777,2.2688749714135326,0.5917487107360525,0.4093015571524042,nan,nan,NOT_APPLICABLE
C_seed3407,C,3407,dose0,PRIMARY,Waymo Dynamic-v2 validation R0_DEVELOPMENT,nuPlan Stage7L historical development,"Waymo-only deterministic reconstruction: original last-view embeddings, same 5-fold scenario GroupKFold, ridge/logistic grid, seed and preprocessing; no nuPlan fitting/selection",0.8982326772370824,2.1782903152942956,0.0001,INCONCLUSIVE_NO_FROZEN_CROSS_DOMAIN_NUMERICAL_GATE,DEVELOPMENT_DIAGNOSTIC_EVIDENCE,ego13.end_minus_start_speed,longitudinal,continuous,80,79,"5,000 log-cluster Poisson bootstrap; development diagnostic only",R2,-1.280057638057213,-2.331711757621372,-0.7373339404337818,2.621192353424104,1.509985972801474,-0.31924519456165024,-0.42360778465429044,nan,nan,NOT_APPLICABLE
C_seed3407,C,3407,dose0,PRIMARY,Waymo Dynamic-v2 validation R0_DEVELOPMENT,nuPlan Stage7L historical development,"Waymo-only deterministic reconstruction: original last-view embeddings, same 5-fold scenario GroupKFold, ridge/logistic grid, seed and preprocessing; no nuPlan fitting/selection",0.6235614624040083,22.94875889957497,0.01,INCONCLUSIVE_NO_FROZEN_CROSS_DOMAIN_NUMERICAL_GATE,DEVELOPMENT_DIAGNOSTIC_EVIDENCE,ego13.rms_accel,longitudinal,continuous,80,79,"5,000 log-cluster Poisson bootstrap; development diagnostic only",R2,-22.32519743717096,-41.873705119623544,-13.481005597289156,0.5531884543728557,4.829616696713204,0.039310829817158936,0.020483248780006742,nan,nan,NOT_APPLICABLE
C_seed3407,C,3407,dose0,PRIMARY,Waymo Dynamic-v2 validation R0_DEVELOPMENT,nuPlan Stage7L historical development,"Waymo-only deterministic reconstruction: original last-view embeddings, same 5-fold scenario GroupKFold, ridge/logistic grid, seed and preprocessing; no nuPlan fitting/selection",0.9198773897719654,27.228427934567847,10.0,INCONCLUSIVE_NO_FROZEN_CROSS_DOMAIN_NUMERICAL_GATE,DEVELOPMENT_DIAGNOSTIC_EVIDENCE,ego13.rms_yaw_rate,lateral,continuous,80,79,"5,000 log-cluster Poisson bootstrap; development diagnostic only",R2,-26.30855054479588,-51.988285054629436,-14.732577580817422,0.026021502042129434,5.225758370303384,0.21080637599624943,0.045397658056756454,nan,nan,NOT_APPLICABLE
C_seed3407,C,3407,dose0,PRIMARY,Waymo Dynamic-v2 validation R0_DEVELOPMENT,nuPlan Stage7L historical development,"Waymo-only deterministic reconstruction: original last-view embeddings, same 5-fold scenario GroupKFold, ridge/logistic grid, seed and preprocessing; no nuPlan fitting/selection",0.8181066066176717,32.055231196590924,0.001,INCONCLUSIVE_NO_FROZEN_CROSS_DOMAIN_NUMERICAL_GATE,DEVELOPMENT_DIAGNOSTIC_EVIDENCE,ego13.heading_change_abs_total,lateral,continuous,80,79,"5,000 log-cluster Poisson bootstrap; development diagnostic only",R2,-31.237124589973256,-59.02830760984148,-19.25914709553247,0.2674016944228187,5.677774615989371,0.11755743084857011,0.06532737062061733,nan,nan,NOT_APPLICABLE
C_seed3407,C,3407,dose0,PRIMARY,Waymo Dynamic-v2 validation R0_DEVELOPMENT,nuPlan Stage7L historical development,"Waymo-only deterministic reconstruction: original last-view embeddings, same 5-fold scenario GroupKFold, ridge/logistic grid, seed and preprocessing; no nuPlan fitting/selection",0.9905419699380127,0.08264723309590738,1000.0,INCONCLUSIVE_NO_FROZEN_CROSS_DOMAIN_NUMERICAL_GATE,DEVELOPMENT_DIAGNOSTIC_EVIDENCE,raw33.lane_change_count_proxy,lateral,categorical,80,79,"5,000 log-cluster Poisson bootstrap; development diagnostic only",balanced_accuracy,0.9078947368421053,0.8491883116883117,0.9506172839506173,nan,nan,nan,nan,0.9407894736842106,0.6310935441370225,class_0=4; class_1=76
C_seed3407,C,3407,dose0,PRIMARY,Waymo Dynamic-v2 validation R0_DEVELOPMENT,nuPlan Stage7L historical development,"Waymo-only deterministic reconstruction: original last-view embeddings, same 5-fold scenario GroupKFold, ridge/logistic grid, seed and preprocessing; no nuPlan fitting/selection",0.9415579768830545,0.017544779829659407,0.001,INCONCLUSIVE_NO_FROZEN_CROSS_DOMAIN_NUMERICAL_GATE,DEVELOPMENT_DIAGNOSTIC_EVIDENCE,raw33.mean_front_distance,interaction,continuous,80,79,"5,000 log-cluster Poisson bootstrap; development diagnostic only",R2,0.9240131970533951,0.8772314088538609,0.958406310273622,4.122696189208176,0.27565703863062324,0.9487110828363291,0.9849525884548185,nan,nan,NOT_APPLICABLE
C_seed3407,C,3407,dose0,PRIMARY,Waymo Dynamic-v2 validation R0_DEVELOPMENT,nuPlan Stage7L historical development,"Waymo-only deterministic reconstruction: original last-view embeddings, same 5-fold scenario GroupKFold, ridge/logistic grid, seed and preprocessing; no nuPlan fitting/selection",0.9667963027903125,0.2317029728636989,0.001,INCONCLUSIVE_NO_FROZEN_CROSS_DOMAIN_NUMERICAL_GATE,DEVELOPMENT_DIAGNOSTIC_EVIDENCE,raw33.mean_rel_speed,interaction,continuous,80,79,"5,000 log-cluster Poisson bootstrap; development diagnostic only",R2,0.7350933299266136,0.6765237154380819,0.7931066930237818,3.403672108256329,0.5146908490282165,0.9540249083423119,1.584561625445681,nan,nan,NOT_APPLICABLE
C_seed3407,C,3407,dose0,PRIMARY,Waymo Dynamic-v2 validation R0_DEVELOPMENT,nuPlan Stage7L historical development,"Waymo-only deterministic reconstruction: original last-view embeddings, same 5-fold scenario GroupKFold, ridge/logistic grid, seed and preprocessing; no nuPlan fitting/selection",0.9482771561173481,0.10527529175061001,0.001,INCONCLUSIVE_NO_FROZEN_CROSS_DOMAIN_NUMERICAL_GATE,DEVELOPMENT_DIAGNOSTIC_EVIDENCE,raw33.front_pressure_score,interaction,continuous,80,79,"5,000 log-cluster Poisson bootstrap; development diagnostic only",R2,0.8430018643667381,0.6693400887213438,0.9201556820122919,1.3717937050516589,0.3962299024976055,0.7591425976433566,0.8646546932292044,nan,nan,NOT_APPLICABLE
C_seed3408,C,3408,dose0,PRIMARY,Waymo Dynamic-v2 validation R0_DEVELOPMENT,nuPlan Stage7L historical development,"Waymo-only deterministic reconstruction: original last-view embeddings, same 5-fold scenario GroupKFold, ridge/logistic grid, seed and preprocessing; no nuPlan fitting/selection",0.9894953273194529,1.565511610312262,0.001,INCONCLUSIVE_NO_FROZEN_CROSS_DOMAIN_NUMERICAL_GATE,DEVELOPMENT_DIAGNOSTIC_EVIDENCE,ego13.mean_speed,longitudinal,continuous,80,79,"5,000 log-cluster Poisson bootstrap; development diagnostic only",R2,-0.576016282992809,-1.1779417564603416,-0.2210792770412401,0.9932039833080495,1.2553948713424032,0.6238865447726207,0.4996419929195446,nan,nan,NOT_APPLICABLE
C_seed3408,C,3408,dose0,PRIMARY,Waymo Dynamic-v2 validation R0_DEVELOPMENT,nuPlan Stage7L historical development,"Waymo-only deterministic reconstruction: original last-view embeddings, same 5-fold scenario GroupKFold, ridge/logistic grid, seed and preprocessing; no nuPlan fitting/selection",0.9127948126401422,2.227563230194276,0.001,INCONCLUSIVE_NO_FROZEN_CROSS_DOMAIN_NUMERICAL_GATE,DEVELOPMENT_DIAGNOSTIC_EVIDENCE,ego13.end_minus_start_speed,longitudinal,continuous,80,79,"5,000 log-cluster Poisson bootstrap; development diagnostic only",R2,-1.3147684175541339,-2.7608271641223134,-0.5909472585570048,2.7132265807421025,1.5214363008532872,0.5288326300984528,0.7944867286449477,nan,nan,NOT_APPLICABLE
C_seed3408,C,3408,dose0,PRIMARY,Waymo Dynamic-v2 validation R0_DEVELOPMENT,nuPlan Stage7L historical development,"Waymo-only deterministic reconstruction: original last-view embeddings, same 5-fold scenario GroupKFold, ridge/logistic grid, seed and preprocessing; no nuPlan fitting/selection",0.6429400860487352,221.35151218463074,0.001,INCONCLUSIVE_NO_FROZEN_CROSS_DOMAIN_NUMERICAL_GATE,DEVELOPMENT_DIAGNOSTIC_EVIDENCE,ego13.rms_accel,longitudinal,continuous,80,79,"5,000 log-cluster Poisson bootstrap; development diagnostic only",R2,-220.708572098582,-418.3311131339927,-134.94251113879008,1.8750993093280688,14.889881534068092,-0.11647913736521331,0.01855894498119991,nan,nan,NOT_APPLICABLE
C_seed3408,C,3408,dose0,PRIMARY,Waymo Dynamic-v2 validation R0_DEVELOPMENT,nuPlan Stage7L historical development,"Waymo-only deterministic reconstruction: original last-view embeddings, same 5-fold scenario GroupKFold, ridge/logistic grid, seed and preprocessing; no nuPlan fitting/selection",0.9097995939957749,194.737753138728,0.01,INCONCLUSIVE_NO_FROZEN_CROSS_DOMAIN_NUMERICAL_GATE,DEVELOPMENT_DIAGNOSTIC_EVIDENCE,ego13.rms_yaw_rate,lateral,continuous,80,79,"5,000 log-cluster Poisson bootstrap; development diagnostic only",R2,-193.82795354473222,-502.66074682272364,-70.5889249183061,0.06038577606152527,13.958078433105761,0.15679793717768403,0.007564948021188805,nan,nan,NOT_APPLICABLE
C_seed3408,C,3408,dose0,PRIMARY,Waymo Dynamic-v2 validation R0_DEVELOPMENT,nuPlan Stage7L historical development,"Waymo-only deterministic reconstruction: original last-view embeddings, same 5-fold scenario GroupKFold, ridge/logistic grid, seed and preprocessing; no nuPlan fitting/selection",0.8185948057671155,43.19670503288756,0.0001,INCONCLUSIVE_NO_FROZEN_CROSS_DOMAIN_NUMERICAL_GATE,DEVELOPMENT_DIAGNOSTIC_EVIDENCE,ego13.heading_change_abs_total,lateral,continuous,80,79,"5,000 log-cluster Poisson bootstrap; development diagnostic only",R2,-42.378110227120445,-77.65604625270444,-25.454932913309754,0.314378178103813,6.586206057140973,-0.024308485700890767,-0.012749546632493062,nan,nan,NOT_APPLICABLE
C_seed3408,C,3408,dose0,PRIMARY,Waymo Dynamic-v2 validation R0_DEVELOPMENT,nuPlan Stage7L historical development,"Waymo-only deterministic reconstruction: original last-view embeddings, same 5-fold scenario GroupKFold, ridge/logistic grid, seed and preprocessing; no nuPlan fitting/selection",0.9925426901234252,0.04517426907079358,100.0,INCONCLUSIVE_NO_FROZEN_CROSS_DOMAIN_NUMERICAL_GATE,DEVELOPMENT_DIAGNOSTIC_EVIDENCE,raw33.lane_change_count_proxy,lateral,categorical,80,79,"5,000 log-cluster Poisson bootstrap; development diagnostic only",balanced_accuracy,0.9473684210526316,0.8981376262626263,0.9791666666666667,nan,nan,nan,nan,1.0,0.7222222222222222,class_0=4; class_1=76
C_seed3408,C,3408,dose0,PRIMARY,Waymo Dynamic-v2 validation R0_DEVELOPMENT,nuPlan Stage7L historical development,"Waymo-only deterministic reconstruction: original last-view embeddings, same 5-fold scenario GroupKFold, ridge/logistic grid, seed and preprocessing; no nuPlan fitting/selection",0.9391549300319181,-0.006589974644799046,0.001,INCONCLUSIVE_NO_FROZEN_CROSS_DOMAIN_NUMERICAL_GATE,DEVELOPMENT_DIAGNOSTIC_EVIDENCE,raw33.mean_front_distance,interaction,continuous,80,79,"5,000 log-cluster Poisson bootstrap; development diagnostic only",R2,0.9457449046767171,0.9172684673010228,0.9681444860344297,3.7553420146171432,0.2329272318199032,0.9498704629467254,1.0212406053688776,nan,nan,NOT_APPLICABLE
C_seed3408,C,3408,dose0,PRIMARY,Waymo Dynamic-v2 validation R0_DEVELOPMENT,nuPlan Stage7L historical development,"Waymo-only deterministic reconstruction: original last-view embeddings, same 5-fold scenario GroupKFold, ridge/logistic grid, seed and preprocessing; no nuPlan fitting/selection",0.9651703429214011,0.22743380554585035,0.01,INCONCLUSIVE_NO_FROZEN_CROSS_DOMAIN_NUMERICAL_GATE,DEVELOPMENT_DIAGNOSTIC_EVIDENCE,raw33.mean_rel_speed,interaction,continuous,80,79,"5,000 log-cluster Poisson bootstrap; development diagnostic only",R2,0.7377365373755508,0.6683501560420316,0.8036531566611828,3.4816904711288883,0.5121166494310151,0.9413200346325531,1.4996828615334217,nan,nan,NOT_APPLICABLE
C_seed3408,C,3408,dose0,PRIMARY,Waymo Dynamic-v2 validation R0_DEVELOPMENT,nuPlan Stage7L historical development,"Waymo-only deterministic reconstruction: original last-view embeddings, same 5-fold scenario GroupKFold, ridge/logistic grid, seed and preprocessing; no nuPlan fitting/selection",0.9422504606184756,0.07678211567574755,0.01,INCONCLUSIVE_NO_FROZEN_CROSS_DOMAIN_NUMERICAL_GATE,DEVELOPMENT_DIAGNOSTIC_EVIDENCE,raw33.front_pressure_score,interaction,continuous,80,79,"5,000 log-cluster Poisson bootstrap; development diagnostic only",R2,0.8654683449427281,0.6981377132003714,0.9508282114397043,1.0763504770363748,0.3667855709502105,0.7704710519468911,0.9419543909411794,nan,nan,NOT_APPLICABLE
C_seed3409,C,3409,dose0,PRIMARY,Waymo Dynamic-v2 validation R0_DEVELOPMENT,nuPlan Stage7L historical development,"Waymo-only deterministic reconstruction: original last-view embeddings, same 5-fold scenario GroupKFold, ridge/logistic grid, seed and preprocessing; no nuPlan fitting/selection",0.9913699346659731,2.028111512625169,0.001,INCONCLUSIVE_NO_FROZEN_CROSS_DOMAIN_NUMERICAL_GATE,DEVELOPMENT_DIAGNOSTIC_EVIDENCE,ego13.mean_speed,longitudinal,continuous,80,79,"5,000 log-cluster Poisson bootstrap; development diagnostic only",R2,-1.0367415779591957,-1.7143311074852559,-0.6146048406350322,1.0653789434662,1.4271445539815497,0.8068917018284107,0.5848240378777279,nan,nan,NOT_APPLICABLE
C_seed3409,C,3409,dose0,PRIMARY,Waymo Dynamic-v2 validation R0_DEVELOPMENT,nuPlan Stage7L historical development,"Waymo-only deterministic reconstruction: original last-view embeddings, same 5-fold scenario GroupKFold, ridge/logistic grid, seed and preprocessing; no nuPlan fitting/selection",0.8416145449647453,1.7942493331578557,0.001,INCONCLUSIVE_NO_FROZEN_CROSS_DOMAIN_NUMERICAL_GATE,DEVELOPMENT_DIAGNOSTIC_EVIDENCE,ego13.end_minus_start_speed,longitudinal,continuous,80,79,"5,000 log-cluster Poisson bootstrap; development diagnostic only",R2,-0.9526347881931103,-2.179124234489841,-0.28645371265189035,2.2949316234827606,1.3973670914234064,-0.07147210501640881,0.20922073824454615,nan,nan,NOT_APPLICABLE
C_seed3409,C,3409,dose0,PRIMARY,Waymo Dynamic-v2 validation R0_DEVELOPMENT,nuPlan Stage7L historical development,"Waymo-only deterministic reconstruction: original last-view embeddings, same 5-fold scenario GroupKFold, ridge/logistic grid, seed and preprocessing; no nuPlan fitting/selection",0.6476542160309342,40.53138444985014,0.001,INCONCLUSIVE_NO_FROZEN_CROSS_DOMAIN_NUMERICAL_GATE,DEVELOPMENT_DIAGNOSTIC_EVIDENCE,ego13.rms_accel,longitudinal,continuous,80,79,"5,000 log-cluster Poisson bootstrap; development diagnostic only",R2,-39.8837302338192,-86.25520012254668,-21.047646828692443,0.6788359440152563,6.394038648133056,0.16643225503984999,0.009335015583802491,nan,nan,NOT_APPLICABLE
C_seed3409,C,3409,dose0,PRIMARY,Waymo Dynamic-v2 validation R0_DEVELOPMENT,nuPlan Stage7L historical development,"Waymo-only deterministic reconstruction: original last-view embeddings, same 5-fold scenario GroupKFold, ridge/logistic grid, seed and preprocessing; no nuPlan fitting/selection",0.9108579067530178,224.14746254077633,0.01,INCONCLUSIVE_NO_FROZEN_CROSS_DOMAIN_NUMERICAL_GATE,DEVELOPMENT_DIAGNOSTIC_EVIDENCE,ego13.rms_yaw_rate,lateral,continuous,80,79,"5,000 log-cluster Poisson bootstrap; development diagnostic only",R2,-223.2366046340233,-498.7787603213505,-111.39200903374197,0.07382181020240974,14.974531866940726,-0.16047819971870605,-0.01801018153389919,nan,nan,NOT_APPLICABLE
C_seed3409,C,3409,dose0,PRIMARY,Waymo Dynamic-v2 validation R0_DEVELOPMENT,nuPlan Stage7L historical development,"Waymo-only deterministic reconstruction: original last-view embeddings, same 5-fold scenario GroupKFold, ridge/logistic grid, seed and preprocessing; no nuPlan fitting/selection",0.8490852258632745,41.25487098408151,0.001,INCONCLUSIVE_NO_FROZEN_CROSS_DOMAIN_NUMERICAL_GATE,DEVELOPMENT_DIAGNOSTIC_EVIDENCE,ego13.heading_change_abs_total,lateral,continuous,80,79,"5,000 log-cluster Poisson bootstrap; development diagnostic only",R2,-40.40578575821824,-79.55012423769749,-22.979564524899697,0.2788359545574507,6.434732765097416,-0.03291139240506329,0.022031108298021223,nan,nan,NOT_APPLICABLE
C_seed3409,C,3409,dose0,PRIMARY,Waymo Dynamic-v2 validation R0_DEVELOPMENT,nuPlan Stage7L historical development,"Waymo-only deterministic reconstruction: original last-view embeddings, same 5-fold scenario GroupKFold, ridge/logistic grid, seed and preprocessing; no nuPlan fitting/selection",0.9921921279759764,0.06456054902860808,10000.0,INCONCLUSIVE_NO_FROZEN_CROSS_DOMAIN_NUMERICAL_GATE,DEVELOPMENT_DIAGNOSTIC_EVIDENCE,raw33.lane_change_count_proxy,lateral,categorical,80,79,"5,000 log-cluster Poisson bootstrap; development diagnostic only",balanced_accuracy,0.9276315789473684,0.8732394366197183,0.9657534246575342,nan,nan,nan,nan,1.0,0.6715192235908921,class_0=4; class_1=76
C_seed3409,C,3409,dose0,PRIMARY,Waymo Dynamic-v2 validation R0_DEVELOPMENT,nuPlan Stage7L historical development,"Waymo-only deterministic reconstruction: original last-view embeddings, same 5-fold scenario GroupKFold, ridge/logistic grid, seed and preprocessing; no nuPlan fitting/selection",0.9315404891125446,-0.012480979445799179,0.001,INCONCLUSIVE_NO_FROZEN_CROSS_DOMAIN_NUMERICAL_GATE,DEVELOPMENT_DIAGNOSTIC_EVIDENCE,raw33.mean_front_distance,interaction,continuous,80,79,"5,000 log-cluster Poisson bootstrap; development diagnostic only",R2,0.9440214685583438,0.9149280482562134,0.9659818810015482,3.8481622203229704,0.23659782636714197,0.9539282933331121,0.986554851371239,nan,nan,NOT_APPLICABLE
C_seed3409,C,3409,dose0,PRIMARY,Waymo Dynamic-v2 validation R0_DEVELOPMENT,nuPlan Stage7L historical development,"Waymo-only deterministic reconstruction: original last-view embeddings, same 5-fold scenario GroupKFold, ridge/logistic grid, seed and preprocessing; no nuPlan fitting/selection",0.9620677322945709,0.25576362029655497,0.001,INCONCLUSIVE_NO_FROZEN_CROSS_DOMAIN_NUMERICAL_GATE,DEVELOPMENT_DIAGNOSTIC_EVIDENCE,raw33.mean_rel_speed,interaction,continuous,80,79,"5,000 log-cluster Poisson bootstrap; development diagnostic only",R2,0.7063041119980159,0.6391474457341495,0.775450314199934,3.647023144897598,0.5419371624109054,0.9564161298200042,1.5430812430655223,nan,nan,NOT_APPLICABLE
C_seed3409,C,3409,dose0,PRIMARY,Waymo Dynamic-v2 validation R0_DEVELOPMENT,nuPlan Stage7L historical development,"Waymo-only deterministic reconstruction: original last-view embeddings, same 5-fold scenario GroupKFold, ridge/logistic grid, seed and preprocessing; no nuPlan fitting/selection",0.9406291625592027,0.08771341663900722,0.001,INCONCLUSIVE_NO_FROZEN_CROSS_DOMAIN_NUMERICAL_GATE,DEVELOPMENT_DIAGNOSTIC_EVIDENCE,raw33.front_pressure_score,interaction,continuous,80,79,"5,000 log-cluster Poisson bootstrap; development diagnostic only",R2,0.8529157459201955,0.7059292825366486,0.9268120724130487,1.2307238799240645,0.3835156503714086,0.8036122271569913,0.8141647753873219,nan,nan,NOT_APPLICABLE
old64,old64,NOT_APPLICABLE,dose25,ALL_DOSE_DESCRIPTIVE,Waymo Dynamic-v2 validation R0_DEVELOPMENT,nuPlan Stage7L historical development,"Waymo-only deterministic reconstruction: original last-view embeddings, same 5-fold scenario GroupKFold, ridge/logistic grid, seed and preprocessing; no nuPlan fitting/selection",0.8648257412742769,10.247717209489613,1.0,INCONCLUSIVE_NO_FROZEN_CROSS_DOMAIN_NUMERICAL_GATE,DEVELOPMENT_DIAGNOSTIC_EVIDENCE,ego13.mean_speed,longitudinal,continuous,80,79,"5,000 log-cluster Poisson bootstrap; development diagnostic only",R2,-9.382891468215336,-13.996544507570661,-6.4320223208999625,2.300375187493309,3.222249442270932,0.4791139240506329,0.1829840432875934,nan,nan,NOT_APPLICABLE
old64,old64,NOT_APPLICABLE,dose25,ALL_DOSE_DESCRIPTIVE,Waymo Dynamic-v2 validation R0_DEVELOPMENT,nuPlan Stage7L historical development,"Waymo-only deterministic reconstruction: original last-view embeddings, same 5-fold scenario GroupKFold, ridge/logistic grid, seed and preprocessing; no nuPlan fitting/selection",0.6627768973344081,7.114869154422054,0.1,INCONCLUSIVE_NO_FROZEN_CROSS_DOMAIN_NUMERICAL_GATE,DEVELOPMENT_DIAGNOSTIC_EVIDENCE,ego13.end_minus_start_speed,longitudinal,continuous,80,79,"5,000 log-cluster Poisson bootstrap; development diagnostic only",R2,-6.452092257087646,-11.412941749666958,-3.7878680998169236,4.694677979668002,2.729852057729072,0.6713783403656821,0.22254306676753724,nan,nan,NOT_APPLICABLE
old64,old64,NOT_APPLICABLE,dose25,ALL_DOSE_DESCRIPTIVE,Waymo Dynamic-v2 validation R0_DEVELOPMENT,nuPlan Stage7L historical development,"Waymo-only deterministic reconstruction: original last-view embeddings, same 5-fold scenario GroupKFold, ridge/logistic grid, seed and preprocessing; no nuPlan fitting/selection",0.7704677315598866,21.302989975630013,100.0,INCONCLUSIVE_NO_FROZEN_CROSS_DOMAIN_NUMERICAL_GATE,DEVELOPMENT_DIAGNOSTIC_EVIDENCE,ego13.rms_accel,longitudinal,continuous,80,79,"5,000 log-cluster Poisson bootstrap; development diagnostic only",R2,-20.532522244070126,-36.22025535477248,-12.390939058148776,0.513126737580877,4.640314886305683,-0.3666197843413033,-0.08295245110493436,nan,nan,NOT_APPLICABLE
old64,old64,NOT_APPLICABLE,dose25,ALL_DOSE_DESCRIPTIVE,Waymo Dynamic-v2 validation R0_DEVELOPMENT,nuPlan Stage7L historical development,"Waymo-only deterministic reconstruction: original last-view embeddings, same 5-fold scenario GroupKFold, ridge/logistic grid, seed and preprocessing; no nuPlan fitting/selection",0.9251043994848664,178.8005376629213,10.0,INCONCLUSIVE_NO_FROZEN_CROSS_DOMAIN_NUMERICAL_GATE,DEVELOPMENT_DIAGNOSTIC_EVIDENCE,ego13.rms_yaw_rate,lateral,continuous,80,79,"5,000 log-cluster Poisson bootstrap; development diagnostic only",R2,-177.87543326343643,-606.2872261343576,-18.08130317884918,0.03561420921353823,13.374432072556816,-0.13687294889826537,-0.01038189238932249,nan,nan,NOT_APPLICABLE
old64,old64,NOT_APPLICABLE,dose25,ALL_DOSE_DESCRIPTIVE,Waymo Dynamic-v2 validation R0_DEVELOPMENT,nuPlan Stage7L historical development,"Waymo-only deterministic reconstruction: original last-view embeddings, same 5-fold scenario GroupKFold, ridge/logistic grid, seed and preprocessing; no nuPlan fitting/selection",0.8659183333811538,33.33542739887176,100.0,INCONCLUSIVE_NO_FROZEN_CROSS_DOMAIN_NUMERICAL_GATE,DEVELOPMENT_DIAGNOSTIC_EVIDENCE,ego13.heading_change_abs_total,lateral,continuous,80,79,"5,000 log-cluster Poisson bootstrap; development diagnostic only",R2,-32.469509065490605,-63.11282221392168,-18.165206782548985,0.2647710794414876,5.785283836208092,-0.004430379746835443,0.0041037093149646035,nan,nan,NOT_APPLICABLE
old64,old64,NOT_APPLICABLE,dose25,ALL_DOSE_DESCRIPTIVE,Waymo Dynamic-v2 validation R0_DEVELOPMENT,nuPlan Stage7L historical development,"Waymo-only deterministic reconstruction: original last-view embeddings, same 5-fold scenario GroupKFold, ridge/logistic grid, seed and preprocessing; no nuPlan fitting/selection",0.9896798604076514,0.0423114393550198,10.0,INCONCLUSIVE_NO_FROZEN_CROSS_DOMAIN_NUMERICAL_GATE,DEVELOPMENT_DIAGNOSTIC_EVIDENCE,raw33.lane_change_count_proxy,lateral,categorical,80,79,"5,000 log-cluster Poisson bootstrap; development diagnostic only",balanced_accuracy,0.9473684210526316,0.9,0.9802631578947368,nan,nan,nan,nan,0.9967105263157895,0.7222222222222222,class_0=4; class_1=76
old64,old64,NOT_APPLICABLE,dose25,ALL_DOSE_DESCRIPTIVE,Waymo Dynamic-v2 validation R0_DEVELOPMENT,nuPlan Stage7L historical development,"Waymo-only deterministic reconstruction: original last-view embeddings, same 5-fold scenario GroupKFold, ridge/logistic grid, seed and preprocessing; no nuPlan fitting/selection",0.5599802102191224,-0.0345928224732045,1.0,INCONCLUSIVE_NO_FROZEN_CROSS_DOMAIN_NUMERICAL_GATE,DEVELOPMENT_DIAGNOSTIC_EVIDENCE,raw33.mean_front_distance,interaction,continuous,80,79,"5,000 log-cluster Poisson bootstrap; development diagnostic only",R2,0.5945730326923269,0.46746814536701614,0.7001618907891733,12.300263219299485,0.6367314718997901,0.861008808235313,1.4700923830225523,nan,nan,NOT_APPLICABLE
old64,old64,NOT_APPLICABLE,dose25,ALL_DOSE_DESCRIPTIVE,Waymo Dynamic-v2 validation R0_DEVELOPMENT,nuPlan Stage7L historical development,"Waymo-only deterministic reconstruction: original last-view embeddings, same 5-fold scenario GroupKFold, ridge/logistic grid, seed and preprocessing; no nuPlan fitting/selection",0.6867622563554483,0.166370137514405,1.0,INCONCLUSIVE_NO_FROZEN_CROSS_DOMAIN_NUMERICAL_GATE,DEVELOPMENT_DIAGNOSTIC_EVIDENCE,raw33.mean_rel_speed,interaction,continuous,80,79,"5,000 log-cluster Poisson bootstrap; development diagnostic only",R2,0.5203921188410433,0.4286563223047425,0.6024351615003132,5.729426171410212,0.6925372778117844,0.8680375501545902,1.8857471769586123,nan,nan,NOT_APPLICABLE
old64,old64,NOT_APPLICABLE,dose25,ALL_DOSE_DESCRIPTIVE,Waymo Dynamic-v2 validation R0_DEVELOPMENT,nuPlan Stage7L historical development,"Waymo-only deterministic reconstruction: original last-view embeddings, same 5-fold scenario GroupKFold, ridge/logistic grid, seed and preprocessing; no nuPlan fitting/selection",0.5653747980946089,0.20898741899572426,1.0,INCONCLUSIVE_NO_FROZEN_CROSS_DOMAIN_NUMERICAL_GATE,DEVELOPMENT_DIAGNOSTIC_EVIDENCE,raw33.front_pressure_score,interaction,continuous,80,79,"5,000 log-cluster Poisson bootstrap; development diagnostic only",R2,0.3563873790988846,-0.030391893810632103,0.5911415538472359,3.206695848193278,0.8022547107378774,0.6900890980171458,0.785625069597479,nan,nan,NOT_APPLICABLE
A_seed3407,A,3407,dose25,ALL_DOSE_DESCRIPTIVE,Waymo Dynamic-v2 validation R0_DEVELOPMENT,nuPlan Stage7L historical development,"Waymo-only deterministic reconstruction: original last-view embeddings, same 5-fold scenario GroupKFold, ridge/logistic grid, seed and preprocessing; no nuPlan fitting/selection",0.9088109253928247,19.68192636143203,0.01,INCONCLUSIVE_NO_FROZEN_CROSS_DOMAIN_NUMERICAL_GATE,DEVELOPMENT_DIAGNOSTIC_EVIDENCE,ego13.mean_speed,longitudinal,continuous,80,79,"5,000 log-cluster Poisson bootstrap; development diagnostic only",R2,-18.773115436039205,-30.34475948286317,-11.068812235901738,2.7535846682556135,4.4466971378810145,0.31129864041256444,0.10873305464955962,nan,nan,NOT_APPLICABLE
A_seed3407,A,3407,dose25,ALL_DOSE_DESCRIPTIVE,Waymo Dynamic-v2 validation R0_DEVELOPMENT,nuPlan Stage7L historical development,"Waymo-only deterministic reconstruction: original last-view embeddings, same 5-fold scenario GroupKFold, ridge/logistic grid, seed and preprocessing; no nuPlan fitting/selection",0.8771760367899443,1.2194650054004317,0.001,INCONCLUSIVE_NO_FROZEN_CROSS_DOMAIN_NUMERICAL_GATE,DEVELOPMENT_DIAGNOSTIC_EVIDENCE,ego13.end_minus_start_speed,longitudinal,continuous,80,79,"5,000 log-cluster Poisson bootstrap; development diagnostic only",R2,-0.3422889686104873,-0.7725147091976645,-0.035825308793633624,1.9168576536209578,1.1585719522802576,0.49392873886544775,0.8950552347447639,nan,nan,NOT_APPLICABLE
A_seed3407,A,3407,dose25,ALL_DOSE_DESCRIPTIVE,Waymo Dynamic-v2 validation R0_DEVELOPMENT,nuPlan Stage7L historical development,"Waymo-only deterministic reconstruction: original last-view embeddings, same 5-fold scenario GroupKFold, ridge/logistic grid, seed and preprocessing; no nuPlan fitting/selection",0.8160173319616622,23.65661468630715,1.0,INCONCLUSIVE_NO_FROZEN_CROSS_DOMAIN_NUMERICAL_GATE,DEVELOPMENT_DIAGNOSTIC_EVIDENCE,ego13.rms_accel,longitudinal,continuous,80,79,"5,000 log-cluster Poisson bootstrap; development diagnostic only",R2,-22.84059735434549,-40.40974587868647,-13.086195951277094,0.4700355083785107,4.882683417378756,-0.22175339896858887,-0.09555313201308499,nan,nan,NOT_APPLICABLE
A_seed3407,A,3407,dose25,ALL_DOSE_DESCRIPTIVE,Waymo Dynamic-v2 validation R0_DEVELOPMENT,nuPlan Stage7L historical development,"Waymo-only deterministic reconstruction: original last-view embeddings, same 5-fold scenario GroupKFold, ridge/logistic grid, seed and preprocessing; no nuPlan fitting/selection",0.9045391831340385,84.73950060641492,0.01,INCONCLUSIVE_NO_FROZEN_CROSS_DOMAIN_NUMERICAL_GATE,DEVELOPMENT_DIAGNOSTIC_EVIDENCE,ego13.rms_yaw_rate,lateral,continuous,80,79,"5,000 log-cluster Poisson bootstrap; development diagnostic only",R2,-83.83496142328089,-163.3491730729392,-47.23703933302224,0.04682548004551394,9.210589634940908,-0.14050632911392408,-0.01093596305033148,nan,nan,NOT_APPLICABLE
A_seed3407,A,3407,dose25,ALL_DOSE_DESCRIPTIVE,Waymo Dynamic-v2 validation R0_DEVELOPMENT,nuPlan Stage7L historical development,"Waymo-only deterministic reconstruction: original last-view embeddings, same 5-fold scenario GroupKFold, ridge/logistic grid, seed and preprocessing; no nuPlan fitting/selection",0.8757503837050287,16.234558180328843,1.0,INCONCLUSIVE_NO_FROZEN_CROSS_DOMAIN_NUMERICAL_GATE,DEVELOPMENT_DIAGNOSTIC_EVIDENCE,ego13.heading_change_abs_total,lateral,continuous,80,79,"5,000 log-cluster Poisson bootstrap; development diagnostic only",R2,-15.358807796623815,-28.607136141705414,-8.594576692779853,0.1727315149316587,4.044602303888952,-0.07196436943272386,-0.0027754510808519713,nan,nan,NOT_APPLICABLE
A_seed3407,A,3407,dose25,ALL_DOSE_DESCRIPTIVE,Waymo Dynamic-v2 validation R0_DEVELOPMENT,nuPlan Stage7L historical development,"Waymo-only deterministic reconstruction: original last-view embeddings, same 5-fold scenario GroupKFold, ridge/logistic grid, seed and preprocessing; no nuPlan fitting/selection",0.9920400067731322,0.03151369098365853,1000.0,INCONCLUSIVE_NO_FROZEN_CROSS_DOMAIN_NUMERICAL_GATE,DEVELOPMENT_DIAGNOSTIC_EVIDENCE,raw33.lane_change_count_proxy,lateral,categorical,80,79,"5,000 log-cluster Poisson bootstrap; development diagnostic only",balanced_accuracy,0.9605263157894737,0.917910447761194,0.9873457278481012,nan,nan,nan,nan,0.9901315789473684,0.7651663405088063,class_0=4; class_1=76
A_seed3407,A,3407,dose25,ALL_DOSE_DESCRIPTIVE,Waymo Dynamic-v2 validation R0_DEVELOPMENT,nuPlan Stage7L historical development,"Waymo-only deterministic reconstruction: original last-view embeddings, same 5-fold scenario GroupKFold, ridge/logistic grid, seed and preprocessing; no nuPlan fitting/selection",0.9305133268927751,0.012305474623251156,0.1,INCONCLUSIVE_NO_FROZEN_CROSS_DOMAIN_NUMERICAL_GATE,DEVELOPMENT_DIAGNOSTIC_EVIDENCE,raw33.mean_front_distance,interaction,continuous,80,79,"5,000 log-cluster Poisson bootstrap; development diagnostic only",R2,0.918207852269524,0.8606996734301219,0.951885322184275,4.772561729202294,0.28599326518377327,0.9488076978455289,0.9052830816420574,nan,nan,NOT_APPLICABLE
A_seed3407,A,3407,dose25,ALL_DOSE_DESCRIPTIVE,Waymo Dynamic-v2 validation R0_DEVELOPMENT,nuPlan Stage7L historical development,"Waymo-only deterministic reconstruction: original last-view embeddings, same 5-fold scenario GroupKFold, ridge/logistic grid, seed and preprocessing; no nuPlan fitting/selection",0.9599561583372879,0.1317692542032345,0.01,INCONCLUSIVE_NO_FROZEN_CROSS_DOMAIN_NUMERICAL_GATE,DEVELOPMENT_DIAGNOSTIC_EVIDENCE,raw33.mean_rel_speed,interaction,continuous,80,79,"5,000 log-cluster Poisson bootstrap; development diagnostic only",R2,0.8281869041340534,0.7819392638583236,0.8723809681098629,2.8949327232732758,0.4145034328759493,0.938832198145661,1.3516456306347613,nan,nan,NOT_APPLICABLE
A_seed3407,A,3407,dose25,ALL_DOSE_DESCRIPTIVE,Waymo Dynamic-v2 validation R0_DEVELOPMENT,nuPlan Stage7L historical development,"Waymo-only deterministic reconstruction: original last-view embeddings, same 5-fold scenario GroupKFold, ridge/logistic grid, seed and preprocessing; no nuPlan fitting/selection",0.9340169640917381,0.13947446145337306,0.1,INCONCLUSIVE_NO_FROZEN_CROSS_DOMAIN_NUMERICAL_GATE,DEVELOPMENT_DIAGNOSTIC_EVIDENCE,raw33.front_pressure_score,interaction,continuous,80,79,"5,000 log-cluster Poisson bootstrap; development diagnostic only",R2,0.794542502638365,0.6623863383340094,0.8636945266837575,1.5485007483164508,0.45327419666426527,0.7578833992405682,1.0173070350679623,nan,nan,NOT_APPLICABLE
A_seed3408,A,3408,dose25,ALL_DOSE_DESCRIPTIVE,Waymo Dynamic-v2 validation R0_DEVELOPMENT,nuPlan Stage7L historical development,"Waymo-only deterministic reconstruction: original last-view embeddings, same 5-fold scenario GroupKFold, ridge/logistic grid, seed and preprocessing; no nuPlan fitting/selection",0.9347647907517386,6.032400591085329,0.01,INCONCLUSIVE_NO_FROZEN_CROSS_DOMAIN_NUMERICAL_GATE,DEVELOPMENT_DIAGNOSTIC_EVIDENCE,ego13.mean_speed,longitudinal,continuous,80,79,"5,000 log-cluster Poisson bootstrap; development diagnostic only",R2,-5.097635800333591,-8.643384913614222,-2.8737712974304612,1.5794168045932913,2.4693391424293245,0.587037037037037,0.24937041281279412,nan,nan,NOT_APPLICABLE
A_seed3408,A,3408,dose25,ALL_DOSE_DESCRIPTIVE,Waymo Dynamic-v2 validation R0_DEVELOPMENT,nuPlan Stage7L historical development,"Waymo-only deterministic reconstruction: original last-view embeddings, same 5-fold scenario GroupKFold, ridge/logistic grid, seed and preprocessing; no nuPlan fitting/selection",0.8581894307552587,0.7951770075367716,0.01,INCONCLUSIVE_NO_FROZEN_CROSS_DOMAIN_NUMERICAL_GATE,DEVELOPMENT_DIAGNOSTIC_EVIDENCE,ego13.end_minus_start_speed,longitudinal,continuous,80,79,"5,000 log-cluster Poisson bootstrap; development diagnostic only",R2,0.0630124232184871,-0.4876553904540797,0.3652101293462443,1.6891232151992792,0.9679811861712566,0.46591654946085326,0.5548652966943721,nan,nan,NOT_APPLICABLE
A_seed3408,A,3408,dose25,ALL_DOSE_DESCRIPTIVE,Waymo Dynamic-v2 validation R0_DEVELOPMENT,nuPlan Stage7L historical development,"Waymo-only deterministic reconstruction: original last-view embeddings, same 5-fold scenario GroupKFold, ridge/logistic grid, seed and preprocessing; no nuPlan fitting/selection",0.8049638969976307,45.100683477899295,1.0,INCONCLUSIVE_NO_FROZEN_CROSS_DOMAIN_NUMERICAL_GATE,DEVELOPMENT_DIAGNOSTIC_EVIDENCE,ego13.rms_accel,longitudinal,continuous,80,79,"5,000 log-cluster Poisson bootstrap; development diagnostic only",R2,-44.29571958090166,-78.66202427378842,-28.92264595620005,0.8506466611370522,6.730209475261647,-0.16804969526488514,-0.06507902527879637,nan,nan,NOT_APPLICABLE
A_seed3408,A,3408,dose25,ALL_DOSE_DESCRIPTIVE,Waymo Dynamic-v2 validation R0_DEVELOPMENT,nuPlan Stage7L historical development,"Waymo-only deterministic reconstruction: original last-view embeddings, same 5-fold scenario GroupKFold, ridge/logistic grid, seed and preprocessing; no nuPlan fitting/selection",0.9287635835432378,34.66181991039675,1.0,INCONCLUSIVE_NO_FROZEN_CROSS_DOMAIN_NUMERICAL_GATE,DEVELOPMENT_DIAGNOSTIC_EVIDENCE,ego13.rms_yaw_rate,lateral,continuous,80,79,"5,000 log-cluster Poisson bootstrap; development diagnostic only",R2,-33.733056326853514,-66.49652977453657,-18.279035015881696,0.027271437948085474,5.893475742450588,-0.17979371776840133,-0.01592656797065925,nan,nan,NOT_APPLICABLE
A_seed3408,A,3408,dose25,ALL_DOSE_DESCRIPTIVE,Waymo Dynamic-v2 validation R0_DEVELOPMENT,nuPlan Stage7L historical development,"Waymo-only deterministic reconstruction: original last-view embeddings, same 5-fold scenario GroupKFold, ridge/logistic grid, seed and preprocessing; no nuPlan fitting/selection",0.8986717223865989,28.742894536151653,10.0,INCONCLUSIVE_NO_FROZEN_CROSS_DOMAIN_NUMERICAL_GATE,DEVELOPMENT_DIAGNOSTIC_EVIDENCE,ego13.heading_change_abs_total,lateral,continuous,80,79,"5,000 log-cluster Poisson bootstrap; development diagnostic only",R2,-27.844222813765054,-49.97293436828903,-17.380559225168206,0.2572331544643202,5.3706817829550335,-0.11375996249413972,-0.02218671317438592,nan,nan,NOT_APPLICABLE
A_seed3408,A,3408,dose25,ALL_DOSE_DESCRIPTIVE,Waymo Dynamic-v2 validation R0_DEVELOPMENT,nuPlan Stage7L historical development,"Waymo-only deterministic reconstruction: original last-view embeddings, same 5-fold scenario GroupKFold, ridge/logistic grid, seed and preprocessing; no nuPlan fitting/selection",0.9910872573379136,0.07661357312738726,0.1,INCONCLUSIVE_NO_FROZEN_CROSS_DOMAIN_NUMERICAL_GATE,DEVELOPMENT_DIAGNOSTIC_EVIDENCE,raw33.lane_change_count_proxy,lateral,categorical,80,79,"5,000 log-cluster Poisson bootstrap; development diagnostic only",balanced_accuracy,0.9144736842105263,0.859364983974359,0.9533333333333334,nan,nan,nan,nan,0.9671052631578947,0.643713600548133,class_0=4; class_1=76
A_seed3408,A,3408,dose25,ALL_DOSE_DESCRIPTIVE,Waymo Dynamic-v2 validation R0_DEVELOPMENT,nuPlan Stage7L historical development,"Waymo-only deterministic reconstruction: original last-view embeddings, same 5-fold scenario GroupKFold, ridge/logistic grid, seed and preprocessing; no nuPlan fitting/selection",0.9294576575475852,0.011875102982232488,0.1,INCONCLUSIVE_NO_FROZEN_CROSS_DOMAIN_NUMERICAL_GATE,DEVELOPMENT_DIAGNOSTIC_EVIDENCE,raw33.mean_front_distance,interaction,continuous,80,79,"5,000 log-cluster Poisson bootstrap; development diagnostic only",R2,0.9175825545653528,0.8623610685860613,0.9530639546416301,4.572216987696896,0.28708438730562696,0.943493872339546,0.9356396527785203,nan,nan,NOT_APPLICABLE
A_seed3408,A,3408,dose25,ALL_DOSE_DESCRIPTIVE,Waymo Dynamic-v2 validation R0_DEVELOPMENT,nuPlan Stage7L historical development,"Waymo-only deterministic reconstruction: original last-view embeddings, same 5-fold scenario GroupKFold, ridge/logistic grid, seed and preprocessing; no nuPlan fitting/selection",0.95991946293615,0.08666502200325976,0.1,INCONCLUSIVE_NO_FROZEN_CROSS_DOMAIN_NUMERICAL_GATE,DEVELOPMENT_DIAGNOSTIC_EVIDENCE,raw33.mean_rel_speed,interaction,continuous,80,79,"5,000 log-cluster Poisson bootstrap; development diagnostic only",R2,0.8732544409328903,0.8349106838912613,0.911158561097729,2.40608181963655,0.35601342540290487,0.9496047716714263,1.2441070111955894,nan,nan,NOT_APPLICABLE
A_seed3408,A,3408,dose25,ALL_DOSE_DESCRIPTIVE,Waymo Dynamic-v2 validation R0_DEVELOPMENT,nuPlan Stage7L historical development,"Waymo-only deterministic reconstruction: original last-view embeddings, same 5-fold scenario GroupKFold, ridge/logistic grid, seed and preprocessing; no nuPlan fitting/selection",0.93104928616859,0.18209950438356304,1.0,INCONCLUSIVE_NO_FROZEN_CROSS_DOMAIN_NUMERICAL_GATE,DEVELOPMENT_DIAGNOSTIC_EVIDENCE,raw33.front_pressure_score,interaction,continuous,80,79,"5,000 log-cluster Poisson bootstrap; development diagnostic only",R2,0.7489497817850269,0.4535108266719627,0.889890396612965,1.5233170069599546,0.5010491175673031,0.8409782635756603,0.8826653340392625,nan,nan,NOT_APPLICABLE
A_seed3409,A,3409,dose25,ALL_DOSE_DESCRIPTIVE,Waymo Dynamic-v2 validation R0_DEVELOPMENT,nuPlan Stage7L historical development,"Waymo-only deterministic reconstruction: original last-view embeddings, same 5-fold scenario GroupKFold, ridge/logistic grid, seed and preprocessing; no nuPlan fitting/selection",0.9330512119600323,4.787038941751288,0.1,INCONCLUSIVE_NO_FROZEN_CROSS_DOMAIN_NUMERICAL_GATE,DEVELOPMENT_DIAGNOSTIC_EVIDENCE,ego13.mean_speed,longitudinal,continuous,80,79,"5,000 log-cluster Poisson bootstrap; development diagnostic only",R2,-3.853987729791256,-6.331093688641094,-2.1235468001478837,1.3518767092354094,2.203176735940913,0.6892170651664323,0.29914556274641996,nan,nan,NOT_APPLICABLE
A_seed3409,A,3409,dose25,ALL_DOSE_DESCRIPTIVE,Waymo Dynamic-v2 validation R0_DEVELOPMENT,nuPlan Stage7L historical development,"Waymo-only deterministic reconstruction: original last-view embeddings, same 5-fold scenario GroupKFold, ridge/logistic grid, seed and preprocessing; no nuPlan fitting/selection",0.8831926489805876,4.881910995076161,0.01,INCONCLUSIVE_NO_FROZEN_CROSS_DOMAIN_NUMERICAL_GATE,DEVELOPMENT_DIAGNOSTIC_EVIDENCE,ego13.end_minus_start_speed,longitudinal,continuous,80,79,"5,000 log-cluster Poisson bootstrap; development diagnostic only",R2,-3.9987183460955738,-6.628014675490282,-2.6275629150863677,4.2790268801832285,2.235781372606806,0.42381622128457574,0.7157878027779624,nan,nan,NOT_APPLICABLE
A_seed3409,A,3409,dose25,ALL_DOSE_DESCRIPTIVE,Waymo Dynamic-v2 validation R0_DEVELOPMENT,nuPlan Stage7L historical development,"Waymo-only deterministic reconstruction: original last-view embeddings, same 5-fold scenario GroupKFold, ridge/logistic grid, seed and preprocessing; no nuPlan fitting/selection",0.7797745537014693,8.455338945263264,0.1,INCONCLUSIVE_NO_FROZEN_CROSS_DOMAIN_NUMERICAL_GATE,DEVELOPMENT_DIAGNOSTIC_EVIDENCE,ego13.rms_accel,longitudinal,continuous,80,79,"5,000 log-cluster Poisson bootstrap; development diagnostic only",R2,-7.675564391561796,-14.91666131624434,-4.539630165028539,0.3207906457689902,2.945431104534919,0.16228316924519456,0.01525818336775911,nan,nan,NOT_APPLICABLE
A_seed3409,A,3409,dose25,ALL_DOSE_DESCRIPTIVE,Waymo Dynamic-v2 validation R0_DEVELOPMENT,nuPlan Stage7L historical development,"Waymo-only deterministic reconstruction: original last-view embeddings, same 5-fold scenario GroupKFold, ridge/logistic grid, seed and preprocessing; no nuPlan fitting/selection",0.9185202012187836,42.48879374540581,1.0,INCONCLUSIVE_NO_FROZEN_CROSS_DOMAIN_NUMERICAL_GATE,DEVELOPMENT_DIAGNOSTIC_EVIDENCE,ego13.rms_yaw_rate,lateral,continuous,80,79,"5,000 log-cluster Poisson bootstrap; development diagnostic only",R2,-41.570273544187025,-82.46073125419568,-23.094894893168345,0.03176860504718382,6.5245899138709875,-0.20968120018752934,-0.022451312452033655,nan,nan,NOT_APPLICABLE
A_seed3409,A,3409,dose25,ALL_DOSE_DESCRIPTIVE,Waymo Dynamic-v2 validation R0_DEVELOPMENT,nuPlan Stage7L historical development,"Waymo-only deterministic reconstruction: original last-view embeddings, same 5-fold scenario GroupKFold, ridge/logistic grid, seed and preprocessing; no nuPlan fitting/selection",0.8692956229490172,35.50800656844568,10.0,INCONCLUSIVE_NO_FROZEN_CROSS_DOMAIN_NUMERICAL_GATE,DEVELOPMENT_DIAGNOSTIC_EVIDENCE,ego13.heading_change_abs_total,lateral,continuous,80,79,"5,000 log-cluster Poisson bootstrap; development diagnostic only",R2,-34.63871094549666,-64.36047663009026,-20.325965999706025,0.28046063961013906,5.9698166592866695,-0.1979840600093765,-0.005255246324953993,nan,nan,NOT_APPLICABLE
A_seed3409,A,3409,dose25,ALL_DOSE_DESCRIPTIVE,Waymo Dynamic-v2 validation R0_DEVELOPMENT,nuPlan Stage7L historical development,"Waymo-only deterministic reconstruction: original last-view embeddings, same 5-fold scenario GroupKFold, ridge/logistic grid, seed and preprocessing; no nuPlan fitting/selection",0.9887239622106294,0.021618699052734724,100.0,INCONCLUSIVE_NO_FROZEN_CROSS_DOMAIN_NUMERICAL_GATE,DEVELOPMENT_DIAGNOSTIC_EVIDENCE,raw33.lane_change_count_proxy,lateral,categorical,80,79,"5,000 log-cluster Poisson bootstrap; development diagnostic only",balanced_accuracy,0.9671052631578947,0.9294871794871795,0.9928571428571429,nan,nan,nan,nan,0.9967105263157895,0.7906855049712193,class_0=4; class_1=76
A_seed3409,A,3409,dose25,ALL_DOSE_DESCRIPTIVE,Waymo Dynamic-v2 validation R0_DEVELOPMENT,nuPlan Stage7L historical development,"Waymo-only deterministic reconstruction: original last-view embeddings, same 5-fold scenario GroupKFold, ridge/logistic grid, seed and preprocessing; no nuPlan fitting/selection",0.9221272602522649,-0.014926255558877277,1.0,INCONCLUSIVE_NO_FROZEN_CROSS_DOMAIN_NUMERICAL_GATE,DEVELOPMENT_DIAGNOSTIC_EVIDENCE,raw33.mean_front_distance,interaction,continuous,80,79,"5,000 log-cluster Poisson bootstrap; development diagnostic only",R2,0.9370535158111422,0.9052959044061837,0.9615758262667111,3.972093651856934,0.2508913792637322,0.9503535379927237,1.0219893046883644,nan,nan,NOT_APPLICABLE
A_seed3409,A,3409,dose25,ALL_DOSE_DESCRIPTIVE,Waymo Dynamic-v2 validation R0_DEVELOPMENT,nuPlan Stage7L historical development,"Waymo-only deterministic reconstruction: original last-view embeddings, same 5-fold scenario GroupKFold, ridge/logistic grid, seed and preprocessing; no nuPlan fitting/selection",0.9522318553440059,0.15793327947801683,1.0,INCONCLUSIVE_NO_FROZEN_CROSS_DOMAIN_NUMERICAL_GATE,DEVELOPMENT_DIAGNOSTIC_EVIDENCE,raw33.mean_rel_speed,interaction,continuous,80,79,"5,000 log-cluster Poisson bootstrap; development diagnostic only",R2,0.7942985758659891,0.7404156561714581,0.8464598924786669,2.981465002049069,0.45354318882991834,0.945957555074138,1.377797116421206,nan,nan,NOT_APPLICABLE
A_seed3409,A,3409,dose25,ALL_DOSE_DESCRIPTIVE,Waymo Dynamic-v2 validation R0_DEVELOPMENT,nuPlan Stage7L historical development,"Waymo-only deterministic reconstruction: original last-view embeddings, same 5-fold scenario GroupKFold, ridge/logistic grid, seed and preprocessing; no nuPlan fitting/selection",0.9254579440551862,0.04070942989433546,1.0,INCONCLUSIVE_NO_FROZEN_CROSS_DOMAIN_NUMERICAL_GATE,DEVELOPMENT_DIAGNOSTIC_EVIDENCE,raw33.front_pressure_score,interaction,continuous,80,79,"5,000 log-cluster Poisson bootstrap; development diagnostic only",R2,0.8847485141608508,0.7937607836019973,0.9277532241761823,1.3149490192201174,0.3394870923012379,0.8054566919463663,0.9567390721892801,nan,nan,NOT_APPLICABLE
B_seed3407,B,3407,dose25,ALL_DOSE_DESCRIPTIVE,Waymo Dynamic-v2 validation R0_DEVELOPMENT,nuPlan Stage7L historical development,"Waymo-only deterministic reconstruction: original last-view embeddings, same 5-fold scenario GroupKFold, ridge/logistic grid, seed and preprocessing; no nuPlan fitting/selection",0.988726412235566,1.7613835263677782,0.0001,INCONCLUSIVE_NO_FROZEN_CROSS_DOMAIN_NUMERICAL_GATE,DEVELOPMENT_DIAGNOSTIC_EVIDENCE,ego13.mean_speed,longitudinal,continuous,80,79,"5,000 log-cluster Poisson bootstrap; development diagnostic only",R2,-0.7726571141322123,-1.3784413484391014,-0.37407503380093216,1.003378198404898,1.331411699712832,0.8118143459915613,0.45833627173939595,nan,nan,NOT_APPLICABLE
B_seed3407,B,3407,dose25,ALL_DOSE_DESCRIPTIVE,Waymo Dynamic-v2 validation R0_DEVELOPMENT,nuPlan Stage7L historical development,"Waymo-only deterministic reconstruction: original last-view embeddings, same 5-fold scenario GroupKFold, ridge/logistic grid, seed and preprocessing; no nuPlan fitting/selection",0.779711059769675,5.08817145232087,0.0001,INCONCLUSIVE_NO_FROZEN_CROSS_DOMAIN_NUMERICAL_GATE,DEVELOPMENT_DIAGNOSTIC_EVIDENCE,ego13.end_minus_start_speed,longitudinal,continuous,80,79,"5,000 log-cluster Poisson bootstrap; development diagnostic only",R2,-4.308460392551194,-7.4843281327001545,-2.645552354668215,4.242682090344305,2.3040096337800318,0.2506563525550868,0.22806132915002764,nan,nan,NOT_APPLICABLE
B_seed3407,B,3407,dose25,ALL_DOSE_DESCRIPTIVE,Waymo Dynamic-v2 validation R0_DEVELOPMENT,nuPlan Stage7L historical development,"Waymo-only deterministic reconstruction: original last-view embeddings, same 5-fold scenario GroupKFold, ridge/logistic grid, seed and preprocessing; no nuPlan fitting/selection",0.6549984506890302,108.60883171665641,0.0001,INCONCLUSIVE_NO_FROZEN_CROSS_DOMAIN_NUMERICAL_GATE,DEVELOPMENT_DIAGNOSTIC_EVIDENCE,ego13.rms_accel,longitudinal,continuous,80,79,"5,000 log-cluster Poisson bootstrap; development diagnostic only",R2,-107.95383326596738,-211.5088618293842,-59.57426555274468,1.14325890744388,10.438095289178355,-0.33959212376933895,-0.022826137269407624,nan,nan,NOT_APPLICABLE
B_seed3407,B,3407,dose25,ALL_DOSE_DESCRIPTIVE,Waymo Dynamic-v2 validation R0_DEVELOPMENT,nuPlan Stage7L historical development,"Waymo-only deterministic reconstruction: original last-view embeddings, same 5-fold scenario GroupKFold, ridge/logistic grid, seed and preprocessing; no nuPlan fitting/selection",0.9144113641093057,12.562227334478084,10.0,INCONCLUSIVE_NO_FROZEN_CROSS_DOMAIN_NUMERICAL_GATE,DEVELOPMENT_DIAGNOSTIC_EVIDENCE,ego13.rms_yaw_rate,lateral,continuous,80,79,"5,000 log-cluster Poisson bootstrap; development diagnostic only",R2,-11.647815970368779,-23.04734544359817,-6.585015193326769,0.018398530986699697,3.5563768037665495,0.06272855133614628,0.029781633223427362,nan,nan,NOT_APPLICABLE
B_seed3407,B,3407,dose25,ALL_DOSE_DESCRIPTIVE,Waymo Dynamic-v2 validation R0_DEVELOPMENT,nuPlan Stage7L historical development,"Waymo-only deterministic reconstruction: original last-view embeddings, same 5-fold scenario GroupKFold, ridge/logistic grid, seed and preprocessing; no nuPlan fitting/selection",0.8136772381474595,20.189035657673728,0.001,INCONCLUSIVE_NO_FROZEN_CROSS_DOMAIN_NUMERICAL_GATE,DEVELOPMENT_DIAGNOSTIC_EVIDENCE,ego13.heading_change_abs_total,lateral,continuous,80,79,"5,000 log-cluster Poisson bootstrap; development diagnostic only",R2,-19.37535841952627,-35.292479901240576,-11.771424501156488,0.2113144505629249,4.5139072231855035,0.024847632442569153,0.006456554629742476,nan,nan,NOT_APPLICABLE
B_seed3407,B,3407,dose25,ALL_DOSE_DESCRIPTIVE,Waymo Dynamic-v2 validation R0_DEVELOPMENT,nuPlan Stage7L historical development,"Waymo-only deterministic reconstruction: original last-view embeddings, same 5-fold scenario GroupKFold, ridge/logistic grid, seed and preprocessing; no nuPlan fitting/selection",0.9916911607391723,0.024585897581277605,0.1,INCONCLUSIVE_NO_FROZEN_CROSS_DOMAIN_NUMERICAL_GATE,DEVELOPMENT_DIAGNOSTIC_EVIDENCE,raw33.lane_change_count_proxy,lateral,categorical,80,79,"5,000 log-cluster Poisson bootstrap; development diagnostic only",balanced_accuracy,0.9671052631578947,0.9285499139414802,0.9930555555555556,nan,nan,nan,nan,1.0,0.7906855049712193,class_0=4; class_1=76
B_seed3407,B,3407,dose25,ALL_DOSE_DESCRIPTIVE,Waymo Dynamic-v2 validation R0_DEVELOPMENT,nuPlan Stage7L historical development,"Waymo-only deterministic reconstruction: original last-view embeddings, same 5-fold scenario GroupKFold, ridge/logistic grid, seed and preprocessing; no nuPlan fitting/selection",0.9371129114239463,0.0016174145625206249,0.001,INCONCLUSIVE_NO_FROZEN_CROSS_DOMAIN_NUMERICAL_GATE,DEVELOPMENT_DIAGNOSTIC_EVIDENCE,raw33.mean_front_distance,interaction,continuous,80,79,"5,000 log-cluster Poisson bootstrap; development diagnostic only",R2,0.9354954968614256,0.8969497266940146,0.9647344528058986,3.559309036148534,0.2539773673746823,0.9521892231675179,1.04614296318902,nan,nan,NOT_APPLICABLE
B_seed3407,B,3407,dose25,ALL_DOSE_DESCRIPTIVE,Waymo Dynamic-v2 validation R0_DEVELOPMENT,nuPlan Stage7L historical development,"Waymo-only deterministic reconstruction: original last-view embeddings, same 5-fold scenario GroupKFold, ridge/logistic grid, seed and preprocessing; no nuPlan fitting/selection",0.9629940117289753,0.2430963944480471,0.01,INCONCLUSIVE_NO_FROZEN_CROSS_DOMAIN_NUMERICAL_GATE,DEVELOPMENT_DIAGNOSTIC_EVIDENCE,raw33.mean_rel_speed,interaction,continuous,80,79,"5,000 log-cluster Poisson bootstrap; development diagnostic only",R2,0.7198976172809282,0.6512533220976279,0.7893457097776738,3.345868588820468,0.5292469959471399,0.9498946166990252,1.486688441124072,nan,nan,NOT_APPLICABLE
B_seed3407,B,3407,dose25,ALL_DOSE_DESCRIPTIVE,Waymo Dynamic-v2 validation R0_DEVELOPMENT,nuPlan Stage7L historical development,"Waymo-only deterministic reconstruction: original last-view embeddings, same 5-fold scenario GroupKFold, ridge/logistic grid, seed and preprocessing; no nuPlan fitting/selection",0.947799105288763,0.08020517267119032,0.01,INCONCLUSIVE_NO_FROZEN_CROSS_DOMAIN_NUMERICAL_GATE,DEVELOPMENT_DIAGNOSTIC_EVIDENCE,raw33.front_pressure_score,interaction,continuous,80,79,"5,000 log-cluster Poisson bootstrap; development diagnostic only",R2,0.8675939326175727,0.7196085277261313,0.932982140299816,1.2158632170662425,0.3638764452151683,0.7711079388110947,0.9100583844501738,nan,nan,NOT_APPLICABLE
B_seed3408,B,3408,dose25,ALL_DOSE_DESCRIPTIVE,Waymo Dynamic-v2 validation R0_DEVELOPMENT,nuPlan Stage7L historical development,"Waymo-only deterministic reconstruction: original last-view embeddings, same 5-fold scenario GroupKFold, ridge/logistic grid, seed and preprocessing; no nuPlan fitting/selection",0.9862556927470378,1.9092518201476745,0.01,INCONCLUSIVE_NO_FROZEN_CROSS_DOMAIN_NUMERICAL_GATE,DEVELOPMENT_DIAGNOSTIC_EVIDENCE,ego13.mean_speed,longitudinal,continuous,80,79,"5,000 log-cluster Poisson bootstrap; development diagnostic only",R2,-0.9229961274006366,-1.7999049344930322,-0.3506998724275658,0.917726561869374,1.3867213589617189,0.6984528832630098,0.49616929190953635,nan,nan,NOT_APPLICABLE
B_seed3408,B,3408,dose25,ALL_DOSE_DESCRIPTIVE,Waymo Dynamic-v2 validation R0_DEVELOPMENT,nuPlan Stage7L historical development,"Waymo-only deterministic reconstruction: original last-view embeddings, same 5-fold scenario GroupKFold, ridge/logistic grid, seed and preprocessing; no nuPlan fitting/selection",0.8933070007500663,0.5596425399437546,0.001,INCONCLUSIVE_NO_FROZEN_CROSS_DOMAIN_NUMERICAL_GATE,DEVELOPMENT_DIAGNOSTIC_EVIDENCE,ego13.end_minus_start_speed,longitudinal,continuous,80,79,"5,000 log-cluster Poisson bootstrap; development diagnostic only",R2,0.33366446080631174,-0.06817902853242068,0.5451488571121982,1.415071703293735,0.816293782405384,0.7122597280825129,0.7771455457166169,nan,nan,NOT_APPLICABLE
B_seed3408,B,3408,dose25,ALL_DOSE_DESCRIPTIVE,Waymo Dynamic-v2 validation R0_DEVELOPMENT,nuPlan Stage7L historical development,"Waymo-only deterministic reconstruction: original last-view embeddings, same 5-fold scenario GroupKFold, ridge/logistic grid, seed and preprocessing; no nuPlan fitting/selection",0.6197034729398466,177.87377419702838,0.1,INCONCLUSIVE_NO_FROZEN_CROSS_DOMAIN_NUMERICAL_GATE,DEVELOPMENT_DIAGNOSTIC_EVIDENCE,ego13.rms_accel,longitudinal,continuous,80,79,"5,000 log-cluster Poisson bootstrap; development diagnostic only",R2,-177.25407072408854,-338.2141930549581,-111.40642948967628,1.7412261847494725,13.351182371763503,0.5783638068448195,0.1064043661306808,nan,nan,NOT_APPLICABLE
B_seed3408,B,3408,dose25,ALL_DOSE_DESCRIPTIVE,Waymo Dynamic-v2 validation R0_DEVELOPMENT,nuPlan Stage7L historical development,"Waymo-only deterministic reconstruction: original last-view embeddings, same 5-fold scenario GroupKFold, ridge/logistic grid, seed and preprocessing; no nuPlan fitting/selection",0.8961048763514704,3388.3691398178003,10.0,INCONCLUSIVE_NO_FROZEN_CROSS_DOMAIN_NUMERICAL_GATE,DEVELOPMENT_DIAGNOSTIC_EVIDENCE,ego13.rms_yaw_rate,lateral,continuous,80,79,"5,000 log-cluster Poisson bootstrap; development diagnostic only",R2,-3387.473034941449,-7473.202978222067,-1538.0009081086375,0.21093417473516185,58.210592119832015,-0.08204406938584155,-0.001238072619922397,nan,nan,NOT_APPLICABLE
B_seed3408,B,3408,dose25,ALL_DOSE_DESCRIPTIVE,Waymo Dynamic-v2 validation R0_DEVELOPMENT,nuPlan Stage7L historical development,"Waymo-only deterministic reconstruction: original last-view embeddings, same 5-fold scenario GroupKFold, ridge/logistic grid, seed and preprocessing; no nuPlan fitting/selection",0.7821898436472482,214.38610804717126,0.1,INCONCLUSIVE_NO_FROZEN_CROSS_DOMAIN_NUMERICAL_GATE,DEVELOPMENT_DIAGNOSTIC_EVIDENCE,ego13.heading_change_abs_total,lateral,continuous,80,79,"5,000 log-cluster Poisson bootstrap; development diagnostic only",R2,-213.60391820352402,-471.40637184928255,-94.79414896218097,0.5203169374532146,14.649365795266498,-0.19699953117674637,-0.00730920537001884,nan,nan,NOT_APPLICABLE
B_seed3408,B,3408,dose25,ALL_DOSE_DESCRIPTIVE,Waymo Dynamic-v2 validation R0_DEVELOPMENT,nuPlan Stage7L historical development,"Waymo-only deterministic reconstruction: original last-view embeddings, same 5-fold scenario GroupKFold, ridge/logistic grid, seed and preprocessing; no nuPlan fitting/selection",0.9900126944898615,0.06896006291091417,1000.0,INCONCLUSIVE_NO_FROZEN_CROSS_DOMAIN_NUMERICAL_GATE,DEVELOPMENT_DIAGNOSTIC_EVIDENCE,raw33.lane_change_count_proxy,lateral,categorical,80,79,"5,000 log-cluster Poisson bootstrap; development diagnostic only",balanced_accuracy,0.9210526315789473,0.868421052631579,0.9589069166853806,nan,nan,nan,nan,0.9967105263157895,0.6571428571428571,class_0=4; class_1=76
B_seed3408,B,3408,dose25,ALL_DOSE_DESCRIPTIVE,Waymo Dynamic-v2 validation R0_DEVELOPMENT,nuPlan Stage7L historical development,"Waymo-only deterministic reconstruction: original last-view embeddings, same 5-fold scenario GroupKFold, ridge/logistic grid, seed and preprocessing; no nuPlan fitting/selection",0.9347786523477366,-0.0072055849572773,0.1,INCONCLUSIVE_NO_FROZEN_CROSS_DOMAIN_NUMERICAL_GATE,DEVELOPMENT_DIAGNOSTIC_EVIDENCE,raw33.mean_front_distance,interaction,continuous,80,79,"5,000 log-cluster Poisson bootstrap; development diagnostic only",R2,0.9419842373050139,0.8884250649687659,0.9738289344153772,3.5122232998649308,0.2408646148669125,0.9485178528179298,0.9573782842772285,nan,nan,NOT_APPLICABLE
B_seed3408,B,3408,dose25,ALL_DOSE_DESCRIPTIVE,Waymo Dynamic-v2 validation R0_DEVELOPMENT,nuPlan Stage7L historical development,"Waymo-only deterministic reconstruction: original last-view embeddings, same 5-fold scenario GroupKFold, ridge/logistic grid, seed and preprocessing; no nuPlan fitting/selection",0.9630323935758236,0.1730824442448553,1.0,INCONCLUSIVE_NO_FROZEN_CROSS_DOMAIN_NUMERICAL_GATE,DEVELOPMENT_DIAGNOSTIC_EVIDENCE,raw33.mean_rel_speed,interaction,continuous,80,79,"5,000 log-cluster Poisson bootstrap; development diagnostic only",R2,0.7899499493309683,0.7355021022911824,0.8502259169208418,2.9623796120220063,0.45831217599910185,0.951875224387619,1.3875287720183855,nan,nan,NOT_APPLICABLE
B_seed3408,B,3408,dose25,ALL_DOSE_DESCRIPTIVE,Waymo Dynamic-v2 validation R0_DEVELOPMENT,nuPlan Stage7L historical development,"Waymo-only deterministic reconstruction: original last-view embeddings, same 5-fold scenario GroupKFold, ridge/logistic grid, seed and preprocessing; no nuPlan fitting/selection",0.9384079313090523,0.058384995987422084,0.01,INCONCLUSIVE_NO_FROZEN_CROSS_DOMAIN_NUMERICAL_GATE,DEVELOPMENT_DIAGNOSTIC_EVIDENCE,raw33.front_pressure_score,interaction,continuous,80,79,"5,000 log-cluster Poisson bootstrap; development diagnostic only",R2,0.8800229353216302,0.7239512662712575,0.9453318965722636,1.220543726524692,0.3463770556465451,0.7553625135120378,0.9151409250632501,nan,nan,NOT_APPLICABLE
B_seed3409,B,3409,dose25,ALL_DOSE_DESCRIPTIVE,Waymo Dynamic-v2 validation R0_DEVELOPMENT,nuPlan Stage7L historical development,"Waymo-only deterministic reconstruction: original last-view embeddings, same 5-fold scenario GroupKFold, ridge/logistic grid, seed and preprocessing; no nuPlan fitting/selection",0.9878089923747602,2.424679823254168,0.0001,INCONCLUSIVE_NO_FROZEN_CROSS_DOMAIN_NUMERICAL_GATE,DEVELOPMENT_DIAGNOSTIC_EVIDENCE,ego13.mean_speed,longitudinal,continuous,80,79,"5,000 log-cluster Poisson bootstrap; development diagnostic only",R2,-1.4368708308794078,-2.7529991142452475,-0.5984754165491895,0.99180812668647,1.5610479912159676,0.4656352555086733,0.28490552084345766,nan,nan,NOT_APPLICABLE
B_seed3409,B,3409,dose25,ALL_DOSE_DESCRIPTIVE,Waymo Dynamic-v2 validation R0_DEVELOPMENT,nuPlan Stage7L historical development,"Waymo-only deterministic reconstruction: original last-view embeddings, same 5-fold scenario GroupKFold, ridge/logistic grid, seed and preprocessing; no nuPlan fitting/selection",0.8270040637341315,2.9569246827521223,0.0001,INCONCLUSIVE_NO_FROZEN_CROSS_DOMAIN_NUMERICAL_GATE,DEVELOPMENT_DIAGNOSTIC_EVIDENCE,ego13.end_minus_start_speed,longitudinal,continuous,80,79,"5,000 log-cluster Poisson bootstrap; development diagnostic only",R2,-2.129920619017991,-5.296117437364105,-0.5474239578969978,2.491015910057234,1.76915816676124,0.10339896858884202,0.12238812461700369,nan,nan,NOT_APPLICABLE
B_seed3409,B,3409,dose25,ALL_DOSE_DESCRIPTIVE,Waymo Dynamic-v2 validation R0_DEVELOPMENT,nuPlan Stage7L historical development,"Waymo-only deterministic reconstruction: original last-view embeddings, same 5-fold scenario GroupKFold, ridge/logistic grid, seed and preprocessing; no nuPlan fitting/selection",0.636336639785037,139.92128551659118,0.001,INCONCLUSIVE_NO_FROZEN_CROSS_DOMAIN_NUMERICAL_GATE,DEVELOPMENT_DIAGNOSTIC_EVIDENCE,ego13.rms_accel,longitudinal,continuous,80,79,"5,000 log-cluster Poisson bootstrap; development diagnostic only",R2,-139.28494887680614,-265.064411463644,-87.27598774497795,1.4349984449797328,11.844194733151177,0.11722925457102673,0.030114677514482033,nan,nan,NOT_APPLICABLE
B_seed3409,B,3409,dose25,ALL_DOSE_DESCRIPTIVE,Waymo Dynamic-v2 validation R0_DEVELOPMENT,nuPlan Stage7L historical development,"Waymo-only deterministic reconstruction: original last-view embeddings, same 5-fold scenario GroupKFold, ridge/logistic grid, seed and preprocessing; no nuPlan fitting/selection",0.9366521546902096,117414.40756369295,1.0,INCONCLUSIVE_NO_FROZEN_CROSS_DOMAIN_NUMERICAL_GATE,DEVELOPMENT_DIAGNOSTIC_EVIDENCE,ego13.rms_yaw_rate,lateral,continuous,80,79,"5,000 log-cluster Poisson bootstrap; development diagnostic only",R2,-117413.47091153826,-217339.43703160912,-72441.6089443349,1.921927119979279,342.65795031129545,-0.09083450539146742,-0.0006049381077019055,nan,nan,NOT_APPLICABLE
B_seed3409,B,3409,dose25,ALL_DOSE_DESCRIPTIVE,Waymo Dynamic-v2 validation R0_DEVELOPMENT,nuPlan Stage7L historical development,"Waymo-only deterministic reconstruction: original last-view embeddings, same 5-fold scenario GroupKFold, ridge/logistic grid, seed and preprocessing; no nuPlan fitting/selection",0.9011377862412762,3149.449257095199,0.01,INCONCLUSIVE_NO_FROZEN_CROSS_DOMAIN_NUMERICAL_GATE,DEVELOPMENT_DIAGNOSTIC_EVIDENCE,ego13.heading_change_abs_total,lateral,continuous,80,79,"5,000 log-cluster Poisson bootstrap; development diagnostic only",R2,-3148.5481193089577,-5869.189454520994,-1961.769985546975,2.6924055993263303,56.120834984067706,-0.14308485700890766,-0.00335346532583556,nan,nan,NOT_APPLICABLE
B_seed3409,B,3409,dose25,ALL_DOSE_DESCRIPTIVE,Waymo Dynamic-v2 validation R0_DEVELOPMENT,nuPlan Stage7L historical development,"Waymo-only deterministic reconstruction: original last-view embeddings, same 5-fold scenario GroupKFold, ridge/logistic grid, seed and preprocessing; no nuPlan fitting/selection",0.98636924765079,-0.013630752349209962,10000.0,INCONCLUSIVE_NO_FROZEN_CROSS_DOMAIN_NUMERICAL_GATE,DEVELOPMENT_DIAGNOSTIC_EVIDENCE,raw33.lane_change_count_proxy,lateral,categorical,80,79,"5,000 log-cluster Poisson bootstrap; development diagnostic only",balanced_accuracy,1.0,1.0,1.0,nan,nan,nan,nan,1.0,1.0,class_0=4; class_1=76
B_seed3409,B,3409,dose25,ALL_DOSE_DESCRIPTIVE,Waymo Dynamic-v2 validation R0_DEVELOPMENT,nuPlan Stage7L historical development,"Waymo-only deterministic reconstruction: original last-view embeddings, same 5-fold scenario GroupKFold, ridge/logistic grid, seed and preprocessing; no nuPlan fitting/selection",0.9390567147861557,0.004581756616699351,0.01,INCONCLUSIVE_NO_FROZEN_CROSS_DOMAIN_NUMERICAL_GATE,DEVELOPMENT_DIAGNOSTIC_EVIDENCE,raw33.mean_front_distance,interaction,continuous,80,79,"5,000 log-cluster Poisson bootstrap; development diagnostic only",R2,0.9344749581694564,0.899478819564514,0.9616935776525938,4.0529532916413284,0.25597859643052895,0.9483246227995303,1.0366477338105122,nan,nan,NOT_APPLICABLE
B_seed3409,B,3409,dose25,ALL_DOSE_DESCRIPTIVE,Waymo Dynamic-v2 validation R0_DEVELOPMENT,nuPlan Stage7L historical development,"Waymo-only deterministic reconstruction: original last-view embeddings, same 5-fold scenario GroupKFold, ridge/logistic grid, seed and preprocessing; no nuPlan fitting/selection",0.9653444702360163,0.15146724265684042,0.01,INCONCLUSIVE_NO_FROZEN_CROSS_DOMAIN_NUMERICAL_GATE,DEVELOPMENT_DIAGNOSTIC_EVIDENCE,raw33.mean_rel_speed,interaction,continuous,80,79,"5,000 log-cluster Poisson bootstrap; development diagnostic only",R2,0.8138772275791759,0.7545296482063729,0.8739197087124979,2.7380387612242965,0.4314194854440677,0.9511023043140213,1.3606633913225863,nan,nan,NOT_APPLICABLE
B_seed3409,B,3409,dose25,ALL_DOSE_DESCRIPTIVE,Waymo Dynamic-v2 validation R0_DEVELOPMENT,nuPlan Stage7L historical development,"Waymo-only deterministic reconstruction: original last-view embeddings, same 5-fold scenario GroupKFold, ridge/logistic grid, seed and preprocessing; no nuPlan fitting/selection",0.9480732118869497,0.08589322324617488,0.01,INCONCLUSIVE_NO_FROZEN_CROSS_DOMAIN_NUMERICAL_GATE,DEVELOPMENT_DIAGNOSTIC_EVIDENCE,raw33.front_pressure_score,interaction,continuous,80,79,"5,000 log-cluster Poisson bootstrap; development diagnostic only",R2,0.8621799886407748,0.7332334734077294,0.9210765831279702,1.4309198417471023,0.3712411768099348,0.6479350355940711,0.8556581419376524,nan,nan,NOT_APPLICABLE
C_seed3407,C,3407,dose25,ALL_DOSE_DESCRIPTIVE,Waymo Dynamic-v2 validation R0_DEVELOPMENT,nuPlan Stage7L historical development,"Waymo-only deterministic reconstruction: original last-view embeddings, same 5-fold scenario GroupKFold, ridge/logistic grid, seed and preprocessing; no nuPlan fitting/selection",0.9895997177778074,5.133465810048876,0.0001,INCONCLUSIVE_NO_FROZEN_CROSS_DOMAIN_NUMERICAL_GATE,DEVELOPMENT_DIAGNOSTIC_EVIDENCE,ego13.mean_speed,longitudinal,continuous,80,79,"5,000 log-cluster Poisson bootstrap; development diagnostic only",R2,-4.143866092271069,-6.16938126306762,-2.919262183138165,1.6673939592688456,2.268009279582222,0.5892639474917956,0.40826971953726743,nan,nan,NOT_APPLICABLE
C_seed3407,C,3407,dose25,ALL_DOSE_DESCRIPTIVE,Waymo Dynamic-v2 validation R0_DEVELOPMENT,nuPlan Stage7L historical development,"Waymo-only deterministic reconstruction: original last-view embeddings, same 5-fold scenario GroupKFold, ridge/logistic grid, seed and preprocessing; no nuPlan fitting/selection",0.8982326772370824,2.1597677543523903,0.0001,INCONCLUSIVE_NO_FROZEN_CROSS_DOMAIN_NUMERICAL_GATE,DEVELOPMENT_DIAGNOSTIC_EVIDENCE,ego13.end_minus_start_speed,longitudinal,continuous,80,79,"5,000 log-cluster Poisson bootstrap; development diagnostic only",R2,-1.2615350771153078,-2.3071742799423443,-0.7307982792495291,2.6050871941185916,1.503840110222928,-0.3144866385372715,-0.40213051436467473,nan,nan,NOT_APPLICABLE
C_seed3407,C,3407,dose25,ALL_DOSE_DESCRIPTIVE,Waymo Dynamic-v2 validation R0_DEVELOPMENT,nuPlan Stage7L historical development,"Waymo-only deterministic reconstruction: original last-view embeddings, same 5-fold scenario GroupKFold, ridge/logistic grid, seed and preprocessing; no nuPlan fitting/selection",0.6235614624040083,21.617848360134424,0.01,INCONCLUSIVE_NO_FROZEN_CROSS_DOMAIN_NUMERICAL_GATE,DEVELOPMENT_DIAGNOSTIC_EVIDENCE,ego13.rms_accel,longitudinal,continuous,80,79,"5,000 log-cluster Poisson bootstrap; development diagnostic only",R2,-20.994286897730415,-40.51117462419223,-12.565846653348459,0.5389559867503942,4.689806701531569,0.025527426160337558,0.01949550128228429,nan,nan,NOT_APPLICABLE
C_seed3407,C,3407,dose25,ALL_DOSE_DESCRIPTIVE,Waymo Dynamic-v2 validation R0_DEVELOPMENT,nuPlan Stage7L historical development,"Waymo-only deterministic reconstruction: original last-view embeddings, same 5-fold scenario GroupKFold, ridge/logistic grid, seed and preprocessing; no nuPlan fitting/selection",0.9198773897719654,26.301648560159027,10.0,INCONCLUSIVE_NO_FROZEN_CROSS_DOMAIN_NUMERICAL_GATE,DEVELOPMENT_DIAGNOSTIC_EVIDENCE,ego13.rms_yaw_rate,lateral,continuous,80,79,"5,000 log-cluster Poisson bootstrap; development diagnostic only",R2,-25.38177117038706,-48.63151978652663,-14.888887828466418,0.026652210197410774,5.136318834572777,0.2261837787154243,0.04892983273933389,nan,nan,NOT_APPLICABLE
C_seed3407,C,3407,dose25,ALL_DOSE_DESCRIPTIVE,Waymo Dynamic-v2 validation R0_DEVELOPMENT,nuPlan Stage7L historical development,"Waymo-only deterministic reconstruction: original last-view embeddings, same 5-fold scenario GroupKFold, ridge/logistic grid, seed and preprocessing; no nuPlan fitting/selection",0.8181066066176717,32.267045766090796,0.001,INCONCLUSIVE_NO_FROZEN_CROSS_DOMAIN_NUMERICAL_GATE,DEVELOPMENT_DIAGNOSTIC_EVIDENCE,ego13.heading_change_abs_total,lateral,continuous,80,79,"5,000 log-cluster Poisson bootstrap; development diagnostic only",R2,-31.448939159473127,-58.26183788538408,-19.838222550102834,0.2738623233784795,5.6963970331669405,0.15300046882325363,0.07133235363611574,nan,nan,NOT_APPLICABLE
C_seed3407,C,3407,dose25,ALL_DOSE_DESCRIPTIVE,Waymo Dynamic-v2 validation R0_DEVELOPMENT,nuPlan Stage7L historical development,"Waymo-only deterministic reconstruction: original last-view embeddings, same 5-fold scenario GroupKFold, ridge/logistic grid, seed and preprocessing; no nuPlan fitting/selection",0.9905419699380127,0.08264723309590738,1000.0,INCONCLUSIVE_NO_FROZEN_CROSS_DOMAIN_NUMERICAL_GATE,DEVELOPMENT_DIAGNOSTIC_EVIDENCE,raw33.lane_change_count_proxy,lateral,categorical,80,79,"5,000 log-cluster Poisson bootstrap; development diagnostic only",balanced_accuracy,0.9078947368421053,0.8493123505109808,0.9507042253521127,nan,nan,nan,nan,0.957236842105263,0.6310935441370225,class_0=4; class_1=76
C_seed3407,C,3407,dose25,ALL_DOSE_DESCRIPTIVE,Waymo Dynamic-v2 validation R0_DEVELOPMENT,nuPlan Stage7L historical development,"Waymo-only deterministic reconstruction: original last-view embeddings, same 5-fold scenario GroupKFold, ridge/logistic grid, seed and preprocessing; no nuPlan fitting/selection",0.9415579768830545,0.0015849684573808753,0.001,INCONCLUSIVE_NO_FROZEN_CROSS_DOMAIN_NUMERICAL_GATE,DEVELOPMENT_DIAGNOSTIC_EVIDENCE,raw33.mean_front_distance,interaction,continuous,80,79,"5,000 log-cluster Poisson bootstrap; development diagnostic only",R2,0.9399730084256737,0.9024036294986002,0.9658941881526422,3.771277466148412,0.24500406440368766,0.9525273756997168,0.9771486694817055,nan,nan,NOT_APPLICABLE
C_seed3407,C,3407,dose25,ALL_DOSE_DESCRIPTIVE,Waymo Dynamic-v2 validation R0_DEVELOPMENT,nuPlan Stage7L historical development,"Waymo-only deterministic reconstruction: original last-view embeddings, same 5-fold scenario GroupKFold, ridge/logistic grid, seed and preprocessing; no nuPlan fitting/selection",0.9667963027903125,0.22335584702779931,0.001,INCONCLUSIVE_NO_FROZEN_CROSS_DOMAIN_NUMERICAL_GATE,DEVELOPMENT_DIAGNOSTIC_EVIDENCE,raw33.mean_rel_speed,interaction,continuous,80,79,"5,000 log-cluster Poisson bootstrap; development diagnostic only",R2,0.7434404557625132,0.6831328142652994,0.808706047468608,3.199939231710289,0.5065170720099045,0.9507641517818224,1.535423071161085,nan,nan,NOT_APPLICABLE
C_seed3407,C,3407,dose25,ALL_DOSE_DESCRIPTIVE,Waymo Dynamic-v2 validation R0_DEVELOPMENT,nuPlan Stage7L historical development,"Waymo-only deterministic reconstruction: original last-view embeddings, same 5-fold scenario GroupKFold, ridge/logistic grid, seed and preprocessing; no nuPlan fitting/selection",0.9482771561173481,0.11202932160140555,0.001,INCONCLUSIVE_NO_FROZEN_CROSS_DOMAIN_NUMERICAL_GATE,DEVELOPMENT_DIAGNOSTIC_EVIDENCE,raw33.front_pressure_score,interaction,continuous,80,79,"5,000 log-cluster Poisson bootstrap; development diagnostic only",R2,0.8362478345159425,0.6649009293889664,0.9150243717815207,1.3945105522392947,0.4046630270781573,0.7690993186316775,0.8612739464623447,nan,nan,NOT_APPLICABLE
C_seed3408,C,3408,dose25,ALL_DOSE_DESCRIPTIVE,Waymo Dynamic-v2 validation R0_DEVELOPMENT,nuPlan Stage7L historical development,"Waymo-only deterministic reconstruction: original last-view embeddings, same 5-fold scenario GroupKFold, ridge/logistic grid, seed and preprocessing; no nuPlan fitting/selection",0.9894953273194529,1.567589294812273,0.001,INCONCLUSIVE_NO_FROZEN_CROSS_DOMAIN_NUMERICAL_GATE,DEVELOPMENT_DIAGNOSTIC_EVIDENCE,ego13.mean_speed,longitudinal,continuous,80,79,"5,000 log-cluster Poisson bootstrap; development diagnostic only",R2,-0.57809396749282,-1.1382721102178535,-0.22121803179649843,0.991864521180782,1.2562221011798909,0.6264650726676043,0.5013809977424819,nan,nan,NOT_APPLICABLE
C_seed3408,C,3408,dose25,ALL_DOSE_DESCRIPTIVE,Waymo Dynamic-v2 validation R0_DEVELOPMENT,nuPlan Stage7L historical development,"Waymo-only deterministic reconstruction: original last-view embeddings, same 5-fold scenario GroupKFold, ridge/logistic grid, seed and preprocessing; no nuPlan fitting/selection",0.9127948126401422,2.272708871110848,0.001,INCONCLUSIVE_NO_FROZEN_CROSS_DOMAIN_NUMERICAL_GATE,DEVELOPMENT_DIAGNOSTIC_EVIDENCE,ego13.end_minus_start_speed,longitudinal,continuous,80,79,"5,000 log-cluster Poisson bootstrap; development diagnostic only",R2,-1.359914058470706,-2.859310882239916,-0.5896563807783973,2.756100293102653,1.5362011777337974,0.5154008438818566,0.8126750267101173,nan,nan,NOT_APPLICABLE
C_seed3408,C,3408,dose25,ALL_DOSE_DESCRIPTIVE,Waymo Dynamic-v2 validation R0_DEVELOPMENT,nuPlan Stage7L historical development,"Waymo-only deterministic reconstruction: original last-view embeddings, same 5-fold scenario GroupKFold, ridge/logistic grid, seed and preprocessing; no nuPlan fitting/selection",0.6429400860487352,218.4242516694155,0.001,INCONCLUSIVE_NO_FROZEN_CROSS_DOMAIN_NUMERICAL_GATE,DEVELOPMENT_DIAGNOSTIC_EVIDENCE,ego13.rms_accel,longitudinal,continuous,80,79,"5,000 log-cluster Poisson bootstrap; development diagnostic only",R2,-217.78131158336677,-410.8772467115388,-131.97234117785626,1.8628303371729373,14.791257944588985,-0.18211439287388656,0.009426414001532718,nan,nan,NOT_APPLICABLE
C_seed3408,C,3408,dose25,ALL_DOSE_DESCRIPTIVE,Waymo Dynamic-v2 validation R0_DEVELOPMENT,nuPlan Stage7L historical development,"Waymo-only deterministic reconstruction: original last-view embeddings, same 5-fold scenario GroupKFold, ridge/logistic grid, seed and preprocessing; no nuPlan fitting/selection",0.9097995939957749,157.31973300017745,0.01,INCONCLUSIVE_NO_FROZEN_CROSS_DOMAIN_NUMERICAL_GATE,DEVELOPMENT_DIAGNOSTIC_EVIDENCE,ego13.rms_yaw_rate,lateral,continuous,80,79,"5,000 log-cluster Poisson bootstrap; development diagnostic only",R2,-156.40993340618166,-423.4013401025233,-55.826619817750434,0.055448047284432464,12.54631154587601,0.09692920768870136,0.005549866961180651,nan,nan,NOT_APPLICABLE
C_seed3408,C,3408,dose25,ALL_DOSE_DESCRIPTIVE,Waymo Dynamic-v2 validation R0_DEVELOPMENT,nuPlan Stage7L historical development,"Waymo-only deterministic reconstruction: original last-view embeddings, same 5-fold scenario GroupKFold, ridge/logistic grid, seed and preprocessing; no nuPlan fitting/selection",0.8185948057671155,44.050460171323884,0.0001,INCONCLUSIVE_NO_FROZEN_CROSS_DOMAIN_NUMERICAL_GATE,DEVELOPMENT_DIAGNOSTIC_EVIDENCE,ego13.heading_change_abs_total,lateral,continuous,80,79,"5,000 log-cluster Poisson bootstrap; development diagnostic only",R2,-43.23186536555677,-77.74355838775733,-26.423072713917104,0.3258304891387826,6.650704125546165,0.006000937646507267,-0.004669365681639114,nan,nan,NOT_APPLICABLE
C_seed3408,C,3408,dose25,ALL_DOSE_DESCRIPTIVE,Waymo Dynamic-v2 validation R0_DEVELOPMENT,nuPlan Stage7L historical development,"Waymo-only deterministic reconstruction: original last-view embeddings, same 5-fold scenario GroupKFold, ridge/logistic grid, seed and preprocessing; no nuPlan fitting/selection",0.9925426901234252,0.038595321702372565,100.0,INCONCLUSIVE_NO_FROZEN_CROSS_DOMAIN_NUMERICAL_GATE,DEVELOPMENT_DIAGNOSTIC_EVIDENCE,raw33.lane_change_count_proxy,lateral,categorical,80,79,"5,000 log-cluster Poisson bootstrap; development diagnostic only",balanced_accuracy,0.9539473684210527,0.9029798922056386,0.9841269841269842,nan,nan,nan,nan,1.0,0.7425287356321839,class_0=4; class_1=76
C_seed3408,C,3408,dose25,ALL_DOSE_DESCRIPTIVE,Waymo Dynamic-v2 validation R0_DEVELOPMENT,nuPlan Stage7L historical development,"Waymo-only deterministic reconstruction: original last-view embeddings, same 5-fold scenario GroupKFold, ridge/logistic grid, seed and preprocessing; no nuPlan fitting/selection",0.9391549300319181,-0.01081055007639986,0.001,INCONCLUSIVE_NO_FROZEN_CROSS_DOMAIN_NUMERICAL_GATE,DEVELOPMENT_DIAGNOSTIC_EVIDENCE,raw33.mean_front_distance,interaction,continuous,80,79,"5,000 log-cluster Poisson bootstrap; development diagnostic only",R2,0.9499654801083179,0.9191945752937061,0.9713282833800346,3.4721974302456955,0.22368397325620382,0.9504018454973235,1.002354954198368,nan,nan,NOT_APPLICABLE
C_seed3408,C,3408,dose25,ALL_DOSE_DESCRIPTIVE,Waymo Dynamic-v2 validation R0_DEVELOPMENT,nuPlan Stage7L historical development,"Waymo-only deterministic reconstruction: original last-view embeddings, same 5-fold scenario GroupKFold, ridge/logistic grid, seed and preprocessing; no nuPlan fitting/selection",0.9651703429214011,0.2187430804754249,0.01,INCONCLUSIVE_NO_FROZEN_CROSS_DOMAIN_NUMERICAL_GATE,DEVELOPMENT_DIAGNOSTIC_EVIDENCE,raw33.mean_rel_speed,interaction,continuous,80,79,"5,000 log-cluster Poisson bootstrap; development diagnostic only",R2,0.7464272624459762,0.672830367765027,0.8158241171883001,3.288536604800452,0.5035600635018863,0.9404021920451561,1.459834500649908,nan,nan,NOT_APPLICABLE
C_seed3408,C,3408,dose25,ALL_DOSE_DESCRIPTIVE,Waymo Dynamic-v2 validation R0_DEVELOPMENT,nuPlan Stage7L historical development,"Waymo-only deterministic reconstruction: original last-view embeddings, same 5-fold scenario GroupKFold, ridge/logistic grid, seed and preprocessing; no nuPlan fitting/selection",0.9422504606184756,0.10257778699671305,0.01,INCONCLUSIVE_NO_FROZEN_CROSS_DOMAIN_NUMERICAL_GATE,DEVELOPMENT_DIAGNOSTIC_EVIDENCE,raw33.front_pressure_score,interaction,continuous,80,79,"5,000 log-cluster Poisson bootstrap; development diagnostic only",R2,0.8396726736217626,0.6558249129475349,0.9367729089991219,1.1934017403891155,0.400408948923769,0.7765810917831985,0.9114832961010806,nan,nan,NOT_APPLICABLE
C_seed3409,C,3409,dose25,ALL_DOSE_DESCRIPTIVE,Waymo Dynamic-v2 validation R0_DEVELOPMENT,nuPlan Stage7L historical development,"Waymo-only deterministic reconstruction: original last-view embeddings, same 5-fold scenario GroupKFold, ridge/logistic grid, seed and preprocessing; no nuPlan fitting/selection",0.9913699346659731,2.0366422391849484,0.001,INCONCLUSIVE_NO_FROZEN_CROSS_DOMAIN_NUMERICAL_GATE,DEVELOPMENT_DIAGNOSTIC_EVIDENCE,ego13.mean_speed,longitudinal,continuous,80,79,"5,000 log-cluster Poisson bootstrap; development diagnostic only",R2,-1.0452723045189751,-1.709903966270944,-0.6188236607501196,1.0691729162236565,1.4301301704806368,0.8091186122831692,0.5826022303659025,nan,nan,NOT_APPLICABLE
C_seed3409,C,3409,dose25,ALL_DOSE_DESCRIPTIVE,Waymo Dynamic-v2 validation R0_DEVELOPMENT,nuPlan Stage7L historical development,"Waymo-only deterministic reconstruction: original last-view embeddings, same 5-fold scenario GroupKFold, ridge/logistic grid, seed and preprocessing; no nuPlan fitting/selection",0.8416145449647453,1.8275982222381955,0.001,INCONCLUSIVE_NO_FROZEN_CROSS_DOMAIN_NUMERICAL_GATE,DEVELOPMENT_DIAGNOSTIC_EVIDENCE,ego13.end_minus_start_speed,longitudinal,continuous,80,79,"5,000 log-cluster Poisson bootstrap; development diagnostic only",R2,-0.98598367727345,-2.256535625952927,-0.305612123169884,2.310179645607318,1.409249331124003,-0.09917955930614158,0.20740439845606617,nan,nan,NOT_APPLICABLE
C_seed3409,C,3409,dose25,ALL_DOSE_DESCRIPTIVE,Waymo Dynamic-v2 validation R0_DEVELOPMENT,nuPlan Stage7L historical development,"Waymo-only deterministic reconstruction: original last-view embeddings, same 5-fold scenario GroupKFold, ridge/logistic grid, seed and preprocessing; no nuPlan fitting/selection",0.6476542160309342,38.95481333860825,0.001,INCONCLUSIVE_NO_FROZEN_CROSS_DOMAIN_NUMERICAL_GATE,DEVELOPMENT_DIAGNOSTIC_EVIDENCE,ego13.rms_accel,longitudinal,continuous,80,79,"5,000 log-cluster Poisson bootstrap; development diagnostic only",R2,-38.30715912257731,-81.00704511580294,-20.239434140993392,0.67511957703736,6.269542178068293,0.15021097046413504,0.006632277444494236,nan,nan,NOT_APPLICABLE
C_seed3409,C,3409,dose25,ALL_DOSE_DESCRIPTIVE,Waymo Dynamic-v2 validation R0_DEVELOPMENT,nuPlan Stage7L historical development,"Waymo-only deterministic reconstruction: original last-view embeddings, same 5-fold scenario GroupKFold, ridge/logistic grid, seed and preprocessing; no nuPlan fitting/selection",0.9108579067530178,199.4839868846163,0.01,INCONCLUSIVE_NO_FROZEN_CROSS_DOMAIN_NUMERICAL_GATE,DEVELOPMENT_DIAGNOSTIC_EVIDENCE,ego13.rms_yaw_rate,lateral,continuous,80,79,"5,000 log-cluster Poisson bootstrap; development diagnostic only",R2,-198.57312897786326,-413.97316817909615,-103.78226345145409,0.07308755725813511,14.127035392390834,-0.1246601031411158,-0.007475024520604494,nan,nan,NOT_APPLICABLE
C_seed3409,C,3409,dose25,ALL_DOSE_DESCRIPTIVE,Waymo Dynamic-v2 validation R0_DEVELOPMENT,nuPlan Stage7L historical development,"Waymo-only deterministic reconstruction: original last-view embeddings, same 5-fold scenario GroupKFold, ridge/logistic grid, seed and preprocessing; no nuPlan fitting/selection",0.8490852258632745,41.82984356771702,0.001,INCONCLUSIVE_NO_FROZEN_CROSS_DOMAIN_NUMERICAL_GATE,DEVELOPMENT_DIAGNOSTIC_EVIDENCE,ego13.heading_change_abs_total,lateral,continuous,80,79,"5,000 log-cluster Poisson bootstrap; development diagnostic only",R2,-40.98075834185374,-78.29973880329884,-22.938140413010725,0.2861596225338866,6.479256002185262,0.014767932489451479,0.04154133333527784,nan,nan,NOT_APPLICABLE
C_seed3409,C,3409,dose25,ALL_DOSE_DESCRIPTIVE,Waymo Dynamic-v2 validation R0_DEVELOPMENT,nuPlan Stage7L historical development,"Waymo-only deterministic reconstruction: original last-view embeddings, same 5-fold scenario GroupKFold, ridge/logistic grid, seed and preprocessing; no nuPlan fitting/selection",0.9921921279759764,0.06456054902860808,10000.0,INCONCLUSIVE_NO_FROZEN_CROSS_DOMAIN_NUMERICAL_GATE,DEVELOPMENT_DIAGNOSTIC_EVIDENCE,raw33.lane_change_count_proxy,lateral,categorical,80,79,"5,000 log-cluster Poisson bootstrap; development diagnostic only",balanced_accuracy,0.9276315789473684,0.8698426288323547,0.9657534246575342,nan,nan,nan,nan,0.9967105263157895,0.6715192235908921,class_0=4; class_1=76
C_seed3409,C,3409,dose25,ALL_DOSE_DESCRIPTIVE,Waymo Dynamic-v2 validation R0_DEVELOPMENT,nuPlan Stage7L historical development,"Waymo-only deterministic reconstruction: original last-view embeddings, same 5-fold scenario GroupKFold, ridge/logistic grid, seed and preprocessing; no nuPlan fitting/selection",0.9315404891125446,-0.020921735404312636,0.001,INCONCLUSIVE_NO_FROZEN_CROSS_DOMAIN_NUMERICAL_GATE,DEVELOPMENT_DIAGNOSTIC_EVIDENCE,raw33.mean_front_distance,interaction,continuous,80,79,"5,000 log-cluster Poisson bootstrap; development diagnostic only",R2,0.9524622245168572,0.9256728628593496,0.9712460392668066,3.504173431284414,0.21803159285558302,0.9566818210953033,0.9760451519123743,nan,nan,NOT_APPLICABLE
C_seed3409,C,3409,dose25,ALL_DOSE_DESCRIPTIVE,Waymo Dynamic-v2 validation R0_DEVELOPMENT,nuPlan Stage7L historical development,"Waymo-only deterministic reconstruction: original last-view embeddings, same 5-fold scenario GroupKFold, ridge/logistic grid, seed and preprocessing; no nuPlan fitting/selection",0.9620677322945709,0.2323526127562433,0.001,INCONCLUSIVE_NO_FROZEN_CROSS_DOMAIN_NUMERICAL_GATE,DEVELOPMENT_DIAGNOSTIC_EVIDENCE,raw33.mean_rel_speed,interaction,continuous,80,79,"5,000 log-cluster Poisson bootstrap; development diagnostic only",R2,0.7297151195383276,0.6639159626220107,0.7993743791007155,3.3305027522909647,0.5198892963522835,0.9573098186551013,1.4945098625269253,nan,nan,NOT_APPLICABLE
C_seed3409,C,3409,dose25,ALL_DOSE_DESCRIPTIVE,Waymo Dynamic-v2 validation R0_DEVELOPMENT,nuPlan Stage7L historical development,"Waymo-only deterministic reconstruction: original last-view embeddings, same 5-fold scenario GroupKFold, ridge/logistic grid, seed and preprocessing; no nuPlan fitting/selection",0.9406291625592027,0.07325213869290914,0.001,INCONCLUSIVE_NO_FROZEN_CROSS_DOMAIN_NUMERICAL_GATE,DEVELOPMENT_DIAGNOSTIC_EVIDENCE,raw33.front_pressure_score,interaction,continuous,80,79,"5,000 log-cluster Poisson bootstrap; development diagnostic only",R2,0.8673770238662936,0.7239946148935319,0.9380746176896123,1.152006134295639,0.3641743759982386,0.8166591306651303,0.8300294655033583,nan,nan,NOT_APPLICABLE
old64,old64,NOT_APPLICABLE,dose50,ALL_DOSE_DESCRIPTIVE,Waymo Dynamic-v2 validation R0_DEVELOPMENT,nuPlan Stage7L historical development,"Waymo-only deterministic reconstruction: original last-view embeddings, same 5-fold scenario GroupKFold, ridge/logistic grid, seed and preprocessing; no nuPlan fitting/selection",0.8648257412742769,9.677912325672912,1.0,INCONCLUSIVE_NO_FROZEN_CROSS_DOMAIN_NUMERICAL_GATE,DEVELOPMENT_DIAGNOSTIC_EVIDENCE,ego13.mean_speed,longitudinal,continuous,80,79,"5,000 log-cluster Poisson bootstrap; development diagnostic only",R2,-8.813086584398635,-13.116168429945308,-6.064951787817691,2.2859167657211534,3.1325846491992255,0.5115096108766995,0.20076497319698886,nan,nan,NOT_APPLICABLE
old64,old64,NOT_APPLICABLE,dose50,ALL_DOSE_DESCRIPTIVE,Waymo Dynamic-v2 validation R0_DEVELOPMENT,nuPlan Stage7L historical development,"Waymo-only deterministic reconstruction: original last-view embeddings, same 5-fold scenario GroupKFold, ridge/logistic grid, seed and preprocessing; no nuPlan fitting/selection",0.6627768973344081,7.008588299761275,0.1,INCONCLUSIVE_NO_FROZEN_CROSS_DOMAIN_NUMERICAL_GATE,DEVELOPMENT_DIAGNOSTIC_EVIDENCE,ego13.end_minus_start_speed,longitudinal,continuous,80,79,"5,000 log-cluster Poisson bootstrap; development diagnostic only",R2,-6.345811402426866,-11.453943947907286,-3.6795312992898586,4.574384163142005,2.7103157385121883,0.6603141115799345,0.22451355405905105,nan,nan,NOT_APPLICABLE
old64,old64,NOT_APPLICABLE,dose50,ALL_DOSE_DESCRIPTIVE,Waymo Dynamic-v2 validation R0_DEVELOPMENT,nuPlan Stage7L historical development,"Waymo-only deterministic reconstruction: original last-view embeddings, same 5-fold scenario GroupKFold, ridge/logistic grid, seed and preprocessing; no nuPlan fitting/selection",0.7704677315598866,20.99301724264473,100.0,INCONCLUSIVE_NO_FROZEN_CROSS_DOMAIN_NUMERICAL_GATE,DEVELOPMENT_DIAGNOSTIC_EVIDENCE,ego13.rms_accel,longitudinal,continuous,80,79,"5,000 log-cluster Poisson bootstrap; development diagnostic only",R2,-20.222549511084843,-36.63034014602677,-12.247022289766567,0.519489654133251,4.606793842911233,-0.3530239099859353,-0.0765940130150673,nan,nan,NOT_APPLICABLE
old64,old64,NOT_APPLICABLE,dose50,ALL_DOSE_DESCRIPTIVE,Waymo Dynamic-v2 validation R0_DEVELOPMENT,nuPlan Stage7L historical development,"Waymo-only deterministic reconstruction: original last-view embeddings, same 5-fold scenario GroupKFold, ridge/logistic grid, seed and preprocessing; no nuPlan fitting/selection",0.9251043994848664,285.04093453002696,10.0,INCONCLUSIVE_NO_FROZEN_CROSS_DOMAIN_NUMERICAL_GATE,DEVELOPMENT_DIAGNOSTIC_EVIDENCE,ego13.rms_yaw_rate,lateral,continuous,80,79,"5,000 log-cluster Poisson bootstrap; development diagnostic only",R2,-284.11583013054207,-1001.1596466470533,-17.37892309823835,0.03889054179315775,16.885373260030175,-0.13356774496015003,-0.008845966694212773,nan,nan,NOT_APPLICABLE
old64,old64,NOT_APPLICABLE,dose50,ALL_DOSE_DESCRIPTIVE,Waymo Dynamic-v2 validation R0_DEVELOPMENT,nuPlan Stage7L historical development,"Waymo-only deterministic reconstruction: original last-view embeddings, same 5-fold scenario GroupKFold, ridge/logistic grid, seed and preprocessing; no nuPlan fitting/selection",0.8659183333811538,38.493775129328476,100.0,INCONCLUSIVE_NO_FROZEN_CROSS_DOMAIN_NUMERICAL_GATE,DEVELOPMENT_DIAGNOSTIC_EVIDENCE,ego13.heading_change_abs_total,lateral,continuous,80,79,"5,000 log-cluster Poisson bootstrap; development diagnostic only",R2,-37.627856795947324,-76.4529035085879,-19.19562144070313,0.280936744698222,6.215131277450809,0.00593061415846226,-0.005404906776084098,nan,nan,NOT_APPLICABLE
old64,old64,NOT_APPLICABLE,dose50,ALL_DOSE_DESCRIPTIVE,Waymo Dynamic-v2 validation R0_DEVELOPMENT,nuPlan Stage7L historical development,"Waymo-only deterministic reconstruction: original last-view embeddings, same 5-fold scenario GroupKFold, ridge/logistic grid, seed and preprocessing; no nuPlan fitting/selection",0.9896798604076514,0.0423114393550198,10.0,INCONCLUSIVE_NO_FROZEN_CROSS_DOMAIN_NUMERICAL_GATE,DEVELOPMENT_DIAGNOSTIC_EVIDENCE,raw33.lane_change_count_proxy,lateral,categorical,80,79,"5,000 log-cluster Poisson bootstrap; development diagnostic only",balanced_accuracy,0.9473684210526316,0.8950336700336701,0.9791666666666667,nan,nan,nan,nan,0.9769736842105263,0.7222222222222222,class_0=4; class_1=76
old64,old64,NOT_APPLICABLE,dose50,ALL_DOSE_DESCRIPTIVE,Waymo Dynamic-v2 validation R0_DEVELOPMENT,nuPlan Stage7L historical development,"Waymo-only deterministic reconstruction: original last-view embeddings, same 5-fold scenario GroupKFold, ridge/logistic grid, seed and preprocessing; no nuPlan fitting/selection",0.5599802102191224,-0.026848234269014726,1.0,INCONCLUSIVE_NO_FROZEN_CROSS_DOMAIN_NUMERICAL_GATE,DEVELOPMENT_DIAGNOSTIC_EVIDENCE,raw33.mean_front_distance,interaction,continuous,80,79,"5,000 log-cluster Poisson bootstrap; development diagnostic only",R2,0.5868284444881371,0.4597414521600103,0.687381388528983,12.336838142347997,0.6427842215797327,0.8569027888369676,1.4877137739915787,nan,nan,NOT_APPLICABLE
old64,old64,NOT_APPLICABLE,dose50,ALL_DOSE_DESCRIPTIVE,Waymo Dynamic-v2 validation R0_DEVELOPMENT,nuPlan Stage7L historical development,"Waymo-only deterministic reconstruction: original last-view embeddings, same 5-fold scenario GroupKFold, ridge/logistic grid, seed and preprocessing; no nuPlan fitting/selection",0.6867622563554483,0.19277830899984738,1.0,INCONCLUSIVE_NO_FROZEN_CROSS_DOMAIN_NUMERICAL_GATE,DEVELOPMENT_DIAGNOSTIC_EVIDENCE,raw33.mean_rel_speed,interaction,continuous,80,79,"5,000 log-cluster Poisson bootstrap; development diagnostic only",R2,0.4939839473556009,0.3955604260798291,0.5757182522354168,5.999862351198878,0.7113480530966533,0.836033854014184,1.8459471862730494,nan,nan,NOT_APPLICABLE
old64,old64,NOT_APPLICABLE,dose50,ALL_DOSE_DESCRIPTIVE,Waymo Dynamic-v2 validation R0_DEVELOPMENT,nuPlan Stage7L historical development,"Waymo-only deterministic reconstruction: original last-view embeddings, same 5-fold scenario GroupKFold, ridge/logistic grid, seed and preprocessing; no nuPlan fitting/selection",0.5653747980946089,0.24823649871236253,1.0,INCONCLUSIVE_NO_FROZEN_CROSS_DOMAIN_NUMERICAL_GATE,DEVELOPMENT_DIAGNOSTIC_EVIDENCE,raw33.front_pressure_score,interaction,continuous,80,79,"5,000 log-cluster Poisson bootstrap; development diagnostic only",R2,0.31713829938224636,-0.0662839000000226,0.5512156600071055,3.3598154536114935,0.826354464269271,0.6584274887034453,0.7604476365399898,nan,nan,NOT_APPLICABLE
A_seed3407,A,3407,dose50,ALL_DOSE_DESCRIPTIVE,Waymo Dynamic-v2 validation R0_DEVELOPMENT,nuPlan Stage7L historical development,"Waymo-only deterministic reconstruction: original last-view embeddings, same 5-fold scenario GroupKFold, ridge/logistic grid, seed and preprocessing; no nuPlan fitting/selection",0.9088109253928247,20.47364011653985,0.01,INCONCLUSIVE_NO_FROZEN_CROSS_DOMAIN_NUMERICAL_GATE,DEVELOPMENT_DIAGNOSTIC_EVIDENCE,ego13.mean_speed,longitudinal,continuous,80,79,"5,000 log-cluster Poisson bootstrap; development diagnostic only",R2,-19.564829191147027,-31.396986405954944,-11.754743629710065,2.833253173342828,4.534846104461212,0.29585091420534465,0.10331422227868549,nan,nan,NOT_APPLICABLE
A_seed3407,A,3407,dose50,ALL_DOSE_DESCRIPTIVE,Waymo Dynamic-v2 validation R0_DEVELOPMENT,nuPlan Stage7L historical development,"Waymo-only deterministic reconstruction: original last-view embeddings, same 5-fold scenario GroupKFold, ridge/logistic grid, seed and preprocessing; no nuPlan fitting/selection",0.8771760367899443,1.129255970694202,0.001,INCONCLUSIVE_NO_FROZEN_CROSS_DOMAIN_NUMERICAL_GATE,DEVELOPMENT_DIAGNOSTIC_EVIDENCE,ego13.end_minus_start_speed,longitudinal,continuous,80,79,"5,000 log-cluster Poisson bootstrap; development diagnostic only",R2,-0.25207993390425787,-0.6830860476923933,0.044974812501004054,1.8495505495444746,1.118963776850823,0.5107126113455228,0.8871812841888348,nan,nan,NOT_APPLICABLE
A_seed3407,A,3407,dose50,ALL_DOSE_DESCRIPTIVE,Waymo Dynamic-v2 validation R0_DEVELOPMENT,nuPlan Stage7L historical development,"Waymo-only deterministic reconstruction: original last-view embeddings, same 5-fold scenario GroupKFold, ridge/logistic grid, seed and preprocessing; no nuPlan fitting/selection",0.8160173319616622,23.227324213939582,1.0,INCONCLUSIVE_NO_FROZEN_CROSS_DOMAIN_NUMERICAL_GATE,DEVELOPMENT_DIAGNOSTIC_EVIDENCE,ego13.rms_accel,longitudinal,continuous,80,79,"5,000 log-cluster Poisson bootstrap; development diagnostic only",R2,-22.41130688197792,-40.27812840587373,-13.000433100150286,0.47792741913326003,4.838523212921265,-0.23902953586497894,-0.09021097507373674,nan,nan,NOT_APPLICABLE
A_seed3407,A,3407,dose50,ALL_DOSE_DESCRIPTIVE,Waymo Dynamic-v2 validation R0_DEVELOPMENT,nuPlan Stage7L historical development,"Waymo-only deterministic reconstruction: original last-view embeddings, same 5-fold scenario GroupKFold, ridge/logistic grid, seed and preprocessing; no nuPlan fitting/selection",0.9045391831340385,78.75573342861671,0.01,INCONCLUSIVE_NO_FROZEN_CROSS_DOMAIN_NUMERICAL_GATE,DEVELOPMENT_DIAGNOSTIC_EVIDENCE,ego13.rms_yaw_rate,lateral,continuous,80,79,"5,000 log-cluster Poisson bootstrap; development diagnostic only",R2,-77.85119424548267,-148.03337758425255,-44.56016399906921,0.046648147679677704,8.879819493969608,-0.13661509610876701,-0.012097500261867176,nan,nan,NOT_APPLICABLE
A_seed3407,A,3407,dose50,ALL_DOSE_DESCRIPTIVE,Waymo Dynamic-v2 validation R0_DEVELOPMENT,nuPlan Stage7L historical development,"Waymo-only deterministic reconstruction: original last-view embeddings, same 5-fold scenario GroupKFold, ridge/logistic grid, seed and preprocessing; no nuPlan fitting/selection",0.8757503837050287,16.477852400760643,1.0,INCONCLUSIVE_NO_FROZEN_CROSS_DOMAIN_NUMERICAL_GATE,DEVELOPMENT_DIAGNOSTIC_EVIDENCE,ego13.heading_change_abs_total,lateral,continuous,80,79,"5,000 log-cluster Poisson bootstrap; development diagnostic only",R2,-15.602102017055614,-28.1449185690866,-8.762514095555055,0.18124758667346227,4.074567709224577,-0.11225972808251292,-0.01065133795058374,nan,nan,NOT_APPLICABLE
A_seed3407,A,3407,dose50,ALL_DOSE_DESCRIPTIVE,Waymo Dynamic-v2 validation R0_DEVELOPMENT,nuPlan Stage7L historical development,"Waymo-only deterministic reconstruction: original last-view embeddings, same 5-fold scenario GroupKFold, ridge/logistic grid, seed and preprocessing; no nuPlan fitting/selection",0.9920400067731322,0.03151369098365853,1000.0,INCONCLUSIVE_NO_FROZEN_CROSS_DOMAIN_NUMERICAL_GATE,DEVELOPMENT_DIAGNOSTIC_EVIDENCE,raw33.lane_change_count_proxy,lateral,categorical,80,79,"5,000 log-cluster Poisson bootstrap; development diagnostic only",balanced_accuracy,0.9605263157894737,0.9154929577464789,0.987012987012987,nan,nan,nan,nan,0.9901315789473684,0.7651663405088063,class_0=4; class_1=76
A_seed3407,A,3407,dose50,ALL_DOSE_DESCRIPTIVE,Waymo Dynamic-v2 validation R0_DEVELOPMENT,nuPlan Stage7L historical development,"Waymo-only deterministic reconstruction: original last-view embeddings, same 5-fold scenario GroupKFold, ridge/logistic grid, seed and preprocessing; no nuPlan fitting/selection",0.9305133268927751,0.01465104044843113,0.1,INCONCLUSIVE_NO_FROZEN_CROSS_DOMAIN_NUMERICAL_GATE,DEVELOPMENT_DIAGNOSTIC_EVIDENCE,raw33.mean_front_distance,interaction,continuous,80,79,"5,000 log-cluster Poisson bootstrap; development diagnostic only",R2,0.915862286444344,0.8603938818609677,0.9498691096662512,4.75351125437471,0.29006501608373253,0.9514331629620987,0.9039381267026283,nan,nan,NOT_APPLICABLE
A_seed3407,A,3407,dose50,ALL_DOSE_DESCRIPTIVE,Waymo Dynamic-v2 validation R0_DEVELOPMENT,nuPlan Stage7L historical development,"Waymo-only deterministic reconstruction: original last-view embeddings, same 5-fold scenario GroupKFold, ridge/logistic grid, seed and preprocessing; no nuPlan fitting/selection",0.9599561583372879,0.1311676237524766,0.01,INCONCLUSIVE_NO_FROZEN_CROSS_DOMAIN_NUMERICAL_GATE,DEVELOPMENT_DIAGNOSTIC_EVIDENCE,raw33.mean_rel_speed,interaction,continuous,80,79,"5,000 log-cluster Poisson bootstrap; development diagnostic only",R2,0.8287885345848113,0.7837202433419539,0.8730345037439479,2.882271927919541,0.4137770721236119,0.9427628611315133,1.3471656283688855,nan,nan,NOT_APPLICABLE
A_seed3407,A,3407,dose50,ALL_DOSE_DESCRIPTIVE,Waymo Dynamic-v2 validation R0_DEVELOPMENT,nuPlan Stage7L historical development,"Waymo-only deterministic reconstruction: original last-view embeddings, same 5-fold scenario GroupKFold, ridge/logistic grid, seed and preprocessing; no nuPlan fitting/selection",0.9340169640917381,0.12341415630134744,0.1,INCONCLUSIVE_NO_FROZEN_CROSS_DOMAIN_NUMERICAL_GATE,DEVELOPMENT_DIAGNOSTIC_EVIDENCE,raw33.front_pressure_score,interaction,continuous,80,79,"5,000 log-cluster Poisson bootstrap; development diagnostic only",R2,0.8106028077903906,0.6946476255247646,0.8806497050858957,1.5058874658754013,0.4351978770738771,0.7743974771810681,1.02323860907777,nan,nan,NOT_APPLICABLE
A_seed3408,A,3408,dose50,ALL_DOSE_DESCRIPTIVE,Waymo Dynamic-v2 validation R0_DEVELOPMENT,nuPlan Stage7L historical development,"Waymo-only deterministic reconstruction: original last-view embeddings, same 5-fold scenario GroupKFold, ridge/logistic grid, seed and preprocessing; no nuPlan fitting/selection",0.9347647907517386,6.199506479809264,0.01,INCONCLUSIVE_NO_FROZEN_CROSS_DOMAIN_NUMERICAL_GATE,DEVELOPMENT_DIAGNOSTIC_EVIDENCE,ego13.mean_speed,longitudinal,continuous,80,79,"5,000 log-cluster Poisson bootstrap; development diagnostic only",R2,-5.264741689057526,-8.841703797586582,-2.9524158785495738,1.5955614493366765,2.5029466013196378,0.5515236755743085,0.242387927045578,nan,nan,NOT_APPLICABLE
A_seed3408,A,3408,dose50,ALL_DOSE_DESCRIPTIVE,Waymo Dynamic-v2 validation R0_DEVELOPMENT,nuPlan Stage7L historical development,"Waymo-only deterministic reconstruction: original last-view embeddings, same 5-fold scenario GroupKFold, ridge/logistic grid, seed and preprocessing; no nuPlan fitting/selection",0.8581894307552587,0.8225797676899429,0.01,INCONCLUSIVE_NO_FROZEN_CROSS_DOMAIN_NUMERICAL_GATE,DEVELOPMENT_DIAGNOSTIC_EVIDENCE,ego13.end_minus_start_speed,longitudinal,continuous,80,79,"5,000 log-cluster Poisson bootstrap; development diagnostic only",R2,0.035609663065315766,-0.5470822125879813,0.35664358842581695,1.7205124361675654,0.9820337758624621,0.4138068448195031,0.5436405464230805,nan,nan,NOT_APPLICABLE
A_seed3408,A,3408,dose50,ALL_DOSE_DESCRIPTIVE,Waymo Dynamic-v2 validation R0_DEVELOPMENT,nuPlan Stage7L historical development,"Waymo-only deterministic reconstruction: original last-view embeddings, same 5-fold scenario GroupKFold, ridge/logistic grid, seed and preprocessing; no nuPlan fitting/selection",0.8049638969976307,43.78308069730382,1.0,INCONCLUSIVE_NO_FROZEN_CROSS_DOMAIN_NUMERICAL_GATE,DEVELOPMENT_DIAGNOSTIC_EVIDENCE,ego13.rms_accel,longitudinal,continuous,80,79,"5,000 log-cluster Poisson bootstrap; development diagnostic only",R2,-42.97811680030619,-75.36728838788922,-28.083647129245346,0.839393183276276,6.631599867325092,-0.12351148616971404,-0.05322478654129953,nan,nan,NOT_APPLICABLE
A_seed3408,A,3408,dose50,ALL_DOSE_DESCRIPTIVE,Waymo Dynamic-v2 validation R0_DEVELOPMENT,nuPlan Stage7L historical development,"Waymo-only deterministic reconstruction: original last-view embeddings, same 5-fold scenario GroupKFold, ridge/logistic grid, seed and preprocessing; no nuPlan fitting/selection",0.9287635835432378,35.769126987285034,1.0,INCONCLUSIVE_NO_FROZEN_CROSS_DOMAIN_NUMERICAL_GATE,DEVELOPMENT_DIAGNOSTIC_EVIDENCE,ego13.rms_yaw_rate,lateral,continuous,80,79,"5,000 log-cluster Poisson bootstrap; development diagnostic only",R2,-34.8403634037418,-66.29965765371824,-18.763473205351456,0.02880722169045401,5.986682169928665,-0.21207219878105954,-0.024536641516243917,nan,nan,NOT_APPLICABLE
A_seed3408,A,3408,dose50,ALL_DOSE_DESCRIPTIVE,Waymo Dynamic-v2 validation R0_DEVELOPMENT,nuPlan Stage7L historical development,"Waymo-only deterministic reconstruction: original last-view embeddings, same 5-fold scenario GroupKFold, ridge/logistic grid, seed and preprocessing; no nuPlan fitting/selection",0.8986717223865989,29.036994308157148,10.0,INCONCLUSIVE_NO_FROZEN_CROSS_DOMAIN_NUMERICAL_GATE,DEVELOPMENT_DIAGNOSTIC_EVIDENCE,ego13.heading_change_abs_total,lateral,continuous,80,79,"5,000 log-cluster Poisson bootstrap; development diagnostic only",R2,-28.13832258577055,-49.71220516612507,-18.025309768387366,0.2693084752895558,5.397992458847136,-0.13037974683544307,-0.03386393976150986,nan,nan,NOT_APPLICABLE
A_seed3408,A,3408,dose50,ALL_DOSE_DESCRIPTIVE,Waymo Dynamic-v2 validation R0_DEVELOPMENT,nuPlan Stage7L historical development,"Waymo-only deterministic reconstruction: original last-view embeddings, same 5-fold scenario GroupKFold, ridge/logistic grid, seed and preprocessing; no nuPlan fitting/selection",0.9910872573379136,0.07661357312738726,0.1,INCONCLUSIVE_NO_FROZEN_CROSS_DOMAIN_NUMERICAL_GATE,DEVELOPMENT_DIAGNOSTIC_EVIDENCE,raw33.lane_change_count_proxy,lateral,categorical,80,79,"5,000 log-cluster Poisson bootstrap; development diagnostic only",balanced_accuracy,0.9144736842105263,0.8580026455026456,0.955227212153518,nan,nan,nan,nan,0.9638157894736842,0.643713600548133,class_0=4; class_1=76
A_seed3408,A,3408,dose50,ALL_DOSE_DESCRIPTIVE,Waymo Dynamic-v2 validation R0_DEVELOPMENT,nuPlan Stage7L historical development,"Waymo-only deterministic reconstruction: original last-view embeddings, same 5-fold scenario GroupKFold, ridge/logistic grid, seed and preprocessing; no nuPlan fitting/selection",0.9294576575475852,0.010524831725436057,0.1,INCONCLUSIVE_NO_FROZEN_CROSS_DOMAIN_NUMERICAL_GATE,DEVELOPMENT_DIAGNOSTIC_EVIDENCE,raw33.mean_front_distance,interaction,continuous,80,79,"5,000 log-cluster Poisson bootstrap; development diagnostic only",R2,0.9189328258221492,0.8648757047262463,0.954774745709734,4.566354036833685,0.28472297795901697,0.9464959077530153,0.9258201345711222,nan,nan,NOT_APPLICABLE
A_seed3408,A,3408,dose50,ALL_DOSE_DESCRIPTIVE,Waymo Dynamic-v2 validation R0_DEVELOPMENT,nuPlan Stage7L historical development,"Waymo-only deterministic reconstruction: original last-view embeddings, same 5-fold scenario GroupKFold, ridge/logistic grid, seed and preprocessing; no nuPlan fitting/selection",0.95991946293615,0.08344472833458072,0.1,INCONCLUSIVE_NO_FROZEN_CROSS_DOMAIN_NUMERICAL_GATE,DEVELOPMENT_DIAGNOSTIC_EVIDENCE,raw33.mean_rel_speed,interaction,continuous,80,79,"5,000 log-cluster Poisson bootstrap; development diagnostic only",R2,0.8764747346015693,0.8400738081089334,0.9143536455586119,2.3813808664589624,0.3514616129798966,0.9529986341259543,1.2478914582596252,nan,nan,NOT_APPLICABLE
A_seed3408,A,3408,dose50,ALL_DOSE_DESCRIPTIVE,Waymo Dynamic-v2 validation R0_DEVELOPMENT,nuPlan Stage7L historical development,"Waymo-only deterministic reconstruction: original last-view embeddings, same 5-fold scenario GroupKFold, ridge/logistic grid, seed and preprocessing; no nuPlan fitting/selection",0.93104928616859,0.17368833504265213,1.0,INCONCLUSIVE_NO_FROZEN_CROSS_DOMAIN_NUMERICAL_GATE,DEVELOPMENT_DIAGNOSTIC_EVIDENCE,raw33.front_pressure_score,interaction,continuous,80,79,"5,000 log-cluster Poisson bootstrap; development diagnostic only",R2,0.7573609511259378,0.4741059812690569,0.8903847694093119,1.5251501603546775,0.49258405259819593,0.8523340102021882,0.8936866433667997,nan,nan,NOT_APPLICABLE
A_seed3409,A,3409,dose50,ALL_DOSE_DESCRIPTIVE,Waymo Dynamic-v2 validation R0_DEVELOPMENT,nuPlan Stage7L historical development,"Waymo-only deterministic reconstruction: original last-view embeddings, same 5-fold scenario GroupKFold, ridge/logistic grid, seed and preprocessing; no nuPlan fitting/selection",0.9330512119600323,5.190691275912473,0.1,INCONCLUSIVE_NO_FROZEN_CROSS_DOMAIN_NUMERICAL_GATE,DEVELOPMENT_DIAGNOSTIC_EVIDENCE,ego13.mean_speed,longitudinal,continuous,80,79,"5,000 log-cluster Poisson bootstrap; development diagnostic only",R2,-4.25764006395244,-7.070158905296531,-2.4730472965645283,1.4193403998734615,2.2929544400080086,0.6647210501640881,0.2820024909580656,nan,nan,NOT_APPLICABLE
A_seed3409,A,3409,dose50,ALL_DOSE_DESCRIPTIVE,Waymo Dynamic-v2 validation R0_DEVELOPMENT,nuPlan Stage7L historical development,"Waymo-only deterministic reconstruction: original last-view embeddings, same 5-fold scenario GroupKFold, ridge/logistic grid, seed and preprocessing; no nuPlan fitting/selection",0.8831926489805876,4.969024992478916,0.01,INCONCLUSIVE_NO_FROZEN_CROSS_DOMAIN_NUMERICAL_GATE,DEVELOPMENT_DIAGNOSTIC_EVIDENCE,ego13.end_minus_start_speed,longitudinal,continuous,80,79,"5,000 log-cluster Poisson bootstrap; development diagnostic only",R2,-4.085832343498328,-6.900425432424924,-2.7019491835044738,4.3114391264218055,2.255179004757345,0.4101031411157993,0.7008558995121678,nan,nan,NOT_APPLICABLE
A_seed3409,A,3409,dose50,ALL_DOSE_DESCRIPTIVE,Waymo Dynamic-v2 validation R0_DEVELOPMENT,nuPlan Stage7L historical development,"Waymo-only deterministic reconstruction: original last-view embeddings, same 5-fold scenario GroupKFold, ridge/logistic grid, seed and preprocessing; no nuPlan fitting/selection",0.7797745537014693,7.640605825006459,0.1,INCONCLUSIVE_NO_FROZEN_CROSS_DOMAIN_NUMERICAL_GATE,DEVELOPMENT_DIAGNOSTIC_EVIDENCE,ego13.rms_accel,longitudinal,continuous,80,79,"5,000 log-cluster Poisson bootstrap; development diagnostic only",R2,-6.860831271304989,-13.311658120045436,-4.095556892155551,0.30741697139822416,2.8037174021832136,0.14833567744960152,0.015444105040021618,nan,nan,NOT_APPLICABLE
A_seed3409,A,3409,dose50,ALL_DOSE_DESCRIPTIVE,Waymo Dynamic-v2 validation R0_DEVELOPMENT,nuPlan Stage7L historical development,"Waymo-only deterministic reconstruction: original last-view embeddings, same 5-fold scenario GroupKFold, ridge/logistic grid, seed and preprocessing; no nuPlan fitting/selection",0.9185202012187836,46.00246405568718,1.0,INCONCLUSIVE_NO_FROZEN_CROSS_DOMAIN_NUMERICAL_GATE,DEVELOPMENT_DIAGNOSTIC_EVIDENCE,ego13.rms_yaw_rate,lateral,continuous,80,79,"5,000 log-cluster Poisson bootstrap; development diagnostic only",R2,-45.083943854468394,-84.30231303846551,-25.833791623205883,0.0347550427715823,6.7885155854920445,-0.19376465072667606,-0.01912036724915869,nan,nan,NOT_APPLICABLE
A_seed3409,A,3409,dose50,ALL_DOSE_DESCRIPTIVE,Waymo Dynamic-v2 validation R0_DEVELOPMENT,nuPlan Stage7L historical development,"Waymo-only deterministic reconstruction: original last-view embeddings, same 5-fold scenario GroupKFold, ridge/logistic grid, seed and preprocessing; no nuPlan fitting/selection",0.8692956229490172,36.35888308689728,10.0,INCONCLUSIVE_NO_FROZEN_CROSS_DOMAIN_NUMERICAL_GATE,DEVELOPMENT_DIAGNOSTIC_EVIDENCE,ego13.heading_change_abs_total,lateral,continuous,80,79,"5,000 log-cluster Poisson bootstrap; development diagnostic only",R2,-35.48958746394826,-63.56318376229889,-21.167796771061017,0.295657882547134,6.040661177714594,-0.15229723394280356,0.001597988439960392,nan,nan,NOT_APPLICABLE
A_seed3409,A,3409,dose50,ALL_DOSE_DESCRIPTIVE,Waymo Dynamic-v2 validation R0_DEVELOPMENT,nuPlan Stage7L historical development,"Waymo-only deterministic reconstruction: original last-view embeddings, same 5-fold scenario GroupKFold, ridge/logistic grid, seed and preprocessing; no nuPlan fitting/selection",0.9887239622106294,0.021618699052734724,100.0,INCONCLUSIVE_NO_FROZEN_CROSS_DOMAIN_NUMERICAL_GATE,DEVELOPMENT_DIAGNOSTIC_EVIDENCE,raw33.lane_change_count_proxy,lateral,categorical,80,79,"5,000 log-cluster Poisson bootstrap; development diagnostic only",balanced_accuracy,0.9671052631578947,0.9230654761904763,0.9930555555555556,nan,nan,nan,nan,0.9967105263157895,0.7906855049712193,class_0=4; class_1=76
A_seed3409,A,3409,dose50,ALL_DOSE_DESCRIPTIVE,Waymo Dynamic-v2 validation R0_DEVELOPMENT,nuPlan Stage7L historical development,"Waymo-only deterministic reconstruction: original last-view embeddings, same 5-fold scenario GroupKFold, ridge/logistic grid, seed and preprocessing; no nuPlan fitting/selection",0.9221272602522649,-0.00994647712259733,1.0,INCONCLUSIVE_NO_FROZEN_CROSS_DOMAIN_NUMERICAL_GATE,DEVELOPMENT_DIAGNOSTIC_EVIDENCE,raw33.mean_front_distance,interaction,continuous,80,79,"5,000 log-cluster Poisson bootstrap; development diagnostic only",R2,0.9320737373748622,0.8980898375176182,0.9557380115866226,4.234455947101194,0.260626672896574,0.9538174959655096,1.0267251865470688,nan,nan,NOT_APPLICABLE
A_seed3409,A,3409,dose50,ALL_DOSE_DESCRIPTIVE,Waymo Dynamic-v2 validation R0_DEVELOPMENT,nuPlan Stage7L historical development,"Waymo-only deterministic reconstruction: original last-view embeddings, same 5-fold scenario GroupKFold, ridge/logistic grid, seed and preprocessing; no nuPlan fitting/selection",0.9522318553440059,0.1571822636917637,1.0,INCONCLUSIVE_NO_FROZEN_CROSS_DOMAIN_NUMERICAL_GATE,DEVELOPMENT_DIAGNOSTIC_EVIDENCE,raw33.mean_rel_speed,interaction,continuous,80,79,"5,000 log-cluster Poisson bootstrap; development diagnostic only",R2,0.7950495916522422,0.7408347875937069,0.8481821903793965,2.996133135146751,0.4527144887760472,0.9465922444400218,1.3893565988648655,nan,nan,NOT_APPLICABLE
A_seed3409,A,3409,dose50,ALL_DOSE_DESCRIPTIVE,Waymo Dynamic-v2 validation R0_DEVELOPMENT,nuPlan Stage7L historical development,"Waymo-only deterministic reconstruction: original last-view embeddings, same 5-fold scenario GroupKFold, ridge/logistic grid, seed and preprocessing; no nuPlan fitting/selection",0.9254579440551862,0.034965412412304,1.0,INCONCLUSIVE_NO_FROZEN_CROSS_DOMAIN_NUMERICAL_GATE,DEVELOPMENT_DIAGNOSTIC_EVIDENCE,raw33.front_pressure_score,interaction,continuous,80,79,"5,000 log-cluster Poisson bootstrap; development diagnostic only",R2,0.8904925316428822,0.8022058687778829,0.9327995557019001,1.2881275937508432,0.33091912661119754,0.805727001935617,0.9562865787528629,nan,nan,NOT_APPLICABLE
B_seed3407,B,3407,dose50,ALL_DOSE_DESCRIPTIVE,Waymo Dynamic-v2 validation R0_DEVELOPMENT,nuPlan Stage7L historical development,"Waymo-only deterministic reconstruction: original last-view embeddings, same 5-fold scenario GroupKFold, ridge/logistic grid, seed and preprocessing; no nuPlan fitting/selection",0.988726412235566,1.7976262669022876,0.0001,INCONCLUSIVE_NO_FROZEN_CROSS_DOMAIN_NUMERICAL_GATE,DEVELOPMENT_DIAGNOSTIC_EVIDENCE,ego13.mean_speed,longitudinal,continuous,80,79,"5,000 log-cluster Poisson bootstrap; development diagnostic only",R2,-0.8088998546667217,-1.4300047980428459,-0.3986454803071473,1.012784246598405,1.3449534767666582,0.8128691983122363,0.4567190621563657,nan,nan,NOT_APPLICABLE
B_seed3407,B,3407,dose50,ALL_DOSE_DESCRIPTIVE,Waymo Dynamic-v2 validation R0_DEVELOPMENT,nuPlan Stage7L historical development,"Waymo-only deterministic reconstruction: original last-view embeddings, same 5-fold scenario GroupKFold, ridge/logistic grid, seed and preprocessing; no nuPlan fitting/selection",0.779711059769675,5.035804449032481,0.0001,INCONCLUSIVE_NO_FROZEN_CROSS_DOMAIN_NUMERICAL_GATE,DEVELOPMENT_DIAGNOSTIC_EVIDENCE,ego13.end_minus_start_speed,longitudinal,continuous,80,79,"5,000 log-cluster Poisson bootstrap; development diagnostic only",R2,-4.256093389262806,-7.661023685279725,-2.5783630885410576,4.188883109467514,2.2926171484272744,0.22941865916549462,0.21667498823042416,nan,nan,NOT_APPLICABLE
B_seed3407,B,3407,dose50,ALL_DOSE_DESCRIPTIVE,Waymo Dynamic-v2 validation R0_DEVELOPMENT,nuPlan Stage7L historical development,"Waymo-only deterministic reconstruction: original last-view embeddings, same 5-fold scenario GroupKFold, ridge/logistic grid, seed and preprocessing; no nuPlan fitting/selection",0.6549984506890302,104.94425631132567,0.0001,INCONCLUSIVE_NO_FROZEN_CROSS_DOMAIN_NUMERICAL_GATE,DEVELOPMENT_DIAGNOSTIC_EVIDENCE,ego13.rms_accel,longitudinal,continuous,80,79,"5,000 log-cluster Poisson bootstrap; development diagnostic only",R2,-104.28925786063664,-210.94202324616055,-55.31490535461573,1.1154895892103283,10.261055397016266,-0.33931082981715893,-0.016772938353493135,nan,nan,NOT_APPLICABLE
B_seed3407,B,3407,dose50,ALL_DOSE_DESCRIPTIVE,Waymo Dynamic-v2 validation R0_DEVELOPMENT,nuPlan Stage7L historical development,"Waymo-only deterministic reconstruction: original last-view embeddings, same 5-fold scenario GroupKFold, ridge/logistic grid, seed and preprocessing; no nuPlan fitting/selection",0.9144113641093057,11.653855838288314,10.0,INCONCLUSIVE_NO_FROZEN_CROSS_DOMAIN_NUMERICAL_GATE,DEVELOPMENT_DIAGNOSTIC_EVIDENCE,ego13.rms_yaw_rate,lateral,continuous,80,79,"5,000 log-cluster Poisson bootstrap; development diagnostic only",R2,-10.739444474179008,-20.062549443456792,-6.221859128900177,0.018208885130812223,3.4262872725705598,0.05152367557430849,0.023122732441485414,nan,nan,NOT_APPLICABLE
B_seed3407,B,3407,dose50,ALL_DOSE_DESCRIPTIVE,Waymo Dynamic-v2 validation R0_DEVELOPMENT,nuPlan Stage7L historical development,"Waymo-only deterministic reconstruction: original last-view embeddings, same 5-fold scenario GroupKFold, ridge/logistic grid, seed and preprocessing; no nuPlan fitting/selection",0.8136772381474595,21.20816918966524,0.001,INCONCLUSIVE_NO_FROZEN_CROSS_DOMAIN_NUMERICAL_GATE,DEVELOPMENT_DIAGNOSTIC_EVIDENCE,ego13.heading_change_abs_total,lateral,continuous,80,79,"5,000 log-cluster Poisson bootstrap; development diagnostic only",R2,-20.394491951517782,-36.049157745085616,-12.49844361399609,0.22477924747043748,4.625418029920947,0.01359587435536803,0.006321902794602518,nan,nan,NOT_APPLICABLE
B_seed3407,B,3407,dose50,ALL_DOSE_DESCRIPTIVE,Waymo Dynamic-v2 validation R0_DEVELOPMENT,nuPlan Stage7L historical development,"Waymo-only deterministic reconstruction: original last-view embeddings, same 5-fold scenario GroupKFold, ridge/logistic grid, seed and preprocessing; no nuPlan fitting/selection",0.9916911607391723,0.031164844949698622,0.1,INCONCLUSIVE_NO_FROZEN_CROSS_DOMAIN_NUMERICAL_GATE,DEVELOPMENT_DIAGNOSTIC_EVIDENCE,raw33.lane_change_count_proxy,lateral,categorical,80,79,"5,000 log-cluster Poisson bootstrap; development diagnostic only",balanced_accuracy,0.9605263157894737,0.9176470588235295,0.9879518072289157,nan,nan,nan,nan,1.0,0.7651663405088063,class_0=4; class_1=76
B_seed3407,B,3407,dose50,ALL_DOSE_DESCRIPTIVE,Waymo Dynamic-v2 validation R0_DEVELOPMENT,nuPlan Stage7L historical development,"Waymo-only deterministic reconstruction: original last-view embeddings, same 5-fold scenario GroupKFold, ridge/logistic grid, seed and preprocessing; no nuPlan fitting/selection",0.9371129114239463,0.0019108119092069442,0.001,INCONCLUSIVE_NO_FROZEN_CROSS_DOMAIN_NUMERICAL_GATE,DEVELOPMENT_DIAGNOSTIC_EVIDENCE,raw33.mean_front_distance,interaction,continuous,80,79,"5,000 log-cluster Poisson bootstrap; development diagnostic only",R2,0.9352020995147393,0.8966496826707776,0.9643396183654452,3.592659957701348,0.25455431735733863,0.9567557649192078,1.0476581946298589,nan,nan,NOT_APPLICABLE
B_seed3407,B,3407,dose50,ALL_DOSE_DESCRIPTIVE,Waymo Dynamic-v2 validation R0_DEVELOPMENT,nuPlan Stage7L historical development,"Waymo-only deterministic reconstruction: original last-view embeddings, same 5-fold scenario GroupKFold, ridge/logistic grid, seed and preprocessing; no nuPlan fitting/selection",0.9629940117289753,0.24716380678960304,0.01,INCONCLUSIVE_NO_FROZEN_CROSS_DOMAIN_NUMERICAL_GATE,DEVELOPMENT_DIAGNOSTIC_EVIDENCE,raw33.mean_rel_speed,interaction,continuous,80,79,"5,000 log-cluster Poisson bootstrap; development diagnostic only",R2,0.7158302049393722,0.6445877956273839,0.7877501740478131,3.426660266329897,0.5330757873516934,0.9499158601417461,1.4838095136587734,nan,nan,NOT_APPLICABLE
B_seed3407,B,3407,dose50,ALL_DOSE_DESCRIPTIVE,Waymo Dynamic-v2 validation R0_DEVELOPMENT,nuPlan Stage7L historical development,"Waymo-only deterministic reconstruction: original last-view embeddings, same 5-fold scenario GroupKFold, ridge/logistic grid, seed and preprocessing; no nuPlan fitting/selection",0.947799105288763,0.07545849482032796,0.01,INCONCLUSIVE_NO_FROZEN_CROSS_DOMAIN_NUMERICAL_GATE,DEVELOPMENT_DIAGNOSTIC_EVIDENCE,raw33.front_pressure_score,interaction,continuous,80,79,"5,000 log-cluster Poisson bootstrap; development diagnostic only",R2,0.872340610468435,0.7342309894030332,0.9376623958649443,1.2163595708761707,0.357294541704131,0.7744508949555856,0.9122598058495238,nan,nan,NOT_APPLICABLE
B_seed3408,B,3408,dose50,ALL_DOSE_DESCRIPTIVE,Waymo Dynamic-v2 validation R0_DEVELOPMENT,nuPlan Stage7L historical development,"Waymo-only deterministic reconstruction: original last-view embeddings, same 5-fold scenario GroupKFold, ridge/logistic grid, seed and preprocessing; no nuPlan fitting/selection",0.9862556927470378,1.9775148244724121,0.01,INCONCLUSIVE_NO_FROZEN_CROSS_DOMAIN_NUMERICAL_GATE,DEVELOPMENT_DIAGNOSTIC_EVIDENCE,ego13.mean_speed,longitudinal,continuous,80,79,"5,000 log-cluster Poisson bootstrap; development diagnostic only",R2,-0.9912591317253743,-1.8469761601793917,-0.38755260780296263,0.9293041231114672,1.4111198148014839,0.6829582747304266,0.48443016608583067,nan,nan,NOT_APPLICABLE
B_seed3408,B,3408,dose50,ALL_DOSE_DESCRIPTIVE,Waymo Dynamic-v2 validation R0_DEVELOPMENT,nuPlan Stage7L historical development,"Waymo-only deterministic reconstruction: original last-view embeddings, same 5-fold scenario GroupKFold, ridge/logistic grid, seed and preprocessing; no nuPlan fitting/selection",0.8933070007500663,0.5569650880781253,0.001,INCONCLUSIVE_NO_FROZEN_CROSS_DOMAIN_NUMERICAL_GATE,DEVELOPMENT_DIAGNOSTIC_EVIDENCE,ego13.end_minus_start_speed,longitudinal,continuous,80,79,"5,000 log-cluster Poisson bootstrap; development diagnostic only",R2,0.336341912671941,-0.0629181969674612,0.554602352121153,1.42230691907417,0.8146521265718633,0.7198077824660104,0.7751369136022366,nan,nan,NOT_APPLICABLE
B_seed3408,B,3408,dose50,ALL_DOSE_DESCRIPTIVE,Waymo Dynamic-v2 validation R0_DEVELOPMENT,nuPlan Stage7L historical development,"Waymo-only deterministic reconstruction: original last-view embeddings, same 5-fold scenario GroupKFold, ridge/logistic grid, seed and preprocessing; no nuPlan fitting/selection",0.6197034729398466,178.1552310352384,0.1,INCONCLUSIVE_NO_FROZEN_CROSS_DOMAIN_NUMERICAL_GATE,DEVELOPMENT_DIAGNOSTIC_EVIDENCE,ego13.rms_accel,longitudinal,continuous,80,79,"5,000 log-cluster Poisson bootstrap; development diagnostic only",R2,-177.53552756229854,-346.8820318232434,-111.64849451933195,1.7383843102421466,13.361718735338597,0.5701828410689171,0.10310099659831368,nan,nan,NOT_APPLICABLE
B_seed3408,B,3408,dose50,ALL_DOSE_DESCRIPTIVE,Waymo Dynamic-v2 validation R0_DEVELOPMENT,nuPlan Stage7L historical development,"Waymo-only deterministic reconstruction: original last-view embeddings, same 5-fold scenario GroupKFold, ridge/logistic grid, seed and preprocessing; no nuPlan fitting/selection",0.8961048763514704,3190.493513620045,10.0,INCONCLUSIVE_NO_FROZEN_CROSS_DOMAIN_NUMERICAL_GATE,DEVELOPMENT_DIAGNOSTIC_EVIDENCE,ego13.rms_yaw_rate,lateral,continuous,80,79,"5,000 log-cluster Poisson bootstrap; development diagnostic only",R2,-3189.597408743694,-6956.378769098743,-1407.6642344553911,0.20590215495831304,56.48537340536657,-0.04195968120018753,-0.0010291473980436857,nan,nan,NOT_APPLICABLE
B_seed3408,B,3408,dose50,ALL_DOSE_DESCRIPTIVE,Waymo Dynamic-v2 validation R0_DEVELOPMENT,nuPlan Stage7L historical development,"Waymo-only deterministic reconstruction: original last-view embeddings, same 5-fold scenario GroupKFold, ridge/logistic grid, seed and preprocessing; no nuPlan fitting/selection",0.7821898436472482,202.89327194913008,0.1,INCONCLUSIVE_NO_FROZEN_CROSS_DOMAIN_NUMERICAL_GATE,DEVELOPMENT_DIAGNOSTIC_EVIDENCE,ego13.heading_change_abs_total,lateral,continuous,80,79,"5,000 log-cluster Poisson bootstrap; development diagnostic only",R2,-202.11108210548284,-440.48684889854286,-88.27622513078128,0.5144021830306722,14.25170453333505,-0.14939052977027661,-0.0067107191096385365,nan,nan,NOT_APPLICABLE
B_seed3408,B,3408,dose50,ALL_DOSE_DESCRIPTIVE,Waymo Dynamic-v2 validation R0_DEVELOPMENT,nuPlan Stage7L historical development,"Waymo-only deterministic reconstruction: original last-view embeddings, same 5-fold scenario GroupKFold, ridge/logistic grid, seed and preprocessing; no nuPlan fitting/selection",0.9900126944898615,0.06896006291091417,1000.0,INCONCLUSIVE_NO_FROZEN_CROSS_DOMAIN_NUMERICAL_GATE,DEVELOPMENT_DIAGNOSTIC_EVIDENCE,raw33.lane_change_count_proxy,lateral,categorical,80,79,"5,000 log-cluster Poisson bootstrap; development diagnostic only",balanced_accuracy,0.9210526315789473,0.86707805907173,0.96,nan,nan,nan,nan,0.9967105263157895,0.6571428571428571,class_0=4; class_1=76
B_seed3408,B,3408,dose50,ALL_DOSE_DESCRIPTIVE,Waymo Dynamic-v2 validation R0_DEVELOPMENT,nuPlan Stage7L historical development,"Waymo-only deterministic reconstruction: original last-view embeddings, same 5-fold scenario GroupKFold, ridge/logistic grid, seed and preprocessing; no nuPlan fitting/selection",0.9347786523477366,-0.008026941021117229,0.1,INCONCLUSIVE_NO_FROZEN_CROSS_DOMAIN_NUMERICAL_GATE,DEVELOPMENT_DIAGNOSTIC_EVIDENCE,raw33.mean_front_distance,interaction,continuous,80,79,"5,000 log-cluster Poisson bootstrap; development diagnostic only",R2,0.9428055933688538,0.8916947650133877,0.973903342303668,3.42604400567994,0.23915352105111512,0.9530468024694575,0.9728290203997362,nan,nan,NOT_APPLICABLE
B_seed3408,B,3408,dose50,ALL_DOSE_DESCRIPTIVE,Waymo Dynamic-v2 validation R0_DEVELOPMENT,nuPlan Stage7L historical development,"Waymo-only deterministic reconstruction: original last-view embeddings, same 5-fold scenario GroupKFold, ridge/logistic grid, seed and preprocessing; no nuPlan fitting/selection",0.9630323935758236,0.17695325277009344,1.0,INCONCLUSIVE_NO_FROZEN_CROSS_DOMAIN_NUMERICAL_GATE,DEVELOPMENT_DIAGNOSTIC_EVIDENCE,raw33.mean_rel_speed,interaction,continuous,80,79,"5,000 log-cluster Poisson bootstrap; development diagnostic only",R2,0.7860791408057302,0.7309820610004634,0.8436314024201714,3.031072686580216,0.4625157934538774,0.9472184329055642,1.390137364475238,nan,nan,NOT_APPLICABLE
B_seed3408,B,3408,dose50,ALL_DOSE_DESCRIPTIVE,Waymo Dynamic-v2 validation R0_DEVELOPMENT,nuPlan Stage7L historical development,"Waymo-only deterministic reconstruction: original last-view embeddings, same 5-fold scenario GroupKFold, ridge/logistic grid, seed and preprocessing; no nuPlan fitting/selection",0.9384079313090523,0.05263601228150294,0.01,INCONCLUSIVE_NO_FROZEN_CROSS_DOMAIN_NUMERICAL_GATE,DEVELOPMENT_DIAGNOSTIC_EVIDENCE,raw33.front_pressure_score,interaction,continuous,80,79,"5,000 log-cluster Poisson bootstrap; development diagnostic only",R2,0.8857719190275494,0.7411962334249447,0.9471704443267501,1.213332645761181,0.3379764503222831,0.7833716633000181,0.9169308021283841,nan,nan,NOT_APPLICABLE
B_seed3409,B,3409,dose50,ALL_DOSE_DESCRIPTIVE,Waymo Dynamic-v2 validation R0_DEVELOPMENT,nuPlan Stage7L historical development,"Waymo-only deterministic reconstruction: original last-view embeddings, same 5-fold scenario GroupKFold, ridge/logistic grid, seed and preprocessing; no nuPlan fitting/selection",0.9878089923747602,2.4955966624813604,0.0001,INCONCLUSIVE_NO_FROZEN_CROSS_DOMAIN_NUMERICAL_GATE,DEVELOPMENT_DIAGNOSTIC_EVIDENCE,ego13.mean_speed,longitudinal,continuous,80,79,"5,000 log-cluster Poisson bootstrap; development diagnostic only",R2,-1.5077876701066,-2.901049213934307,-0.623509177496058,1.000580106467242,1.5835995927337818,0.45527426160337553,0.2773149588706882,nan,nan,NOT_APPLICABLE
B_seed3409,B,3409,dose50,ALL_DOSE_DESCRIPTIVE,Waymo Dynamic-v2 validation R0_DEVELOPMENT,nuPlan Stage7L historical development,"Waymo-only deterministic reconstruction: original last-view embeddings, same 5-fold scenario GroupKFold, ridge/logistic grid, seed and preprocessing; no nuPlan fitting/selection",0.8270040637341315,3.07755719174308,0.0001,INCONCLUSIVE_NO_FROZEN_CROSS_DOMAIN_NUMERICAL_GATE,DEVELOPMENT_DIAGNOSTIC_EVIDENCE,ego13.end_minus_start_speed,longitudinal,continuous,80,79,"5,000 log-cluster Poisson bootstrap; development diagnostic only",R2,-2.250553128008949,-5.403899465706554,-0.6653001575092272,2.6052843670208725,1.8029290413127603,0.07048757618377872,0.0992115411545928,nan,nan,NOT_APPLICABLE
B_seed3409,B,3409,dose50,ALL_DOSE_DESCRIPTIVE,Waymo Dynamic-v2 validation R0_DEVELOPMENT,nuPlan Stage7L historical development,"Waymo-only deterministic reconstruction: original last-view embeddings, same 5-fold scenario GroupKFold, ridge/logistic grid, seed and preprocessing; no nuPlan fitting/selection",0.636336639785037,137.15773283156528,0.001,INCONCLUSIVE_NO_FROZEN_CROSS_DOMAIN_NUMERICAL_GATE,DEVELOPMENT_DIAGNOSTIC_EVIDENCE,ego13.rms_accel,longitudinal,continuous,80,79,"5,000 log-cluster Poisson bootstrap; development diagnostic only",R2,-136.52139619178024,-257.99444428078795,-85.9908812886277,1.4225522807354527,11.726951700752426,0.05506329113924051,0.025187558884304753,nan,nan,NOT_APPLICABLE
B_seed3409,B,3409,dose50,ALL_DOSE_DESCRIPTIVE,Waymo Dynamic-v2 validation R0_DEVELOPMENT,nuPlan Stage7L historical development,"Waymo-only deterministic reconstruction: original last-view embeddings, same 5-fold scenario GroupKFold, ridge/logistic grid, seed and preprocessing; no nuPlan fitting/selection",0.9366521546902096,110559.27663457296,1.0,INCONCLUSIVE_NO_FROZEN_CROSS_DOMAIN_NUMERICAL_GATE,DEVELOPMENT_DIAGNOSTIC_EVIDENCE,ego13.rms_yaw_rate,lateral,continuous,80,79,"5,000 log-cluster Poisson bootstrap; development diagnostic only",R2,-110558.33998241827,-199454.72970115478,-70473.13090628138,1.9120856276928904,332.50464655763574,-0.06722925457102674,-0.000573746622019401,nan,nan,NOT_APPLICABLE
B_seed3409,B,3409,dose50,ALL_DOSE_DESCRIPTIVE,Waymo Dynamic-v2 validation R0_DEVELOPMENT,nuPlan Stage7L historical development,"Waymo-only deterministic reconstruction: original last-view embeddings, same 5-fold scenario GroupKFold, ridge/logistic grid, seed and preprocessing; no nuPlan fitting/selection",0.9011377862412762,2924.27046251855,0.01,INCONCLUSIVE_NO_FROZEN_CROSS_DOMAIN_NUMERICAL_GATE,DEVELOPMENT_DIAGNOSTIC_EVIDENCE,ego13.heading_change_abs_total,lateral,continuous,80,79,"5,000 log-cluster Poisson bootstrap; development diagnostic only",R2,-2923.369324732309,-5301.845632757891,-1809.7145950990616,2.661185960872274,54.07743822272195,-0.1553680262541022,-0.00457547602694658,nan,nan,NOT_APPLICABLE
B_seed3409,B,3409,dose50,ALL_DOSE_DESCRIPTIVE,Waymo Dynamic-v2 validation R0_DEVELOPMENT,nuPlan Stage7L historical development,"Waymo-only deterministic reconstruction: original last-view embeddings, same 5-fold scenario GroupKFold, ridge/logistic grid, seed and preprocessing; no nuPlan fitting/selection",0.98636924765079,-0.013630752349209962,10000.0,INCONCLUSIVE_NO_FROZEN_CROSS_DOMAIN_NUMERICAL_GATE,DEVELOPMENT_DIAGNOSTIC_EVIDENCE,raw33.lane_change_count_proxy,lateral,categorical,80,79,"5,000 log-cluster Poisson bootstrap; development diagnostic only",balanced_accuracy,1.0,1.0,1.0,nan,nan,nan,nan,1.0,1.0,class_0=4; class_1=76
B_seed3409,B,3409,dose50,ALL_DOSE_DESCRIPTIVE,Waymo Dynamic-v2 validation R0_DEVELOPMENT,nuPlan Stage7L historical development,"Waymo-only deterministic reconstruction: original last-view embeddings, same 5-fold scenario GroupKFold, ridge/logistic grid, seed and preprocessing; no nuPlan fitting/selection",0.9390567147861557,0.011452312035447276,0.01,INCONCLUSIVE_NO_FROZEN_CROSS_DOMAIN_NUMERICAL_GATE,DEVELOPMENT_DIAGNOSTIC_EVIDENCE,raw33.mean_front_distance,interaction,continuous,80,79,"5,000 log-cluster Poisson bootstrap; development diagnostic only",R2,0.9276044027507084,0.8920118173798117,0.956360994352762,4.186776420613613,0.26906429947001803,0.9482781364626357,1.0415432934463886,nan,nan,NOT_APPLICABLE
B_seed3409,B,3409,dose50,ALL_DOSE_DESCRIPTIVE,Waymo Dynamic-v2 validation R0_DEVELOPMENT,nuPlan Stage7L historical development,"Waymo-only deterministic reconstruction: original last-view embeddings, same 5-fold scenario GroupKFold, ridge/logistic grid, seed and preprocessing; no nuPlan fitting/selection",0.9653444702360163,0.1571077204672101,0.01,INCONCLUSIVE_NO_FROZEN_CROSS_DOMAIN_NUMERICAL_GATE,DEVELOPMENT_DIAGNOSTIC_EVIDENCE,raw33.mean_rel_speed,interaction,continuous,80,79,"5,000 log-cluster Poisson bootstrap; development diagnostic only",R2,0.8082367497688062,0.748108880200682,0.8664734635299582,2.827461800164681,0.43790781019661407,0.9502048702027657,1.3505543593999791,nan,nan,NOT_APPLICABLE
B_seed3409,B,3409,dose50,ALL_DOSE_DESCRIPTIVE,Waymo Dynamic-v2 validation R0_DEVELOPMENT,nuPlan Stage7L historical development,"Waymo-only deterministic reconstruction: original last-view embeddings, same 5-fold scenario GroupKFold, ridge/logistic grid, seed and preprocessing; no nuPlan fitting/selection",0.9480732118869497,0.07494298592882354,0.01,INCONCLUSIVE_NO_FROZEN_CROSS_DOMAIN_NUMERICAL_GATE,DEVELOPMENT_DIAGNOSTIC_EVIDENCE,raw33.front_pressure_score,interaction,continuous,80,79,"5,000 log-cluster Poisson bootstrap; development diagnostic only",R2,0.8731302259581262,0.7621582692477498,0.9293278191863867,1.4010180054639363,0.35618783533674175,0.6741323144116079,0.8617541822820417,nan,nan,NOT_APPLICABLE
C_seed3407,C,3407,dose50,ALL_DOSE_DESCRIPTIVE,Waymo Dynamic-v2 validation R0_DEVELOPMENT,nuPlan Stage7L historical development,"Waymo-only deterministic reconstruction: original last-view embeddings, same 5-fold scenario GroupKFold, ridge/logistic grid, seed and preprocessing; no nuPlan fitting/selection",0.9895997177778074,5.141710356964918,0.0001,INCONCLUSIVE_NO_FROZEN_CROSS_DOMAIN_NUMERICAL_GATE,DEVELOPMENT_DIAGNOSTIC_EVIDENCE,ego13.mean_speed,longitudinal,continuous,80,79,"5,000 log-cluster Poisson bootstrap; development diagnostic only",R2,-4.152110639187111,-6.122206527479643,-2.9093206259341744,1.6676208622935682,2.26982612532042,0.5924519456165025,0.40346642544094247,nan,nan,NOT_APPLICABLE
C_seed3407,C,3407,dose50,ALL_DOSE_DESCRIPTIVE,Waymo Dynamic-v2 validation R0_DEVELOPMENT,nuPlan Stage7L historical development,"Waymo-only deterministic reconstruction: original last-view embeddings, same 5-fold scenario GroupKFold, ridge/logistic grid, seed and preprocessing; no nuPlan fitting/selection",0.8982326772370824,2.21588249071724,0.0001,INCONCLUSIVE_NO_FROZEN_CROSS_DOMAIN_NUMERICAL_GATE,DEVELOPMENT_DIAGNOSTIC_EVIDENCE,ego13.end_minus_start_speed,longitudinal,continuous,80,79,"5,000 log-cluster Poisson bootstrap; development diagnostic only",R2,-1.3176498134801573,-2.3652374406891226,-0.7838595252585144,2.6383902774012307,1.5223829391714023,-0.3388185654008439,-0.45285359983935797,nan,nan,NOT_APPLICABLE
C_seed3407,C,3407,dose50,ALL_DOSE_DESCRIPTIVE,Waymo Dynamic-v2 validation R0_DEVELOPMENT,nuPlan Stage7L historical development,"Waymo-only deterministic reconstruction: original last-view embeddings, same 5-fold scenario GroupKFold, ridge/logistic grid, seed and preprocessing; no nuPlan fitting/selection",0.6235614624040083,21.785424041752638,0.01,INCONCLUSIVE_NO_FROZEN_CROSS_DOMAIN_NUMERICAL_GATE,DEVELOPMENT_DIAGNOSTIC_EVIDENCE,ego13.rms_accel,longitudinal,continuous,80,79,"5,000 log-cluster Poisson bootstrap; development diagnostic only",R2,-21.16186257934863,-40.733636897057124,-12.898463531666655,0.5353934638452242,4.7076387477533395,-0.019620253164556962,0.005006212255072102,nan,nan,NOT_APPLICABLE
C_seed3407,C,3407,dose50,ALL_DOSE_DESCRIPTIVE,Waymo Dynamic-v2 validation R0_DEVELOPMENT,nuPlan Stage7L historical development,"Waymo-only deterministic reconstruction: original last-view embeddings, same 5-fold scenario GroupKFold, ridge/logistic grid, seed and preprocessing; no nuPlan fitting/selection",0.9198773897719654,26.0671375391709,10.0,INCONCLUSIVE_NO_FROZEN_CROSS_DOMAIN_NUMERICAL_GATE,DEVELOPMENT_DIAGNOSTIC_EVIDENCE,ego13.rms_yaw_rate,lateral,continuous,80,79,"5,000 log-cluster Poisson bootstrap; development diagnostic only",R2,-25.147260149398935,-45.982336598828354,-15.272686933183984,0.027575847194164126,5.113439170401749,0.2203703703703704,0.05172651547226506,nan,nan,NOT_APPLICABLE
C_seed3407,C,3407,dose50,ALL_DOSE_DESCRIPTIVE,Waymo Dynamic-v2 validation R0_DEVELOPMENT,nuPlan Stage7L historical development,"Waymo-only deterministic reconstruction: original last-view embeddings, same 5-fold scenario GroupKFold, ridge/logistic grid, seed and preprocessing; no nuPlan fitting/selection",0.8181066066176717,32.637294199134416,0.001,INCONCLUSIVE_NO_FROZEN_CROSS_DOMAIN_NUMERICAL_GATE,DEVELOPMENT_DIAGNOSTIC_EVIDENCE,ego13.heading_change_abs_total,lateral,continuous,80,79,"5,000 log-cluster Poisson bootstrap; development diagnostic only",R2,-31.819187592516748,-57.639186604924554,-20.288102161543144,0.28578528170986256,5.728803329886334,0.1557430848570089,0.07245788339135142,nan,nan,NOT_APPLICABLE
C_seed3407,C,3407,dose50,ALL_DOSE_DESCRIPTIVE,Waymo Dynamic-v2 validation R0_DEVELOPMENT,nuPlan Stage7L historical development,"Waymo-only deterministic reconstruction: original last-view embeddings, same 5-fold scenario GroupKFold, ridge/logistic grid, seed and preprocessing; no nuPlan fitting/selection",0.9905419699380127,0.08264723309590738,1000.0,INCONCLUSIVE_NO_FROZEN_CROSS_DOMAIN_NUMERICAL_GATE,DEVELOPMENT_DIAGNOSTIC_EVIDENCE,raw33.lane_change_count_proxy,lateral,categorical,80,79,"5,000 log-cluster Poisson bootstrap; development diagnostic only",balanced_accuracy,0.9078947368421053,0.8515572212837837,0.9492776554760594,nan,nan,nan,nan,0.9539473684210527,0.6310935441370225,class_0=4; class_1=76
C_seed3407,C,3407,dose50,ALL_DOSE_DESCRIPTIVE,Waymo Dynamic-v2 validation R0_DEVELOPMENT,nuPlan Stage7L historical development,"Waymo-only deterministic reconstruction: original last-view embeddings, same 5-fold scenario GroupKFold, ridge/logistic grid, seed and preprocessing; no nuPlan fitting/selection",0.9415579768830545,0.0007105653904434517,0.001,INCONCLUSIVE_NO_FROZEN_CROSS_DOMAIN_NUMERICAL_GATE,DEVELOPMENT_DIAGNOSTIC_EVIDENCE,raw33.mean_front_distance,interaction,continuous,80,79,"5,000 log-cluster Poisson bootstrap; development diagnostic only",R2,0.9408474114926111,0.9053441416892267,0.9654122801009828,3.8558905003495028,0.24321305167977497,0.9535766542479932,0.9880249375366614,nan,nan,NOT_APPLICABLE
C_seed3407,C,3407,dose50,ALL_DOSE_DESCRIPTIVE,Waymo Dynamic-v2 validation R0_DEVELOPMENT,nuPlan Stage7L historical development,"Waymo-only deterministic reconstruction: original last-view embeddings, same 5-fold scenario GroupKFold, ridge/logistic grid, seed and preprocessing; no nuPlan fitting/selection",0.9667963027903125,0.22607768721957844,0.001,INCONCLUSIVE_NO_FROZEN_CROSS_DOMAIN_NUMERICAL_GATE,DEVELOPMENT_DIAGNOSTIC_EVIDENCE,raw33.mean_rel_speed,interaction,continuous,80,79,"5,000 log-cluster Poisson bootstrap; development diagnostic only",R2,0.740718615570734,0.6774695237747432,0.8057972134023398,3.2592353632135187,0.5091968032394409,0.9510719003858243,1.5017425328783376,nan,nan,NOT_APPLICABLE
C_seed3407,C,3407,dose50,ALL_DOSE_DESCRIPTIVE,Waymo Dynamic-v2 validation R0_DEVELOPMENT,nuPlan Stage7L historical development,"Waymo-only deterministic reconstruction: original last-view embeddings, same 5-fold scenario GroupKFold, ridge/logistic grid, seed and preprocessing; no nuPlan fitting/selection",0.9482771561173481,0.09937475828171771,0.001,INCONCLUSIVE_NO_FROZEN_CROSS_DOMAIN_NUMERICAL_GATE,DEVELOPMENT_DIAGNOSTIC_EVIDENCE,raw33.front_pressure_score,interaction,continuous,80,79,"5,000 log-cluster Poisson bootstrap; development diagnostic only",R2,0.8489023978356304,0.6890503898748204,0.9236889792030696,1.3760863366628755,0.38871275019526913,0.8034834554058795,0.876583881079612,nan,nan,NOT_APPLICABLE
C_seed3408,C,3408,dose50,ALL_DOSE_DESCRIPTIVE,Waymo Dynamic-v2 validation R0_DEVELOPMENT,nuPlan Stage7L historical development,"Waymo-only deterministic reconstruction: original last-view embeddings, same 5-fold scenario GroupKFold, ridge/logistic grid, seed and preprocessing; no nuPlan fitting/selection",0.9894953273194529,1.5769898484782277,0.001,INCONCLUSIVE_NO_FROZEN_CROSS_DOMAIN_NUMERICAL_GATE,DEVELOPMENT_DIAGNOSTIC_EVIDENCE,ego13.mean_speed,longitudinal,continuous,80,79,"5,000 log-cluster Poisson bootstrap; development diagnostic only",R2,-0.5874945211587748,-1.1631653532148933,-0.22937247575955058,0.9937228852427694,1.2599581426217201,0.6392873886544773,0.5000916859095901,nan,nan,NOT_APPLICABLE
C_seed3408,C,3408,dose50,ALL_DOSE_DESCRIPTIVE,Waymo Dynamic-v2 validation R0_DEVELOPMENT,nuPlan Stage7L historical development,"Waymo-only deterministic reconstruction: original last-view embeddings, same 5-fold scenario GroupKFold, ridge/logistic grid, seed and preprocessing; no nuPlan fitting/selection",0.9127948126401422,2.2745446687238737,0.001,INCONCLUSIVE_NO_FROZEN_CROSS_DOMAIN_NUMERICAL_GATE,DEVELOPMENT_DIAGNOSTIC_EVIDENCE,ego13.end_minus_start_speed,longitudinal,continuous,80,79,"5,000 log-cluster Poisson bootstrap; development diagnostic only",R2,-1.3617498560837316,-2.7897386275063694,-0.5968148368508526,2.7602737496464966,1.5367985736861327,0.47927801218940463,0.7948542007375627,nan,nan,NOT_APPLICABLE
C_seed3408,C,3408,dose50,ALL_DOSE_DESCRIPTIVE,Waymo Dynamic-v2 validation R0_DEVELOPMENT,nuPlan Stage7L historical development,"Waymo-only deterministic reconstruction: original last-view embeddings, same 5-fold scenario GroupKFold, ridge/logistic grid, seed and preprocessing; no nuPlan fitting/selection",0.6429400860487352,218.0533650449147,0.001,INCONCLUSIVE_NO_FROZEN_CROSS_DOMAIN_NUMERICAL_GATE,DEVELOPMENT_DIAGNOSTIC_EVIDENCE,ego13.rms_accel,longitudinal,continuous,80,79,"5,000 log-cluster Poisson bootstrap; development diagnostic only",R2,-217.41042495886597,-415.1166140169094,-132.9408027980903,1.8516635948117,14.77871526753479,-0.16441631504922644,0.012720557739500125,nan,nan,NOT_APPLICABLE
C_seed3408,C,3408,dose50,ALL_DOSE_DESCRIPTIVE,Waymo Dynamic-v2 validation R0_DEVELOPMENT,nuPlan Stage7L historical development,"Waymo-only deterministic reconstruction: original last-view embeddings, same 5-fold scenario GroupKFold, ridge/logistic grid, seed and preprocessing; no nuPlan fitting/selection",0.9097995939957749,150.68001004684626,0.01,INCONCLUSIVE_NO_FROZEN_CROSS_DOMAIN_NUMERICAL_GATE,DEVELOPMENT_DIAGNOSTIC_EVIDENCE,ego13.rms_yaw_rate,lateral,continuous,80,79,"5,000 log-cluster Poisson bootstrap; development diagnostic only",R2,-149.77021045285048,-395.43079559828766,-54.5475860583753,0.055240378234042445,12.278852163490301,0.13459915611814346,0.008117251100171004,nan,nan,NOT_APPLICABLE
C_seed3408,C,3408,dose50,ALL_DOSE_DESCRIPTIVE,Waymo Dynamic-v2 validation R0_DEVELOPMENT,nuPlan Stage7L historical development,"Waymo-only deterministic reconstruction: original last-view embeddings, same 5-fold scenario GroupKFold, ridge/logistic grid, seed and preprocessing; no nuPlan fitting/selection",0.8185948057671155,42.69190438319039,0.0001,INCONCLUSIVE_NO_FROZEN_CROSS_DOMAIN_NUMERICAL_GATE,DEVELOPMENT_DIAGNOSTIC_EVIDENCE,ego13.heading_change_abs_total,lateral,continuous,80,79,"5,000 log-cluster Poisson bootstrap; development diagnostic only",R2,-41.87330957742328,-73.8419392099896,-26.24378526099226,0.330593306626373,6.547771344314283,-0.06823722456633849,-0.01530640919280252,nan,nan,NOT_APPLICABLE
C_seed3408,C,3408,dose50,ALL_DOSE_DESCRIPTIVE,Waymo Dynamic-v2 validation R0_DEVELOPMENT,nuPlan Stage7L historical development,"Waymo-only deterministic reconstruction: original last-view embeddings, same 5-fold scenario GroupKFold, ridge/logistic grid, seed and preprocessing; no nuPlan fitting/selection",0.9925426901234252,0.038595321702372565,100.0,INCONCLUSIVE_NO_FROZEN_CROSS_DOMAIN_NUMERICAL_GATE,DEVELOPMENT_DIAGNOSTIC_EVIDENCE,raw33.lane_change_count_proxy,lateral,categorical,80,79,"5,000 log-cluster Poisson bootstrap; development diagnostic only",balanced_accuracy,0.9539473684210527,0.9097201305220883,0.9850746268656716,nan,nan,nan,nan,1.0,0.7425287356321839,class_0=4; class_1=76
C_seed3408,C,3408,dose50,ALL_DOSE_DESCRIPTIVE,Waymo Dynamic-v2 validation R0_DEVELOPMENT,nuPlan Stage7L historical development,"Waymo-only deterministic reconstruction: original last-view embeddings, same 5-fold scenario GroupKFold, ridge/logistic grid, seed and preprocessing; no nuPlan fitting/selection",0.9391549300319181,-0.008376811141263651,0.001,INCONCLUSIVE_NO_FROZEN_CROSS_DOMAIN_NUMERICAL_GATE,DEVELOPMENT_DIAGNOSTIC_EVIDENCE,raw33.mean_front_distance,interaction,continuous,80,79,"5,000 log-cluster Poisson bootstrap; development diagnostic only",R2,0.9475317411731817,0.9154451909814648,0.9698319221894656,3.5359097588352513,0.229059509356888,0.952950465782451,1.0090544635555545,nan,nan,NOT_APPLICABLE
C_seed3408,C,3408,dose50,ALL_DOSE_DESCRIPTIVE,Waymo Dynamic-v2 validation R0_DEVELOPMENT,nuPlan Stage7L historical development,"Waymo-only deterministic reconstruction: original last-view embeddings, same 5-fold scenario GroupKFold, ridge/logistic grid, seed and preprocessing; no nuPlan fitting/selection",0.9651703429214011,0.22397275323840593,0.01,INCONCLUSIVE_NO_FROZEN_CROSS_DOMAIN_NUMERICAL_GATE,DEVELOPMENT_DIAGNOSTIC_EVIDENCE,raw33.mean_rel_speed,interaction,continuous,80,79,"5,000 log-cluster Poisson bootstrap; development diagnostic only",R2,0.7411975896829952,0.6680510501841601,0.8133072882570701,3.3663599905556794,0.5087262626570451,0.9384999627314756,1.4533702157444581,nan,nan,NOT_APPLICABLE
C_seed3408,C,3408,dose50,ALL_DOSE_DESCRIPTIVE,Waymo Dynamic-v2 validation R0_DEVELOPMENT,nuPlan Stage7L historical development,"Waymo-only deterministic reconstruction: original last-view embeddings, same 5-fold scenario GroupKFold, ridge/logistic grid, seed and preprocessing; no nuPlan fitting/selection",0.9422504606184756,0.09497817931607033,0.01,INCONCLUSIVE_NO_FROZEN_CROSS_DOMAIN_NUMERICAL_GATE,DEVELOPMENT_DIAGNOSTIC_EVIDENCE,raw33.front_pressure_score,interaction,continuous,80,79,"5,000 log-cluster Poisson bootstrap; development diagnostic only",R2,0.8472722813024053,0.682299745334011,0.9383961537440196,1.1716284053257326,0.3908039389484128,0.7874314141633528,0.9186569309905165,nan,nan,NOT_APPLICABLE
C_seed3409,C,3409,dose50,ALL_DOSE_DESCRIPTIVE,Waymo Dynamic-v2 validation R0_DEVELOPMENT,nuPlan Stage7L historical development,"Waymo-only deterministic reconstruction: original last-view embeddings, same 5-fold scenario GroupKFold, ridge/logistic grid, seed and preprocessing; no nuPlan fitting/selection",0.9913699346659731,2.0355636046579795,0.001,INCONCLUSIVE_NO_FROZEN_CROSS_DOMAIN_NUMERICAL_GATE,DEVELOPMENT_DIAGNOSTIC_EVIDENCE,ego13.mean_speed,longitudinal,continuous,80,79,"5,000 log-cluster Poisson bootstrap; development diagnostic only",R2,-1.0441936699920062,-1.7379871720016864,-0.6157660345685696,1.0662210338410056,1.4297530101356688,0.8054852320675105,0.5801682001849258,nan,nan,NOT_APPLICABLE
C_seed3409,C,3409,dose50,ALL_DOSE_DESCRIPTIVE,Waymo Dynamic-v2 validation R0_DEVELOPMENT,nuPlan Stage7L historical development,"Waymo-only deterministic reconstruction: original last-view embeddings, same 5-fold scenario GroupKFold, ridge/logistic grid, seed and preprocessing; no nuPlan fitting/selection",0.8416145449647453,1.847683871204255,0.001,INCONCLUSIVE_NO_FROZEN_CROSS_DOMAIN_NUMERICAL_GATE,DEVELOPMENT_DIAGNOSTIC_EVIDENCE,ego13.end_minus_start_speed,longitudinal,continuous,80,79,"5,000 log-cluster Poisson bootstrap; development diagnostic only",R2,-1.0060693262395097,-2.24069833863484,-0.3350393977255389,2.342821493259128,1.4163577677407324,-0.10124238162212848,0.18473762892821058,nan,nan,NOT_APPLICABLE
C_seed3409,C,3409,dose50,ALL_DOSE_DESCRIPTIVE,Waymo Dynamic-v2 validation R0_DEVELOPMENT,nuPlan Stage7L historical development,"Waymo-only deterministic reconstruction: original last-view embeddings, same 5-fold scenario GroupKFold, ridge/logistic grid, seed and preprocessing; no nuPlan fitting/selection",0.6476542160309342,42.784165918873775,0.001,INCONCLUSIVE_NO_FROZEN_CROSS_DOMAIN_NUMERICAL_GATE,DEVELOPMENT_DIAGNOSTIC_EVIDENCE,ego13.rms_accel,longitudinal,continuous,80,79,"5,000 log-cluster Poisson bootstrap; development diagnostic only",R2,-42.13651170284284,-89.45296336268672,-21.86940250459196,0.6846892441597896,6.567839195872782,0.10745428973277074,0.00011245056203420236,nan,nan,NOT_APPLICABLE
C_seed3409,C,3409,dose50,ALL_DOSE_DESCRIPTIVE,Waymo Dynamic-v2 validation R0_DEVELOPMENT,nuPlan Stage7L historical development,"Waymo-only deterministic reconstruction: original last-view embeddings, same 5-fold scenario GroupKFold, ridge/logistic grid, seed and preprocessing; no nuPlan fitting/selection",0.9108579067530178,322.7432589528353,0.01,INCONCLUSIVE_NO_FROZEN_CROSS_DOMAIN_NUMERICAL_GATE,DEVELOPMENT_DIAGNOSTIC_EVIDENCE,ego13.rms_yaw_rate,lateral,continuous,80,79,"5,000 log-cluster Poisson bootstrap; development diagnostic only",R2,-321.8324010460823,-866.3816706026155,-106.51949444992599,0.07785633082275764,17.96753742297709,-0.14723394280356306,-0.0026776707702595858,nan,nan,NOT_APPLICABLE
C_seed3409,C,3409,dose50,ALL_DOSE_DESCRIPTIVE,Waymo Dynamic-v2 validation R0_DEVELOPMENT,nuPlan Stage7L historical development,"Waymo-only deterministic reconstruction: original last-view embeddings, same 5-fold scenario GroupKFold, ridge/logistic grid, seed and preprocessing; no nuPlan fitting/selection",0.8490852258632745,47.51800644544797,0.001,INCONCLUSIVE_NO_FROZEN_CROSS_DOMAIN_NUMERICAL_GATE,DEVELOPMENT_DIAGNOSTIC_EVIDENCE,ego13.heading_change_abs_total,lateral,continuous,80,79,"5,000 log-cluster Poisson bootstrap; development diagnostic only",R2,-46.668921219584696,-88.56217025751785,-25.426325406636774,0.3111596659199912,6.904268333399615,0.015377402719174873,0.03577368007423389,nan,nan,NOT_APPLICABLE
C_seed3409,C,3409,dose50,ALL_DOSE_DESCRIPTIVE,Waymo Dynamic-v2 validation R0_DEVELOPMENT,nuPlan Stage7L historical development,"Waymo-only deterministic reconstruction: original last-view embeddings, same 5-fold scenario GroupKFold, ridge/logistic grid, seed and preprocessing; no nuPlan fitting/selection",0.9921921279759764,0.06456054902860808,10000.0,INCONCLUSIVE_NO_FROZEN_CROSS_DOMAIN_NUMERICAL_GATE,DEVELOPMENT_DIAGNOSTIC_EVIDENCE,raw33.lane_change_count_proxy,lateral,categorical,80,79,"5,000 log-cluster Poisson bootstrap; development diagnostic only",balanced_accuracy,0.9276315789473684,0.8720894781622235,0.9647887323943662,nan,nan,nan,nan,0.993421052631579,0.6715192235908921,class_0=4; class_1=76
C_seed3409,C,3409,dose50,ALL_DOSE_DESCRIPTIVE,Waymo Dynamic-v2 validation R0_DEVELOPMENT,nuPlan Stage7L historical development,"Waymo-only deterministic reconstruction: original last-view embeddings, same 5-fold scenario GroupKFold, ridge/logistic grid, seed and preprocessing; no nuPlan fitting/selection",0.9315404891125446,-0.019652694013700733,0.001,INCONCLUSIVE_NO_FROZEN_CROSS_DOMAIN_NUMERICAL_GATE,DEVELOPMENT_DIAGNOSTIC_EVIDENCE,raw33.mean_front_distance,interaction,continuous,80,79,"5,000 log-cluster Poisson bootstrap; development diagnostic only",R2,0.9511931831262453,0.9228927664536145,0.9700131094581854,3.5772011993406125,0.22092264907373033,0.9589715087203573,0.9847200963102491,nan,nan,NOT_APPLICABLE
C_seed3409,C,3409,dose50,ALL_DOSE_DESCRIPTIVE,Waymo Dynamic-v2 validation R0_DEVELOPMENT,nuPlan Stage7L historical development,"Waymo-only deterministic reconstruction: original last-view embeddings, same 5-fold scenario GroupKFold, ridge/logistic grid, seed and preprocessing; no nuPlan fitting/selection",0.9620677322945709,0.2354281131349849,0.001,INCONCLUSIVE_NO_FROZEN_CROSS_DOMAIN_NUMERICAL_GATE,DEVELOPMENT_DIAGNOSTIC_EVIDENCE,raw33.mean_rel_speed,interaction,continuous,80,79,"5,000 log-cluster Poisson bootstrap; development diagnostic only",R2,0.726639619159586,0.6599198748315993,0.7957763019866765,3.4211828751738294,0.5228387713630408,0.955840566392646,1.4901394402536252,nan,nan,NOT_APPLICABLE
C_seed3409,C,3409,dose50,ALL_DOSE_DESCRIPTIVE,Waymo Dynamic-v2 validation R0_DEVELOPMENT,nuPlan Stage7L historical development,"Waymo-only deterministic reconstruction: original last-view embeddings, same 5-fold scenario GroupKFold, ridge/logistic grid, seed and preprocessing; no nuPlan fitting/selection",0.9406291625592027,0.06359702220115748,0.001,INCONCLUSIVE_NO_FROZEN_CROSS_DOMAIN_NUMERICAL_GATE,DEVELOPMENT_DIAGNOSTIC_EVIDENCE,raw33.front_pressure_score,interaction,continuous,80,79,"5,000 log-cluster Poisson bootstrap; development diagnostic only",R2,0.8770321403580452,0.7465430436721368,0.9434698884619009,1.1243310565233997,0.35066773396187284,0.8243698052422455,0.8380090523268184,nan,nan,NOT_APPLICABLE
old64,old64,NOT_APPLICABLE,dose75,ALL_DOSE_DESCRIPTIVE,Waymo Dynamic-v2 validation R0_DEVELOPMENT,nuPlan Stage7L historical development,"Waymo-only deterministic reconstruction: original last-view embeddings, same 5-fold scenario GroupKFold, ridge/logistic grid, seed and preprocessing; no nuPlan fitting/selection",0.8648257412742769,10.477810652605992,1.0,INCONCLUSIVE_NO_FROZEN_CROSS_DOMAIN_NUMERICAL_GATE,DEVELOPMENT_DIAGNOSTIC_EVIDENCE,ego13.mean_speed,longitudinal,continuous,80,79,"5,000 log-cluster Poisson bootstrap; development diagnostic only",R2,-9.612984911331715,-13.933881982648332,-6.887529202218133,2.389700125045354,3.2577576507978177,0.4706047819971871,0.18244270804768076,nan,nan,NOT_APPLICABLE
old64,old64,NOT_APPLICABLE,dose75,ALL_DOSE_DESCRIPTIVE,Waymo Dynamic-v2 validation R0_DEVELOPMENT,nuPlan Stage7L historical development,"Waymo-only deterministic reconstruction: original last-view embeddings, same 5-fold scenario GroupKFold, ridge/logistic grid, seed and preprocessing; no nuPlan fitting/selection",0.6627768973344081,6.538246338798951,0.1,INCONCLUSIVE_NO_FROZEN_CROSS_DOMAIN_NUMERICAL_GATE,DEVELOPMENT_DIAGNOSTIC_EVIDENCE,ego13.end_minus_start_speed,longitudinal,continuous,80,79,"5,000 log-cluster Poisson bootstrap; development diagnostic only",R2,-5.875469441464543,-10.375630485921203,-3.3637586622855555,4.397430280828218,2.622111637872145,0.6610876699484295,0.22824830141898383,nan,nan,NOT_APPLICABLE
old64,old64,NOT_APPLICABLE,dose75,ALL_DOSE_DESCRIPTIVE,Waymo Dynamic-v2 validation R0_DEVELOPMENT,nuPlan Stage7L historical development,"Waymo-only deterministic reconstruction: original last-view embeddings, same 5-fold scenario GroupKFold, ridge/logistic grid, seed and preprocessing; no nuPlan fitting/selection",0.7704677315598866,22.331091847468496,100.0,INCONCLUSIVE_NO_FROZEN_CROSS_DOMAIN_NUMERICAL_GATE,DEVELOPMENT_DIAGNOSTIC_EVIDENCE,ego13.rms_accel,longitudinal,continuous,80,79,"5,000 log-cluster Poisson bootstrap; development diagnostic only",R2,-21.56062411590861,-39.26074892567561,-12.964908060116928,0.532169943762467,4.749802534412205,-0.36969057665260197,-0.07987381418699017,nan,nan,NOT_APPLICABLE
old64,old64,NOT_APPLICABLE,dose75,ALL_DOSE_DESCRIPTIVE,Waymo Dynamic-v2 validation R0_DEVELOPMENT,nuPlan Stage7L historical development,"Waymo-only deterministic reconstruction: original last-view embeddings, same 5-fold scenario GroupKFold, ridge/logistic grid, seed and preprocessing; no nuPlan fitting/selection",0.9251043994848664,126.42810989780362,10.0,INCONCLUSIVE_NO_FROZEN_CROSS_DOMAIN_NUMERICAL_GATE,DEVELOPMENT_DIAGNOSTIC_EVIDENCE,ego13.rms_yaw_rate,lateral,continuous,80,79,"5,000 log-cluster Poisson bootstrap; development diagnostic only",R2,-125.50300549831876,-384.359923698858,-17.956906003176666,0.03488084993838944,11.247355489105818,-0.16722925457102672,-0.013635508498728714,nan,nan,NOT_APPLICABLE
old64,old64,NOT_APPLICABLE,dose75,ALL_DOSE_DESCRIPTIVE,Waymo Dynamic-v2 validation R0_DEVELOPMENT,nuPlan Stage7L historical development,"Waymo-only deterministic reconstruction: original last-view embeddings, same 5-fold scenario GroupKFold, ridge/logistic grid, seed and preprocessing; no nuPlan fitting/selection",0.8659183333811538,32.50346267242584,100.0,INCONCLUSIVE_NO_FROZEN_CROSS_DOMAIN_NUMERICAL_GATE,DEVELOPMENT_DIAGNOSTIC_EVIDENCE,ego13.heading_change_abs_total,lateral,continuous,80,79,"5,000 log-cluster Poisson bootstrap; development diagnostic only",R2,-31.637544339044688,-57.56238975620734,-18.791741281011493,0.28654028400277515,5.712927825471339,-0.006282231598687295,-0.000803724953389439,nan,nan,NOT_APPLICABLE
old64,old64,NOT_APPLICABLE,dose75,ALL_DOSE_DESCRIPTIVE,Waymo Dynamic-v2 validation R0_DEVELOPMENT,nuPlan Stage7L historical development,"Waymo-only deterministic reconstruction: original last-view embeddings, same 5-fold scenario GroupKFold, ridge/logistic grid, seed and preprocessing; no nuPlan fitting/selection",0.9896798604076514,0.04812141884920995,10.0,INCONCLUSIVE_NO_FROZEN_CROSS_DOMAIN_NUMERICAL_GATE,DEVELOPMENT_DIAGNOSTIC_EVIDENCE,raw33.lane_change_count_proxy,lateral,categorical,80,79,"5,000 log-cluster Poisson bootstrap; development diagnostic only",balanced_accuracy,0.9415584415584415,0.43999397590361444,0.975,nan,nan,nan,nan,0.9523809523809524,0.6689655172413793,class_0=3; class_1=77
old64,old64,NOT_APPLICABLE,dose75,ALL_DOSE_DESCRIPTIVE,Waymo Dynamic-v2 validation R0_DEVELOPMENT,nuPlan Stage7L historical development,"Waymo-only deterministic reconstruction: original last-view embeddings, same 5-fold scenario GroupKFold, ridge/logistic grid, seed and preprocessing; no nuPlan fitting/selection",0.5599802102191224,-0.0015894456923225553,1.0,INCONCLUSIVE_NO_FROZEN_CROSS_DOMAIN_NUMERICAL_GATE,DEVELOPMENT_DIAGNOSTIC_EVIDENCE,raw33.mean_front_distance,interaction,continuous,80,79,"5,000 log-cluster Poisson bootstrap; development diagnostic only",R2,0.5615696559114449,0.42478797234869337,0.6699019507355982,12.714849534650536,0.662140728311252,0.8477710509547022,1.441393970769305,nan,nan,NOT_APPLICABLE
old64,old64,NOT_APPLICABLE,dose75,ALL_DOSE_DESCRIPTIVE,Waymo Dynamic-v2 validation R0_DEVELOPMENT,nuPlan Stage7L historical development,"Waymo-only deterministic reconstruction: original last-view embeddings, same 5-fold scenario GroupKFold, ridge/logistic grid, seed and preprocessing; no nuPlan fitting/selection",0.6867622563554483,0.23334793406891563,1.0,INCONCLUSIVE_NO_FROZEN_CROSS_DOMAIN_NUMERICAL_GATE,DEVELOPMENT_DIAGNOSTIC_EVIDENCE,raw33.mean_rel_speed,interaction,continuous,80,79,"5,000 log-cluster Poisson bootstrap; development diagnostic only",R2,0.45341432228653267,0.3407901692528122,0.5462474448282088,6.215886405277648,0.7393143294387492,0.7931066739162047,1.7960911623328504,nan,nan,NOT_APPLICABLE
old64,old64,NOT_APPLICABLE,dose75,ALL_DOSE_DESCRIPTIVE,Waymo Dynamic-v2 validation R0_DEVELOPMENT,nuPlan Stage7L historical development,"Waymo-only deterministic reconstruction: original last-view embeddings, same 5-fold scenario GroupKFold, ridge/logistic grid, seed and preprocessing; no nuPlan fitting/selection",0.5653747980946089,0.29110414735441836,1.0,INCONCLUSIVE_NO_FROZEN_CROSS_DOMAIN_NUMERICAL_GATE,DEVELOPMENT_DIAGNOSTIC_EVIDENCE,raw33.front_pressure_score,interaction,continuous,80,79,"5,000 log-cluster Poisson bootstrap; development diagnostic only",R2,0.2742706507401905,-0.09887368226368297,0.5247345857731489,3.5019170981715617,0.8518974992684328,0.5931003340132036,0.7473528966190278,nan,nan,NOT_APPLICABLE
A_seed3407,A,3407,dose75,ALL_DOSE_DESCRIPTIVE,Waymo Dynamic-v2 validation R0_DEVELOPMENT,nuPlan Stage7L historical development,"Waymo-only deterministic reconstruction: original last-view embeddings, same 5-fold scenario GroupKFold, ridge/logistic grid, seed and preprocessing; no nuPlan fitting/selection",0.9088109253928247,19.707732776284757,0.01,INCONCLUSIVE_NO_FROZEN_CROSS_DOMAIN_NUMERICAL_GATE,DEVELOPMENT_DIAGNOSTIC_EVIDENCE,ego13.mean_speed,longitudinal,continuous,80,79,"5,000 log-cluster Poisson bootstrap; development diagnostic only",R2,-18.798921850891933,-29.077811035596525,-11.81201126675811,2.8725778896408163,4.449597942611437,0.3090248476324426,0.11107144898216963,nan,nan,NOT_APPLICABLE
A_seed3407,A,3407,dose75,ALL_DOSE_DESCRIPTIVE,Waymo Dynamic-v2 validation R0_DEVELOPMENT,nuPlan Stage7L historical development,"Waymo-only deterministic reconstruction: original last-view embeddings, same 5-fold scenario GroupKFold, ridge/logistic grid, seed and preprocessing; no nuPlan fitting/selection",0.8771760367899443,1.1768474576782957,0.001,INCONCLUSIVE_NO_FROZEN_CROSS_DOMAIN_NUMERICAL_GATE,DEVELOPMENT_DIAGNOSTIC_EVIDENCE,ego13.end_minus_start_speed,longitudinal,continuous,80,79,"5,000 log-cluster Poisson bootstrap; development diagnostic only",R2,-0.2996714208883515,-0.7503951849038494,0.02000771915487374,1.862639886631753,1.1400313245206692,0.46889357712142526,0.8496437011317713,nan,nan,NOT_APPLICABLE
A_seed3407,A,3407,dose75,ALL_DOSE_DESCRIPTIVE,Waymo Dynamic-v2 validation R0_DEVELOPMENT,nuPlan Stage7L historical development,"Waymo-only deterministic reconstruction: original last-view embeddings, same 5-fold scenario GroupKFold, ridge/logistic grid, seed and preprocessing; no nuPlan fitting/selection",0.8160173319616622,24.18142098884693,1.0,INCONCLUSIVE_NO_FROZEN_CROSS_DOMAIN_NUMERICAL_GATE,DEVELOPMENT_DIAGNOSTIC_EVIDENCE,ego13.rms_accel,longitudinal,continuous,80,79,"5,000 log-cluster Poisson bootstrap; development diagnostic only",R2,-23.365403656885267,-42.66251536211995,-13.084261936060608,0.48413647352824274,4.936132459414483,-0.2656586966713549,-0.09077928246433271,nan,nan,NOT_APPLICABLE
A_seed3407,A,3407,dose75,ALL_DOSE_DESCRIPTIVE,Waymo Dynamic-v2 validation R0_DEVELOPMENT,nuPlan Stage7L historical development,"Waymo-only deterministic reconstruction: original last-view embeddings, same 5-fold scenario GroupKFold, ridge/logistic grid, seed and preprocessing; no nuPlan fitting/selection",0.9045391831340385,73.30799772036286,0.01,INCONCLUSIVE_NO_FROZEN_CROSS_DOMAIN_NUMERICAL_GATE,DEVELOPMENT_DIAGNOSTIC_EVIDENCE,ego13.rms_yaw_rate,lateral,continuous,80,79,"5,000 log-cluster Poisson bootstrap; development diagnostic only",R2,-72.40345853722883,-130.31016092356617,-42.549860190428866,0.04661165008584402,8.567581837206392,-0.13645100796999532,-0.013189482885213133,nan,nan,NOT_APPLICABLE
A_seed3407,A,3407,dose75,ALL_DOSE_DESCRIPTIVE,Waymo Dynamic-v2 validation R0_DEVELOPMENT,nuPlan Stage7L historical development,"Waymo-only deterministic reconstruction: original last-view embeddings, same 5-fold scenario GroupKFold, ridge/logistic grid, seed and preprocessing; no nuPlan fitting/selection",0.8757503837050287,16.820662522794468,1.0,INCONCLUSIVE_NO_FROZEN_CROSS_DOMAIN_NUMERICAL_GATE,DEVELOPMENT_DIAGNOSTIC_EVIDENCE,ego13.heading_change_abs_total,lateral,continuous,80,79,"5,000 log-cluster Poisson bootstrap; development diagnostic only",R2,-15.944912139089439,-28.3999841876513,-9.47091310685603,0.18987086157689742,4.1164198205588125,-0.12529301453352087,-0.019839518109647326,nan,nan,NOT_APPLICABLE
A_seed3407,A,3407,dose75,ALL_DOSE_DESCRIPTIVE,Waymo Dynamic-v2 validation R0_DEVELOPMENT,nuPlan Stage7L historical development,"Waymo-only deterministic reconstruction: original last-view embeddings, same 5-fold scenario GroupKFold, ridge/logistic grid, seed and preprocessing; no nuPlan fitting/selection",0.9920400067731322,0.043988058721184164,1000.0,INCONCLUSIVE_NO_FROZEN_CROSS_DOMAIN_NUMERICAL_GATE,DEVELOPMENT_DIAGNOSTIC_EVIDENCE,raw33.lane_change_count_proxy,lateral,categorical,80,79,"5,000 log-cluster Poisson bootstrap; development diagnostic only",balanced_accuracy,0.948051948051948,0.45068661971830987,0.9797297297297297,nan,nan,nan,nan,1.0,0.6868884540117417,class_0=3; class_1=77
A_seed3407,A,3407,dose75,ALL_DOSE_DESCRIPTIVE,Waymo Dynamic-v2 validation R0_DEVELOPMENT,nuPlan Stage7L historical development,"Waymo-only deterministic reconstruction: original last-view embeddings, same 5-fold scenario GroupKFold, ridge/logistic grid, seed and preprocessing; no nuPlan fitting/selection",0.9305133268927751,0.00534448083608452,0.1,INCONCLUSIVE_NO_FROZEN_CROSS_DOMAIN_NUMERICAL_GATE,DEVELOPMENT_DIAGNOSTIC_EVIDENCE,raw33.mean_front_distance,interaction,continuous,80,79,"5,000 log-cluster Poisson bootstrap; development diagnostic only",R2,0.9251688460566906,0.8760695733835024,0.9553315615066721,4.606006935222313,0.2735528357434984,0.9540569052359971,0.927132903053062,nan,nan,NOT_APPLICABLE
A_seed3407,A,3407,dose75,ALL_DOSE_DESCRIPTIVE,Waymo Dynamic-v2 validation R0_DEVELOPMENT,nuPlan Stage7L historical development,"Waymo-only deterministic reconstruction: original last-view embeddings, same 5-fold scenario GroupKFold, ridge/logistic grid, seed and preprocessing; no nuPlan fitting/selection",0.9599561583372879,0.1355813418824111,0.01,INCONCLUSIVE_NO_FROZEN_CROSS_DOMAIN_NUMERICAL_GATE,DEVELOPMENT_DIAGNOSTIC_EVIDENCE,raw33.mean_rel_speed,interaction,continuous,80,79,"5,000 log-cluster Poisson bootstrap; development diagnostic only",R2,0.8243748164548768,0.7830684372081805,0.8674459646123145,2.933304427526829,0.4190765843436295,0.9426280611214396,1.357784951278483,nan,nan,NOT_APPLICABLE
A_seed3407,A,3407,dose75,ALL_DOSE_DESCRIPTIVE,Waymo Dynamic-v2 validation R0_DEVELOPMENT,nuPlan Stage7L historical development,"Waymo-only deterministic reconstruction: original last-view embeddings, same 5-fold scenario GroupKFold, ridge/logistic grid, seed and preprocessing; no nuPlan fitting/selection",0.9340169640917381,0.11317703441579385,0.1,INCONCLUSIVE_NO_FROZEN_CROSS_DOMAIN_NUMERICAL_GATE,DEVELOPMENT_DIAGNOSTIC_EVIDENCE,raw33.front_pressure_score,interaction,continuous,80,79,"5,000 log-cluster Poisson bootstrap; development diagnostic only",R2,0.8208399296759442,0.715301593056587,0.8839715708920268,1.5012559029408483,0.42327304464619026,0.7660004225317483,1.0646872117728585,nan,nan,NOT_APPLICABLE
A_seed3408,A,3408,dose75,ALL_DOSE_DESCRIPTIVE,Waymo Dynamic-v2 validation R0_DEVELOPMENT,nuPlan Stage7L historical development,"Waymo-only deterministic reconstruction: original last-view embeddings, same 5-fold scenario GroupKFold, ridge/logistic grid, seed and preprocessing; no nuPlan fitting/selection",0.9347647907517386,6.259464766895606,0.01,INCONCLUSIVE_NO_FROZEN_CROSS_DOMAIN_NUMERICAL_GATE,DEVELOPMENT_DIAGNOSTIC_EVIDENCE,ego13.mean_speed,longitudinal,continuous,80,79,"5,000 log-cluster Poisson bootstrap; development diagnostic only",R2,-5.324699976143868,-8.95891856689792,-3.0097522128754717,1.6295120956175104,2.5148956193337066,0.5540553211439287,0.2501739206560275,nan,nan,NOT_APPLICABLE
A_seed3408,A,3408,dose75,ALL_DOSE_DESCRIPTIVE,Waymo Dynamic-v2 validation R0_DEVELOPMENT,nuPlan Stage7L historical development,"Waymo-only deterministic reconstruction: original last-view embeddings, same 5-fold scenario GroupKFold, ridge/logistic grid, seed and preprocessing; no nuPlan fitting/selection",0.8581894307552587,0.8346895691445556,0.01,INCONCLUSIVE_NO_FROZEN_CROSS_DOMAIN_NUMERICAL_GATE,DEVELOPMENT_DIAGNOSTIC_EVIDENCE,ego13.end_minus_start_speed,longitudinal,continuous,80,79,"5,000 log-cluster Poisson bootstrap; development diagnostic only",R2,0.023499861610703054,-0.5708323354329284,0.34383452794478314,1.720571504502113,0.9881802155423357,0.4283872480075012,0.543772994179715,nan,nan,NOT_APPLICABLE
A_seed3408,A,3408,dose75,ALL_DOSE_DESCRIPTIVE,Waymo Dynamic-v2 validation R0_DEVELOPMENT,nuPlan Stage7L historical development,"Waymo-only deterministic reconstruction: original last-view embeddings, same 5-fold scenario GroupKFold, ridge/logistic grid, seed and preprocessing; no nuPlan fitting/selection",0.8049638969976307,46.25035400903748,1.0,INCONCLUSIVE_NO_FROZEN_CROSS_DOMAIN_NUMERICAL_GATE,DEVELOPMENT_DIAGNOSTIC_EVIDENCE,ego13.rms_accel,longitudinal,continuous,80,79,"5,000 log-cluster Poisson bootstrap; development diagnostic only",R2,-45.445390112039846,-80.13222135844883,-29.540694628138528,0.8634740334858158,6.815085480904832,-0.1438818565400844,-0.05505487918965578,nan,nan,NOT_APPLICABLE
A_seed3408,A,3408,dose75,ALL_DOSE_DESCRIPTIVE,Waymo Dynamic-v2 validation R0_DEVELOPMENT,nuPlan Stage7L historical development,"Waymo-only deterministic reconstruction: original last-view embeddings, same 5-fold scenario GroupKFold, ridge/logistic grid, seed and preprocessing; no nuPlan fitting/selection",0.9287635835432378,34.90750248510058,1.0,INCONCLUSIVE_NO_FROZEN_CROSS_DOMAIN_NUMERICAL_GATE,DEVELOPMENT_DIAGNOSTIC_EVIDENCE,ego13.rms_yaw_rate,lateral,continuous,80,79,"5,000 log-cluster Poisson bootstrap; development diagnostic only",R2,-33.97873890155734,-60.71496897798826,-19.554594542832724,0.02948895718049636,5.9142826193510025,-0.18600562587904365,-0.024276312112585487,nan,nan,NOT_APPLICABLE
A_seed3408,A,3408,dose75,ALL_DOSE_DESCRIPTIVE,Waymo Dynamic-v2 validation R0_DEVELOPMENT,nuPlan Stage7L historical development,"Waymo-only deterministic reconstruction: original last-view embeddings, same 5-fold scenario GroupKFold, ridge/logistic grid, seed and preprocessing; no nuPlan fitting/selection",0.8986717223865989,30.10040626280911,10.0,INCONCLUSIVE_NO_FROZEN_CROSS_DOMAIN_NUMERICAL_GATE,DEVELOPMENT_DIAGNOSTIC_EVIDENCE,ego13.heading_change_abs_total,lateral,continuous,80,79,"5,000 log-cluster Poisson bootstrap; development diagnostic only",R2,-29.20173454042251,-49.74520390639261,-18.562442059128813,0.28760856125895773,5.495610479320974,-0.13992030004688233,-0.03505926997267788,nan,nan,NOT_APPLICABLE
A_seed3408,A,3408,dose75,ALL_DOSE_DESCRIPTIVE,Waymo Dynamic-v2 validation R0_DEVELOPMENT,nuPlan Stage7L historical development,"Waymo-only deterministic reconstruction: original last-view embeddings, same 5-fold scenario GroupKFold, ridge/logistic grid, seed and preprocessing; no nuPlan fitting/selection",0.9910872573379136,0.08199634824700441,0.1,INCONCLUSIVE_NO_FROZEN_CROSS_DOMAIN_NUMERICAL_GATE,DEVELOPMENT_DIAGNOSTIC_EVIDENCE,raw33.lane_change_count_proxy,lateral,categorical,80,79,"5,000 log-cluster Poisson bootstrap; development diagnostic only",balanced_accuracy,0.9090909090909092,0.41139240506329117,0.9492753623188406,nan,nan,nan,nan,0.9437229437229436,0.6,class_0=3; class_1=77
A_seed3408,A,3408,dose75,ALL_DOSE_DESCRIPTIVE,Waymo Dynamic-v2 validation R0_DEVELOPMENT,nuPlan Stage7L historical development,"Waymo-only deterministic reconstruction: original last-view embeddings, same 5-fold scenario GroupKFold, ridge/logistic grid, seed and preprocessing; no nuPlan fitting/selection",0.9294576575475852,0.009087883382198125,0.1,INCONCLUSIVE_NO_FROZEN_CROSS_DOMAIN_NUMERICAL_GATE,DEVELOPMENT_DIAGNOSTIC_EVIDENCE,raw33.mean_front_distance,interaction,continuous,80,79,"5,000 log-cluster Poisson bootstrap; development diagnostic only",R2,0.9203697741653871,0.867095201344476,0.9550510350256369,4.587300142306863,0.2821882808243688,0.9486899008719282,0.9437359549829873,nan,nan,NOT_APPLICABLE
A_seed3408,A,3408,dose75,ALL_DOSE_DESCRIPTIVE,Waymo Dynamic-v2 validation R0_DEVELOPMENT,nuPlan Stage7L historical development,"Waymo-only deterministic reconstruction: original last-view embeddings, same 5-fold scenario GroupKFold, ridge/logistic grid, seed and preprocessing; no nuPlan fitting/selection",0.95991946293615,0.08579868977948701,0.1,INCONCLUSIVE_NO_FROZEN_CROSS_DOMAIN_NUMERICAL_GATE,DEVELOPMENT_DIAGNOSTIC_EVIDENCE,raw33.mean_rel_speed,interaction,continuous,80,79,"5,000 log-cluster Poisson bootstrap; development diagnostic only",R2,0.874120773156663,0.8362573698749566,0.9121618707351898,2.3939021512630974,0.3547946262886982,0.9584894758045363,1.250593864219765,nan,nan,NOT_APPLICABLE
A_seed3408,A,3408,dose75,ALL_DOSE_DESCRIPTIVE,Waymo Dynamic-v2 validation R0_DEVELOPMENT,nuPlan Stage7L historical development,"Waymo-only deterministic reconstruction: original last-view embeddings, same 5-fold scenario GroupKFold, ridge/logistic grid, seed and preprocessing; no nuPlan fitting/selection",0.93104928616859,0.15768447987939715,1.0,INCONCLUSIVE_NO_FROZEN_CROSS_DOMAIN_NUMERICAL_GATE,DEVELOPMENT_DIAGNOSTIC_EVIDENCE,raw33.front_pressure_score,interaction,continuous,80,79,"5,000 log-cluster Poisson bootstrap; development diagnostic only",R2,0.7733648062891928,0.5155280444079288,0.9017083118945367,1.5354391584529536,0.47606217420711683,0.8500877264377456,0.9179886593540808,nan,nan,NOT_APPLICABLE
A_seed3409,A,3409,dose75,ALL_DOSE_DESCRIPTIVE,Waymo Dynamic-v2 validation R0_DEVELOPMENT,nuPlan Stage7L historical development,"Waymo-only deterministic reconstruction: original last-view embeddings, same 5-fold scenario GroupKFold, ridge/logistic grid, seed and preprocessing; no nuPlan fitting/selection",0.9330512119600323,5.66335026553555,0.1,INCONCLUSIVE_NO_FROZEN_CROSS_DOMAIN_NUMERICAL_GATE,DEVELOPMENT_DIAGNOSTIC_EVIDENCE,ego13.mean_speed,longitudinal,continuous,80,79,"5,000 log-cluster Poisson bootstrap; development diagnostic only",R2,-4.730299053575518,-7.7567722743030325,-2.7580515859054677,1.4948091325354003,2.393804305613873,0.6225035161744022,0.2746434539655213,nan,nan,NOT_APPLICABLE
A_seed3409,A,3409,dose75,ALL_DOSE_DESCRIPTIVE,Waymo Dynamic-v2 validation R0_DEVELOPMENT,nuPlan Stage7L historical development,"Waymo-only deterministic reconstruction: original last-view embeddings, same 5-fold scenario GroupKFold, ridge/logistic grid, seed and preprocessing; no nuPlan fitting/selection",0.8831926489805876,4.921944424709277,0.01,INCONCLUSIVE_NO_FROZEN_CROSS_DOMAIN_NUMERICAL_GATE,DEVELOPMENT_DIAGNOSTIC_EVIDENCE,ego13.end_minus_start_speed,longitudinal,continuous,80,79,"5,000 log-cluster Poisson bootstrap; development diagnostic only",R2,-4.03875177572869,-6.581449265421029,-2.649447094251244,4.30669771631071,2.244716413208735,0.43504453820909517,0.7195752840005606,nan,nan,NOT_APPLICABLE
A_seed3409,A,3409,dose75,ALL_DOSE_DESCRIPTIVE,Waymo Dynamic-v2 validation R0_DEVELOPMENT,nuPlan Stage7L historical development,"Waymo-only deterministic reconstruction: original last-view embeddings, same 5-fold scenario GroupKFold, ridge/logistic grid, seed and preprocessing; no nuPlan fitting/selection",0.7797745537014693,7.994655742172628,0.1,INCONCLUSIVE_NO_FROZEN_CROSS_DOMAIN_NUMERICAL_GATE,DEVELOPMENT_DIAGNOSTIC_EVIDENCE,ego13.rms_accel,longitudinal,continuous,80,79,"5,000 log-cluster Poisson bootstrap; development diagnostic only",R2,-7.214881188471159,-14.034408060331009,-4.386969721172555,0.3216589046334774,2.866161403074007,0.15180496952648853,0.013469583728601998,nan,nan,NOT_APPLICABLE
A_seed3409,A,3409,dose75,ALL_DOSE_DESCRIPTIVE,Waymo Dynamic-v2 validation R0_DEVELOPMENT,nuPlan Stage7L historical development,"Waymo-only deterministic reconstruction: original last-view embeddings, same 5-fold scenario GroupKFold, ridge/logistic grid, seed and preprocessing; no nuPlan fitting/selection",0.9185202012187836,42.92910892409466,1.0,INCONCLUSIVE_NO_FROZEN_CROSS_DOMAIN_NUMERICAL_GATE,DEVELOPMENT_DIAGNOSTIC_EVIDENCE,ego13.rms_yaw_rate,lateral,continuous,80,79,"5,000 log-cluster Poisson bootstrap; development diagnostic only",R2,-42.01058872287588,-75.14407788062174,-25.260764204362136,0.03531170985725056,6.558245857153869,-0.1455461790904829,-0.01729068893516705,nan,nan,NOT_APPLICABLE
A_seed3409,A,3409,dose75,ALL_DOSE_DESCRIPTIVE,Waymo Dynamic-v2 validation R0_DEVELOPMENT,nuPlan Stage7L historical development,"Waymo-only deterministic reconstruction: original last-view embeddings, same 5-fold scenario GroupKFold, ridge/logistic grid, seed and preprocessing; no nuPlan fitting/selection",0.8692956229490172,38.039776685635665,10.0,INCONCLUSIVE_NO_FROZEN_CROSS_DOMAIN_NUMERICAL_GATE,DEVELOPMENT_DIAGNOSTIC_EVIDENCE,ego13.heading_change_abs_total,lateral,continuous,80,79,"5,000 log-cluster Poisson bootstrap; development diagnostic only",R2,-37.17048106268665,-65.43509659827771,-23.05673685598386,0.31826239841516607,6.178226368682735,-0.16010314111579935,-0.00667737967171247,nan,nan,NOT_APPLICABLE
A_seed3409,A,3409,dose75,ALL_DOSE_DESCRIPTIVE,Waymo Dynamic-v2 validation R0_DEVELOPMENT,nuPlan Stage7L historical development,"Waymo-only deterministic reconstruction: original last-view embeddings, same 5-fold scenario GroupKFold, ridge/logistic grid, seed and preprocessing; no nuPlan fitting/selection",0.9887239622106294,0.02768500117166839,100.0,INCONCLUSIVE_NO_FROZEN_CROSS_DOMAIN_NUMERICAL_GATE,DEVELOPMENT_DIAGNOSTIC_EVIDENCE,raw33.lane_change_count_proxy,lateral,categorical,80,79,"5,000 log-cluster Poisson bootstrap; development diagnostic only",balanced_accuracy,0.961038961038961,0.4642749569707401,0.987012987012987,nan,nan,nan,nan,1.0,0.7297297297297297,class_0=3; class_1=77
A_seed3409,A,3409,dose75,ALL_DOSE_DESCRIPTIVE,Waymo Dynamic-v2 validation R0_DEVELOPMENT,nuPlan Stage7L historical development,"Waymo-only deterministic reconstruction: original last-view embeddings, same 5-fold scenario GroupKFold, ridge/logistic grid, seed and preprocessing; no nuPlan fitting/selection",0.9221272602522649,-0.006687819692681507,1.0,INCONCLUSIVE_NO_FROZEN_CROSS_DOMAIN_NUMERICAL_GATE,DEVELOPMENT_DIAGNOSTIC_EVIDENCE,raw33.mean_front_distance,interaction,continuous,80,79,"5,000 log-cluster Poisson bootstrap; development diagnostic only",R2,0.9288150799449464,0.8923882394832451,0.9549812871990823,4.273138815910788,0.26680502254465466,0.9522359573267595,0.9994921890989713,nan,nan,NOT_APPLICABLE
A_seed3409,A,3409,dose75,ALL_DOSE_DESCRIPTIVE,Waymo Dynamic-v2 validation R0_DEVELOPMENT,nuPlan Stage7L historical development,"Waymo-only deterministic reconstruction: original last-view embeddings, same 5-fold scenario GroupKFold, ridge/logistic grid, seed and preprocessing; no nuPlan fitting/selection",0.9522318553440059,0.1639043545704384,1.0,INCONCLUSIVE_NO_FROZEN_CROSS_DOMAIN_NUMERICAL_GATE,DEVELOPMENT_DIAGNOSTIC_EVIDENCE,raw33.mean_rel_speed,interaction,continuous,80,79,"5,000 log-cluster Poisson bootstrap; development diagnostic only",R2,0.7883275007735675,0.733467509240766,0.8428703641867444,3.0629284810542963,0.46007879675815583,0.948474262303729,1.3719771479629275,nan,nan,NOT_APPLICABLE
A_seed3409,A,3409,dose75,ALL_DOSE_DESCRIPTIVE,Waymo Dynamic-v2 validation R0_DEVELOPMENT,nuPlan Stage7L historical development,"Waymo-only deterministic reconstruction: original last-view embeddings, same 5-fold scenario GroupKFold, ridge/logistic grid, seed and preprocessing; no nuPlan fitting/selection",0.9254579440551862,0.03586016204513065,1.0,INCONCLUSIVE_NO_FROZEN_CROSS_DOMAIN_NUMERICAL_GATE,DEVELOPMENT_DIAGNOSTIC_EVIDENCE,raw33.front_pressure_score,interaction,continuous,80,79,"5,000 log-cluster Poisson bootstrap; development diagnostic only",R2,0.8895977820100556,0.8001388927872074,0.9331368973604777,1.2866252762307933,0.3322682921826042,0.804250563584211,0.9709301576540091,nan,nan,NOT_APPLICABLE
B_seed3407,B,3407,dose75,ALL_DOSE_DESCRIPTIVE,Waymo Dynamic-v2 validation R0_DEVELOPMENT,nuPlan Stage7L historical development,"Waymo-only deterministic reconstruction: original last-view embeddings, same 5-fold scenario GroupKFold, ridge/logistic grid, seed and preprocessing; no nuPlan fitting/selection",0.988726412235566,1.779208145350467,0.0001,INCONCLUSIVE_NO_FROZEN_CROSS_DOMAIN_NUMERICAL_GATE,DEVELOPMENT_DIAGNOSTIC_EVIDENCE,ego13.mean_speed,longitudinal,continuous,80,79,"5,000 log-cluster Poisson bootstrap; development diagnostic only",R2,-0.7904817331149008,-1.4203575926225203,-0.3765794393597119,1.0108632775169326,1.3380888360325336,0.8173933427097985,0.4588742445293106,nan,nan,NOT_APPLICABLE
B_seed3407,B,3407,dose75,ALL_DOSE_DESCRIPTIVE,Waymo Dynamic-v2 validation R0_DEVELOPMENT,nuPlan Stage7L historical development,"Waymo-only deterministic reconstruction: original last-view embeddings, same 5-fold scenario GroupKFold, ridge/logistic grid, seed and preprocessing; no nuPlan fitting/selection",0.779711059769675,5.081669631552324,0.0001,INCONCLUSIVE_NO_FROZEN_CROSS_DOMAIN_NUMERICAL_GATE,DEVELOPMENT_DIAGNOSTIC_EVIDENCE,ego13.end_minus_start_speed,longitudinal,continuous,80,79,"5,000 log-cluster Poisson bootstrap; development diagnostic only",R2,-4.301958571782649,-7.630994401647764,-2.6271410828323307,4.230521538382851,2.3025982219620182,0.223300515705579,0.23454848517015237,nan,nan,NOT_APPLICABLE
B_seed3407,B,3407,dose75,ALL_DOSE_DESCRIPTIVE,Waymo Dynamic-v2 validation R0_DEVELOPMENT,nuPlan Stage7L historical development,"Waymo-only deterministic reconstruction: original last-view embeddings, same 5-fold scenario GroupKFold, ridge/logistic grid, seed and preprocessing; no nuPlan fitting/selection",0.6549984506890302,102.19455021548156,0.0001,INCONCLUSIVE_NO_FROZEN_CROSS_DOMAIN_NUMERICAL_GATE,DEVELOPMENT_DIAGNOSTIC_EVIDENCE,ego13.rms_accel,longitudinal,continuous,80,79,"5,000 log-cluster Poisson bootstrap; development diagnostic only",R2,-101.53955176479252,-201.8251844884263,-55.693776127101266,1.1158244432059612,10.126181499696346,-0.33544303797468356,-0.017666605894039924,nan,nan,NOT_APPLICABLE
B_seed3407,B,3407,dose75,ALL_DOSE_DESCRIPTIVE,Waymo Dynamic-v2 validation R0_DEVELOPMENT,nuPlan Stage7L historical development,"Waymo-only deterministic reconstruction: original last-view embeddings, same 5-fold scenario GroupKFold, ridge/logistic grid, seed and preprocessing; no nuPlan fitting/selection",0.9144113641093057,9.925711164351023,10.0,INCONCLUSIVE_NO_FROZEN_CROSS_DOMAIN_NUMERICAL_GATE,DEVELOPMENT_DIAGNOSTIC_EVIDENCE,ego13.rms_yaw_rate,lateral,continuous,80,79,"5,000 log-cluster Poisson bootstrap; development diagnostic only",R2,-9.011299800241718,-16.54150154194473,-5.448265803551235,0.017170848908199376,3.16406381102558,0.09266291608063762,0.036695608458317854,nan,nan,NOT_APPLICABLE
B_seed3407,B,3407,dose75,ALL_DOSE_DESCRIPTIVE,Waymo Dynamic-v2 validation R0_DEVELOPMENT,nuPlan Stage7L historical development,"Waymo-only deterministic reconstruction: original last-view embeddings, same 5-fold scenario GroupKFold, ridge/logistic grid, seed and preprocessing; no nuPlan fitting/selection",0.8136772381474595,22.436271020901284,0.001,INCONCLUSIVE_NO_FROZEN_CROSS_DOMAIN_NUMERICAL_GATE,DEVELOPMENT_DIAGNOSTIC_EVIDENCE,ego13.heading_change_abs_total,lateral,continuous,80,79,"5,000 log-cluster Poisson bootstrap; development diagnostic only",R2,-21.622593782753825,-36.5118851301932,-13.816376663040185,0.24187198802451615,4.756321454943287,0.043741209563994375,0.0066467549873769115,nan,nan,NOT_APPLICABLE
B_seed3407,B,3407,dose75,ALL_DOSE_DESCRIPTIVE,Waymo Dynamic-v2 validation R0_DEVELOPMENT,nuPlan Stage7L historical development,"Waymo-only deterministic reconstruction: original last-view embeddings, same 5-fold scenario GroupKFold, ridge/logistic grid, seed and preprocessing; no nuPlan fitting/selection",0.9916911607391723,0.03714570619371771,0.1,INCONCLUSIVE_NO_FROZEN_CROSS_DOMAIN_NUMERICAL_GATE,DEVELOPMENT_DIAGNOSTIC_EVIDENCE,raw33.lane_change_count_proxy,lateral,categorical,80,79,"5,000 log-cluster Poisson bootstrap; development diagnostic only",balanced_accuracy,0.9545454545454546,0.4551136363636364,0.9842146381578947,nan,nan,nan,nan,0.9956709956709957,0.7069597069597069,class_0=3; class_1=77
B_seed3407,B,3407,dose75,ALL_DOSE_DESCRIPTIVE,Waymo Dynamic-v2 validation R0_DEVELOPMENT,nuPlan Stage7L historical development,"Waymo-only deterministic reconstruction: original last-view embeddings, same 5-fold scenario GroupKFold, ridge/logistic grid, seed and preprocessing; no nuPlan fitting/selection",0.9371129114239463,0.0030229182914393027,0.001,INCONCLUSIVE_NO_FROZEN_CROSS_DOMAIN_NUMERICAL_GATE,DEVELOPMENT_DIAGNOSTIC_EVIDENCE,raw33.mean_front_distance,interaction,continuous,80,79,"5,000 log-cluster Poisson bootstrap; development diagnostic only",R2,0.934089993132507,0.8973245064128987,0.962737218592089,3.7691963265181427,0.25672944293067185,0.9591363915091339,1.064995576000579,nan,nan,NOT_APPLICABLE
B_seed3407,B,3407,dose75,ALL_DOSE_DESCRIPTIVE,Waymo Dynamic-v2 validation R0_DEVELOPMENT,nuPlan Stage7L historical development,"Waymo-only deterministic reconstruction: original last-view embeddings, same 5-fold scenario GroupKFold, ridge/logistic grid, seed and preprocessing; no nuPlan fitting/selection",0.9629940117289753,0.25439870391980857,0.01,INCONCLUSIVE_NO_FROZEN_CROSS_DOMAIN_NUMERICAL_GATE,DEVELOPMENT_DIAGNOSTIC_EVIDENCE,raw33.mean_rel_speed,interaction,continuous,80,79,"5,000 log-cluster Poisson bootstrap; development diagnostic only",R2,0.7085953078091667,0.6313666628046248,0.7876849187450178,3.3645117791063113,0.5398191291449694,0.9561653712361672,1.4945314576575308,nan,nan,NOT_APPLICABLE
B_seed3407,B,3407,dose75,ALL_DOSE_DESCRIPTIVE,Waymo Dynamic-v2 validation R0_DEVELOPMENT,nuPlan Stage7L historical development,"Waymo-only deterministic reconstruction: original last-view embeddings, same 5-fold scenario GroupKFold, ridge/logistic grid, seed and preprocessing; no nuPlan fitting/selection",0.947799105288763,0.08321917962141956,0.01,INCONCLUSIVE_NO_FROZEN_CROSS_DOMAIN_NUMERICAL_GATE,DEVELOPMENT_DIAGNOSTIC_EVIDENCE,raw33.front_pressure_score,interaction,continuous,80,79,"5,000 log-cluster Poisson bootstrap; development diagnostic only",R2,0.8645799256673434,0.7184862591220195,0.9351028120527484,1.280217976226524,0.3679946661741942,0.8139377990326383,0.9086294960536465,nan,nan,NOT_APPLICABLE
B_seed3408,B,3408,dose75,ALL_DOSE_DESCRIPTIVE,Waymo Dynamic-v2 validation R0_DEVELOPMENT,nuPlan Stage7L historical development,"Waymo-only deterministic reconstruction: original last-view embeddings, same 5-fold scenario GroupKFold, ridge/logistic grid, seed and preprocessing; no nuPlan fitting/selection",0.9862556927470378,1.9855222553041512,0.01,INCONCLUSIVE_NO_FROZEN_CROSS_DOMAIN_NUMERICAL_GATE,DEVELOPMENT_DIAGNOSTIC_EVIDENCE,ego13.mean_speed,longitudinal,continuous,80,79,"5,000 log-cluster Poisson bootstrap; development diagnostic only",R2,-0.9992665625571133,-1.910601133933752,-0.3987654645286928,0.9390405756087941,1.4139542293006209,0.6880450070323488,0.5002148816005553,nan,nan,NOT_APPLICABLE
B_seed3408,B,3408,dose75,ALL_DOSE_DESCRIPTIVE,Waymo Dynamic-v2 validation R0_DEVELOPMENT,nuPlan Stage7L historical development,"Waymo-only deterministic reconstruction: original last-view embeddings, same 5-fold scenario GroupKFold, ridge/logistic grid, seed and preprocessing; no nuPlan fitting/selection",0.8933070007500663,0.5546849008212773,0.001,INCONCLUSIVE_NO_FROZEN_CROSS_DOMAIN_NUMERICAL_GATE,DEVELOPMENT_DIAGNOSTIC_EVIDENCE,ego13.end_minus_start_speed,longitudinal,continuous,80,79,"5,000 log-cluster Poisson bootstrap; development diagnostic only",R2,0.338622099928789,-0.049480378383948496,0.5580522490094924,1.4070630436371068,0.8132514371774642,0.6739803094233474,0.7560977362832012,nan,nan,NOT_APPLICABLE
B_seed3408,B,3408,dose75,ALL_DOSE_DESCRIPTIVE,Waymo Dynamic-v2 validation R0_DEVELOPMENT,nuPlan Stage7L historical development,"Waymo-only deterministic reconstruction: original last-view embeddings, same 5-fold scenario GroupKFold, ridge/logistic grid, seed and preprocessing; no nuPlan fitting/selection",0.6197034729398466,170.0872359000835,0.1,INCONCLUSIVE_NO_FROZEN_CROSS_DOMAIN_NUMERICAL_GATE,DEVELOPMENT_DIAGNOSTIC_EVIDENCE,ego13.rms_accel,longitudinal,continuous,80,79,"5,000 log-cluster Poisson bootstrap; development diagnostic only",R2,-169.46753242714365,-321.6847113441685,-108.73123064446892,1.6970911875604053,13.056321550388674,0.5509142053445851,0.10155024925390932,nan,nan,NOT_APPLICABLE
B_seed3408,B,3408,dose75,ALL_DOSE_DESCRIPTIVE,Waymo Dynamic-v2 validation R0_DEVELOPMENT,nuPlan Stage7L historical development,"Waymo-only deterministic reconstruction: original last-view embeddings, same 5-fold scenario GroupKFold, ridge/logistic grid, seed and preprocessing; no nuPlan fitting/selection",0.8961048763514704,3454.423715891574,10.0,INCONCLUSIVE_NO_FROZEN_CROSS_DOMAIN_NUMERICAL_GATE,DEVELOPMENT_DIAGNOSTIC_EVIDENCE,ego13.rms_yaw_rate,lateral,continuous,80,79,"5,000 log-cluster Poisson bootstrap; development diagnostic only",R2,-3453.5276110152226,-7325.272795864216,-1467.8881049726335,0.2154426500187173,58.775229570076746,-0.0785278949835912,-0.0018959383437865678,nan,nan,NOT_APPLICABLE
B_seed3408,B,3408,dose75,ALL_DOSE_DESCRIPTIVE,Waymo Dynamic-v2 validation R0_DEVELOPMENT,nuPlan Stage7L historical development,"Waymo-only deterministic reconstruction: original last-view embeddings, same 5-fold scenario GroupKFold, ridge/logistic grid, seed and preprocessing; no nuPlan fitting/selection",0.7821898436472482,223.39837529904614,0.1,INCONCLUSIVE_NO_FROZEN_CROSS_DOMAIN_NUMERICAL_GATE,DEVELOPMENT_DIAGNOSTIC_EVIDENCE,ego13.heading_change_abs_total,lateral,continuous,80,79,"5,000 log-cluster Poisson bootstrap; development diagnostic only",R2,-222.6161854553989,-480.9650551716441,-92.8923630629296,0.5466075108140305,14.953801705766962,-0.16129864041256448,-0.009003193614891254,nan,nan,NOT_APPLICABLE
B_seed3408,B,3408,dose75,ALL_DOSE_DESCRIPTIVE,Waymo Dynamic-v2 validation R0_DEVELOPMENT,nuPlan Stage7L historical development,"Waymo-only deterministic reconstruction: original last-view embeddings, same 5-fold scenario GroupKFold, ridge/logistic grid, seed and preprocessing; no nuPlan fitting/selection",0.9900126944898615,0.0744282789054459,1000.0,INCONCLUSIVE_NO_FROZEN_CROSS_DOMAIN_NUMERICAL_GATE,DEVELOPMENT_DIAGNOSTIC_EVIDENCE,raw33.lane_change_count_proxy,lateral,categorical,80,79,"5,000 log-cluster Poisson bootstrap; development diagnostic only",balanced_accuracy,0.9155844155844156,0.4154806338028169,0.956143092105263,nan,nan,nan,nan,0.9913419913419914,0.6117954460619635,class_0=3; class_1=77
B_seed3408,B,3408,dose75,ALL_DOSE_DESCRIPTIVE,Waymo Dynamic-v2 validation R0_DEVELOPMENT,nuPlan Stage7L historical development,"Waymo-only deterministic reconstruction: original last-view embeddings, same 5-fold scenario GroupKFold, ridge/logistic grid, seed and preprocessing; no nuPlan fitting/selection",0.9347786523477366,-0.013636597419321106,0.1,INCONCLUSIVE_NO_FROZEN_CROSS_DOMAIN_NUMERICAL_GATE,DEVELOPMENT_DIAGNOSTIC_EVIDENCE,raw33.mean_front_distance,interaction,continuous,80,79,"5,000 log-cluster Poisson bootstrap; development diagnostic only",R2,0.9484152497670577,0.9121591043201976,0.9721283211531445,3.446284982849092,0.22712276467351825,0.9580342388272268,0.9643699829071858,nan,nan,NOT_APPLICABLE
B_seed3408,B,3408,dose75,ALL_DOSE_DESCRIPTIVE,Waymo Dynamic-v2 validation R0_DEVELOPMENT,nuPlan Stage7L historical development,"Waymo-only deterministic reconstruction: original last-view embeddings, same 5-fold scenario GroupKFold, ridge/logistic grid, seed and preprocessing; no nuPlan fitting/selection",0.9630323935758236,0.18595129072629168,1.0,INCONCLUSIVE_NO_FROZEN_CROSS_DOMAIN_NUMERICAL_GATE,DEVELOPMENT_DIAGNOSTIC_EVIDENCE,raw33.mean_rel_speed,interaction,continuous,80,79,"5,000 log-cluster Poisson bootstrap; development diagnostic only",R2,0.7770811028495319,0.7169171992644785,0.8412051197946154,2.9944065654371874,0.4721428778987014,0.9538412666677979,1.3880311523826367,nan,nan,NOT_APPLICABLE
B_seed3408,B,3408,dose75,ALL_DOSE_DESCRIPTIVE,Waymo Dynamic-v2 validation R0_DEVELOPMENT,nuPlan Stage7L historical development,"Waymo-only deterministic reconstruction: original last-view embeddings, same 5-fold scenario GroupKFold, ridge/logistic grid, seed and preprocessing; no nuPlan fitting/selection",0.9384079313090523,0.05419004363605262,0.01,INCONCLUSIVE_NO_FROZEN_CROSS_DOMAIN_NUMERICAL_GATE,DEVELOPMENT_DIAGNOSTIC_EVIDENCE,raw33.front_pressure_score,interaction,continuous,80,79,"5,000 log-cluster Poisson bootstrap; development diagnostic only",R2,0.8842178876729997,0.7469099774754738,0.9465989042856765,1.242108385852145,0.34026770685300173,0.7763702274155663,0.9234117488617061,nan,nan,NOT_APPLICABLE
B_seed3409,B,3409,dose75,ALL_DOSE_DESCRIPTIVE,Waymo Dynamic-v2 validation R0_DEVELOPMENT,nuPlan Stage7L historical development,"Waymo-only deterministic reconstruction: original last-view embeddings, same 5-fold scenario GroupKFold, ridge/logistic grid, seed and preprocessing; no nuPlan fitting/selection",0.9878089923747602,2.47675930700989,0.0001,INCONCLUSIVE_NO_FROZEN_CROSS_DOMAIN_NUMERICAL_GATE,DEVELOPMENT_DIAGNOSTIC_EVIDENCE,ego13.mean_speed,longitudinal,continuous,80,79,"5,000 log-cluster Poisson bootstrap; development diagnostic only",R2,-1.48895031463513,-2.8063739915461086,-0.5869620499346785,0.9899369228273315,1.5776407432096604,0.46010314111579936,0.2823691367769978,nan,nan,NOT_APPLICABLE
B_seed3409,B,3409,dose75,ALL_DOSE_DESCRIPTIVE,Waymo Dynamic-v2 validation R0_DEVELOPMENT,nuPlan Stage7L historical development,"Waymo-only deterministic reconstruction: original last-view embeddings, same 5-fold scenario GroupKFold, ridge/logistic grid, seed and preprocessing; no nuPlan fitting/selection",0.8270040637341315,3.000607924809311,0.0001,INCONCLUSIVE_NO_FROZEN_CROSS_DOMAIN_NUMERICAL_GATE,DEVELOPMENT_DIAGNOSTIC_EVIDENCE,ego13.end_minus_start_speed,longitudinal,continuous,80,79,"5,000 log-cluster Poisson bootstrap; development diagnostic only",R2,-2.1736038610751796,-5.283284096654173,-0.6032613094035154,2.5491625278172307,1.781461159013909,0.0885841537740272,0.11548704862591025,nan,nan,NOT_APPLICABLE
B_seed3409,B,3409,dose75,ALL_DOSE_DESCRIPTIVE,Waymo Dynamic-v2 validation R0_DEVELOPMENT,nuPlan Stage7L historical development,"Waymo-only deterministic reconstruction: original last-view embeddings, same 5-fold scenario GroupKFold, ridge/logistic grid, seed and preprocessing; no nuPlan fitting/selection",0.636336639785037,141.54854373623547,0.001,INCONCLUSIVE_NO_FROZEN_CROSS_DOMAIN_NUMERICAL_GATE,DEVELOPMENT_DIAGNOSTIC_EVIDENCE,ego13.rms_accel,longitudinal,continuous,80,79,"5,000 log-cluster Poisson bootstrap; development diagnostic only",R2,-140.91220709645043,-266.9501419400894,-88.49789712089691,1.4386105236059687,11.912691009862149,0.07393342709798406,0.026306370673458753,nan,nan,NOT_APPLICABLE
B_seed3409,B,3409,dose75,ALL_DOSE_DESCRIPTIVE,Waymo Dynamic-v2 validation R0_DEVELOPMENT,nuPlan Stage7L historical development,"Waymo-only deterministic reconstruction: original last-view embeddings, same 5-fold scenario GroupKFold, ridge/logistic grid, seed and preprocessing; no nuPlan fitting/selection",0.9366521546902096,104737.72669181011,1.0,INCONCLUSIVE_NO_FROZEN_CROSS_DOMAIN_NUMERICAL_GATE,DEVELOPMENT_DIAGNOSTIC_EVIDENCE,ego13.rms_yaw_rate,lateral,continuous,80,79,"5,000 log-cluster Poisson bootstrap; development diagnostic only",R2,-104736.79003965542,-177458.92724640874,-68191.95790601918,1.922286890302193,323.6321832569429,-0.08893577121425222,-0.0007317039536469897,nan,nan,NOT_APPLICABLE
B_seed3409,B,3409,dose75,ALL_DOSE_DESCRIPTIVE,Waymo Dynamic-v2 validation R0_DEVELOPMENT,nuPlan Stage7L historical development,"Waymo-only deterministic reconstruction: original last-view embeddings, same 5-fold scenario GroupKFold, ridge/logistic grid, seed and preprocessing; no nuPlan fitting/selection",0.9011377862412762,2740.005737899866,0.01,INCONCLUSIVE_NO_FROZEN_CROSS_DOMAIN_NUMERICAL_GATE,DEVELOPMENT_DIAGNOSTIC_EVIDENCE,ego13.heading_change_abs_total,lateral,continuous,80,79,"5,000 log-cluster Poisson bootstrap; development diagnostic only",R2,-2739.1046001136247,-4955.387042596686,-1722.383421960877,2.6621480488098133,52.3460084449008,-0.17456633849038913,-0.005711816255089204,nan,nan,NOT_APPLICABLE
B_seed3409,B,3409,dose75,ALL_DOSE_DESCRIPTIVE,Waymo Dynamic-v2 validation R0_DEVELOPMENT,nuPlan Stage7L historical development,"Waymo-only deterministic reconstruction: original last-view embeddings, same 5-fold scenario GroupKFold, ridge/logistic grid, seed and preprocessing; no nuPlan fitting/selection",0.98636924765079,-0.007137245855703411,10000.0,INCONCLUSIVE_NO_FROZEN_CROSS_DOMAIN_NUMERICAL_GATE,DEVELOPMENT_DIAGNOSTIC_EVIDENCE,raw33.lane_change_count_proxy,lateral,categorical,80,79,"5,000 log-cluster Poisson bootstrap; development diagnostic only",balanced_accuracy,0.9935064935064934,0.4936708860759494,1.0,nan,nan,nan,nan,1.0,0.9253034547152195,class_0=3; class_1=77
B_seed3409,B,3409,dose75,ALL_DOSE_DESCRIPTIVE,Waymo Dynamic-v2 validation R0_DEVELOPMENT,nuPlan Stage7L historical development,"Waymo-only deterministic reconstruction: original last-view embeddings, same 5-fold scenario GroupKFold, ridge/logistic grid, seed and preprocessing; no nuPlan fitting/selection",0.9390567147861557,0.005759393760063958,0.01,INCONCLUSIVE_NO_FROZEN_CROSS_DOMAIN_NUMERICAL_GATE,DEVELOPMENT_DIAGNOSTIC_EVIDENCE,raw33.mean_front_distance,interaction,continuous,80,79,"5,000 log-cluster Poisson bootstrap; development diagnostic only",R2,0.9332973210260918,0.8978260394643721,0.9609476181566623,3.9349109008880303,0.258268617865021,0.9543444233269294,1.044080449430189,nan,nan,NOT_APPLICABLE
B_seed3409,B,3409,dose75,ALL_DOSE_DESCRIPTIVE,Waymo Dynamic-v2 validation R0_DEVELOPMENT,nuPlan Stage7L historical development,"Waymo-only deterministic reconstruction: original last-view embeddings, same 5-fold scenario GroupKFold, ridge/logistic grid, seed and preprocessing; no nuPlan fitting/selection",0.9653444702360163,0.16396819200927926,0.01,INCONCLUSIVE_NO_FROZEN_CROSS_DOMAIN_NUMERICAL_GATE,DEVELOPMENT_DIAGNOSTIC_EVIDENCE,raw33.mean_rel_speed,interaction,continuous,80,79,"5,000 log-cluster Poisson bootstrap; development diagnostic only",R2,0.8013762782267371,0.7385413189424531,0.8660751074579123,2.8593668942077493,0.4456722133735318,0.9540329453950861,1.34956352738702,nan,nan,NOT_APPLICABLE
B_seed3409,B,3409,dose75,ALL_DOSE_DESCRIPTIVE,Waymo Dynamic-v2 validation R0_DEVELOPMENT,nuPlan Stage7L historical development,"Waymo-only deterministic reconstruction: original last-view embeddings, same 5-fold scenario GroupKFold, ridge/logistic grid, seed and preprocessing; no nuPlan fitting/selection",0.9480732118869497,0.06990064790372752,0.01,INCONCLUSIVE_NO_FROZEN_CROSS_DOMAIN_NUMERICAL_GATE,DEVELOPMENT_DIAGNOSTIC_EVIDENCE,raw33.front_pressure_score,interaction,continuous,80,79,"5,000 log-cluster Poisson bootstrap; development diagnostic only",R2,0.8781725639832222,0.7751736338854961,0.9301908975610113,1.4048516952423706,0.3490378718946954,0.663089953811327,0.8640399617179793,nan,nan,NOT_APPLICABLE
C_seed3407,C,3407,dose75,ALL_DOSE_DESCRIPTIVE,Waymo Dynamic-v2 validation R0_DEVELOPMENT,nuPlan Stage7L historical development,"Waymo-only deterministic reconstruction: original last-view embeddings, same 5-fold scenario GroupKFold, ridge/logistic grid, seed and preprocessing; no nuPlan fitting/selection",0.9895997177778074,5.1458149429434155,0.0001,INCONCLUSIVE_NO_FROZEN_CROSS_DOMAIN_NUMERICAL_GATE,DEVELOPMENT_DIAGNOSTIC_EVIDENCE,ego13.mean_speed,longitudinal,continuous,80,79,"5,000 log-cluster Poisson bootstrap; development diagnostic only",R2,-4.156215225165608,-6.146485801169704,-2.945378138711758,1.6683486723915362,2.2707301083936877,0.5919831223628692,0.4034427278090281,nan,nan,NOT_APPLICABLE
C_seed3407,C,3407,dose75,ALL_DOSE_DESCRIPTIVE,Waymo Dynamic-v2 validation R0_DEVELOPMENT,nuPlan Stage7L historical development,"Waymo-only deterministic reconstruction: original last-view embeddings, same 5-fold scenario GroupKFold, ridge/logistic grid, seed and preprocessing; no nuPlan fitting/selection",0.8982326772370824,2.2164560488592726,0.0001,INCONCLUSIVE_NO_FROZEN_CROSS_DOMAIN_NUMERICAL_GATE,DEVELOPMENT_DIAGNOSTIC_EVIDENCE,ego13.end_minus_start_speed,longitudinal,continuous,80,79,"5,000 log-cluster Poisson bootstrap; development diagnostic only",R2,-1.31822337162219,-2.3736475240663477,-0.7627181472148823,2.6305031096151312,1.5225713026397778,-0.3402719174871074,-0.4521800309771235,nan,nan,NOT_APPLICABLE
C_seed3407,C,3407,dose75,ALL_DOSE_DESCRIPTIVE,Waymo Dynamic-v2 validation R0_DEVELOPMENT,nuPlan Stage7L historical development,"Waymo-only deterministic reconstruction: original last-view embeddings, same 5-fold scenario GroupKFold, ridge/logistic grid, seed and preprocessing; no nuPlan fitting/selection",0.6235614624040083,19.737067612325827,0.01,INCONCLUSIVE_NO_FROZEN_CROSS_DOMAIN_NUMERICAL_GATE,DEVELOPMENT_DIAGNOSTIC_EVIDENCE,ego13.rms_accel,longitudinal,continuous,80,79,"5,000 log-cluster Poisson bootstrap; development diagnostic only",R2,-19.113506149921818,-35.781639736897844,-11.91880022849207,0.5155979824080621,4.484808373823995,-0.010736052508204407,0.0016736425367414969,nan,nan,NOT_APPLICABLE
C_seed3407,C,3407,dose75,ALL_DOSE_DESCRIPTIVE,Waymo Dynamic-v2 validation R0_DEVELOPMENT,nuPlan Stage7L historical development,"Waymo-only deterministic reconstruction: original last-view embeddings, same 5-fold scenario GroupKFold, ridge/logistic grid, seed and preprocessing; no nuPlan fitting/selection",0.9198773897719654,24.492994818705238,10.0,INCONCLUSIVE_NO_FROZEN_CROSS_DOMAIN_NUMERICAL_GATE,DEVELOPMENT_DIAGNOSTIC_EVIDENCE,ego13.rms_yaw_rate,lateral,continuous,80,79,"5,000 log-cluster Poisson bootstrap; development diagnostic only",R2,-23.573117428933273,-41.58994859926456,-14.736130377400134,0.02778289940817812,4.957127941553787,0.24430379746835446,0.05732821905736551,nan,nan,NOT_APPLICABLE
C_seed3407,C,3407,dose75,ALL_DOSE_DESCRIPTIVE,Waymo Dynamic-v2 validation R0_DEVELOPMENT,nuPlan Stage7L historical development,"Waymo-only deterministic reconstruction: original last-view embeddings, same 5-fold scenario GroupKFold, ridge/logistic grid, seed and preprocessing; no nuPlan fitting/selection",0.8181066066176717,34.1612718075328,0.001,INCONCLUSIVE_NO_FROZEN_CROSS_DOMAIN_NUMERICAL_GATE,DEVELOPMENT_DIAGNOSTIC_EVIDENCE,ego13.heading_change_abs_total,lateral,continuous,80,79,"5,000 log-cluster Poisson bootstrap; development diagnostic only",R2,-33.34316520091513,-58.60609418157723,-21.455672092228824,0.30814002245264044,5.860304190135111,0.14641350210970466,0.08148725462733665,nan,nan,NOT_APPLICABLE
C_seed3407,C,3407,dose75,ALL_DOSE_DESCRIPTIVE,Waymo Dynamic-v2 validation R0_DEVELOPMENT,nuPlan Stage7L historical development,"Waymo-only deterministic reconstruction: original last-view embeddings, same 5-fold scenario GroupKFold, ridge/logistic grid, seed and preprocessing; no nuPlan fitting/selection",0.9905419699380127,0.08794456734061007,1000.0,INCONCLUSIVE_NO_FROZEN_CROSS_DOMAIN_NUMERICAL_GATE,DEVELOPMENT_DIAGNOSTIC_EVIDENCE,raw33.lane_change_count_proxy,lateral,categorical,80,79,"5,000 log-cluster Poisson bootstrap; development diagnostic only",balanced_accuracy,0.9025974025974026,0.4025934431422237,0.9459459459459459,nan,nan,nan,nan,0.948051948051948,0.5889003083247688,class_0=3; class_1=77
C_seed3407,C,3407,dose75,ALL_DOSE_DESCRIPTIVE,Waymo Dynamic-v2 validation R0_DEVELOPMENT,nuPlan Stage7L historical development,"Waymo-only deterministic reconstruction: original last-view embeddings, same 5-fold scenario GroupKFold, ridge/logistic grid, seed and preprocessing; no nuPlan fitting/selection",0.9415579768830545,-0.00014369418351856122,0.001,INCONCLUSIVE_NO_FROZEN_CROSS_DOMAIN_NUMERICAL_GATE,DEVELOPMENT_DIAGNOSTIC_EVIDENCE,raw33.mean_front_distance,interaction,continuous,80,79,"5,000 log-cluster Poisson bootstrap; development diagnostic only",R2,0.9417016710665731,0.9091979675532846,0.964601942200809,3.8400590107000196,0.24145046890289304,0.9546559012587726,0.9970872166245804,nan,nan,NOT_APPLICABLE
C_seed3407,C,3407,dose75,ALL_DOSE_DESCRIPTIVE,Waymo Dynamic-v2 validation R0_DEVELOPMENT,nuPlan Stage7L historical development,"Waymo-only deterministic reconstruction: original last-view embeddings, same 5-fold scenario GroupKFold, ridge/logistic grid, seed and preprocessing; no nuPlan fitting/selection",0.9667963027903125,0.23511965747573116,0.001,INCONCLUSIVE_NO_FROZEN_CROSS_DOMAIN_NUMERICAL_GATE,DEVELOPMENT_DIAGNOSTIC_EVIDENCE,raw33.mean_rel_speed,interaction,continuous,80,79,"5,000 log-cluster Poisson bootstrap; development diagnostic only",R2,0.7316766453145813,0.66798055487884,0.8010656644407801,3.3037260968909044,0.5179993771091029,0.9567643672589428,1.5063495683560546,nan,nan,NOT_APPLICABLE
C_seed3407,C,3407,dose75,ALL_DOSE_DESCRIPTIVE,Waymo Dynamic-v2 validation R0_DEVELOPMENT,nuPlan Stage7L historical development,"Waymo-only deterministic reconstruction: original last-view embeddings, same 5-fold scenario GroupKFold, ridge/logistic grid, seed and preprocessing; no nuPlan fitting/selection",0.9482771561173481,0.08435242785637798,0.001,INCONCLUSIVE_NO_FROZEN_CROSS_DOMAIN_NUMERICAL_GATE,DEVELOPMENT_DIAGNOSTIC_EVIDENCE,raw33.front_pressure_score,interaction,continuous,80,79,"5,000 log-cluster Poisson bootstrap; development diagnostic only",R2,0.8639247282609701,0.7311344730189265,0.9310232841427296,1.3310552538907252,0.36888381875467224,0.7791792631689043,0.887859349175205,nan,nan,NOT_APPLICABLE
C_seed3408,C,3408,dose75,ALL_DOSE_DESCRIPTIVE,Waymo Dynamic-v2 validation R0_DEVELOPMENT,nuPlan Stage7L historical development,"Waymo-only deterministic reconstruction: original last-view embeddings, same 5-fold scenario GroupKFold, ridge/logistic grid, seed and preprocessing; no nuPlan fitting/selection",0.9894953273194529,1.5629080513745355,0.001,INCONCLUSIVE_NO_FROZEN_CROSS_DOMAIN_NUMERICAL_GATE,DEVELOPMENT_DIAGNOSTIC_EVIDENCE,ego13.mean_speed,longitudinal,continuous,80,79,"5,000 log-cluster Poisson bootstrap; development diagnostic only",R2,-0.5734127240550826,-1.1694446716402536,-0.22100565464154365,0.9896623610322427,1.2543574945186409,0.6347866854195968,0.5005188361143377,nan,nan,NOT_APPLICABLE
C_seed3408,C,3408,dose75,ALL_DOSE_DESCRIPTIVE,Waymo Dynamic-v2 validation R0_DEVELOPMENT,nuPlan Stage7L historical development,"Waymo-only deterministic reconstruction: original last-view embeddings, same 5-fold scenario GroupKFold, ridge/logistic grid, seed and preprocessing; no nuPlan fitting/selection",0.9127948126401422,2.26363043643391,0.001,INCONCLUSIVE_NO_FROZEN_CROSS_DOMAIN_NUMERICAL_GATE,DEVELOPMENT_DIAGNOSTIC_EVIDENCE,ego13.end_minus_start_speed,longitudinal,continuous,80,79,"5,000 log-cluster Poisson bootstrap; development diagnostic only",R2,-1.3508356237937678,-2.825592078871325,-0.5882343101485235,2.7455317188080572,1.5332434978808056,0.49871073605250826,0.7985495669203981,nan,nan,NOT_APPLICABLE
C_seed3408,C,3408,dose75,ALL_DOSE_DESCRIPTIVE,Waymo Dynamic-v2 validation R0_DEVELOPMENT,nuPlan Stage7L historical development,"Waymo-only deterministic reconstruction: original last-view embeddings, same 5-fold scenario GroupKFold, ridge/logistic grid, seed and preprocessing; no nuPlan fitting/selection",0.6429400860487352,214.43839784550204,0.001,INCONCLUSIVE_NO_FROZEN_CROSS_DOMAIN_NUMERICAL_GATE,DEVELOPMENT_DIAGNOSTIC_EVIDENCE,ego13.rms_accel,longitudinal,continuous,80,79,"5,000 log-cluster Poisson bootstrap; development diagnostic only",R2,-213.7954577594533,-411.24055032031737,-129.64226600049918,1.8471221509818831,14.655901806420966,-0.11472105016408814,0.0199405447656148,nan,nan,NOT_APPLICABLE
C_seed3408,C,3408,dose75,ALL_DOSE_DESCRIPTIVE,Waymo Dynamic-v2 validation R0_DEVELOPMENT,nuPlan Stage7L historical development,"Waymo-only deterministic reconstruction: original last-view embeddings, same 5-fold scenario GroupKFold, ridge/logistic grid, seed and preprocessing; no nuPlan fitting/selection",0.9097995939957749,150.28355156563975,0.01,INCONCLUSIVE_NO_FROZEN_CROSS_DOMAIN_NUMERICAL_GATE,DEVELOPMENT_DIAGNOSTIC_EVIDENCE,ego13.rms_yaw_rate,lateral,continuous,80,79,"5,000 log-cluster Poisson bootstrap; development diagnostic only",R2,-149.37375197164397,-365.58380865014874,-54.29246336243153,0.055601057965766934,12.26269758134987,0.15586029067041726,0.010647163784854185,nan,nan,NOT_APPLICABLE
C_seed3408,C,3408,dose75,ALL_DOSE_DESCRIPTIVE,Waymo Dynamic-v2 validation R0_DEVELOPMENT,nuPlan Stage7L historical development,"Waymo-only deterministic reconstruction: original last-view embeddings, same 5-fold scenario GroupKFold, ridge/logistic grid, seed and preprocessing; no nuPlan fitting/selection",0.8185948057671155,42.395176579206236,0.0001,INCONCLUSIVE_NO_FROZEN_CROSS_DOMAIN_NUMERICAL_GATE,DEVELOPMENT_DIAGNOSTIC_EVIDENCE,ego13.heading_change_abs_total,lateral,continuous,80,79,"5,000 log-cluster Poisson bootstrap; development diagnostic only",R2,-41.57658177343912,-70.27045503612165,-26.327406599171084,0.34330570867917776,6.525073315560456,-0.09728082512892641,-0.024309345293325922,nan,nan,NOT_APPLICABLE
C_seed3408,C,3408,dose75,ALL_DOSE_DESCRIPTIVE,Waymo Dynamic-v2 validation R0_DEVELOPMENT,nuPlan Stage7L historical development,"Waymo-only deterministic reconstruction: original last-view embeddings, same 5-fold scenario GroupKFold, ridge/logistic grid, seed and preprocessing; no nuPlan fitting/selection",0.9925426901234252,0.037997235577970634,100.0,INCONCLUSIVE_NO_FROZEN_CROSS_DOMAIN_NUMERICAL_GATE,DEVELOPMENT_DIAGNOSTIC_EVIDENCE,raw33.lane_change_count_proxy,lateral,categorical,80,79,"5,000 log-cluster Poisson bootstrap; development diagnostic only",balanced_accuracy,0.9545454545454546,0.45521968807647156,0.9833333333333334,nan,nan,nan,nan,1.0,0.7069597069597069,class_0=3; class_1=77
C_seed3408,C,3408,dose75,ALL_DOSE_DESCRIPTIVE,Waymo Dynamic-v2 validation R0_DEVELOPMENT,nuPlan Stage7L historical development,"Waymo-only deterministic reconstruction: original last-view embeddings, same 5-fold scenario GroupKFold, ridge/logistic grid, seed and preprocessing; no nuPlan fitting/selection",0.9391549300319181,-0.009773978487416346,0.001,INCONCLUSIVE_NO_FROZEN_CROSS_DOMAIN_NUMERICAL_GATE,DEVELOPMENT_DIAGNOSTIC_EVIDENCE,raw33.mean_front_distance,interaction,continuous,80,79,"5,000 log-cluster Poisson bootstrap; development diagnostic only",R2,0.9489289085193344,0.918306956415678,0.9701509197472914,3.458969452481667,0.22598914018303093,0.9552069775997263,1.0150221995238604,nan,nan,NOT_APPLICABLE
C_seed3408,C,3408,dose75,ALL_DOSE_DESCRIPTIVE,Waymo Dynamic-v2 validation R0_DEVELOPMENT,nuPlan Stage7L historical development,"Waymo-only deterministic reconstruction: original last-view embeddings, same 5-fold scenario GroupKFold, ridge/logistic grid, seed and preprocessing; no nuPlan fitting/selection",0.9651703429214011,0.21886243408589623,0.01,INCONCLUSIVE_NO_FROZEN_CROSS_DOMAIN_NUMERICAL_GATE,DEVELOPMENT_DIAGNOSTIC_EVIDENCE,raw33.mean_rel_speed,interaction,continuous,80,79,"5,000 log-cluster Poisson bootstrap; development diagnostic only",R2,0.7463079088355049,0.6680047524886651,0.8220521480085806,3.1953122560458858,0.5036785593654896,0.9478752662809534,1.4443344430796112,nan,nan,NOT_APPLICABLE
C_seed3408,C,3408,dose75,ALL_DOSE_DESCRIPTIVE,Waymo Dynamic-v2 validation R0_DEVELOPMENT,nuPlan Stage7L historical development,"Waymo-only deterministic reconstruction: original last-view embeddings, same 5-fold scenario GroupKFold, ridge/logistic grid, seed and preprocessing; no nuPlan fitting/selection",0.9422504606184756,0.08806753630729713,0.01,INCONCLUSIVE_NO_FROZEN_CROSS_DOMAIN_NUMERICAL_GATE,DEVELOPMENT_DIAGNOSTIC_EVIDENCE,raw33.front_pressure_score,interaction,continuous,80,79,"5,000 log-cluster Poisson bootstrap; development diagnostic only",R2,0.8541829243111785,0.6964571964253577,0.9406479033239101,1.1829894879629224,0.38186002106638695,0.816038012679994,0.9441374225702579,nan,nan,NOT_APPLICABLE
C_seed3409,C,3409,dose75,ALL_DOSE_DESCRIPTIVE,Waymo Dynamic-v2 validation R0_DEVELOPMENT,nuPlan Stage7L historical development,"Waymo-only deterministic reconstruction: original last-view embeddings, same 5-fold scenario GroupKFold, ridge/logistic grid, seed and preprocessing; no nuPlan fitting/selection",0.9913699346659731,2.0187256139975513,0.001,INCONCLUSIVE_NO_FROZEN_CROSS_DOMAIN_NUMERICAL_GATE,DEVELOPMENT_DIAGNOSTIC_EVIDENCE,ego13.mean_speed,longitudinal,continuous,80,79,"5,000 log-cluster Poisson bootstrap; development diagnostic only",R2,-1.0273556793315781,-1.7006734385432174,-0.6126142041250456,1.0636867674312889,1.4238524078469572,0.8040553211439287,0.581275889019792,nan,nan,NOT_APPLICABLE
C_seed3409,C,3409,dose75,ALL_DOSE_DESCRIPTIVE,Waymo Dynamic-v2 validation R0_DEVELOPMENT,nuPlan Stage7L historical development,"Waymo-only deterministic reconstruction: original last-view embeddings, same 5-fold scenario GroupKFold, ridge/logistic grid, seed and preprocessing; no nuPlan fitting/selection",0.8416145449647453,1.8406949219104898,0.001,INCONCLUSIVE_NO_FROZEN_CROSS_DOMAIN_NUMERICAL_GATE,DEVELOPMENT_DIAGNOSTIC_EVIDENCE,ego13.end_minus_start_speed,longitudinal,continuous,80,79,"5,000 log-cluster Poisson bootstrap; development diagnostic only",R2,-0.9990803769457446,-2.207300047328255,-0.33830009485674856,2.3225181911714166,1.4138883891402971,-0.09606188466947961,0.1924501647709985,nan,nan,NOT_APPLICABLE
C_seed3409,C,3409,dose75,ALL_DOSE_DESCRIPTIVE,Waymo Dynamic-v2 validation R0_DEVELOPMENT,nuPlan Stage7L historical development,"Waymo-only deterministic reconstruction: original last-view embeddings, same 5-fold scenario GroupKFold, ridge/logistic grid, seed and preprocessing; no nuPlan fitting/selection",0.6476542160309342,44.16680471345122,0.001,INCONCLUSIVE_NO_FROZEN_CROSS_DOMAIN_NUMERICAL_GATE,DEVELOPMENT_DIAGNOSTIC_EVIDENCE,ego13.rms_accel,longitudinal,continuous,80,79,"5,000 log-cluster Poisson bootstrap; development diagnostic only",R2,-43.519150497420284,-89.0472536270781,-23.282358162110594,0.7084980940908148,6.672267268134595,0.14786685419596812,0.0027699679949406654,nan,nan,NOT_APPLICABLE
C_seed3409,C,3409,dose75,ALL_DOSE_DESCRIPTIVE,Waymo Dynamic-v2 validation R0_DEVELOPMENT,nuPlan Stage7L historical development,"Waymo-only deterministic reconstruction: original last-view embeddings, same 5-fold scenario GroupKFold, ridge/logistic grid, seed and preprocessing; no nuPlan fitting/selection",0.9108579067530178,281.55286279575796,0.01,INCONCLUSIVE_NO_FROZEN_CROSS_DOMAIN_NUMERICAL_GATE,DEVELOPMENT_DIAGNOSTIC_EVIDENCE,ego13.rms_yaw_rate,lateral,continuous,80,79,"5,000 log-cluster Poisson bootstrap; development diagnostic only",R2,-280.64200488900497,-688.9337056681522,-107.49658057340473,0.078932302167424,16.782193089373184,-0.21319737458977966,-0.006855638719014097,nan,nan,NOT_APPLICABLE
C_seed3409,C,3409,dose75,ALL_DOSE_DESCRIPTIVE,Waymo Dynamic-v2 validation R0_DEVELOPMENT,nuPlan Stage7L historical development,"Waymo-only deterministic reconstruction: original last-view embeddings, same 5-fold scenario GroupKFold, ridge/logistic grid, seed and preprocessing; no nuPlan fitting/selection",0.8490852258632745,45.32096567823868,0.001,INCONCLUSIVE_NO_FROZEN_CROSS_DOMAIN_NUMERICAL_GATE,DEVELOPMENT_DIAGNOSTIC_EVIDENCE,ego13.heading_change_abs_total,lateral,continuous,80,79,"5,000 log-cluster Poisson bootstrap; development diagnostic only",R2,-44.4718804523754,-80.03734832410031,-25.792178838925373,0.3244739114833136,6.743284099930493,0.008321612751992499,0.03601869053160449,nan,nan,NOT_APPLICABLE
C_seed3409,C,3409,dose75,ALL_DOSE_DESCRIPTIVE,Waymo Dynamic-v2 validation R0_DEVELOPMENT,nuPlan Stage7L historical development,"Waymo-only deterministic reconstruction: original last-view embeddings, same 5-fold scenario GroupKFold, ridge/logistic grid, seed and preprocessing; no nuPlan fitting/selection",0.9921921279759764,0.06362069940454784,10000.0,INCONCLUSIVE_NO_FROZEN_CROSS_DOMAIN_NUMERICAL_GATE,DEVELOPMENT_DIAGNOSTIC_EVIDENCE,raw33.lane_change_count_proxy,lateral,categorical,80,79,"5,000 log-cluster Poisson bootstrap; development diagnostic only",balanced_accuracy,0.9285714285714286,0.4295523138832998,0.9647887323943662,nan,nan,nan,nan,1.0,0.6380090497737557,class_0=3; class_1=77
C_seed3409,C,3409,dose75,ALL_DOSE_DESCRIPTIVE,Waymo Dynamic-v2 validation R0_DEVELOPMENT,nuPlan Stage7L historical development,"Waymo-only deterministic reconstruction: original last-view embeddings, same 5-fold scenario GroupKFold, ridge/logistic grid, seed and preprocessing; no nuPlan fitting/selection",0.9315404891125446,-0.015049259109564894,0.001,INCONCLUSIVE_NO_FROZEN_CROSS_DOMAIN_NUMERICAL_GATE,DEVELOPMENT_DIAGNOSTIC_EVIDENCE,raw33.mean_front_distance,interaction,continuous,80,79,"5,000 log-cluster Poisson bootstrap; development diagnostic only",R2,0.9465897482221095,0.9134369586431381,0.9679402503571775,3.7290201298982004,0.23110658099217027,0.9616761346457022,0.9716866122764891,nan,nan,NOT_APPLICABLE
C_seed3409,C,3409,dose75,ALL_DOSE_DESCRIPTIVE,Waymo Dynamic-v2 validation R0_DEVELOPMENT,nuPlan Stage7L historical development,"Waymo-only deterministic reconstruction: original last-view embeddings, same 5-fold scenario GroupKFold, ridge/logistic grid, seed and preprocessing; no nuPlan fitting/selection",0.9620677322945709,0.27640112879084977,0.001,INCONCLUSIVE_NO_FROZEN_CROSS_DOMAIN_NUMERICAL_GATE,DEVELOPMENT_DIAGNOSTIC_EVIDENCE,raw33.mean_rel_speed,interaction,continuous,80,79,"5,000 log-cluster Poisson bootstrap; development diagnostic only",R2,0.6856666035037211,0.5875334894516455,0.7770413426757917,3.614754217914347,0.5606544359017227,0.9420410450191196,1.4502559659272363,nan,nan,NOT_APPLICABLE
C_seed3409,C,3409,dose75,ALL_DOSE_DESCRIPTIVE,Waymo Dynamic-v2 validation R0_DEVELOPMENT,nuPlan Stage7L historical development,"Waymo-only deterministic reconstruction: original last-view embeddings, same 5-fold scenario GroupKFold, ridge/logistic grid, seed and preprocessing; no nuPlan fitting/selection",0.9406291625592027,0.10160186587721942,0.001,INCONCLUSIVE_NO_FROZEN_CROSS_DOMAIN_NUMERICAL_GATE,DEVELOPMENT_DIAGNOSTIC_EVIDENCE,raw33.front_pressure_score,interaction,continuous,80,79,"5,000 log-cluster Poisson bootstrap; development diagnostic only",R2,0.8390272966819833,0.6658601152512232,0.9318522740702274,1.2563140095905196,0.401214036790859,0.8269328709756508,0.8331209114646082,nan,nan,NOT_APPLICABLE
old64,old64,NOT_APPLICABLE,dose100,PRIMARY,Waymo Dynamic-v2 validation R0_DEVELOPMENT,nuPlan Stage7L historical development,"Waymo-only deterministic reconstruction: original last-view embeddings, same 5-fold scenario GroupKFold, ridge/logistic grid, seed and preprocessing; no nuPlan fitting/selection",0.8648257412742769,10.452476122067377,1.0,INCONCLUSIVE_NO_FROZEN_CROSS_DOMAIN_NUMERICAL_GATE,DEVELOPMENT_DIAGNOSTIC_EVIDENCE,ego13.mean_speed,longitudinal,continuous,80,79,"5,000 log-cluster Poisson bootstrap; development diagnostic only",R2,-9.5876503807931,-13.698983736974043,-6.871355493268576,2.391656196520081,3.2538669887985745,0.4810126582278481,0.18642577675942504,nan,nan,NOT_APPLICABLE
old64,old64,NOT_APPLICABLE,dose100,PRIMARY,Waymo Dynamic-v2 validation R0_DEVELOPMENT,nuPlan Stage7L historical development,"Waymo-only deterministic reconstruction: original last-view embeddings, same 5-fold scenario GroupKFold, ridge/logistic grid, seed and preprocessing; no nuPlan fitting/selection",0.6627768973344081,6.687550974951993,0.1,INCONCLUSIVE_NO_FROZEN_CROSS_DOMAIN_NUMERICAL_GATE,DEVELOPMENT_DIAGNOSTIC_EVIDENCE,ego13.end_minus_start_speed,longitudinal,continuous,80,79,"5,000 log-cluster Poisson bootstrap; development diagnostic only",R2,-6.024774077617585,-10.718795931843934,-3.483312410633829,4.509450916725685,2.650429036517972,0.6450070323488046,0.21706274164320502,nan,nan,NOT_APPLICABLE
old64,old64,NOT_APPLICABLE,dose100,PRIMARY,Waymo Dynamic-v2 validation R0_DEVELOPMENT,nuPlan Stage7L historical development,"Waymo-only deterministic reconstruction: original last-view embeddings, same 5-fold scenario GroupKFold, ridge/logistic grid, seed and preprocessing; no nuPlan fitting/selection",0.7704677315598866,21.24019735443558,100.0,INCONCLUSIVE_NO_FROZEN_CROSS_DOMAIN_NUMERICAL_GATE,DEVELOPMENT_DIAGNOSTIC_EVIDENCE,ego13.rms_accel,longitudinal,continuous,80,79,"5,000 log-cluster Poisson bootstrap; development diagnostic only",R2,-20.469729622875693,-36.63440375922085,-12.18651392822875,0.5246380758063011,4.633543959311888,-0.37318330989217063,-0.0911236399827189,nan,nan,NOT_APPLICABLE
old64,old64,NOT_APPLICABLE,dose100,PRIMARY,Waymo Dynamic-v2 validation R0_DEVELOPMENT,nuPlan Stage7L historical development,"Waymo-only deterministic reconstruction: original last-view embeddings, same 5-fold scenario GroupKFold, ridge/logistic grid, seed and preprocessing; no nuPlan fitting/selection",0.9251043994848664,163.1342471114244,10.0,INCONCLUSIVE_NO_FROZEN_CROSS_DOMAIN_NUMERICAL_GATE,DEVELOPMENT_DIAGNOSTIC_EVIDENCE,ego13.rms_yaw_rate,lateral,continuous,80,79,"5,000 log-cluster Poisson bootstrap; development diagnostic only",R2,-162.20914271193953,-526.8802237775038,-17.015153837893756,0.03716211060755398,12.775333369894483,-0.18797468354430383,-0.013349790305142467,nan,nan,NOT_APPLICABLE
old64,old64,NOT_APPLICABLE,dose100,PRIMARY,Waymo Dynamic-v2 validation R0_DEVELOPMENT,nuPlan Stage7L historical development,"Waymo-only deterministic reconstruction: original last-view embeddings, same 5-fold scenario GroupKFold, ridge/logistic grid, seed and preprocessing; no nuPlan fitting/selection",0.8659183333811538,34.02725033716012,100.0,INCONCLUSIVE_NO_FROZEN_CROSS_DOMAIN_NUMERICAL_GATE,DEVELOPMENT_DIAGNOSTIC_EVIDENCE,ego13.heading_change_abs_total,lateral,continuous,80,79,"5,000 log-cluster Poisson bootstrap; development diagnostic only",R2,-33.161332003778966,-59.35559991753881,-19.70837108378768,0.3014137289078221,5.844769627947621,-0.03326300984528832,-0.01325270254127368,nan,nan,NOT_APPLICABLE
old64,old64,NOT_APPLICABLE,dose100,PRIMARY,Waymo Dynamic-v2 validation R0_DEVELOPMENT,nuPlan Stage7L historical development,"Waymo-only deterministic reconstruction: original last-view embeddings, same 5-fold scenario GroupKFold, ridge/logistic grid, seed and preprocessing; no nuPlan fitting/selection",0.9896798604076514,0.04812141884920995,10.0,INCONCLUSIVE_NO_FROZEN_CROSS_DOMAIN_NUMERICAL_GATE,DEVELOPMENT_DIAGNOSTIC_EVIDENCE,raw33.lane_change_count_proxy,lateral,categorical,80,79,"5,000 log-cluster Poisson bootstrap; development diagnostic only",balanced_accuracy,0.9415584415584415,0.4454509943181818,0.9746914556962024,nan,nan,nan,nan,0.9393939393939394,0.6689655172413793,class_0=3; class_1=77
old64,old64,NOT_APPLICABLE,dose100,PRIMARY,Waymo Dynamic-v2 validation R0_DEVELOPMENT,nuPlan Stage7L historical development,"Waymo-only deterministic reconstruction: original last-view embeddings, same 5-fold scenario GroupKFold, ridge/logistic grid, seed and preprocessing; no nuPlan fitting/selection",0.5599802102191224,-0.006994433918072862,1.0,INCONCLUSIVE_NO_FROZEN_CROSS_DOMAIN_NUMERICAL_GATE,DEVELOPMENT_DIAGNOSTIC_EVIDENCE,raw33.mean_front_distance,interaction,continuous,80,79,"5,000 log-cluster Poisson bootstrap; development diagnostic only",R2,0.5669746441371952,0.4374986752721229,0.6705728579402853,12.703235228864521,0.6580466213444187,0.8402063673251388,1.461345356955188,nan,nan,NOT_APPLICABLE
old64,old64,NOT_APPLICABLE,dose100,PRIMARY,Waymo Dynamic-v2 validation R0_DEVELOPMENT,nuPlan Stage7L historical development,"Waymo-only deterministic reconstruction: original last-view embeddings, same 5-fold scenario GroupKFold, ridge/logistic grid, seed and preprocessing; no nuPlan fitting/selection",0.6867622563554483,0.21226625290078882,1.0,INCONCLUSIVE_NO_FROZEN_CROSS_DOMAIN_NUMERICAL_GATE,DEVELOPMENT_DIAGNOSTIC_EVIDENCE,raw33.mean_rel_speed,interaction,continuous,80,79,"5,000 log-cluster Poisson bootstrap; development diagnostic only",R2,0.4744960034546595,0.3707405437101622,0.5627179178363783,6.040945586376503,0.724916544538294,0.8164029222130973,1.8379104139174203,nan,nan,NOT_APPLICABLE
old64,old64,NOT_APPLICABLE,dose100,PRIMARY,Waymo Dynamic-v2 validation R0_DEVELOPMENT,nuPlan Stage7L historical development,"Waymo-only deterministic reconstruction: original last-view embeddings, same 5-fold scenario GroupKFold, ridge/logistic grid, seed and preprocessing; no nuPlan fitting/selection",0.5653747980946089,0.22679617634123028,1.0,INCONCLUSIVE_NO_FROZEN_CROSS_DOMAIN_NUMERICAL_GATE,DEVELOPMENT_DIAGNOSTIC_EVIDENCE,raw33.front_pressure_score,interaction,continuous,80,79,"5,000 log-cluster Poisson bootstrap; development diagnostic only",R2,0.3385786217533786,-0.02176036784617681,0.5653730248993644,3.3266648881354506,0.8132781678162898,0.6547292944559928,0.8080070155346362,nan,nan,NOT_APPLICABLE
A_seed3407,A,3407,dose100,PRIMARY,Waymo Dynamic-v2 validation R0_DEVELOPMENT,nuPlan Stage7L historical development,"Waymo-only deterministic reconstruction: original last-view embeddings, same 5-fold scenario GroupKFold, ridge/logistic grid, seed and preprocessing; no nuPlan fitting/selection",0.9088109253928247,19.42821350095507,0.01,INCONCLUSIVE_NO_FROZEN_CROSS_DOMAIN_NUMERICAL_GATE,DEVELOPMENT_DIAGNOSTIC_EVIDENCE,ego13.mean_speed,longitudinal,continuous,80,79,"5,000 log-cluster Poisson bootstrap; development diagnostic only",R2,-18.519402575562246,-28.553859148382124,-11.652383202027517,2.8289505198482097,4.41807679602361,0.31228316924519456,0.11203592154042566,nan,nan,NOT_APPLICABLE
A_seed3407,A,3407,dose100,PRIMARY,Waymo Dynamic-v2 validation R0_DEVELOPMENT,nuPlan Stage7L historical development,"Waymo-only deterministic reconstruction: original last-view embeddings, same 5-fold scenario GroupKFold, ridge/logistic grid, seed and preprocessing; no nuPlan fitting/selection",0.8771760367899443,1.2056601510953504,0.001,INCONCLUSIVE_NO_FROZEN_CROSS_DOMAIN_NUMERICAL_GATE,DEVELOPMENT_DIAGNOSTIC_EVIDENCE,ego13.end_minus_start_speed,longitudinal,continuous,80,79,"5,000 log-cluster Poisson bootstrap; development diagnostic only",R2,-0.32848411430540625,-0.7649191873582442,-0.0011045502228683537,1.867777901759132,1.1525988522922475,0.4498827941865917,0.8675638301422812,nan,nan,NOT_APPLICABLE
A_seed3407,A,3407,dose100,PRIMARY,Waymo Dynamic-v2 validation R0_DEVELOPMENT,nuPlan Stage7L historical development,"Waymo-only deterministic reconstruction: original last-view embeddings, same 5-fold scenario GroupKFold, ridge/logistic grid, seed and preprocessing; no nuPlan fitting/selection",0.8160173319616622,22.6643137357104,1.0,INCONCLUSIVE_NO_FROZEN_CROSS_DOMAIN_NUMERICAL_GATE,DEVELOPMENT_DIAGNOSTIC_EVIDENCE,ego13.rms_accel,longitudinal,continuous,80,79,"5,000 log-cluster Poisson bootstrap; development diagnostic only",R2,-21.84829640374874,-39.44843013506713,-12.37661972103318,0.4726345957551989,4.77998916355976,-0.2506329113924051,-0.09355650765198534,nan,nan,NOT_APPLICABLE
A_seed3407,A,3407,dose100,PRIMARY,Waymo Dynamic-v2 validation R0_DEVELOPMENT,nuPlan Stage7L historical development,"Waymo-only deterministic reconstruction: original last-view embeddings, same 5-fold scenario GroupKFold, ridge/logistic grid, seed and preprocessing; no nuPlan fitting/selection",0.9045391831340385,63.9679772954079,0.01,INCONCLUSIVE_NO_FROZEN_CROSS_DOMAIN_NUMERICAL_GATE,DEVELOPMENT_DIAGNOSTIC_EVIDENCE,ego13.rms_yaw_rate,lateral,continuous,80,79,"5,000 log-cluster Poisson bootstrap; development diagnostic only",R2,-63.06343811227386,-108.99235215130071,-37.75301321807304,0.04545394918454511,8.003963899985672,-0.13190342240975153,-0.012280896696221831,nan,nan,NOT_APPLICABLE
A_seed3407,A,3407,dose100,PRIMARY,Waymo Dynamic-v2 validation R0_DEVELOPMENT,nuPlan Stage7L historical development,"Waymo-only deterministic reconstruction: original last-view embeddings, same 5-fold scenario GroupKFold, ridge/logistic grid, seed and preprocessing; no nuPlan fitting/selection",0.8757503837050287,17.061344136723427,1.0,INCONCLUSIVE_NO_FROZEN_CROSS_DOMAIN_NUMERICAL_GATE,DEVELOPMENT_DIAGNOSTIC_EVIDENCE,ego13.heading_change_abs_total,lateral,continuous,80,79,"5,000 log-cluster Poisson bootstrap; development diagnostic only",R2,-16.1855937530184,-27.895672141481235,-9.618322468230053,0.20116156952416478,4.145551079533141,-0.15724331926863575,-0.03730179711267208,nan,nan,NOT_APPLICABLE
A_seed3407,A,3407,dose100,PRIMARY,Waymo Dynamic-v2 validation R0_DEVELOPMENT,nuPlan Stage7L historical development,"Waymo-only deterministic reconstruction: original last-view embeddings, same 5-fold scenario GroupKFold, ridge/logistic grid, seed and preprocessing; no nuPlan fitting/selection",0.9920400067731322,0.03749455222767761,1000.0,INCONCLUSIVE_NO_FROZEN_CROSS_DOMAIN_NUMERICAL_GATE,DEVELOPMENT_DIAGNOSTIC_EVIDENCE,raw33.lane_change_count_proxy,lateral,categorical,80,79,"5,000 log-cluster Poisson bootstrap; development diagnostic only",balanced_accuracy,0.9545454545454546,0.45714285714285713,0.9836087847469708,nan,nan,nan,nan,0.9956709956709957,0.7069597069597069,class_0=3; class_1=77
A_seed3407,A,3407,dose100,PRIMARY,Waymo Dynamic-v2 validation R0_DEVELOPMENT,nuPlan Stage7L historical development,"Waymo-only deterministic reconstruction: original last-view embeddings, same 5-fold scenario GroupKFold, ridge/logistic grid, seed and preprocessing; no nuPlan fitting/selection",0.9305133268927751,-0.00817095885646002,0.1,INCONCLUSIVE_NO_FROZEN_CROSS_DOMAIN_NUMERICAL_GATE,DEVELOPMENT_DIAGNOSTIC_EVIDENCE,raw33.mean_front_distance,interaction,continuous,80,79,"5,000 log-cluster Poisson bootstrap; development diagnostic only",R2,0.9386842857492351,0.8970308522403082,0.9645347321310127,4.252690184340663,0.24762010065979065,0.9542275115702054,0.9572620348686058,nan,nan,NOT_APPLICABLE
A_seed3407,A,3407,dose100,PRIMARY,Waymo Dynamic-v2 validation R0_DEVELOPMENT,nuPlan Stage7L historical development,"Waymo-only deterministic reconstruction: original last-view embeddings, same 5-fold scenario GroupKFold, ridge/logistic grid, seed and preprocessing; no nuPlan fitting/selection",0.9599561583372879,0.13701750905055932,0.01,INCONCLUSIVE_NO_FROZEN_CROSS_DOMAIN_NUMERICAL_GATE,DEVELOPMENT_DIAGNOSTIC_EVIDENCE,raw33.mean_rel_speed,interaction,continuous,80,79,"5,000 log-cluster Poisson bootstrap; development diagnostic only",R2,0.8229386492867286,0.7797322241371941,0.8662675025338434,2.8775994180052997,0.4207865857097531,0.9432745640716272,1.3558360962212266,nan,nan,NOT_APPLICABLE
A_seed3407,A,3407,dose100,PRIMARY,Waymo Dynamic-v2 validation R0_DEVELOPMENT,nuPlan Stage7L historical development,"Waymo-only deterministic reconstruction: original last-view embeddings, same 5-fold scenario GroupKFold, ridge/logistic grid, seed and preprocessing; no nuPlan fitting/selection",0.9340169640917381,0.11181393264804307,0.1,INCONCLUSIVE_NO_FROZEN_CROSS_DOMAIN_NUMERICAL_GATE,DEVELOPMENT_DIAGNOSTIC_EVIDENCE,raw33.front_pressure_score,interaction,continuous,80,79,"5,000 log-cluster Poisson bootstrap; development diagnostic only",R2,0.822203031443695,0.7154346658278082,0.8896592483217898,1.4802883893985477,0.42165977820549233,0.7569667135211026,1.0714903801030153,nan,nan,NOT_APPLICABLE
A_seed3408,A,3408,dose100,PRIMARY,Waymo Dynamic-v2 validation R0_DEVELOPMENT,nuPlan Stage7L historical development,"Waymo-only deterministic reconstruction: original last-view embeddings, same 5-fold scenario GroupKFold, ridge/logistic grid, seed and preprocessing; no nuPlan fitting/selection",0.9347647907517386,5.863123887883679,0.01,INCONCLUSIVE_NO_FROZEN_CROSS_DOMAIN_NUMERICAL_GATE,DEVELOPMENT_DIAGNOSTIC_EVIDENCE,ego13.mean_speed,longitudinal,continuous,80,79,"5,000 log-cluster Poisson bootstrap; development diagnostic only",R2,-4.928359097131941,-8.176655111499265,-2.8369146296117096,1.5898338559861578,2.4348221900442635,0.546530707923113,0.2532298977399377,nan,nan,NOT_APPLICABLE
A_seed3408,A,3408,dose100,PRIMARY,Waymo Dynamic-v2 validation R0_DEVELOPMENT,nuPlan Stage7L historical development,"Waymo-only deterministic reconstruction: original last-view embeddings, same 5-fold scenario GroupKFold, ridge/logistic grid, seed and preprocessing; no nuPlan fitting/selection",0.8581894307552587,0.856659376461008,0.01,INCONCLUSIVE_NO_FROZEN_CROSS_DOMAIN_NUMERICAL_GATE,DEVELOPMENT_DIAGNOSTIC_EVIDENCE,ego13.end_minus_start_speed,longitudinal,continuous,80,79,"5,000 log-cluster Poisson bootstrap; development diagnostic only",R2,0.0015300542942506823,-0.6003247711638063,0.3309810378188062,1.7367141086248998,0.9992346799955201,0.3737458977965308,0.5233761383672145,nan,nan,NOT_APPLICABLE
A_seed3408,A,3408,dose100,PRIMARY,Waymo Dynamic-v2 validation R0_DEVELOPMENT,nuPlan Stage7L historical development,"Waymo-only deterministic reconstruction: original last-view embeddings, same 5-fold scenario GroupKFold, ridge/logistic grid, seed and preprocessing; no nuPlan fitting/selection",0.8049638969976307,47.12431781964024,1.0,INCONCLUSIVE_NO_FROZEN_CROSS_DOMAIN_NUMERICAL_GATE,DEVELOPMENT_DIAGNOSTIC_EVIDENCE,ego13.rms_accel,longitudinal,continuous,80,79,"5,000 log-cluster Poisson bootstrap; development diagnostic only",R2,-46.319353922642605,-81.29855640313053,-29.593134432792823,0.8730199222859104,6.878906448167659,-0.1694561650257853,-0.05804833553328174,nan,nan,NOT_APPLICABLE
A_seed3408,A,3408,dose100,PRIMARY,Waymo Dynamic-v2 validation R0_DEVELOPMENT,nuPlan Stage7L historical development,"Waymo-only deterministic reconstruction: original last-view embeddings, same 5-fold scenario GroupKFold, ridge/logistic grid, seed and preprocessing; no nuPlan fitting/selection",0.9287635835432378,33.055197707906515,1.0,INCONCLUSIVE_NO_FROZEN_CROSS_DOMAIN_NUMERICAL_GATE,DEVELOPMENT_DIAGNOSTIC_EVIDENCE,ego13.rms_yaw_rate,lateral,continuous,80,79,"5,000 log-cluster Poisson bootstrap; development diagnostic only",R2,-32.12643412436328,-56.719625010939424,-19.06920914137102,0.03053844102041094,5.755556804025417,-0.19669479606188467,-0.026163461911968743,nan,nan,NOT_APPLICABLE
A_seed3408,A,3408,dose100,PRIMARY,Waymo Dynamic-v2 validation R0_DEVELOPMENT,nuPlan Stage7L historical development,"Waymo-only deterministic reconstruction: original last-view embeddings, same 5-fold scenario GroupKFold, ridge/logistic grid, seed and preprocessing; no nuPlan fitting/selection",0.8986717223865989,30.217866688599607,10.0,INCONCLUSIVE_NO_FROZEN_CROSS_DOMAIN_NUMERICAL_GATE,DEVELOPMENT_DIAGNOSTIC_EVIDENCE,ego13.heading_change_abs_total,lateral,continuous,80,79,"5,000 log-cluster Poisson bootstrap; development diagnostic only",R2,-29.319194966213008,-48.91536106946296,-18.79959329272563,0.3024273728303184,5.506286858329577,-0.2025785278949836,-0.05467532623881837,nan,nan,NOT_APPLICABLE
A_seed3408,A,3408,dose100,PRIMARY,Waymo Dynamic-v2 validation R0_DEVELOPMENT,nuPlan Stage7L historical development,"Waymo-only deterministic reconstruction: original last-view embeddings, same 5-fold scenario GroupKFold, ridge/logistic grid, seed and preprocessing; no nuPlan fitting/selection",0.9910872573379136,0.07550284175349797,0.1,INCONCLUSIVE_NO_FROZEN_CROSS_DOMAIN_NUMERICAL_GATE,DEVELOPMENT_DIAGNOSTIC_EVIDENCE,raw33.lane_change_count_proxy,lateral,categorical,80,79,"5,000 log-cluster Poisson bootstrap; development diagnostic only",balanced_accuracy,0.9155844155844156,0.4184615098272782,0.9556962025316456,nan,nan,nan,nan,0.9437229437229436,0.6117954460619635,class_0=3; class_1=77
A_seed3408,A,3408,dose100,PRIMARY,Waymo Dynamic-v2 validation R0_DEVELOPMENT,nuPlan Stage7L historical development,"Waymo-only deterministic reconstruction: original last-view embeddings, same 5-fold scenario GroupKFold, ridge/logistic grid, seed and preprocessing; no nuPlan fitting/selection",0.9294576575475852,0.00909997536799001,0.1,INCONCLUSIVE_NO_FROZEN_CROSS_DOMAIN_NUMERICAL_GATE,DEVELOPMENT_DIAGNOSTIC_EVIDENCE,raw33.mean_front_distance,interaction,continuous,80,79,"5,000 log-cluster Poisson bootstrap; development diagnostic only",R2,0.9203576821795952,0.8703468929079092,0.9543508801206909,4.702904608302637,0.2822097053972537,0.9479824099262792,0.9220044536577338,nan,nan,NOT_APPLICABLE
A_seed3408,A,3408,dose100,PRIMARY,Waymo Dynamic-v2 validation R0_DEVELOPMENT,nuPlan Stage7L historical development,"Waymo-only deterministic reconstruction: original last-view embeddings, same 5-fold scenario GroupKFold, ridge/logistic grid, seed and preprocessing; no nuPlan fitting/selection",0.95991946293615,0.08614834776028268,0.1,INCONCLUSIVE_NO_FROZEN_CROSS_DOMAIN_NUMERICAL_GATE,DEVELOPMENT_DIAGNOSTIC_EVIDENCE,raw33.mean_rel_speed,interaction,continuous,80,79,"5,000 log-cluster Poisson bootstrap; development diagnostic only",R2,0.8737711151758674,0.8380079981680991,0.9113879628466104,2.3377394115543084,0.35528704567452574,0.9592716321287612,1.257907132701593,nan,nan,NOT_APPLICABLE
A_seed3408,A,3408,dose100,PRIMARY,Waymo Dynamic-v2 validation R0_DEVELOPMENT,nuPlan Stage7L historical development,"Waymo-only deterministic reconstruction: original last-view embeddings, same 5-fold scenario GroupKFold, ridge/logistic grid, seed and preprocessing; no nuPlan fitting/selection",0.93104928616859,0.13183022372878717,1.0,INCONCLUSIVE_NO_FROZEN_CROSS_DOMAIN_NUMERICAL_GATE,DEVELOPMENT_DIAGNOSTIC_EVIDENCE,raw33.front_pressure_score,interaction,continuous,80,79,"5,000 log-cluster Poisson bootstrap; development diagnostic only",R2,0.7992190624398028,0.54846012227157,0.9181175377931675,1.4023489381748102,0.4480858595851884,0.8383090904513337,0.9344844214740902,nan,nan,NOT_APPLICABLE
A_seed3409,A,3409,dose100,PRIMARY,Waymo Dynamic-v2 validation R0_DEVELOPMENT,nuPlan Stage7L historical development,"Waymo-only deterministic reconstruction: original last-view embeddings, same 5-fold scenario GroupKFold, ridge/logistic grid, seed and preprocessing; no nuPlan fitting/selection",0.9330512119600323,5.995636650284759,0.1,INCONCLUSIVE_NO_FROZEN_CROSS_DOMAIN_NUMERICAL_GATE,DEVELOPMENT_DIAGNOSTIC_EVIDENCE,ego13.mean_speed,longitudinal,continuous,80,79,"5,000 log-cluster Poisson bootstrap; development diagnostic only",R2,-5.062585438324726,-8.30683794776819,-2.834527047011297,1.5048605115488767,2.4622318002829724,0.6287857477730896,0.2594697094341979,nan,nan,NOT_APPLICABLE
A_seed3409,A,3409,dose100,PRIMARY,Waymo Dynamic-v2 validation R0_DEVELOPMENT,nuPlan Stage7L historical development,"Waymo-only deterministic reconstruction: original last-view embeddings, same 5-fold scenario GroupKFold, ridge/logistic grid, seed and preprocessing; no nuPlan fitting/selection",0.8831926489805876,5.0550374640405344,0.01,INCONCLUSIVE_NO_FROZEN_CROSS_DOMAIN_NUMERICAL_GATE,DEVELOPMENT_DIAGNOSTIC_EVIDENCE,ego13.end_minus_start_speed,longitudinal,continuous,80,79,"5,000 log-cluster Poisson bootstrap; development diagnostic only",R2,-4.171844815059947,-6.967173831407947,-2.7000976135922103,4.3483928169787,2.2741690383654305,0.4011954992967652,0.6853416877700133,nan,nan,NOT_APPLICABLE
A_seed3409,A,3409,dose100,PRIMARY,Waymo Dynamic-v2 validation R0_DEVELOPMENT,nuPlan Stage7L historical development,"Waymo-only deterministic reconstruction: original last-view embeddings, same 5-fold scenario GroupKFold, ridge/logistic grid, seed and preprocessing; no nuPlan fitting/selection",0.7797745537014693,7.541357602881917,0.1,INCONCLUSIVE_NO_FROZEN_CROSS_DOMAIN_NUMERICAL_GATE,DEVELOPMENT_DIAGNOSTIC_EVIDENCE,ego13.rms_accel,longitudinal,continuous,80,79,"5,000 log-cluster Poisson bootstrap; development diagnostic only",R2,-6.761583049180448,-13.247337134641741,-3.908260860851236,0.3029617547061192,2.785961781715687,0.1952648851383029,0.01508148877127124,nan,nan,NOT_APPLICABLE
A_seed3409,A,3409,dose100,PRIMARY,Waymo Dynamic-v2 validation R0_DEVELOPMENT,nuPlan Stage7L historical development,"Waymo-only deterministic reconstruction: original last-view embeddings, same 5-fold scenario GroupKFold, ridge/logistic grid, seed and preprocessing; no nuPlan fitting/selection",0.9185202012187836,41.12678482625555,1.0,INCONCLUSIVE_NO_FROZEN_CROSS_DOMAIN_NUMERICAL_GATE,DEVELOPMENT_DIAGNOSTIC_EVIDENCE,ego13.rms_yaw_rate,lateral,continuous,80,79,"5,000 log-cluster Poisson bootstrap; development diagnostic only",R2,-40.20826462503677,-68.51416466157232,-24.372315774824507,0.035695670524198066,6.419366372550859,-0.20466479137365215,-0.032556657529813966,nan,nan,NOT_APPLICABLE
A_seed3409,A,3409,dose100,PRIMARY,Waymo Dynamic-v2 validation R0_DEVELOPMENT,nuPlan Stage7L historical development,"Waymo-only deterministic reconstruction: original last-view embeddings, same 5-fold scenario GroupKFold, ridge/logistic grid, seed and preprocessing; no nuPlan fitting/selection",0.8692956229490172,38.16461158986902,10.0,INCONCLUSIVE_NO_FROZEN_CROSS_DOMAIN_NUMERICAL_GATE,DEVELOPMENT_DIAGNOSTIC_EVIDENCE,ego13.heading_change_abs_total,lateral,continuous,80,79,"5,000 log-cluster Poisson bootstrap; development diagnostic only",R2,-37.29531596692,-63.46754585325297,-23.612213003321923,0.3329811253647959,6.188320932766819,-0.19716361931551807,-0.02455159091185094,nan,nan,NOT_APPLICABLE
A_seed3409,A,3409,dose100,PRIMARY,Waymo Dynamic-v2 validation R0_DEVELOPMENT,nuPlan Stage7L historical development,"Waymo-only deterministic reconstruction: original last-view embeddings, same 5-fold scenario GroupKFold, ridge/logistic grid, seed and preprocessing; no nuPlan fitting/selection",0.9887239622106294,0.02768500117166839,100.0,INCONCLUSIVE_NO_FROZEN_CROSS_DOMAIN_NUMERICAL_GATE,DEVELOPMENT_DIAGNOSTIC_EVIDENCE,raw33.lane_change_count_proxy,lateral,categorical,80,79,"5,000 log-cluster Poisson bootstrap; development diagnostic only",balanced_accuracy,0.961038961038961,0.46153846153846156,0.9875,nan,nan,nan,nan,1.0,0.7297297297297297,class_0=3; class_1=77
A_seed3409,A,3409,dose100,PRIMARY,Waymo Dynamic-v2 validation R0_DEVELOPMENT,nuPlan Stage7L historical development,"Waymo-only deterministic reconstruction: original last-view embeddings, same 5-fold scenario GroupKFold, ridge/logistic grid, seed and preprocessing; no nuPlan fitting/selection",0.9221272602522649,-0.011219156158668975,1.0,INCONCLUSIVE_NO_FROZEN_CROSS_DOMAIN_NUMERICAL_GATE,DEVELOPMENT_DIAGNOSTIC_EVIDENCE,raw33.mean_front_distance,interaction,continuous,80,79,"5,000 log-cluster Poisson bootstrap; development diagnostic only",R2,0.9333464164109339,0.9002228014643453,0.9573040553486536,4.1835245614712,0.2581735532332198,0.9521618241033684,1.0196019139923136,nan,nan,NOT_APPLICABLE
A_seed3409,A,3409,dose100,PRIMARY,Waymo Dynamic-v2 validation R0_DEVELOPMENT,nuPlan Stage7L historical development,"Waymo-only deterministic reconstruction: original last-view embeddings, same 5-fold scenario GroupKFold, ridge/logistic grid, seed and preprocessing; no nuPlan fitting/selection",0.9522318553440059,0.1589666252389721,1.0,INCONCLUSIVE_NO_FROZEN_CROSS_DOMAIN_NUMERICAL_GATE,DEVELOPMENT_DIAGNOSTIC_EVIDENCE,raw33.mean_rel_speed,interaction,continuous,80,79,"5,000 log-cluster Poisson bootstrap; development diagnostic only",R2,0.7932652301050338,0.7378402613097694,0.846615923799199,2.967584571045998,0.4546809539610892,0.9462289775416386,1.3697080140798024,nan,nan,NOT_APPLICABLE
A_seed3409,A,3409,dose100,PRIMARY,Waymo Dynamic-v2 validation R0_DEVELOPMENT,nuPlan Stage7L historical development,"Waymo-only deterministic reconstruction: original last-view embeddings, same 5-fold scenario GroupKFold, ridge/logistic grid, seed and preprocessing; no nuPlan fitting/selection",0.9254579440551862,0.027626647661625592,1.0,INCONCLUSIVE_NO_FROZEN_CROSS_DOMAIN_NUMERICAL_GATE,DEVELOPMENT_DIAGNOSTIC_EVIDENCE,raw33.front_pressure_score,interaction,continuous,80,79,"5,000 log-cluster Poisson bootstrap; development diagnostic only",R2,0.8978312963935606,0.8128036173625218,0.9383875441416446,1.2137611757345383,0.3196383950754968,0.7797760111289831,0.9859225190879383,nan,nan,NOT_APPLICABLE
B_seed3407,B,3407,dose100,PRIMARY,Waymo Dynamic-v2 validation R0_DEVELOPMENT,nuPlan Stage7L historical development,"Waymo-only deterministic reconstruction: original last-view embeddings, same 5-fold scenario GroupKFold, ridge/logistic grid, seed and preprocessing; no nuPlan fitting/selection",0.988726412235566,1.7536123488318998,0.0001,INCONCLUSIVE_NO_FROZEN_CROSS_DOMAIN_NUMERICAL_GATE,DEVELOPMENT_DIAGNOSTIC_EVIDENCE,ego13.mean_speed,longitudinal,continuous,80,79,"5,000 log-cluster Poisson bootstrap; development diagnostic only",R2,-0.7648859365963339,-1.3697671018676403,-0.36702275552427266,0.9930335811926673,1.3284900965367918,0.8281293952180029,0.46210034795024757,nan,nan,NOT_APPLICABLE
B_seed3407,B,3407,dose100,PRIMARY,Waymo Dynamic-v2 validation R0_DEVELOPMENT,nuPlan Stage7L historical development,"Waymo-only deterministic reconstruction: original last-view embeddings, same 5-fold scenario GroupKFold, ridge/logistic grid, seed and preprocessing; no nuPlan fitting/selection",0.779711059769675,5.075189184459018,0.0001,INCONCLUSIVE_NO_FROZEN_CROSS_DOMAIN_NUMERICAL_GATE,DEVELOPMENT_DIAGNOSTIC_EVIDENCE,ego13.end_minus_start_speed,longitudinal,continuous,80,79,"5,000 log-cluster Poisson bootstrap; development diagnostic only",R2,-4.2954781246893425,-7.570032807753834,-2.6485220902129725,4.23210151315191,2.3011905885192,0.21584622597280825,0.21794599040452015,nan,nan,NOT_APPLICABLE
B_seed3407,B,3407,dose100,PRIMARY,Waymo Dynamic-v2 validation R0_DEVELOPMENT,nuPlan Stage7L historical development,"Waymo-only deterministic reconstruction: original last-view embeddings, same 5-fold scenario GroupKFold, ridge/logistic grid, seed and preprocessing; no nuPlan fitting/selection",0.6549984506890302,116.988524888271,0.0001,INCONCLUSIVE_NO_FROZEN_CROSS_DOMAIN_NUMERICAL_GATE,DEVELOPMENT_DIAGNOSTIC_EVIDENCE,ego13.rms_accel,longitudinal,continuous,80,79,"5,000 log-cluster Poisson bootstrap; development diagnostic only",R2,-116.33352643758197,-226.3093706822429,-65.47357989903813,1.1975515268063561,10.832060119736317,-0.36057196436943273,-0.019178944927744173,nan,nan,NOT_APPLICABLE
B_seed3407,B,3407,dose100,PRIMARY,Waymo Dynamic-v2 validation R0_DEVELOPMENT,nuPlan Stage7L historical development,"Waymo-only deterministic reconstruction: original last-view embeddings, same 5-fold scenario GroupKFold, ridge/logistic grid, seed and preprocessing; no nuPlan fitting/selection",0.9144113641093057,8.458134533333535,10.0,INCONCLUSIVE_NO_FROZEN_CROSS_DOMAIN_NUMERICAL_GATE,DEVELOPMENT_DIAGNOSTIC_EVIDENCE,ego13.rms_yaw_rate,lateral,continuous,80,79,"5,000 log-cluster Poisson bootstrap; development diagnostic only",R2,-7.543723169224229,-13.143947462816783,-4.5982160839057045,0.016014531381418142,2.922964790965541,0.03187998124706986,0.014846072233725366,nan,nan,NOT_APPLICABLE
B_seed3407,B,3407,dose100,PRIMARY,Waymo Dynamic-v2 validation R0_DEVELOPMENT,nuPlan Stage7L historical development,"Waymo-only deterministic reconstruction: original last-view embeddings, same 5-fold scenario GroupKFold, ridge/logistic grid, seed and preprocessing; no nuPlan fitting/selection",0.8136772381474595,23.326865903514154,0.001,INCONCLUSIVE_NO_FROZEN_CROSS_DOMAIN_NUMERICAL_GATE,DEVELOPMENT_DIAGNOSTIC_EVIDENCE,ego13.heading_change_abs_total,lateral,continuous,80,79,"5,000 log-cluster Poisson bootstrap; development diagnostic only",R2,-22.513188665366695,-38.030143809303794,-14.716595566406571,0.2579946713538836,4.849039973578965,-0.04613220815752462,-0.016285885722598783,nan,nan,NOT_APPLICABLE
B_seed3407,B,3407,dose100,PRIMARY,Waymo Dynamic-v2 validation R0_DEVELOPMENT,nuPlan Stage7L historical development,"Waymo-only deterministic reconstruction: original last-view embeddings, same 5-fold scenario GroupKFold, ridge/logistic grid, seed and preprocessing; no nuPlan fitting/selection",0.9916911607391723,0.03714570619371771,0.1,INCONCLUSIVE_NO_FROZEN_CROSS_DOMAIN_NUMERICAL_GATE,DEVELOPMENT_DIAGNOSTIC_EVIDENCE,raw33.lane_change_count_proxy,lateral,categorical,80,79,"5,000 log-cluster Poisson bootstrap; development diagnostic only",balanced_accuracy,0.9545454545454546,0.4558776991809382,0.9848484848484849,nan,nan,nan,nan,1.0,0.7069597069597069,class_0=3; class_1=77
B_seed3407,B,3407,dose100,PRIMARY,Waymo Dynamic-v2 validation R0_DEVELOPMENT,nuPlan Stage7L historical development,"Waymo-only deterministic reconstruction: original last-view embeddings, same 5-fold scenario GroupKFold, ridge/logistic grid, seed and preprocessing; no nuPlan fitting/selection",0.9371129114239463,0.003511276099083971,0.001,INCONCLUSIVE_NO_FROZEN_CROSS_DOMAIN_NUMERICAL_GATE,DEVELOPMENT_DIAGNOSTIC_EVIDENCE,raw33.mean_front_distance,interaction,continuous,80,79,"5,000 log-cluster Poisson bootstrap; development diagnostic only",R2,0.9336016353248623,0.8975451839554133,0.9610494339460784,3.944191754135531,0.25767880136933596,0.9573020231487538,1.0534898851136925,nan,nan,NOT_APPLICABLE
B_seed3407,B,3407,dose100,PRIMARY,Waymo Dynamic-v2 validation R0_DEVELOPMENT,nuPlan Stage7L historical development,"Waymo-only deterministic reconstruction: original last-view embeddings, same 5-fold scenario GroupKFold, ridge/logistic grid, seed and preprocessing; no nuPlan fitting/selection",0.9629940117289753,0.2556246761829659,0.01,INCONCLUSIVE_NO_FROZEN_CROSS_DOMAIN_NUMERICAL_GATE,DEVELOPMENT_DIAGNOSTIC_EVIDENCE,raw33.mean_rel_speed,interaction,continuous,80,79,"5,000 log-cluster Poisson bootstrap; development diagnostic only",R2,0.7073693355460093,0.6344442439258895,0.7816861242987512,3.3753000725792903,0.5409534771623071,0.9551642768167944,1.4930631652564796,nan,nan,NOT_APPLICABLE
B_seed3407,B,3407,dose100,PRIMARY,Waymo Dynamic-v2 validation R0_DEVELOPMENT,nuPlan Stage7L historical development,"Waymo-only deterministic reconstruction: original last-view embeddings, same 5-fold scenario GroupKFold, ridge/logistic grid, seed and preprocessing; no nuPlan fitting/selection",0.947799105288763,0.07638800877474339,0.01,INCONCLUSIVE_NO_FROZEN_CROSS_DOMAIN_NUMERICAL_GATE,DEVELOPMENT_DIAGNOSTIC_EVIDENCE,raw33.front_pressure_score,interaction,continuous,80,79,"5,000 log-cluster Poisson bootstrap; development diagnostic only",R2,0.8714110965140196,0.7321177880565355,0.9393393384996476,1.2278414659273649,0.3585929495765086,0.8003070751105447,0.9164845347389354,nan,nan,NOT_APPLICABLE
B_seed3408,B,3408,dose100,PRIMARY,Waymo Dynamic-v2 validation R0_DEVELOPMENT,nuPlan Stage7L historical development,"Waymo-only deterministic reconstruction: original last-view embeddings, same 5-fold scenario GroupKFold, ridge/logistic grid, seed and preprocessing; no nuPlan fitting/selection",0.9862556927470378,2.0835289398655408,0.01,INCONCLUSIVE_NO_FROZEN_CROSS_DOMAIN_NUMERICAL_GATE,DEVELOPMENT_DIAGNOSTIC_EVIDENCE,ego13.mean_speed,longitudinal,continuous,80,79,"5,000 log-cluster Poisson bootstrap; development diagnostic only",R2,-1.097273247118503,-2.069158765830311,-0.43893547785151205,0.9497412236055564,1.4481965498917968,0.6615096108766996,0.4780733339382915,nan,nan,NOT_APPLICABLE
B_seed3408,B,3408,dose100,PRIMARY,Waymo Dynamic-v2 validation R0_DEVELOPMENT,nuPlan Stage7L historical development,"Waymo-only deterministic reconstruction: original last-view embeddings, same 5-fold scenario GroupKFold, ridge/logistic grid, seed and preprocessing; no nuPlan fitting/selection",0.8933070007500663,0.6208983843659776,0.001,INCONCLUSIVE_NO_FROZEN_CROSS_DOMAIN_NUMERICAL_GATE,DEVELOPMENT_DIAGNOSTIC_EVIDENCE,ego13.end_minus_start_speed,longitudinal,continuous,80,79,"5,000 log-cluster Poisson bootstrap; development diagnostic only",R2,0.27240861638408875,-0.1666947127913886,0.5078095257051308,1.4930898853397803,0.8529896738037989,0.6765119549929677,0.7004593723332702,nan,nan,NOT_APPLICABLE
B_seed3408,B,3408,dose100,PRIMARY,Waymo Dynamic-v2 validation R0_DEVELOPMENT,nuPlan Stage7L historical development,"Waymo-only deterministic reconstruction: original last-view embeddings, same 5-fold scenario GroupKFold, ridge/logistic grid, seed and preprocessing; no nuPlan fitting/selection",0.6197034729398466,173.79651339078987,0.1,INCONCLUSIVE_NO_FROZEN_CROSS_DOMAIN_NUMERICAL_GATE,DEVELOPMENT_DIAGNOSTIC_EVIDENCE,ego13.rms_accel,longitudinal,continuous,80,79,"5,000 log-cluster Poisson bootstrap; development diagnostic only",R2,-173.17680991785002,-326.9349688914028,-108.14777126164894,1.722786226326831,13.197606219229684,0.5512423816221285,0.10535755251605737,nan,nan,NOT_APPLICABLE
B_seed3408,B,3408,dose100,PRIMARY,Waymo Dynamic-v2 validation R0_DEVELOPMENT,nuPlan Stage7L historical development,"Waymo-only deterministic reconstruction: original last-view embeddings, same 5-fold scenario GroupKFold, ridge/logistic grid, seed and preprocessing; no nuPlan fitting/selection",0.8961048763514704,2314.0057643595896,10.0,INCONCLUSIVE_NO_FROZEN_CROSS_DOMAIN_NUMERICAL_GATE,DEVELOPMENT_DIAGNOSTIC_EVIDENCE,ego13.rms_yaw_rate,lateral,continuous,80,79,"5,000 log-cluster Poisson bootstrap; development diagnostic only",R2,-2313.1096594832384,-4750.8303916556615,-1007.4783714779338,0.18755584966587674,48.105193685123425,0.03413033286451008,8.84455906434087e-06,nan,nan,NOT_APPLICABLE
B_seed3408,B,3408,dose100,PRIMARY,Waymo Dynamic-v2 validation R0_DEVELOPMENT,nuPlan Stage7L historical development,"Waymo-only deterministic reconstruction: original last-view embeddings, same 5-fold scenario GroupKFold, ridge/logistic grid, seed and preprocessing; no nuPlan fitting/selection",0.7821898436472482,137.26107464133923,0.1,INCONCLUSIVE_NO_FROZEN_CROSS_DOMAIN_NUMERICAL_GATE,DEVELOPMENT_DIAGNOSTIC_EVIDENCE,ego13.heading_change_abs_total,lateral,continuous,80,79,"5,000 log-cluster Poisson bootstrap; development diagnostic only",R2,-136.478884797692,-298.94266227479295,-60.10865405087026,0.4756227438830483,11.725139009738522,-0.06657290201593999,-0.00516333550972244,nan,nan,NOT_APPLICABLE
B_seed3408,B,3408,dose100,PRIMARY,Waymo Dynamic-v2 validation R0_DEVELOPMENT,nuPlan Stage7L historical development,"Waymo-only deterministic reconstruction: original last-view embeddings, same 5-fold scenario GroupKFold, ridge/logistic grid, seed and preprocessing; no nuPlan fitting/selection",0.9900126944898615,0.0744282789054459,1000.0,INCONCLUSIVE_NO_FROZEN_CROSS_DOMAIN_NUMERICAL_GATE,DEVELOPMENT_DIAGNOSTIC_EVIDENCE,raw33.lane_change_count_proxy,lateral,categorical,80,79,"5,000 log-cluster Poisson bootstrap; development diagnostic only",balanced_accuracy,0.9155844155844156,0.4153693181818182,0.9551282051282051,nan,nan,nan,nan,0.9913419913419914,0.6117954460619635,class_0=3; class_1=77
B_seed3408,B,3408,dose100,PRIMARY,Waymo Dynamic-v2 validation R0_DEVELOPMENT,nuPlan Stage7L historical development,"Waymo-only deterministic reconstruction: original last-view embeddings, same 5-fold scenario GroupKFold, ridge/logistic grid, seed and preprocessing; no nuPlan fitting/selection",0.9347786523477366,-0.01517438599399712,0.1,INCONCLUSIVE_NO_FROZEN_CROSS_DOMAIN_NUMERICAL_GATE,DEVELOPMENT_DIAGNOSTIC_EVIDENCE,raw33.mean_front_distance,interaction,continuous,80,79,"5,000 log-cluster Poisson bootstrap; development diagnostic only",R2,0.9499530383417337,0.9143831600989295,0.9731575975407717,3.530389483774607,0.22371178256467922,0.9583588865038796,0.9605310970616004,nan,nan,NOT_APPLICABLE
B_seed3408,B,3408,dose100,PRIMARY,Waymo Dynamic-v2 validation R0_DEVELOPMENT,nuPlan Stage7L historical development,"Waymo-only deterministic reconstruction: original last-view embeddings, same 5-fold scenario GroupKFold, ridge/logistic grid, seed and preprocessing; no nuPlan fitting/selection",0.9630323935758236,0.18975660319390708,1.0,INCONCLUSIVE_NO_FROZEN_CROSS_DOMAIN_NUMERICAL_GATE,DEVELOPMENT_DIAGNOSTIC_EVIDENCE,raw33.mean_rel_speed,interaction,continuous,80,79,"5,000 log-cluster Poisson bootstrap; development diagnostic only",R2,0.7732757903819165,0.713472576013123,0.8370613103447136,3.0048110360372093,0.47615565692122525,0.9489672144162831,1.371878704035291,nan,nan,NOT_APPLICABLE
B_seed3408,B,3408,dose100,PRIMARY,Waymo Dynamic-v2 validation R0_DEVELOPMENT,nuPlan Stage7L historical development,"Waymo-only deterministic reconstruction: original last-view embeddings, same 5-fold scenario GroupKFold, ridge/logistic grid, seed and preprocessing; no nuPlan fitting/selection",0.9384079313090523,0.04988734217360846,0.01,INCONCLUSIVE_NO_FROZEN_CROSS_DOMAIN_NUMERICAL_GATE,DEVELOPMENT_DIAGNOSTIC_EVIDENCE,raw33.front_pressure_score,interaction,continuous,80,79,"5,000 log-cluster Poisson bootstrap; development diagnostic only",R2,0.8885205891354439,0.7408053706969042,0.9511921455488814,1.182799149705391,0.3338853259197776,0.7892259624428863,0.9171762900328304,nan,nan,NOT_APPLICABLE
B_seed3409,B,3409,dose100,PRIMARY,Waymo Dynamic-v2 validation R0_DEVELOPMENT,nuPlan Stage7L historical development,"Waymo-only deterministic reconstruction: original last-view embeddings, same 5-fold scenario GroupKFold, ridge/logistic grid, seed and preprocessing; no nuPlan fitting/selection",0.9878089923747602,2.4476465648506602,0.0001,INCONCLUSIVE_NO_FROZEN_CROSS_DOMAIN_NUMERICAL_GATE,DEVELOPMENT_DIAGNOSTIC_EVIDENCE,ego13.mean_speed,longitudinal,continuous,80,79,"5,000 log-cluster Poisson bootstrap; development diagnostic only",R2,-1.4598375724759003,-2.84393635692555,-0.5790786859138136,0.9837968976851681,1.5683869332775955,0.48230192217533996,0.2881371545252196,nan,nan,NOT_APPLICABLE
B_seed3409,B,3409,dose100,PRIMARY,Waymo Dynamic-v2 validation R0_DEVELOPMENT,nuPlan Stage7L historical development,"Waymo-only deterministic reconstruction: original last-view embeddings, same 5-fold scenario GroupKFold, ridge/logistic grid, seed and preprocessing; no nuPlan fitting/selection",0.8270040637341315,3.0861060347037563,0.0001,INCONCLUSIVE_NO_FROZEN_CROSS_DOMAIN_NUMERICAL_GATE,DEVELOPMENT_DIAGNOSTIC_EVIDENCE,ego13.end_minus_start_speed,longitudinal,continuous,80,79,"5,000 log-cluster Poisson bootstrap; development diagnostic only",R2,-2.259101970969625,-5.270482081876761,-0.6805295718574734,2.5981837227681797,1.8052983052586142,0.05850914205344585,0.09820843014261724,nan,nan,NOT_APPLICABLE
B_seed3409,B,3409,dose100,PRIMARY,Waymo Dynamic-v2 validation R0_DEVELOPMENT,nuPlan Stage7L historical development,"Waymo-only deterministic reconstruction: original last-view embeddings, same 5-fold scenario GroupKFold, ridge/logistic grid, seed and preprocessing; no nuPlan fitting/selection",0.636336639785037,132.63777550725888,0.001,INCONCLUSIVE_NO_FROZEN_CROSS_DOMAIN_NUMERICAL_GATE,DEVELOPMENT_DIAGNOSTIC_EVIDENCE,ego13.rms_accel,longitudinal,continuous,80,79,"5,000 log-cluster Poisson bootstrap; development diagnostic only",R2,-132.00143886747384,-248.97357394005581,-83.05236263926764,1.3917872329342902,11.532624977318642,0.05243788091889358,0.025362390503006132,nan,nan,NOT_APPLICABLE
B_seed3409,B,3409,dose100,PRIMARY,Waymo Dynamic-v2 validation R0_DEVELOPMENT,nuPlan Stage7L historical development,"Waymo-only deterministic reconstruction: original last-view embeddings, same 5-fold scenario GroupKFold, ridge/logistic grid, seed and preprocessing; no nuPlan fitting/selection",0.9366521546902096,95469.1936070978,1.0,INCONCLUSIVE_NO_FROZEN_CROSS_DOMAIN_NUMERICAL_GATE,DEVELOPMENT_DIAGNOSTIC_EVIDENCE,ego13.rms_yaw_rate,lateral,continuous,80,79,"5,000 log-cluster Poisson bootstrap; development diagnostic only",R2,-95468.2569549431,-158766.48188413627,-63182.96162571475,1.910701920490482,308.98099772468714,-0.0392639474917956,-0.0004085482774464014,nan,nan,NOT_APPLICABLE
B_seed3409,B,3409,dose100,PRIMARY,Waymo Dynamic-v2 validation R0_DEVELOPMENT,nuPlan Stage7L historical development,"Waymo-only deterministic reconstruction: original last-view embeddings, same 5-fold scenario GroupKFold, ridge/logistic grid, seed and preprocessing; no nuPlan fitting/selection",0.9011377862412762,2437.729977311704,0.01,INCONCLUSIVE_NO_FROZEN_CROSS_DOMAIN_NUMERICAL_GATE,DEVELOPMENT_DIAGNOSTIC_EVIDENCE,ego13.heading_change_abs_total,lateral,continuous,80,79,"5,000 log-cluster Poisson bootstrap; development diagnostic only",R2,-2436.8288395254626,-4216.759267732953,-1559.3759000957116,2.6302622638395228,49.37437432034418,-0.1308016877637131,-0.004302137978418334,nan,nan,NOT_APPLICABLE
B_seed3409,B,3409,dose100,PRIMARY,Waymo Dynamic-v2 validation R0_DEVELOPMENT,nuPlan Stage7L historical development,"Waymo-only deterministic reconstruction: original last-view embeddings, same 5-fold scenario GroupKFold, ridge/logistic grid, seed and preprocessing; no nuPlan fitting/selection",0.98636924765079,-0.007137245855703411,10000.0,INCONCLUSIVE_NO_FROZEN_CROSS_DOMAIN_NUMERICAL_GATE,DEVELOPMENT_DIAGNOSTIC_EVIDENCE,raw33.lane_change_count_proxy,lateral,categorical,80,79,"5,000 log-cluster Poisson bootstrap; development diagnostic only",balanced_accuracy,0.9935064935064934,0.49382716049382713,1.0,nan,nan,nan,nan,1.0,0.9253034547152195,class_0=3; class_1=77
B_seed3409,B,3409,dose100,PRIMARY,Waymo Dynamic-v2 validation R0_DEVELOPMENT,nuPlan Stage7L historical development,"Waymo-only deterministic reconstruction: original last-view embeddings, same 5-fold scenario GroupKFold, ridge/logistic grid, seed and preprocessing; no nuPlan fitting/selection",0.9390567147861557,0.0049070852480368465,0.01,INCONCLUSIVE_NO_FROZEN_CROSS_DOMAIN_NUMERICAL_GATE,DEVELOPMENT_DIAGNOSTIC_EVIDENCE,raw33.mean_front_distance,interaction,continuous,80,79,"5,000 log-cluster Poisson bootstrap; development diagnostic only",R2,0.9341496295381189,0.901693043949857,0.9605443378470554,4.041362363000078,0.25661327023729924,0.9523539810770276,1.0491828334139182,nan,nan,NOT_APPLICABLE
B_seed3409,B,3409,dose100,PRIMARY,Waymo Dynamic-v2 validation R0_DEVELOPMENT,nuPlan Stage7L historical development,"Waymo-only deterministic reconstruction: original last-view embeddings, same 5-fold scenario GroupKFold, ridge/logistic grid, seed and preprocessing; no nuPlan fitting/selection",0.9653444702360163,0.16072886781791362,0.01,INCONCLUSIVE_NO_FROZEN_CROSS_DOMAIN_NUMERICAL_GATE,DEVELOPMENT_DIAGNOSTIC_EVIDENCE,raw33.mean_rel_speed,interaction,continuous,80,79,"5,000 log-cluster Poisson bootstrap; development diagnostic only",R2,0.8046156024181027,0.7415622858700979,0.8654523430971262,2.8277470765292576,0.44202307358541504,0.9527382950243463,1.3443343072711045,nan,nan,NOT_APPLICABLE
B_seed3409,B,3409,dose100,PRIMARY,Waymo Dynamic-v2 validation R0_DEVELOPMENT,nuPlan Stage7L historical development,"Waymo-only deterministic reconstruction: original last-view embeddings, same 5-fold scenario GroupKFold, ridge/logistic grid, seed and preprocessing; no nuPlan fitting/selection",0.9480732118869497,0.07566231103740284,0.01,INCONCLUSIVE_NO_FROZEN_CROSS_DOMAIN_NUMERICAL_GATE,DEVELOPMENT_DIAGNOSTIC_EVIDENCE,raw33.front_pressure_score,interaction,continuous,80,79,"5,000 log-cluster Poisson bootstrap; development diagnostic only",R2,0.8724109008495469,0.7520468727202567,0.927213494536198,1.3902888670444842,0.3571961634038824,0.6590161482617294,0.864341712635448,nan,nan,NOT_APPLICABLE
C_seed3407,C,3407,dose100,PRIMARY,Waymo Dynamic-v2 validation R0_DEVELOPMENT,nuPlan Stage7L historical development,"Waymo-only deterministic reconstruction: original last-view embeddings, same 5-fold scenario GroupKFold, ridge/logistic grid, seed and preprocessing; no nuPlan fitting/selection",0.9895997177778074,5.167411015854852,0.0001,INCONCLUSIVE_NO_FROZEN_CROSS_DOMAIN_NUMERICAL_GATE,DEVELOPMENT_DIAGNOSTIC_EVIDENCE,ego13.mean_speed,longitudinal,continuous,80,79,"5,000 log-cluster Poisson bootstrap; development diagnostic only",R2,-4.177811298077045,-6.168666459269915,-2.9572411825067624,1.6676726462598261,2.27548045433861,0.5902015939990624,0.3993433263141493,nan,nan,NOT_APPLICABLE
C_seed3407,C,3407,dose100,PRIMARY,Waymo Dynamic-v2 validation R0_DEVELOPMENT,nuPlan Stage7L historical development,"Waymo-only deterministic reconstruction: original last-view embeddings, same 5-fold scenario GroupKFold, ridge/logistic grid, seed and preprocessing; no nuPlan fitting/selection",0.8982326772370824,2.2602100508684213,0.0001,INCONCLUSIVE_NO_FROZEN_CROSS_DOMAIN_NUMERICAL_GATE,DEVELOPMENT_DIAGNOSTIC_EVIDENCE,ego13.end_minus_start_speed,longitudinal,continuous,80,79,"5,000 log-cluster Poisson bootstrap; development diagnostic only",R2,-1.3619773736313388,-2.4090668829433364,-0.8014904624747445,2.6721106109596233,1.536872595120148,-0.34151429910923586,-0.43800151704733625,nan,nan,NOT_APPLICABLE
C_seed3407,C,3407,dose100,PRIMARY,Waymo Dynamic-v2 validation R0_DEVELOPMENT,nuPlan Stage7L historical development,"Waymo-only deterministic reconstruction: original last-view embeddings, same 5-fold scenario GroupKFold, ridge/logistic grid, seed and preprocessing; no nuPlan fitting/selection",0.6235614624040083,19.482179796900553,0.01,INCONCLUSIVE_NO_FROZEN_CROSS_DOMAIN_NUMERICAL_GATE,DEVELOPMENT_DIAGNOSTIC_EVIDENCE,ego13.rms_accel,longitudinal,continuous,80,79,"5,000 log-cluster Poisson bootstrap; development diagnostic only",R2,-18.858618334496544,-34.0853705987626,-11.497350945852817,0.5173542645387974,4.456300969918497,-0.010736052508204407,0.0033061200182654404,nan,nan,NOT_APPLICABLE
C_seed3407,C,3407,dose100,PRIMARY,Waymo Dynamic-v2 validation R0_DEVELOPMENT,nuPlan Stage7L historical development,"Waymo-only deterministic reconstruction: original last-view embeddings, same 5-fold scenario GroupKFold, ridge/logistic grid, seed and preprocessing; no nuPlan fitting/selection",0.9198773897719654,25.02109221441422,10.0,INCONCLUSIVE_NO_FROZEN_CROSS_DOMAIN_NUMERICAL_GATE,DEVELOPMENT_DIAGNOSTIC_EVIDENCE,ego13.rms_yaw_rate,lateral,continuous,80,79,"5,000 log-cluster Poisson bootstrap; development diagnostic only",R2,-24.101214824642256,-41.24819426957989,-15.28631401531188,0.029672643598369648,5.0101112587089585,0.19292076887013598,0.05177638821709083,nan,nan,NOT_APPLICABLE
C_seed3407,C,3407,dose100,PRIMARY,Waymo Dynamic-v2 validation R0_DEVELOPMENT,nuPlan Stage7L historical development,"Waymo-only deterministic reconstruction: original last-view embeddings, same 5-fold scenario GroupKFold, ridge/logistic grid, seed and preprocessing; no nuPlan fitting/selection",0.8181066066176717,33.60742275026952,0.001,INCONCLUSIVE_NO_FROZEN_CROSS_DOMAIN_NUMERICAL_GATE,DEVELOPMENT_DIAGNOSTIC_EVIDENCE,ego13.heading_change_abs_total,lateral,continuous,80,79,"5,000 log-cluster Poisson bootstrap; development diagnostic only",R2,-32.78931614365185,-55.5564866196417,-21.505141040446663,0.3217255783888707,5.812857829299789,0.15989217065166433,0.08441882738966609,nan,nan,NOT_APPLICABLE
C_seed3407,C,3407,dose100,PRIMARY,Waymo Dynamic-v2 validation R0_DEVELOPMENT,nuPlan Stage7L historical development,"Waymo-only deterministic reconstruction: original last-view embeddings, same 5-fold scenario GroupKFold, ridge/logistic grid, seed and preprocessing; no nuPlan fitting/selection",0.9905419699380127,0.08794456734061007,1000.0,INCONCLUSIVE_NO_FROZEN_CROSS_DOMAIN_NUMERICAL_GATE,DEVELOPMENT_DIAGNOSTIC_EVIDENCE,raw33.lane_change_count_proxy,lateral,categorical,80,79,"5,000 log-cluster Poisson bootstrap; development diagnostic only",balanced_accuracy,0.9025974025974026,0.4027777777777778,0.9452054794520548,nan,nan,nan,nan,0.948051948051948,0.5889003083247688,class_0=3; class_1=77
C_seed3407,C,3407,dose100,PRIMARY,Waymo Dynamic-v2 validation R0_DEVELOPMENT,nuPlan Stage7L historical development,"Waymo-only deterministic reconstruction: original last-view embeddings, same 5-fold scenario GroupKFold, ridge/logistic grid, seed and preprocessing; no nuPlan fitting/selection",0.9415579768830545,0.0007171311677171,0.001,INCONCLUSIVE_NO_FROZEN_CROSS_DOMAIN_NUMERICAL_GATE,DEVELOPMENT_DIAGNOSTIC_EVIDENCE,raw33.mean_front_distance,interaction,continuous,80,79,"5,000 log-cluster Poisson bootstrap; development diagnostic only",R2,0.9408408457153374,0.9098416434908697,0.9632254921388554,3.846879719233132,0.24322654930056986,0.9548280021128907,0.9884482085267329,nan,nan,NOT_APPLICABLE
C_seed3407,C,3407,dose100,PRIMARY,Waymo Dynamic-v2 validation R0_DEVELOPMENT,nuPlan Stage7L historical development,"Waymo-only deterministic reconstruction: original last-view embeddings, same 5-fold scenario GroupKFold, ridge/logistic grid, seed and preprocessing; no nuPlan fitting/selection",0.9667963027903125,0.2324300679772623,0.001,INCONCLUSIVE_NO_FROZEN_CROSS_DOMAIN_NUMERICAL_GATE,DEVELOPMENT_DIAGNOSTIC_EVIDENCE,raw33.mean_rel_speed,interaction,continuous,80,79,"5,000 log-cluster Poisson bootstrap; development diagnostic only",R2,0.7343662348130502,0.6684902315658562,0.8078610100510156,3.21125029086033,0.5153967066124402,0.9556206496292351,1.5016671206773953,nan,nan,NOT_APPLICABLE
C_seed3407,C,3407,dose100,PRIMARY,Waymo Dynamic-v2 validation R0_DEVELOPMENT,nuPlan Stage7L historical development,"Waymo-only deterministic reconstruction: original last-view embeddings, same 5-fold scenario GroupKFold, ridge/logistic grid, seed and preprocessing; no nuPlan fitting/selection",0.9482771561173481,0.07454941305959506,0.001,INCONCLUSIVE_NO_FROZEN_CROSS_DOMAIN_NUMERICAL_GATE,DEVELOPMENT_DIAGNOSTIC_EVIDENCE,raw33.front_pressure_score,interaction,continuous,80,79,"5,000 log-cluster Poisson bootstrap; development diagnostic only",R2,0.873727743057753,0.7388941194273184,0.9390941093024217,1.265418650070018,0.35534807856839035,0.8207302937133454,0.8952929654345164,nan,nan,NOT_APPLICABLE
C_seed3408,C,3408,dose100,PRIMARY,Waymo Dynamic-v2 validation R0_DEVELOPMENT,nuPlan Stage7L historical development,"Waymo-only deterministic reconstruction: original last-view embeddings, same 5-fold scenario GroupKFold, ridge/logistic grid, seed and preprocessing; no nuPlan fitting/selection",0.9894953273194529,1.563242115311187,0.001,INCONCLUSIVE_NO_FROZEN_CROSS_DOMAIN_NUMERICAL_GATE,DEVELOPMENT_DIAGNOSTIC_EVIDENCE,ego13.mean_speed,longitudinal,continuous,80,79,"5,000 log-cluster Poisson bootstrap; development diagnostic only",R2,-0.5737467879917342,-1.1592091074908004,-0.21534360777314612,0.9905737656335717,1.2544906488259426,0.6414908579465542,0.5002001495771987,nan,nan,NOT_APPLICABLE
C_seed3408,C,3408,dose100,PRIMARY,Waymo Dynamic-v2 validation R0_DEVELOPMENT,nuPlan Stage7L historical development,"Waymo-only deterministic reconstruction: original last-view embeddings, same 5-fold scenario GroupKFold, ridge/logistic grid, seed and preprocessing; no nuPlan fitting/selection",0.9127948126401422,2.262212028840391,0.001,INCONCLUSIVE_NO_FROZEN_CROSS_DOMAIN_NUMERICAL_GATE,DEVELOPMENT_DIAGNOSTIC_EVIDENCE,ego13.end_minus_start_speed,longitudinal,continuous,80,79,"5,000 log-cluster Poisson bootstrap; development diagnostic only",R2,-1.3494172162002487,-2.7312819036201437,-0.6153685312498464,2.7526442708383216,1.5327808767727529,0.5026722925457103,0.8009252139016745,nan,nan,NOT_APPLICABLE
C_seed3408,C,3408,dose100,PRIMARY,Waymo Dynamic-v2 validation R0_DEVELOPMENT,nuPlan Stage7L historical development,"Waymo-only deterministic reconstruction: original last-view embeddings, same 5-fold scenario GroupKFold, ridge/logistic grid, seed and preprocessing; no nuPlan fitting/selection",0.6429400860487352,218.56235161660058,0.001,INCONCLUSIVE_NO_FROZEN_CROSS_DOMAIN_NUMERICAL_GATE,DEVELOPMENT_DIAGNOSTIC_EVIDENCE,ego13.rms_accel,longitudinal,continuous,80,79,"5,000 log-cluster Poisson bootstrap; development diagnostic only",R2,-217.91941153055186,-427.41959528120753,-129.69802969046214,1.8596598875319947,14.79592550435936,-0.12519924988279418,0.016381600099442284,nan,nan,NOT_APPLICABLE
C_seed3408,C,3408,dose100,PRIMARY,Waymo Dynamic-v2 validation R0_DEVELOPMENT,nuPlan Stage7L historical development,"Waymo-only deterministic reconstruction: original last-view embeddings, same 5-fold scenario GroupKFold, ridge/logistic grid, seed and preprocessing; no nuPlan fitting/selection",0.9097995939957749,120.48582009480441,0.01,INCONCLUSIVE_NO_FROZEN_CROSS_DOMAIN_NUMERICAL_GATE,DEVELOPMENT_DIAGNOSTIC_EVIDENCE,ego13.rms_yaw_rate,lateral,continuous,80,79,"5,000 log-cluster Poisson bootstrap; development diagnostic only",R2,-119.57602050080864,-317.1142550614625,-41.47193845295162,0.05121379683750987,10.980711293026905,0.15846225972808253,0.013917270026397454,nan,nan,NOT_APPLICABLE
C_seed3408,C,3408,dose100,PRIMARY,Waymo Dynamic-v2 validation R0_DEVELOPMENT,nuPlan Stage7L historical development,"Waymo-only deterministic reconstruction: original last-view embeddings, same 5-fold scenario GroupKFold, ridge/logistic grid, seed and preprocessing; no nuPlan fitting/selection",0.8185948057671155,42.33588129202684,0.0001,INCONCLUSIVE_NO_FROZEN_CROSS_DOMAIN_NUMERICAL_GATE,DEVELOPMENT_DIAGNOSTIC_EVIDENCE,ego13.heading_change_abs_total,lateral,continuous,80,79,"5,000 log-cluster Poisson bootstrap; development diagnostic only",R2,-41.51728648625973,-67.67217495039083,-27.50584528238433,0.3606935449040246,6.520528083388625,-0.14263947491795595,-0.031912796890955906,nan,nan,NOT_APPLICABLE
C_seed3408,C,3408,dose100,PRIMARY,Waymo Dynamic-v2 validation R0_DEVELOPMENT,nuPlan Stage7L historical development,"Waymo-only deterministic reconstruction: original last-view embeddings, same 5-fold scenario GroupKFold, ridge/logistic grid, seed and preprocessing; no nuPlan fitting/selection",0.9925426901234252,0.037997235577970634,100.0,INCONCLUSIVE_NO_FROZEN_CROSS_DOMAIN_NUMERICAL_GATE,DEVELOPMENT_DIAGNOSTIC_EVIDENCE,raw33.lane_change_count_proxy,lateral,categorical,80,79,"5,000 log-cluster Poisson bootstrap; development diagnostic only",balanced_accuracy,0.9545454545454546,0.4540210980036298,0.9846153846153847,nan,nan,nan,nan,1.0,0.7069597069597069,class_0=3; class_1=77
C_seed3408,C,3408,dose100,PRIMARY,Waymo Dynamic-v2 validation R0_DEVELOPMENT,nuPlan Stage7L historical development,"Waymo-only deterministic reconstruction: original last-view embeddings, same 5-fold scenario GroupKFold, ridge/logistic grid, seed and preprocessing; no nuPlan fitting/selection",0.9391549300319181,-0.015882858262352473,0.001,INCONCLUSIVE_NO_FROZEN_CROSS_DOMAIN_NUMERICAL_GATE,DEVELOPMENT_DIAGNOSTIC_EVIDENCE,raw33.mean_front_distance,interaction,continuous,80,79,"5,000 log-cluster Poisson bootstrap; development diagnostic only",R2,0.9550377882942706,0.9282480027321625,0.9725273122804963,3.484463852675924,0.21204294778588959,0.9589593770465649,1.02246937962624,nan,nan,NOT_APPLICABLE
C_seed3408,C,3408,dose100,PRIMARY,Waymo Dynamic-v2 validation R0_DEVELOPMENT,nuPlan Stage7L historical development,"Waymo-only deterministic reconstruction: original last-view embeddings, same 5-fold scenario GroupKFold, ridge/logistic grid, seed and preprocessing; no nuPlan fitting/selection",0.9651703429214011,0.22892447522872583,0.01,INCONCLUSIVE_NO_FROZEN_CROSS_DOMAIN_NUMERICAL_GATE,DEVELOPMENT_DIAGNOSTIC_EVIDENCE,raw33.mean_rel_speed,interaction,continuous,80,79,"5,000 log-cluster Poisson bootstrap; development diagnostic only",R2,0.7362458676926753,0.6618378026815676,0.8135126561465503,3.3030241212470544,0.5135699877400594,0.943370642558457,1.4481480631260377,nan,nan,NOT_APPLICABLE
C_seed3408,C,3408,dose100,PRIMARY,Waymo Dynamic-v2 validation R0_DEVELOPMENT,nuPlan Stage7L historical development,"Waymo-only deterministic reconstruction: original last-view embeddings, same 5-fold scenario GroupKFold, ridge/logistic grid, seed and preprocessing; no nuPlan fitting/selection",0.9422504606184756,0.07410381935372146,0.01,INCONCLUSIVE_NO_FROZEN_CROSS_DOMAIN_NUMERICAL_GATE,DEVELOPMENT_DIAGNOSTIC_EVIDENCE,raw33.front_pressure_score,interaction,continuous,80,79,"5,000 log-cluster Poisson bootstrap; development diagnostic only",R2,0.8681466412647542,0.7097856326236811,0.9513494087028401,1.0676963259616685,0.363116178013657,0.7871903809187789,0.9460570350851998,nan,nan,NOT_APPLICABLE
C_seed3409,C,3409,dose100,PRIMARY,Waymo Dynamic-v2 validation R0_DEVELOPMENT,nuPlan Stage7L historical development,"Waymo-only deterministic reconstruction: original last-view embeddings, same 5-fold scenario GroupKFold, ridge/logistic grid, seed and preprocessing; no nuPlan fitting/selection",0.9913699346659731,2.0504626787239264,0.001,INCONCLUSIVE_NO_FROZEN_CROSS_DOMAIN_NUMERICAL_GATE,DEVELOPMENT_DIAGNOSTIC_EVIDENCE,ego13.mean_speed,longitudinal,continuous,80,79,"5,000 log-cluster Poisson bootstrap; development diagnostic only",R2,-1.0590927440579532,-1.7319873785322963,-0.630904897105859,1.069272081381147,1.434953917050284,0.7992733239568683,0.5772951657957992,nan,nan,NOT_APPLICABLE
C_seed3409,C,3409,dose100,PRIMARY,Waymo Dynamic-v2 validation R0_DEVELOPMENT,nuPlan Stage7L historical development,"Waymo-only deterministic reconstruction: original last-view embeddings, same 5-fold scenario GroupKFold, ridge/logistic grid, seed and preprocessing; no nuPlan fitting/selection",0.8416145449647453,1.8629410997359597,0.001,INCONCLUSIVE_NO_FROZEN_CROSS_DOMAIN_NUMERICAL_GATE,DEVELOPMENT_DIAGNOSTIC_EVIDENCE,ego13.end_minus_start_speed,longitudinal,continuous,80,79,"5,000 log-cluster Poisson bootstrap; development diagnostic only",R2,-1.0213265547712145,-2.293916779212342,-0.353855290162099,2.36915571671801,1.421733644101881,-0.11104078762306611,0.18042016665334834,nan,nan,NOT_APPLICABLE
C_seed3409,C,3409,dose100,PRIMARY,Waymo Dynamic-v2 validation R0_DEVELOPMENT,nuPlan Stage7L historical development,"Waymo-only deterministic reconstruction: original last-view embeddings, same 5-fold scenario GroupKFold, ridge/logistic grid, seed and preprocessing; no nuPlan fitting/selection",0.6476542160309342,41.896567886118014,0.001,INCONCLUSIVE_NO_FROZEN_CROSS_DOMAIN_NUMERICAL_GATE,DEVELOPMENT_DIAGNOSTIC_EVIDENCE,ego13.rms_accel,longitudinal,continuous,80,79,"5,000 log-cluster Poisson bootstrap; development diagnostic only",R2,-41.24891367008708,-87.45735181070407,-21.338893059131962,0.6704145647313998,6.49991643562339,0.14852320675105485,0.0019531454572876005,nan,nan,NOT_APPLICABLE
C_seed3409,C,3409,dose100,PRIMARY,Waymo Dynamic-v2 validation R0_DEVELOPMENT,nuPlan Stage7L historical development,"Waymo-only deterministic reconstruction: original last-view embeddings, same 5-fold scenario GroupKFold, ridge/logistic grid, seed and preprocessing; no nuPlan fitting/selection",0.9108579067530178,183.53553797875438,0.01,INCONCLUSIVE_NO_FROZEN_CROSS_DOMAIN_NUMERICAL_GATE,DEVELOPMENT_DIAGNOSTIC_EVIDENCE,ego13.rms_yaw_rate,lateral,continuous,80,79,"5,000 log-cluster Poisson bootstrap; development diagnostic only",R2,-182.62468007200135,-377.21722251528416,-91.93205663028056,0.07263548845746788,13.550818428124604,-0.24753867791842477,-0.016501183440187348,nan,nan,NOT_APPLICABLE
C_seed3409,C,3409,dose100,PRIMARY,Waymo Dynamic-v2 validation R0_DEVELOPMENT,nuPlan Stage7L historical development,"Waymo-only deterministic reconstruction: original last-view embeddings, same 5-fold scenario GroupKFold, ridge/logistic grid, seed and preprocessing; no nuPlan fitting/selection",0.8490852258632745,41.032865218377445,0.001,INCONCLUSIVE_NO_FROZEN_CROSS_DOMAIN_NUMERICAL_GATE,DEVELOPMENT_DIAGNOSTIC_EVIDENCE,ego13.heading_change_abs_total,lateral,continuous,80,79,"5,000 log-cluster Poisson bootstrap; development diagnostic only",R2,-40.18377999251417,-70.81126476659065,-24.406381345486103,0.3297790956254489,6.4174589981171035,-0.014674167838724802,0.04084458168429751,nan,nan,NOT_APPLICABLE
C_seed3409,C,3409,dose100,PRIMARY,Waymo Dynamic-v2 validation R0_DEVELOPMENT,nuPlan Stage7L historical development,"Waymo-only deterministic reconstruction: original last-view embeddings, same 5-fold scenario GroupKFold, ridge/logistic grid, seed and preprocessing; no nuPlan fitting/selection",0.9921921279759764,0.06362069940454784,10000.0,INCONCLUSIVE_NO_FROZEN_CROSS_DOMAIN_NUMERICAL_GATE,DEVELOPMENT_DIAGNOSTIC_EVIDENCE,raw33.lane_change_count_proxy,lateral,categorical,80,79,"5,000 log-cluster Poisson bootstrap; development diagnostic only",balanced_accuracy,0.9285714285714286,0.4266617647058824,0.9666666666666667,nan,nan,nan,nan,1.0,0.6380090497737557,class_0=3; class_1=77
C_seed3409,C,3409,dose100,PRIMARY,Waymo Dynamic-v2 validation R0_DEVELOPMENT,nuPlan Stage7L historical development,"Waymo-only deterministic reconstruction: original last-view embeddings, same 5-fold scenario GroupKFold, ridge/logistic grid, seed and preprocessing; no nuPlan fitting/selection",0.9315404891125446,-0.01981415999534175,0.001,INCONCLUSIVE_NO_FROZEN_CROSS_DOMAIN_NUMERICAL_GATE,DEVELOPMENT_DIAGNOSTIC_EVIDENCE,raw33.mean_front_distance,interaction,continuous,80,79,"5,000 log-cluster Poisson bootstrap; development diagnostic only",R2,0.9513546491078864,0.9262722584935289,0.9694000846290506,3.630792081774481,0.2205569107784057,0.9595358479675427,0.9878444354952294,nan,nan,NOT_APPLICABLE
C_seed3409,C,3409,dose100,PRIMARY,Waymo Dynamic-v2 validation R0_DEVELOPMENT,nuPlan Stage7L historical development,"Waymo-only deterministic reconstruction: original last-view embeddings, same 5-fold scenario GroupKFold, ridge/logistic grid, seed and preprocessing; no nuPlan fitting/selection",0.9620677322945709,0.24593753002686636,0.001,INCONCLUSIVE_NO_FROZEN_CROSS_DOMAIN_NUMERICAL_GATE,DEVELOPMENT_DIAGNOSTIC_EVIDENCE,raw33.mean_rel_speed,interaction,continuous,80,79,"5,000 log-cluster Poisson bootstrap; development diagnostic only",R2,0.7161302022677045,0.6492738453558244,0.7882898185035467,3.425446439929955,0.5327943296735576,0.9588392789380279,1.494856698382107,nan,nan,NOT_APPLICABLE
C_seed3409,C,3409,dose100,PRIMARY,Waymo Dynamic-v2 validation R0_DEVELOPMENT,nuPlan Stage7L historical development,"Waymo-only deterministic reconstruction: original last-view embeddings, same 5-fold scenario GroupKFold, ridge/logistic grid, seed and preprocessing; no nuPlan fitting/selection",0.9406291625592027,0.06161013566950979,0.001,INCONCLUSIVE_NO_FROZEN_CROSS_DOMAIN_NUMERICAL_GATE,DEVELOPMENT_DIAGNOSTIC_EVIDENCE,raw33.front_pressure_score,interaction,continuous,80,79,"5,000 log-cluster Poisson bootstrap; development diagnostic only",R2,0.8790190268896929,0.749919808489099,0.9420079056846324,1.1534562122358545,0.3478231923122825,0.8224423391011709,0.8356248260386421,nan,nan,NOT_APPLICABLE
