study,representation,candidate,seed,analysis_mode,reference_view,view,semantic_family,target_id,target_kind,primary_metric,heldout_point_estimate,paired_standardized_semantic_loss_difference,ci95_lower,ci95_upper,semantic_change_gate,semantic_loss_gate,semantic_gain_gate,n_rows,n_scenarios,n_log_clusters,split_contract,target_source,diagnostic_not_historical,evidence_level,interpretation_matrix_result
D0-C_SAME_HIDDEN_SEQUENCE_POOLING_STUDY,A_seed3407,A,3407,FROZEN_PROBE_ACROSS_VIEW,last,last,longitudinal,ego13.end_minus_start_speed,continuous,R2,0.7640330915079536,0.0,0.0,0.0,False,False,False,400,80,79,"five-fold GroupKFold grouped by scenario_token; identical rows/folds/targets/ridge-logistic grid across views; paired loss CI uses 5,000 log-cluster bootstrap replicates",ego13 from frozen Stage7L ego_seq plus mask; raw33 from frozen Stage7L interaction_feat_style raw-equivalent report array,False,DEVELOPMENT_DIAGNOSTIC_EVIDENCE,NO_MATERIAL_RETENTION_LOSS_SUPPORTED
D0-C_SAME_HIDDEN_SEQUENCE_POOLING_STUDY,A_seed3407,A,3407,FROZEN_PROBE_ACROSS_VIEW,last,last,lateral,ego13.heading_change_abs_total,continuous,R2,-0.04523011802597399,0.0,0.0,0.0,False,False,False,400,80,79,"five-fold GroupKFold grouped by scenario_token; identical rows/folds/targets/ridge-logistic grid across views; paired loss CI uses 5,000 log-cluster bootstrap replicates",ego13 from frozen Stage7L ego_seq plus mask; raw33 from frozen Stage7L interaction_feat_style raw-equivalent report array,False,DEVELOPMENT_DIAGNOSTIC_EVIDENCE,NO_MATERIAL_RETENTION_LOSS_SUPPORTED
D0-C_SAME_HIDDEN_SEQUENCE_POOLING_STUDY,A_seed3407,A,3407,FROZEN_PROBE_ACROSS_VIEW,last,last,longitudinal,ego13.mean_speed,continuous,R2,0.7740548829726689,0.0,0.0,0.0,False,False,False,400,80,79,"five-fold GroupKFold grouped by scenario_token; identical rows/folds/targets/ridge-logistic grid across views; paired loss CI uses 5,000 log-cluster bootstrap replicates",ego13 from frozen Stage7L ego_seq plus mask; raw33 from frozen Stage7L interaction_feat_style raw-equivalent report array,False,DEVELOPMENT_DIAGNOSTIC_EVIDENCE,NO_MATERIAL_RETENTION_LOSS_SUPPORTED
D0-C_SAME_HIDDEN_SEQUENCE_POOLING_STUDY,A_seed3407,A,3407,FROZEN_PROBE_ACROSS_VIEW,last,last,longitudinal,ego13.rms_accel,continuous,R2,0.5567276109517441,0.0,0.0,0.0,False,False,False,400,80,79,"five-fold GroupKFold grouped by scenario_token; identical rows/folds/targets/ridge-logistic grid across views; paired loss CI uses 5,000 log-cluster bootstrap replicates",ego13 from frozen Stage7L ego_seq plus mask; raw33 from frozen Stage7L interaction_feat_style raw-equivalent report array,False,DEVELOPMENT_DIAGNOSTIC_EVIDENCE,NO_MATERIAL_RETENTION_LOSS_SUPPORTED
D0-C_SAME_HIDDEN_SEQUENCE_POOLING_STUDY,A_seed3407,A,3407,FROZEN_PROBE_ACROSS_VIEW,last,last,lateral,ego13.rms_yaw_rate,continuous,R2,0.018957738862982354,0.0,0.0,0.0,False,False,False,400,80,79,"five-fold GroupKFold grouped by scenario_token; identical rows/folds/targets/ridge-logistic grid across views; paired loss CI uses 5,000 log-cluster bootstrap replicates",ego13 from frozen Stage7L ego_seq plus mask; raw33 from frozen Stage7L interaction_feat_style raw-equivalent report array,False,DEVELOPMENT_DIAGNOSTIC_EVIDENCE,NO_MATERIAL_RETENTION_LOSS_SUPPORTED
D0-C_SAME_HIDDEN_SEQUENCE_POOLING_STUDY,A_seed3407,A,3407,FROZEN_PROBE_ACROSS_VIEW,last,last,interaction,raw33.front_pressure_score,continuous,R2,0.8147371707144422,0.0,0.0,0.0,False,False,False,400,80,79,"five-fold GroupKFold grouped by scenario_token; identical rows/folds/targets/ridge-logistic grid across views; paired loss CI uses 5,000 log-cluster bootstrap replicates",ego13 from frozen Stage7L ego_seq plus mask; raw33 from frozen Stage7L interaction_feat_style raw-equivalent report array,False,DEVELOPMENT_DIAGNOSTIC_EVIDENCE,NO_MATERIAL_RETENTION_LOSS_SUPPORTED
D0-C_SAME_HIDDEN_SEQUENCE_POOLING_STUDY,A_seed3407,A,3407,FROZEN_PROBE_ACROSS_VIEW,last,last,lateral,raw33.lane_change_count_proxy,categorical,balanced_accuracy,0.6388888888888888,0.0,0.0,0.0,False,False,False,400,80,79,"five-fold GroupKFold grouped by scenario_token; identical rows/folds/targets/ridge-logistic grid across views; paired loss CI uses 5,000 log-cluster bootstrap replicates",ego13 from frozen Stage7L ego_seq plus mask; raw33 from frozen Stage7L interaction_feat_style raw-equivalent report array,False,DEVELOPMENT_DIAGNOSTIC_EVIDENCE,NO_MATERIAL_RETENTION_LOSS_SUPPORTED
D0-C_SAME_HIDDEN_SEQUENCE_POOLING_STUDY,A_seed3407,A,3407,FROZEN_PROBE_ACROSS_VIEW,last,last,interaction,raw33.mean_front_distance,continuous,R2,0.9404346210099432,0.0,0.0,0.0,False,False,False,400,80,79,"five-fold GroupKFold grouped by scenario_token; identical rows/folds/targets/ridge-logistic grid across views; paired loss CI uses 5,000 log-cluster bootstrap replicates",ego13 from frozen Stage7L ego_seq plus mask; raw33 from frozen Stage7L interaction_feat_style raw-equivalent report array,False,DEVELOPMENT_DIAGNOSTIC_EVIDENCE,NO_MATERIAL_RETENTION_LOSS_SUPPORTED
D0-C_SAME_HIDDEN_SEQUENCE_POOLING_STUDY,A_seed3407,A,3407,FROZEN_PROBE_ACROSS_VIEW,last,last,interaction,raw33.mean_rel_speed,continuous,R2,0.9153715462598445,0.0,0.0,0.0,False,False,False,400,80,79,"five-fold GroupKFold grouped by scenario_token; identical rows/folds/targets/ridge-logistic grid across views; paired loss CI uses 5,000 log-cluster bootstrap replicates",ego13 from frozen Stage7L ego_seq plus mask; raw33 from frozen Stage7L interaction_feat_style raw-equivalent report array,False,DEVELOPMENT_DIAGNOSTIC_EVIDENCE,NO_MATERIAL_RETENTION_LOSS_SUPPORTED
D0-C_SAME_HIDDEN_SEQUENCE_POOLING_STUDY,A_seed3407,A,3407,FROZEN_PROBE_ACROSS_VIEW,last,max,longitudinal,ego13.end_minus_start_speed,continuous,R2,-24.78742002467166,1.4615609840494241,1.2777927663661601,1.7091755838954872,True,True,False,400,80,79,"five-fold GroupKFold grouped by scenario_token; identical rows/folds/targets/ridge-logistic grid across views; paired loss CI uses 5,000 log-cluster bootstrap replicates",ego13 from frozen Stage7L ego_seq plus mask; raw33 from frozen Stage7L interaction_feat_style raw-equivalent report array,True,DEVELOPMENT_DIAGNOSTIC_EVIDENCE,INFORMATION_RETENTION_LOSS_FAVORED
D0-C_SAME_HIDDEN_SEQUENCE_POOLING_STUDY,A_seed3407,A,3407,FROZEN_PROBE_ACROSS_VIEW,last,max,lateral,ego13.heading_change_abs_total,continuous,R2,-1.2203422539470714,0.3920422800346455,0.2382171874773718,0.53786619115783,True,True,False,400,80,79,"five-fold GroupKFold grouped by scenario_token; identical rows/folds/targets/ridge-logistic grid across views; paired loss CI uses 5,000 log-cluster bootstrap replicates",ego13 from frozen Stage7L ego_seq plus mask; raw33 from frozen Stage7L interaction_feat_style raw-equivalent report array,True,DEVELOPMENT_DIAGNOSTIC_EVIDENCE,COORDINATE_GEOMETRY_SHIFT_FAVORED
D0-C_SAME_HIDDEN_SEQUENCE_POOLING_STUDY,A_seed3407,A,3407,FROZEN_PROBE_ACROSS_VIEW,last,max,longitudinal,ego13.mean_speed,continuous,R2,-5.4964421850352405,0.4857083516757561,0.3856178601836493,0.6955616615035755,True,True,False,400,80,79,"five-fold GroupKFold grouped by scenario_token; identical rows/folds/targets/ridge-logistic grid across views; paired loss CI uses 5,000 log-cluster bootstrap replicates",ego13 from frozen Stage7L ego_seq plus mask; raw33 from frozen Stage7L interaction_feat_style raw-equivalent report array,True,DEVELOPMENT_DIAGNOSTIC_EVIDENCE,COORDINATE_GEOMETRY_SHIFT_FAVORED
D0-C_SAME_HIDDEN_SEQUENCE_POOLING_STUDY,A_seed3407,A,3407,FROZEN_PROBE_ACROSS_VIEW,last,max,longitudinal,ego13.rms_accel,continuous,R2,-45.626557475984704,1.4474333451074828,1.2447396234568593,1.7250253180274333,True,True,False,400,80,79,"five-fold GroupKFold grouped by scenario_token; identical rows/folds/targets/ridge-logistic grid across views; paired loss CI uses 5,000 log-cluster bootstrap replicates",ego13 from frozen Stage7L ego_seq plus mask; raw33 from frozen Stage7L interaction_feat_style raw-equivalent report array,True,DEVELOPMENT_DIAGNOSTIC_EVIDENCE,COORDINATE_GEOMETRY_SHIFT_FAVORED
D0-C_SAME_HIDDEN_SEQUENCE_POOLING_STUDY,A_seed3407,A,3407,FROZEN_PROBE_ACROSS_VIEW,last,max,lateral,ego13.rms_yaw_rate,continuous,R2,-2.7542768122423396,0.5999805591688783,0.46297145864788125,0.7500360274307069,True,True,False,400,80,79,"five-fold GroupKFold grouped by scenario_token; identical rows/folds/targets/ridge-logistic grid across views; paired loss CI uses 5,000 log-cluster bootstrap replicates",ego13 from frozen Stage7L ego_seq plus mask; raw33 from frozen Stage7L interaction_feat_style raw-equivalent report array,True,DEVELOPMENT_DIAGNOSTIC_EVIDENCE,COORDINATE_GEOMETRY_SHIFT_FAVORED
D0-C_SAME_HIDDEN_SEQUENCE_POOLING_STUDY,A_seed3407,A,3407,FROZEN_PROBE_ACROSS_VIEW,last,max,interaction,raw33.front_pressure_score,continuous,R2,-0.13205739935097083,0.7569190141453475,0.6186575734265993,0.9775148379671972,True,True,False,400,80,79,"five-fold GroupKFold grouped by scenario_token; identical rows/folds/targets/ridge-logistic grid across views; paired loss CI uses 5,000 log-cluster bootstrap replicates",ego13 from frozen Stage7L ego_seq plus mask; raw33 from frozen Stage7L interaction_feat_style raw-equivalent report array,True,DEVELOPMENT_DIAGNOSTIC_EVIDENCE,INFORMATION_RETENTION_LOSS_FAVORED
D0-C_SAME_HIDDEN_SEQUENCE_POOLING_STUDY,A_seed3407,A,3407,FROZEN_PROBE_ACROSS_VIEW,last,max,lateral,raw33.lane_change_count_proxy,categorical,balanced_accuracy,0.5,0.11250879009260237,0.0,0.19741838141820905,False,False,False,400,80,79,"five-fold GroupKFold grouped by scenario_token; identical rows/folds/targets/ridge-logistic grid across views; paired loss CI uses 5,000 log-cluster bootstrap replicates",ego13 from frozen Stage7L ego_seq plus mask; raw33 from frozen Stage7L interaction_feat_style raw-equivalent report array,True,DEVELOPMENT_DIAGNOSTIC_EVIDENCE,NO_MATERIAL_RETENTION_LOSS_SUPPORTED
D0-C_SAME_HIDDEN_SEQUENCE_POOLING_STUDY,A_seed3407,A,3407,FROZEN_PROBE_ACROSS_VIEW,last,max,interaction,raw33.mean_front_distance,continuous,R2,-0.4007794379638421,0.5993243407294424,0.4939174104650941,0.719891569106067,True,True,False,400,80,79,"five-fold GroupKFold grouped by scenario_token; identical rows/folds/targets/ridge-logistic grid across views; paired loss CI uses 5,000 log-cluster bootstrap replicates",ego13 from frozen Stage7L ego_seq plus mask; raw33 from frozen Stage7L interaction_feat_style raw-equivalent report array,True,DEVELOPMENT_DIAGNOSTIC_EVIDENCE,INFORMATION_RETENTION_LOSS_FAVORED
D0-C_SAME_HIDDEN_SEQUENCE_POOLING_STUDY,A_seed3407,A,3407,FROZEN_PROBE_ACROSS_VIEW,last,max,interaction,raw33.mean_rel_speed,continuous,R2,0.5238499644791972,0.8607406899509767,0.6878186451703647,1.1648243142496375,True,True,False,400,80,79,"five-fold GroupKFold grouped by scenario_token; identical rows/folds/targets/ridge-logistic grid across views; paired loss CI uses 5,000 log-cluster bootstrap replicates",ego13 from frozen Stage7L ego_seq plus mask; raw33 from frozen Stage7L interaction_feat_style raw-equivalent report array,True,DEVELOPMENT_DIAGNOSTIC_EVIDENCE,COORDINATE_GEOMETRY_SHIFT_FAVORED
D0-C_SAME_HIDDEN_SEQUENCE_POOLING_STUDY,A_seed3407,A,3407,FROZEN_PROBE_ACROSS_VIEW,last,mean,longitudinal,ego13.end_minus_start_speed,continuous,R2,-3.1214381795851986,1.1106596604267343,0.9403606804324672,1.3359501708338932,True,True,False,400,80,79,"five-fold GroupKFold grouped by scenario_token; identical rows/folds/targets/ridge-logistic grid across views; paired loss CI uses 5,000 log-cluster bootstrap replicates",ego13 from frozen Stage7L ego_seq plus mask; raw33 from frozen Stage7L interaction_feat_style raw-equivalent report array,True,DEVELOPMENT_DIAGNOSTIC_EVIDENCE,COORDINATE_GEOMETRY_SHIFT_FAVORED
D0-C_SAME_HIDDEN_SEQUENCE_POOLING_STUDY,A_seed3407,A,3407,FROZEN_PROBE_ACROSS_VIEW,last,mean,lateral,ego13.heading_change_abs_total,continuous,R2,-0.015289996912702497,-0.06861955880519749,-0.23549725857825207,0.1914876958801268,False,False,False,400,80,79,"five-fold GroupKFold grouped by scenario_token; identical rows/folds/targets/ridge-logistic grid across views; paired loss CI uses 5,000 log-cluster bootstrap replicates",ego13 from frozen Stage7L ego_seq plus mask; raw33 from frozen Stage7L interaction_feat_style raw-equivalent report array,True,DEVELOPMENT_DIAGNOSTIC_EVIDENCE,NO_MATERIAL_RETENTION_LOSS_SUPPORTED
D0-C_SAME_HIDDEN_SEQUENCE_POOLING_STUDY,A_seed3407,A,3407,FROZEN_PROBE_ACROSS_VIEW,last,mean,longitudinal,ego13.mean_speed,continuous,R2,-0.578786810030232,0.7407809848776122,0.5956915556543143,0.9993907588106158,True,True,False,400,80,79,"five-fold GroupKFold grouped by scenario_token; identical rows/folds/targets/ridge-logistic grid across views; paired loss CI uses 5,000 log-cluster bootstrap replicates",ego13 from frozen Stage7L ego_seq plus mask; raw33 from frozen Stage7L interaction_feat_style raw-equivalent report array,True,DEVELOPMENT_DIAGNOSTIC_EVIDENCE,COORDINATE_GEOMETRY_SHIFT_FAVORED
D0-C_SAME_HIDDEN_SEQUENCE_POOLING_STUDY,A_seed3407,A,3407,FROZEN_PROBE_ACROSS_VIEW,last,mean,longitudinal,ego13.rms_accel,continuous,R2,-4.992354162607145,1.1649174082568,0.9646232831743714,1.4083478534011538,True,True,False,400,80,79,"five-fold GroupKFold grouped by scenario_token; identical rows/folds/targets/ridge-logistic grid across views; paired loss CI uses 5,000 log-cluster bootstrap replicates",ego13 from frozen Stage7L ego_seq plus mask; raw33 from frozen Stage7L interaction_feat_style raw-equivalent report array,True,DEVELOPMENT_DIAGNOSTIC_EVIDENCE,COORDINATE_GEOMETRY_SHIFT_FAVORED
D0-C_SAME_HIDDEN_SEQUENCE_POOLING_STUDY,A_seed3407,A,3407,FROZEN_PROBE_ACROSS_VIEW,last,mean,lateral,ego13.rms_yaw_rate,continuous,R2,-0.07775296802294385,0.1819717728287298,-0.04191607685502661,0.40604590128862406,False,False,False,400,80,79,"five-fold GroupKFold grouped by scenario_token; identical rows/folds/targets/ridge-logistic grid across views; paired loss CI uses 5,000 log-cluster bootstrap replicates",ego13 from frozen Stage7L ego_seq plus mask; raw33 from frozen Stage7L interaction_feat_style raw-equivalent report array,True,DEVELOPMENT_DIAGNOSTIC_EVIDENCE,NO_MATERIAL_RETENTION_LOSS_SUPPORTED
D0-C_SAME_HIDDEN_SEQUENCE_POOLING_STUDY,A_seed3407,A,3407,FROZEN_PROBE_ACROSS_VIEW,last,mean,interaction,raw33.front_pressure_score,continuous,R2,0.803503771313226,0.07185330226691086,-0.22957319647092156,0.2068897182918746,False,False,False,400,80,79,"five-fold GroupKFold grouped by scenario_token; identical rows/folds/targets/ridge-logistic grid across views; paired loss CI uses 5,000 log-cluster bootstrap replicates",ego13 from frozen Stage7L ego_seq plus mask; raw33 from frozen Stage7L interaction_feat_style raw-equivalent report array,True,DEVELOPMENT_DIAGNOSTIC_EVIDENCE,NO_MATERIAL_RETENTION_LOSS_SUPPORTED
D0-C_SAME_HIDDEN_SEQUENCE_POOLING_STUDY,A_seed3407,A,3407,FROZEN_PROBE_ACROSS_VIEW,last,mean,lateral,raw33.lane_change_count_proxy,categorical,balanced_accuracy,0.6388888888888888,0.0,0.0,0.0,False,False,False,400,80,79,"five-fold GroupKFold grouped by scenario_token; identical rows/folds/targets/ridge-logistic grid across views; paired loss CI uses 5,000 log-cluster bootstrap replicates",ego13 from frozen Stage7L ego_seq plus mask; raw33 from frozen Stage7L interaction_feat_style raw-equivalent report array,True,DEVELOPMENT_DIAGNOSTIC_EVIDENCE,NO_MATERIAL_RETENTION_LOSS_SUPPORTED
D0-C_SAME_HIDDEN_SEQUENCE_POOLING_STUDY,A_seed3407,A,3407,FROZEN_PROBE_ACROSS_VIEW,last,mean,interaction,raw33.mean_front_distance,continuous,R2,0.9362632331430357,0.05669316050870804,-0.20670196372526337,0.23733552166556796,False,False,False,400,80,79,"five-fold GroupKFold grouped by scenario_token; identical rows/folds/targets/ridge-logistic grid across views; paired loss CI uses 5,000 log-cluster bootstrap replicates",ego13 from frozen Stage7L ego_seq plus mask; raw33 from frozen Stage7L interaction_feat_style raw-equivalent report array,True,DEVELOPMENT_DIAGNOSTIC_EVIDENCE,REFIT_VIEW_GAIN_NOT_INFORMATION_LOSS
D0-C_SAME_HIDDEN_SEQUENCE_POOLING_STUDY,A_seed3407,A,3407,FROZEN_PROBE_ACROSS_VIEW,last,mean,interaction,raw33.mean_rel_speed,continuous,R2,0.9117666270791145,0.04914601240542029,-0.18905898970719578,0.24420052579300733,False,False,False,400,80,79,"five-fold GroupKFold grouped by scenario_token; identical rows/folds/targets/ridge-logistic grid across views; paired loss CI uses 5,000 log-cluster bootstrap replicates",ego13 from frozen Stage7L ego_seq plus mask; raw33 from frozen Stage7L interaction_feat_style raw-equivalent report array,True,DEVELOPMENT_DIAGNOSTIC_EVIDENCE,NO_MATERIAL_RETENTION_LOSS_SUPPORTED
D0-C_SAME_HIDDEN_SEQUENCE_POOLING_STUDY,A_seed3407,A,3407,SAME_CAPACITY_REFIT_PROBE_PER_VIEW,last,last,longitudinal,ego13.end_minus_start_speed,continuous,R2,0.7640330915079536,0.0,0.0,0.0,False,False,False,400,80,79,"five-fold GroupKFold grouped by scenario_token; identical rows/folds/targets/ridge-logistic grid across views; paired loss CI uses 5,000 log-cluster bootstrap replicates",ego13 from frozen Stage7L ego_seq plus mask; raw33 from frozen Stage7L interaction_feat_style raw-equivalent report array,False,DEVELOPMENT_DIAGNOSTIC_EVIDENCE,NO_MATERIAL_RETENTION_LOSS_SUPPORTED
D0-C_SAME_HIDDEN_SEQUENCE_POOLING_STUDY,A_seed3407,A,3407,SAME_CAPACITY_REFIT_PROBE_PER_VIEW,last,last,lateral,ego13.heading_change_abs_total,continuous,R2,-0.04523011802597399,0.0,0.0,0.0,False,False,False,400,80,79,"five-fold GroupKFold grouped by scenario_token; identical rows/folds/targets/ridge-logistic grid across views; paired loss CI uses 5,000 log-cluster bootstrap replicates",ego13 from frozen Stage7L ego_seq plus mask; raw33 from frozen Stage7L interaction_feat_style raw-equivalent report array,False,DEVELOPMENT_DIAGNOSTIC_EVIDENCE,NO_MATERIAL_RETENTION_LOSS_SUPPORTED
D0-C_SAME_HIDDEN_SEQUENCE_POOLING_STUDY,A_seed3407,A,3407,SAME_CAPACITY_REFIT_PROBE_PER_VIEW,last,last,longitudinal,ego13.mean_speed,continuous,R2,0.7740548829726689,0.0,0.0,0.0,False,False,False,400,80,79,"five-fold GroupKFold grouped by scenario_token; identical rows/folds/targets/ridge-logistic grid across views; paired loss CI uses 5,000 log-cluster bootstrap replicates",ego13 from frozen Stage7L ego_seq plus mask; raw33 from frozen Stage7L interaction_feat_style raw-equivalent report array,False,DEVELOPMENT_DIAGNOSTIC_EVIDENCE,NO_MATERIAL_RETENTION_LOSS_SUPPORTED
D0-C_SAME_HIDDEN_SEQUENCE_POOLING_STUDY,A_seed3407,A,3407,SAME_CAPACITY_REFIT_PROBE_PER_VIEW,last,last,longitudinal,ego13.rms_accel,continuous,R2,0.5567276109517441,0.0,0.0,0.0,False,False,False,400,80,79,"five-fold GroupKFold grouped by scenario_token; identical rows/folds/targets/ridge-logistic grid across views; paired loss CI uses 5,000 log-cluster bootstrap replicates",ego13 from frozen Stage7L ego_seq plus mask; raw33 from frozen Stage7L interaction_feat_style raw-equivalent report array,False,DEVELOPMENT_DIAGNOSTIC_EVIDENCE,NO_MATERIAL_RETENTION_LOSS_SUPPORTED
D0-C_SAME_HIDDEN_SEQUENCE_POOLING_STUDY,A_seed3407,A,3407,SAME_CAPACITY_REFIT_PROBE_PER_VIEW,last,last,lateral,ego13.rms_yaw_rate,continuous,R2,0.018957738862982354,0.0,0.0,0.0,False,False,False,400,80,79,"five-fold GroupKFold grouped by scenario_token; identical rows/folds/targets/ridge-logistic grid across views; paired loss CI uses 5,000 log-cluster bootstrap replicates",ego13 from frozen Stage7L ego_seq plus mask; raw33 from frozen Stage7L interaction_feat_style raw-equivalent report array,False,DEVELOPMENT_DIAGNOSTIC_EVIDENCE,NO_MATERIAL_RETENTION_LOSS_SUPPORTED
D0-C_SAME_HIDDEN_SEQUENCE_POOLING_STUDY,A_seed3407,A,3407,SAME_CAPACITY_REFIT_PROBE_PER_VIEW,last,last,interaction,raw33.front_pressure_score,continuous,R2,0.8147371707144422,0.0,0.0,0.0,False,False,False,400,80,79,"five-fold GroupKFold grouped by scenario_token; identical rows/folds/targets/ridge-logistic grid across views; paired loss CI uses 5,000 log-cluster bootstrap replicates",ego13 from frozen Stage7L ego_seq plus mask; raw33 from frozen Stage7L interaction_feat_style raw-equivalent report array,False,DEVELOPMENT_DIAGNOSTIC_EVIDENCE,NO_MATERIAL_RETENTION_LOSS_SUPPORTED
D0-C_SAME_HIDDEN_SEQUENCE_POOLING_STUDY,A_seed3407,A,3407,SAME_CAPACITY_REFIT_PROBE_PER_VIEW,last,last,lateral,raw33.lane_change_count_proxy,categorical,balanced_accuracy,0.6388888888888888,0.0,0.0,0.0,False,False,False,400,80,79,"five-fold GroupKFold grouped by scenario_token; identical rows/folds/targets/ridge-logistic grid across views; paired loss CI uses 5,000 log-cluster bootstrap replicates",ego13 from frozen Stage7L ego_seq plus mask; raw33 from frozen Stage7L interaction_feat_style raw-equivalent report array,False,DEVELOPMENT_DIAGNOSTIC_EVIDENCE,NO_MATERIAL_RETENTION_LOSS_SUPPORTED
D0-C_SAME_HIDDEN_SEQUENCE_POOLING_STUDY,A_seed3407,A,3407,SAME_CAPACITY_REFIT_PROBE_PER_VIEW,last,last,interaction,raw33.mean_front_distance,continuous,R2,0.9404346210099432,0.0,0.0,0.0,False,False,False,400,80,79,"five-fold GroupKFold grouped by scenario_token; identical rows/folds/targets/ridge-logistic grid across views; paired loss CI uses 5,000 log-cluster bootstrap replicates",ego13 from frozen Stage7L ego_seq plus mask; raw33 from frozen Stage7L interaction_feat_style raw-equivalent report array,False,DEVELOPMENT_DIAGNOSTIC_EVIDENCE,NO_MATERIAL_RETENTION_LOSS_SUPPORTED
D0-C_SAME_HIDDEN_SEQUENCE_POOLING_STUDY,A_seed3407,A,3407,SAME_CAPACITY_REFIT_PROBE_PER_VIEW,last,last,interaction,raw33.mean_rel_speed,continuous,R2,0.9153715462598445,0.0,0.0,0.0,False,False,False,400,80,79,"five-fold GroupKFold grouped by scenario_token; identical rows/folds/targets/ridge-logistic grid across views; paired loss CI uses 5,000 log-cluster bootstrap replicates",ego13 from frozen Stage7L ego_seq plus mask; raw33 from frozen Stage7L interaction_feat_style raw-equivalent report array,False,DEVELOPMENT_DIAGNOSTIC_EVIDENCE,NO_MATERIAL_RETENTION_LOSS_SUPPORTED
D0-C_SAME_HIDDEN_SEQUENCE_POOLING_STUDY,A_seed3407,A,3407,SAME_CAPACITY_REFIT_PROBE_PER_VIEW,last,max,longitudinal,ego13.end_minus_start_speed,continuous,R2,0.6247606495170084,0.2296385950759868,0.002601262509108471,0.5179810503152941,True,True,False,400,80,79,"five-fold GroupKFold grouped by scenario_token; identical rows/folds/targets/ridge-logistic grid across views; paired loss CI uses 5,000 log-cluster bootstrap replicates",ego13 from frozen Stage7L ego_seq plus mask; raw33 from frozen Stage7L interaction_feat_style raw-equivalent report array,True,DEVELOPMENT_DIAGNOSTIC_EVIDENCE,INFORMATION_RETENTION_LOSS_FAVORED
D0-C_SAME_HIDDEN_SEQUENCE_POOLING_STUDY,A_seed3407,A,3407,SAME_CAPACITY_REFIT_PROBE_PER_VIEW,last,max,lateral,ego13.heading_change_abs_total,continuous,R2,0.03343743367726526,-0.10960796270599242,-0.29668158327162186,0.11611142171407304,False,False,False,400,80,79,"five-fold GroupKFold grouped by scenario_token; identical rows/folds/targets/ridge-logistic grid across views; paired loss CI uses 5,000 log-cluster bootstrap replicates",ego13 from frozen Stage7L ego_seq plus mask; raw33 from frozen Stage7L interaction_feat_style raw-equivalent report array,True,DEVELOPMENT_DIAGNOSTIC_EVIDENCE,COORDINATE_GEOMETRY_SHIFT_FAVORED
D0-C_SAME_HIDDEN_SEQUENCE_POOLING_STUDY,A_seed3407,A,3407,SAME_CAPACITY_REFIT_PROBE_PER_VIEW,last,max,longitudinal,ego13.mean_speed,continuous,R2,0.6239332850404655,0.21501186401966121,-0.011611882090816735,0.5157517687953991,False,False,False,400,80,79,"five-fold GroupKFold grouped by scenario_token; identical rows/folds/targets/ridge-logistic grid across views; paired loss CI uses 5,000 log-cluster bootstrap replicates",ego13 from frozen Stage7L ego_seq plus mask; raw33 from frozen Stage7L interaction_feat_style raw-equivalent report array,True,DEVELOPMENT_DIAGNOSTIC_EVIDENCE,COORDINATE_GEOMETRY_SHIFT_FAVORED
D0-C_SAME_HIDDEN_SEQUENCE_POOLING_STUDY,A_seed3407,A,3407,SAME_CAPACITY_REFIT_PROBE_PER_VIEW,last,max,longitudinal,ego13.rms_accel,continuous,R2,0.5303420621198892,0.02887151506259686,-0.16000371977610753,0.3448589826212122,False,False,False,400,80,79,"five-fold GroupKFold grouped by scenario_token; identical rows/folds/targets/ridge-logistic grid across views; paired loss CI uses 5,000 log-cluster bootstrap replicates",ego13 from frozen Stage7L ego_seq plus mask; raw33 from frozen Stage7L interaction_feat_style raw-equivalent report array,True,DEVELOPMENT_DIAGNOSTIC_EVIDENCE,COORDINATE_GEOMETRY_SHIFT_FAVORED
D0-C_SAME_HIDDEN_SEQUENCE_POOLING_STUDY,A_seed3407,A,3407,SAME_CAPACITY_REFIT_PROBE_PER_VIEW,last,max,lateral,ego13.rms_yaw_rate,continuous,R2,0.09128405686215058,-0.11814956558526205,-0.32790883440167606,0.10650558814024752,False,False,False,400,80,79,"five-fold GroupKFold grouped by scenario_token; identical rows/folds/targets/ridge-logistic grid across views; paired loss CI uses 5,000 log-cluster bootstrap replicates",ego13 from frozen Stage7L ego_seq plus mask; raw33 from frozen Stage7L interaction_feat_style raw-equivalent report array,True,DEVELOPMENT_DIAGNOSTIC_EVIDENCE,COORDINATE_GEOMETRY_SHIFT_FAVORED
D0-C_SAME_HIDDEN_SEQUENCE_POOLING_STUDY,A_seed3407,A,3407,SAME_CAPACITY_REFIT_PROBE_PER_VIEW,last,max,interaction,raw33.front_pressure_score,continuous,R2,0.48073755870208723,0.35519235715076314,0.18312914033683514,0.5096791714799993,True,True,False,400,80,79,"five-fold GroupKFold grouped by scenario_token; identical rows/folds/targets/ridge-logistic grid across views; paired loss CI uses 5,000 log-cluster bootstrap replicates",ego13 from frozen Stage7L ego_seq plus mask; raw33 from frozen Stage7L interaction_feat_style raw-equivalent report array,True,DEVELOPMENT_DIAGNOSTIC_EVIDENCE,INFORMATION_RETENTION_LOSS_FAVORED
D0-C_SAME_HIDDEN_SEQUENCE_POOLING_STUDY,A_seed3407,A,3407,SAME_CAPACITY_REFIT_PROBE_PER_VIEW,last,max,lateral,raw33.lane_change_count_proxy,categorical,balanced_accuracy,0.5,0.11250879009260237,0.0,0.19741838141820905,False,False,False,400,80,79,"five-fold GroupKFold grouped by scenario_token; identical rows/folds/targets/ridge-logistic grid across views; paired loss CI uses 5,000 log-cluster bootstrap replicates",ego13 from frozen Stage7L ego_seq plus mask; raw33 from frozen Stage7L interaction_feat_style raw-equivalent report array,True,DEVELOPMENT_DIAGNOSTIC_EVIDENCE,NO_MATERIAL_RETENTION_LOSS_SUPPORTED
D0-C_SAME_HIDDEN_SEQUENCE_POOLING_STUDY,A_seed3407,A,3407,SAME_CAPACITY_REFIT_PROBE_PER_VIEW,last,max,interaction,raw33.mean_front_distance,continuous,R2,0.80790064051269,0.5278486985015338,0.3700711941274213,0.6813667793538797,True,True,False,400,80,79,"five-fold GroupKFold grouped by scenario_token; identical rows/folds/targets/ridge-logistic grid across views; paired loss CI uses 5,000 log-cluster bootstrap replicates",ego13 from frozen Stage7L ego_seq plus mask; raw33 from frozen Stage7L interaction_feat_style raw-equivalent report array,True,DEVELOPMENT_DIAGNOSTIC_EVIDENCE,INFORMATION_RETENTION_LOSS_FAVORED
D0-C_SAME_HIDDEN_SEQUENCE_POOLING_STUDY,A_seed3407,A,3407,SAME_CAPACITY_REFIT_PROBE_PER_VIEW,last,max,interaction,raw33.mean_rel_speed,continuous,R2,0.873712779792966,0.18537079214370356,-0.027062632245822133,0.3963723461114115,False,False,False,400,80,79,"five-fold GroupKFold grouped by scenario_token; identical rows/folds/targets/ridge-logistic grid across views; paired loss CI uses 5,000 log-cluster bootstrap replicates",ego13 from frozen Stage7L ego_seq plus mask; raw33 from frozen Stage7L interaction_feat_style raw-equivalent report array,True,DEVELOPMENT_DIAGNOSTIC_EVIDENCE,COORDINATE_GEOMETRY_SHIFT_FAVORED
D0-C_SAME_HIDDEN_SEQUENCE_POOLING_STUDY,A_seed3407,A,3407,SAME_CAPACITY_REFIT_PROBE_PER_VIEW,last,mean,longitudinal,ego13.end_minus_start_speed,continuous,R2,0.7911864552422074,-0.06400610130931499,-0.23831858605729342,0.19724114854210406,False,False,False,400,80,79,"five-fold GroupKFold grouped by scenario_token; identical rows/folds/targets/ridge-logistic grid across views; paired loss CI uses 5,000 log-cluster bootstrap replicates",ego13 from frozen Stage7L ego_seq plus mask; raw33 from frozen Stage7L interaction_feat_style raw-equivalent report array,True,DEVELOPMENT_DIAGNOSTIC_EVIDENCE,COORDINATE_GEOMETRY_SHIFT_FAVORED
D0-C_SAME_HIDDEN_SEQUENCE_POOLING_STUDY,A_seed3407,A,3407,SAME_CAPACITY_REFIT_PROBE_PER_VIEW,last,mean,lateral,ego13.heading_change_abs_total,continuous,R2,0.007297651198946209,-0.09892102732242254,-0.26609219992186134,0.15342270803007982,False,False,False,400,80,79,"five-fold GroupKFold grouped by scenario_token; identical rows/folds/targets/ridge-logistic grid across views; paired loss CI uses 5,000 log-cluster bootstrap replicates",ego13 from frozen Stage7L ego_seq plus mask; raw33 from frozen Stage7L interaction_feat_style raw-equivalent report array,True,DEVELOPMENT_DIAGNOSTIC_EVIDENCE,NO_MATERIAL_RETENTION_LOSS_SUPPORTED
D0-C_SAME_HIDDEN_SEQUENCE_POOLING_STUDY,A_seed3407,A,3407,SAME_CAPACITY_REFIT_PROBE_PER_VIEW,last,mean,longitudinal,ego13.mean_speed,continuous,R2,0.701508026300068,0.12210519376416964,-0.08561168646744681,0.48613236912227803,False,False,False,400,80,79,"five-fold GroupKFold grouped by scenario_token; identical rows/folds/targets/ridge-logistic grid across views; paired loss CI uses 5,000 log-cluster bootstrap replicates",ego13 from frozen Stage7L ego_seq plus mask; raw33 from frozen Stage7L interaction_feat_style raw-equivalent report array,True,DEVELOPMENT_DIAGNOSTIC_EVIDENCE,COORDINATE_GEOMETRY_SHIFT_FAVORED
D0-C_SAME_HIDDEN_SEQUENCE_POOLING_STUDY,A_seed3407,A,3407,SAME_CAPACITY_REFIT_PROBE_PER_VIEW,last,mean,longitudinal,ego13.rms_accel,continuous,R2,0.6749406695595268,-0.1779064563797703,-0.3161319956856743,0.019075446577009315,False,False,False,400,80,79,"five-fold GroupKFold grouped by scenario_token; identical rows/folds/targets/ridge-logistic grid across views; paired loss CI uses 5,000 log-cluster bootstrap replicates",ego13 from frozen Stage7L ego_seq plus mask; raw33 from frozen Stage7L interaction_feat_style raw-equivalent report array,True,DEVELOPMENT_DIAGNOSTIC_EVIDENCE,COORDINATE_GEOMETRY_SHIFT_FAVORED
D0-C_SAME_HIDDEN_SEQUENCE_POOLING_STUDY,A_seed3407,A,3407,SAME_CAPACITY_REFIT_PROBE_PER_VIEW,last,mean,lateral,ego13.rms_yaw_rate,continuous,R2,0.08504700799658715,-0.12267109198458223,-0.2991986690028239,0.10658166937870697,False,False,False,400,80,79,"five-fold GroupKFold grouped by scenario_token; identical rows/folds/targets/ridge-logistic grid across views; paired loss CI uses 5,000 log-cluster bootstrap replicates",ego13 from frozen Stage7L ego_seq plus mask; raw33 from frozen Stage7L interaction_feat_style raw-equivalent report array,True,DEVELOPMENT_DIAGNOSTIC_EVIDENCE,NO_MATERIAL_RETENTION_LOSS_SUPPORTED
D0-C_SAME_HIDDEN_SEQUENCE_POOLING_STUDY,A_seed3407,A,3407,SAME_CAPACITY_REFIT_PROBE_PER_VIEW,last,mean,interaction,raw33.front_pressure_score,continuous,R2,0.7981520712426475,0.11621138371367794,-0.14238622799564107,0.26739627921481296,False,False,False,400,80,79,"five-fold GroupKFold grouped by scenario_token; identical rows/folds/targets/ridge-logistic grid across views; paired loss CI uses 5,000 log-cluster bootstrap replicates",ego13 from frozen Stage7L ego_seq plus mask; raw33 from frozen Stage7L interaction_feat_style raw-equivalent report array,True,DEVELOPMENT_DIAGNOSTIC_EVIDENCE,NO_MATERIAL_RETENTION_LOSS_SUPPORTED
D0-C_SAME_HIDDEN_SEQUENCE_POOLING_STUDY,A_seed3407,A,3407,SAME_CAPACITY_REFIT_PROBE_PER_VIEW,last,mean,lateral,raw33.lane_change_count_proxy,categorical,balanced_accuracy,0.9166666666666667,-0.16014131520352343,-0.2582872081659395,0.0,False,False,False,400,80,79,"five-fold GroupKFold grouped by scenario_token; identical rows/folds/targets/ridge-logistic grid across views; paired loss CI uses 5,000 log-cluster bootstrap replicates",ego13 from frozen Stage7L ego_seq plus mask; raw33 from frozen Stage7L interaction_feat_style raw-equivalent report array,True,DEVELOPMENT_DIAGNOSTIC_EVIDENCE,NO_MATERIAL_RETENTION_LOSS_SUPPORTED
D0-C_SAME_HIDDEN_SEQUENCE_POOLING_STUDY,A_seed3407,A,3407,SAME_CAPACITY_REFIT_PROBE_PER_VIEW,last,mean,interaction,raw33.mean_front_distance,continuous,R2,0.9521449064270776,-0.2517482103596704,-0.4322449276791666,-0.06215196920423668,True,False,True,400,80,79,"five-fold GroupKFold grouped by scenario_token; identical rows/folds/targets/ridge-logistic grid across views; paired loss CI uses 5,000 log-cluster bootstrap replicates",ego13 from frozen Stage7L ego_seq plus mask; raw33 from frozen Stage7L interaction_feat_style raw-equivalent report array,True,DEVELOPMENT_DIAGNOSTIC_EVIDENCE,REFIT_VIEW_GAIN_NOT_INFORMATION_LOSS
D0-C_SAME_HIDDEN_SEQUENCE_POOLING_STUDY,A_seed3407,A,3407,SAME_CAPACITY_REFIT_PROBE_PER_VIEW,last,mean,interaction,raw33.mean_rel_speed,continuous,R2,0.9149311114773176,0.008814077812484465,-0.24282483016319242,0.2121007555407022,False,False,False,400,80,79,"five-fold GroupKFold grouped by scenario_token; identical rows/folds/targets/ridge-logistic grid across views; paired loss CI uses 5,000 log-cluster bootstrap replicates",ego13 from frozen Stage7L ego_seq plus mask; raw33 from frozen Stage7L interaction_feat_style raw-equivalent report array,True,DEVELOPMENT_DIAGNOSTIC_EVIDENCE,NO_MATERIAL_RETENTION_LOSS_SUPPORTED
D0-C_SAME_HIDDEN_SEQUENCE_POOLING_STUDY,A_seed3408,A,3408,FROZEN_PROBE_ACROSS_VIEW,last,last,longitudinal,ego13.end_minus_start_speed,continuous,R2,0.5155785804551003,0.0,0.0,0.0,False,False,False,400,80,79,"five-fold GroupKFold grouped by scenario_token; identical rows/folds/targets/ridge-logistic grid across views; paired loss CI uses 5,000 log-cluster bootstrap replicates",ego13 from frozen Stage7L ego_seq plus mask; raw33 from frozen Stage7L interaction_feat_style raw-equivalent report array,False,DEVELOPMENT_DIAGNOSTIC_EVIDENCE,NO_MATERIAL_RETENTION_LOSS_SUPPORTED
D0-C_SAME_HIDDEN_SEQUENCE_POOLING_STUDY,A_seed3408,A,3408,FROZEN_PROBE_ACROSS_VIEW,last,last,lateral,ego13.heading_change_abs_total,continuous,R2,-0.037978502680618975,0.0,0.0,0.0,False,False,False,400,80,79,"five-fold GroupKFold grouped by scenario_token; identical rows/folds/targets/ridge-logistic grid across views; paired loss CI uses 5,000 log-cluster bootstrap replicates",ego13 from frozen Stage7L ego_seq plus mask; raw33 from frozen Stage7L interaction_feat_style raw-equivalent report array,False,DEVELOPMENT_DIAGNOSTIC_EVIDENCE,NO_MATERIAL_RETENTION_LOSS_SUPPORTED
D0-C_SAME_HIDDEN_SEQUENCE_POOLING_STUDY,A_seed3408,A,3408,FROZEN_PROBE_ACROSS_VIEW,last,last,longitudinal,ego13.mean_speed,continuous,R2,0.576163558743783,0.0,0.0,0.0,False,False,False,400,80,79,"five-fold GroupKFold grouped by scenario_token; identical rows/folds/targets/ridge-logistic grid across views; paired loss CI uses 5,000 log-cluster bootstrap replicates",ego13 from frozen Stage7L ego_seq plus mask; raw33 from frozen Stage7L interaction_feat_style raw-equivalent report array,False,DEVELOPMENT_DIAGNOSTIC_EVIDENCE,NO_MATERIAL_RETENTION_LOSS_SUPPORTED
D0-C_SAME_HIDDEN_SEQUENCE_POOLING_STUDY,A_seed3408,A,3408,FROZEN_PROBE_ACROSS_VIEW,last,last,longitudinal,ego13.rms_accel,continuous,R2,0.3736174617609428,0.0,0.0,0.0,False,False,False,400,80,79,"five-fold GroupKFold grouped by scenario_token; identical rows/folds/targets/ridge-logistic grid across views; paired loss CI uses 5,000 log-cluster bootstrap replicates",ego13 from frozen Stage7L ego_seq plus mask; raw33 from frozen Stage7L interaction_feat_style raw-equivalent report array,False,DEVELOPMENT_DIAGNOSTIC_EVIDENCE,NO_MATERIAL_RETENTION_LOSS_SUPPORTED
D0-C_SAME_HIDDEN_SEQUENCE_POOLING_STUDY,A_seed3408,A,3408,FROZEN_PROBE_ACROSS_VIEW,last,last,lateral,ego13.rms_yaw_rate,continuous,R2,0.042268723293849786,0.0,0.0,0.0,False,False,False,400,80,79,"five-fold GroupKFold grouped by scenario_token; identical rows/folds/targets/ridge-logistic grid across views; paired loss CI uses 5,000 log-cluster bootstrap replicates",ego13 from frozen Stage7L ego_seq plus mask; raw33 from frozen Stage7L interaction_feat_style raw-equivalent report array,False,DEVELOPMENT_DIAGNOSTIC_EVIDENCE,NO_MATERIAL_RETENTION_LOSS_SUPPORTED
D0-C_SAME_HIDDEN_SEQUENCE_POOLING_STUDY,A_seed3408,A,3408,FROZEN_PROBE_ACROSS_VIEW,last,last,interaction,raw33.front_pressure_score,continuous,R2,0.6185077660794502,0.0,0.0,0.0,False,False,False,400,80,79,"five-fold GroupKFold grouped by scenario_token; identical rows/folds/targets/ridge-logistic grid across views; paired loss CI uses 5,000 log-cluster bootstrap replicates",ego13 from frozen Stage7L ego_seq plus mask; raw33 from frozen Stage7L interaction_feat_style raw-equivalent report array,False,DEVELOPMENT_DIAGNOSTIC_EVIDENCE,NO_MATERIAL_RETENTION_LOSS_SUPPORTED
D0-C_SAME_HIDDEN_SEQUENCE_POOLING_STUDY,A_seed3408,A,3408,FROZEN_PROBE_ACROSS_VIEW,last,last,lateral,raw33.lane_change_count_proxy,categorical,balanced_accuracy,0.7712332751599767,0.0,0.0,0.0,False,False,False,400,80,79,"five-fold GroupKFold grouped by scenario_token; identical rows/folds/targets/ridge-logistic grid across views; paired loss CI uses 5,000 log-cluster bootstrap replicates",ego13 from frozen Stage7L ego_seq plus mask; raw33 from frozen Stage7L interaction_feat_style raw-equivalent report array,False,DEVELOPMENT_DIAGNOSTIC_EVIDENCE,NO_MATERIAL_RETENTION_LOSS_SUPPORTED
D0-C_SAME_HIDDEN_SEQUENCE_POOLING_STUDY,A_seed3408,A,3408,FROZEN_PROBE_ACROSS_VIEW,last,last,interaction,raw33.mean_front_distance,continuous,R2,0.946715698617894,0.0,0.0,0.0,False,False,False,400,80,79,"five-fold GroupKFold grouped by scenario_token; identical rows/folds/targets/ridge-logistic grid across views; paired loss CI uses 5,000 log-cluster bootstrap replicates",ego13 from frozen Stage7L ego_seq plus mask; raw33 from frozen Stage7L interaction_feat_style raw-equivalent report array,False,DEVELOPMENT_DIAGNOSTIC_EVIDENCE,NO_MATERIAL_RETENTION_LOSS_SUPPORTED
D0-C_SAME_HIDDEN_SEQUENCE_POOLING_STUDY,A_seed3408,A,3408,FROZEN_PROBE_ACROSS_VIEW,last,last,interaction,raw33.mean_rel_speed,continuous,R2,0.922360069893951,0.0,0.0,0.0,False,False,False,400,80,79,"five-fold GroupKFold grouped by scenario_token; identical rows/folds/targets/ridge-logistic grid across views; paired loss CI uses 5,000 log-cluster bootstrap replicates",ego13 from frozen Stage7L ego_seq plus mask; raw33 from frozen Stage7L interaction_feat_style raw-equivalent report array,False,DEVELOPMENT_DIAGNOSTIC_EVIDENCE,NO_MATERIAL_RETENTION_LOSS_SUPPORTED
D0-C_SAME_HIDDEN_SEQUENCE_POOLING_STUDY,A_seed3408,A,3408,FROZEN_PROBE_ACROSS_VIEW,last,max,longitudinal,ego13.end_minus_start_speed,continuous,R2,-38.086652248502524,1.2471792012920415,1.0679860643561838,1.5360678608986345,True,True,False,400,80,79,"five-fold GroupKFold grouped by scenario_token; identical rows/folds/targets/ridge-logistic grid across views; paired loss CI uses 5,000 log-cluster bootstrap replicates",ego13 from frozen Stage7L ego_seq plus mask; raw33 from frozen Stage7L interaction_feat_style raw-equivalent report array,True,DEVELOPMENT_DIAGNOSTIC_EVIDENCE,COORDINATE_GEOMETRY_SHIFT_FAVORED
D0-C_SAME_HIDDEN_SEQUENCE_POOLING_STUDY,A_seed3408,A,3408,FROZEN_PROBE_ACROSS_VIEW,last,max,lateral,ego13.heading_change_abs_total,continuous,R2,-0.04054437198535643,0.011166746162351995,-0.19272769261511427,0.29248223483255376,False,False,False,400,80,79,"five-fold GroupKFold grouped by scenario_token; identical rows/folds/targets/ridge-logistic grid across views; paired loss CI uses 5,000 log-cluster bootstrap replicates",ego13 from frozen Stage7L ego_seq plus mask; raw33 from frozen Stage7L interaction_feat_style raw-equivalent report array,True,DEVELOPMENT_DIAGNOSTIC_EVIDENCE,NO_MATERIAL_RETENTION_LOSS_SUPPORTED
D0-C_SAME_HIDDEN_SEQUENCE_POOLING_STUDY,A_seed3408,A,3408,FROZEN_PROBE_ACROSS_VIEW,last,max,longitudinal,ego13.mean_speed,continuous,R2,-40.93246595423105,1.281274467292367,1.0943339432862613,1.5747317109072487,True,True,False,400,80,79,"five-fold GroupKFold grouped by scenario_token; identical rows/folds/targets/ridge-logistic grid across views; paired loss CI uses 5,000 log-cluster bootstrap replicates",ego13 from frozen Stage7L ego_seq plus mask; raw33 from frozen Stage7L interaction_feat_style raw-equivalent report array,True,DEVELOPMENT_DIAGNOSTIC_EVIDENCE,COORDINATE_GEOMETRY_SHIFT_FAVORED
D0-C_SAME_HIDDEN_SEQUENCE_POOLING_STUDY,A_seed3408,A,3408,FROZEN_PROBE_ACROSS_VIEW,last,max,longitudinal,ego13.rms_accel,continuous,R2,-26.137756734331536,0.9070921282271196,0.7843134162188397,1.1068885430188418,True,True,False,400,80,79,"five-fold GroupKFold grouped by scenario_token; identical rows/folds/targets/ridge-logistic grid across views; paired loss CI uses 5,000 log-cluster bootstrap replicates",ego13 from frozen Stage7L ego_seq plus mask; raw33 from frozen Stage7L interaction_feat_style raw-equivalent report array,True,DEVELOPMENT_DIAGNOSTIC_EVIDENCE,COORDINATE_GEOMETRY_SHIFT_FAVORED
D0-C_SAME_HIDDEN_SEQUENCE_POOLING_STUDY,A_seed3408,A,3408,FROZEN_PROBE_ACROSS_VIEW,last,max,lateral,ego13.rms_yaw_rate,continuous,R2,0.013387520881459669,0.12490773150855507,-0.09277005776212181,0.4214396679032417,False,False,False,400,80,79,"five-fold GroupKFold grouped by scenario_token; identical rows/folds/targets/ridge-logistic grid across views; paired loss CI uses 5,000 log-cluster bootstrap replicates",ego13 from frozen Stage7L ego_seq plus mask; raw33 from frozen Stage7L interaction_feat_style raw-equivalent report array,True,DEVELOPMENT_DIAGNOSTIC_EVIDENCE,NO_MATERIAL_RETENTION_LOSS_SUPPORTED
D0-C_SAME_HIDDEN_SEQUENCE_POOLING_STUDY,A_seed3408,A,3408,FROZEN_PROBE_ACROSS_VIEW,last,max,interaction,raw33.front_pressure_score,continuous,R2,-1.0106286545933605,0.6739728804294853,0.47479576562931836,0.8940696873361361,True,True,False,400,80,79,"five-fold GroupKFold grouped by scenario_token; identical rows/folds/targets/ridge-logistic grid across views; paired loss CI uses 5,000 log-cluster bootstrap replicates",ego13 from frozen Stage7L ego_seq plus mask; raw33 from frozen Stage7L interaction_feat_style raw-equivalent report array,True,DEVELOPMENT_DIAGNOSTIC_EVIDENCE,REFIT_VIEW_GAIN_NOT_INFORMATION_LOSS
D0-C_SAME_HIDDEN_SEQUENCE_POOLING_STUDY,A_seed3408,A,3408,FROZEN_PROBE_ACROSS_VIEW,last,max,lateral,raw33.lane_change_count_proxy,categorical,balanced_accuracy,0.6455788248981966,0.5304548326899736,0.34770204819398237,0.7104481841786431,True,True,False,400,80,79,"five-fold GroupKFold grouped by scenario_token; identical rows/folds/targets/ridge-logistic grid across views; paired loss CI uses 5,000 log-cluster bootstrap replicates",ego13 from frozen Stage7L ego_seq plus mask; raw33 from frozen Stage7L interaction_feat_style raw-equivalent report array,True,DEVELOPMENT_DIAGNOSTIC_EVIDENCE,COORDINATE_GEOMETRY_SHIFT_FAVORED
D0-C_SAME_HIDDEN_SEQUENCE_POOLING_STUDY,A_seed3408,A,3408,FROZEN_PROBE_ACROSS_VIEW,last,max,interaction,raw33.mean_front_distance,continuous,R2,0.7822813930997552,0.41374557502694137,0.2726082054788749,0.5412848918797888,True,True,False,400,80,79,"five-fold GroupKFold grouped by scenario_token; identical rows/folds/targets/ridge-logistic grid across views; paired loss CI uses 5,000 log-cluster bootstrap replicates",ego13 from frozen Stage7L ego_seq plus mask; raw33 from frozen Stage7L interaction_feat_style raw-equivalent report array,True,DEVELOPMENT_DIAGNOSTIC_EVIDENCE,COORDINATE_GEOMETRY_SHIFT_FAVORED
D0-C_SAME_HIDDEN_SEQUENCE_POOLING_STUDY,A_seed3408,A,3408,FROZEN_PROBE_ACROSS_VIEW,last,max,interaction,raw33.mean_rel_speed,continuous,R2,-0.24036580948223718,0.6664966383865575,0.5472197322200605,0.8211510550039675,True,True,False,400,80,79,"five-fold GroupKFold grouped by scenario_token; identical rows/folds/targets/ridge-logistic grid across views; paired loss CI uses 5,000 log-cluster bootstrap replicates",ego13 from frozen Stage7L ego_seq plus mask; raw33 from frozen Stage7L interaction_feat_style raw-equivalent report array,True,DEVELOPMENT_DIAGNOSTIC_EVIDENCE,COORDINATE_GEOMETRY_SHIFT_FAVORED
D0-C_SAME_HIDDEN_SEQUENCE_POOLING_STUDY,A_seed3408,A,3408,FROZEN_PROBE_ACROSS_VIEW,last,mean,longitudinal,ego13.end_minus_start_speed,continuous,R2,-0.7908568988761902,0.521663430506732,0.4067208844304325,0.6704628677731624,True,True,False,400,80,79,"five-fold GroupKFold grouped by scenario_token; identical rows/folds/targets/ridge-logistic grid across views; paired loss CI uses 5,000 log-cluster bootstrap replicates",ego13 from frozen Stage7L ego_seq plus mask; raw33 from frozen Stage7L interaction_feat_style raw-equivalent report array,True,DEVELOPMENT_DIAGNOSTIC_EVIDENCE,COORDINATE_GEOMETRY_SHIFT_FAVORED
D0-C_SAME_HIDDEN_SEQUENCE_POOLING_STUDY,A_seed3408,A,3408,FROZEN_PROBE_ACROSS_VIEW,last,mean,lateral,ego13.heading_change_abs_total,continuous,R2,-0.019796300176455617,-0.09684329044206598,-0.29992104515273377,0.13964374579453773,False,False,False,400,80,79,"five-fold GroupKFold grouped by scenario_token; identical rows/folds/targets/ridge-logistic grid across views; paired loss CI uses 5,000 log-cluster bootstrap replicates",ego13 from frozen Stage7L ego_seq plus mask; raw33 from frozen Stage7L interaction_feat_style raw-equivalent report array,True,DEVELOPMENT_DIAGNOSTIC_EVIDENCE,NO_MATERIAL_RETENTION_LOSS_SUPPORTED
D0-C_SAME_HIDDEN_SEQUENCE_POOLING_STUDY,A_seed3408,A,3408,FROZEN_PROBE_ACROSS_VIEW,last,mean,longitudinal,ego13.mean_speed,continuous,R2,-1.1883303038958246,0.5983558932919434,0.4849622661952532,0.7818573963870953,True,True,False,400,80,79,"five-fold GroupKFold grouped by scenario_token; identical rows/folds/targets/ridge-logistic grid across views; paired loss CI uses 5,000 log-cluster bootstrap replicates",ego13 from frozen Stage7L ego_seq plus mask; raw33 from frozen Stage7L interaction_feat_style raw-equivalent report array,True,DEVELOPMENT_DIAGNOSTIC_EVIDENCE,COORDINATE_GEOMETRY_SHIFT_FAVORED
D0-C_SAME_HIDDEN_SEQUENCE_POOLING_STUDY,A_seed3408,A,3408,FROZEN_PROBE_ACROSS_VIEW,last,mean,longitudinal,ego13.rms_accel,continuous,R2,-0.387108038049919,0.3842485267277188,0.20100492288765362,0.558678270474652,True,True,False,400,80,79,"five-fold GroupKFold grouped by scenario_token; identical rows/folds/targets/ridge-logistic grid across views; paired loss CI uses 5,000 log-cluster bootstrap replicates",ego13 from frozen Stage7L ego_seq plus mask; raw33 from frozen Stage7L interaction_feat_style raw-equivalent report array,True,DEVELOPMENT_DIAGNOSTIC_EVIDENCE,COORDINATE_GEOMETRY_SHIFT_FAVORED
D0-C_SAME_HIDDEN_SEQUENCE_POOLING_STUDY,A_seed3408,A,3408,FROZEN_PROBE_ACROSS_VIEW,last,mean,lateral,ego13.rms_yaw_rate,continuous,R2,0.02731733335994102,0.21102238178563085,-0.005954568414773418,0.4136447985746574,False,False,False,400,80,79,"five-fold GroupKFold grouped by scenario_token; identical rows/folds/targets/ridge-logistic grid across views; paired loss CI uses 5,000 log-cluster bootstrap replicates",ego13 from frozen Stage7L ego_seq plus mask; raw33 from frozen Stage7L interaction_feat_style raw-equivalent report array,True,DEVELOPMENT_DIAGNOSTIC_EVIDENCE,NO_MATERIAL_RETENTION_LOSS_SUPPORTED
D0-C_SAME_HIDDEN_SEQUENCE_POOLING_STUDY,A_seed3408,A,3408,FROZEN_PROBE_ACROSS_VIEW,last,mean,interaction,raw33.front_pressure_score,continuous,R2,0.677369285518943,-0.08964648762454196,-0.2167991377985211,0.2089760198251471,False,False,False,400,80,79,"five-fold GroupKFold grouped by scenario_token; identical rows/folds/targets/ridge-logistic grid across views; paired loss CI uses 5,000 log-cluster bootstrap replicates",ego13 from frozen Stage7L ego_seq plus mask; raw33 from frozen Stage7L interaction_feat_style raw-equivalent report array,True,DEVELOPMENT_DIAGNOSTIC_EVIDENCE,REFIT_VIEW_GAIN_NOT_INFORMATION_LOSS
D0-C_SAME_HIDDEN_SEQUENCE_POOLING_STUDY,A_seed3408,A,3408,FROZEN_PROBE_ACROSS_VIEW,last,mean,lateral,raw33.lane_change_count_proxy,categorical,balanced_accuracy,0.8760907504363002,0.17526969714187973,-0.0308882389880044,0.3763472395446856,False,False,False,400,80,79,"five-fold GroupKFold grouped by scenario_token; identical rows/folds/targets/ridge-logistic grid across views; paired loss CI uses 5,000 log-cluster bootstrap replicates",ego13 from frozen Stage7L ego_seq plus mask; raw33 from frozen Stage7L interaction_feat_style raw-equivalent report array,True,DEVELOPMENT_DIAGNOSTIC_EVIDENCE,NO_MATERIAL_RETENTION_LOSS_SUPPORTED
D0-C_SAME_HIDDEN_SEQUENCE_POOLING_STUDY,A_seed3408,A,3408,FROZEN_PROBE_ACROSS_VIEW,last,mean,interaction,raw33.mean_front_distance,continuous,R2,0.9478531834762488,-0.03549356993703943,-0.21750799719280334,0.2214483661628386,False,False,False,400,80,79,"five-fold GroupKFold grouped by scenario_token; identical rows/folds/targets/ridge-logistic grid across views; paired loss CI uses 5,000 log-cluster bootstrap replicates",ego13 from frozen Stage7L ego_seq plus mask; raw33 from frozen Stage7L interaction_feat_style raw-equivalent report array,True,DEVELOPMENT_DIAGNOSTIC_EVIDENCE,NO_MATERIAL_RETENTION_LOSS_SUPPORTED
D0-C_SAME_HIDDEN_SEQUENCE_POOLING_STUDY,A_seed3408,A,3408,FROZEN_PROBE_ACROSS_VIEW,last,mean,interaction,raw33.mean_rel_speed,continuous,R2,0.9244184637065039,-0.02463715334043462,-0.2771725729438648,0.17232679079650315,False,False,False,400,80,79,"five-fold GroupKFold grouped by scenario_token; identical rows/folds/targets/ridge-logistic grid across views; paired loss CI uses 5,000 log-cluster bootstrap replicates",ego13 from frozen Stage7L ego_seq plus mask; raw33 from frozen Stage7L interaction_feat_style raw-equivalent report array,True,DEVELOPMENT_DIAGNOSTIC_EVIDENCE,NO_MATERIAL_RETENTION_LOSS_SUPPORTED
D0-C_SAME_HIDDEN_SEQUENCE_POOLING_STUDY,A_seed3408,A,3408,SAME_CAPACITY_REFIT_PROBE_PER_VIEW,last,last,longitudinal,ego13.end_minus_start_speed,continuous,R2,0.5155785804551003,0.0,0.0,0.0,False,False,False,400,80,79,"five-fold GroupKFold grouped by scenario_token; identical rows/folds/targets/ridge-logistic grid across views; paired loss CI uses 5,000 log-cluster bootstrap replicates",ego13 from frozen Stage7L ego_seq plus mask; raw33 from frozen Stage7L interaction_feat_style raw-equivalent report array,False,DEVELOPMENT_DIAGNOSTIC_EVIDENCE,NO_MATERIAL_RETENTION_LOSS_SUPPORTED
D0-C_SAME_HIDDEN_SEQUENCE_POOLING_STUDY,A_seed3408,A,3408,SAME_CAPACITY_REFIT_PROBE_PER_VIEW,last,last,lateral,ego13.heading_change_abs_total,continuous,R2,-0.037978502680618975,0.0,0.0,0.0,False,False,False,400,80,79,"five-fold GroupKFold grouped by scenario_token; identical rows/folds/targets/ridge-logistic grid across views; paired loss CI uses 5,000 log-cluster bootstrap replicates",ego13 from frozen Stage7L ego_seq plus mask; raw33 from frozen Stage7L interaction_feat_style raw-equivalent report array,False,DEVELOPMENT_DIAGNOSTIC_EVIDENCE,NO_MATERIAL_RETENTION_LOSS_SUPPORTED
D0-C_SAME_HIDDEN_SEQUENCE_POOLING_STUDY,A_seed3408,A,3408,SAME_CAPACITY_REFIT_PROBE_PER_VIEW,last,last,longitudinal,ego13.mean_speed,continuous,R2,0.576163558743783,0.0,0.0,0.0,False,False,False,400,80,79,"five-fold GroupKFold grouped by scenario_token; identical rows/folds/targets/ridge-logistic grid across views; paired loss CI uses 5,000 log-cluster bootstrap replicates",ego13 from frozen Stage7L ego_seq plus mask; raw33 from frozen Stage7L interaction_feat_style raw-equivalent report array,False,DEVELOPMENT_DIAGNOSTIC_EVIDENCE,NO_MATERIAL_RETENTION_LOSS_SUPPORTED
D0-C_SAME_HIDDEN_SEQUENCE_POOLING_STUDY,A_seed3408,A,3408,SAME_CAPACITY_REFIT_PROBE_PER_VIEW,last,last,longitudinal,ego13.rms_accel,continuous,R2,0.3736174617609428,0.0,0.0,0.0,False,False,False,400,80,79,"five-fold GroupKFold grouped by scenario_token; identical rows/folds/targets/ridge-logistic grid across views; paired loss CI uses 5,000 log-cluster bootstrap replicates",ego13 from frozen Stage7L ego_seq plus mask; raw33 from frozen Stage7L interaction_feat_style raw-equivalent report array,False,DEVELOPMENT_DIAGNOSTIC_EVIDENCE,NO_MATERIAL_RETENTION_LOSS_SUPPORTED
D0-C_SAME_HIDDEN_SEQUENCE_POOLING_STUDY,A_seed3408,A,3408,SAME_CAPACITY_REFIT_PROBE_PER_VIEW,last,last,lateral,ego13.rms_yaw_rate,continuous,R2,0.042268723293849786,0.0,0.0,0.0,False,False,False,400,80,79,"five-fold GroupKFold grouped by scenario_token; identical rows/folds/targets/ridge-logistic grid across views; paired loss CI uses 5,000 log-cluster bootstrap replicates",ego13 from frozen Stage7L ego_seq plus mask; raw33 from frozen Stage7L interaction_feat_style raw-equivalent report array,False,DEVELOPMENT_DIAGNOSTIC_EVIDENCE,NO_MATERIAL_RETENTION_LOSS_SUPPORTED
D0-C_SAME_HIDDEN_SEQUENCE_POOLING_STUDY,A_seed3408,A,3408,SAME_CAPACITY_REFIT_PROBE_PER_VIEW,last,last,interaction,raw33.front_pressure_score,continuous,R2,0.6185077660794502,0.0,0.0,0.0,False,False,False,400,80,79,"five-fold GroupKFold grouped by scenario_token; identical rows/folds/targets/ridge-logistic grid across views; paired loss CI uses 5,000 log-cluster bootstrap replicates",ego13 from frozen Stage7L ego_seq plus mask; raw33 from frozen Stage7L interaction_feat_style raw-equivalent report array,False,DEVELOPMENT_DIAGNOSTIC_EVIDENCE,NO_MATERIAL_RETENTION_LOSS_SUPPORTED
D0-C_SAME_HIDDEN_SEQUENCE_POOLING_STUDY,A_seed3408,A,3408,SAME_CAPACITY_REFIT_PROBE_PER_VIEW,last,last,lateral,raw33.lane_change_count_proxy,categorical,balanced_accuracy,0.7712332751599767,0.0,0.0,0.0,False,False,False,400,80,79,"five-fold GroupKFold grouped by scenario_token; identical rows/folds/targets/ridge-logistic grid across views; paired loss CI uses 5,000 log-cluster bootstrap replicates",ego13 from frozen Stage7L ego_seq plus mask; raw33 from frozen Stage7L interaction_feat_style raw-equivalent report array,False,DEVELOPMENT_DIAGNOSTIC_EVIDENCE,NO_MATERIAL_RETENTION_LOSS_SUPPORTED
D0-C_SAME_HIDDEN_SEQUENCE_POOLING_STUDY,A_seed3408,A,3408,SAME_CAPACITY_REFIT_PROBE_PER_VIEW,last,last,interaction,raw33.mean_front_distance,continuous,R2,0.946715698617894,0.0,0.0,0.0,False,False,False,400,80,79,"five-fold GroupKFold grouped by scenario_token; identical rows/folds/targets/ridge-logistic grid across views; paired loss CI uses 5,000 log-cluster bootstrap replicates",ego13 from frozen Stage7L ego_seq plus mask; raw33 from frozen Stage7L interaction_feat_style raw-equivalent report array,False,DEVELOPMENT_DIAGNOSTIC_EVIDENCE,NO_MATERIAL_RETENTION_LOSS_SUPPORTED
D0-C_SAME_HIDDEN_SEQUENCE_POOLING_STUDY,A_seed3408,A,3408,SAME_CAPACITY_REFIT_PROBE_PER_VIEW,last,last,interaction,raw33.mean_rel_speed,continuous,R2,0.922360069893951,0.0,0.0,0.0,False,False,False,400,80,79,"five-fold GroupKFold grouped by scenario_token; identical rows/folds/targets/ridge-logistic grid across views; paired loss CI uses 5,000 log-cluster bootstrap replicates",ego13 from frozen Stage7L ego_seq plus mask; raw33 from frozen Stage7L interaction_feat_style raw-equivalent report array,False,DEVELOPMENT_DIAGNOSTIC_EVIDENCE,NO_MATERIAL_RETENTION_LOSS_SUPPORTED
D0-C_SAME_HIDDEN_SEQUENCE_POOLING_STUDY,A_seed3408,A,3408,SAME_CAPACITY_REFIT_PROBE_PER_VIEW,last,max,longitudinal,ego13.end_minus_start_speed,continuous,R2,0.5905872118020601,-0.05750892195371219,-0.24694987462977006,0.1846793705765707,False,False,False,400,80,79,"five-fold GroupKFold grouped by scenario_token; identical rows/folds/targets/ridge-logistic grid across views; paired loss CI uses 5,000 log-cluster bootstrap replicates",ego13 from frozen Stage7L ego_seq plus mask; raw33 from frozen Stage7L interaction_feat_style raw-equivalent report array,True,DEVELOPMENT_DIAGNOSTIC_EVIDENCE,COORDINATE_GEOMETRY_SHIFT_FAVORED
D0-C_SAME_HIDDEN_SEQUENCE_POOLING_STUDY,A_seed3408,A,3408,SAME_CAPACITY_REFIT_PROBE_PER_VIEW,last,max,lateral,ego13.heading_change_abs_total,continuous,R2,-0.035617822212348216,-0.010811037442040934,-0.2529551178906265,0.18615842981891628,False,False,False,400,80,79,"five-fold GroupKFold grouped by scenario_token; identical rows/folds/targets/ridge-logistic grid across views; paired loss CI uses 5,000 log-cluster bootstrap replicates",ego13 from frozen Stage7L ego_seq plus mask; raw33 from frozen Stage7L interaction_feat_style raw-equivalent report array,True,DEVELOPMENT_DIAGNOSTIC_EVIDENCE,NO_MATERIAL_RETENTION_LOSS_SUPPORTED
D0-C_SAME_HIDDEN_SEQUENCE_POOLING_STUDY,A_seed3408,A,3408,SAME_CAPACITY_REFIT_PROBE_PER_VIEW,last,max,longitudinal,ego13.mean_speed,continuous,R2,0.6570890242627705,-0.0790221492779641,-0.24257151925601692,0.16675296897589192,False,False,False,400,80,79,"five-fold GroupKFold grouped by scenario_token; identical rows/folds/targets/ridge-logistic grid across views; paired loss CI uses 5,000 log-cluster bootstrap replicates",ego13 from frozen Stage7L ego_seq plus mask; raw33 from frozen Stage7L interaction_feat_style raw-equivalent report array,True,DEVELOPMENT_DIAGNOSTIC_EVIDENCE,COORDINATE_GEOMETRY_SHIFT_FAVORED
D0-C_SAME_HIDDEN_SEQUENCE_POOLING_STUDY,A_seed3408,A,3408,SAME_CAPACITY_REFIT_PROBE_PER_VIEW,last,max,longitudinal,ego13.rms_accel,continuous,R2,0.3813257548569642,-0.007575394974002343,-0.21459800902202913,0.2301731573376145,False,False,False,400,80,79,"five-fold GroupKFold grouped by scenario_token; identical rows/folds/targets/ridge-logistic grid across views; paired loss CI uses 5,000 log-cluster bootstrap replicates",ego13 from frozen Stage7L ego_seq plus mask; raw33 from frozen Stage7L interaction_feat_style raw-equivalent report array,True,DEVELOPMENT_DIAGNOSTIC_EVIDENCE,COORDINATE_GEOMETRY_SHIFT_FAVORED
D0-C_SAME_HIDDEN_SEQUENCE_POOLING_STUDY,A_seed3408,A,3408,SAME_CAPACITY_REFIT_PROBE_PER_VIEW,last,max,lateral,ego13.rms_yaw_rate,continuous,R2,-0.006044065832324419,0.1701959679960342,-0.0385449383134381,0.329217544369484,False,False,False,400,80,79,"five-fold GroupKFold grouped by scenario_token; identical rows/folds/targets/ridge-logistic grid across views; paired loss CI uses 5,000 log-cluster bootstrap replicates",ego13 from frozen Stage7L ego_seq plus mask; raw33 from frozen Stage7L interaction_feat_style raw-equivalent report array,True,DEVELOPMENT_DIAGNOSTIC_EVIDENCE,NO_MATERIAL_RETENTION_LOSS_SUPPORTED
D0-C_SAME_HIDDEN_SEQUENCE_POOLING_STUDY,A_seed3408,A,3408,SAME_CAPACITY_REFIT_PROBE_PER_VIEW,last,max,interaction,raw33.front_pressure_score,continuous,R2,0.8452298075637998,-0.2683756279950672,-0.3965747731009119,-0.12818977564041253,True,False,True,400,80,79,"five-fold GroupKFold grouped by scenario_token; identical rows/folds/targets/ridge-logistic grid across views; paired loss CI uses 5,000 log-cluster bootstrap replicates",ego13 from frozen Stage7L ego_seq plus mask; raw33 from frozen Stage7L interaction_feat_style raw-equivalent report array,True,DEVELOPMENT_DIAGNOSTIC_EVIDENCE,REFIT_VIEW_GAIN_NOT_INFORMATION_LOSS
D0-C_SAME_HIDDEN_SEQUENCE_POOLING_STUDY,A_seed3408,A,3408,SAME_CAPACITY_REFIT_PROBE_PER_VIEW,last,max,lateral,raw33.lane_change_count_proxy,categorical,balanced_accuracy,0.6032577079697499,0.08954248499122014,-0.12603613533611163,0.2602168476859728,False,False,False,400,80,79,"five-fold GroupKFold grouped by scenario_token; identical rows/folds/targets/ridge-logistic grid across views; paired loss CI uses 5,000 log-cluster bootstrap replicates",ego13 from frozen Stage7L ego_seq plus mask; raw33 from frozen Stage7L interaction_feat_style raw-equivalent report array,True,DEVELOPMENT_DIAGNOSTIC_EVIDENCE,COORDINATE_GEOMETRY_SHIFT_FAVORED
D0-C_SAME_HIDDEN_SEQUENCE_POOLING_STUDY,A_seed3408,A,3408,SAME_CAPACITY_REFIT_PROBE_PER_VIEW,last,max,interaction,raw33.mean_front_distance,continuous,R2,0.9187566094672409,0.2172423600551032,-0.005966958455116105,0.46351073880697174,False,False,False,400,80,79,"five-fold GroupKFold grouped by scenario_token; identical rows/folds/targets/ridge-logistic grid across views; paired loss CI uses 5,000 log-cluster bootstrap replicates",ego13 from frozen Stage7L ego_seq plus mask; raw33 from frozen Stage7L interaction_feat_style raw-equivalent report array,True,DEVELOPMENT_DIAGNOSTIC_EVIDENCE,COORDINATE_GEOMETRY_SHIFT_FAVORED
D0-C_SAME_HIDDEN_SEQUENCE_POOLING_STUDY,A_seed3408,A,3408,SAME_CAPACITY_REFIT_PROBE_PER_VIEW,last,max,interaction,raw33.mean_rel_speed,continuous,R2,0.8969809364239656,0.16494825634040178,-0.05522210177959828,0.33279998347748807,False,False,False,400,80,79,"five-fold GroupKFold grouped by scenario_token; identical rows/folds/targets/ridge-logistic grid across views; paired loss CI uses 5,000 log-cluster bootstrap replicates",ego13 from frozen Stage7L ego_seq plus mask; raw33 from frozen Stage7L interaction_feat_style raw-equivalent report array,True,DEVELOPMENT_DIAGNOSTIC_EVIDENCE,COORDINATE_GEOMETRY_SHIFT_FAVORED
D0-C_SAME_HIDDEN_SEQUENCE_POOLING_STUDY,A_seed3408,A,3408,SAME_CAPACITY_REFIT_PROBE_PER_VIEW,last,mean,longitudinal,ego13.end_minus_start_speed,continuous,R2,0.7109425847769718,-0.19247067747193403,-0.35254977627213857,0.012223272904485102,False,False,False,400,80,79,"five-fold GroupKFold grouped by scenario_token; identical rows/folds/targets/ridge-logistic grid across views; paired loss CI uses 5,000 log-cluster bootstrap replicates",ego13 from frozen Stage7L ego_seq plus mask; raw33 from frozen Stage7L interaction_feat_style raw-equivalent report array,True,DEVELOPMENT_DIAGNOSTIC_EVIDENCE,COORDINATE_GEOMETRY_SHIFT_FAVORED
D0-C_SAME_HIDDEN_SEQUENCE_POOLING_STUDY,A_seed3408,A,3408,SAME_CAPACITY_REFIT_PROBE_PER_VIEW,last,mean,lateral,ego13.heading_change_abs_total,continuous,R2,0.009305838553374524,-0.0935161961495965,-0.33966951731452294,0.1091168876823663,False,False,False,400,80,79,"five-fold GroupKFold grouped by scenario_token; identical rows/folds/targets/ridge-logistic grid across views; paired loss CI uses 5,000 log-cluster bootstrap replicates",ego13 from frozen Stage7L ego_seq plus mask; raw33 from frozen Stage7L interaction_feat_style raw-equivalent report array,True,DEVELOPMENT_DIAGNOSTIC_EVIDENCE,NO_MATERIAL_RETENTION_LOSS_SUPPORTED
D0-C_SAME_HIDDEN_SEQUENCE_POOLING_STUDY,A_seed3408,A,3408,SAME_CAPACITY_REFIT_PROBE_PER_VIEW,last,mean,longitudinal,ego13.mean_speed,continuous,R2,0.6644693581245877,-0.10444426138221016,-0.2831470782654199,0.132845036555857,False,False,False,400,80,79,"five-fold GroupKFold grouped by scenario_token; identical rows/folds/targets/ridge-logistic grid across views; paired loss CI uses 5,000 log-cluster bootstrap replicates",ego13 from frozen Stage7L ego_seq plus mask; raw33 from frozen Stage7L interaction_feat_style raw-equivalent report array,True,DEVELOPMENT_DIAGNOSTIC_EVIDENCE,COORDINATE_GEOMETRY_SHIFT_FAVORED
D0-C_SAME_HIDDEN_SEQUENCE_POOLING_STUDY,A_seed3408,A,3408,SAME_CAPACITY_REFIT_PROBE_PER_VIEW,last,mean,longitudinal,ego13.rms_accel,continuous,R2,0.489384601174113,-0.09244838851574973,-0.26073818188616615,0.1512679950527582,False,False,False,400,80,79,"five-fold GroupKFold grouped by scenario_token; identical rows/folds/targets/ridge-logistic grid across views; paired loss CI uses 5,000 log-cluster bootstrap replicates",ego13 from frozen Stage7L ego_seq plus mask; raw33 from frozen Stage7L interaction_feat_style raw-equivalent report array,True,DEVELOPMENT_DIAGNOSTIC_EVIDENCE,COORDINATE_GEOMETRY_SHIFT_FAVORED
D0-C_SAME_HIDDEN_SEQUENCE_POOLING_STUDY,A_seed3408,A,3408,SAME_CAPACITY_REFIT_PROBE_PER_VIEW,last,mean,lateral,ego13.rms_yaw_rate,continuous,R2,0.09681792430638181,-0.16729953225050959,-0.3791075951737415,0.055893988541645276,False,False,False,400,80,79,"five-fold GroupKFold grouped by scenario_token; identical rows/folds/targets/ridge-logistic grid across views; paired loss CI uses 5,000 log-cluster bootstrap replicates",ego13 from frozen Stage7L ego_seq plus mask; raw33 from frozen Stage7L interaction_feat_style raw-equivalent report array,True,DEVELOPMENT_DIAGNOSTIC_EVIDENCE,NO_MATERIAL_RETENTION_LOSS_SUPPORTED
D0-C_SAME_HIDDEN_SEQUENCE_POOLING_STUDY,A_seed3408,A,3408,SAME_CAPACITY_REFIT_PROBE_PER_VIEW,last,mean,interaction,raw33.front_pressure_score,continuous,R2,0.7445589930594572,-0.21188080975686902,-0.45375548649244307,-0.13639612018226713,True,False,True,400,80,79,"five-fold GroupKFold grouped by scenario_token; identical rows/folds/targets/ridge-logistic grid across views; paired loss CI uses 5,000 log-cluster bootstrap replicates",ego13 from frozen Stage7L ego_seq plus mask; raw33 from frozen Stage7L interaction_feat_style raw-equivalent report array,True,DEVELOPMENT_DIAGNOSTIC_EVIDENCE,REFIT_VIEW_GAIN_NOT_INFORMATION_LOSS
D0-C_SAME_HIDDEN_SEQUENCE_POOLING_STUDY,A_seed3408,A,3408,SAME_CAPACITY_REFIT_PROBE_PER_VIEW,last,mean,lateral,raw33.lane_change_count_proxy,categorical,balanced_accuracy,0.9166666666666667,-0.16014131520352345,-0.2582872081659395,0.0,False,False,False,400,80,79,"five-fold GroupKFold grouped by scenario_token; identical rows/folds/targets/ridge-logistic grid across views; paired loss CI uses 5,000 log-cluster bootstrap replicates",ego13 from frozen Stage7L ego_seq plus mask; raw33 from frozen Stage7L interaction_feat_style raw-equivalent report array,True,DEVELOPMENT_DIAGNOSTIC_EVIDENCE,NO_MATERIAL_RETENTION_LOSS_SUPPORTED
D0-C_SAME_HIDDEN_SEQUENCE_POOLING_STUDY,A_seed3408,A,3408,SAME_CAPACITY_REFIT_PROBE_PER_VIEW,last,mean,interaction,raw33.mean_front_distance,continuous,R2,0.9495962102516851,-0.07078153946090389,-0.26551427317290605,0.16565926110618398,False,False,False,400,80,79,"five-fold GroupKFold grouped by scenario_token; identical rows/folds/targets/ridge-logistic grid across views; paired loss CI uses 5,000 log-cluster bootstrap replicates",ego13 from frozen Stage7L ego_seq plus mask; raw33 from frozen Stage7L interaction_feat_style raw-equivalent report array,True,DEVELOPMENT_DIAGNOSTIC_EVIDENCE,NO_MATERIAL_RETENTION_LOSS_SUPPORTED
D0-C_SAME_HIDDEN_SEQUENCE_POOLING_STUDY,A_seed3408,A,3408,SAME_CAPACITY_REFIT_PROBE_PER_VIEW,last,mean,interaction,raw33.mean_rel_speed,continuous,R2,0.9269618854526762,-0.04925461131754216,-0.31930789606414145,0.15242055059458487,False,False,False,400,80,79,"five-fold GroupKFold grouped by scenario_token; identical rows/folds/targets/ridge-logistic grid across views; paired loss CI uses 5,000 log-cluster bootstrap replicates",ego13 from frozen Stage7L ego_seq plus mask; raw33 from frozen Stage7L interaction_feat_style raw-equivalent report array,True,DEVELOPMENT_DIAGNOSTIC_EVIDENCE,NO_MATERIAL_RETENTION_LOSS_SUPPORTED
D0-C_SAME_HIDDEN_SEQUENCE_POOLING_STUDY,A_seed3409,A,3409,FROZEN_PROBE_ACROSS_VIEW,last,last,longitudinal,ego13.end_minus_start_speed,continuous,R2,0.7440457602658141,0.0,0.0,0.0,False,False,False,400,80,79,"five-fold GroupKFold grouped by scenario_token; identical rows/folds/targets/ridge-logistic grid across views; paired loss CI uses 5,000 log-cluster bootstrap replicates",ego13 from frozen Stage7L ego_seq plus mask; raw33 from frozen Stage7L interaction_feat_style raw-equivalent report array,False,DEVELOPMENT_DIAGNOSTIC_EVIDENCE,NO_MATERIAL_RETENTION_LOSS_SUPPORTED
D0-C_SAME_HIDDEN_SEQUENCE_POOLING_STUDY,A_seed3409,A,3409,FROZEN_PROBE_ACROSS_VIEW,last,last,lateral,ego13.heading_change_abs_total,continuous,R2,0.029125070798749375,0.0,0.0,0.0,False,False,False,400,80,79,"five-fold GroupKFold grouped by scenario_token; identical rows/folds/targets/ridge-logistic grid across views; paired loss CI uses 5,000 log-cluster bootstrap replicates",ego13 from frozen Stage7L ego_seq plus mask; raw33 from frozen Stage7L interaction_feat_style raw-equivalent report array,False,DEVELOPMENT_DIAGNOSTIC_EVIDENCE,NO_MATERIAL_RETENTION_LOSS_SUPPORTED
D0-C_SAME_HIDDEN_SEQUENCE_POOLING_STUDY,A_seed3409,A,3409,FROZEN_PROBE_ACROSS_VIEW,last,last,longitudinal,ego13.mean_speed,continuous,R2,0.7226524764511838,0.0,0.0,0.0,False,False,False,400,80,79,"five-fold GroupKFold grouped by scenario_token; identical rows/folds/targets/ridge-logistic grid across views; paired loss CI uses 5,000 log-cluster bootstrap replicates",ego13 from frozen Stage7L ego_seq plus mask; raw33 from frozen Stage7L interaction_feat_style raw-equivalent report array,False,DEVELOPMENT_DIAGNOSTIC_EVIDENCE,NO_MATERIAL_RETENTION_LOSS_SUPPORTED
D0-C_SAME_HIDDEN_SEQUENCE_POOLING_STUDY,A_seed3409,A,3409,FROZEN_PROBE_ACROSS_VIEW,last,last,longitudinal,ego13.rms_accel,continuous,R2,0.5389465871474468,0.0,0.0,0.0,False,False,False,400,80,79,"five-fold GroupKFold grouped by scenario_token; identical rows/folds/targets/ridge-logistic grid across views; paired loss CI uses 5,000 log-cluster bootstrap replicates",ego13 from frozen Stage7L ego_seq plus mask; raw33 from frozen Stage7L interaction_feat_style raw-equivalent report array,False,DEVELOPMENT_DIAGNOSTIC_EVIDENCE,NO_MATERIAL_RETENTION_LOSS_SUPPORTED
D0-C_SAME_HIDDEN_SEQUENCE_POOLING_STUDY,A_seed3409,A,3409,FROZEN_PROBE_ACROSS_VIEW,last,last,lateral,ego13.rms_yaw_rate,continuous,R2,0.22287170513996368,0.0,0.0,0.0,False,False,False,400,80,79,"five-fold GroupKFold grouped by scenario_token; identical rows/folds/targets/ridge-logistic grid across views; paired loss CI uses 5,000 log-cluster bootstrap replicates",ego13 from frozen Stage7L ego_seq plus mask; raw33 from frozen Stage7L interaction_feat_style raw-equivalent report array,False,DEVELOPMENT_DIAGNOSTIC_EVIDENCE,NO_MATERIAL_RETENTION_LOSS_SUPPORTED
D0-C_SAME_HIDDEN_SEQUENCE_POOLING_STUDY,A_seed3409,A,3409,FROZEN_PROBE_ACROSS_VIEW,last,last,interaction,raw33.front_pressure_score,continuous,R2,0.9099176439259348,0.0,0.0,0.0,False,False,False,400,80,79,"five-fold GroupKFold grouped by scenario_token; identical rows/folds/targets/ridge-logistic grid across views; paired loss CI uses 5,000 log-cluster bootstrap replicates",ego13 from frozen Stage7L ego_seq plus mask; raw33 from frozen Stage7L interaction_feat_style raw-equivalent report array,False,DEVELOPMENT_DIAGNOSTIC_EVIDENCE,NO_MATERIAL_RETENTION_LOSS_SUPPORTED
D0-C_SAME_HIDDEN_SEQUENCE_POOLING_STUDY,A_seed3409,A,3409,FROZEN_PROBE_ACROSS_VIEW,last,last,lateral,raw33.lane_change_count_proxy,categorical,balanced_accuracy,0.9166666666666667,0.0,0.0,0.0,False,False,False,400,80,79,"five-fold GroupKFold grouped by scenario_token; identical rows/folds/targets/ridge-logistic grid across views; paired loss CI uses 5,000 log-cluster bootstrap replicates",ego13 from frozen Stage7L ego_seq plus mask; raw33 from frozen Stage7L interaction_feat_style raw-equivalent report array,False,DEVELOPMENT_DIAGNOSTIC_EVIDENCE,NO_MATERIAL_RETENTION_LOSS_SUPPORTED
D0-C_SAME_HIDDEN_SEQUENCE_POOLING_STUDY,A_seed3409,A,3409,FROZEN_PROBE_ACROSS_VIEW,last,last,interaction,raw33.mean_front_distance,continuous,R2,0.9444261969636271,0.0,0.0,0.0,False,False,False,400,80,79,"five-fold GroupKFold grouped by scenario_token; identical rows/folds/targets/ridge-logistic grid across views; paired loss CI uses 5,000 log-cluster bootstrap replicates",ego13 from frozen Stage7L ego_seq plus mask; raw33 from frozen Stage7L interaction_feat_style raw-equivalent report array,False,DEVELOPMENT_DIAGNOSTIC_EVIDENCE,NO_MATERIAL_RETENTION_LOSS_SUPPORTED
D0-C_SAME_HIDDEN_SEQUENCE_POOLING_STUDY,A_seed3409,A,3409,FROZEN_PROBE_ACROSS_VIEW,last,last,interaction,raw33.mean_rel_speed,continuous,R2,0.8992999758013647,0.0,0.0,0.0,False,False,False,400,80,79,"five-fold GroupKFold grouped by scenario_token; identical rows/folds/targets/ridge-logistic grid across views; paired loss CI uses 5,000 log-cluster bootstrap replicates",ego13 from frozen Stage7L ego_seq plus mask; raw33 from frozen Stage7L interaction_feat_style raw-equivalent report array,False,DEVELOPMENT_DIAGNOSTIC_EVIDENCE,NO_MATERIAL_RETENTION_LOSS_SUPPORTED
D0-C_SAME_HIDDEN_SEQUENCE_POOLING_STUDY,A_seed3409,A,3409,FROZEN_PROBE_ACROSS_VIEW,last,max,longitudinal,ego13.end_minus_start_speed,continuous,R2,-23.75252097061975,0.8826766428783016,0.7584625336615163,1.0712758092846946,True,True,False,400,80,79,"five-fold GroupKFold grouped by scenario_token; identical rows/folds/targets/ridge-logistic grid across views; paired loss CI uses 5,000 log-cluster bootstrap replicates",ego13 from frozen Stage7L ego_seq plus mask; raw33 from frozen Stage7L interaction_feat_style raw-equivalent report array,True,DEVELOPMENT_DIAGNOSTIC_EVIDENCE,INFORMATION_RETENTION_LOSS_FAVORED
D0-C_SAME_HIDDEN_SEQUENCE_POOLING_STUDY,A_seed3409,A,3409,FROZEN_PROBE_ACROSS_VIEW,last,max,lateral,ego13.heading_change_abs_total,continuous,R2,-16.709463595522763,0.6541586982594914,0.536663821603665,0.7889907682961801,True,True,False,400,80,79,"five-fold GroupKFold grouped by scenario_token; identical rows/folds/targets/ridge-logistic grid across views; paired loss CI uses 5,000 log-cluster bootstrap replicates",ego13 from frozen Stage7L ego_seq plus mask; raw33 from frozen Stage7L interaction_feat_style raw-equivalent report array,True,DEVELOPMENT_DIAGNOSTIC_EVIDENCE,COORDINATE_GEOMETRY_SHIFT_FAVORED
D0-C_SAME_HIDDEN_SEQUENCE_POOLING_STUDY,A_seed3409,A,3409,FROZEN_PROBE_ACROSS_VIEW,last,max,longitudinal,ego13.mean_speed,continuous,R2,-38.488774352846384,0.9199642695118333,0.8031094034800751,1.0905449124597386,True,True,False,400,80,79,"five-fold GroupKFold grouped by scenario_token; identical rows/folds/targets/ridge-logistic grid across views; paired loss CI uses 5,000 log-cluster bootstrap replicates",ego13 from frozen Stage7L ego_seq plus mask; raw33 from frozen Stage7L interaction_feat_style raw-equivalent report array,True,DEVELOPMENT_DIAGNOSTIC_EVIDENCE,INFORMATION_RETENTION_LOSS_FAVORED
D0-C_SAME_HIDDEN_SEQUENCE_POOLING_STUDY,A_seed3409,A,3409,FROZEN_PROBE_ACROSS_VIEW,last,max,longitudinal,ego13.rms_accel,continuous,R2,-23.563809754370958,0.8253441989902587,0.7094291499533797,0.9760583665486913,True,True,False,400,80,79,"five-fold GroupKFold grouped by scenario_token; identical rows/folds/targets/ridge-logistic grid across views; paired loss CI uses 5,000 log-cluster bootstrap replicates",ego13 from frozen Stage7L ego_seq plus mask; raw33 from frozen Stage7L interaction_feat_style raw-equivalent report array,True,DEVELOPMENT_DIAGNOSTIC_EVIDENCE,COORDINATE_GEOMETRY_SHIFT_FAVORED
D0-C_SAME_HIDDEN_SEQUENCE_POOLING_STUDY,A_seed3409,A,3409,FROZEN_PROBE_ACROSS_VIEW,last,max,lateral,ego13.rms_yaw_rate,continuous,R2,-45.27646274502021,1.0182674757063361,0.8720411613678907,1.2090930687554942,True,True,False,400,80,79,"five-fold GroupKFold grouped by scenario_token; identical rows/folds/targets/ridge-logistic grid across views; paired loss CI uses 5,000 log-cluster bootstrap replicates",ego13 from frozen Stage7L ego_seq plus mask; raw33 from frozen Stage7L interaction_feat_style raw-equivalent report array,True,DEVELOPMENT_DIAGNOSTIC_EVIDENCE,COORDINATE_GEOMETRY_SHIFT_FAVORED
D0-C_SAME_HIDDEN_SEQUENCE_POOLING_STUDY,A_seed3409,A,3409,FROZEN_PROBE_ACROSS_VIEW,last,max,interaction,raw33.front_pressure_score,continuous,R2,0.22781425853255488,0.862273461110164,0.7000594443230768,1.107579362935127,True,True,False,400,80,79,"five-fold GroupKFold grouped by scenario_token; identical rows/folds/targets/ridge-logistic grid across views; paired loss CI uses 5,000 log-cluster bootstrap replicates",ego13 from frozen Stage7L ego_seq plus mask; raw33 from frozen Stage7L interaction_feat_style raw-equivalent report array,True,DEVELOPMENT_DIAGNOSTIC_EVIDENCE,INFORMATION_RETENTION_LOSS_FAVORED
D0-C_SAME_HIDDEN_SEQUENCE_POOLING_STUDY,A_seed3409,A,3409,FROZEN_PROBE_ACROSS_VIEW,last,max,lateral,raw33.lane_change_count_proxy,categorical,balanced_accuracy,0.5824607329842932,1.9177483526019685,1.4970628136604707,2.56930286199144,True,True,False,400,80,79,"five-fold GroupKFold grouped by scenario_token; identical rows/folds/targets/ridge-logistic grid across views; paired loss CI uses 5,000 log-cluster bootstrap replicates",ego13 from frozen Stage7L ego_seq plus mask; raw33 from frozen Stage7L interaction_feat_style raw-equivalent report array,True,DEVELOPMENT_DIAGNOSTIC_EVIDENCE,COORDINATE_GEOMETRY_SHIFT_FAVORED
D0-C_SAME_HIDDEN_SEQUENCE_POOLING_STUDY,A_seed3409,A,3409,FROZEN_PROBE_ACROSS_VIEW,last,max,interaction,raw33.mean_front_distance,continuous,R2,0.26601484869303715,0.5040534455504171,0.40705019512352747,0.6202200169404901,True,True,False,400,80,79,"five-fold GroupKFold grouped by scenario_token; identical rows/folds/targets/ridge-logistic grid across views; paired loss CI uses 5,000 log-cluster bootstrap replicates",ego13 from frozen Stage7L ego_seq plus mask; raw33 from frozen Stage7L interaction_feat_style raw-equivalent report array,True,DEVELOPMENT_DIAGNOSTIC_EVIDENCE,INFORMATION_RETENTION_LOSS_FAVORED
D0-C_SAME_HIDDEN_SEQUENCE_POOLING_STUDY,A_seed3409,A,3409,FROZEN_PROBE_ACROSS_VIEW,last,max,interaction,raw33.mean_rel_speed,continuous,R2,0.6401120432711727,0.4495737400266465,0.3354809161870394,0.5826782468465024,True,True,False,400,80,79,"five-fold GroupKFold grouped by scenario_token; identical rows/folds/targets/ridge-logistic grid across views; paired loss CI uses 5,000 log-cluster bootstrap replicates",ego13 from frozen Stage7L ego_seq plus mask; raw33 from frozen Stage7L interaction_feat_style raw-equivalent report array,True,DEVELOPMENT_DIAGNOSTIC_EVIDENCE,INFORMATION_RETENTION_LOSS_FAVORED
D0-C_SAME_HIDDEN_SEQUENCE_POOLING_STUDY,A_seed3409,A,3409,FROZEN_PROBE_ACROSS_VIEW,last,mean,longitudinal,ego13.end_minus_start_speed,continuous,R2,-0.4478733598009368,0.518863846651015,0.3995838552843882,0.6511553672422393,True,True,False,400,80,79,"five-fold GroupKFold grouped by scenario_token; identical rows/folds/targets/ridge-logistic grid across views; paired loss CI uses 5,000 log-cluster bootstrap replicates",ego13 from frozen Stage7L ego_seq plus mask; raw33 from frozen Stage7L interaction_feat_style raw-equivalent report array,True,DEVELOPMENT_DIAGNOSTIC_EVIDENCE,COORDINATE_GEOMETRY_SHIFT_FAVORED
D0-C_SAME_HIDDEN_SEQUENCE_POOLING_STUDY,A_seed3409,A,3409,FROZEN_PROBE_ACROSS_VIEW,last,mean,lateral,ego13.heading_change_abs_total,continuous,R2,-0.2885105964508159,0.22720011149633998,0.03647977429237081,0.40117141716690646,True,True,False,400,80,79,"five-fold GroupKFold grouped by scenario_token; identical rows/folds/targets/ridge-logistic grid across views; paired loss CI uses 5,000 log-cluster bootstrap replicates",ego13 from frozen Stage7L ego_seq plus mask; raw33 from frozen Stage7L interaction_feat_style raw-equivalent report array,True,DEVELOPMENT_DIAGNOSTIC_EVIDENCE,COORDINATE_GEOMETRY_SHIFT_FAVORED
D0-C_SAME_HIDDEN_SEQUENCE_POOLING_STUDY,A_seed3409,A,3409,FROZEN_PROBE_ACROSS_VIEW,last,mean,longitudinal,ego13.mean_speed,continuous,R2,-0.010373050840047693,0.5704491917266534,0.420641653803937,0.7421826786618098,True,True,False,400,80,79,"five-fold GroupKFold grouped by scenario_token; identical rows/folds/targets/ridge-logistic grid across views; paired loss CI uses 5,000 log-cluster bootstrap replicates",ego13 from frozen Stage7L ego_seq plus mask; raw33 from frozen Stage7L interaction_feat_style raw-equivalent report array,True,DEVELOPMENT_DIAGNOSTIC_EVIDENCE,COORDINATE_GEOMETRY_SHIFT_FAVORED
D0-C_SAME_HIDDEN_SEQUENCE_POOLING_STUDY,A_seed3409,A,3409,FROZEN_PROBE_ACROSS_VIEW,last,mean,longitudinal,ego13.rms_accel,continuous,R2,-1.3868600580185544,0.48252785195554737,0.3555561241181291,0.6331578271650553,True,True,False,400,80,79,"five-fold GroupKFold grouped by scenario_token; identical rows/folds/targets/ridge-logistic grid across views; paired loss CI uses 5,000 log-cluster bootstrap replicates",ego13 from frozen Stage7L ego_seq plus mask; raw33 from frozen Stage7L interaction_feat_style raw-equivalent report array,True,DEVELOPMENT_DIAGNOSTIC_EVIDENCE,COORDINATE_GEOMETRY_SHIFT_FAVORED
D0-C_SAME_HIDDEN_SEQUENCE_POOLING_STUDY,A_seed3409,A,3409,FROZEN_PROBE_ACROSS_VIEW,last,mean,lateral,ego13.rms_yaw_rate,continuous,R2,-0.7707763528846481,0.46650192526051143,0.28157766654045974,0.6861117376366708,True,True,False,400,80,79,"five-fold GroupKFold grouped by scenario_token; identical rows/folds/targets/ridge-logistic grid across views; paired loss CI uses 5,000 log-cluster bootstrap replicates",ego13 from frozen Stage7L ego_seq plus mask; raw33 from frozen Stage7L interaction_feat_style raw-equivalent report array,True,DEVELOPMENT_DIAGNOSTIC_EVIDENCE,COORDINATE_GEOMETRY_SHIFT_FAVORED
D0-C_SAME_HIDDEN_SEQUENCE_POOLING_STUDY,A_seed3409,A,3409,FROZEN_PROBE_ACROSS_VIEW,last,mean,interaction,raw33.front_pressure_score,continuous,R2,0.8744043889268902,0.28427126989058316,0.06735646395490419,0.5064765348732656,True,True,False,400,80,79,"five-fold GroupKFold grouped by scenario_token; identical rows/folds/targets/ridge-logistic grid across views; paired loss CI uses 5,000 log-cluster bootstrap replicates",ego13 from frozen Stage7L ego_seq plus mask; raw33 from frozen Stage7L interaction_feat_style raw-equivalent report array,True,DEVELOPMENT_DIAGNOSTIC_EVIDENCE,COORDINATE_GEOMETRY_SHIFT_FAVORED
D0-C_SAME_HIDDEN_SEQUENCE_POOLING_STUDY,A_seed3409,A,3409,FROZEN_PROBE_ACROSS_VIEW,last,mean,lateral,raw33.lane_change_count_proxy,categorical,balanced_accuracy,0.9166666666666667,0.0,0.0,0.0,False,False,False,400,80,79,"five-fold GroupKFold grouped by scenario_token; identical rows/folds/targets/ridge-logistic grid across views; paired loss CI uses 5,000 log-cluster bootstrap replicates",ego13 from frozen Stage7L ego_seq plus mask; raw33 from frozen Stage7L interaction_feat_style raw-equivalent report array,True,DEVELOPMENT_DIAGNOSTIC_EVIDENCE,NO_MATERIAL_RETENTION_LOSS_SUPPORTED
D0-C_SAME_HIDDEN_SEQUENCE_POOLING_STUDY,A_seed3409,A,3409,FROZEN_PROBE_ACROSS_VIEW,last,mean,interaction,raw33.mean_front_distance,continuous,R2,0.95139520889764,-0.1356209433689394,-0.3348056183331917,0.08671707346032657,False,False,False,400,80,79,"five-fold GroupKFold grouped by scenario_token; identical rows/folds/targets/ridge-logistic grid across views; paired loss CI uses 5,000 log-cluster bootstrap replicates",ego13 from frozen Stage7L ego_seq plus mask; raw33 from frozen Stage7L interaction_feat_style raw-equivalent report array,True,DEVELOPMENT_DIAGNOSTIC_EVIDENCE,REFIT_VIEW_GAIN_NOT_INFORMATION_LOSS
D0-C_SAME_HIDDEN_SEQUENCE_POOLING_STUDY,A_seed3409,A,3409,FROZEN_PROBE_ACROSS_VIEW,last,mean,interaction,raw33.mean_rel_speed,continuous,R2,0.8738540741066693,0.25701980893295934,0.025681781854463275,0.5105896325081869,True,True,False,400,80,79,"five-fold GroupKFold grouped by scenario_token; identical rows/folds/targets/ridge-logistic grid across views; paired loss CI uses 5,000 log-cluster bootstrap replicates",ego13 from frozen Stage7L ego_seq plus mask; raw33 from frozen Stage7L interaction_feat_style raw-equivalent report array,True,DEVELOPMENT_DIAGNOSTIC_EVIDENCE,REFIT_VIEW_GAIN_NOT_INFORMATION_LOSS
D0-C_SAME_HIDDEN_SEQUENCE_POOLING_STUDY,A_seed3409,A,3409,SAME_CAPACITY_REFIT_PROBE_PER_VIEW,last,last,longitudinal,ego13.end_minus_start_speed,continuous,R2,0.7440457602658141,0.0,0.0,0.0,False,False,False,400,80,79,"five-fold GroupKFold grouped by scenario_token; identical rows/folds/targets/ridge-logistic grid across views; paired loss CI uses 5,000 log-cluster bootstrap replicates",ego13 from frozen Stage7L ego_seq plus mask; raw33 from frozen Stage7L interaction_feat_style raw-equivalent report array,False,DEVELOPMENT_DIAGNOSTIC_EVIDENCE,NO_MATERIAL_RETENTION_LOSS_SUPPORTED
D0-C_SAME_HIDDEN_SEQUENCE_POOLING_STUDY,A_seed3409,A,3409,SAME_CAPACITY_REFIT_PROBE_PER_VIEW,last,last,lateral,ego13.heading_change_abs_total,continuous,R2,0.029125070798749375,0.0,0.0,0.0,False,False,False,400,80,79,"five-fold GroupKFold grouped by scenario_token; identical rows/folds/targets/ridge-logistic grid across views; paired loss CI uses 5,000 log-cluster bootstrap replicates",ego13 from frozen Stage7L ego_seq plus mask; raw33 from frozen Stage7L interaction_feat_style raw-equivalent report array,False,DEVELOPMENT_DIAGNOSTIC_EVIDENCE,NO_MATERIAL_RETENTION_LOSS_SUPPORTED
D0-C_SAME_HIDDEN_SEQUENCE_POOLING_STUDY,A_seed3409,A,3409,SAME_CAPACITY_REFIT_PROBE_PER_VIEW,last,last,longitudinal,ego13.mean_speed,continuous,R2,0.7226524764511838,0.0,0.0,0.0,False,False,False,400,80,79,"five-fold GroupKFold grouped by scenario_token; identical rows/folds/targets/ridge-logistic grid across views; paired loss CI uses 5,000 log-cluster bootstrap replicates",ego13 from frozen Stage7L ego_seq plus mask; raw33 from frozen Stage7L interaction_feat_style raw-equivalent report array,False,DEVELOPMENT_DIAGNOSTIC_EVIDENCE,NO_MATERIAL_RETENTION_LOSS_SUPPORTED
D0-C_SAME_HIDDEN_SEQUENCE_POOLING_STUDY,A_seed3409,A,3409,SAME_CAPACITY_REFIT_PROBE_PER_VIEW,last,last,longitudinal,ego13.rms_accel,continuous,R2,0.5389465871474468,0.0,0.0,0.0,False,False,False,400,80,79,"five-fold GroupKFold grouped by scenario_token; identical rows/folds/targets/ridge-logistic grid across views; paired loss CI uses 5,000 log-cluster bootstrap replicates",ego13 from frozen Stage7L ego_seq plus mask; raw33 from frozen Stage7L interaction_feat_style raw-equivalent report array,False,DEVELOPMENT_DIAGNOSTIC_EVIDENCE,NO_MATERIAL_RETENTION_LOSS_SUPPORTED
D0-C_SAME_HIDDEN_SEQUENCE_POOLING_STUDY,A_seed3409,A,3409,SAME_CAPACITY_REFIT_PROBE_PER_VIEW,last,last,lateral,ego13.rms_yaw_rate,continuous,R2,0.22287170513996368,0.0,0.0,0.0,False,False,False,400,80,79,"five-fold GroupKFold grouped by scenario_token; identical rows/folds/targets/ridge-logistic grid across views; paired loss CI uses 5,000 log-cluster bootstrap replicates",ego13 from frozen Stage7L ego_seq plus mask; raw33 from frozen Stage7L interaction_feat_style raw-equivalent report array,False,DEVELOPMENT_DIAGNOSTIC_EVIDENCE,NO_MATERIAL_RETENTION_LOSS_SUPPORTED
D0-C_SAME_HIDDEN_SEQUENCE_POOLING_STUDY,A_seed3409,A,3409,SAME_CAPACITY_REFIT_PROBE_PER_VIEW,last,last,interaction,raw33.front_pressure_score,continuous,R2,0.9099176439259348,0.0,0.0,0.0,False,False,False,400,80,79,"five-fold GroupKFold grouped by scenario_token; identical rows/folds/targets/ridge-logistic grid across views; paired loss CI uses 5,000 log-cluster bootstrap replicates",ego13 from frozen Stage7L ego_seq plus mask; raw33 from frozen Stage7L interaction_feat_style raw-equivalent report array,False,DEVELOPMENT_DIAGNOSTIC_EVIDENCE,NO_MATERIAL_RETENTION_LOSS_SUPPORTED
D0-C_SAME_HIDDEN_SEQUENCE_POOLING_STUDY,A_seed3409,A,3409,SAME_CAPACITY_REFIT_PROBE_PER_VIEW,last,last,lateral,raw33.lane_change_count_proxy,categorical,balanced_accuracy,0.9166666666666667,0.0,0.0,0.0,False,False,False,400,80,79,"five-fold GroupKFold grouped by scenario_token; identical rows/folds/targets/ridge-logistic grid across views; paired loss CI uses 5,000 log-cluster bootstrap replicates",ego13 from frozen Stage7L ego_seq plus mask; raw33 from frozen Stage7L interaction_feat_style raw-equivalent report array,False,DEVELOPMENT_DIAGNOSTIC_EVIDENCE,NO_MATERIAL_RETENTION_LOSS_SUPPORTED
D0-C_SAME_HIDDEN_SEQUENCE_POOLING_STUDY,A_seed3409,A,3409,SAME_CAPACITY_REFIT_PROBE_PER_VIEW,last,last,interaction,raw33.mean_front_distance,continuous,R2,0.9444261969636271,0.0,0.0,0.0,False,False,False,400,80,79,"five-fold GroupKFold grouped by scenario_token; identical rows/folds/targets/ridge-logistic grid across views; paired loss CI uses 5,000 log-cluster bootstrap replicates",ego13 from frozen Stage7L ego_seq plus mask; raw33 from frozen Stage7L interaction_feat_style raw-equivalent report array,False,DEVELOPMENT_DIAGNOSTIC_EVIDENCE,NO_MATERIAL_RETENTION_LOSS_SUPPORTED
D0-C_SAME_HIDDEN_SEQUENCE_POOLING_STUDY,A_seed3409,A,3409,SAME_CAPACITY_REFIT_PROBE_PER_VIEW,last,last,interaction,raw33.mean_rel_speed,continuous,R2,0.8992999758013647,0.0,0.0,0.0,False,False,False,400,80,79,"five-fold GroupKFold grouped by scenario_token; identical rows/folds/targets/ridge-logistic grid across views; paired loss CI uses 5,000 log-cluster bootstrap replicates",ego13 from frozen Stage7L ego_seq plus mask; raw33 from frozen Stage7L interaction_feat_style raw-equivalent report array,False,DEVELOPMENT_DIAGNOSTIC_EVIDENCE,NO_MATERIAL_RETENTION_LOSS_SUPPORTED
D0-C_SAME_HIDDEN_SEQUENCE_POOLING_STUDY,A_seed3409,A,3409,SAME_CAPACITY_REFIT_PROBE_PER_VIEW,last,max,longitudinal,ego13.end_minus_start_speed,continuous,R2,0.5256234824082011,0.36914369647880935,0.18127044014962515,0.5493294624108108,True,True,False,400,80,79,"five-fold GroupKFold grouped by scenario_token; identical rows/folds/targets/ridge-logistic grid across views; paired loss CI uses 5,000 log-cluster bootstrap replicates",ego13 from frozen Stage7L ego_seq plus mask; raw33 from frozen Stage7L interaction_feat_style raw-equivalent report array,True,DEVELOPMENT_DIAGNOSTIC_EVIDENCE,INFORMATION_RETENTION_LOSS_FAVORED
D0-C_SAME_HIDDEN_SEQUENCE_POOLING_STUDY,A_seed3409,A,3409,SAME_CAPACITY_REFIT_PROBE_PER_VIEW,last,max,lateral,ego13.heading_change_abs_total,continuous,R2,0.13252139026221488,-0.08663252566466617,-0.26764575477631436,0.15608377079864683,False,False,False,400,80,79,"five-fold GroupKFold grouped by scenario_token; identical rows/folds/targets/ridge-logistic grid across views; paired loss CI uses 5,000 log-cluster bootstrap replicates",ego13 from frozen Stage7L ego_seq plus mask; raw33 from frozen Stage7L interaction_feat_style raw-equivalent report array,True,DEVELOPMENT_DIAGNOSTIC_EVIDENCE,COORDINATE_GEOMETRY_SHIFT_FAVORED
D0-C_SAME_HIDDEN_SEQUENCE_POOLING_STUDY,A_seed3409,A,3409,SAME_CAPACITY_REFIT_PROBE_PER_VIEW,last,max,longitudinal,ego13.mean_speed,continuous,R2,0.43698890180660643,0.4002699732325624,0.19347228276227277,0.6049469375206308,True,True,False,400,80,79,"five-fold GroupKFold grouped by scenario_token; identical rows/folds/targets/ridge-logistic grid across views; paired loss CI uses 5,000 log-cluster bootstrap replicates",ego13 from frozen Stage7L ego_seq plus mask; raw33 from frozen Stage7L interaction_feat_style raw-equivalent report array,True,DEVELOPMENT_DIAGNOSTIC_EVIDENCE,INFORMATION_RETENTION_LOSS_FAVORED
D0-C_SAME_HIDDEN_SEQUENCE_POOLING_STUDY,A_seed3409,A,3409,SAME_CAPACITY_REFIT_PROBE_PER_VIEW,last,max,longitudinal,ego13.rms_accel,continuous,R2,0.46205950388047057,0.07935524773864316,-0.12795166092784815,0.3689837868737057,False,False,False,400,80,79,"five-fold GroupKFold grouped by scenario_token; identical rows/folds/targets/ridge-logistic grid across views; paired loss CI uses 5,000 log-cluster bootstrap replicates",ego13 from frozen Stage7L ego_seq plus mask; raw33 from frozen Stage7L interaction_feat_style raw-equivalent report array,True,DEVELOPMENT_DIAGNOSTIC_EVIDENCE,COORDINATE_GEOMETRY_SHIFT_FAVORED
D0-C_SAME_HIDDEN_SEQUENCE_POOLING_STUDY,A_seed3409,A,3409,SAME_CAPACITY_REFIT_PROBE_PER_VIEW,last,max,lateral,ego13.rms_yaw_rate,continuous,R2,0.20539826817257478,0.01665842963644775,-0.1978238324928695,0.2470018141335093,False,False,False,400,80,79,"five-fold GroupKFold grouped by scenario_token; identical rows/folds/targets/ridge-logistic grid across views; paired loss CI uses 5,000 log-cluster bootstrap replicates",ego13 from frozen Stage7L ego_seq plus mask; raw33 from frozen Stage7L interaction_feat_style raw-equivalent report array,True,DEVELOPMENT_DIAGNOSTIC_EVIDENCE,COORDINATE_GEOMETRY_SHIFT_FAVORED
D0-C_SAME_HIDDEN_SEQUENCE_POOLING_STUDY,A_seed3409,A,3409,SAME_CAPACITY_REFIT_PROBE_PER_VIEW,last,max,interaction,raw33.front_pressure_score,continuous,R2,0.6914225533391292,0.3884070502808632,0.2610806780222743,0.5240449595202089,True,True,False,400,80,79,"five-fold GroupKFold grouped by scenario_token; identical rows/folds/targets/ridge-logistic grid across views; paired loss CI uses 5,000 log-cluster bootstrap replicates",ego13 from frozen Stage7L ego_seq plus mask; raw33 from frozen Stage7L interaction_feat_style raw-equivalent report array,True,DEVELOPMENT_DIAGNOSTIC_EVIDENCE,INFORMATION_RETENTION_LOSS_FAVORED
D0-C_SAME_HIDDEN_SEQUENCE_POOLING_STUDY,A_seed3409,A,3409,SAME_CAPACITY_REFIT_PROBE_PER_VIEW,last,max,lateral,raw33.lane_change_count_proxy,categorical,balanced_accuracy,0.6323443862710878,0.19741838141820905,0.0,0.30982504931240556,False,False,False,400,80,79,"five-fold GroupKFold grouped by scenario_token; identical rows/folds/targets/ridge-logistic grid across views; paired loss CI uses 5,000 log-cluster bootstrap replicates",ego13 from frozen Stage7L ego_seq plus mask; raw33 from frozen Stage7L interaction_feat_style raw-equivalent report array,True,DEVELOPMENT_DIAGNOSTIC_EVIDENCE,COORDINATE_GEOMETRY_SHIFT_FAVORED
D0-C_SAME_HIDDEN_SEQUENCE_POOLING_STUDY,A_seed3409,A,3409,SAME_CAPACITY_REFIT_PROBE_PER_VIEW,last,max,interaction,raw33.mean_front_distance,continuous,R2,0.815314528766589,0.4718117321874902,0.35803495092142534,0.599679993672388,True,True,False,400,80,79,"five-fold GroupKFold grouped by scenario_token; identical rows/folds/targets/ridge-logistic grid across views; paired loss CI uses 5,000 log-cluster bootstrap replicates",ego13 from frozen Stage7L ego_seq plus mask; raw33 from frozen Stage7L interaction_feat_style raw-equivalent report array,True,DEVELOPMENT_DIAGNOSTIC_EVIDENCE,INFORMATION_RETENTION_LOSS_FAVORED
D0-C_SAME_HIDDEN_SEQUENCE_POOLING_STUDY,A_seed3409,A,3409,SAME_CAPACITY_REFIT_PROBE_PER_VIEW,last,max,interaction,raw33.mean_rel_speed,continuous,R2,0.8467582265084804,0.24558089554577853,0.04078333089703048,0.41836605548251127,True,True,False,400,80,79,"five-fold GroupKFold grouped by scenario_token; identical rows/folds/targets/ridge-logistic grid across views; paired loss CI uses 5,000 log-cluster bootstrap replicates",ego13 from frozen Stage7L ego_seq plus mask; raw33 from frozen Stage7L interaction_feat_style raw-equivalent report array,True,DEVELOPMENT_DIAGNOSTIC_EVIDENCE,INFORMATION_RETENTION_LOSS_FAVORED
D0-C_SAME_HIDDEN_SEQUENCE_POOLING_STUDY,A_seed3409,A,3409,SAME_CAPACITY_REFIT_PROBE_PER_VIEW,last,mean,longitudinal,ego13.end_minus_start_speed,continuous,R2,0.7142862657772744,0.05865255703090783,-0.21082235369594948,0.22071372895203287,False,False,False,400,80,79,"five-fold GroupKFold grouped by scenario_token; identical rows/folds/targets/ridge-logistic grid across views; paired loss CI uses 5,000 log-cluster bootstrap replicates",ego13 from frozen Stage7L ego_seq plus mask; raw33 from frozen Stage7L interaction_feat_style raw-equivalent report array,True,DEVELOPMENT_DIAGNOSTIC_EVIDENCE,COORDINATE_GEOMETRY_SHIFT_FAVORED
D0-C_SAME_HIDDEN_SEQUENCE_POOLING_STUDY,A_seed3409,A,3409,SAME_CAPACITY_REFIT_PROBE_PER_VIEW,last,mean,lateral,ego13.heading_change_abs_total,continuous,R2,0.09036804783629804,-0.09053182395571868,-0.27547665208518424,0.1421677554662072,False,False,False,400,80,79,"five-fold GroupKFold grouped by scenario_token; identical rows/folds/targets/ridge-logistic grid across views; paired loss CI uses 5,000 log-cluster bootstrap replicates",ego13 from frozen Stage7L ego_seq plus mask; raw33 from frozen Stage7L interaction_feat_style raw-equivalent report array,True,DEVELOPMENT_DIAGNOSTIC_EVIDENCE,COORDINATE_GEOMETRY_SHIFT_FAVORED
D0-C_SAME_HIDDEN_SEQUENCE_POOLING_STUDY,A_seed3409,A,3409,SAME_CAPACITY_REFIT_PROBE_PER_VIEW,last,mean,longitudinal,ego13.mean_speed,continuous,R2,0.7966173338617117,-0.11899479053390333,-0.3303520177400257,0.10211573878027551,False,False,False,400,80,79,"five-fold GroupKFold grouped by scenario_token; identical rows/folds/targets/ridge-logistic grid across views; paired loss CI uses 5,000 log-cluster bootstrap replicates",ego13 from frozen Stage7L ego_seq plus mask; raw33 from frozen Stage7L interaction_feat_style raw-equivalent report array,True,DEVELOPMENT_DIAGNOSTIC_EVIDENCE,COORDINATE_GEOMETRY_SHIFT_FAVORED
D0-C_SAME_HIDDEN_SEQUENCE_POOLING_STUDY,A_seed3409,A,3409,SAME_CAPACITY_REFIT_PROBE_PER_VIEW,last,mean,longitudinal,ego13.rms_accel,continuous,R2,0.5250808221365546,0.03467432446039673,-0.26820725006896967,0.1992805145811975,False,False,False,400,80,79,"five-fold GroupKFold grouped by scenario_token; identical rows/folds/targets/ridge-logistic grid across views; paired loss CI uses 5,000 log-cluster bootstrap replicates",ego13 from frozen Stage7L ego_seq plus mask; raw33 from frozen Stage7L interaction_feat_style raw-equivalent report array,True,DEVELOPMENT_DIAGNOSTIC_EVIDENCE,COORDINATE_GEOMETRY_SHIFT_FAVORED
D0-C_SAME_HIDDEN_SEQUENCE_POOLING_STUDY,A_seed3409,A,3409,SAME_CAPACITY_REFIT_PROBE_PER_VIEW,last,mean,lateral,ego13.rms_yaw_rate,continuous,R2,0.09160608518235236,0.09744717649929151,-0.1505477242489721,0.25564252147497707,False,False,False,400,80,79,"five-fold GroupKFold grouped by scenario_token; identical rows/folds/targets/ridge-logistic grid across views; paired loss CI uses 5,000 log-cluster bootstrap replicates",ego13 from frozen Stage7L ego_seq plus mask; raw33 from frozen Stage7L interaction_feat_style raw-equivalent report array,True,DEVELOPMENT_DIAGNOSTIC_EVIDENCE,COORDINATE_GEOMETRY_SHIFT_FAVORED
D0-C_SAME_HIDDEN_SEQUENCE_POOLING_STUDY,A_seed3409,A,3409,SAME_CAPACITY_REFIT_PROBE_PER_VIEW,last,mean,interaction,raw33.front_pressure_score,continuous,R2,0.9019723815326507,0.055751520534291034,-0.252663414365095,0.226021217151845,False,False,False,400,80,79,"five-fold GroupKFold grouped by scenario_token; identical rows/folds/targets/ridge-logistic grid across views; paired loss CI uses 5,000 log-cluster bootstrap replicates",ego13 from frozen Stage7L ego_seq plus mask; raw33 from frozen Stage7L interaction_feat_style raw-equivalent report array,True,DEVELOPMENT_DIAGNOSTIC_EVIDENCE,COORDINATE_GEOMETRY_SHIFT_FAVORED
D0-C_SAME_HIDDEN_SEQUENCE_POOLING_STUDY,A_seed3409,A,3409,SAME_CAPACITY_REFIT_PROBE_PER_VIEW,last,mean,lateral,raw33.lane_change_count_proxy,categorical,balanced_accuracy,0.9166666666666667,0.0,0.0,0.0,False,False,False,400,80,79,"five-fold GroupKFold grouped by scenario_token; identical rows/folds/targets/ridge-logistic grid across views; paired loss CI uses 5,000 log-cluster bootstrap replicates",ego13 from frozen Stage7L ego_seq plus mask; raw33 from frozen Stage7L interaction_feat_style raw-equivalent report array,True,DEVELOPMENT_DIAGNOSTIC_EVIDENCE,NO_MATERIAL_RETENTION_LOSS_SUPPORTED
D0-C_SAME_HIDDEN_SEQUENCE_POOLING_STUDY,A_seed3409,A,3409,SAME_CAPACITY_REFIT_PROBE_PER_VIEW,last,mean,interaction,raw33.mean_front_distance,continuous,R2,0.9570123051226669,-0.2723388158850317,-0.5261150326197241,-0.05156210329351517,True,False,True,400,80,79,"five-fold GroupKFold grouped by scenario_token; identical rows/folds/targets/ridge-logistic grid across views; paired loss CI uses 5,000 log-cluster bootstrap replicates",ego13 from frozen Stage7L ego_seq plus mask; raw33 from frozen Stage7L interaction_feat_style raw-equivalent report array,True,DEVELOPMENT_DIAGNOSTIC_EVIDENCE,REFIT_VIEW_GAIN_NOT_INFORMATION_LOSS
D0-C_SAME_HIDDEN_SEQUENCE_POOLING_STUDY,A_seed3409,A,3409,SAME_CAPACITY_REFIT_PROBE_PER_VIEW,last,mean,interaction,raw33.mean_rel_speed,continuous,R2,0.9192489993857997,-0.30793989761399804,-0.4595503340934886,-0.1452574229274182,True,False,True,400,80,79,"five-fold GroupKFold grouped by scenario_token; identical rows/folds/targets/ridge-logistic grid across views; paired loss CI uses 5,000 log-cluster bootstrap replicates",ego13 from frozen Stage7L ego_seq plus mask; raw33 from frozen Stage7L interaction_feat_style raw-equivalent report array,True,DEVELOPMENT_DIAGNOSTIC_EVIDENCE,REFIT_VIEW_GAIN_NOT_INFORMATION_LOSS
D0-C_SAME_HIDDEN_SEQUENCE_POOLING_STUDY,B_seed3407,B,3407,FROZEN_PROBE_ACROSS_VIEW,last,last,longitudinal,ego13.end_minus_start_speed,continuous,R2,0.8006616644871372,0.0,0.0,0.0,False,False,False,400,80,79,"five-fold GroupKFold grouped by scenario_token; identical rows/folds/targets/ridge-logistic grid across views; paired loss CI uses 5,000 log-cluster bootstrap replicates",ego13 from frozen Stage7L ego_seq plus mask; raw33 from frozen Stage7L interaction_feat_style raw-equivalent report array,False,DEVELOPMENT_DIAGNOSTIC_EVIDENCE,NO_MATERIAL_RETENTION_LOSS_SUPPORTED
D0-C_SAME_HIDDEN_SEQUENCE_POOLING_STUDY,B_seed3407,B,3407,FROZEN_PROBE_ACROSS_VIEW,last,last,lateral,ego13.heading_change_abs_total,continuous,R2,0.0039608233044380325,0.0,0.0,0.0,False,False,False,400,80,79,"five-fold GroupKFold grouped by scenario_token; identical rows/folds/targets/ridge-logistic grid across views; paired loss CI uses 5,000 log-cluster bootstrap replicates",ego13 from frozen Stage7L ego_seq plus mask; raw33 from frozen Stage7L interaction_feat_style raw-equivalent report array,False,DEVELOPMENT_DIAGNOSTIC_EVIDENCE,NO_MATERIAL_RETENTION_LOSS_SUPPORTED
D0-C_SAME_HIDDEN_SEQUENCE_POOLING_STUDY,B_seed3407,B,3407,FROZEN_PROBE_ACROSS_VIEW,last,last,longitudinal,ego13.mean_speed,continuous,R2,0.8917173459822911,0.0,0.0,0.0,False,False,False,400,80,79,"five-fold GroupKFold grouped by scenario_token; identical rows/folds/targets/ridge-logistic grid across views; paired loss CI uses 5,000 log-cluster bootstrap replicates",ego13 from frozen Stage7L ego_seq plus mask; raw33 from frozen Stage7L interaction_feat_style raw-equivalent report array,False,DEVELOPMENT_DIAGNOSTIC_EVIDENCE,NO_MATERIAL_RETENTION_LOSS_SUPPORTED
D0-C_SAME_HIDDEN_SEQUENCE_POOLING_STUDY,B_seed3407,B,3407,FROZEN_PROBE_ACROSS_VIEW,last,last,longitudinal,ego13.rms_accel,continuous,R2,0.5190268808248172,0.0,0.0,0.0,False,False,False,400,80,79,"five-fold GroupKFold grouped by scenario_token; identical rows/folds/targets/ridge-logistic grid across views; paired loss CI uses 5,000 log-cluster bootstrap replicates",ego13 from frozen Stage7L ego_seq plus mask; raw33 from frozen Stage7L interaction_feat_style raw-equivalent report array,False,DEVELOPMENT_DIAGNOSTIC_EVIDENCE,NO_MATERIAL_RETENTION_LOSS_SUPPORTED
D0-C_SAME_HIDDEN_SEQUENCE_POOLING_STUDY,B_seed3407,B,3407,FROZEN_PROBE_ACROSS_VIEW,last,last,lateral,ego13.rms_yaw_rate,continuous,R2,0.07661549211892571,0.0,0.0,0.0,False,False,False,400,80,79,"five-fold GroupKFold grouped by scenario_token; identical rows/folds/targets/ridge-logistic grid across views; paired loss CI uses 5,000 log-cluster bootstrap replicates",ego13 from frozen Stage7L ego_seq plus mask; raw33 from frozen Stage7L interaction_feat_style raw-equivalent report array,False,DEVELOPMENT_DIAGNOSTIC_EVIDENCE,NO_MATERIAL_RETENTION_LOSS_SUPPORTED
D0-C_SAME_HIDDEN_SEQUENCE_POOLING_STUDY,B_seed3407,B,3407,FROZEN_PROBE_ACROSS_VIEW,last,last,interaction,raw33.front_pressure_score,continuous,R2,0.8630162374923294,0.0,0.0,0.0,False,False,False,400,80,79,"five-fold GroupKFold grouped by scenario_token; identical rows/folds/targets/ridge-logistic grid across views; paired loss CI uses 5,000 log-cluster bootstrap replicates",ego13 from frozen Stage7L ego_seq plus mask; raw33 from frozen Stage7L interaction_feat_style raw-equivalent report array,False,DEVELOPMENT_DIAGNOSTIC_EVIDENCE,NO_MATERIAL_RETENTION_LOSS_SUPPORTED
D0-C_SAME_HIDDEN_SEQUENCE_POOLING_STUDY,B_seed3407,B,3407,FROZEN_PROBE_ACROSS_VIEW,last,last,lateral,raw33.lane_change_count_proxy,categorical,balanced_accuracy,0.6388888888888888,0.0,0.0,0.0,False,False,False,400,80,79,"five-fold GroupKFold grouped by scenario_token; identical rows/folds/targets/ridge-logistic grid across views; paired loss CI uses 5,000 log-cluster bootstrap replicates",ego13 from frozen Stage7L ego_seq plus mask; raw33 from frozen Stage7L interaction_feat_style raw-equivalent report array,False,DEVELOPMENT_DIAGNOSTIC_EVIDENCE,NO_MATERIAL_RETENTION_LOSS_SUPPORTED
D0-C_SAME_HIDDEN_SEQUENCE_POOLING_STUDY,B_seed3407,B,3407,FROZEN_PROBE_ACROSS_VIEW,last,last,interaction,raw33.mean_front_distance,continuous,R2,0.9520442005184748,0.0,0.0,0.0,False,False,False,400,80,79,"five-fold GroupKFold grouped by scenario_token; identical rows/folds/targets/ridge-logistic grid across views; paired loss CI uses 5,000 log-cluster bootstrap replicates",ego13 from frozen Stage7L ego_seq plus mask; raw33 from frozen Stage7L interaction_feat_style raw-equivalent report array,False,DEVELOPMENT_DIAGNOSTIC_EVIDENCE,NO_MATERIAL_RETENTION_LOSS_SUPPORTED
D0-C_SAME_HIDDEN_SEQUENCE_POOLING_STUDY,B_seed3407,B,3407,FROZEN_PROBE_ACROSS_VIEW,last,last,interaction,raw33.mean_rel_speed,continuous,R2,0.8820997110170915,0.0,0.0,0.0,False,False,False,400,80,79,"five-fold GroupKFold grouped by scenario_token; identical rows/folds/targets/ridge-logistic grid across views; paired loss CI uses 5,000 log-cluster bootstrap replicates",ego13 from frozen Stage7L ego_seq plus mask; raw33 from frozen Stage7L interaction_feat_style raw-equivalent report array,False,DEVELOPMENT_DIAGNOSTIC_EVIDENCE,NO_MATERIAL_RETENTION_LOSS_SUPPORTED
D0-C_SAME_HIDDEN_SEQUENCE_POOLING_STUDY,B_seed3407,B,3407,FROZEN_PROBE_ACROSS_VIEW,last,max,longitudinal,ego13.end_minus_start_speed,continuous,R2,-22.882447687211947,1.4143603574075547,1.2293355105881387,1.6881769573600656,True,True,False,400,80,79,"five-fold GroupKFold grouped by scenario_token; identical rows/folds/targets/ridge-logistic grid across views; paired loss CI uses 5,000 log-cluster bootstrap replicates",ego13 from frozen Stage7L ego_seq plus mask; raw33 from frozen Stage7L interaction_feat_style raw-equivalent report array,True,DEVELOPMENT_DIAGNOSTIC_EVIDENCE,COORDINATE_GEOMETRY_SHIFT_FAVORED
D0-C_SAME_HIDDEN_SEQUENCE_POOLING_STUDY,B_seed3407,B,3407,FROZEN_PROBE_ACROSS_VIEW,last,max,lateral,ego13.heading_change_abs_total,continuous,R2,-3.116461367123182,0.4138557052718199,0.28643844411593505,0.5398024149669743,True,True,False,400,80,79,"five-fold GroupKFold grouped by scenario_token; identical rows/folds/targets/ridge-logistic grid across views; paired loss CI uses 5,000 log-cluster bootstrap replicates",ego13 from frozen Stage7L ego_seq plus mask; raw33 from frozen Stage7L interaction_feat_style raw-equivalent report array,True,DEVELOPMENT_DIAGNOSTIC_EVIDENCE,COORDINATE_GEOMETRY_SHIFT_FAVORED
D0-C_SAME_HIDDEN_SEQUENCE_POOLING_STUDY,B_seed3407,B,3407,FROZEN_PROBE_ACROSS_VIEW,last,max,longitudinal,ego13.mean_speed,continuous,R2,-31.218154304984303,2.3976953268164207,2.076491289735092,2.889532182855637,True,True,False,400,80,79,"five-fold GroupKFold grouped by scenario_token; identical rows/folds/targets/ridge-logistic grid across views; paired loss CI uses 5,000 log-cluster bootstrap replicates",ego13 from frozen Stage7L ego_seq plus mask; raw33 from frozen Stage7L interaction_feat_style raw-equivalent report array,True,DEVELOPMENT_DIAGNOSTIC_EVIDENCE,INFORMATION_RETENTION_LOSS_FAVORED
D0-C_SAME_HIDDEN_SEQUENCE_POOLING_STUDY,B_seed3407,B,3407,FROZEN_PROBE_ACROSS_VIEW,last,max,longitudinal,ego13.rms_accel,continuous,R2,-16.016169822075668,0.7093491307037963,0.6102277764537971,0.8960122186467668,True,True,False,400,80,79,"five-fold GroupKFold grouped by scenario_token; identical rows/folds/targets/ridge-logistic grid across views; paired loss CI uses 5,000 log-cluster bootstrap replicates",ego13 from frozen Stage7L ego_seq plus mask; raw33 from frozen Stage7L interaction_feat_style raw-equivalent report array,True,DEVELOPMENT_DIAGNOSTIC_EVIDENCE,COORDINATE_GEOMETRY_SHIFT_FAVORED
D0-C_SAME_HIDDEN_SEQUENCE_POOLING_STUDY,B_seed3407,B,3407,FROZEN_PROBE_ACROSS_VIEW,last,max,lateral,ego13.rms_yaw_rate,continuous,R2,-4.50778015555433,0.4738123639623018,0.3478453787893705,0.6046452929162766,True,True,False,400,80,79,"five-fold GroupKFold grouped by scenario_token; identical rows/folds/targets/ridge-logistic grid across views; paired loss CI uses 5,000 log-cluster bootstrap replicates",ego13 from frozen Stage7L ego_seq plus mask; raw33 from frozen Stage7L interaction_feat_style raw-equivalent report array,True,DEVELOPMENT_DIAGNOSTIC_EVIDENCE,COORDINATE_GEOMETRY_SHIFT_FAVORED
D0-C_SAME_HIDDEN_SEQUENCE_POOLING_STUDY,B_seed3407,B,3407,FROZEN_PROBE_ACROSS_VIEW,last,max,interaction,raw33.front_pressure_score,continuous,R2,0.5135822349630038,0.39909978481823205,0.24281808226811918,0.5881531203090761,True,True,False,400,80,79,"five-fold GroupKFold grouped by scenario_token; identical rows/folds/targets/ridge-logistic grid across views; paired loss CI uses 5,000 log-cluster bootstrap replicates",ego13 from frozen Stage7L ego_seq plus mask; raw33 from frozen Stage7L interaction_feat_style raw-equivalent report array,True,DEVELOPMENT_DIAGNOSTIC_EVIDENCE,INFORMATION_RETENTION_LOSS_FAVORED
D0-C_SAME_HIDDEN_SEQUENCE_POOLING_STUDY,B_seed3407,B,3407,FROZEN_PROBE_ACROSS_VIEW,last,max,lateral,raw33.lane_change_count_proxy,categorical,balanced_accuracy,0.5,0.11250879009260237,0.0,0.19741838141820905,False,False,False,400,80,79,"five-fold GroupKFold grouped by scenario_token; identical rows/folds/targets/ridge-logistic grid across views; paired loss CI uses 5,000 log-cluster bootstrap replicates",ego13 from frozen Stage7L ego_seq plus mask; raw33 from frozen Stage7L interaction_feat_style raw-equivalent report array,True,DEVELOPMENT_DIAGNOSTIC_EVIDENCE,NO_MATERIAL_RETENTION_LOSS_SUPPORTED
D0-C_SAME_HIDDEN_SEQUENCE_POOLING_STUDY,B_seed3407,B,3407,FROZEN_PROBE_ACROSS_VIEW,last,max,interaction,raw33.mean_front_distance,continuous,R2,0.2538799097653318,0.5775522343514469,0.48427606571833115,0.6921568168063611,True,True,False,400,80,79,"five-fold GroupKFold grouped by scenario_token; identical rows/folds/targets/ridge-logistic grid across views; paired loss CI uses 5,000 log-cluster bootstrap replicates",ego13 from frozen Stage7L ego_seq plus mask; raw33 from frozen Stage7L interaction_feat_style raw-equivalent report array,True,DEVELOPMENT_DIAGNOSTIC_EVIDENCE,INFORMATION_RETENTION_LOSS_FAVORED
D0-C_SAME_HIDDEN_SEQUENCE_POOLING_STUDY,B_seed3407,B,3407,FROZEN_PROBE_ACROSS_VIEW,last,max,interaction,raw33.mean_rel_speed,continuous,R2,-0.06546210094850391,0.6219330291471085,0.5249369307743451,0.7644339229156268,True,True,False,400,80,79,"five-fold GroupKFold grouped by scenario_token; identical rows/folds/targets/ridge-logistic grid across views; paired loss CI uses 5,000 log-cluster bootstrap replicates",ego13 from frozen Stage7L ego_seq plus mask; raw33 from frozen Stage7L interaction_feat_style raw-equivalent report array,True,DEVELOPMENT_DIAGNOSTIC_EVIDENCE,INFORMATION_RETENTION_LOSS_FAVORED
D0-C_SAME_HIDDEN_SEQUENCE_POOLING_STUDY,B_seed3407,B,3407,FROZEN_PROBE_ACROSS_VIEW,last,mean,longitudinal,ego13.end_minus_start_speed,continuous,R2,-1.7905830321976368,1.3903751333758032,1.1842227110095778,1.6888667543533067,True,True,False,400,80,79,"five-fold GroupKFold grouped by scenario_token; identical rows/folds/targets/ridge-logistic grid across views; paired loss CI uses 5,000 log-cluster bootstrap replicates",ego13 from frozen Stage7L ego_seq plus mask; raw33 from frozen Stage7L interaction_feat_style raw-equivalent report array,True,DEVELOPMENT_DIAGNOSTIC_EVIDENCE,REFIT_VIEW_GAIN_NOT_INFORMATION_LOSS
D0-C_SAME_HIDDEN_SEQUENCE_POOLING_STUDY,B_seed3407,B,3407,FROZEN_PROBE_ACROSS_VIEW,last,mean,lateral,ego13.heading_change_abs_total,continuous,R2,-0.5636261220270073,0.2682761669584634,0.07688704934462004,0.43282510768727717,True,True,False,400,80,79,"five-fold GroupKFold grouped by scenario_token; identical rows/folds/targets/ridge-logistic grid across views; paired loss CI uses 5,000 log-cluster bootstrap replicates",ego13 from frozen Stage7L ego_seq plus mask; raw33 from frozen Stage7L interaction_feat_style raw-equivalent report array,True,DEVELOPMENT_DIAGNOSTIC_EVIDENCE,COORDINATE_GEOMETRY_SHIFT_FAVORED
D0-C_SAME_HIDDEN_SEQUENCE_POOLING_STUDY,B_seed3407,B,3407,FROZEN_PROBE_ACROSS_VIEW,last,mean,longitudinal,ego13.mean_speed,continuous,R2,-5.591102545980535,2.1313017606041353,1.8545376668996165,2.5126046885383113,True,True,False,400,80,79,"five-fold GroupKFold grouped by scenario_token; identical rows/folds/targets/ridge-logistic grid across views; paired loss CI uses 5,000 log-cluster bootstrap replicates",ego13 from frozen Stage7L ego_seq plus mask; raw33 from frozen Stage7L interaction_feat_style raw-equivalent report array,True,DEVELOPMENT_DIAGNOSTIC_EVIDENCE,REFIT_VIEW_GAIN_NOT_INFORMATION_LOSS
D0-C_SAME_HIDDEN_SEQUENCE_POOLING_STUDY,B_seed3407,B,3407,FROZEN_PROBE_ACROSS_VIEW,last,mean,longitudinal,ego13.rms_accel,continuous,R2,0.09095471804213151,0.42247009256578855,0.30996172673404776,0.5946035107444905,True,True,False,400,80,79,"five-fold GroupKFold grouped by scenario_token; identical rows/folds/targets/ridge-logistic grid across views; paired loss CI uses 5,000 log-cluster bootstrap replicates",ego13 from frozen Stage7L ego_seq plus mask; raw33 from frozen Stage7L interaction_feat_style raw-equivalent report array,True,DEVELOPMENT_DIAGNOSTIC_EVIDENCE,COORDINATE_GEOMETRY_SHIFT_FAVORED
D0-C_SAME_HIDDEN_SEQUENCE_POOLING_STUDY,B_seed3407,B,3407,FROZEN_PROBE_ACROSS_VIEW,last,mean,lateral,ego13.rms_yaw_rate,continuous,R2,-0.5696756624272192,0.2949037025373229,0.0962514938516593,0.46122581021796544,True,True,False,400,80,79,"five-fold GroupKFold grouped by scenario_token; identical rows/folds/targets/ridge-logistic grid across views; paired loss CI uses 5,000 log-cluster bootstrap replicates",ego13 from frozen Stage7L ego_seq plus mask; raw33 from frozen Stage7L interaction_feat_style raw-equivalent report array,True,DEVELOPMENT_DIAGNOSTIC_EVIDENCE,COORDINATE_GEOMETRY_SHIFT_FAVORED
D0-C_SAME_HIDDEN_SEQUENCE_POOLING_STUDY,B_seed3407,B,3407,FROZEN_PROBE_ACROSS_VIEW,last,mean,interaction,raw33.front_pressure_score,continuous,R2,0.7637840707395228,0.26881349287666195,0.08404539296443057,0.41836260733979086,True,True,False,400,80,79,"five-fold GroupKFold grouped by scenario_token; identical rows/folds/targets/ridge-logistic grid across views; paired loss CI uses 5,000 log-cluster bootstrap replicates",ego13 from frozen Stage7L ego_seq plus mask; raw33 from frozen Stage7L interaction_feat_style raw-equivalent report array,True,DEVELOPMENT_DIAGNOSTIC_EVIDENCE,COORDINATE_GEOMETRY_SHIFT_FAVORED
D0-C_SAME_HIDDEN_SEQUENCE_POOLING_STUDY,B_seed3407,B,3407,FROZEN_PROBE_ACROSS_VIEW,last,mean,lateral,raw33.lane_change_count_proxy,categorical,balanced_accuracy,0.6388888888888888,0.0,0.0,0.0,False,False,False,400,80,79,"five-fold GroupKFold grouped by scenario_token; identical rows/folds/targets/ridge-logistic grid across views; paired loss CI uses 5,000 log-cluster bootstrap replicates",ego13 from frozen Stage7L ego_seq plus mask; raw33 from frozen Stage7L interaction_feat_style raw-equivalent report array,True,DEVELOPMENT_DIAGNOSTIC_EVIDENCE,NO_MATERIAL_RETENTION_LOSS_SUPPORTED
D0-C_SAME_HIDDEN_SEQUENCE_POOLING_STUDY,B_seed3407,B,3407,FROZEN_PROBE_ACROSS_VIEW,last,mean,interaction,raw33.mean_front_distance,continuous,R2,0.9482778052890869,0.12991455023238815,-0.0922230454903863,0.3348622926444363,False,False,False,400,80,79,"five-fold GroupKFold grouped by scenario_token; identical rows/folds/targets/ridge-logistic grid across views; paired loss CI uses 5,000 log-cluster bootstrap replicates",ego13 from frozen Stage7L ego_seq plus mask; raw33 from frozen Stage7L interaction_feat_style raw-equivalent report array,True,DEVELOPMENT_DIAGNOSTIC_EVIDENCE,NO_MATERIAL_RETENTION_LOSS_SUPPORTED
D0-C_SAME_HIDDEN_SEQUENCE_POOLING_STUDY,B_seed3407,B,3407,FROZEN_PROBE_ACROSS_VIEW,last,mean,interaction,raw33.mean_rel_speed,continuous,R2,0.901112263649483,-0.18320875357058997,-0.33288884773692884,0.03363312868054598,False,False,False,400,80,79,"five-fold GroupKFold grouped by scenario_token; identical rows/folds/targets/ridge-logistic grid across views; paired loss CI uses 5,000 log-cluster bootstrap replicates",ego13 from frozen Stage7L ego_seq plus mask; raw33 from frozen Stage7L interaction_feat_style raw-equivalent report array,True,DEVELOPMENT_DIAGNOSTIC_EVIDENCE,NO_MATERIAL_RETENTION_LOSS_SUPPORTED
D0-C_SAME_HIDDEN_SEQUENCE_POOLING_STUDY,B_seed3407,B,3407,SAME_CAPACITY_REFIT_PROBE_PER_VIEW,last,last,longitudinal,ego13.end_minus_start_speed,continuous,R2,0.8006616644871372,0.0,0.0,0.0,False,False,False,400,80,79,"five-fold GroupKFold grouped by scenario_token; identical rows/folds/targets/ridge-logistic grid across views; paired loss CI uses 5,000 log-cluster bootstrap replicates",ego13 from frozen Stage7L ego_seq plus mask; raw33 from frozen Stage7L interaction_feat_style raw-equivalent report array,False,DEVELOPMENT_DIAGNOSTIC_EVIDENCE,NO_MATERIAL_RETENTION_LOSS_SUPPORTED
D0-C_SAME_HIDDEN_SEQUENCE_POOLING_STUDY,B_seed3407,B,3407,SAME_CAPACITY_REFIT_PROBE_PER_VIEW,last,last,lateral,ego13.heading_change_abs_total,continuous,R2,0.0039608233044380325,0.0,0.0,0.0,False,False,False,400,80,79,"five-fold GroupKFold grouped by scenario_token; identical rows/folds/targets/ridge-logistic grid across views; paired loss CI uses 5,000 log-cluster bootstrap replicates",ego13 from frozen Stage7L ego_seq plus mask; raw33 from frozen Stage7L interaction_feat_style raw-equivalent report array,False,DEVELOPMENT_DIAGNOSTIC_EVIDENCE,NO_MATERIAL_RETENTION_LOSS_SUPPORTED
D0-C_SAME_HIDDEN_SEQUENCE_POOLING_STUDY,B_seed3407,B,3407,SAME_CAPACITY_REFIT_PROBE_PER_VIEW,last,last,longitudinal,ego13.mean_speed,continuous,R2,0.8917173459822911,0.0,0.0,0.0,False,False,False,400,80,79,"five-fold GroupKFold grouped by scenario_token; identical rows/folds/targets/ridge-logistic grid across views; paired loss CI uses 5,000 log-cluster bootstrap replicates",ego13 from frozen Stage7L ego_seq plus mask; raw33 from frozen Stage7L interaction_feat_style raw-equivalent report array,False,DEVELOPMENT_DIAGNOSTIC_EVIDENCE,NO_MATERIAL_RETENTION_LOSS_SUPPORTED
D0-C_SAME_HIDDEN_SEQUENCE_POOLING_STUDY,B_seed3407,B,3407,SAME_CAPACITY_REFIT_PROBE_PER_VIEW,last,last,longitudinal,ego13.rms_accel,continuous,R2,0.5190268808248172,0.0,0.0,0.0,False,False,False,400,80,79,"five-fold GroupKFold grouped by scenario_token; identical rows/folds/targets/ridge-logistic grid across views; paired loss CI uses 5,000 log-cluster bootstrap replicates",ego13 from frozen Stage7L ego_seq plus mask; raw33 from frozen Stage7L interaction_feat_style raw-equivalent report array,False,DEVELOPMENT_DIAGNOSTIC_EVIDENCE,NO_MATERIAL_RETENTION_LOSS_SUPPORTED
D0-C_SAME_HIDDEN_SEQUENCE_POOLING_STUDY,B_seed3407,B,3407,SAME_CAPACITY_REFIT_PROBE_PER_VIEW,last,last,lateral,ego13.rms_yaw_rate,continuous,R2,0.07661549211892571,0.0,0.0,0.0,False,False,False,400,80,79,"five-fold GroupKFold grouped by scenario_token; identical rows/folds/targets/ridge-logistic grid across views; paired loss CI uses 5,000 log-cluster bootstrap replicates",ego13 from frozen Stage7L ego_seq plus mask; raw33 from frozen Stage7L interaction_feat_style raw-equivalent report array,False,DEVELOPMENT_DIAGNOSTIC_EVIDENCE,NO_MATERIAL_RETENTION_LOSS_SUPPORTED
D0-C_SAME_HIDDEN_SEQUENCE_POOLING_STUDY,B_seed3407,B,3407,SAME_CAPACITY_REFIT_PROBE_PER_VIEW,last,last,interaction,raw33.front_pressure_score,continuous,R2,0.8630162374923294,0.0,0.0,0.0,False,False,False,400,80,79,"five-fold GroupKFold grouped by scenario_token; identical rows/folds/targets/ridge-logistic grid across views; paired loss CI uses 5,000 log-cluster bootstrap replicates",ego13 from frozen Stage7L ego_seq plus mask; raw33 from frozen Stage7L interaction_feat_style raw-equivalent report array,False,DEVELOPMENT_DIAGNOSTIC_EVIDENCE,NO_MATERIAL_RETENTION_LOSS_SUPPORTED
D0-C_SAME_HIDDEN_SEQUENCE_POOLING_STUDY,B_seed3407,B,3407,SAME_CAPACITY_REFIT_PROBE_PER_VIEW,last,last,lateral,raw33.lane_change_count_proxy,categorical,balanced_accuracy,0.6388888888888888,0.0,0.0,0.0,False,False,False,400,80,79,"five-fold GroupKFold grouped by scenario_token; identical rows/folds/targets/ridge-logistic grid across views; paired loss CI uses 5,000 log-cluster bootstrap replicates",ego13 from frozen Stage7L ego_seq plus mask; raw33 from frozen Stage7L interaction_feat_style raw-equivalent report array,False,DEVELOPMENT_DIAGNOSTIC_EVIDENCE,NO_MATERIAL_RETENTION_LOSS_SUPPORTED
D0-C_SAME_HIDDEN_SEQUENCE_POOLING_STUDY,B_seed3407,B,3407,SAME_CAPACITY_REFIT_PROBE_PER_VIEW,last,last,interaction,raw33.mean_front_distance,continuous,R2,0.9520442005184748,0.0,0.0,0.0,False,False,False,400,80,79,"five-fold GroupKFold grouped by scenario_token; identical rows/folds/targets/ridge-logistic grid across views; paired loss CI uses 5,000 log-cluster bootstrap replicates",ego13 from frozen Stage7L ego_seq plus mask; raw33 from frozen Stage7L interaction_feat_style raw-equivalent report array,False,DEVELOPMENT_DIAGNOSTIC_EVIDENCE,NO_MATERIAL_RETENTION_LOSS_SUPPORTED
D0-C_SAME_HIDDEN_SEQUENCE_POOLING_STUDY,B_seed3407,B,3407,SAME_CAPACITY_REFIT_PROBE_PER_VIEW,last,last,interaction,raw33.mean_rel_speed,continuous,R2,0.8820997110170915,0.0,0.0,0.0,False,False,False,400,80,79,"five-fold GroupKFold grouped by scenario_token; identical rows/folds/targets/ridge-logistic grid across views; paired loss CI uses 5,000 log-cluster bootstrap replicates",ego13 from frozen Stage7L ego_seq plus mask; raw33 from frozen Stage7L interaction_feat_style raw-equivalent report array,False,DEVELOPMENT_DIAGNOSTIC_EVIDENCE,NO_MATERIAL_RETENTION_LOSS_SUPPORTED
D0-C_SAME_HIDDEN_SEQUENCE_POOLING_STUDY,B_seed3407,B,3407,SAME_CAPACITY_REFIT_PROBE_PER_VIEW,last,max,longitudinal,ego13.end_minus_start_speed,continuous,R2,0.7591275533270335,0.06837280759646035,-0.13132259902016494,0.47452865674028755,False,False,False,400,80,79,"five-fold GroupKFold grouped by scenario_token; identical rows/folds/targets/ridge-logistic grid across views; paired loss CI uses 5,000 log-cluster bootstrap replicates",ego13 from frozen Stage7L ego_seq plus mask; raw33 from frozen Stage7L interaction_feat_style raw-equivalent report array,True,DEVELOPMENT_DIAGNOSTIC_EVIDENCE,COORDINATE_GEOMETRY_SHIFT_FAVORED
D0-C_SAME_HIDDEN_SEQUENCE_POOLING_STUDY,B_seed3407,B,3407,SAME_CAPACITY_REFIT_PROBE_PER_VIEW,last,max,lateral,ego13.heading_change_abs_total,continuous,R2,-0.08601502045598752,0.13414899637834057,-0.07798003890820597,0.36361068302045263,False,False,False,400,80,79,"five-fold GroupKFold grouped by scenario_token; identical rows/folds/targets/ridge-logistic grid across views; paired loss CI uses 5,000 log-cluster bootstrap replicates",ego13 from frozen Stage7L ego_seq plus mask; raw33 from frozen Stage7L interaction_feat_style raw-equivalent report array,True,DEVELOPMENT_DIAGNOSTIC_EVIDENCE,COORDINATE_GEOMETRY_SHIFT_FAVORED
D0-C_SAME_HIDDEN_SEQUENCE_POOLING_STUDY,B_seed3407,B,3407,SAME_CAPACITY_REFIT_PROBE_PER_VIEW,last,max,longitudinal,ego13.mean_speed,continuous,R2,0.7848111657649997,0.2893972758927528,0.08662945859149637,0.4885081956141001,True,True,False,400,80,79,"five-fold GroupKFold grouped by scenario_token; identical rows/folds/targets/ridge-logistic grid across views; paired loss CI uses 5,000 log-cluster bootstrap replicates",ego13 from frozen Stage7L ego_seq plus mask; raw33 from frozen Stage7L interaction_feat_style raw-equivalent report array,True,DEVELOPMENT_DIAGNOSTIC_EVIDENCE,INFORMATION_RETENTION_LOSS_FAVORED
D0-C_SAME_HIDDEN_SEQUENCE_POOLING_STUDY,B_seed3407,B,3407,SAME_CAPACITY_REFIT_PROBE_PER_VIEW,last,max,longitudinal,ego13.rms_accel,continuous,R2,0.6164270158384051,-0.08202690476506398,-0.2396495730372221,0.21603709037610955,False,False,False,400,80,79,"five-fold GroupKFold grouped by scenario_token; identical rows/folds/targets/ridge-logistic grid across views; paired loss CI uses 5,000 log-cluster bootstrap replicates",ego13 from frozen Stage7L ego_seq plus mask; raw33 from frozen Stage7L interaction_feat_style raw-equivalent report array,True,DEVELOPMENT_DIAGNOSTIC_EVIDENCE,COORDINATE_GEOMETRY_SHIFT_FAVORED
D0-C_SAME_HIDDEN_SEQUENCE_POOLING_STUDY,B_seed3407,B,3407,SAME_CAPACITY_REFIT_PROBE_PER_VIEW,last,max,lateral,ego13.rms_yaw_rate,continuous,R2,0.08157035519525413,0.003439602547884567,-0.2505553158375089,0.20299081257399507,False,False,False,400,80,79,"five-fold GroupKFold grouped by scenario_token; identical rows/folds/targets/ridge-logistic grid across views; paired loss CI uses 5,000 log-cluster bootstrap replicates",ego13 from frozen Stage7L ego_seq plus mask; raw33 from frozen Stage7L interaction_feat_style raw-equivalent report array,True,DEVELOPMENT_DIAGNOSTIC_EVIDENCE,COORDINATE_GEOMETRY_SHIFT_FAVORED
D0-C_SAME_HIDDEN_SEQUENCE_POOLING_STUDY,B_seed3407,B,3407,SAME_CAPACITY_REFIT_PROBE_PER_VIEW,last,max,interaction,raw33.front_pressure_score,continuous,R2,0.7449792783267198,0.23238457827078302,0.021177891031260238,0.42715637995318734,True,True,False,400,80,79,"five-fold GroupKFold grouped by scenario_token; identical rows/folds/targets/ridge-logistic grid across views; paired loss CI uses 5,000 log-cluster bootstrap replicates",ego13 from frozen Stage7L ego_seq plus mask; raw33 from frozen Stage7L interaction_feat_style raw-equivalent report array,True,DEVELOPMENT_DIAGNOSTIC_EVIDENCE,INFORMATION_RETENTION_LOSS_FAVORED
D0-C_SAME_HIDDEN_SEQUENCE_POOLING_STUDY,B_seed3407,B,3407,SAME_CAPACITY_REFIT_PROBE_PER_VIEW,last,max,lateral,raw33.lane_change_count_proxy,categorical,balanced_accuracy,0.49345549738219896,0.16014131520352343,0.0,0.2582872081659395,False,False,False,400,80,79,"five-fold GroupKFold grouped by scenario_token; identical rows/folds/targets/ridge-logistic grid across views; paired loss CI uses 5,000 log-cluster bootstrap replicates",ego13 from frozen Stage7L ego_seq plus mask; raw33 from frozen Stage7L interaction_feat_style raw-equivalent report array,True,DEVELOPMENT_DIAGNOSTIC_EVIDENCE,NO_MATERIAL_RETENTION_LOSS_SUPPORTED
D0-C_SAME_HIDDEN_SEQUENCE_POOLING_STUDY,B_seed3407,B,3407,SAME_CAPACITY_REFIT_PROBE_PER_VIEW,last,max,interaction,raw33.mean_front_distance,continuous,R2,0.6782023033152418,0.5498938509394045,0.4446001215634687,0.6879025357282138,True,True,False,400,80,79,"five-fold GroupKFold grouped by scenario_token; identical rows/folds/targets/ridge-logistic grid across views; paired loss CI uses 5,000 log-cluster bootstrap replicates",ego13 from frozen Stage7L ego_seq plus mask; raw33 from frozen Stage7L interaction_feat_style raw-equivalent report array,True,DEVELOPMENT_DIAGNOSTIC_EVIDENCE,INFORMATION_RETENTION_LOSS_FAVORED
D0-C_SAME_HIDDEN_SEQUENCE_POOLING_STUDY,B_seed3407,B,3407,SAME_CAPACITY_REFIT_PROBE_PER_VIEW,last,max,interaction,raw33.mean_rel_speed,continuous,R2,0.7233624145612076,0.3610217674602156,0.22001500407607152,0.5030964370918215,True,True,False,400,80,79,"five-fold GroupKFold grouped by scenario_token; identical rows/folds/targets/ridge-logistic grid across views; paired loss CI uses 5,000 log-cluster bootstrap replicates",ego13 from frozen Stage7L ego_seq plus mask; raw33 from frozen Stage7L interaction_feat_style raw-equivalent report array,True,DEVELOPMENT_DIAGNOSTIC_EVIDENCE,INFORMATION_RETENTION_LOSS_FAVORED
D0-C_SAME_HIDDEN_SEQUENCE_POOLING_STUDY,B_seed3407,B,3407,SAME_CAPACITY_REFIT_PROBE_PER_VIEW,last,mean,longitudinal,ego13.end_minus_start_speed,continuous,R2,0.9093887989255769,-0.21162723664186833,-0.3781352011850158,-0.13884995777230025,True,False,True,400,80,79,"five-fold GroupKFold grouped by scenario_token; identical rows/folds/targets/ridge-logistic grid across views; paired loss CI uses 5,000 log-cluster bootstrap replicates",ego13 from frozen Stage7L ego_seq plus mask; raw33 from frozen Stage7L interaction_feat_style raw-equivalent report array,True,DEVELOPMENT_DIAGNOSTIC_EVIDENCE,REFIT_VIEW_GAIN_NOT_INFORMATION_LOSS
D0-C_SAME_HIDDEN_SEQUENCE_POOLING_STUDY,B_seed3407,B,3407,SAME_CAPACITY_REFIT_PROBE_PER_VIEW,last,mean,lateral,ego13.heading_change_abs_total,continuous,R2,0.05006937637934317,-0.050554815179716016,-0.3373375320686337,0.1361550025160746,False,False,False,400,80,79,"five-fold GroupKFold grouped by scenario_token; identical rows/folds/targets/ridge-logistic grid across views; paired loss CI uses 5,000 log-cluster bootstrap replicates",ego13 from frozen Stage7L ego_seq plus mask; raw33 from frozen Stage7L interaction_feat_style raw-equivalent report array,True,DEVELOPMENT_DIAGNOSTIC_EVIDENCE,COORDINATE_GEOMETRY_SHIFT_FAVORED
D0-C_SAME_HIDDEN_SEQUENCE_POOLING_STUDY,B_seed3407,B,3407,SAME_CAPACITY_REFIT_PROBE_PER_VIEW,last,mean,longitudinal,ego13.mean_speed,continuous,R2,0.9715694416650952,-0.2993733981377524,-0.427655873042451,-0.18254053337556128,True,False,True,400,80,79,"five-fold GroupKFold grouped by scenario_token; identical rows/folds/targets/ridge-logistic grid across views; paired loss CI uses 5,000 log-cluster bootstrap replicates",ego13 from frozen Stage7L ego_seq plus mask; raw33 from frozen Stage7L interaction_feat_style raw-equivalent report array,True,DEVELOPMENT_DIAGNOSTIC_EVIDENCE,REFIT_VIEW_GAIN_NOT_INFORMATION_LOSS
D0-C_SAME_HIDDEN_SEQUENCE_POOLING_STUDY,B_seed3407,B,3407,SAME_CAPACITY_REFIT_PROBE_PER_VIEW,last,mean,longitudinal,ego13.rms_accel,continuous,R2,0.6736259982591544,-0.18039981867716587,-0.3212585387292542,0.01479287704281233,False,False,False,400,80,79,"five-fold GroupKFold grouped by scenario_token; identical rows/folds/targets/ridge-logistic grid across views; paired loss CI uses 5,000 log-cluster bootstrap replicates",ego13 from frozen Stage7L ego_seq plus mask; raw33 from frozen Stage7L interaction_feat_style raw-equivalent report array,True,DEVELOPMENT_DIAGNOSTIC_EVIDENCE,COORDINATE_GEOMETRY_SHIFT_FAVORED
D0-C_SAME_HIDDEN_SEQUENCE_POOLING_STUDY,B_seed3407,B,3407,SAME_CAPACITY_REFIT_PROBE_PER_VIEW,last,mean,lateral,ego13.rms_yaw_rate,continuous,R2,0.2610279114900387,-0.14339615973496936,-0.3132391303430512,0.08165402964571263,False,False,False,400,80,79,"five-fold GroupKFold grouped by scenario_token; identical rows/folds/targets/ridge-logistic grid across views; paired loss CI uses 5,000 log-cluster bootstrap replicates",ego13 from frozen Stage7L ego_seq plus mask; raw33 from frozen Stage7L interaction_feat_style raw-equivalent report array,True,DEVELOPMENT_DIAGNOSTIC_EVIDENCE,COORDINATE_GEOMETRY_SHIFT_FAVORED
D0-C_SAME_HIDDEN_SEQUENCE_POOLING_STUDY,B_seed3407,B,3407,SAME_CAPACITY_REFIT_PROBE_PER_VIEW,last,mean,interaction,raw33.front_pressure_score,continuous,R2,0.8602845132044421,0.01736048174210176,-0.21259806065495507,0.23154208131192922,False,False,False,400,80,79,"five-fold GroupKFold grouped by scenario_token; identical rows/folds/targets/ridge-logistic grid across views; paired loss CI uses 5,000 log-cluster bootstrap replicates",ego13 from frozen Stage7L ego_seq plus mask; raw33 from frozen Stage7L interaction_feat_style raw-equivalent report array,True,DEVELOPMENT_DIAGNOSTIC_EVIDENCE,COORDINATE_GEOMETRY_SHIFT_FAVORED
D0-C_SAME_HIDDEN_SEQUENCE_POOLING_STUDY,B_seed3407,B,3407,SAME_CAPACITY_REFIT_PROBE_PER_VIEW,last,mean,lateral,raw33.lane_change_count_proxy,categorical,balanced_accuracy,0.9166666666666667,-0.16014131520352343,-0.2582872081659395,0.0,False,False,False,400,80,79,"five-fold GroupKFold grouped by scenario_token; identical rows/folds/targets/ridge-logistic grid across views; paired loss CI uses 5,000 log-cluster bootstrap replicates",ego13 from frozen Stage7L ego_seq plus mask; raw33 from frozen Stage7L interaction_feat_style raw-equivalent report array,True,DEVELOPMENT_DIAGNOSTIC_EVIDENCE,NO_MATERIAL_RETENTION_LOSS_SUPPORTED
D0-C_SAME_HIDDEN_SEQUENCE_POOLING_STUDY,B_seed3407,B,3407,SAME_CAPACITY_REFIT_PROBE_PER_VIEW,last,mean,interaction,raw33.mean_front_distance,continuous,R2,0.9550516293482348,-0.09813055132560314,-0.34477752362372066,0.11363349349618464,False,False,False,400,80,79,"five-fold GroupKFold grouped by scenario_token; identical rows/folds/targets/ridge-logistic grid across views; paired loss CI uses 5,000 log-cluster bootstrap replicates",ego13 from frozen Stage7L ego_seq plus mask; raw33 from frozen Stage7L interaction_feat_style raw-equivalent report array,True,DEVELOPMENT_DIAGNOSTIC_EVIDENCE,NO_MATERIAL_RETENTION_LOSS_SUPPORTED
D0-C_SAME_HIDDEN_SEQUENCE_POOLING_STUDY,B_seed3407,B,3407,SAME_CAPACITY_REFIT_PROBE_PER_VIEW,last,mean,interaction,raw33.mean_rel_speed,continuous,R2,0.910509556926834,-0.11259792349779525,-0.351007019581407,0.09718674927956401,False,False,False,400,80,79,"five-fold GroupKFold grouped by scenario_token; identical rows/folds/targets/ridge-logistic grid across views; paired loss CI uses 5,000 log-cluster bootstrap replicates",ego13 from frozen Stage7L ego_seq plus mask; raw33 from frozen Stage7L interaction_feat_style raw-equivalent report array,True,DEVELOPMENT_DIAGNOSTIC_EVIDENCE,NO_MATERIAL_RETENTION_LOSS_SUPPORTED
D0-C_SAME_HIDDEN_SEQUENCE_POOLING_STUDY,B_seed3408,B,3408,FROZEN_PROBE_ACROSS_VIEW,last,last,longitudinal,ego13.end_minus_start_speed,continuous,R2,0.7423336662303608,0.0,0.0,0.0,False,False,False,400,80,79,"five-fold GroupKFold grouped by scenario_token; identical rows/folds/targets/ridge-logistic grid across views; paired loss CI uses 5,000 log-cluster bootstrap replicates",ego13 from frozen Stage7L ego_seq plus mask; raw33 from frozen Stage7L interaction_feat_style raw-equivalent report array,False,DEVELOPMENT_DIAGNOSTIC_EVIDENCE,NO_MATERIAL_RETENTION_LOSS_SUPPORTED
D0-C_SAME_HIDDEN_SEQUENCE_POOLING_STUDY,B_seed3408,B,3408,FROZEN_PROBE_ACROSS_VIEW,last,last,lateral,ego13.heading_change_abs_total,continuous,R2,-0.0015223349927098173,0.0,0.0,0.0,False,False,False,400,80,79,"five-fold GroupKFold grouped by scenario_token; identical rows/folds/targets/ridge-logistic grid across views; paired loss CI uses 5,000 log-cluster bootstrap replicates",ego13 from frozen Stage7L ego_seq plus mask; raw33 from frozen Stage7L interaction_feat_style raw-equivalent report array,False,DEVELOPMENT_DIAGNOSTIC_EVIDENCE,NO_MATERIAL_RETENTION_LOSS_SUPPORTED
D0-C_SAME_HIDDEN_SEQUENCE_POOLING_STUDY,B_seed3408,B,3408,FROZEN_PROBE_ACROSS_VIEW,last,last,longitudinal,ego13.mean_speed,continuous,R2,0.903227002073126,0.0,0.0,0.0,False,False,False,400,80,79,"five-fold GroupKFold grouped by scenario_token; identical rows/folds/targets/ridge-logistic grid across views; paired loss CI uses 5,000 log-cluster bootstrap replicates",ego13 from frozen Stage7L ego_seq plus mask; raw33 from frozen Stage7L interaction_feat_style raw-equivalent report array,False,DEVELOPMENT_DIAGNOSTIC_EVIDENCE,NO_MATERIAL_RETENTION_LOSS_SUPPORTED
D0-C_SAME_HIDDEN_SEQUENCE_POOLING_STUDY,B_seed3408,B,3408,FROZEN_PROBE_ACROSS_VIEW,last,last,longitudinal,ego13.rms_accel,continuous,R2,0.5166624140049668,0.0,0.0,0.0,False,False,False,400,80,79,"five-fold GroupKFold grouped by scenario_token; identical rows/folds/targets/ridge-logistic grid across views; paired loss CI uses 5,000 log-cluster bootstrap replicates",ego13 from frozen Stage7L ego_seq plus mask; raw33 from frozen Stage7L interaction_feat_style raw-equivalent report array,False,DEVELOPMENT_DIAGNOSTIC_EVIDENCE,NO_MATERIAL_RETENTION_LOSS_SUPPORTED
D0-C_SAME_HIDDEN_SEQUENCE_POOLING_STUDY,B_seed3408,B,3408,FROZEN_PROBE_ACROSS_VIEW,last,last,lateral,ego13.rms_yaw_rate,continuous,R2,0.13951050493148243,0.0,0.0,0.0,False,False,False,400,80,79,"five-fold GroupKFold grouped by scenario_token; identical rows/folds/targets/ridge-logistic grid across views; paired loss CI uses 5,000 log-cluster bootstrap replicates",ego13 from frozen Stage7L ego_seq plus mask; raw33 from frozen Stage7L interaction_feat_style raw-equivalent report array,False,DEVELOPMENT_DIAGNOSTIC_EVIDENCE,NO_MATERIAL_RETENTION_LOSS_SUPPORTED
D0-C_SAME_HIDDEN_SEQUENCE_POOLING_STUDY,B_seed3408,B,3408,FROZEN_PROBE_ACROSS_VIEW,last,last,interaction,raw33.front_pressure_score,continuous,R2,0.8699742593382003,0.0,0.0,0.0,False,False,False,400,80,79,"five-fold GroupKFold grouped by scenario_token; identical rows/folds/targets/ridge-logistic grid across views; paired loss CI uses 5,000 log-cluster bootstrap replicates",ego13 from frozen Stage7L ego_seq plus mask; raw33 from frozen Stage7L interaction_feat_style raw-equivalent report array,False,DEVELOPMENT_DIAGNOSTIC_EVIDENCE,NO_MATERIAL_RETENTION_LOSS_SUPPORTED
D0-C_SAME_HIDDEN_SEQUENCE_POOLING_STUDY,B_seed3408,B,3408,FROZEN_PROBE_ACROSS_VIEW,last,last,lateral,raw33.lane_change_count_proxy,categorical,balanced_accuracy,0.6388888888888888,0.0,0.0,0.0,False,False,False,400,80,79,"five-fold GroupKFold grouped by scenario_token; identical rows/folds/targets/ridge-logistic grid across views; paired loss CI uses 5,000 log-cluster bootstrap replicates",ego13 from frozen Stage7L ego_seq plus mask; raw33 from frozen Stage7L interaction_feat_style raw-equivalent report array,False,DEVELOPMENT_DIAGNOSTIC_EVIDENCE,NO_MATERIAL_RETENTION_LOSS_SUPPORTED
D0-C_SAME_HIDDEN_SEQUENCE_POOLING_STUDY,B_seed3408,B,3408,FROZEN_PROBE_ACROSS_VIEW,last,last,interaction,raw33.mean_front_distance,continuous,R2,0.952250264783401,0.0,0.0,0.0,False,False,False,400,80,79,"five-fold GroupKFold grouped by scenario_token; identical rows/folds/targets/ridge-logistic grid across views; paired loss CI uses 5,000 log-cluster bootstrap replicates",ego13 from frozen Stage7L ego_seq plus mask; raw33 from frozen Stage7L interaction_feat_style raw-equivalent report array,False,DEVELOPMENT_DIAGNOSTIC_EVIDENCE,NO_MATERIAL_RETENTION_LOSS_SUPPORTED
D0-C_SAME_HIDDEN_SEQUENCE_POOLING_STUDY,B_seed3408,B,3408,FROZEN_PROBE_ACROSS_VIEW,last,last,interaction,raw33.mean_rel_speed,continuous,R2,0.8636532012699532,0.0,0.0,0.0,False,False,False,400,80,79,"five-fold GroupKFold grouped by scenario_token; identical rows/folds/targets/ridge-logistic grid across views; paired loss CI uses 5,000 log-cluster bootstrap replicates",ego13 from frozen Stage7L ego_seq plus mask; raw33 from frozen Stage7L interaction_feat_style raw-equivalent report array,False,DEVELOPMENT_DIAGNOSTIC_EVIDENCE,NO_MATERIAL_RETENTION_LOSS_SUPPORTED
D0-C_SAME_HIDDEN_SEQUENCE_POOLING_STUDY,B_seed3408,B,3408,FROZEN_PROBE_ACROSS_VIEW,last,max,longitudinal,ego13.end_minus_start_speed,continuous,R2,-32.86335879596816,0.8148197804066653,0.6901392444774062,0.9706592323591373,True,True,False,400,80,79,"five-fold GroupKFold grouped by scenario_token; identical rows/folds/targets/ridge-logistic grid across views; paired loss CI uses 5,000 log-cluster bootstrap replicates",ego13 from frozen Stage7L ego_seq plus mask; raw33 from frozen Stage7L interaction_feat_style raw-equivalent report array,True,DEVELOPMENT_DIAGNOSTIC_EVIDENCE,COORDINATE_GEOMETRY_SHIFT_FAVORED
D0-C_SAME_HIDDEN_SEQUENCE_POOLING_STUDY,B_seed3408,B,3408,FROZEN_PROBE_ACROSS_VIEW,last,max,lateral,ego13.heading_change_abs_total,continuous,R2,0.004455923018648722,-0.009987657089448114,-0.2038239241200876,0.2580078428044728,False,False,False,400,80,79,"five-fold GroupKFold grouped by scenario_token; identical rows/folds/targets/ridge-logistic grid across views; paired loss CI uses 5,000 log-cluster bootstrap replicates",ego13 from frozen Stage7L ego_seq plus mask; raw33 from frozen Stage7L interaction_feat_style raw-equivalent report array,True,DEVELOPMENT_DIAGNOSTIC_EVIDENCE,NO_MATERIAL_RETENTION_LOSS_SUPPORTED
D0-C_SAME_HIDDEN_SEQUENCE_POOLING_STUDY,B_seed3408,B,3408,FROZEN_PROBE_ACROSS_VIEW,last,max,longitudinal,ego13.mean_speed,continuous,R2,-83.2918070273196,1.7570974302870197,1.5112289158884642,2.1000596531147604,True,True,False,400,80,79,"five-fold GroupKFold grouped by scenario_token; identical rows/folds/targets/ridge-logistic grid across views; paired loss CI uses 5,000 log-cluster bootstrap replicates",ego13 from frozen Stage7L ego_seq plus mask; raw33 from frozen Stage7L interaction_feat_style raw-equivalent report array,True,DEVELOPMENT_DIAGNOSTIC_EVIDENCE,INFORMATION_RETENTION_LOSS_FAVORED
D0-C_SAME_HIDDEN_SEQUENCE_POOLING_STUDY,B_seed3408,B,3408,FROZEN_PROBE_ACROSS_VIEW,last,max,longitudinal,ego13.rms_accel,continuous,R2,-43.34564174237223,0.6660584485348185,0.5517255303304881,0.8058091673691713,True,True,False,400,80,79,"five-fold GroupKFold grouped by scenario_token; identical rows/folds/targets/ridge-logistic grid across views; paired loss CI uses 5,000 log-cluster bootstrap replicates",ego13 from frozen Stage7L ego_seq plus mask; raw33 from frozen Stage7L interaction_feat_style raw-equivalent report array,True,DEVELOPMENT_DIAGNOSTIC_EVIDENCE,REFIT_VIEW_GAIN_NOT_INFORMATION_LOSS
D0-C_SAME_HIDDEN_SEQUENCE_POOLING_STUDY,B_seed3408,B,3408,FROZEN_PROBE_ACROSS_VIEW,last,max,lateral,ego13.rms_yaw_rate,continuous,R2,-23.35652329631865,1.188731902643412,1.0268283806650313,1.3936518692439,True,True,False,400,80,79,"five-fold GroupKFold grouped by scenario_token; identical rows/folds/targets/ridge-logistic grid across views; paired loss CI uses 5,000 log-cluster bootstrap replicates",ego13 from frozen Stage7L ego_seq plus mask; raw33 from frozen Stage7L interaction_feat_style raw-equivalent report array,True,DEVELOPMENT_DIAGNOSTIC_EVIDENCE,COORDINATE_GEOMETRY_SHIFT_FAVORED
D0-C_SAME_HIDDEN_SEQUENCE_POOLING_STUDY,B_seed3408,B,3408,FROZEN_PROBE_ACROSS_VIEW,last,max,interaction,raw33.front_pressure_score,continuous,R2,0.3761380452139642,0.6744680063817604,0.39276837980582663,1.140955267303778,True,True,False,400,80,79,"five-fold GroupKFold grouped by scenario_token; identical rows/folds/targets/ridge-logistic grid across views; paired loss CI uses 5,000 log-cluster bootstrap replicates",ego13 from frozen Stage7L ego_seq plus mask; raw33 from frozen Stage7L interaction_feat_style raw-equivalent report array,True,DEVELOPMENT_DIAGNOSTIC_EVIDENCE,INFORMATION_RETENTION_LOSS_FAVORED
D0-C_SAME_HIDDEN_SEQUENCE_POOLING_STUDY,B_seed3408,B,3408,FROZEN_PROBE_ACROSS_VIEW,last,max,lateral,raw33.lane_change_count_proxy,categorical,balanced_accuracy,0.5,0.11250879009260237,0.0,0.19741838141820905,False,False,False,400,80,79,"five-fold GroupKFold grouped by scenario_token; identical rows/folds/targets/ridge-logistic grid across views; paired loss CI uses 5,000 log-cluster bootstrap replicates",ego13 from frozen Stage7L ego_seq plus mask; raw33 from frozen Stage7L interaction_feat_style raw-equivalent report array,True,DEVELOPMENT_DIAGNOSTIC_EVIDENCE,REFIT_SPLIT_OR_CALIBRATION_ANOMALY_REVIEW
D0-C_SAME_HIDDEN_SEQUENCE_POOLING_STUDY,B_seed3408,B,3408,FROZEN_PROBE_ACROSS_VIEW,last,max,interaction,raw33.mean_front_distance,continuous,R2,0.5787445831752955,0.9746464328465951,0.7809444924035274,1.2334682715284169,True,True,False,400,80,79,"five-fold GroupKFold grouped by scenario_token; identical rows/folds/targets/ridge-logistic grid across views; paired loss CI uses 5,000 log-cluster bootstrap replicates",ego13 from frozen Stage7L ego_seq plus mask; raw33 from frozen Stage7L interaction_feat_style raw-equivalent report array,True,DEVELOPMENT_DIAGNOSTIC_EVIDENCE,INFORMATION_RETENTION_LOSS_FAVORED
D0-C_SAME_HIDDEN_SEQUENCE_POOLING_STUDY,B_seed3408,B,3408,FROZEN_PROBE_ACROSS_VIEW,last,max,interaction,raw33.mean_rel_speed,continuous,R2,-2.995831628504969,0.5010202443047651,0.39281460410694785,0.6225958482198247,True,True,False,400,80,79,"five-fold GroupKFold grouped by scenario_token; identical rows/folds/targets/ridge-logistic grid across views; paired loss CI uses 5,000 log-cluster bootstrap replicates",ego13 from frozen Stage7L ego_seq plus mask; raw33 from frozen Stage7L interaction_feat_style raw-equivalent report array,True,DEVELOPMENT_DIAGNOSTIC_EVIDENCE,COORDINATE_GEOMETRY_SHIFT_FAVORED
D0-C_SAME_HIDDEN_SEQUENCE_POOLING_STUDY,B_seed3408,B,3408,FROZEN_PROBE_ACROSS_VIEW,last,mean,longitudinal,ego13.end_minus_start_speed,continuous,R2,0.3770121198848101,0.40023947180218367,0.22302167095437694,0.5781442080161531,True,True,False,400,80,79,"five-fold GroupKFold grouped by scenario_token; identical rows/folds/targets/ridge-logistic grid across views; paired loss CI uses 5,000 log-cluster bootstrap replicates",ego13 from frozen Stage7L ego_seq plus mask; raw33 from frozen Stage7L interaction_feat_style raw-equivalent report array,True,DEVELOPMENT_DIAGNOSTIC_EVIDENCE,REFIT_VIEW_GAIN_NOT_INFORMATION_LOSS
D0-C_SAME_HIDDEN_SEQUENCE_POOLING_STUDY,B_seed3408,B,3408,FROZEN_PROBE_ACROSS_VIEW,last,mean,lateral,ego13.heading_change_abs_total,continuous,R2,-0.002348771556270446,0.03917411240397789,-0.20861590682141332,0.22980097781113687,False,False,False,400,80,79,"five-fold GroupKFold grouped by scenario_token; identical rows/folds/targets/ridge-logistic grid across views; paired loss CI uses 5,000 log-cluster bootstrap replicates",ego13 from frozen Stage7L ego_seq plus mask; raw33 from frozen Stage7L interaction_feat_style raw-equivalent report array,True,DEVELOPMENT_DIAGNOSTIC_EVIDENCE,NO_MATERIAL_RETENTION_LOSS_SUPPORTED
D0-C_SAME_HIDDEN_SEQUENCE_POOLING_STUDY,B_seed3408,B,3408,FROZEN_PROBE_ACROSS_VIEW,last,mean,longitudinal,ego13.mean_speed,continuous,R2,-0.9471481823794246,0.8013424490025276,0.6827537674440657,0.9496870349305468,True,True,False,400,80,79,"five-fold GroupKFold grouped by scenario_token; identical rows/folds/targets/ridge-logistic grid across views; paired loss CI uses 5,000 log-cluster bootstrap replicates",ego13 from frozen Stage7L ego_seq plus mask; raw33 from frozen Stage7L interaction_feat_style raw-equivalent report array,True,DEVELOPMENT_DIAGNOSTIC_EVIDENCE,COORDINATE_GEOMETRY_SHIFT_FAVORED
D0-C_SAME_HIDDEN_SEQUENCE_POOLING_STUDY,B_seed3408,B,3408,FROZEN_PROBE_ACROSS_VIEW,last,mean,longitudinal,ego13.rms_accel,continuous,R2,-0.922002681877703,0.4844063373432462,0.3406868005798441,0.6252157444895476,True,True,False,400,80,79,"five-fold GroupKFold grouped by scenario_token; identical rows/folds/targets/ridge-logistic grid across views; paired loss CI uses 5,000 log-cluster bootstrap replicates",ego13 from frozen Stage7L ego_seq plus mask; raw33 from frozen Stage7L interaction_feat_style raw-equivalent report array,True,DEVELOPMENT_DIAGNOSTIC_EVIDENCE,COORDINATE_GEOMETRY_SHIFT_FAVORED
D0-C_SAME_HIDDEN_SEQUENCE_POOLING_STUDY,B_seed3408,B,3408,FROZEN_PROBE_ACROSS_VIEW,last,mean,lateral,ego13.rms_yaw_rate,continuous,R2,-0.4979509983903976,0.31849326554449015,0.12011986041654976,0.5116577735182527,True,True,False,400,80,79,"five-fold GroupKFold grouped by scenario_token; identical rows/folds/targets/ridge-logistic grid across views; paired loss CI uses 5,000 log-cluster bootstrap replicates",ego13 from frozen Stage7L ego_seq plus mask; raw33 from frozen Stage7L interaction_feat_style raw-equivalent report array,True,DEVELOPMENT_DIAGNOSTIC_EVIDENCE,COORDINATE_GEOMETRY_SHIFT_FAVORED
D0-C_SAME_HIDDEN_SEQUENCE_POOLING_STUDY,B_seed3408,B,3408,FROZEN_PROBE_ACROSS_VIEW,last,mean,interaction,raw33.front_pressure_score,continuous,R2,0.8681605203057577,0.011930506677678433,-0.17417770998914717,0.31613308818149327,False,False,False,400,80,79,"five-fold GroupKFold grouped by scenario_token; identical rows/folds/targets/ridge-logistic grid across views; paired loss CI uses 5,000 log-cluster bootstrap replicates",ego13 from frozen Stage7L ego_seq plus mask; raw33 from frozen Stage7L interaction_feat_style raw-equivalent report array,True,DEVELOPMENT_DIAGNOSTIC_EVIDENCE,NO_MATERIAL_RETENTION_LOSS_SUPPORTED
D0-C_SAME_HIDDEN_SEQUENCE_POOLING_STUDY,B_seed3408,B,3408,FROZEN_PROBE_ACROSS_VIEW,last,mean,lateral,raw33.lane_change_count_proxy,categorical,balanced_accuracy,0.6388888888888888,0.0,0.0,0.0,False,False,False,400,80,79,"five-fold GroupKFold grouped by scenario_token; identical rows/folds/targets/ridge-logistic grid across views; paired loss CI uses 5,000 log-cluster bootstrap replicates",ego13 from frozen Stage7L ego_seq plus mask; raw33 from frozen Stage7L interaction_feat_style raw-equivalent report array,True,DEVELOPMENT_DIAGNOSTIC_EVIDENCE,NO_MATERIAL_RETENTION_LOSS_SUPPORTED
D0-C_SAME_HIDDEN_SEQUENCE_POOLING_STUDY,B_seed3408,B,3408,FROZEN_PROBE_ACROSS_VIEW,last,mean,interaction,raw33.mean_front_distance,continuous,R2,0.9392423031880484,0.23827302655678567,0.02684006267371615,0.44282489665431385,True,True,False,400,80,79,"five-fold GroupKFold grouped by scenario_token; identical rows/folds/targets/ridge-logistic grid across views; paired loss CI uses 5,000 log-cluster bootstrap replicates",ego13 from frozen Stage7L ego_seq plus mask; raw33 from frozen Stage7L interaction_feat_style raw-equivalent report array,True,DEVELOPMENT_DIAGNOSTIC_EVIDENCE,COORDINATE_GEOMETRY_SHIFT_FAVORED
D0-C_SAME_HIDDEN_SEQUENCE_POOLING_STUDY,B_seed3408,B,3408,FROZEN_PROBE_ACROSS_VIEW,last,mean,interaction,raw33.mean_rel_speed,continuous,R2,0.881544099084133,-0.10341740093350381,-0.2624571020266264,0.15427157174890277,False,False,False,400,80,79,"five-fold GroupKFold grouped by scenario_token; identical rows/folds/targets/ridge-logistic grid across views; paired loss CI uses 5,000 log-cluster bootstrap replicates",ego13 from frozen Stage7L ego_seq plus mask; raw33 from frozen Stage7L interaction_feat_style raw-equivalent report array,True,DEVELOPMENT_DIAGNOSTIC_EVIDENCE,NO_MATERIAL_RETENTION_LOSS_SUPPORTED
D0-C_SAME_HIDDEN_SEQUENCE_POOLING_STUDY,B_seed3408,B,3408,SAME_CAPACITY_REFIT_PROBE_PER_VIEW,last,last,longitudinal,ego13.end_minus_start_speed,continuous,R2,0.7423336662303608,0.0,0.0,0.0,False,False,False,400,80,79,"five-fold GroupKFold grouped by scenario_token; identical rows/folds/targets/ridge-logistic grid across views; paired loss CI uses 5,000 log-cluster bootstrap replicates",ego13 from frozen Stage7L ego_seq plus mask; raw33 from frozen Stage7L interaction_feat_style raw-equivalent report array,False,DEVELOPMENT_DIAGNOSTIC_EVIDENCE,NO_MATERIAL_RETENTION_LOSS_SUPPORTED
D0-C_SAME_HIDDEN_SEQUENCE_POOLING_STUDY,B_seed3408,B,3408,SAME_CAPACITY_REFIT_PROBE_PER_VIEW,last,last,lateral,ego13.heading_change_abs_total,continuous,R2,-0.0015223349927098173,0.0,0.0,0.0,False,False,False,400,80,79,"five-fold GroupKFold grouped by scenario_token; identical rows/folds/targets/ridge-logistic grid across views; paired loss CI uses 5,000 log-cluster bootstrap replicates",ego13 from frozen Stage7L ego_seq plus mask; raw33 from frozen Stage7L interaction_feat_style raw-equivalent report array,False,DEVELOPMENT_DIAGNOSTIC_EVIDENCE,NO_MATERIAL_RETENTION_LOSS_SUPPORTED
D0-C_SAME_HIDDEN_SEQUENCE_POOLING_STUDY,B_seed3408,B,3408,SAME_CAPACITY_REFIT_PROBE_PER_VIEW,last,last,longitudinal,ego13.mean_speed,continuous,R2,0.903227002073126,0.0,0.0,0.0,False,False,False,400,80,79,"five-fold GroupKFold grouped by scenario_token; identical rows/folds/targets/ridge-logistic grid across views; paired loss CI uses 5,000 log-cluster bootstrap replicates",ego13 from frozen Stage7L ego_seq plus mask; raw33 from frozen Stage7L interaction_feat_style raw-equivalent report array,False,DEVELOPMENT_DIAGNOSTIC_EVIDENCE,NO_MATERIAL_RETENTION_LOSS_SUPPORTED
D0-C_SAME_HIDDEN_SEQUENCE_POOLING_STUDY,B_seed3408,B,3408,SAME_CAPACITY_REFIT_PROBE_PER_VIEW,last,last,longitudinal,ego13.rms_accel,continuous,R2,0.5166624140049668,0.0,0.0,0.0,False,False,False,400,80,79,"five-fold GroupKFold grouped by scenario_token; identical rows/folds/targets/ridge-logistic grid across views; paired loss CI uses 5,000 log-cluster bootstrap replicates",ego13 from frozen Stage7L ego_seq plus mask; raw33 from frozen Stage7L interaction_feat_style raw-equivalent report array,False,DEVELOPMENT_DIAGNOSTIC_EVIDENCE,NO_MATERIAL_RETENTION_LOSS_SUPPORTED
D0-C_SAME_HIDDEN_SEQUENCE_POOLING_STUDY,B_seed3408,B,3408,SAME_CAPACITY_REFIT_PROBE_PER_VIEW,last,last,lateral,ego13.rms_yaw_rate,continuous,R2,0.13951050493148243,0.0,0.0,0.0,False,False,False,400,80,79,"five-fold GroupKFold grouped by scenario_token; identical rows/folds/targets/ridge-logistic grid across views; paired loss CI uses 5,000 log-cluster bootstrap replicates",ego13 from frozen Stage7L ego_seq plus mask; raw33 from frozen Stage7L interaction_feat_style raw-equivalent report array,False,DEVELOPMENT_DIAGNOSTIC_EVIDENCE,NO_MATERIAL_RETENTION_LOSS_SUPPORTED
D0-C_SAME_HIDDEN_SEQUENCE_POOLING_STUDY,B_seed3408,B,3408,SAME_CAPACITY_REFIT_PROBE_PER_VIEW,last,last,interaction,raw33.front_pressure_score,continuous,R2,0.8699742593382003,0.0,0.0,0.0,False,False,False,400,80,79,"five-fold GroupKFold grouped by scenario_token; identical rows/folds/targets/ridge-logistic grid across views; paired loss CI uses 5,000 log-cluster bootstrap replicates",ego13 from frozen Stage7L ego_seq plus mask; raw33 from frozen Stage7L interaction_feat_style raw-equivalent report array,False,DEVELOPMENT_DIAGNOSTIC_EVIDENCE,NO_MATERIAL_RETENTION_LOSS_SUPPORTED
D0-C_SAME_HIDDEN_SEQUENCE_POOLING_STUDY,B_seed3408,B,3408,SAME_CAPACITY_REFIT_PROBE_PER_VIEW,last,last,lateral,raw33.lane_change_count_proxy,categorical,balanced_accuracy,0.6388888888888888,0.0,0.0,0.0,False,False,False,400,80,79,"five-fold GroupKFold grouped by scenario_token; identical rows/folds/targets/ridge-logistic grid across views; paired loss CI uses 5,000 log-cluster bootstrap replicates",ego13 from frozen Stage7L ego_seq plus mask; raw33 from frozen Stage7L interaction_feat_style raw-equivalent report array,False,DEVELOPMENT_DIAGNOSTIC_EVIDENCE,NO_MATERIAL_RETENTION_LOSS_SUPPORTED
D0-C_SAME_HIDDEN_SEQUENCE_POOLING_STUDY,B_seed3408,B,3408,SAME_CAPACITY_REFIT_PROBE_PER_VIEW,last,last,interaction,raw33.mean_front_distance,continuous,R2,0.952250264783401,0.0,0.0,0.0,False,False,False,400,80,79,"five-fold GroupKFold grouped by scenario_token; identical rows/folds/targets/ridge-logistic grid across views; paired loss CI uses 5,000 log-cluster bootstrap replicates",ego13 from frozen Stage7L ego_seq plus mask; raw33 from frozen Stage7L interaction_feat_style raw-equivalent report array,False,DEVELOPMENT_DIAGNOSTIC_EVIDENCE,NO_MATERIAL_RETENTION_LOSS_SUPPORTED
D0-C_SAME_HIDDEN_SEQUENCE_POOLING_STUDY,B_seed3408,B,3408,SAME_CAPACITY_REFIT_PROBE_PER_VIEW,last,last,interaction,raw33.mean_rel_speed,continuous,R2,0.8636532012699532,0.0,0.0,0.0,False,False,False,400,80,79,"five-fold GroupKFold grouped by scenario_token; identical rows/folds/targets/ridge-logistic grid across views; paired loss CI uses 5,000 log-cluster bootstrap replicates",ego13 from frozen Stage7L ego_seq plus mask; raw33 from frozen Stage7L interaction_feat_style raw-equivalent report array,False,DEVELOPMENT_DIAGNOSTIC_EVIDENCE,NO_MATERIAL_RETENTION_LOSS_SUPPORTED
D0-C_SAME_HIDDEN_SEQUENCE_POOLING_STUDY,B_seed3408,B,3408,SAME_CAPACITY_REFIT_PROBE_PER_VIEW,last,max,longitudinal,ego13.end_minus_start_speed,continuous,R2,0.7547382428488556,-0.012088808967648227,-0.2150617528190307,0.2323966997652308,False,False,False,400,80,79,"five-fold GroupKFold grouped by scenario_token; identical rows/folds/targets/ridge-logistic grid across views; paired loss CI uses 5,000 log-cluster bootstrap replicates",ego13 from frozen Stage7L ego_seq plus mask; raw33 from frozen Stage7L interaction_feat_style raw-equivalent report array,True,DEVELOPMENT_DIAGNOSTIC_EVIDENCE,COORDINATE_GEOMETRY_SHIFT_FAVORED
D0-C_SAME_HIDDEN_SEQUENCE_POOLING_STUDY,B_seed3408,B,3408,SAME_CAPACITY_REFIT_PROBE_PER_VIEW,last,max,lateral,ego13.heading_change_abs_total,continuous,R2,-0.012298403645933043,0.07758396535363489,-0.18988847306500253,0.24346799174035788,False,False,False,400,80,79,"five-fold GroupKFold grouped by scenario_token; identical rows/folds/targets/ridge-logistic grid across views; paired loss CI uses 5,000 log-cluster bootstrap replicates",ego13 from frozen Stage7L ego_seq plus mask; raw33 from frozen Stage7L interaction_feat_style raw-equivalent report array,True,DEVELOPMENT_DIAGNOSTIC_EVIDENCE,NO_MATERIAL_RETENTION_LOSS_SUPPORTED
D0-C_SAME_HIDDEN_SEQUENCE_POOLING_STUDY,B_seed3408,B,3408,SAME_CAPACITY_REFIT_PROBE_PER_VIEW,last,max,longitudinal,ego13.mean_speed,continuous,R2,0.6473228339279218,0.374437500280355,0.2532400071282969,0.4966272201028224,True,True,False,400,80,79,"five-fold GroupKFold grouped by scenario_token; identical rows/folds/targets/ridge-logistic grid across views; paired loss CI uses 5,000 log-cluster bootstrap replicates",ego13 from frozen Stage7L ego_seq plus mask; raw33 from frozen Stage7L interaction_feat_style raw-equivalent report array,True,DEVELOPMENT_DIAGNOSTIC_EVIDENCE,INFORMATION_RETENTION_LOSS_FAVORED
D0-C_SAME_HIDDEN_SEQUENCE_POOLING_STUDY,B_seed3408,B,3408,SAME_CAPACITY_REFIT_PROBE_PER_VIEW,last,max,longitudinal,ego13.rms_accel,continuous,R2,0.8177452490800134,-0.24172816042622824,-0.35100069713824117,-0.11612309375146171,True,False,True,400,80,79,"five-fold GroupKFold grouped by scenario_token; identical rows/folds/targets/ridge-logistic grid across views; paired loss CI uses 5,000 log-cluster bootstrap replicates",ego13 from frozen Stage7L ego_seq plus mask; raw33 from frozen Stage7L interaction_feat_style raw-equivalent report array,True,DEVELOPMENT_DIAGNOSTIC_EVIDENCE,REFIT_VIEW_GAIN_NOT_INFORMATION_LOSS
D0-C_SAME_HIDDEN_SEQUENCE_POOLING_STUDY,B_seed3408,B,3408,SAME_CAPACITY_REFIT_PROBE_PER_VIEW,last,max,lateral,ego13.rms_yaw_rate,continuous,R2,0.07183925958201143,0.07841560110743011,-0.16176692863361725,0.2757885508858401,False,False,False,400,80,79,"five-fold GroupKFold grouped by scenario_token; identical rows/folds/targets/ridge-logistic grid across views; paired loss CI uses 5,000 log-cluster bootstrap replicates",ego13 from frozen Stage7L ego_seq plus mask; raw33 from frozen Stage7L interaction_feat_style raw-equivalent report array,True,DEVELOPMENT_DIAGNOSTIC_EVIDENCE,COORDINATE_GEOMETRY_SHIFT_FAVORED
D0-C_SAME_HIDDEN_SEQUENCE_POOLING_STUDY,B_seed3408,B,3408,SAME_CAPACITY_REFIT_PROBE_PER_VIEW,last,max,interaction,raw33.front_pressure_score,continuous,R2,0.635686108877938,0.286848043490803,0.1978343249703694,0.4232577948175676,True,True,False,400,80,79,"five-fold GroupKFold grouped by scenario_token; identical rows/folds/targets/ridge-logistic grid across views; paired loss CI uses 5,000 log-cluster bootstrap replicates",ego13 from frozen Stage7L ego_seq plus mask; raw33 from frozen Stage7L interaction_feat_style raw-equivalent report array,True,DEVELOPMENT_DIAGNOSTIC_EVIDENCE,INFORMATION_RETENTION_LOSS_FAVORED
D0-C_SAME_HIDDEN_SEQUENCE_POOLING_STUDY,B_seed3408,B,3408,SAME_CAPACITY_REFIT_PROBE_PER_VIEW,last,max,lateral,raw33.lane_change_count_proxy,categorical,balanced_accuracy,0.4882198952879581,0.19989266725624,0.11250879009260237,0.29630812672742374,True,True,False,400,80,79,"five-fold GroupKFold grouped by scenario_token; identical rows/folds/targets/ridge-logistic grid across views; paired loss CI uses 5,000 log-cluster bootstrap replicates",ego13 from frozen Stage7L ego_seq plus mask; raw33 from frozen Stage7L interaction_feat_style raw-equivalent report array,True,DEVELOPMENT_DIAGNOSTIC_EVIDENCE,REFIT_SPLIT_OR_CALIBRATION_ANOMALY_REVIEW
D0-C_SAME_HIDDEN_SEQUENCE_POOLING_STUDY,B_seed3408,B,3408,SAME_CAPACITY_REFIT_PROBE_PER_VIEW,last,max,interaction,raw33.mean_front_distance,continuous,R2,0.7868953279258646,0.34671786451307646,0.2648513003673269,0.514121207799931,True,True,False,400,80,79,"five-fold GroupKFold grouped by scenario_token; identical rows/folds/targets/ridge-logistic grid across views; paired loss CI uses 5,000 log-cluster bootstrap replicates",ego13 from frozen Stage7L ego_seq plus mask; raw33 from frozen Stage7L interaction_feat_style raw-equivalent report array,True,DEVELOPMENT_DIAGNOSTIC_EVIDENCE,INFORMATION_RETENTION_LOSS_FAVORED
D0-C_SAME_HIDDEN_SEQUENCE_POOLING_STUDY,B_seed3408,B,3408,SAME_CAPACITY_REFIT_PROBE_PER_VIEW,last,max,interaction,raw33.mean_rel_speed,continuous,R2,0.8560749923085762,0.03040265226528471,-0.19359219199586677,0.24041212789946345,False,False,False,400,80,79,"five-fold GroupKFold grouped by scenario_token; identical rows/folds/targets/ridge-logistic grid across views; paired loss CI uses 5,000 log-cluster bootstrap replicates",ego13 from frozen Stage7L ego_seq plus mask; raw33 from frozen Stage7L interaction_feat_style raw-equivalent report array,True,DEVELOPMENT_DIAGNOSTIC_EVIDENCE,COORDINATE_GEOMETRY_SHIFT_FAVORED
D0-C_SAME_HIDDEN_SEQUENCE_POOLING_STUDY,B_seed3408,B,3408,SAME_CAPACITY_REFIT_PROBE_PER_VIEW,last,mean,longitudinal,ego13.end_minus_start_speed,continuous,R2,0.8793553178177483,-0.283618822131552,-0.43980770385857376,-0.10740640994492434,True,False,True,400,80,79,"five-fold GroupKFold grouped by scenario_token; identical rows/folds/targets/ridge-logistic grid across views; paired loss CI uses 5,000 log-cluster bootstrap replicates",ego13 from frozen Stage7L ego_seq plus mask; raw33 from frozen Stage7L interaction_feat_style raw-equivalent report array,True,DEVELOPMENT_DIAGNOSTIC_EVIDENCE,REFIT_VIEW_GAIN_NOT_INFORMATION_LOSS
D0-C_SAME_HIDDEN_SEQUENCE_POOLING_STUDY,B_seed3408,B,3408,SAME_CAPACITY_REFIT_PROBE_PER_VIEW,last,mean,lateral,ego13.heading_change_abs_total,continuous,R2,0.08789803615010472,-0.19661584698693946,-0.38001659168454677,0.016802092512013287,False,False,False,400,80,79,"five-fold GroupKFold grouped by scenario_token; identical rows/folds/targets/ridge-logistic grid across views; paired loss CI uses 5,000 log-cluster bootstrap replicates",ego13 from frozen Stage7L ego_seq plus mask; raw33 from frozen Stage7L interaction_feat_style raw-equivalent report array,True,DEVELOPMENT_DIAGNOSTIC_EVIDENCE,NO_MATERIAL_RETENTION_LOSS_SUPPORTED
D0-C_SAME_HIDDEN_SEQUENCE_POOLING_STUDY,B_seed3408,B,3408,SAME_CAPACITY_REFIT_PROBE_PER_VIEW,last,mean,longitudinal,ego13.mean_speed,continuous,R2,0.9344644877291978,-0.14623945327579785,-0.46006637018825614,0.06871286182218705,False,False,False,400,80,79,"five-fold GroupKFold grouped by scenario_token; identical rows/folds/targets/ridge-logistic grid across views; paired loss CI uses 5,000 log-cluster bootstrap replicates",ego13 from frozen Stage7L ego_seq plus mask; raw33 from frozen Stage7L interaction_feat_style raw-equivalent report array,True,DEVELOPMENT_DIAGNOSTIC_EVIDENCE,COORDINATE_GEOMETRY_SHIFT_FAVORED
D0-C_SAME_HIDDEN_SEQUENCE_POOLING_STUDY,B_seed3408,B,3408,SAME_CAPACITY_REFIT_PROBE_PER_VIEW,last,mean,longitudinal,ego13.rms_accel,continuous,R2,0.6396486705112314,-0.14094524627816835,-0.3445352517422241,0.07048117611670239,False,False,False,400,80,79,"five-fold GroupKFold grouped by scenario_token; identical rows/folds/targets/ridge-logistic grid across views; paired loss CI uses 5,000 log-cluster bootstrap replicates",ego13 from frozen Stage7L ego_seq plus mask; raw33 from frozen Stage7L interaction_feat_style raw-equivalent report array,True,DEVELOPMENT_DIAGNOSTIC_EVIDENCE,COORDINATE_GEOMETRY_SHIFT_FAVORED
D0-C_SAME_HIDDEN_SEQUENCE_POOLING_STUDY,B_seed3408,B,3408,SAME_CAPACITY_REFIT_PROBE_PER_VIEW,last,mean,lateral,ego13.rms_yaw_rate,continuous,R2,0.11388200400213244,0.03797081096038921,-0.18203729293700932,0.26146739566037247,False,False,False,400,80,79,"five-fold GroupKFold grouped by scenario_token; identical rows/folds/targets/ridge-logistic grid across views; paired loss CI uses 5,000 log-cluster bootstrap replicates",ego13 from frozen Stage7L ego_seq plus mask; raw33 from frozen Stage7L interaction_feat_style raw-equivalent report array,True,DEVELOPMENT_DIAGNOSTIC_EVIDENCE,COORDINATE_GEOMETRY_SHIFT_FAVORED
D0-C_SAME_HIDDEN_SEQUENCE_POOLING_STUDY,B_seed3408,B,3408,SAME_CAPACITY_REFIT_PROBE_PER_VIEW,last,mean,interaction,raw33.front_pressure_score,continuous,R2,0.8810744455849411,-0.11578951055820656,-0.28021377339108666,0.12227435457397114,False,False,False,400,80,79,"five-fold GroupKFold grouped by scenario_token; identical rows/folds/targets/ridge-logistic grid across views; paired loss CI uses 5,000 log-cluster bootstrap replicates",ego13 from frozen Stage7L ego_seq plus mask; raw33 from frozen Stage7L interaction_feat_style raw-equivalent report array,True,DEVELOPMENT_DIAGNOSTIC_EVIDENCE,NO_MATERIAL_RETENTION_LOSS_SUPPORTED
D0-C_SAME_HIDDEN_SEQUENCE_POOLING_STUDY,B_seed3408,B,3408,SAME_CAPACITY_REFIT_PROBE_PER_VIEW,last,mean,lateral,raw33.lane_change_count_proxy,categorical,balanced_accuracy,0.9166666666666667,-0.16014131520352343,-0.2582872081659395,0.0,False,False,False,400,80,79,"five-fold GroupKFold grouped by scenario_token; identical rows/folds/targets/ridge-logistic grid across views; paired loss CI uses 5,000 log-cluster bootstrap replicates",ego13 from frozen Stage7L ego_seq plus mask; raw33 from frozen Stage7L interaction_feat_style raw-equivalent report array,True,DEVELOPMENT_DIAGNOSTIC_EVIDENCE,NO_MATERIAL_RETENTION_LOSS_SUPPORTED
D0-C_SAME_HIDDEN_SEQUENCE_POOLING_STUDY,B_seed3408,B,3408,SAME_CAPACITY_REFIT_PROBE_PER_VIEW,last,mean,interaction,raw33.mean_front_distance,continuous,R2,0.9529684531765662,-0.01850525460673928,-0.22757424917462882,0.2277898396530922,False,False,False,400,80,79,"five-fold GroupKFold grouped by scenario_token; identical rows/folds/targets/ridge-logistic grid across views; paired loss CI uses 5,000 log-cluster bootstrap replicates",ego13 from frozen Stage7L ego_seq plus mask; raw33 from frozen Stage7L interaction_feat_style raw-equivalent report array,True,DEVELOPMENT_DIAGNOSTIC_EVIDENCE,COORDINATE_GEOMETRY_SHIFT_FAVORED
D0-C_SAME_HIDDEN_SEQUENCE_POOLING_STUDY,B_seed3408,B,3408,SAME_CAPACITY_REFIT_PROBE_PER_VIEW,last,mean,interaction,raw33.mean_rel_speed,continuous,R2,0.8839188598120467,-0.10510944937933168,-0.2520998118046551,0.15873242341285163,False,False,False,400,80,79,"five-fold GroupKFold grouped by scenario_token; identical rows/folds/targets/ridge-logistic grid across views; paired loss CI uses 5,000 log-cluster bootstrap replicates",ego13 from frozen Stage7L ego_seq plus mask; raw33 from frozen Stage7L interaction_feat_style raw-equivalent report array,True,DEVELOPMENT_DIAGNOSTIC_EVIDENCE,NO_MATERIAL_RETENTION_LOSS_SUPPORTED
D0-C_SAME_HIDDEN_SEQUENCE_POOLING_STUDY,B_seed3409,B,3409,FROZEN_PROBE_ACROSS_VIEW,last,last,longitudinal,ego13.end_minus_start_speed,continuous,R2,0.9081664702909304,0.0,0.0,0.0,False,False,False,400,80,79,"five-fold GroupKFold grouped by scenario_token; identical rows/folds/targets/ridge-logistic grid across views; paired loss CI uses 5,000 log-cluster bootstrap replicates",ego13 from frozen Stage7L ego_seq plus mask; raw33 from frozen Stage7L interaction_feat_style raw-equivalent report array,False,DEVELOPMENT_DIAGNOSTIC_EVIDENCE,NO_MATERIAL_RETENTION_LOSS_SUPPORTED
D0-C_SAME_HIDDEN_SEQUENCE_POOLING_STUDY,B_seed3409,B,3409,FROZEN_PROBE_ACROSS_VIEW,last,last,lateral,ego13.heading_change_abs_total,continuous,R2,-0.0029880184782773433,0.0,0.0,0.0,False,False,False,400,80,79,"five-fold GroupKFold grouped by scenario_token; identical rows/folds/targets/ridge-logistic grid across views; paired loss CI uses 5,000 log-cluster bootstrap replicates",ego13 from frozen Stage7L ego_seq plus mask; raw33 from frozen Stage7L interaction_feat_style raw-equivalent report array,False,DEVELOPMENT_DIAGNOSTIC_EVIDENCE,NO_MATERIAL_RETENTION_LOSS_SUPPORTED
D0-C_SAME_HIDDEN_SEQUENCE_POOLING_STUDY,B_seed3409,B,3409,FROZEN_PROBE_ACROSS_VIEW,last,last,longitudinal,ego13.mean_speed,continuous,R2,0.8356727616772277,0.0,0.0,0.0,False,False,False,400,80,79,"five-fold GroupKFold grouped by scenario_token; identical rows/folds/targets/ridge-logistic grid across views; paired loss CI uses 5,000 log-cluster bootstrap replicates",ego13 from frozen Stage7L ego_seq plus mask; raw33 from frozen Stage7L interaction_feat_style raw-equivalent report array,False,DEVELOPMENT_DIAGNOSTIC_EVIDENCE,NO_MATERIAL_RETENTION_LOSS_SUPPORTED
D0-C_SAME_HIDDEN_SEQUENCE_POOLING_STUDY,B_seed3409,B,3409,FROZEN_PROBE_ACROSS_VIEW,last,last,longitudinal,ego13.rms_accel,continuous,R2,0.8618286946198225,0.0,0.0,0.0,False,False,False,400,80,79,"five-fold GroupKFold grouped by scenario_token; identical rows/folds/targets/ridge-logistic grid across views; paired loss CI uses 5,000 log-cluster bootstrap replicates",ego13 from frozen Stage7L ego_seq plus mask; raw33 from frozen Stage7L interaction_feat_style raw-equivalent report array,False,DEVELOPMENT_DIAGNOSTIC_EVIDENCE,NO_MATERIAL_RETENTION_LOSS_SUPPORTED
D0-C_SAME_HIDDEN_SEQUENCE_POOLING_STUDY,B_seed3409,B,3409,FROZEN_PROBE_ACROSS_VIEW,last,last,lateral,ego13.rms_yaw_rate,continuous,R2,0.08044756556229171,0.0,0.0,0.0,False,False,False,400,80,79,"five-fold GroupKFold grouped by scenario_token; identical rows/folds/targets/ridge-logistic grid across views; paired loss CI uses 5,000 log-cluster bootstrap replicates",ego13 from frozen Stage7L ego_seq plus mask; raw33 from frozen Stage7L interaction_feat_style raw-equivalent report array,False,DEVELOPMENT_DIAGNOSTIC_EVIDENCE,NO_MATERIAL_RETENTION_LOSS_SUPPORTED
D0-C_SAME_HIDDEN_SEQUENCE_POOLING_STUDY,B_seed3409,B,3409,FROZEN_PROBE_ACROSS_VIEW,last,last,interaction,raw33.front_pressure_score,continuous,R2,0.883643982252882,0.0,0.0,0.0,False,False,False,400,80,79,"five-fold GroupKFold grouped by scenario_token; identical rows/folds/targets/ridge-logistic grid across views; paired loss CI uses 5,000 log-cluster bootstrap replicates",ego13 from frozen Stage7L ego_seq plus mask; raw33 from frozen Stage7L interaction_feat_style raw-equivalent report array,False,DEVELOPMENT_DIAGNOSTIC_EVIDENCE,NO_MATERIAL_RETENTION_LOSS_SUPPORTED
D0-C_SAME_HIDDEN_SEQUENCE_POOLING_STUDY,B_seed3409,B,3409,FROZEN_PROBE_ACROSS_VIEW,last,last,lateral,raw33.lane_change_count_proxy,categorical,balanced_accuracy,0.9166666666666667,0.0,0.0,0.0,False,False,False,400,80,79,"five-fold GroupKFold grouped by scenario_token; identical rows/folds/targets/ridge-logistic grid across views; paired loss CI uses 5,000 log-cluster bootstrap replicates",ego13 from frozen Stage7L ego_seq plus mask; raw33 from frozen Stage7L interaction_feat_style raw-equivalent report array,False,DEVELOPMENT_DIAGNOSTIC_EVIDENCE,NO_MATERIAL_RETENTION_LOSS_SUPPORTED
D0-C_SAME_HIDDEN_SEQUENCE_POOLING_STUDY,B_seed3409,B,3409,FROZEN_PROBE_ACROSS_VIEW,last,last,interaction,raw33.mean_front_distance,continuous,R2,0.9502135035697189,0.0,0.0,0.0,False,False,False,400,80,79,"five-fold GroupKFold grouped by scenario_token; identical rows/folds/targets/ridge-logistic grid across views; paired loss CI uses 5,000 log-cluster bootstrap replicates",ego13 from frozen Stage7L ego_seq plus mask; raw33 from frozen Stage7L interaction_feat_style raw-equivalent report array,False,DEVELOPMENT_DIAGNOSTIC_EVIDENCE,NO_MATERIAL_RETENTION_LOSS_SUPPORTED
D0-C_SAME_HIDDEN_SEQUENCE_POOLING_STUDY,B_seed3409,B,3409,FROZEN_PROBE_ACROSS_VIEW,last,last,interaction,raw33.mean_rel_speed,continuous,R2,0.9118327936189885,0.0,0.0,0.0,False,False,False,400,80,79,"five-fold GroupKFold grouped by scenario_token; identical rows/folds/targets/ridge-logistic grid across views; paired loss CI uses 5,000 log-cluster bootstrap replicates",ego13 from frozen Stage7L ego_seq plus mask; raw33 from frozen Stage7L interaction_feat_style raw-equivalent report array,False,DEVELOPMENT_DIAGNOSTIC_EVIDENCE,NO_MATERIAL_RETENTION_LOSS_SUPPORTED
D0-C_SAME_HIDDEN_SEQUENCE_POOLING_STUDY,B_seed3409,B,3409,FROZEN_PROBE_ACROSS_VIEW,last,max,longitudinal,ego13.end_minus_start_speed,continuous,R2,-5.309316844417645,1.1303658538362602,0.9633998257740944,1.3709576402627859,True,True,False,400,80,79,"five-fold GroupKFold grouped by scenario_token; identical rows/folds/targets/ridge-logistic grid across views; paired loss CI uses 5,000 log-cluster bootstrap replicates",ego13 from frozen Stage7L ego_seq plus mask; raw33 from frozen Stage7L interaction_feat_style raw-equivalent report array,True,DEVELOPMENT_DIAGNOSTIC_EVIDENCE,INFORMATION_RETENTION_LOSS_FAVORED
D0-C_SAME_HIDDEN_SEQUENCE_POOLING_STUDY,B_seed3409,B,3409,FROZEN_PROBE_ACROSS_VIEW,last,max,lateral,ego13.heading_change_abs_total,continuous,R2,-16.04436160551064,0.46240198375247854,0.3376428954424978,0.5889611335342574,True,True,False,400,80,79,"five-fold GroupKFold grouped by scenario_token; identical rows/folds/targets/ridge-logistic grid across views; paired loss CI uses 5,000 log-cluster bootstrap replicates",ego13 from frozen Stage7L ego_seq plus mask; raw33 from frozen Stage7L interaction_feat_style raw-equivalent report array,True,DEVELOPMENT_DIAGNOSTIC_EVIDENCE,COORDINATE_GEOMETRY_SHIFT_FAVORED
D0-C_SAME_HIDDEN_SEQUENCE_POOLING_STUDY,B_seed3409,B,3409,FROZEN_PROBE_ACROSS_VIEW,last,max,longitudinal,ego13.mean_speed,continuous,R2,-13.672049504246605,1.0978563707713211,0.9419744289705906,1.2990059579484703,True,True,False,400,80,79,"five-fold GroupKFold grouped by scenario_token; identical rows/folds/targets/ridge-logistic grid across views; paired loss CI uses 5,000 log-cluster bootstrap replicates",ego13 from frozen Stage7L ego_seq plus mask; raw33 from frozen Stage7L interaction_feat_style raw-equivalent report array,True,DEVELOPMENT_DIAGNOSTIC_EVIDENCE,INFORMATION_RETENTION_LOSS_FAVORED
D0-C_SAME_HIDDEN_SEQUENCE_POOLING_STUDY,B_seed3409,B,3409,FROZEN_PROBE_ACROSS_VIEW,last,max,longitudinal,ego13.rms_accel,continuous,R2,-12.13479227450106,0.5323591628205051,0.4363526125273361,0.8867810413253421,True,True,False,400,80,79,"five-fold GroupKFold grouped by scenario_token; identical rows/folds/targets/ridge-logistic grid across views; paired loss CI uses 5,000 log-cluster bootstrap replicates",ego13 from frozen Stage7L ego_seq plus mask; raw33 from frozen Stage7L interaction_feat_style raw-equivalent report array,True,DEVELOPMENT_DIAGNOSTIC_EVIDENCE,INFORMATION_RETENTION_LOSS_FAVORED
D0-C_SAME_HIDDEN_SEQUENCE_POOLING_STUDY,B_seed3409,B,3409,FROZEN_PROBE_ACROSS_VIEW,last,max,lateral,ego13.rms_yaw_rate,continuous,R2,-10.016562238411735,0.5143235462780389,0.406116443217135,0.6447184947876111,True,True,False,400,80,79,"five-fold GroupKFold grouped by scenario_token; identical rows/folds/targets/ridge-logistic grid across views; paired loss CI uses 5,000 log-cluster bootstrap replicates",ego13 from frozen Stage7L ego_seq plus mask; raw33 from frozen Stage7L interaction_feat_style raw-equivalent report array,True,DEVELOPMENT_DIAGNOSTIC_EVIDENCE,COORDINATE_GEOMETRY_SHIFT_FAVORED
D0-C_SAME_HIDDEN_SEQUENCE_POOLING_STUDY,B_seed3409,B,3409,FROZEN_PROBE_ACROSS_VIEW,last,max,interaction,raw33.front_pressure_score,continuous,R2,0.03777231615977483,0.4210210436910113,0.3360584134223895,0.5914550880271183,True,True,False,400,80,79,"five-fold GroupKFold grouped by scenario_token; identical rows/folds/targets/ridge-logistic grid across views; paired loss CI uses 5,000 log-cluster bootstrap replicates",ego13 from frozen Stage7L ego_seq plus mask; raw33 from frozen Stage7L interaction_feat_style raw-equivalent report array,True,DEVELOPMENT_DIAGNOSTIC_EVIDENCE,INFORMATION_RETENTION_LOSS_FAVORED
D0-C_SAME_HIDDEN_SEQUENCE_POOLING_STUDY,B_seed3409,B,3409,FROZEN_PROBE_ACROSS_VIEW,last,max,lateral,raw33.lane_change_count_proxy,categorical,balanced_accuracy,0.5,0.19741838141820903,0.0,0.30982504931240556,False,False,False,400,80,79,"five-fold GroupKFold grouped by scenario_token; identical rows/folds/targets/ridge-logistic grid across views; paired loss CI uses 5,000 log-cluster bootstrap replicates",ego13 from frozen Stage7L ego_seq plus mask; raw33 from frozen Stage7L interaction_feat_style raw-equivalent report array,True,DEVELOPMENT_DIAGNOSTIC_EVIDENCE,NO_MATERIAL_RETENTION_LOSS_SUPPORTED
D0-C_SAME_HIDDEN_SEQUENCE_POOLING_STUDY,B_seed3409,B,3409,FROZEN_PROBE_ACROSS_VIEW,last,max,interaction,raw33.mean_front_distance,continuous,R2,0.3583659606013052,1.1648189175178887,0.9522607031682997,1.443164086431465,True,True,False,400,80,79,"five-fold GroupKFold grouped by scenario_token; identical rows/folds/targets/ridge-logistic grid across views; paired loss CI uses 5,000 log-cluster bootstrap replicates",ego13 from frozen Stage7L ego_seq plus mask; raw33 from frozen Stage7L interaction_feat_style raw-equivalent report array,True,DEVELOPMENT_DIAGNOSTIC_EVIDENCE,INFORMATION_RETENTION_LOSS_FAVORED
D0-C_SAME_HIDDEN_SEQUENCE_POOLING_STUDY,B_seed3409,B,3409,FROZEN_PROBE_ACROSS_VIEW,last,max,interaction,raw33.mean_rel_speed,continuous,R2,0.13317414243302172,0.4928667510686681,0.390363467225115,0.6578644551893522,True,True,False,400,80,79,"five-fold GroupKFold grouped by scenario_token; identical rows/folds/targets/ridge-logistic grid across views; paired loss CI uses 5,000 log-cluster bootstrap replicates",ego13 from frozen Stage7L ego_seq plus mask; raw33 from frozen Stage7L interaction_feat_style raw-equivalent report array,True,DEVELOPMENT_DIAGNOSTIC_EVIDENCE,INFORMATION_RETENTION_LOSS_FAVORED
D0-C_SAME_HIDDEN_SEQUENCE_POOLING_STUDY,B_seed3409,B,3409,FROZEN_PROBE_ACROSS_VIEW,last,mean,longitudinal,ego13.end_minus_start_speed,continuous,R2,0.1587146690455704,0.5854300976311436,0.4717957147796241,0.74087514360053,True,True,False,400,80,79,"five-fold GroupKFold grouped by scenario_token; identical rows/folds/targets/ridge-logistic grid across views; paired loss CI uses 5,000 log-cluster bootstrap replicates",ego13 from frozen Stage7L ego_seq plus mask; raw33 from frozen Stage7L interaction_feat_style raw-equivalent report array,True,DEVELOPMENT_DIAGNOSTIC_EVIDENCE,COORDINATE_GEOMETRY_SHIFT_FAVORED
D0-C_SAME_HIDDEN_SEQUENCE_POOLING_STUDY,B_seed3409,B,3409,FROZEN_PROBE_ACROSS_VIEW,last,mean,lateral,ego13.heading_change_abs_total,continuous,R2,-0.7182607373840189,0.2859036335463236,0.12330601154029844,0.41794473312155184,True,True,False,400,80,79,"five-fold GroupKFold grouped by scenario_token; identical rows/folds/targets/ridge-logistic grid across views; paired loss CI uses 5,000 log-cluster bootstrap replicates",ego13 from frozen Stage7L ego_seq plus mask; raw33 from frozen Stage7L interaction_feat_style raw-equivalent report array,True,DEVELOPMENT_DIAGNOSTIC_EVIDENCE,COORDINATE_GEOMETRY_SHIFT_FAVORED
D0-C_SAME_HIDDEN_SEQUENCE_POOLING_STUDY,B_seed3409,B,3409,FROZEN_PROBE_ACROSS_VIEW,last,mean,longitudinal,ego13.mean_speed,continuous,R2,0.3838457552898059,0.46393345510305223,0.2975471201526133,0.6300384487142396,True,True,False,400,80,79,"five-fold GroupKFold grouped by scenario_token; identical rows/folds/targets/ridge-logistic grid across views; paired loss CI uses 5,000 log-cluster bootstrap replicates",ego13 from frozen Stage7L ego_seq plus mask; raw33 from frozen Stage7L interaction_feat_style raw-equivalent report array,True,DEVELOPMENT_DIAGNOSTIC_EVIDENCE,REFIT_VIEW_GAIN_NOT_INFORMATION_LOSS
D0-C_SAME_HIDDEN_SEQUENCE_POOLING_STUDY,B_seed3409,B,3409,FROZEN_PROBE_ACROSS_VIEW,last,mean,longitudinal,ego13.rms_accel,continuous,R2,-0.958293486911227,0.48399163016020585,0.3886212975886179,0.6105497899588868,True,True,False,400,80,79,"five-fold GroupKFold grouped by scenario_token; identical rows/folds/targets/ridge-logistic grid across views; paired loss CI uses 5,000 log-cluster bootstrap replicates",ego13 from frozen Stage7L ego_seq plus mask; raw33 from frozen Stage7L interaction_feat_style raw-equivalent report array,True,DEVELOPMENT_DIAGNOSTIC_EVIDENCE,INFORMATION_RETENTION_LOSS_FAVORED
D0-C_SAME_HIDDEN_SEQUENCE_POOLING_STUDY,B_seed3409,B,3409,FROZEN_PROBE_ACROSS_VIEW,last,mean,lateral,ego13.rms_yaw_rate,continuous,R2,0.04921710866122786,0.034453827507856,-0.1570054119832706,0.3015813865804192,False,False,False,400,80,79,"five-fold GroupKFold grouped by scenario_token; identical rows/folds/targets/ridge-logistic grid across views; paired loss CI uses 5,000 log-cluster bootstrap replicates",ego13 from frozen Stage7L ego_seq plus mask; raw33 from frozen Stage7L interaction_feat_style raw-equivalent report array,True,DEVELOPMENT_DIAGNOSTIC_EVIDENCE,NO_MATERIAL_RETENTION_LOSS_SUPPORTED
D0-C_SAME_HIDDEN_SEQUENCE_POOLING_STUDY,B_seed3409,B,3409,FROZEN_PROBE_ACROSS_VIEW,last,mean,interaction,raw33.front_pressure_score,continuous,R2,0.866530220565063,0.09172837801537975,-0.16657111733840227,0.24637806574195661,False,False,False,400,80,79,"five-fold GroupKFold grouped by scenario_token; identical rows/folds/targets/ridge-logistic grid across views; paired loss CI uses 5,000 log-cluster bootstrap replicates",ego13 from frozen Stage7L ego_seq plus mask; raw33 from frozen Stage7L interaction_feat_style raw-equivalent report array,True,DEVELOPMENT_DIAGNOSTIC_EVIDENCE,NO_MATERIAL_RETENTION_LOSS_SUPPORTED
D0-C_SAME_HIDDEN_SEQUENCE_POOLING_STUDY,B_seed3409,B,3409,FROZEN_PROBE_ACROSS_VIEW,last,mean,lateral,raw33.lane_change_count_proxy,categorical,balanced_accuracy,0.9166666666666667,0.0,0.0,0.0,False,False,False,400,80,79,"five-fold GroupKFold grouped by scenario_token; identical rows/folds/targets/ridge-logistic grid across views; paired loss CI uses 5,000 log-cluster bootstrap replicates",ego13 from frozen Stage7L ego_seq plus mask; raw33 from frozen Stage7L interaction_feat_style raw-equivalent report array,True,DEVELOPMENT_DIAGNOSTIC_EVIDENCE,NO_MATERIAL_RETENTION_LOSS_SUPPORTED
D0-C_SAME_HIDDEN_SEQUENCE_POOLING_STUDY,B_seed3409,B,3409,FROZEN_PROBE_ACROSS_VIEW,last,mean,interaction,raw33.mean_front_distance,continuous,R2,0.9177809224630731,0.32985534950507833,0.11913957019388723,0.5525764755698925,True,True,False,400,80,79,"five-fold GroupKFold grouped by scenario_token; identical rows/folds/targets/ridge-logistic grid across views; paired loss CI uses 5,000 log-cluster bootstrap replicates",ego13 from frozen Stage7L ego_seq plus mask; raw33 from frozen Stage7L interaction_feat_style raw-equivalent report array,True,DEVELOPMENT_DIAGNOSTIC_EVIDENCE,INFORMATION_RETENTION_LOSS_FAVORED
D0-C_SAME_HIDDEN_SEQUENCE_POOLING_STUDY,B_seed3409,B,3409,FROZEN_PROBE_ACROSS_VIEW,last,mean,interaction,raw33.mean_rel_speed,continuous,R2,0.8717583253389645,0.19325459756492394,-0.026128475397253464,0.39726794435875756,False,False,False,400,80,79,"five-fold GroupKFold grouped by scenario_token; identical rows/folds/targets/ridge-logistic grid across views; paired loss CI uses 5,000 log-cluster bootstrap replicates",ego13 from frozen Stage7L ego_seq plus mask; raw33 from frozen Stage7L interaction_feat_style raw-equivalent report array,True,DEVELOPMENT_DIAGNOSTIC_EVIDENCE,NO_MATERIAL_RETENTION_LOSS_SUPPORTED
D0-C_SAME_HIDDEN_SEQUENCE_POOLING_STUDY,B_seed3409,B,3409,SAME_CAPACITY_REFIT_PROBE_PER_VIEW,last,last,longitudinal,ego13.end_minus_start_speed,continuous,R2,0.9081664702909304,0.0,0.0,0.0,False,False,False,400,80,79,"five-fold GroupKFold grouped by scenario_token; identical rows/folds/targets/ridge-logistic grid across views; paired loss CI uses 5,000 log-cluster bootstrap replicates",ego13 from frozen Stage7L ego_seq plus mask; raw33 from frozen Stage7L interaction_feat_style raw-equivalent report array,False,DEVELOPMENT_DIAGNOSTIC_EVIDENCE,NO_MATERIAL_RETENTION_LOSS_SUPPORTED
D0-C_SAME_HIDDEN_SEQUENCE_POOLING_STUDY,B_seed3409,B,3409,SAME_CAPACITY_REFIT_PROBE_PER_VIEW,last,last,lateral,ego13.heading_change_abs_total,continuous,R2,-0.0029880184782773433,0.0,0.0,0.0,False,False,False,400,80,79,"five-fold GroupKFold grouped by scenario_token; identical rows/folds/targets/ridge-logistic grid across views; paired loss CI uses 5,000 log-cluster bootstrap replicates",ego13 from frozen Stage7L ego_seq plus mask; raw33 from frozen Stage7L interaction_feat_style raw-equivalent report array,False,DEVELOPMENT_DIAGNOSTIC_EVIDENCE,NO_MATERIAL_RETENTION_LOSS_SUPPORTED
D0-C_SAME_HIDDEN_SEQUENCE_POOLING_STUDY,B_seed3409,B,3409,SAME_CAPACITY_REFIT_PROBE_PER_VIEW,last,last,longitudinal,ego13.mean_speed,continuous,R2,0.8356727616772277,0.0,0.0,0.0,False,False,False,400,80,79,"five-fold GroupKFold grouped by scenario_token; identical rows/folds/targets/ridge-logistic grid across views; paired loss CI uses 5,000 log-cluster bootstrap replicates",ego13 from frozen Stage7L ego_seq plus mask; raw33 from frozen Stage7L interaction_feat_style raw-equivalent report array,False,DEVELOPMENT_DIAGNOSTIC_EVIDENCE,NO_MATERIAL_RETENTION_LOSS_SUPPORTED
D0-C_SAME_HIDDEN_SEQUENCE_POOLING_STUDY,B_seed3409,B,3409,SAME_CAPACITY_REFIT_PROBE_PER_VIEW,last,last,longitudinal,ego13.rms_accel,continuous,R2,0.8618286946198225,0.0,0.0,0.0,False,False,False,400,80,79,"five-fold GroupKFold grouped by scenario_token; identical rows/folds/targets/ridge-logistic grid across views; paired loss CI uses 5,000 log-cluster bootstrap replicates",ego13 from frozen Stage7L ego_seq plus mask; raw33 from frozen Stage7L interaction_feat_style raw-equivalent report array,False,DEVELOPMENT_DIAGNOSTIC_EVIDENCE,NO_MATERIAL_RETENTION_LOSS_SUPPORTED
D0-C_SAME_HIDDEN_SEQUENCE_POOLING_STUDY,B_seed3409,B,3409,SAME_CAPACITY_REFIT_PROBE_PER_VIEW,last,last,lateral,ego13.rms_yaw_rate,continuous,R2,0.08044756556229171,0.0,0.0,0.0,False,False,False,400,80,79,"five-fold GroupKFold grouped by scenario_token; identical rows/folds/targets/ridge-logistic grid across views; paired loss CI uses 5,000 log-cluster bootstrap replicates",ego13 from frozen Stage7L ego_seq plus mask; raw33 from frozen Stage7L interaction_feat_style raw-equivalent report array,False,DEVELOPMENT_DIAGNOSTIC_EVIDENCE,NO_MATERIAL_RETENTION_LOSS_SUPPORTED
D0-C_SAME_HIDDEN_SEQUENCE_POOLING_STUDY,B_seed3409,B,3409,SAME_CAPACITY_REFIT_PROBE_PER_VIEW,last,last,interaction,raw33.front_pressure_score,continuous,R2,0.883643982252882,0.0,0.0,0.0,False,False,False,400,80,79,"five-fold GroupKFold grouped by scenario_token; identical rows/folds/targets/ridge-logistic grid across views; paired loss CI uses 5,000 log-cluster bootstrap replicates",ego13 from frozen Stage7L ego_seq plus mask; raw33 from frozen Stage7L interaction_feat_style raw-equivalent report array,False,DEVELOPMENT_DIAGNOSTIC_EVIDENCE,NO_MATERIAL_RETENTION_LOSS_SUPPORTED
D0-C_SAME_HIDDEN_SEQUENCE_POOLING_STUDY,B_seed3409,B,3409,SAME_CAPACITY_REFIT_PROBE_PER_VIEW,last,last,lateral,raw33.lane_change_count_proxy,categorical,balanced_accuracy,0.9166666666666667,0.0,0.0,0.0,False,False,False,400,80,79,"five-fold GroupKFold grouped by scenario_token; identical rows/folds/targets/ridge-logistic grid across views; paired loss CI uses 5,000 log-cluster bootstrap replicates",ego13 from frozen Stage7L ego_seq plus mask; raw33 from frozen Stage7L interaction_feat_style raw-equivalent report array,False,DEVELOPMENT_DIAGNOSTIC_EVIDENCE,NO_MATERIAL_RETENTION_LOSS_SUPPORTED
D0-C_SAME_HIDDEN_SEQUENCE_POOLING_STUDY,B_seed3409,B,3409,SAME_CAPACITY_REFIT_PROBE_PER_VIEW,last,last,interaction,raw33.mean_front_distance,continuous,R2,0.9502135035697189,0.0,0.0,0.0,False,False,False,400,80,79,"five-fold GroupKFold grouped by scenario_token; identical rows/folds/targets/ridge-logistic grid across views; paired loss CI uses 5,000 log-cluster bootstrap replicates",ego13 from frozen Stage7L ego_seq plus mask; raw33 from frozen Stage7L interaction_feat_style raw-equivalent report array,False,DEVELOPMENT_DIAGNOSTIC_EVIDENCE,NO_MATERIAL_RETENTION_LOSS_SUPPORTED
D0-C_SAME_HIDDEN_SEQUENCE_POOLING_STUDY,B_seed3409,B,3409,SAME_CAPACITY_REFIT_PROBE_PER_VIEW,last,last,interaction,raw33.mean_rel_speed,continuous,R2,0.9118327936189885,0.0,0.0,0.0,False,False,False,400,80,79,"five-fold GroupKFold grouped by scenario_token; identical rows/folds/targets/ridge-logistic grid across views; paired loss CI uses 5,000 log-cluster bootstrap replicates",ego13 from frozen Stage7L ego_seq plus mask; raw33 from frozen Stage7L interaction_feat_style raw-equivalent report array,False,DEVELOPMENT_DIAGNOSTIC_EVIDENCE,NO_MATERIAL_RETENTION_LOSS_SUPPORTED
D0-C_SAME_HIDDEN_SEQUENCE_POOLING_STUDY,B_seed3409,B,3409,SAME_CAPACITY_REFIT_PROBE_PER_VIEW,last,max,longitudinal,ego13.end_minus_start_speed,continuous,R2,0.6675614476549889,0.40402389533959937,0.26612098020985453,0.552339323483561,True,True,False,400,80,79,"five-fold GroupKFold grouped by scenario_token; identical rows/folds/targets/ridge-logistic grid across views; paired loss CI uses 5,000 log-cluster bootstrap replicates",ego13 from frozen Stage7L ego_seq plus mask; raw33 from frozen Stage7L interaction_feat_style raw-equivalent report array,True,DEVELOPMENT_DIAGNOSTIC_EVIDENCE,INFORMATION_RETENTION_LOSS_FAVORED
D0-C_SAME_HIDDEN_SEQUENCE_POOLING_STUDY,B_seed3409,B,3409,SAME_CAPACITY_REFIT_PROBE_PER_VIEW,last,max,lateral,ego13.heading_change_abs_total,continuous,R2,-0.015254485826186048,0.020861095295699378,-0.1915020237293693,0.25512568973085914,False,False,False,400,80,79,"five-fold GroupKFold grouped by scenario_token; identical rows/folds/targets/ridge-logistic grid across views; paired loss CI uses 5,000 log-cluster bootstrap replicates",ego13 from frozen Stage7L ego_seq plus mask; raw33 from frozen Stage7L interaction_feat_style raw-equivalent report array,True,DEVELOPMENT_DIAGNOSTIC_EVIDENCE,COORDINATE_GEOMETRY_SHIFT_FAVORED
D0-C_SAME_HIDDEN_SEQUENCE_POOLING_STUDY,B_seed3409,B,3409,SAME_CAPACITY_REFIT_PROBE_PER_VIEW,last,max,longitudinal,ego13.mean_speed,continuous,R2,0.5866040372851815,0.302724019764428,0.1316539965052376,0.4601088982914181,True,True,False,400,80,79,"five-fold GroupKFold grouped by scenario_token; identical rows/folds/targets/ridge-logistic grid across views; paired loss CI uses 5,000 log-cluster bootstrap replicates",ego13 from frozen Stage7L ego_seq plus mask; raw33 from frozen Stage7L interaction_feat_style raw-equivalent report array,True,DEVELOPMENT_DIAGNOSTIC_EVIDENCE,INFORMATION_RETENTION_LOSS_FAVORED
D0-C_SAME_HIDDEN_SEQUENCE_POOLING_STUDY,B_seed3409,B,3409,SAME_CAPACITY_REFIT_PROBE_PER_VIEW,last,max,longitudinal,ego13.rms_accel,continuous,R2,0.7085340841896337,0.23106879542365308,0.04359253144215591,0.4214134399297424,True,True,False,400,80,79,"five-fold GroupKFold grouped by scenario_token; identical rows/folds/targets/ridge-logistic grid across views; paired loss CI uses 5,000 log-cluster bootstrap replicates",ego13 from frozen Stage7L ego_seq plus mask; raw33 from frozen Stage7L interaction_feat_style raw-equivalent report array,True,DEVELOPMENT_DIAGNOSTIC_EVIDENCE,INFORMATION_RETENTION_LOSS_FAVORED
D0-C_SAME_HIDDEN_SEQUENCE_POOLING_STUDY,B_seed3409,B,3409,SAME_CAPACITY_REFIT_PROBE_PER_VIEW,last,max,lateral,ego13.rms_yaw_rate,continuous,R2,0.0936767183382079,-0.010210071150986414,-0.30124368567474047,0.17400260388178734,False,False,False,400,80,79,"five-fold GroupKFold grouped by scenario_token; identical rows/folds/targets/ridge-logistic grid across views; paired loss CI uses 5,000 log-cluster bootstrap replicates",ego13 from frozen Stage7L ego_seq plus mask; raw33 from frozen Stage7L interaction_feat_style raw-equivalent report array,True,DEVELOPMENT_DIAGNOSTIC_EVIDENCE,COORDINATE_GEOMETRY_SHIFT_FAVORED
D0-C_SAME_HIDDEN_SEQUENCE_POOLING_STUDY,B_seed3409,B,3409,SAME_CAPACITY_REFIT_PROBE_PER_VIEW,last,max,interaction,raw33.front_pressure_score,continuous,R2,0.5600201961030573,0.2848005140639906,0.2038593949862232,0.5686919072725382,True,True,False,400,80,79,"five-fold GroupKFold grouped by scenario_token; identical rows/folds/targets/ridge-logistic grid across views; paired loss CI uses 5,000 log-cluster bootstrap replicates",ego13 from frozen Stage7L ego_seq plus mask; raw33 from frozen Stage7L interaction_feat_style raw-equivalent report array,True,DEVELOPMENT_DIAGNOSTIC_EVIDENCE,INFORMATION_RETENTION_LOSS_FAVORED
D0-C_SAME_HIDDEN_SEQUENCE_POOLING_STUDY,B_seed3409,B,3409,SAME_CAPACITY_REFIT_PROBE_PER_VIEW,last,max,lateral,raw33.lane_change_count_proxy,categorical,balanced_accuracy,0.6362710878417686,0.18572099769135544,0.0,0.28489372248257794,False,False,False,400,80,79,"five-fold GroupKFold grouped by scenario_token; identical rows/folds/targets/ridge-logistic grid across views; paired loss CI uses 5,000 log-cluster bootstrap replicates",ego13 from frozen Stage7L ego_seq plus mask; raw33 from frozen Stage7L interaction_feat_style raw-equivalent report array,True,DEVELOPMENT_DIAGNOSTIC_EVIDENCE,NO_MATERIAL_RETENTION_LOSS_SUPPORTED
D0-C_SAME_HIDDEN_SEQUENCE_POOLING_STUDY,B_seed3409,B,3409,SAME_CAPACITY_REFIT_PROBE_PER_VIEW,last,max,interaction,raw33.mean_front_distance,continuous,R2,0.8261836944761506,0.5091593209891215,0.38274693609832455,0.6503303865441723,True,True,False,400,80,79,"five-fold GroupKFold grouped by scenario_token; identical rows/folds/targets/ridge-logistic grid across views; paired loss CI uses 5,000 log-cluster bootstrap replicates",ego13 from frozen Stage7L ego_seq plus mask; raw33 from frozen Stage7L interaction_feat_style raw-equivalent report array,True,DEVELOPMENT_DIAGNOSTIC_EVIDENCE,INFORMATION_RETENTION_LOSS_FAVORED
D0-C_SAME_HIDDEN_SEQUENCE_POOLING_STUDY,B_seed3409,B,3409,SAME_CAPACITY_REFIT_PROBE_PER_VIEW,last,max,interaction,raw33.mean_rel_speed,continuous,R2,0.7412050589727637,0.4176981235783703,0.27347311724210954,0.5547801070994439,True,True,False,400,80,79,"five-fold GroupKFold grouped by scenario_token; identical rows/folds/targets/ridge-logistic grid across views; paired loss CI uses 5,000 log-cluster bootstrap replicates",ego13 from frozen Stage7L ego_seq plus mask; raw33 from frozen Stage7L interaction_feat_style raw-equivalent report array,True,DEVELOPMENT_DIAGNOSTIC_EVIDENCE,INFORMATION_RETENTION_LOSS_FAVORED
D0-C_SAME_HIDDEN_SEQUENCE_POOLING_STUDY,B_seed3409,B,3409,SAME_CAPACITY_REFIT_PROBE_PER_VIEW,last,mean,longitudinal,ego13.end_minus_start_speed,continuous,R2,0.8794802617057589,0.06961193725914852,-0.3037714544341006,0.21792280048868248,False,False,False,400,80,79,"five-fold GroupKFold grouped by scenario_token; identical rows/folds/targets/ridge-logistic grid across views; paired loss CI uses 5,000 log-cluster bootstrap replicates",ego13 from frozen Stage7L ego_seq plus mask; raw33 from frozen Stage7L interaction_feat_style raw-equivalent report array,True,DEVELOPMENT_DIAGNOSTIC_EVIDENCE,COORDINATE_GEOMETRY_SHIFT_FAVORED
D0-C_SAME_HIDDEN_SEQUENCE_POOLING_STUDY,B_seed3409,B,3409,SAME_CAPACITY_REFIT_PROBE_PER_VIEW,last,mean,lateral,ego13.heading_change_abs_total,continuous,R2,0.004016776117347742,-0.006784263303028992,-0.24109209378222288,0.20086214608118588,False,False,False,400,80,79,"five-fold GroupKFold grouped by scenario_token; identical rows/folds/targets/ridge-logistic grid across views; paired loss CI uses 5,000 log-cluster bootstrap replicates",ego13 from frozen Stage7L ego_seq plus mask; raw33 from frozen Stage7L interaction_feat_style raw-equivalent report array,True,DEVELOPMENT_DIAGNOSTIC_EVIDENCE,COORDINATE_GEOMETRY_SHIFT_FAVORED
D0-C_SAME_HIDDEN_SEQUENCE_POOLING_STUDY,B_seed3409,B,3409,SAME_CAPACITY_REFIT_PROBE_PER_VIEW,last,mean,longitudinal,ego13.mean_speed,continuous,R2,0.9718629136841408,-0.41361356197554355,-0.5522942155608584,-0.32900260792582714,True,False,True,400,80,79,"five-fold GroupKFold grouped by scenario_token; identical rows/folds/targets/ridge-logistic grid across views; paired loss CI uses 5,000 log-cluster bootstrap replicates",ego13 from frozen Stage7L ego_seq plus mask; raw33 from frozen Stage7L interaction_feat_style raw-equivalent report array,True,DEVELOPMENT_DIAGNOSTIC_EVIDENCE,REFIT_VIEW_GAIN_NOT_INFORMATION_LOSS
D0-C_SAME_HIDDEN_SEQUENCE_POOLING_STUDY,B_seed3409,B,3409,SAME_CAPACITY_REFIT_PROBE_PER_VIEW,last,mean,longitudinal,ego13.rms_accel,continuous,R2,0.6607185755693751,0.23136301359753292,0.11274413861389841,0.33423059250933557,True,True,False,400,80,79,"five-fold GroupKFold grouped by scenario_token; identical rows/folds/targets/ridge-logistic grid across views; paired loss CI uses 5,000 log-cluster bootstrap replicates",ego13 from frozen Stage7L ego_seq plus mask; raw33 from frozen Stage7L interaction_feat_style raw-equivalent report array,True,DEVELOPMENT_DIAGNOSTIC_EVIDENCE,INFORMATION_RETENTION_LOSS_FAVORED
D0-C_SAME_HIDDEN_SEQUENCE_POOLING_STUDY,B_seed3409,B,3409,SAME_CAPACITY_REFIT_PROBE_PER_VIEW,last,mean,lateral,ego13.rms_yaw_rate,continuous,R2,0.10412175166803417,-0.025788983287569855,-0.2727138924218604,0.17642863997766933,False,False,False,400,80,79,"five-fold GroupKFold grouped by scenario_token; identical rows/folds/targets/ridge-logistic grid across views; paired loss CI uses 5,000 log-cluster bootstrap replicates",ego13 from frozen Stage7L ego_seq plus mask; raw33 from frozen Stage7L interaction_feat_style raw-equivalent report array,True,DEVELOPMENT_DIAGNOSTIC_EVIDENCE,NO_MATERIAL_RETENTION_LOSS_SUPPORTED
D0-C_SAME_HIDDEN_SEQUENCE_POOLING_STUDY,B_seed3409,B,3409,SAME_CAPACITY_REFIT_PROBE_PER_VIEW,last,mean,interaction,raw33.front_pressure_score,continuous,R2,0.8851767874829504,-0.01838786719094495,-0.2669567433997752,0.18549478657856652,False,False,False,400,80,79,"five-fold GroupKFold grouped by scenario_token; identical rows/folds/targets/ridge-logistic grid across views; paired loss CI uses 5,000 log-cluster bootstrap replicates",ego13 from frozen Stage7L ego_seq plus mask; raw33 from frozen Stage7L interaction_feat_style raw-equivalent report array,True,DEVELOPMENT_DIAGNOSTIC_EVIDENCE,NO_MATERIAL_RETENTION_LOSS_SUPPORTED
D0-C_SAME_HIDDEN_SEQUENCE_POOLING_STUDY,B_seed3409,B,3409,SAME_CAPACITY_REFIT_PROBE_PER_VIEW,last,mean,lateral,raw33.lane_change_count_proxy,categorical,balanced_accuracy,0.9166666666666667,0.0,0.0,0.0,False,False,False,400,80,79,"five-fold GroupKFold grouped by scenario_token; identical rows/folds/targets/ridge-logistic grid across views; paired loss CI uses 5,000 log-cluster bootstrap replicates",ego13 from frozen Stage7L ego_seq plus mask; raw33 from frozen Stage7L interaction_feat_style raw-equivalent report array,True,DEVELOPMENT_DIAGNOSTIC_EVIDENCE,NO_MATERIAL_RETENTION_LOSS_SUPPORTED
D0-C_SAME_HIDDEN_SEQUENCE_POOLING_STUDY,B_seed3409,B,3409,SAME_CAPACITY_REFIT_PROBE_PER_VIEW,last,mean,interaction,raw33.mean_front_distance,continuous,R2,0.9217882118367812,0.20637056777251608,0.006981663086258752,0.33680532114872824,True,True,False,400,80,79,"five-fold GroupKFold grouped by scenario_token; identical rows/folds/targets/ridge-logistic grid across views; paired loss CI uses 5,000 log-cluster bootstrap replicates",ego13 from frozen Stage7L ego_seq plus mask; raw33 from frozen Stage7L interaction_feat_style raw-equivalent report array,True,DEVELOPMENT_DIAGNOSTIC_EVIDENCE,INFORMATION_RETENTION_LOSS_FAVORED
D0-C_SAME_HIDDEN_SEQUENCE_POOLING_STUDY,B_seed3409,B,3409,SAME_CAPACITY_REFIT_PROBE_PER_VIEW,last,mean,interaction,raw33.mean_rel_speed,continuous,R2,0.9156524844061097,-0.040683114200968984,-0.2462270478644393,0.18318086300937372,False,False,False,400,80,79,"five-fold GroupKFold grouped by scenario_token; identical rows/folds/targets/ridge-logistic grid across views; paired loss CI uses 5,000 log-cluster bootstrap replicates",ego13 from frozen Stage7L ego_seq plus mask; raw33 from frozen Stage7L interaction_feat_style raw-equivalent report array,True,DEVELOPMENT_DIAGNOSTIC_EVIDENCE,NO_MATERIAL_RETENTION_LOSS_SUPPORTED
D0-C_SAME_HIDDEN_SEQUENCE_POOLING_STUDY,C_seed3407,C,3407,FROZEN_PROBE_ACROSS_VIEW,last,last,longitudinal,ego13.end_minus_start_speed,continuous,R2,0.934367454674296,0.0,0.0,0.0,False,False,False,400,80,79,"five-fold GroupKFold grouped by scenario_token; identical rows/folds/targets/ridge-logistic grid across views; paired loss CI uses 5,000 log-cluster bootstrap replicates",ego13 from frozen Stage7L ego_seq plus mask; raw33 from frozen Stage7L interaction_feat_style raw-equivalent report array,False,DEVELOPMENT_DIAGNOSTIC_EVIDENCE,NO_MATERIAL_RETENTION_LOSS_SUPPORTED
D0-C_SAME_HIDDEN_SEQUENCE_POOLING_STUDY,C_seed3407,C,3407,FROZEN_PROBE_ACROSS_VIEW,last,last,lateral,ego13.heading_change_abs_total,continuous,R2,-0.03319741919534547,0.0,0.0,0.0,False,False,False,400,80,79,"five-fold GroupKFold grouped by scenario_token; identical rows/folds/targets/ridge-logistic grid across views; paired loss CI uses 5,000 log-cluster bootstrap replicates",ego13 from frozen Stage7L ego_seq plus mask; raw33 from frozen Stage7L interaction_feat_style raw-equivalent report array,False,DEVELOPMENT_DIAGNOSTIC_EVIDENCE,NO_MATERIAL_RETENTION_LOSS_SUPPORTED
D0-C_SAME_HIDDEN_SEQUENCE_POOLING_STUDY,C_seed3407,C,3407,FROZEN_PROBE_ACROSS_VIEW,last,last,longitudinal,ego13.mean_speed,continuous,R2,0.9857400472188077,0.0,0.0,0.0,False,False,False,400,80,79,"five-fold GroupKFold grouped by scenario_token; identical rows/folds/targets/ridge-logistic grid across views; paired loss CI uses 5,000 log-cluster bootstrap replicates",ego13 from frozen Stage7L ego_seq plus mask; raw33 from frozen Stage7L interaction_feat_style raw-equivalent report array,False,DEVELOPMENT_DIAGNOSTIC_EVIDENCE,NO_MATERIAL_RETENTION_LOSS_SUPPORTED
D0-C_SAME_HIDDEN_SEQUENCE_POOLING_STUDY,C_seed3407,C,3407,FROZEN_PROBE_ACROSS_VIEW,last,last,longitudinal,ego13.rms_accel,continuous,R2,0.7640514802229974,0.0,0.0,0.0,False,False,False,400,80,79,"five-fold GroupKFold grouped by scenario_token; identical rows/folds/targets/ridge-logistic grid across views; paired loss CI uses 5,000 log-cluster bootstrap replicates",ego13 from frozen Stage7L ego_seq plus mask; raw33 from frozen Stage7L interaction_feat_style raw-equivalent report array,False,DEVELOPMENT_DIAGNOSTIC_EVIDENCE,NO_MATERIAL_RETENTION_LOSS_SUPPORTED
D0-C_SAME_HIDDEN_SEQUENCE_POOLING_STUDY,C_seed3407,C,3407,FROZEN_PROBE_ACROSS_VIEW,last,last,lateral,ego13.rms_yaw_rate,continuous,R2,0.2988069833251815,0.0,0.0,0.0,False,False,False,400,80,79,"five-fold GroupKFold grouped by scenario_token; identical rows/folds/targets/ridge-logistic grid across views; paired loss CI uses 5,000 log-cluster bootstrap replicates",ego13 from frozen Stage7L ego_seq plus mask; raw33 from frozen Stage7L interaction_feat_style raw-equivalent report array,False,DEVELOPMENT_DIAGNOSTIC_EVIDENCE,NO_MATERIAL_RETENTION_LOSS_SUPPORTED
D0-C_SAME_HIDDEN_SEQUENCE_POOLING_STUDY,C_seed3407,C,3407,FROZEN_PROBE_ACROSS_VIEW,last,last,interaction,raw33.front_pressure_score,continuous,R2,0.8493896326548055,0.0,0.0,0.0,False,False,False,400,80,79,"five-fold GroupKFold grouped by scenario_token; identical rows/folds/targets/ridge-logistic grid across views; paired loss CI uses 5,000 log-cluster bootstrap replicates",ego13 from frozen Stage7L ego_seq plus mask; raw33 from frozen Stage7L interaction_feat_style raw-equivalent report array,False,DEVELOPMENT_DIAGNOSTIC_EVIDENCE,NO_MATERIAL_RETENTION_LOSS_SUPPORTED
D0-C_SAME_HIDDEN_SEQUENCE_POOLING_STUDY,C_seed3407,C,3407,FROZEN_PROBE_ACROSS_VIEW,last,last,lateral,raw33.lane_change_count_proxy,categorical,balanced_accuracy,0.9153577661431065,0.0,0.0,0.0,False,False,False,400,80,79,"five-fold GroupKFold grouped by scenario_token; identical rows/folds/targets/ridge-logistic grid across views; paired loss CI uses 5,000 log-cluster bootstrap replicates",ego13 from frozen Stage7L ego_seq plus mask; raw33 from frozen Stage7L interaction_feat_style raw-equivalent report array,False,DEVELOPMENT_DIAGNOSTIC_EVIDENCE,NO_MATERIAL_RETENTION_LOSS_SUPPORTED
D0-C_SAME_HIDDEN_SEQUENCE_POOLING_STUDY,C_seed3407,C,3407,FROZEN_PROBE_ACROSS_VIEW,last,last,interaction,raw33.mean_front_distance,continuous,R2,0.9500160821758097,0.0,0.0,0.0,False,False,False,400,80,79,"five-fold GroupKFold grouped by scenario_token; identical rows/folds/targets/ridge-logistic grid across views; paired loss CI uses 5,000 log-cluster bootstrap replicates",ego13 from frozen Stage7L ego_seq plus mask; raw33 from frozen Stage7L interaction_feat_style raw-equivalent report array,False,DEVELOPMENT_DIAGNOSTIC_EVIDENCE,NO_MATERIAL_RETENTION_LOSS_SUPPORTED
D0-C_SAME_HIDDEN_SEQUENCE_POOLING_STUDY,C_seed3407,C,3407,FROZEN_PROBE_ACROSS_VIEW,last,last,interaction,raw33.mean_rel_speed,continuous,R2,0.9172663989083436,0.0,0.0,0.0,False,False,False,400,80,79,"five-fold GroupKFold grouped by scenario_token; identical rows/folds/targets/ridge-logistic grid across views; paired loss CI uses 5,000 log-cluster bootstrap replicates",ego13 from frozen Stage7L ego_seq plus mask; raw33 from frozen Stage7L interaction_feat_style raw-equivalent report array,False,DEVELOPMENT_DIAGNOSTIC_EVIDENCE,NO_MATERIAL_RETENTION_LOSS_SUPPORTED
D0-C_SAME_HIDDEN_SEQUENCE_POOLING_STUDY,C_seed3407,C,3407,FROZEN_PROBE_ACROSS_VIEW,last,max,longitudinal,ego13.end_minus_start_speed,continuous,R2,-85.11313479388593,0.9392273926414111,0.7796363034361689,1.1272025106226895,True,True,False,400,80,79,"five-fold GroupKFold grouped by scenario_token; identical rows/folds/targets/ridge-logistic grid across views; paired loss CI uses 5,000 log-cluster bootstrap replicates",ego13 from frozen Stage7L ego_seq plus mask; raw33 from frozen Stage7L interaction_feat_style raw-equivalent report array,True,DEVELOPMENT_DIAGNOSTIC_EVIDENCE,REFIT_VIEW_GAIN_NOT_INFORMATION_LOSS
D0-C_SAME_HIDDEN_SEQUENCE_POOLING_STUDY,C_seed3407,C,3407,FROZEN_PROBE_ACROSS_VIEW,last,max,lateral,ego13.heading_change_abs_total,continuous,R2,-0.4760748899381273,0.2256382525165166,0.08803081309705008,0.33330854416279043,True,True,False,400,80,79,"five-fold GroupKFold grouped by scenario_token; identical rows/folds/targets/ridge-logistic grid across views; paired loss CI uses 5,000 log-cluster bootstrap replicates",ego13 from frozen Stage7L ego_seq plus mask; raw33 from frozen Stage7L interaction_feat_style raw-equivalent report array,True,DEVELOPMENT_DIAGNOSTIC_EVIDENCE,COORDINATE_GEOMETRY_SHIFT_FAVORED
D0-C_SAME_HIDDEN_SEQUENCE_POOLING_STUDY,C_seed3407,C,3407,FROZEN_PROBE_ACROSS_VIEW,last,max,longitudinal,ego13.mean_speed,continuous,R2,-17.691154507881613,0.6290230121326262,0.5238627717239811,0.7596028592326138,True,True,False,400,80,79,"five-fold GroupKFold grouped by scenario_token; identical rows/folds/targets/ridge-logistic grid across views; paired loss CI uses 5,000 log-cluster bootstrap replicates",ego13 from frozen Stage7L ego_seq plus mask; raw33 from frozen Stage7L interaction_feat_style raw-equivalent report array,True,DEVELOPMENT_DIAGNOSTIC_EVIDENCE,COORDINATE_GEOMETRY_SHIFT_FAVORED
D0-C_SAME_HIDDEN_SEQUENCE_POOLING_STUDY,C_seed3407,C,3407,FROZEN_PROBE_ACROSS_VIEW,last,max,longitudinal,ego13.rms_accel,continuous,R2,-89.64950884791573,1.1687987593830962,1.0055422955827,1.3910835294225692,True,True,False,400,80,79,"five-fold GroupKFold grouped by scenario_token; identical rows/folds/targets/ridge-logistic grid across views; paired loss CI uses 5,000 log-cluster bootstrap replicates",ego13 from frozen Stage7L ego_seq plus mask; raw33 from frozen Stage7L interaction_feat_style raw-equivalent report array,True,DEVELOPMENT_DIAGNOSTIC_EVIDENCE,REFIT_VIEW_GAIN_NOT_INFORMATION_LOSS
D0-C_SAME_HIDDEN_SEQUENCE_POOLING_STUDY,C_seed3407,C,3407,FROZEN_PROBE_ACROSS_VIEW,last,max,lateral,ego13.rms_yaw_rate,continuous,R2,-5.397996543025759,1.0964987378904771,0.9310333624693947,1.338191456800288,True,True,False,400,80,79,"five-fold GroupKFold grouped by scenario_token; identical rows/folds/targets/ridge-logistic grid across views; paired loss CI uses 5,000 log-cluster bootstrap replicates",ego13 from frozen Stage7L ego_seq plus mask; raw33 from frozen Stage7L interaction_feat_style raw-equivalent report array,True,DEVELOPMENT_DIAGNOSTIC_EVIDENCE,COORDINATE_GEOMETRY_SHIFT_FAVORED
D0-C_SAME_HIDDEN_SEQUENCE_POOLING_STUDY,C_seed3407,C,3407,FROZEN_PROBE_ACROSS_VIEW,last,max,interaction,raw33.front_pressure_score,continuous,R2,-4.312770220317303,0.5309483246021838,0.42996065505055275,0.6467929061878349,True,True,False,400,80,79,"five-fold GroupKFold grouped by scenario_token; identical rows/folds/targets/ridge-logistic grid across views; paired loss CI uses 5,000 log-cluster bootstrap replicates",ego13 from frozen Stage7L ego_seq plus mask; raw33 from frozen Stage7L interaction_feat_style raw-equivalent report array,True,DEVELOPMENT_DIAGNOSTIC_EVIDENCE,INFORMATION_RETENTION_LOSS_FAVORED
D0-C_SAME_HIDDEN_SEQUENCE_POOLING_STUDY,C_seed3407,C,3407,FROZEN_PROBE_ACROSS_VIEW,last,max,lateral,raw33.lane_change_count_proxy,categorical,balanced_accuracy,0.7521815008726003,0.4523746730197287,0.326641891213922,0.5819588783834984,True,True,False,400,80,79,"five-fold GroupKFold grouped by scenario_token; identical rows/folds/targets/ridge-logistic grid across views; paired loss CI uses 5,000 log-cluster bootstrap replicates",ego13 from frozen Stage7L ego_seq plus mask; raw33 from frozen Stage7L interaction_feat_style raw-equivalent report array,True,DEVELOPMENT_DIAGNOSTIC_EVIDENCE,INFORMATION_RETENTION_LOSS_FAVORED
D0-C_SAME_HIDDEN_SEQUENCE_POOLING_STUDY,C_seed3407,C,3407,FROZEN_PROBE_ACROSS_VIEW,last,max,interaction,raw33.mean_front_distance,continuous,R2,-5.526162646834294,0.30377411142207233,0.23285581286642185,0.42478352009086906,True,True,False,400,80,79,"five-fold GroupKFold grouped by scenario_token; identical rows/folds/targets/ridge-logistic grid across views; paired loss CI uses 5,000 log-cluster bootstrap replicates",ego13 from frozen Stage7L ego_seq plus mask; raw33 from frozen Stage7L interaction_feat_style raw-equivalent report array,True,DEVELOPMENT_DIAGNOSTIC_EVIDENCE,INFORMATION_RETENTION_LOSS_FAVORED
D0-C_SAME_HIDDEN_SEQUENCE_POOLING_STUDY,C_seed3407,C,3407,FROZEN_PROBE_ACROSS_VIEW,last,max,interaction,raw33.mean_rel_speed,continuous,R2,0.1381156067135848,1.1262639090209428,0.9291075101054997,1.360982583303794,True,True,False,400,80,79,"five-fold GroupKFold grouped by scenario_token; identical rows/folds/targets/ridge-logistic grid across views; paired loss CI uses 5,000 log-cluster bootstrap replicates",ego13 from frozen Stage7L ego_seq plus mask; raw33 from frozen Stage7L interaction_feat_style raw-equivalent report array,True,DEVELOPMENT_DIAGNOSTIC_EVIDENCE,INFORMATION_RETENTION_LOSS_FAVORED
D0-C_SAME_HIDDEN_SEQUENCE_POOLING_STUDY,C_seed3407,C,3407,FROZEN_PROBE_ACROSS_VIEW,last,mean,longitudinal,ego13.end_minus_start_speed,continuous,R2,-17.859122563826237,1.410755955304349,1.2094316474429205,1.6761641042475757,True,True,False,400,80,79,"five-fold GroupKFold grouped by scenario_token; identical rows/folds/targets/ridge-logistic grid across views; paired loss CI uses 5,000 log-cluster bootstrap replicates",ego13 from frozen Stage7L ego_seq plus mask; raw33 from frozen Stage7L interaction_feat_style raw-equivalent report array,True,DEVELOPMENT_DIAGNOSTIC_EVIDENCE,REFIT_VIEW_GAIN_NOT_INFORMATION_LOSS
D0-C_SAME_HIDDEN_SEQUENCE_POOLING_STUDY,C_seed3407,C,3407,FROZEN_PROBE_ACROSS_VIEW,last,mean,lateral,ego13.heading_change_abs_total,continuous,R2,-0.7307087626533062,0.33725697397752236,0.21477065510232135,0.4711828217599939,True,True,False,400,80,79,"five-fold GroupKFold grouped by scenario_token; identical rows/folds/targets/ridge-logistic grid across views; paired loss CI uses 5,000 log-cluster bootstrap replicates",ego13 from frozen Stage7L ego_seq plus mask; raw33 from frozen Stage7L interaction_feat_style raw-equivalent report array,True,DEVELOPMENT_DIAGNOSTIC_EVIDENCE,REFIT_VIEW_GAIN_NOT_INFORMATION_LOSS
D0-C_SAME_HIDDEN_SEQUENCE_POOLING_STUDY,C_seed3407,C,3407,FROZEN_PROBE_ACROSS_VIEW,last,mean,longitudinal,ego13.mean_speed,continuous,R2,-29.937607145023144,3.0093287785026392,2.701571546710537,3.481223372852782,True,True,False,400,80,79,"five-fold GroupKFold grouped by scenario_token; identical rows/folds/targets/ridge-logistic grid across views; paired loss CI uses 5,000 log-cluster bootstrap replicates",ego13 from frozen Stage7L ego_seq plus mask; raw33 from frozen Stage7L interaction_feat_style raw-equivalent report array,True,DEVELOPMENT_DIAGNOSTIC_EVIDENCE,REFIT_VIEW_GAIN_NOT_INFORMATION_LOSS
D0-C_SAME_HIDDEN_SEQUENCE_POOLING_STUDY,C_seed3407,C,3407,FROZEN_PROBE_ACROSS_VIEW,last,mean,longitudinal,ego13.rms_accel,continuous,R2,-74.85425399014503,1.2612963327457036,1.0783966407922965,1.494921312888013,True,True,False,400,80,79,"five-fold GroupKFold grouped by scenario_token; identical rows/folds/targets/ridge-logistic grid across views; paired loss CI uses 5,000 log-cluster bootstrap replicates",ego13 from frozen Stage7L ego_seq plus mask; raw33 from frozen Stage7L interaction_feat_style raw-equivalent report array,True,DEVELOPMENT_DIAGNOSTIC_EVIDENCE,REFIT_VIEW_GAIN_NOT_INFORMATION_LOSS
D0-C_SAME_HIDDEN_SEQUENCE_POOLING_STUDY,C_seed3407,C,3407,FROZEN_PROBE_ACROSS_VIEW,last,mean,lateral,ego13.rms_yaw_rate,continuous,R2,-3.141410998923509,0.9884409066182148,0.7737463083356635,1.3627934582966033,True,True,False,400,80,79,"five-fold GroupKFold grouped by scenario_token; identical rows/folds/targets/ridge-logistic grid across views; paired loss CI uses 5,000 log-cluster bootstrap replicates",ego13 from frozen Stage7L ego_seq plus mask; raw33 from frozen Stage7L interaction_feat_style raw-equivalent report array,True,DEVELOPMENT_DIAGNOSTIC_EVIDENCE,COORDINATE_GEOMETRY_SHIFT_FAVORED
D0-C_SAME_HIDDEN_SEQUENCE_POOLING_STUDY,C_seed3407,C,3407,FROZEN_PROBE_ACROSS_VIEW,last,mean,interaction,raw33.front_pressure_score,continuous,R2,0.7350823110861424,0.30890571380868553,0.1519451497950281,0.44469381275849035,True,True,False,400,80,79,"five-fold GroupKFold grouped by scenario_token; identical rows/folds/targets/ridge-logistic grid across views; paired loss CI uses 5,000 log-cluster bootstrap replicates",ego13 from frozen Stage7L ego_seq plus mask; raw33 from frozen Stage7L interaction_feat_style raw-equivalent report array,True,DEVELOPMENT_DIAGNOSTIC_EVIDENCE,COORDINATE_GEOMETRY_SHIFT_FAVORED
D0-C_SAME_HIDDEN_SEQUENCE_POOLING_STUDY,C_seed3407,C,3407,FROZEN_PROBE_ACROSS_VIEW,last,mean,lateral,raw33.lane_change_count_proxy,categorical,balanced_accuracy,0.9166666666666667,-0.11250879009260241,-0.1974183814182091,0.0,False,False,False,400,80,79,"five-fold GroupKFold grouped by scenario_token; identical rows/folds/targets/ridge-logistic grid across views; paired loss CI uses 5,000 log-cluster bootstrap replicates",ego13 from frozen Stage7L ego_seq plus mask; raw33 from frozen Stage7L interaction_feat_style raw-equivalent report array,True,DEVELOPMENT_DIAGNOSTIC_EVIDENCE,NO_MATERIAL_RETENTION_LOSS_SUPPORTED
D0-C_SAME_HIDDEN_SEQUENCE_POOLING_STUDY,C_seed3407,C,3407,FROZEN_PROBE_ACROSS_VIEW,last,mean,interaction,raw33.mean_front_distance,continuous,R2,0.8158780619654322,0.4582578766541409,0.3438843269912667,0.5827429682547798,True,True,False,400,80,79,"five-fold GroupKFold grouped by scenario_token; identical rows/folds/targets/ridge-logistic grid across views; paired loss CI uses 5,000 log-cluster bootstrap replicates",ego13 from frozen Stage7L ego_seq plus mask; raw33 from frozen Stage7L interaction_feat_style raw-equivalent report array,True,DEVELOPMENT_DIAGNOSTIC_EVIDENCE,COORDINATE_GEOMETRY_SHIFT_FAVORED
D0-C_SAME_HIDDEN_SEQUENCE_POOLING_STUDY,C_seed3407,C,3407,FROZEN_PROBE_ACROSS_VIEW,last,mean,interaction,raw33.mean_rel_speed,continuous,R2,0.9116861692582436,0.048793674159948966,-0.1567907563246226,0.2901098067299675,False,False,False,400,80,79,"five-fold GroupKFold grouped by scenario_token; identical rows/folds/targets/ridge-logistic grid across views; paired loss CI uses 5,000 log-cluster bootstrap replicates",ego13 from frozen Stage7L ego_seq plus mask; raw33 from frozen Stage7L interaction_feat_style raw-equivalent report array,True,DEVELOPMENT_DIAGNOSTIC_EVIDENCE,NO_MATERIAL_RETENTION_LOSS_SUPPORTED
D0-C_SAME_HIDDEN_SEQUENCE_POOLING_STUDY,C_seed3407,C,3407,SAME_CAPACITY_REFIT_PROBE_PER_VIEW,last,last,longitudinal,ego13.end_minus_start_speed,continuous,R2,0.934367454674296,0.0,0.0,0.0,False,False,False,400,80,79,"five-fold GroupKFold grouped by scenario_token; identical rows/folds/targets/ridge-logistic grid across views; paired loss CI uses 5,000 log-cluster bootstrap replicates",ego13 from frozen Stage7L ego_seq plus mask; raw33 from frozen Stage7L interaction_feat_style raw-equivalent report array,False,DEVELOPMENT_DIAGNOSTIC_EVIDENCE,NO_MATERIAL_RETENTION_LOSS_SUPPORTED
D0-C_SAME_HIDDEN_SEQUENCE_POOLING_STUDY,C_seed3407,C,3407,SAME_CAPACITY_REFIT_PROBE_PER_VIEW,last,last,lateral,ego13.heading_change_abs_total,continuous,R2,-0.03319741919534547,0.0,0.0,0.0,False,False,False,400,80,79,"five-fold GroupKFold grouped by scenario_token; identical rows/folds/targets/ridge-logistic grid across views; paired loss CI uses 5,000 log-cluster bootstrap replicates",ego13 from frozen Stage7L ego_seq plus mask; raw33 from frozen Stage7L interaction_feat_style raw-equivalent report array,False,DEVELOPMENT_DIAGNOSTIC_EVIDENCE,NO_MATERIAL_RETENTION_LOSS_SUPPORTED
D0-C_SAME_HIDDEN_SEQUENCE_POOLING_STUDY,C_seed3407,C,3407,SAME_CAPACITY_REFIT_PROBE_PER_VIEW,last,last,longitudinal,ego13.mean_speed,continuous,R2,0.9857400472188077,0.0,0.0,0.0,False,False,False,400,80,79,"five-fold GroupKFold grouped by scenario_token; identical rows/folds/targets/ridge-logistic grid across views; paired loss CI uses 5,000 log-cluster bootstrap replicates",ego13 from frozen Stage7L ego_seq plus mask; raw33 from frozen Stage7L interaction_feat_style raw-equivalent report array,False,DEVELOPMENT_DIAGNOSTIC_EVIDENCE,NO_MATERIAL_RETENTION_LOSS_SUPPORTED
D0-C_SAME_HIDDEN_SEQUENCE_POOLING_STUDY,C_seed3407,C,3407,SAME_CAPACITY_REFIT_PROBE_PER_VIEW,last,last,longitudinal,ego13.rms_accel,continuous,R2,0.7640514802229974,0.0,0.0,0.0,False,False,False,400,80,79,"five-fold GroupKFold grouped by scenario_token; identical rows/folds/targets/ridge-logistic grid across views; paired loss CI uses 5,000 log-cluster bootstrap replicates",ego13 from frozen Stage7L ego_seq plus mask; raw33 from frozen Stage7L interaction_feat_style raw-equivalent report array,False,DEVELOPMENT_DIAGNOSTIC_EVIDENCE,NO_MATERIAL_RETENTION_LOSS_SUPPORTED
D0-C_SAME_HIDDEN_SEQUENCE_POOLING_STUDY,C_seed3407,C,3407,SAME_CAPACITY_REFIT_PROBE_PER_VIEW,last,last,lateral,ego13.rms_yaw_rate,continuous,R2,0.2988069833251815,0.0,0.0,0.0,False,False,False,400,80,79,"five-fold GroupKFold grouped by scenario_token; identical rows/folds/targets/ridge-logistic grid across views; paired loss CI uses 5,000 log-cluster bootstrap replicates",ego13 from frozen Stage7L ego_seq plus mask; raw33 from frozen Stage7L interaction_feat_style raw-equivalent report array,False,DEVELOPMENT_DIAGNOSTIC_EVIDENCE,NO_MATERIAL_RETENTION_LOSS_SUPPORTED
D0-C_SAME_HIDDEN_SEQUENCE_POOLING_STUDY,C_seed3407,C,3407,SAME_CAPACITY_REFIT_PROBE_PER_VIEW,last,last,interaction,raw33.front_pressure_score,continuous,R2,0.8493896326548055,0.0,0.0,0.0,False,False,False,400,80,79,"five-fold GroupKFold grouped by scenario_token; identical rows/folds/targets/ridge-logistic grid across views; paired loss CI uses 5,000 log-cluster bootstrap replicates",ego13 from frozen Stage7L ego_seq plus mask; raw33 from frozen Stage7L interaction_feat_style raw-equivalent report array,False,DEVELOPMENT_DIAGNOSTIC_EVIDENCE,NO_MATERIAL_RETENTION_LOSS_SUPPORTED
D0-C_SAME_HIDDEN_SEQUENCE_POOLING_STUDY,C_seed3407,C,3407,SAME_CAPACITY_REFIT_PROBE_PER_VIEW,last,last,lateral,raw33.lane_change_count_proxy,categorical,balanced_accuracy,0.9153577661431065,0.0,0.0,0.0,False,False,False,400,80,79,"five-fold GroupKFold grouped by scenario_token; identical rows/folds/targets/ridge-logistic grid across views; paired loss CI uses 5,000 log-cluster bootstrap replicates",ego13 from frozen Stage7L ego_seq plus mask; raw33 from frozen Stage7L interaction_feat_style raw-equivalent report array,False,DEVELOPMENT_DIAGNOSTIC_EVIDENCE,NO_MATERIAL_RETENTION_LOSS_SUPPORTED
D0-C_SAME_HIDDEN_SEQUENCE_POOLING_STUDY,C_seed3407,C,3407,SAME_CAPACITY_REFIT_PROBE_PER_VIEW,last,last,interaction,raw33.mean_front_distance,continuous,R2,0.9500160821758097,0.0,0.0,0.0,False,False,False,400,80,79,"five-fold GroupKFold grouped by scenario_token; identical rows/folds/targets/ridge-logistic grid across views; paired loss CI uses 5,000 log-cluster bootstrap replicates",ego13 from frozen Stage7L ego_seq plus mask; raw33 from frozen Stage7L interaction_feat_style raw-equivalent report array,False,DEVELOPMENT_DIAGNOSTIC_EVIDENCE,NO_MATERIAL_RETENTION_LOSS_SUPPORTED
D0-C_SAME_HIDDEN_SEQUENCE_POOLING_STUDY,C_seed3407,C,3407,SAME_CAPACITY_REFIT_PROBE_PER_VIEW,last,last,interaction,raw33.mean_rel_speed,continuous,R2,0.9172663989083436,0.0,0.0,0.0,False,False,False,400,80,79,"five-fold GroupKFold grouped by scenario_token; identical rows/folds/targets/ridge-logistic grid across views; paired loss CI uses 5,000 log-cluster bootstrap replicates",ego13 from frozen Stage7L ego_seq plus mask; raw33 from frozen Stage7L interaction_feat_style raw-equivalent report array,False,DEVELOPMENT_DIAGNOSTIC_EVIDENCE,NO_MATERIAL_RETENTION_LOSS_SUPPORTED
D0-C_SAME_HIDDEN_SEQUENCE_POOLING_STUDY,C_seed3407,C,3407,SAME_CAPACITY_REFIT_PROBE_PER_VIEW,last,max,longitudinal,ego13.end_minus_start_speed,continuous,R2,0.9920788044522632,-0.2348309278432785,-0.3932867047942242,-0.17301382223471137,True,False,True,400,80,79,"five-fold GroupKFold grouped by scenario_token; identical rows/folds/targets/ridge-logistic grid across views; paired loss CI uses 5,000 log-cluster bootstrap replicates",ego13 from frozen Stage7L ego_seq plus mask; raw33 from frozen Stage7L interaction_feat_style raw-equivalent report array,True,DEVELOPMENT_DIAGNOSTIC_EVIDENCE,REFIT_VIEW_GAIN_NOT_INFORMATION_LOSS
D0-C_SAME_HIDDEN_SEQUENCE_POOLING_STUDY,C_seed3407,C,3407,SAME_CAPACITY_REFIT_PROBE_PER_VIEW,last,max,lateral,ego13.heading_change_abs_total,continuous,R2,0.009157293698466074,-0.10921599891405291,-0.313812955998937,0.11096230169064492,False,False,False,400,80,79,"five-fold GroupKFold grouped by scenario_token; identical rows/folds/targets/ridge-logistic grid across views; paired loss CI uses 5,000 log-cluster bootstrap replicates",ego13 from frozen Stage7L ego_seq plus mask; raw33 from frozen Stage7L interaction_feat_style raw-equivalent report array,True,DEVELOPMENT_DIAGNOSTIC_EVIDENCE,COORDINATE_GEOMETRY_SHIFT_FAVORED
D0-C_SAME_HIDDEN_SEQUENCE_POOLING_STUDY,C_seed3407,C,3407,SAME_CAPACITY_REFIT_PROBE_PER_VIEW,last,max,longitudinal,ego13.mean_speed,continuous,R2,0.9858872783436785,-0.007650800424577372,-0.24522116927427107,0.19936341066652605,False,False,False,400,80,79,"five-fold GroupKFold grouped by scenario_token; identical rows/folds/targets/ridge-logistic grid across views; paired loss CI uses 5,000 log-cluster bootstrap replicates",ego13 from frozen Stage7L ego_seq plus mask; raw33 from frozen Stage7L interaction_feat_style raw-equivalent report array,True,DEVELOPMENT_DIAGNOSTIC_EVIDENCE,COORDINATE_GEOMETRY_SHIFT_FAVORED
D0-C_SAME_HIDDEN_SEQUENCE_POOLING_STUDY,C_seed3407,C,3407,SAME_CAPACITY_REFIT_PROBE_PER_VIEW,last,max,longitudinal,ego13.rms_accel,continuous,R2,0.9631934836816353,-0.21166713264964127,-0.4591116001009419,-0.1617841735812274,True,False,True,400,80,79,"five-fold GroupKFold grouped by scenario_token; identical rows/folds/targets/ridge-logistic grid across views; paired loss CI uses 5,000 log-cluster bootstrap replicates",ego13 from frozen Stage7L ego_seq plus mask; raw33 from frozen Stage7L interaction_feat_style raw-equivalent report array,True,DEVELOPMENT_DIAGNOSTIC_EVIDENCE,REFIT_VIEW_GAIN_NOT_INFORMATION_LOSS
D0-C_SAME_HIDDEN_SEQUENCE_POOLING_STUDY,C_seed3407,C,3407,SAME_CAPACITY_REFIT_PROBE_PER_VIEW,last,max,lateral,ego13.rms_yaw_rate,continuous,R2,0.15606032249531476,0.14522900467229038,-0.0728373405813401,0.31930543058189853,False,False,False,400,80,79,"five-fold GroupKFold grouped by scenario_token; identical rows/folds/targets/ridge-logistic grid across views; paired loss CI uses 5,000 log-cluster bootstrap replicates",ego13 from frozen Stage7L ego_seq plus mask; raw33 from frozen Stage7L interaction_feat_style raw-equivalent report array,True,DEVELOPMENT_DIAGNOSTIC_EVIDENCE,COORDINATE_GEOMETRY_SHIFT_FAVORED
D0-C_SAME_HIDDEN_SEQUENCE_POOLING_STUDY,C_seed3407,C,3407,SAME_CAPACITY_REFIT_PROBE_PER_VIEW,last,max,interaction,raw33.front_pressure_score,continuous,R2,0.6468143419707226,0.30364472336783094,0.184579577290343,0.42702389953606745,True,True,False,400,80,79,"five-fold GroupKFold grouped by scenario_token; identical rows/folds/targets/ridge-logistic grid across views; paired loss CI uses 5,000 log-cluster bootstrap replicates",ego13 from frozen Stage7L ego_seq plus mask; raw33 from frozen Stage7L interaction_feat_style raw-equivalent report array,True,DEVELOPMENT_DIAGNOSTIC_EVIDENCE,INFORMATION_RETENTION_LOSS_FAVORED
D0-C_SAME_HIDDEN_SEQUENCE_POOLING_STUDY,C_seed3407,C,3407,SAME_CAPACITY_REFIT_PROBE_PER_VIEW,last,max,lateral,raw33.lane_change_count_proxy,categorical,balanced_accuracy,0.6045666084933101,0.20936626796652108,0.11250879009260237,0.31270904409652783,True,True,False,400,80,79,"five-fold GroupKFold grouped by scenario_token; identical rows/folds/targets/ridge-logistic grid across views; paired loss CI uses 5,000 log-cluster bootstrap replicates",ego13 from frozen Stage7L ego_seq plus mask; raw33 from frozen Stage7L interaction_feat_style raw-equivalent report array,True,DEVELOPMENT_DIAGNOSTIC_EVIDENCE,INFORMATION_RETENTION_LOSS_FAVORED
D0-C_SAME_HIDDEN_SEQUENCE_POOLING_STUDY,C_seed3407,C,3407,SAME_CAPACITY_REFIT_PROBE_PER_VIEW,last,max,interaction,raw33.mean_front_distance,continuous,R2,0.8539443687679691,0.34170012166676006,0.2112257569275601,0.49502462415040405,True,True,False,400,80,79,"five-fold GroupKFold grouped by scenario_token; identical rows/folds/targets/ridge-logistic grid across views; paired loss CI uses 5,000 log-cluster bootstrap replicates",ego13 from frozen Stage7L ego_seq plus mask; raw33 from frozen Stage7L interaction_feat_style raw-equivalent report array,True,DEVELOPMENT_DIAGNOSTIC_EVIDENCE,INFORMATION_RETENTION_LOSS_FAVORED
D0-C_SAME_HIDDEN_SEQUENCE_POOLING_STUDY,C_seed3407,C,3407,SAME_CAPACITY_REFIT_PROBE_PER_VIEW,last,max,interaction,raw33.mean_rel_speed,continuous,R2,0.8669733306557342,0.2385004688735779,0.019877481415328975,0.44049774679226883,True,True,False,400,80,79,"five-fold GroupKFold grouped by scenario_token; identical rows/folds/targets/ridge-logistic grid across views; paired loss CI uses 5,000 log-cluster bootstrap replicates",ego13 from frozen Stage7L ego_seq plus mask; raw33 from frozen Stage7L interaction_feat_style raw-equivalent report array,True,DEVELOPMENT_DIAGNOSTIC_EVIDENCE,INFORMATION_RETENTION_LOSS_FAVORED
D0-C_SAME_HIDDEN_SEQUENCE_POOLING_STUDY,C_seed3407,C,3407,SAME_CAPACITY_REFIT_PROBE_PER_VIEW,last,mean,longitudinal,ego13.end_minus_start_speed,continuous,R2,0.9964345212749106,-0.2611442286997173,-0.5492769217342678,-0.20555903623778907,True,False,True,400,80,79,"five-fold GroupKFold grouped by scenario_token; identical rows/folds/targets/ridge-logistic grid across views; paired loss CI uses 5,000 log-cluster bootstrap replicates",ego13 from frozen Stage7L ego_seq plus mask; raw33 from frozen Stage7L interaction_feat_style raw-equivalent report array,True,DEVELOPMENT_DIAGNOSTIC_EVIDENCE,REFIT_VIEW_GAIN_NOT_INFORMATION_LOSS
D0-C_SAME_HIDDEN_SEQUENCE_POOLING_STUDY,C_seed3407,C,3407,SAME_CAPACITY_REFIT_PROBE_PER_VIEW,last,mean,lateral,ego13.heading_change_abs_total,continuous,R2,0.2645225413745076,-0.23548876708495647,-0.40966720099410026,-0.07023836133913922,True,False,True,400,80,79,"five-fold GroupKFold grouped by scenario_token; identical rows/folds/targets/ridge-logistic grid across views; paired loss CI uses 5,000 log-cluster bootstrap replicates",ego13 from frozen Stage7L ego_seq plus mask; raw33 from frozen Stage7L interaction_feat_style raw-equivalent report array,True,DEVELOPMENT_DIAGNOSTIC_EVIDENCE,REFIT_VIEW_GAIN_NOT_INFORMATION_LOSS
D0-C_SAME_HIDDEN_SEQUENCE_POOLING_STUDY,C_seed3407,C,3407,SAME_CAPACITY_REFIT_PROBE_PER_VIEW,last,mean,longitudinal,ego13.mean_speed,continuous,R2,0.9989222260976319,-0.39373128675311536,-0.5128727647986886,-0.3157580865798056,True,False,True,400,80,79,"five-fold GroupKFold grouped by scenario_token; identical rows/folds/targets/ridge-logistic grid across views; paired loss CI uses 5,000 log-cluster bootstrap replicates",ego13 from frozen Stage7L ego_seq plus mask; raw33 from frozen Stage7L interaction_feat_style raw-equivalent report array,True,DEVELOPMENT_DIAGNOSTIC_EVIDENCE,REFIT_VIEW_GAIN_NOT_INFORMATION_LOSS
D0-C_SAME_HIDDEN_SEQUENCE_POOLING_STUDY,C_seed3407,C,3407,SAME_CAPACITY_REFIT_PROBE_PER_VIEW,last,mean,longitudinal,ego13.rms_accel,continuous,R2,0.9569499252086652,-0.21835456825295996,-0.4569282988290459,-0.1652984923564958,True,False,True,400,80,79,"five-fold GroupKFold grouped by scenario_token; identical rows/folds/targets/ridge-logistic grid across views; paired loss CI uses 5,000 log-cluster bootstrap replicates",ego13 from frozen Stage7L ego_seq plus mask; raw33 from frozen Stage7L interaction_feat_style raw-equivalent report array,True,DEVELOPMENT_DIAGNOSTIC_EVIDENCE,REFIT_VIEW_GAIN_NOT_INFORMATION_LOSS
D0-C_SAME_HIDDEN_SEQUENCE_POOLING_STUDY,C_seed3407,C,3407,SAME_CAPACITY_REFIT_PROBE_PER_VIEW,last,mean,lateral,ego13.rms_yaw_rate,continuous,R2,0.31076920672407193,-0.021977833078532006,-0.24852142065180283,0.1946708326461668,False,False,False,400,80,79,"five-fold GroupKFold grouped by scenario_token; identical rows/folds/targets/ridge-logistic grid across views; paired loss CI uses 5,000 log-cluster bootstrap replicates",ego13 from frozen Stage7L ego_seq plus mask; raw33 from frozen Stage7L interaction_feat_style raw-equivalent report array,True,DEVELOPMENT_DIAGNOSTIC_EVIDENCE,COORDINATE_GEOMETRY_SHIFT_FAVORED
D0-C_SAME_HIDDEN_SEQUENCE_POOLING_STUDY,C_seed3407,C,3407,SAME_CAPACITY_REFIT_PROBE_PER_VIEW,last,mean,interaction,raw33.front_pressure_score,continuous,R2,0.8553639003954328,-0.02762083277288274,-0.25893681357587944,0.18893705505646669,False,False,False,400,80,79,"five-fold GroupKFold grouped by scenario_token; identical rows/folds/targets/ridge-logistic grid across views; paired loss CI uses 5,000 log-cluster bootstrap replicates",ego13 from frozen Stage7L ego_seq plus mask; raw33 from frozen Stage7L interaction_feat_style raw-equivalent report array,True,DEVELOPMENT_DIAGNOSTIC_EVIDENCE,COORDINATE_GEOMETRY_SHIFT_FAVORED
D0-C_SAME_HIDDEN_SEQUENCE_POOLING_STUDY,C_seed3407,C,3407,SAME_CAPACITY_REFIT_PROBE_PER_VIEW,last,mean,lateral,raw33.lane_change_count_proxy,categorical,balanced_accuracy,0.9166666666666667,-0.11250879009260241,-0.1974183814182091,0.0,False,False,False,400,80,79,"five-fold GroupKFold grouped by scenario_token; identical rows/folds/targets/ridge-logistic grid across views; paired loss CI uses 5,000 log-cluster bootstrap replicates",ego13 from frozen Stage7L ego_seq plus mask; raw33 from frozen Stage7L interaction_feat_style raw-equivalent report array,True,DEVELOPMENT_DIAGNOSTIC_EVIDENCE,NO_MATERIAL_RETENTION_LOSS_SUPPORTED
D0-C_SAME_HIDDEN_SEQUENCE_POOLING_STUDY,C_seed3407,C,3407,SAME_CAPACITY_REFIT_PROBE_PER_VIEW,last,mean,interaction,raw33.mean_front_distance,continuous,R2,0.9500588843227297,0.0014827154343110887,-0.22808056618517294,0.22683509993074424,False,False,False,400,80,79,"five-fold GroupKFold grouped by scenario_token; identical rows/folds/targets/ridge-logistic grid across views; paired loss CI uses 5,000 log-cluster bootstrap replicates",ego13 from frozen Stage7L ego_seq plus mask; raw33 from frozen Stage7L interaction_feat_style raw-equivalent report array,True,DEVELOPMENT_DIAGNOSTIC_EVIDENCE,COORDINATE_GEOMETRY_SHIFT_FAVORED
D0-C_SAME_HIDDEN_SEQUENCE_POOLING_STUDY,C_seed3407,C,3407,SAME_CAPACITY_REFIT_PROBE_PER_VIEW,last,mean,interaction,raw33.mean_rel_speed,continuous,R2,0.9187360902724826,-0.01304886031381841,-0.2587203521676444,0.1773986038621503,False,False,False,400,80,79,"five-fold GroupKFold grouped by scenario_token; identical rows/folds/targets/ridge-logistic grid across views; paired loss CI uses 5,000 log-cluster bootstrap replicates",ego13 from frozen Stage7L ego_seq plus mask; raw33 from frozen Stage7L interaction_feat_style raw-equivalent report array,True,DEVELOPMENT_DIAGNOSTIC_EVIDENCE,NO_MATERIAL_RETENTION_LOSS_SUPPORTED
D0-C_SAME_HIDDEN_SEQUENCE_POOLING_STUDY,C_seed3408,C,3408,FROZEN_PROBE_ACROSS_VIEW,last,last,longitudinal,ego13.end_minus_start_speed,continuous,R2,0.9677174041386272,0.0,0.0,0.0,False,False,False,400,80,79,"five-fold GroupKFold grouped by scenario_token; identical rows/folds/targets/ridge-logistic grid across views; paired loss CI uses 5,000 log-cluster bootstrap replicates",ego13 from frozen Stage7L ego_seq plus mask; raw33 from frozen Stage7L interaction_feat_style raw-equivalent report array,False,DEVELOPMENT_DIAGNOSTIC_EVIDENCE,NO_MATERIAL_RETENTION_LOSS_SUPPORTED
D0-C_SAME_HIDDEN_SEQUENCE_POOLING_STUDY,C_seed3408,C,3408,FROZEN_PROBE_ACROSS_VIEW,last,last,lateral,ego13.heading_change_abs_total,continuous,R2,0.04644676473520537,0.0,0.0,0.0,False,False,False,400,80,79,"five-fold GroupKFold grouped by scenario_token; identical rows/folds/targets/ridge-logistic grid across views; paired loss CI uses 5,000 log-cluster bootstrap replicates",ego13 from frozen Stage7L ego_seq plus mask; raw33 from frozen Stage7L interaction_feat_style raw-equivalent report array,False,DEVELOPMENT_DIAGNOSTIC_EVIDENCE,NO_MATERIAL_RETENTION_LOSS_SUPPORTED
D0-C_SAME_HIDDEN_SEQUENCE_POOLING_STUDY,C_seed3408,C,3408,FROZEN_PROBE_ACROSS_VIEW,last,last,longitudinal,ego13.mean_speed,continuous,R2,0.9960678553628445,0.0,0.0,0.0,False,False,False,400,80,79,"five-fold GroupKFold grouped by scenario_token; identical rows/folds/targets/ridge-logistic grid across views; paired loss CI uses 5,000 log-cluster bootstrap replicates",ego13 from frozen Stage7L ego_seq plus mask; raw33 from frozen Stage7L interaction_feat_style raw-equivalent report array,False,DEVELOPMENT_DIAGNOSTIC_EVIDENCE,NO_MATERIAL_RETENTION_LOSS_SUPPORTED
D0-C_SAME_HIDDEN_SEQUENCE_POOLING_STUDY,C_seed3408,C,3408,FROZEN_PROBE_ACROSS_VIEW,last,last,longitudinal,ego13.rms_accel,continuous,R2,0.8740773195946601,0.0,0.0,0.0,False,False,False,400,80,79,"five-fold GroupKFold grouped by scenario_token; identical rows/folds/targets/ridge-logistic grid across views; paired loss CI uses 5,000 log-cluster bootstrap replicates",ego13 from frozen Stage7L ego_seq plus mask; raw33 from frozen Stage7L interaction_feat_style raw-equivalent report array,False,DEVELOPMENT_DIAGNOSTIC_EVIDENCE,NO_MATERIAL_RETENTION_LOSS_SUPPORTED
D0-C_SAME_HIDDEN_SEQUENCE_POOLING_STUDY,C_seed3408,C,3408,FROZEN_PROBE_ACROSS_VIEW,last,last,lateral,ego13.rms_yaw_rate,continuous,R2,0.1833570286922207,0.0,0.0,0.0,False,False,False,400,80,79,"five-fold GroupKFold grouped by scenario_token; identical rows/folds/targets/ridge-logistic grid across views; paired loss CI uses 5,000 log-cluster bootstrap replicates",ego13 from frozen Stage7L ego_seq plus mask; raw33 from frozen Stage7L interaction_feat_style raw-equivalent report array,False,DEVELOPMENT_DIAGNOSTIC_EVIDENCE,NO_MATERIAL_RETENTION_LOSS_SUPPORTED
D0-C_SAME_HIDDEN_SEQUENCE_POOLING_STUDY,C_seed3408,C,3408,FROZEN_PROBE_ACROSS_VIEW,last,last,interaction,raw33.front_pressure_score,continuous,R2,0.825591674123398,0.0,0.0,0.0,False,False,False,400,80,79,"five-fold GroupKFold grouped by scenario_token; identical rows/folds/targets/ridge-logistic grid across views; paired loss CI uses 5,000 log-cluster bootstrap replicates",ego13 from frozen Stage7L ego_seq plus mask; raw33 from frozen Stage7L interaction_feat_style raw-equivalent report array,False,DEVELOPMENT_DIAGNOSTIC_EVIDENCE,NO_MATERIAL_RETENTION_LOSS_SUPPORTED
D0-C_SAME_HIDDEN_SEQUENCE_POOLING_STUDY,C_seed3408,C,3408,FROZEN_PROBE_ACROSS_VIEW,last,last,lateral,raw33.lane_change_count_proxy,categorical,balanced_accuracy,0.9166666666666667,0.0,0.0,0.0,False,False,False,400,80,79,"five-fold GroupKFold grouped by scenario_token; identical rows/folds/targets/ridge-logistic grid across views; paired loss CI uses 5,000 log-cluster bootstrap replicates",ego13 from frozen Stage7L ego_seq plus mask; raw33 from frozen Stage7L interaction_feat_style raw-equivalent report array,False,DEVELOPMENT_DIAGNOSTIC_EVIDENCE,NO_MATERIAL_RETENTION_LOSS_SUPPORTED
D0-C_SAME_HIDDEN_SEQUENCE_POOLING_STUDY,C_seed3408,C,3408,FROZEN_PROBE_ACROSS_VIEW,last,last,interaction,raw33.mean_front_distance,continuous,R2,0.9492317359870975,0.0,0.0,0.0,False,False,False,400,80,79,"five-fold GroupKFold grouped by scenario_token; identical rows/folds/targets/ridge-logistic grid across views; paired loss CI uses 5,000 log-cluster bootstrap replicates",ego13 from frozen Stage7L ego_seq plus mask; raw33 from frozen Stage7L interaction_feat_style raw-equivalent report array,False,DEVELOPMENT_DIAGNOSTIC_EVIDENCE,NO_MATERIAL_RETENTION_LOSS_SUPPORTED
D0-C_SAME_HIDDEN_SEQUENCE_POOLING_STUDY,C_seed3408,C,3408,FROZEN_PROBE_ACROSS_VIEW,last,last,interaction,raw33.mean_rel_speed,continuous,R2,0.9032161307798909,0.0,0.0,0.0,False,False,False,400,80,79,"five-fold GroupKFold grouped by scenario_token; identical rows/folds/targets/ridge-logistic grid across views; paired loss CI uses 5,000 log-cluster bootstrap replicates",ego13 from frozen Stage7L ego_seq plus mask; raw33 from frozen Stage7L interaction_feat_style raw-equivalent report array,False,DEVELOPMENT_DIAGNOSTIC_EVIDENCE,NO_MATERIAL_RETENTION_LOSS_SUPPORTED
D0-C_SAME_HIDDEN_SEQUENCE_POOLING_STUDY,C_seed3408,C,3408,FROZEN_PROBE_ACROSS_VIEW,last,max,longitudinal,ego13.end_minus_start_speed,continuous,R2,-7.3018971097342185,0.42089322446788574,0.34364745460548285,0.5406435530652514,True,True,False,400,80,79,"five-fold GroupKFold grouped by scenario_token; identical rows/folds/targets/ridge-logistic grid across views; paired loss CI uses 5,000 log-cluster bootstrap replicates",ego13 from frozen Stage7L ego_seq plus mask; raw33 from frozen Stage7L interaction_feat_style raw-equivalent report array,True,DEVELOPMENT_DIAGNOSTIC_EVIDENCE,REFIT_VIEW_GAIN_NOT_INFORMATION_LOSS
D0-C_SAME_HIDDEN_SEQUENCE_POOLING_STUDY,C_seed3408,C,3408,FROZEN_PROBE_ACROSS_VIEW,last,max,lateral,ego13.heading_change_abs_total,continuous,R2,-3.592438585102842,0.4061819835354814,0.2953667017581756,0.5276009323155062,True,True,False,400,80,79,"five-fold GroupKFold grouped by scenario_token; identical rows/folds/targets/ridge-logistic grid across views; paired loss CI uses 5,000 log-cluster bootstrap replicates",ego13 from frozen Stage7L ego_seq plus mask; raw33 from frozen Stage7L interaction_feat_style raw-equivalent report array,True,DEVELOPMENT_DIAGNOSTIC_EVIDENCE,COORDINATE_GEOMETRY_SHIFT_FAVORED
D0-C_SAME_HIDDEN_SEQUENCE_POOLING_STUDY,C_seed3408,C,3408,FROZEN_PROBE_ACROSS_VIEW,last,max,longitudinal,ego13.mean_speed,continuous,R2,-23.95233784589179,2.0533726529259417,1.8202057647133567,2.474278361936229,True,True,False,400,80,79,"five-fold GroupKFold grouped by scenario_token; identical rows/folds/targets/ridge-logistic grid across views; paired loss CI uses 5,000 log-cluster bootstrap replicates",ego13 from frozen Stage7L ego_seq plus mask; raw33 from frozen Stage7L interaction_feat_style raw-equivalent report array,True,DEVELOPMENT_DIAGNOSTIC_EVIDENCE,INFORMATION_RETENTION_LOSS_FAVORED
D0-C_SAME_HIDDEN_SEQUENCE_POOLING_STUDY,C_seed3408,C,3408,FROZEN_PROBE_ACROSS_VIEW,last,max,longitudinal,ego13.rms_accel,continuous,R2,-33.12913131888233,0.9820978849063743,0.8000069142594343,1.3913199515803658,True,True,False,400,80,79,"five-fold GroupKFold grouped by scenario_token; identical rows/folds/targets/ridge-logistic grid across views; paired loss CI uses 5,000 log-cluster bootstrap replicates",ego13 from frozen Stage7L ego_seq plus mask; raw33 from frozen Stage7L interaction_feat_style raw-equivalent report array,True,DEVELOPMENT_DIAGNOSTIC_EVIDENCE,REFIT_VIEW_GAIN_NOT_INFORMATION_LOSS
D0-C_SAME_HIDDEN_SEQUENCE_POOLING_STUDY,C_seed3408,C,3408,FROZEN_PROBE_ACROSS_VIEW,last,max,lateral,ego13.rms_yaw_rate,continuous,R2,-5.377336498979786,0.7431761021495389,0.5915151247176932,0.9216586857349269,True,True,False,400,80,79,"five-fold GroupKFold grouped by scenario_token; identical rows/folds/targets/ridge-logistic grid across views; paired loss CI uses 5,000 log-cluster bootstrap replicates",ego13 from frozen Stage7L ego_seq plus mask; raw33 from frozen Stage7L interaction_feat_style raw-equivalent report array,True,DEVELOPMENT_DIAGNOSTIC_EVIDENCE,COORDINATE_GEOMETRY_SHIFT_FAVORED
D0-C_SAME_HIDDEN_SEQUENCE_POOLING_STUDY,C_seed3408,C,3408,FROZEN_PROBE_ACROSS_VIEW,last,max,interaction,raw33.front_pressure_score,continuous,R2,-0.4491026076786657,0.6420866814805778,0.485983714021007,0.8159233848531501,True,True,False,400,80,79,"five-fold GroupKFold grouped by scenario_token; identical rows/folds/targets/ridge-logistic grid across views; paired loss CI uses 5,000 log-cluster bootstrap replicates",ego13 from frozen Stage7L ego_seq plus mask; raw33 from frozen Stage7L interaction_feat_style raw-equivalent report array,True,DEVELOPMENT_DIAGNOSTIC_EVIDENCE,COORDINATE_GEOMETRY_SHIFT_FAVORED
D0-C_SAME_HIDDEN_SEQUENCE_POOLING_STUDY,C_seed3408,C,3408,FROZEN_PROBE_ACROSS_VIEW,last,max,lateral,raw33.lane_change_count_proxy,categorical,balanced_accuracy,0.5,4.072255322934454,2.7403173130476115,8.775685627222986,True,True,False,400,80,79,"five-fold GroupKFold grouped by scenario_token; identical rows/folds/targets/ridge-logistic grid across views; paired loss CI uses 5,000 log-cluster bootstrap replicates",ego13 from frozen Stage7L ego_seq plus mask; raw33 from frozen Stage7L interaction_feat_style raw-equivalent report array,True,DEVELOPMENT_DIAGNOSTIC_EVIDENCE,INFORMATION_RETENTION_LOSS_FAVORED
D0-C_SAME_HIDDEN_SEQUENCE_POOLING_STUDY,C_seed3408,C,3408,FROZEN_PROBE_ACROSS_VIEW,last,max,interaction,raw33.mean_front_distance,continuous,R2,0.7268381526332046,0.7649273778838691,0.6093691806829704,0.9728195391658906,True,True,False,400,80,79,"five-fold GroupKFold grouped by scenario_token; identical rows/folds/targets/ridge-logistic grid across views; paired loss CI uses 5,000 log-cluster bootstrap replicates",ego13 from frozen Stage7L ego_seq plus mask; raw33 from frozen Stage7L interaction_feat_style raw-equivalent report array,True,DEVELOPMENT_DIAGNOSTIC_EVIDENCE,COORDINATE_GEOMETRY_SHIFT_FAVORED
D0-C_SAME_HIDDEN_SEQUENCE_POOLING_STUDY,C_seed3408,C,3408,FROZEN_PROBE_ACROSS_VIEW,last,max,interaction,raw33.mean_rel_speed,continuous,R2,-0.07405036811823251,0.7481710092433298,0.6212239524081665,0.941780278759558,True,True,False,400,80,79,"five-fold GroupKFold grouped by scenario_token; identical rows/folds/targets/ridge-logistic grid across views; paired loss CI uses 5,000 log-cluster bootstrap replicates",ego13 from frozen Stage7L ego_seq plus mask; raw33 from frozen Stage7L interaction_feat_style raw-equivalent report array,True,DEVELOPMENT_DIAGNOSTIC_EVIDENCE,COORDINATE_GEOMETRY_SHIFT_FAVORED
D0-C_SAME_HIDDEN_SEQUENCE_POOLING_STUDY,C_seed3408,C,3408,FROZEN_PROBE_ACROSS_VIEW,last,mean,longitudinal,ego13.end_minus_start_speed,continuous,R2,-22.306495296688208,1.4726432083033152,1.2348302995507643,1.8238017393794268,True,True,False,400,80,79,"five-fold GroupKFold grouped by scenario_token; identical rows/folds/targets/ridge-logistic grid across views; paired loss CI uses 5,000 log-cluster bootstrap replicates",ego13 from frozen Stage7L ego_seq plus mask; raw33 from frozen Stage7L interaction_feat_style raw-equivalent report array,True,DEVELOPMENT_DIAGNOSTIC_EVIDENCE,REFIT_VIEW_GAIN_NOT_INFORMATION_LOSS
D0-C_SAME_HIDDEN_SEQUENCE_POOLING_STUDY,C_seed3408,C,3408,FROZEN_PROBE_ACROSS_VIEW,last,mean,lateral,ego13.heading_change_abs_total,continuous,R2,-0.1310645457488484,0.2605431061962726,0.08722024146479462,0.39434349340187286,True,True,False,400,80,79,"five-fold GroupKFold grouped by scenario_token; identical rows/folds/targets/ridge-logistic grid across views; paired loss CI uses 5,000 log-cluster bootstrap replicates",ego13 from frozen Stage7L ego_seq plus mask; raw33 from frozen Stage7L interaction_feat_style raw-equivalent report array,True,DEVELOPMENT_DIAGNOSTIC_EVIDENCE,COORDINATE_GEOMETRY_SHIFT_FAVORED
D0-C_SAME_HIDDEN_SEQUENCE_POOLING_STUDY,C_seed3408,C,3408,FROZEN_PROBE_ACROSS_VIEW,last,mean,longitudinal,ego13.mean_speed,continuous,R2,-0.3965640982248795,0.5858329171977388,0.47892200154115744,0.713478743230033,True,True,False,400,80,79,"five-fold GroupKFold grouped by scenario_token; identical rows/folds/targets/ridge-logistic grid across views; paired loss CI uses 5,000 log-cluster bootstrap replicates",ego13 from frozen Stage7L ego_seq plus mask; raw33 from frozen Stage7L interaction_feat_style raw-equivalent report array,True,DEVELOPMENT_DIAGNOSTIC_EVIDENCE,REFIT_VIEW_GAIN_NOT_INFORMATION_LOSS
D0-C_SAME_HIDDEN_SEQUENCE_POOLING_STUDY,C_seed3408,C,3408,FROZEN_PROBE_ACROSS_VIEW,last,mean,longitudinal,ego13.rms_accel,continuous,R2,-87.79204491464434,1.41407117803897,1.1864838404765121,1.7093639103585425,True,True,False,400,80,79,"five-fold GroupKFold grouped by scenario_token; identical rows/folds/targets/ridge-logistic grid across views; paired loss CI uses 5,000 log-cluster bootstrap replicates",ego13 from frozen Stage7L ego_seq plus mask; raw33 from frozen Stage7L interaction_feat_style raw-equivalent report array,True,DEVELOPMENT_DIAGNOSTIC_EVIDENCE,REFIT_VIEW_GAIN_NOT_INFORMATION_LOSS
D0-C_SAME_HIDDEN_SEQUENCE_POOLING_STUDY,C_seed3408,C,3408,FROZEN_PROBE_ACROSS_VIEW,last,mean,lateral,ego13.rms_yaw_rate,continuous,R2,-0.10705792626805444,0.3588527797200743,0.1870704723564388,0.5211585042156017,True,True,False,400,80,79,"five-fold GroupKFold grouped by scenario_token; identical rows/folds/targets/ridge-logistic grid across views; paired loss CI uses 5,000 log-cluster bootstrap replicates",ego13 from frozen Stage7L ego_seq plus mask; raw33 from frozen Stage7L interaction_feat_style raw-equivalent report array,True,DEVELOPMENT_DIAGNOSTIC_EVIDENCE,COORDINATE_GEOMETRY_SHIFT_FAVORED
D0-C_SAME_HIDDEN_SEQUENCE_POOLING_STUDY,C_seed3408,C,3408,FROZEN_PROBE_ACROSS_VIEW,last,mean,interaction,raw33.front_pressure_score,continuous,R2,0.8321479012093168,-0.062347780617190644,-0.23189708367767967,0.19385916678581736,False,False,False,400,80,79,"five-fold GroupKFold grouped by scenario_token; identical rows/folds/targets/ridge-logistic grid across views; paired loss CI uses 5,000 log-cluster bootstrap replicates",ego13 from frozen Stage7L ego_seq plus mask; raw33 from frozen Stage7L interaction_feat_style raw-equivalent report array,True,DEVELOPMENT_DIAGNOSTIC_EVIDENCE,NO_MATERIAL_RETENTION_LOSS_SUPPORTED
D0-C_SAME_HIDDEN_SEQUENCE_POOLING_STUDY,C_seed3408,C,3408,FROZEN_PROBE_ACROSS_VIEW,last,mean,lateral,raw33.lane_change_count_proxy,categorical,balanced_accuracy,0.9166666666666667,0.0,0.0,0.0,False,False,False,400,80,79,"five-fold GroupKFold grouped by scenario_token; identical rows/folds/targets/ridge-logistic grid across views; paired loss CI uses 5,000 log-cluster bootstrap replicates",ego13 from frozen Stage7L ego_seq plus mask; raw33 from frozen Stage7L interaction_feat_style raw-equivalent report array,True,DEVELOPMENT_DIAGNOSTIC_EVIDENCE,NO_MATERIAL_RETENTION_LOSS_SUPPORTED
D0-C_SAME_HIDDEN_SEQUENCE_POOLING_STUDY,C_seed3408,C,3408,FROZEN_PROBE_ACROSS_VIEW,last,mean,interaction,raw33.mean_front_distance,continuous,R2,0.9431552450356089,0.1332607387911481,-0.08329881856654178,0.32473300888394013,False,False,False,400,80,79,"five-fold GroupKFold grouped by scenario_token; identical rows/folds/targets/ridge-logistic grid across views; paired loss CI uses 5,000 log-cluster bootstrap replicates",ego13 from frozen Stage7L ego_seq plus mask; raw33 from frozen Stage7L interaction_feat_style raw-equivalent report array,True,DEVELOPMENT_DIAGNOSTIC_EVIDENCE,NO_MATERIAL_RETENTION_LOSS_SUPPORTED
D0-C_SAME_HIDDEN_SEQUENCE_POOLING_STUDY,C_seed3408,C,3408,FROZEN_PROBE_ACROSS_VIEW,last,mean,interaction,raw33.mean_rel_speed,continuous,R2,0.9113303394496548,-0.0664055091500675,-0.23929097774903826,0.19397136665204828,False,False,False,400,80,79,"five-fold GroupKFold grouped by scenario_token; identical rows/folds/targets/ridge-logistic grid across views; paired loss CI uses 5,000 log-cluster bootstrap replicates",ego13 from frozen Stage7L ego_seq plus mask; raw33 from frozen Stage7L interaction_feat_style raw-equivalent report array,True,DEVELOPMENT_DIAGNOSTIC_EVIDENCE,NO_MATERIAL_RETENTION_LOSS_SUPPORTED
D0-C_SAME_HIDDEN_SEQUENCE_POOLING_STUDY,C_seed3408,C,3408,SAME_CAPACITY_REFIT_PROBE_PER_VIEW,last,last,longitudinal,ego13.end_minus_start_speed,continuous,R2,0.9677174041386272,0.0,0.0,0.0,False,False,False,400,80,79,"five-fold GroupKFold grouped by scenario_token; identical rows/folds/targets/ridge-logistic grid across views; paired loss CI uses 5,000 log-cluster bootstrap replicates",ego13 from frozen Stage7L ego_seq plus mask; raw33 from frozen Stage7L interaction_feat_style raw-equivalent report array,False,DEVELOPMENT_DIAGNOSTIC_EVIDENCE,NO_MATERIAL_RETENTION_LOSS_SUPPORTED
D0-C_SAME_HIDDEN_SEQUENCE_POOLING_STUDY,C_seed3408,C,3408,SAME_CAPACITY_REFIT_PROBE_PER_VIEW,last,last,lateral,ego13.heading_change_abs_total,continuous,R2,0.04644676473520537,0.0,0.0,0.0,False,False,False,400,80,79,"five-fold GroupKFold grouped by scenario_token; identical rows/folds/targets/ridge-logistic grid across views; paired loss CI uses 5,000 log-cluster bootstrap replicates",ego13 from frozen Stage7L ego_seq plus mask; raw33 from frozen Stage7L interaction_feat_style raw-equivalent report array,False,DEVELOPMENT_DIAGNOSTIC_EVIDENCE,NO_MATERIAL_RETENTION_LOSS_SUPPORTED
D0-C_SAME_HIDDEN_SEQUENCE_POOLING_STUDY,C_seed3408,C,3408,SAME_CAPACITY_REFIT_PROBE_PER_VIEW,last,last,longitudinal,ego13.mean_speed,continuous,R2,0.9960678553628445,0.0,0.0,0.0,False,False,False,400,80,79,"five-fold GroupKFold grouped by scenario_token; identical rows/folds/targets/ridge-logistic grid across views; paired loss CI uses 5,000 log-cluster bootstrap replicates",ego13 from frozen Stage7L ego_seq plus mask; raw33 from frozen Stage7L interaction_feat_style raw-equivalent report array,False,DEVELOPMENT_DIAGNOSTIC_EVIDENCE,NO_MATERIAL_RETENTION_LOSS_SUPPORTED
D0-C_SAME_HIDDEN_SEQUENCE_POOLING_STUDY,C_seed3408,C,3408,SAME_CAPACITY_REFIT_PROBE_PER_VIEW,last,last,longitudinal,ego13.rms_accel,continuous,R2,0.8740773195946601,0.0,0.0,0.0,False,False,False,400,80,79,"five-fold GroupKFold grouped by scenario_token; identical rows/folds/targets/ridge-logistic grid across views; paired loss CI uses 5,000 log-cluster bootstrap replicates",ego13 from frozen Stage7L ego_seq plus mask; raw33 from frozen Stage7L interaction_feat_style raw-equivalent report array,False,DEVELOPMENT_DIAGNOSTIC_EVIDENCE,NO_MATERIAL_RETENTION_LOSS_SUPPORTED
D0-C_SAME_HIDDEN_SEQUENCE_POOLING_STUDY,C_seed3408,C,3408,SAME_CAPACITY_REFIT_PROBE_PER_VIEW,last,last,lateral,ego13.rms_yaw_rate,continuous,R2,0.1833570286922207,0.0,0.0,0.0,False,False,False,400,80,79,"five-fold GroupKFold grouped by scenario_token; identical rows/folds/targets/ridge-logistic grid across views; paired loss CI uses 5,000 log-cluster bootstrap replicates",ego13 from frozen Stage7L ego_seq plus mask; raw33 from frozen Stage7L interaction_feat_style raw-equivalent report array,False,DEVELOPMENT_DIAGNOSTIC_EVIDENCE,NO_MATERIAL_RETENTION_LOSS_SUPPORTED
D0-C_SAME_HIDDEN_SEQUENCE_POOLING_STUDY,C_seed3408,C,3408,SAME_CAPACITY_REFIT_PROBE_PER_VIEW,last,last,interaction,raw33.front_pressure_score,continuous,R2,0.825591674123398,0.0,0.0,0.0,False,False,False,400,80,79,"five-fold GroupKFold grouped by scenario_token; identical rows/folds/targets/ridge-logistic grid across views; paired loss CI uses 5,000 log-cluster bootstrap replicates",ego13 from frozen Stage7L ego_seq plus mask; raw33 from frozen Stage7L interaction_feat_style raw-equivalent report array,False,DEVELOPMENT_DIAGNOSTIC_EVIDENCE,NO_MATERIAL_RETENTION_LOSS_SUPPORTED
D0-C_SAME_HIDDEN_SEQUENCE_POOLING_STUDY,C_seed3408,C,3408,SAME_CAPACITY_REFIT_PROBE_PER_VIEW,last,last,lateral,raw33.lane_change_count_proxy,categorical,balanced_accuracy,0.9166666666666667,0.0,0.0,0.0,False,False,False,400,80,79,"five-fold GroupKFold grouped by scenario_token; identical rows/folds/targets/ridge-logistic grid across views; paired loss CI uses 5,000 log-cluster bootstrap replicates",ego13 from frozen Stage7L ego_seq plus mask; raw33 from frozen Stage7L interaction_feat_style raw-equivalent report array,False,DEVELOPMENT_DIAGNOSTIC_EVIDENCE,NO_MATERIAL_RETENTION_LOSS_SUPPORTED
D0-C_SAME_HIDDEN_SEQUENCE_POOLING_STUDY,C_seed3408,C,3408,SAME_CAPACITY_REFIT_PROBE_PER_VIEW,last,last,interaction,raw33.mean_front_distance,continuous,R2,0.9492317359870975,0.0,0.0,0.0,False,False,False,400,80,79,"five-fold GroupKFold grouped by scenario_token; identical rows/folds/targets/ridge-logistic grid across views; paired loss CI uses 5,000 log-cluster bootstrap replicates",ego13 from frozen Stage7L ego_seq plus mask; raw33 from frozen Stage7L interaction_feat_style raw-equivalent report array,False,DEVELOPMENT_DIAGNOSTIC_EVIDENCE,NO_MATERIAL_RETENTION_LOSS_SUPPORTED
D0-C_SAME_HIDDEN_SEQUENCE_POOLING_STUDY,C_seed3408,C,3408,SAME_CAPACITY_REFIT_PROBE_PER_VIEW,last,last,interaction,raw33.mean_rel_speed,continuous,R2,0.9032161307798909,0.0,0.0,0.0,False,False,False,400,80,79,"five-fold GroupKFold grouped by scenario_token; identical rows/folds/targets/ridge-logistic grid across views; paired loss CI uses 5,000 log-cluster bootstrap replicates",ego13 from frozen Stage7L ego_seq plus mask; raw33 from frozen Stage7L interaction_feat_style raw-equivalent report array,False,DEVELOPMENT_DIAGNOSTIC_EVIDENCE,NO_MATERIAL_RETENTION_LOSS_SUPPORTED
D0-C_SAME_HIDDEN_SEQUENCE_POOLING_STUDY,C_seed3408,C,3408,SAME_CAPACITY_REFIT_PROBE_PER_VIEW,last,max,longitudinal,ego13.end_minus_start_speed,continuous,R2,0.9939630515984922,-0.38720815827928873,-0.5118845122930114,-0.28067301542843254,True,False,True,400,80,79,"five-fold GroupKFold grouped by scenario_token; identical rows/folds/targets/ridge-logistic grid across views; paired loss CI uses 5,000 log-cluster bootstrap replicates",ego13 from frozen Stage7L ego_seq plus mask; raw33 from frozen Stage7L interaction_feat_style raw-equivalent report array,True,DEVELOPMENT_DIAGNOSTIC_EVIDENCE,REFIT_VIEW_GAIN_NOT_INFORMATION_LOSS
D0-C_SAME_HIDDEN_SEQUENCE_POOLING_STUDY,C_seed3408,C,3408,SAME_CAPACITY_REFIT_PROBE_PER_VIEW,last,max,lateral,ego13.heading_change_abs_total,continuous,R2,-0.003145514207686384,0.10855591357720387,-0.11491836082011408,0.31589569506090764,False,False,False,400,80,79,"five-fold GroupKFold grouped by scenario_token; identical rows/folds/targets/ridge-logistic grid across views; paired loss CI uses 5,000 log-cluster bootstrap replicates",ego13 from frozen Stage7L ego_seq plus mask; raw33 from frozen Stage7L interaction_feat_style raw-equivalent report array,True,DEVELOPMENT_DIAGNOSTIC_EVIDENCE,COORDINATE_GEOMETRY_SHIFT_FAVORED
D0-C_SAME_HIDDEN_SEQUENCE_POOLING_STUDY,C_seed3408,C,3408,SAME_CAPACITY_REFIT_PROBE_PER_VIEW,last,max,longitudinal,ego13.mean_speed,continuous,R2,0.9820607624953798,0.3536342610950807,0.26147691496886344,0.4681940162279688,True,True,False,400,80,79,"five-fold GroupKFold grouped by scenario_token; identical rows/folds/targets/ridge-logistic grid across views; paired loss CI uses 5,000 log-cluster bootstrap replicates",ego13 from frozen Stage7L ego_seq plus mask; raw33 from frozen Stage7L interaction_feat_style raw-equivalent report array,True,DEVELOPMENT_DIAGNOSTIC_EVIDENCE,INFORMATION_RETENTION_LOSS_FAVORED
D0-C_SAME_HIDDEN_SEQUENCE_POOLING_STUDY,C_seed3408,C,3408,SAME_CAPACITY_REFIT_PROBE_PER_VIEW,last,max,longitudinal,ego13.rms_accel,continuous,R2,0.9556607635460721,-0.29470803851287186,-0.44664438520015715,-0.1411729710498445,True,False,True,400,80,79,"five-fold GroupKFold grouped by scenario_token; identical rows/folds/targets/ridge-logistic grid across views; paired loss CI uses 5,000 log-cluster bootstrap replicates",ego13 from frozen Stage7L ego_seq plus mask; raw33 from frozen Stage7L interaction_feat_style raw-equivalent report array,True,DEVELOPMENT_DIAGNOSTIC_EVIDENCE,REFIT_VIEW_GAIN_NOT_INFORMATION_LOSS
D0-C_SAME_HIDDEN_SEQUENCE_POOLING_STUDY,C_seed3408,C,3408,SAME_CAPACITY_REFIT_PROBE_PER_VIEW,last,max,lateral,ego13.rms_yaw_rate,continuous,R2,0.037487723165773534,0.1925503619189743,-0.02459290214626249,0.4189094362118531,False,False,False,400,80,79,"five-fold GroupKFold grouped by scenario_token; identical rows/folds/targets/ridge-logistic grid across views; paired loss CI uses 5,000 log-cluster bootstrap replicates",ego13 from frozen Stage7L ego_seq plus mask; raw33 from frozen Stage7L interaction_feat_style raw-equivalent report array,True,DEVELOPMENT_DIAGNOSTIC_EVIDENCE,COORDINATE_GEOMETRY_SHIFT_FAVORED
D0-C_SAME_HIDDEN_SEQUENCE_POOLING_STUDY,C_seed3408,C,3408,SAME_CAPACITY_REFIT_PROBE_PER_VIEW,last,max,interaction,raw33.front_pressure_score,continuous,R2,0.7095118955051941,0.1509022531829978,-0.06710259711947271,0.3351759198766815,False,False,False,400,80,79,"five-fold GroupKFold grouped by scenario_token; identical rows/folds/targets/ridge-logistic grid across views; paired loss CI uses 5,000 log-cluster bootstrap replicates",ego13 from frozen Stage7L ego_seq plus mask; raw33 from frozen Stage7L interaction_feat_style raw-equivalent report array,True,DEVELOPMENT_DIAGNOSTIC_EVIDENCE,COORDINATE_GEOMETRY_SHIFT_FAVORED
D0-C_SAME_HIDDEN_SEQUENCE_POOLING_STUDY,C_seed3408,C,3408,SAME_CAPACITY_REFIT_PROBE_PER_VIEW,last,max,lateral,raw33.lane_change_count_proxy,categorical,balanced_accuracy,0.49345549738219896,0.22947380645315768,0.11250879009260237,0.3335412675275368,True,True,False,400,80,79,"five-fold GroupKFold grouped by scenario_token; identical rows/folds/targets/ridge-logistic grid across views; paired loss CI uses 5,000 log-cluster bootstrap replicates",ego13 from frozen Stage7L ego_seq plus mask; raw33 from frozen Stage7L interaction_feat_style raw-equivalent report array,True,DEVELOPMENT_DIAGNOSTIC_EVIDENCE,INFORMATION_RETENTION_LOSS_FAVORED
D0-C_SAME_HIDDEN_SEQUENCE_POOLING_STUDY,C_seed3408,C,3408,SAME_CAPACITY_REFIT_PROBE_PER_VIEW,last,max,interaction,raw33.mean_front_distance,continuous,R2,0.9233451372781522,0.1958389994878472,-0.016416082972910057,0.4174912130833113,False,False,False,400,80,79,"five-fold GroupKFold grouped by scenario_token; identical rows/folds/targets/ridge-logistic grid across views; paired loss CI uses 5,000 log-cluster bootstrap replicates",ego13 from frozen Stage7L ego_seq plus mask; raw33 from frozen Stage7L interaction_feat_style raw-equivalent report array,True,DEVELOPMENT_DIAGNOSTIC_EVIDENCE,COORDINATE_GEOMETRY_SHIFT_FAVORED
D0-C_SAME_HIDDEN_SEQUENCE_POOLING_STUDY,C_seed3408,C,3408,SAME_CAPACITY_REFIT_PROBE_PER_VIEW,last,max,interaction,raw33.mean_rel_speed,continuous,R2,0.8894511799784832,0.06455033475991583,-0.15982300870208885,0.2689333969518987,False,False,False,400,80,79,"five-fold GroupKFold grouped by scenario_token; identical rows/folds/targets/ridge-logistic grid across views; paired loss CI uses 5,000 log-cluster bootstrap replicates",ego13 from frozen Stage7L ego_seq plus mask; raw33 from frozen Stage7L interaction_feat_style raw-equivalent report array,True,DEVELOPMENT_DIAGNOSTIC_EVIDENCE,COORDINATE_GEOMETRY_SHIFT_FAVORED
D0-C_SAME_HIDDEN_SEQUENCE_POOLING_STUDY,C_seed3408,C,3408,SAME_CAPACITY_REFIT_PROBE_PER_VIEW,last,mean,longitudinal,ego13.end_minus_start_speed,continuous,R2,0.989548185130791,-0.2817185964938737,-0.46403096461141613,-0.07852928336012777,True,False,True,400,80,79,"five-fold GroupKFold grouped by scenario_token; identical rows/folds/targets/ridge-logistic grid across views; paired loss CI uses 5,000 log-cluster bootstrap replicates",ego13 from frozen Stage7L ego_seq plus mask; raw33 from frozen Stage7L interaction_feat_style raw-equivalent report array,True,DEVELOPMENT_DIAGNOSTIC_EVIDENCE,REFIT_VIEW_GAIN_NOT_INFORMATION_LOSS
D0-C_SAME_HIDDEN_SEQUENCE_POOLING_STUDY,C_seed3408,C,3408,SAME_CAPACITY_REFIT_PROBE_PER_VIEW,last,mean,lateral,ego13.heading_change_abs_total,continuous,R2,0.10595333345471214,-0.03382072076493629,-0.2087765311672931,0.2222728850343958,False,False,False,400,80,79,"five-fold GroupKFold grouped by scenario_token; identical rows/folds/targets/ridge-logistic grid across views; paired loss CI uses 5,000 log-cluster bootstrap replicates",ego13 from frozen Stage7L ego_seq plus mask; raw33 from frozen Stage7L interaction_feat_style raw-equivalent report array,True,DEVELOPMENT_DIAGNOSTIC_EVIDENCE,COORDINATE_GEOMETRY_SHIFT_FAVORED
D0-C_SAME_HIDDEN_SEQUENCE_POOLING_STUDY,C_seed3408,C,3408,SAME_CAPACITY_REFIT_PROBE_PER_VIEW,last,mean,longitudinal,ego13.mean_speed,continuous,R2,0.9991646888752856,-0.47390106724341924,-0.6021530750852663,-0.37061526746747747,True,False,True,400,80,79,"five-fold GroupKFold grouped by scenario_token; identical rows/folds/targets/ridge-logistic grid across views; paired loss CI uses 5,000 log-cluster bootstrap replicates",ego13 from frozen Stage7L ego_seq plus mask; raw33 from frozen Stage7L interaction_feat_style raw-equivalent report array,True,DEVELOPMENT_DIAGNOSTIC_EVIDENCE,REFIT_VIEW_GAIN_NOT_INFORMATION_LOSS
D0-C_SAME_HIDDEN_SEQUENCE_POOLING_STUDY,C_seed3408,C,3408,SAME_CAPACITY_REFIT_PROBE_PER_VIEW,last,mean,longitudinal,ego13.rms_accel,continuous,R2,0.9598596295607881,-0.31713417544446676,-0.46348418462477164,-0.15368044461478672,True,False,True,400,80,79,"five-fold GroupKFold grouped by scenario_token; identical rows/folds/targets/ridge-logistic grid across views; paired loss CI uses 5,000 log-cluster bootstrap replicates",ego13 from frozen Stage7L ego_seq plus mask; raw33 from frozen Stage7L interaction_feat_style raw-equivalent report array,True,DEVELOPMENT_DIAGNOSTIC_EVIDENCE,REFIT_VIEW_GAIN_NOT_INFORMATION_LOSS
D0-C_SAME_HIDDEN_SEQUENCE_POOLING_STUDY,C_seed3408,C,3408,SAME_CAPACITY_REFIT_PROBE_PER_VIEW,last,mean,lateral,ego13.rms_yaw_rate,continuous,R2,0.16585434845887803,0.01524234872599408,-0.15950032146264523,0.3215097144927819,False,False,False,400,80,79,"five-fold GroupKFold grouped by scenario_token; identical rows/folds/targets/ridge-logistic grid across views; paired loss CI uses 5,000 log-cluster bootstrap replicates",ego13 from frozen Stage7L ego_seq plus mask; raw33 from frozen Stage7L interaction_feat_style raw-equivalent report array,True,DEVELOPMENT_DIAGNOSTIC_EVIDENCE,COORDINATE_GEOMETRY_SHIFT_FAVORED
D0-C_SAME_HIDDEN_SEQUENCE_POOLING_STUDY,C_seed3408,C,3408,SAME_CAPACITY_REFIT_PROBE_PER_VIEW,last,mean,interaction,raw33.front_pressure_score,continuous,R2,0.8027268885112594,0.06591085433743099,-0.19925645896382302,0.2321154151312509,False,False,False,400,80,79,"five-fold GroupKFold grouped by scenario_token; identical rows/folds/targets/ridge-logistic grid across views; paired loss CI uses 5,000 log-cluster bootstrap replicates",ego13 from frozen Stage7L ego_seq plus mask; raw33 from frozen Stage7L interaction_feat_style raw-equivalent report array,True,DEVELOPMENT_DIAGNOSTIC_EVIDENCE,NO_MATERIAL_RETENTION_LOSS_SUPPORTED
D0-C_SAME_HIDDEN_SEQUENCE_POOLING_STUDY,C_seed3408,C,3408,SAME_CAPACITY_REFIT_PROBE_PER_VIEW,last,mean,lateral,raw33.lane_change_count_proxy,categorical,balanced_accuracy,0.9166666666666667,0.0,0.0,0.0,False,False,False,400,80,79,"five-fold GroupKFold grouped by scenario_token; identical rows/folds/targets/ridge-logistic grid across views; paired loss CI uses 5,000 log-cluster bootstrap replicates",ego13 from frozen Stage7L ego_seq plus mask; raw33 from frozen Stage7L interaction_feat_style raw-equivalent report array,True,DEVELOPMENT_DIAGNOSTIC_EVIDENCE,NO_MATERIAL_RETENTION_LOSS_SUPPORTED
D0-C_SAME_HIDDEN_SEQUENCE_POOLING_STUDY,C_seed3408,C,3408,SAME_CAPACITY_REFIT_PROBE_PER_VIEW,last,mean,interaction,raw33.mean_front_distance,continuous,R2,0.9396874981824055,0.1934244811068,-0.009007978569958627,0.3469593441733727,False,False,False,400,80,79,"five-fold GroupKFold grouped by scenario_token; identical rows/folds/targets/ridge-logistic grid across views; paired loss CI uses 5,000 log-cluster bootstrap replicates",ego13 from frozen Stage7L ego_seq plus mask; raw33 from frozen Stage7L interaction_feat_style raw-equivalent report array,True,DEVELOPMENT_DIAGNOSTIC_EVIDENCE,NO_MATERIAL_RETENTION_LOSS_SUPPORTED
D0-C_SAME_HIDDEN_SEQUENCE_POOLING_STUDY,C_seed3408,C,3408,SAME_CAPACITY_REFIT_PROBE_PER_VIEW,last,mean,interaction,raw33.mean_rel_speed,continuous,R2,0.9001893964021151,0.021718198471732723,-0.24241948300216695,0.2045450179299947,False,False,False,400,80,79,"five-fold GroupKFold grouped by scenario_token; identical rows/folds/targets/ridge-logistic grid across views; paired loss CI uses 5,000 log-cluster bootstrap replicates",ego13 from frozen Stage7L ego_seq plus mask; raw33 from frozen Stage7L interaction_feat_style raw-equivalent report array,True,DEVELOPMENT_DIAGNOSTIC_EVIDENCE,NO_MATERIAL_RETENTION_LOSS_SUPPORTED
D0-C_SAME_HIDDEN_SEQUENCE_POOLING_STUDY,C_seed3409,C,3409,FROZEN_PROBE_ACROSS_VIEW,last,last,longitudinal,ego13.end_minus_start_speed,continuous,R2,0.9928852845365045,0.0,0.0,0.0,False,False,False,400,80,79,"five-fold GroupKFold grouped by scenario_token; identical rows/folds/targets/ridge-logistic grid across views; paired loss CI uses 5,000 log-cluster bootstrap replicates",ego13 from frozen Stage7L ego_seq plus mask; raw33 from frozen Stage7L interaction_feat_style raw-equivalent report array,False,DEVELOPMENT_DIAGNOSTIC_EVIDENCE,NO_MATERIAL_RETENTION_LOSS_SUPPORTED
D0-C_SAME_HIDDEN_SEQUENCE_POOLING_STUDY,C_seed3409,C,3409,FROZEN_PROBE_ACROSS_VIEW,last,last,lateral,ego13.heading_change_abs_total,continuous,R2,0.04976880440712561,0.0,0.0,0.0,False,False,False,400,80,79,"five-fold GroupKFold grouped by scenario_token; identical rows/folds/targets/ridge-logistic grid across views; paired loss CI uses 5,000 log-cluster bootstrap replicates",ego13 from frozen Stage7L ego_seq plus mask; raw33 from frozen Stage7L interaction_feat_style raw-equivalent report array,False,DEVELOPMENT_DIAGNOSTIC_EVIDENCE,NO_MATERIAL_RETENTION_LOSS_SUPPORTED
D0-C_SAME_HIDDEN_SEQUENCE_POOLING_STUDY,C_seed3409,C,3409,FROZEN_PROBE_ACROSS_VIEW,last,last,longitudinal,ego13.mean_speed,continuous,R2,0.9916290084887376,0.0,0.0,0.0,False,False,False,400,80,79,"five-fold GroupKFold grouped by scenario_token; identical rows/folds/targets/ridge-logistic grid across views; paired loss CI uses 5,000 log-cluster bootstrap replicates",ego13 from frozen Stage7L ego_seq plus mask; raw33 from frozen Stage7L interaction_feat_style raw-equivalent report array,False,DEVELOPMENT_DIAGNOSTIC_EVIDENCE,NO_MATERIAL_RETENTION_LOSS_SUPPORTED
D0-C_SAME_HIDDEN_SEQUENCE_POOLING_STUDY,C_seed3409,C,3409,FROZEN_PROBE_ACROSS_VIEW,last,last,longitudinal,ego13.rms_accel,continuous,R2,0.9561786479779494,0.0,0.0,0.0,False,False,False,400,80,79,"five-fold GroupKFold grouped by scenario_token; identical rows/folds/targets/ridge-logistic grid across views; paired loss CI uses 5,000 log-cluster bootstrap replicates",ego13 from frozen Stage7L ego_seq plus mask; raw33 from frozen Stage7L interaction_feat_style raw-equivalent report array,False,DEVELOPMENT_DIAGNOSTIC_EVIDENCE,NO_MATERIAL_RETENTION_LOSS_SUPPORTED
D0-C_SAME_HIDDEN_SEQUENCE_POOLING_STUDY,C_seed3409,C,3409,FROZEN_PROBE_ACROSS_VIEW,last,last,lateral,ego13.rms_yaw_rate,continuous,R2,0.3212661681331994,0.0,0.0,0.0,False,False,False,400,80,79,"five-fold GroupKFold grouped by scenario_token; identical rows/folds/targets/ridge-logistic grid across views; paired loss CI uses 5,000 log-cluster bootstrap replicates",ego13 from frozen Stage7L ego_seq plus mask; raw33 from frozen Stage7L interaction_feat_style raw-equivalent report array,False,DEVELOPMENT_DIAGNOSTIC_EVIDENCE,NO_MATERIAL_RETENTION_LOSS_SUPPORTED
D0-C_SAME_HIDDEN_SEQUENCE_POOLING_STUDY,C_seed3409,C,3409,FROZEN_PROBE_ACROSS_VIEW,last,last,interaction,raw33.front_pressure_score,continuous,R2,0.882897778212491,0.0,0.0,0.0,False,False,False,400,80,79,"five-fold GroupKFold grouped by scenario_token; identical rows/folds/targets/ridge-logistic grid across views; paired loss CI uses 5,000 log-cluster bootstrap replicates",ego13 from frozen Stage7L ego_seq plus mask; raw33 from frozen Stage7L interaction_feat_style raw-equivalent report array,False,DEVELOPMENT_DIAGNOSTIC_EVIDENCE,NO_MATERIAL_RETENTION_LOSS_SUPPORTED
D0-C_SAME_HIDDEN_SEQUENCE_POOLING_STUDY,C_seed3409,C,3409,FROZEN_PROBE_ACROSS_VIEW,last,last,lateral,raw33.lane_change_count_proxy,categorical,balanced_accuracy,0.9166666666666667,0.0,0.0,0.0,False,False,False,400,80,79,"five-fold GroupKFold grouped by scenario_token; identical rows/folds/targets/ridge-logistic grid across views; paired loss CI uses 5,000 log-cluster bootstrap replicates",ego13 from frozen Stage7L ego_seq plus mask; raw33 from frozen Stage7L interaction_feat_style raw-equivalent report array,False,DEVELOPMENT_DIAGNOSTIC_EVIDENCE,NO_MATERIAL_RETENTION_LOSS_SUPPORTED
D0-C_SAME_HIDDEN_SEQUENCE_POOLING_STUDY,C_seed3409,C,3409,FROZEN_PROBE_ACROSS_VIEW,last,last,interaction,raw33.mean_front_distance,continuous,R2,0.9539451280902014,0.0,0.0,0.0,False,False,False,400,80,79,"five-fold GroupKFold grouped by scenario_token; identical rows/folds/targets/ridge-logistic grid across views; paired loss CI uses 5,000 log-cluster bootstrap replicates",ego13 from frozen Stage7L ego_seq plus mask; raw33 from frozen Stage7L interaction_feat_style raw-equivalent report array,False,DEVELOPMENT_DIAGNOSTIC_EVIDENCE,NO_MATERIAL_RETENTION_LOSS_SUPPORTED
D0-C_SAME_HIDDEN_SEQUENCE_POOLING_STUDY,C_seed3409,C,3409,FROZEN_PROBE_ACROSS_VIEW,last,last,interaction,raw33.mean_rel_speed,continuous,R2,0.9102547637916882,0.0,0.0,0.0,False,False,False,400,80,79,"five-fold GroupKFold grouped by scenario_token; identical rows/folds/targets/ridge-logistic grid across views; paired loss CI uses 5,000 log-cluster bootstrap replicates",ego13 from frozen Stage7L ego_seq plus mask; raw33 from frozen Stage7L interaction_feat_style raw-equivalent report array,False,DEVELOPMENT_DIAGNOSTIC_EVIDENCE,NO_MATERIAL_RETENTION_LOSS_SUPPORTED
D0-C_SAME_HIDDEN_SEQUENCE_POOLING_STUDY,C_seed3409,C,3409,FROZEN_PROBE_ACROSS_VIEW,last,max,longitudinal,ego13.end_minus_start_speed,continuous,R2,-26.363932211937385,1.7124031361937402,1.4054622806642563,2.1659057091854277,True,True,False,400,80,79,"five-fold GroupKFold grouped by scenario_token; identical rows/folds/targets/ridge-logistic grid across views; paired loss CI uses 5,000 log-cluster bootstrap replicates",ego13 from frozen Stage7L ego_seq plus mask; raw33 from frozen Stage7L interaction_feat_style raw-equivalent report array,True,DEVELOPMENT_DIAGNOSTIC_EVIDENCE,INFORMATION_RETENTION_LOSS_FAVORED
D0-C_SAME_HIDDEN_SEQUENCE_POOLING_STUDY,C_seed3409,C,3409,FROZEN_PROBE_ACROSS_VIEW,last,max,lateral,ego13.heading_change_abs_total,continuous,R2,-22.011202631385583,0.7861986027734684,0.6504424278896946,0.9534733063783062,True,True,False,400,80,79,"five-fold GroupKFold grouped by scenario_token; identical rows/folds/targets/ridge-logistic grid across views; paired loss CI uses 5,000 log-cluster bootstrap replicates",ego13 from frozen Stage7L ego_seq plus mask; raw33 from frozen Stage7L interaction_feat_style raw-equivalent report array,True,DEVELOPMENT_DIAGNOSTIC_EVIDENCE,COORDINATE_GEOMETRY_SHIFT_FAVORED
D0-C_SAME_HIDDEN_SEQUENCE_POOLING_STUDY,C_seed3409,C,3409,FROZEN_PROBE_ACROSS_VIEW,last,max,longitudinal,ego13.mean_speed,continuous,R2,-0.09973764564323107,0.8447740712245044,0.7196999510263045,1.0142884392579345,True,True,False,400,80,79,"five-fold GroupKFold grouped by scenario_token; identical rows/folds/targets/ridge-logistic grid across views; paired loss CI uses 5,000 log-cluster bootstrap replicates",ego13 from frozen Stage7L ego_seq plus mask; raw33 from frozen Stage7L interaction_feat_style raw-equivalent report array,True,DEVELOPMENT_DIAGNOSTIC_EVIDENCE,COORDINATE_GEOMETRY_SHIFT_FAVORED
D0-C_SAME_HIDDEN_SEQUENCE_POOLING_STUDY,C_seed3409,C,3409,FROZEN_PROBE_ACROSS_VIEW,last,max,longitudinal,ego13.rms_accel,continuous,R2,-174.80100176280882,2.0382651418455815,1.6826787501673068,2.5467266688576577,True,True,False,400,80,79,"five-fold GroupKFold grouped by scenario_token; identical rows/folds/targets/ridge-logistic grid across views; paired loss CI uses 5,000 log-cluster bootstrap replicates",ego13 from frozen Stage7L ego_seq plus mask; raw33 from frozen Stage7L interaction_feat_style raw-equivalent report array,True,DEVELOPMENT_DIAGNOSTIC_EVIDENCE,INFORMATION_RETENTION_LOSS_FAVORED
D0-C_SAME_HIDDEN_SEQUENCE_POOLING_STUDY,C_seed3409,C,3409,FROZEN_PROBE_ACROSS_VIEW,last,max,lateral,ego13.rms_yaw_rate,continuous,R2,-50.70952356536279,2.1602415736893352,1.8903459758385126,2.5395865198404164,True,True,False,400,80,79,"five-fold GroupKFold grouped by scenario_token; identical rows/folds/targets/ridge-logistic grid across views; paired loss CI uses 5,000 log-cluster bootstrap replicates",ego13 from frozen Stage7L ego_seq plus mask; raw33 from frozen Stage7L interaction_feat_style raw-equivalent report array,True,DEVELOPMENT_DIAGNOSTIC_EVIDENCE,INFORMATION_RETENTION_LOSS_FAVORED
D0-C_SAME_HIDDEN_SEQUENCE_POOLING_STUDY,C_seed3409,C,3409,FROZEN_PROBE_ACROSS_VIEW,last,max,interaction,raw33.front_pressure_score,continuous,R2,0.19934292904438522,0.5101289119295683,0.4120674004777987,0.7885555890804512,True,True,False,400,80,79,"five-fold GroupKFold grouped by scenario_token; identical rows/folds/targets/ridge-logistic grid across views; paired loss CI uses 5,000 log-cluster bootstrap replicates",ego13 from frozen Stage7L ego_seq plus mask; raw33 from frozen Stage7L interaction_feat_style raw-equivalent report array,True,DEVELOPMENT_DIAGNOSTIC_EVIDENCE,INFORMATION_RETENTION_LOSS_FAVORED
D0-C_SAME_HIDDEN_SEQUENCE_POOLING_STUDY,C_seed3409,C,3409,FROZEN_PROBE_ACROSS_VIEW,last,max,lateral,raw33.lane_change_count_proxy,categorical,balanced_accuracy,0.7962478184991274,0.5739981053310625,0.43379910399401606,0.719353854794513,True,True,False,400,80,79,"five-fold GroupKFold grouped by scenario_token; identical rows/folds/targets/ridge-logistic grid across views; paired loss CI uses 5,000 log-cluster bootstrap replicates",ego13 from frozen Stage7L ego_seq plus mask; raw33 from frozen Stage7L interaction_feat_style raw-equivalent report array,True,DEVELOPMENT_DIAGNOSTIC_EVIDENCE,INFORMATION_RETENTION_LOSS_FAVORED
D0-C_SAME_HIDDEN_SEQUENCE_POOLING_STUDY,C_seed3409,C,3409,FROZEN_PROBE_ACROSS_VIEW,last,max,interaction,raw33.mean_front_distance,continuous,R2,0.46343708126479066,0.5414159771553141,0.4429919037821303,0.6583025036476097,True,True,False,400,80,79,"five-fold GroupKFold grouped by scenario_token; identical rows/folds/targets/ridge-logistic grid across views; paired loss CI uses 5,000 log-cluster bootstrap replicates",ego13 from frozen Stage7L ego_seq plus mask; raw33 from frozen Stage7L interaction_feat_style raw-equivalent report array,True,DEVELOPMENT_DIAGNOSTIC_EVIDENCE,INFORMATION_RETENTION_LOSS_FAVORED
D0-C_SAME_HIDDEN_SEQUENCE_POOLING_STUDY,C_seed3409,C,3409,FROZEN_PROBE_ACROSS_VIEW,last,max,interaction,raw33.mean_rel_speed,continuous,R2,-0.001116376373242911,0.5730571601669392,0.48241727942456836,0.7031691599007083,True,True,False,400,80,79,"five-fold GroupKFold grouped by scenario_token; identical rows/folds/targets/ridge-logistic grid across views; paired loss CI uses 5,000 log-cluster bootstrap replicates",ego13 from frozen Stage7L ego_seq plus mask; raw33 from frozen Stage7L interaction_feat_style raw-equivalent report array,True,DEVELOPMENT_DIAGNOSTIC_EVIDENCE,INFORMATION_RETENTION_LOSS_FAVORED
D0-C_SAME_HIDDEN_SEQUENCE_POOLING_STUDY,C_seed3409,C,3409,FROZEN_PROBE_ACROSS_VIEW,last,mean,longitudinal,ego13.end_minus_start_speed,continuous,R2,0.22625575201637604,0.8995972731740856,0.7653478994634154,1.1380740572130248,True,True,False,400,80,79,"five-fold GroupKFold grouped by scenario_token; identical rows/folds/targets/ridge-logistic grid across views; paired loss CI uses 5,000 log-cluster bootstrap replicates",ego13 from frozen Stage7L ego_seq plus mask; raw33 from frozen Stage7L interaction_feat_style raw-equivalent report array,True,DEVELOPMENT_DIAGNOSTIC_EVIDENCE,REFIT_VIEW_GAIN_NOT_INFORMATION_LOSS
D0-C_SAME_HIDDEN_SEQUENCE_POOLING_STUDY,C_seed3409,C,3409,FROZEN_PROBE_ACROSS_VIEW,last,mean,lateral,ego13.heading_change_abs_total,continuous,R2,-3.38847947157132,0.43128406234730965,0.31458567849339475,0.5568724564568309,True,True,False,400,80,79,"five-fold GroupKFold grouped by scenario_token; identical rows/folds/targets/ridge-logistic grid across views; paired loss CI uses 5,000 log-cluster bootstrap replicates",ego13 from frozen Stage7L ego_seq plus mask; raw33 from frozen Stage7L interaction_feat_style raw-equivalent report array,True,DEVELOPMENT_DIAGNOSTIC_EVIDENCE,COORDINATE_GEOMETRY_SHIFT_FAVORED
D0-C_SAME_HIDDEN_SEQUENCE_POOLING_STUDY,C_seed3409,C,3409,FROZEN_PROBE_ACROSS_VIEW,last,mean,longitudinal,ego13.mean_speed,continuous,R2,-21.70785934616143,4.746268526140961,4.292315548594328,5.41493789955779,True,True,False,400,80,79,"five-fold GroupKFold grouped by scenario_token; identical rows/folds/targets/ridge-logistic grid across views; paired loss CI uses 5,000 log-cluster bootstrap replicates",ego13 from frozen Stage7L ego_seq plus mask; raw33 from frozen Stage7L interaction_feat_style raw-equivalent report array,True,DEVELOPMENT_DIAGNOSTIC_EVIDENCE,REFIT_VIEW_GAIN_NOT_INFORMATION_LOSS
D0-C_SAME_HIDDEN_SEQUENCE_POOLING_STUDY,C_seed3409,C,3409,FROZEN_PROBE_ACROSS_VIEW,last,mean,longitudinal,ego13.rms_accel,continuous,R2,-41.402119713534375,2.410008281397244,2.0090908656361806,3.0522588507728305,True,True,False,400,80,79,"five-fold GroupKFold grouped by scenario_token; identical rows/folds/targets/ridge-logistic grid across views; paired loss CI uses 5,000 log-cluster bootstrap replicates",ego13 from frozen Stage7L ego_seq plus mask; raw33 from frozen Stage7L interaction_feat_style raw-equivalent report array,True,DEVELOPMENT_DIAGNOSTIC_EVIDENCE,REFIT_VIEW_GAIN_NOT_INFORMATION_LOSS
D0-C_SAME_HIDDEN_SEQUENCE_POOLING_STUDY,C_seed3409,C,3409,FROZEN_PROBE_ACROSS_VIEW,last,mean,lateral,ego13.rms_yaw_rate,continuous,R2,-2.337640543099685,0.5873836501054642,0.45135362483879815,0.7323833535743095,True,True,False,400,80,79,"five-fold GroupKFold grouped by scenario_token; identical rows/folds/targets/ridge-logistic grid across views; paired loss CI uses 5,000 log-cluster bootstrap replicates",ego13 from frozen Stage7L ego_seq plus mask; raw33 from frozen Stage7L interaction_feat_style raw-equivalent report array,True,DEVELOPMENT_DIAGNOSTIC_EVIDENCE,COORDINATE_GEOMETRY_SHIFT_FAVORED
D0-C_SAME_HIDDEN_SEQUENCE_POOLING_STUDY,C_seed3409,C,3409,FROZEN_PROBE_ACROSS_VIEW,last,mean,interaction,raw33.front_pressure_score,continuous,R2,0.8762419027362134,0.05639386712694785,-0.18610988077135004,0.242402924430244,False,False,False,400,80,79,"five-fold GroupKFold grouped by scenario_token; identical rows/folds/targets/ridge-logistic grid across views; paired loss CI uses 5,000 log-cluster bootstrap replicates",ego13 from frozen Stage7L ego_seq plus mask; raw33 from frozen Stage7L interaction_feat_style raw-equivalent report array,True,DEVELOPMENT_DIAGNOSTIC_EVIDENCE,NO_MATERIAL_RETENTION_LOSS_SUPPORTED
D0-C_SAME_HIDDEN_SEQUENCE_POOLING_STUDY,C_seed3409,C,3409,FROZEN_PROBE_ACROSS_VIEW,last,mean,lateral,raw33.lane_change_count_proxy,categorical,balanced_accuracy,0.9166666666666667,0.0,0.0,0.0,False,False,False,400,80,79,"five-fold GroupKFold grouped by scenario_token; identical rows/folds/targets/ridge-logistic grid across views; paired loss CI uses 5,000 log-cluster bootstrap replicates",ego13 from frozen Stage7L ego_seq plus mask; raw33 from frozen Stage7L interaction_feat_style raw-equivalent report array,True,DEVELOPMENT_DIAGNOSTIC_EVIDENCE,NO_MATERIAL_RETENTION_LOSS_SUPPORTED
D0-C_SAME_HIDDEN_SEQUENCE_POOLING_STUDY,C_seed3409,C,3409,FROZEN_PROBE_ACROSS_VIEW,last,mean,interaction,raw33.mean_front_distance,continuous,R2,0.9475369251788012,0.1296102739739962,-0.08781694767082998,0.35668815983485785,False,False,False,400,80,79,"five-fold GroupKFold grouped by scenario_token; identical rows/folds/targets/ridge-logistic grid across views; paired loss CI uses 5,000 log-cluster bootstrap replicates",ego13 from frozen Stage7L ego_seq plus mask; raw33 from frozen Stage7L interaction_feat_style raw-equivalent report array,True,DEVELOPMENT_DIAGNOSTIC_EVIDENCE,NO_MATERIAL_RETENTION_LOSS_SUPPORTED
D0-C_SAME_HIDDEN_SEQUENCE_POOLING_STUDY,C_seed3409,C,3409,FROZEN_PROBE_ACROSS_VIEW,last,mean,interaction,raw33.mean_rel_speed,continuous,R2,0.8938288573050245,0.15276084252756536,-0.06747076964844803,0.3096963349226871,False,False,False,400,80,79,"five-fold GroupKFold grouped by scenario_token; identical rows/folds/targets/ridge-logistic grid across views; paired loss CI uses 5,000 log-cluster bootstrap replicates",ego13 from frozen Stage7L ego_seq plus mask; raw33 from frozen Stage7L interaction_feat_style raw-equivalent report array,True,DEVELOPMENT_DIAGNOSTIC_EVIDENCE,NO_MATERIAL_RETENTION_LOSS_SUPPORTED
D0-C_SAME_HIDDEN_SEQUENCE_POOLING_STUDY,C_seed3409,C,3409,SAME_CAPACITY_REFIT_PROBE_PER_VIEW,last,last,longitudinal,ego13.end_minus_start_speed,continuous,R2,0.9928852845365045,0.0,0.0,0.0,False,False,False,400,80,79,"five-fold GroupKFold grouped by scenario_token; identical rows/folds/targets/ridge-logistic grid across views; paired loss CI uses 5,000 log-cluster bootstrap replicates",ego13 from frozen Stage7L ego_seq plus mask; raw33 from frozen Stage7L interaction_feat_style raw-equivalent report array,False,DEVELOPMENT_DIAGNOSTIC_EVIDENCE,NO_MATERIAL_RETENTION_LOSS_SUPPORTED
D0-C_SAME_HIDDEN_SEQUENCE_POOLING_STUDY,C_seed3409,C,3409,SAME_CAPACITY_REFIT_PROBE_PER_VIEW,last,last,lateral,ego13.heading_change_abs_total,continuous,R2,0.04976880440712561,0.0,0.0,0.0,False,False,False,400,80,79,"five-fold GroupKFold grouped by scenario_token; identical rows/folds/targets/ridge-logistic grid across views; paired loss CI uses 5,000 log-cluster bootstrap replicates",ego13 from frozen Stage7L ego_seq plus mask; raw33 from frozen Stage7L interaction_feat_style raw-equivalent report array,False,DEVELOPMENT_DIAGNOSTIC_EVIDENCE,NO_MATERIAL_RETENTION_LOSS_SUPPORTED
D0-C_SAME_HIDDEN_SEQUENCE_POOLING_STUDY,C_seed3409,C,3409,SAME_CAPACITY_REFIT_PROBE_PER_VIEW,last,last,longitudinal,ego13.mean_speed,continuous,R2,0.9916290084887376,0.0,0.0,0.0,False,False,False,400,80,79,"five-fold GroupKFold grouped by scenario_token; identical rows/folds/targets/ridge-logistic grid across views; paired loss CI uses 5,000 log-cluster bootstrap replicates",ego13 from frozen Stage7L ego_seq plus mask; raw33 from frozen Stage7L interaction_feat_style raw-equivalent report array,False,DEVELOPMENT_DIAGNOSTIC_EVIDENCE,NO_MATERIAL_RETENTION_LOSS_SUPPORTED
D0-C_SAME_HIDDEN_SEQUENCE_POOLING_STUDY,C_seed3409,C,3409,SAME_CAPACITY_REFIT_PROBE_PER_VIEW,last,last,longitudinal,ego13.rms_accel,continuous,R2,0.9561786479779494,0.0,0.0,0.0,False,False,False,400,80,79,"five-fold GroupKFold grouped by scenario_token; identical rows/folds/targets/ridge-logistic grid across views; paired loss CI uses 5,000 log-cluster bootstrap replicates",ego13 from frozen Stage7L ego_seq plus mask; raw33 from frozen Stage7L interaction_feat_style raw-equivalent report array,False,DEVELOPMENT_DIAGNOSTIC_EVIDENCE,NO_MATERIAL_RETENTION_LOSS_SUPPORTED
D0-C_SAME_HIDDEN_SEQUENCE_POOLING_STUDY,C_seed3409,C,3409,SAME_CAPACITY_REFIT_PROBE_PER_VIEW,last,last,lateral,ego13.rms_yaw_rate,continuous,R2,0.3212661681331994,0.0,0.0,0.0,False,False,False,400,80,79,"five-fold GroupKFold grouped by scenario_token; identical rows/folds/targets/ridge-logistic grid across views; paired loss CI uses 5,000 log-cluster bootstrap replicates",ego13 from frozen Stage7L ego_seq plus mask; raw33 from frozen Stage7L interaction_feat_style raw-equivalent report array,False,DEVELOPMENT_DIAGNOSTIC_EVIDENCE,NO_MATERIAL_RETENTION_LOSS_SUPPORTED
D0-C_SAME_HIDDEN_SEQUENCE_POOLING_STUDY,C_seed3409,C,3409,SAME_CAPACITY_REFIT_PROBE_PER_VIEW,last,last,interaction,raw33.front_pressure_score,continuous,R2,0.882897778212491,0.0,0.0,0.0,False,False,False,400,80,79,"five-fold GroupKFold grouped by scenario_token; identical rows/folds/targets/ridge-logistic grid across views; paired loss CI uses 5,000 log-cluster bootstrap replicates",ego13 from frozen Stage7L ego_seq plus mask; raw33 from frozen Stage7L interaction_feat_style raw-equivalent report array,False,DEVELOPMENT_DIAGNOSTIC_EVIDENCE,NO_MATERIAL_RETENTION_LOSS_SUPPORTED
D0-C_SAME_HIDDEN_SEQUENCE_POOLING_STUDY,C_seed3409,C,3409,SAME_CAPACITY_REFIT_PROBE_PER_VIEW,last,last,lateral,raw33.lane_change_count_proxy,categorical,balanced_accuracy,0.9166666666666667,0.0,0.0,0.0,False,False,False,400,80,79,"five-fold GroupKFold grouped by scenario_token; identical rows/folds/targets/ridge-logistic grid across views; paired loss CI uses 5,000 log-cluster bootstrap replicates",ego13 from frozen Stage7L ego_seq plus mask; raw33 from frozen Stage7L interaction_feat_style raw-equivalent report array,False,DEVELOPMENT_DIAGNOSTIC_EVIDENCE,NO_MATERIAL_RETENTION_LOSS_SUPPORTED
D0-C_SAME_HIDDEN_SEQUENCE_POOLING_STUDY,C_seed3409,C,3409,SAME_CAPACITY_REFIT_PROBE_PER_VIEW,last,last,interaction,raw33.mean_front_distance,continuous,R2,0.9539451280902014,0.0,0.0,0.0,False,False,False,400,80,79,"five-fold GroupKFold grouped by scenario_token; identical rows/folds/targets/ridge-logistic grid across views; paired loss CI uses 5,000 log-cluster bootstrap replicates",ego13 from frozen Stage7L ego_seq plus mask; raw33 from frozen Stage7L interaction_feat_style raw-equivalent report array,False,DEVELOPMENT_DIAGNOSTIC_EVIDENCE,NO_MATERIAL_RETENTION_LOSS_SUPPORTED
D0-C_SAME_HIDDEN_SEQUENCE_POOLING_STUDY,C_seed3409,C,3409,SAME_CAPACITY_REFIT_PROBE_PER_VIEW,last,last,interaction,raw33.mean_rel_speed,continuous,R2,0.9102547637916882,0.0,0.0,0.0,False,False,False,400,80,79,"five-fold GroupKFold grouped by scenario_token; identical rows/folds/targets/ridge-logistic grid across views; paired loss CI uses 5,000 log-cluster bootstrap replicates",ego13 from frozen Stage7L ego_seq plus mask; raw33 from frozen Stage7L interaction_feat_style raw-equivalent report array,False,DEVELOPMENT_DIAGNOSTIC_EVIDENCE,NO_MATERIAL_RETENTION_LOSS_SUPPORTED
D0-C_SAME_HIDDEN_SEQUENCE_POOLING_STUDY,C_seed3409,C,3409,SAME_CAPACITY_REFIT_PROBE_PER_VIEW,last,max,longitudinal,ego13.end_minus_start_speed,continuous,R2,0.9804900117583606,0.23054109946291104,0.15741101239205302,0.4184825615501952,True,True,False,400,80,79,"five-fold GroupKFold grouped by scenario_token; identical rows/folds/targets/ridge-logistic grid across views; paired loss CI uses 5,000 log-cluster bootstrap replicates",ego13 from frozen Stage7L ego_seq plus mask; raw33 from frozen Stage7L interaction_feat_style raw-equivalent report array,True,DEVELOPMENT_DIAGNOSTIC_EVIDENCE,INFORMATION_RETENTION_LOSS_FAVORED
D0-C_SAME_HIDDEN_SEQUENCE_POOLING_STUDY,C_seed3409,C,3409,SAME_CAPACITY_REFIT_PROBE_PER_VIEW,last,max,lateral,ego13.heading_change_abs_total,continuous,R2,-0.017259936199029324,0.10596539088737612,-0.11078322257989616,0.3322520342683341,False,False,False,400,80,79,"five-fold GroupKFold grouped by scenario_token; identical rows/folds/targets/ridge-logistic grid across views; paired loss CI uses 5,000 log-cluster bootstrap replicates",ego13 from frozen Stage7L ego_seq plus mask; raw33 from frozen Stage7L interaction_feat_style raw-equivalent report array,True,DEVELOPMENT_DIAGNOSTIC_EVIDENCE,COORDINATE_GEOMETRY_SHIFT_FAVORED
D0-C_SAME_HIDDEN_SEQUENCE_POOLING_STUDY,C_seed3409,C,3409,SAME_CAPACITY_REFIT_PROBE_PER_VIEW,last,max,longitudinal,ego13.mean_speed,continuous,R2,0.9884935369063201,0.07867546096930086,-0.21162125297518408,0.24089529419027014,False,False,False,400,80,79,"five-fold GroupKFold grouped by scenario_token; identical rows/folds/targets/ridge-logistic grid across views; paired loss CI uses 5,000 log-cluster bootstrap replicates",ego13 from frozen Stage7L ego_seq plus mask; raw33 from frozen Stage7L interaction_feat_style raw-equivalent report array,True,DEVELOPMENT_DIAGNOSTIC_EVIDENCE,COORDINATE_GEOMETRY_SHIFT_FAVORED
D0-C_SAME_HIDDEN_SEQUENCE_POOLING_STUDY,C_seed3409,C,3409,SAME_CAPACITY_REFIT_PROBE_PER_VIEW,last,max,longitudinal,ego13.rms_accel,continuous,R2,0.9414603157864466,0.20079757898983386,0.010490592130260509,0.33707906978992414,True,True,False,400,80,79,"five-fold GroupKFold grouped by scenario_token; identical rows/folds/targets/ridge-logistic grid across views; paired loss CI uses 5,000 log-cluster bootstrap replicates",ego13 from frozen Stage7L ego_seq plus mask; raw33 from frozen Stage7L interaction_feat_style raw-equivalent report array,True,DEVELOPMENT_DIAGNOSTIC_EVIDENCE,INFORMATION_RETENTION_LOSS_FAVORED
D0-C_SAME_HIDDEN_SEQUENCE_POOLING_STUDY,C_seed3409,C,3409,SAME_CAPACITY_REFIT_PROBE_PER_VIEW,last,max,lateral,ego13.rms_yaw_rate,continuous,R2,-0.01381010001787808,0.1644420000442156,0.013220328537451215,0.3341173379475403,True,True,False,400,80,79,"five-fold GroupKFold grouped by scenario_token; identical rows/folds/targets/ridge-logistic grid across views; paired loss CI uses 5,000 log-cluster bootstrap replicates",ego13 from frozen Stage7L ego_seq plus mask; raw33 from frozen Stage7L interaction_feat_style raw-equivalent report array,True,DEVELOPMENT_DIAGNOSTIC_EVIDENCE,INFORMATION_RETENTION_LOSS_FAVORED
D0-C_SAME_HIDDEN_SEQUENCE_POOLING_STUDY,C_seed3409,C,3409,SAME_CAPACITY_REFIT_PROBE_PER_VIEW,last,max,interaction,raw33.front_pressure_score,continuous,R2,0.5188267961108621,0.40405560214123215,0.292526033017106,0.5471829452117292,True,True,False,400,80,79,"five-fold GroupKFold grouped by scenario_token; identical rows/folds/targets/ridge-logistic grid across views; paired loss CI uses 5,000 log-cluster bootstrap replicates",ego13 from frozen Stage7L ego_seq plus mask; raw33 from frozen Stage7L interaction_feat_style raw-equivalent report array,True,DEVELOPMENT_DIAGNOSTIC_EVIDENCE,INFORMATION_RETENTION_LOSS_FAVORED
D0-C_SAME_HIDDEN_SEQUENCE_POOLING_STUDY,C_seed3409,C,3409,SAME_CAPACITY_REFIT_PROBE_PER_VIEW,last,max,lateral,raw33.lane_change_count_proxy,categorical,balanced_accuracy,0.5702443280977313,0.26855344059611214,0.1468973602531718,0.3781593050915545,True,True,False,400,80,79,"five-fold GroupKFold grouped by scenario_token; identical rows/folds/targets/ridge-logistic grid across views; paired loss CI uses 5,000 log-cluster bootstrap replicates",ego13 from frozen Stage7L ego_seq plus mask; raw33 from frozen Stage7L interaction_feat_style raw-equivalent report array,True,DEVELOPMENT_DIAGNOSTIC_EVIDENCE,INFORMATION_RETENTION_LOSS_FAVORED
D0-C_SAME_HIDDEN_SEQUENCE_POOLING_STUDY,C_seed3409,C,3409,SAME_CAPACITY_REFIT_PROBE_PER_VIEW,last,max,interaction,raw33.mean_front_distance,continuous,R2,0.7548917288054213,0.540025424543799,0.41177337608557946,0.6869724011926387,True,True,False,400,80,79,"five-fold GroupKFold grouped by scenario_token; identical rows/folds/targets/ridge-logistic grid across views; paired loss CI uses 5,000 log-cluster bootstrap replicates",ego13 from frozen Stage7L ego_seq plus mask; raw33 from frozen Stage7L interaction_feat_style raw-equivalent report array,True,DEVELOPMENT_DIAGNOSTIC_EVIDENCE,INFORMATION_RETENTION_LOSS_FAVORED
D0-C_SAME_HIDDEN_SEQUENCE_POOLING_STUDY,C_seed3409,C,3409,SAME_CAPACITY_REFIT_PROBE_PER_VIEW,last,max,interaction,raw33.mean_rel_speed,continuous,R2,0.7680526512361439,0.3310721028976751,0.17353110708654565,0.4786205718809735,True,True,False,400,80,79,"five-fold GroupKFold grouped by scenario_token; identical rows/folds/targets/ridge-logistic grid across views; paired loss CI uses 5,000 log-cluster bootstrap replicates",ego13 from frozen Stage7L ego_seq plus mask; raw33 from frozen Stage7L interaction_feat_style raw-equivalent report array,True,DEVELOPMENT_DIAGNOSTIC_EVIDENCE,INFORMATION_RETENTION_LOSS_FAVORED
D0-C_SAME_HIDDEN_SEQUENCE_POOLING_STUDY,C_seed3409,C,3409,SAME_CAPACITY_REFIT_PROBE_PER_VIEW,last,mean,longitudinal,ego13.end_minus_start_speed,continuous,R2,0.9985776931052892,-0.2148169293091727,-0.459208906357072,-0.1535428749867405,True,False,True,400,80,79,"five-fold GroupKFold grouped by scenario_token; identical rows/folds/targets/ridge-logistic grid across views; paired loss CI uses 5,000 log-cluster bootstrap replicates",ego13 from frozen Stage7L ego_seq plus mask; raw33 from frozen Stage7L interaction_feat_style raw-equivalent report array,True,DEVELOPMENT_DIAGNOSTIC_EVIDENCE,REFIT_VIEW_GAIN_NOT_INFORMATION_LOSS
D0-C_SAME_HIDDEN_SEQUENCE_POOLING_STUDY,C_seed3409,C,3409,SAME_CAPACITY_REFIT_PROBE_PER_VIEW,last,mean,lateral,ego13.heading_change_abs_total,continuous,R2,0.32980682952532203,-0.16445997495180098,-0.315594793417855,0.0005444493557732453,False,False,False,400,80,79,"five-fold GroupKFold grouped by scenario_token; identical rows/folds/targets/ridge-logistic grid across views; paired loss CI uses 5,000 log-cluster bootstrap replicates",ego13 from frozen Stage7L ego_seq plus mask; raw33 from frozen Stage7L interaction_feat_style raw-equivalent report array,True,DEVELOPMENT_DIAGNOSTIC_EVIDENCE,COORDINATE_GEOMETRY_SHIFT_FAVORED
D0-C_SAME_HIDDEN_SEQUENCE_POOLING_STUDY,C_seed3409,C,3409,SAME_CAPACITY_REFIT_PROBE_PER_VIEW,last,mean,longitudinal,ego13.mean_speed,continuous,R2,0.9990513045966892,-0.4508876886839222,-0.5721531261082407,-0.3574694129069785,True,False,True,400,80,79,"five-fold GroupKFold grouped by scenario_token; identical rows/folds/targets/ridge-logistic grid across views; paired loss CI uses 5,000 log-cluster bootstrap replicates",ego13 from frozen Stage7L ego_seq plus mask; raw33 from frozen Stage7L interaction_feat_style raw-equivalent report array,True,DEVELOPMENT_DIAGNOSTIC_EVIDENCE,REFIT_VIEW_GAIN_NOT_INFORMATION_LOSS
D0-C_SAME_HIDDEN_SEQUENCE_POOLING_STUDY,C_seed3409,C,3409,SAME_CAPACITY_REFIT_PROBE_PER_VIEW,last,mean,longitudinal,ego13.rms_accel,continuous,R2,0.9901321306664582,-0.1618029462849537,-0.48320198848994445,-0.13939324283819252,True,False,True,400,80,79,"five-fold GroupKFold grouped by scenario_token; identical rows/folds/targets/ridge-logistic grid across views; paired loss CI uses 5,000 log-cluster bootstrap replicates",ego13 from frozen Stage7L ego_seq plus mask; raw33 from frozen Stage7L interaction_feat_style raw-equivalent report array,True,DEVELOPMENT_DIAGNOSTIC_EVIDENCE,REFIT_VIEW_GAIN_NOT_INFORMATION_LOSS
D0-C_SAME_HIDDEN_SEQUENCE_POOLING_STUDY,C_seed3409,C,3409,SAME_CAPACITY_REFIT_PROBE_PER_VIEW,last,mean,lateral,ego13.rms_yaw_rate,continuous,R2,0.41010439335228843,-0.1349938214489531,-0.34390017484726737,0.08690667615015851,False,False,False,400,80,79,"five-fold GroupKFold grouped by scenario_token; identical rows/folds/targets/ridge-logistic grid across views; paired loss CI uses 5,000 log-cluster bootstrap replicates",ego13 from frozen Stage7L ego_seq plus mask; raw33 from frozen Stage7L interaction_feat_style raw-equivalent report array,True,DEVELOPMENT_DIAGNOSTIC_EVIDENCE,COORDINATE_GEOMETRY_SHIFT_FAVORED
D0-C_SAME_HIDDEN_SEQUENCE_POOLING_STUDY,C_seed3409,C,3409,SAME_CAPACITY_REFIT_PROBE_PER_VIEW,last,mean,interaction,raw33.front_pressure_score,continuous,R2,0.8648062351759853,0.1396319779265499,-0.09077639309504631,0.28260941985629356,False,False,False,400,80,79,"five-fold GroupKFold grouped by scenario_token; identical rows/folds/targets/ridge-logistic grid across views; paired loss CI uses 5,000 log-cluster bootstrap replicates",ego13 from frozen Stage7L ego_seq plus mask; raw33 from frozen Stage7L interaction_feat_style raw-equivalent report array,True,DEVELOPMENT_DIAGNOSTIC_EVIDENCE,NO_MATERIAL_RETENTION_LOSS_SUPPORTED
D0-C_SAME_HIDDEN_SEQUENCE_POOLING_STUDY,C_seed3409,C,3409,SAME_CAPACITY_REFIT_PROBE_PER_VIEW,last,mean,lateral,raw33.lane_change_count_proxy,categorical,balanced_accuracy,0.9166666666666667,0.0,0.0,0.0,False,False,False,400,80,79,"five-fold GroupKFold grouped by scenario_token; identical rows/folds/targets/ridge-logistic grid across views; paired loss CI uses 5,000 log-cluster bootstrap replicates",ego13 from frozen Stage7L ego_seq plus mask; raw33 from frozen Stage7L interaction_feat_style raw-equivalent report array,True,DEVELOPMENT_DIAGNOSTIC_EVIDENCE,NO_MATERIAL_RETENTION_LOSS_SUPPORTED
D0-C_SAME_HIDDEN_SEQUENCE_POOLING_STUDY,C_seed3409,C,3409,SAME_CAPACITY_REFIT_PROBE_PER_VIEW,last,mean,interaction,raw33.mean_front_distance,continuous,R2,0.955850545707158,-0.05447987310841905,-0.2892363380882121,0.16225544803971112,False,False,False,400,80,79,"five-fold GroupKFold grouped by scenario_token; identical rows/folds/targets/ridge-logistic grid across views; paired loss CI uses 5,000 log-cluster bootstrap replicates",ego13 from frozen Stage7L ego_seq plus mask; raw33 from frozen Stage7L interaction_feat_style raw-equivalent report array,True,DEVELOPMENT_DIAGNOSTIC_EVIDENCE,NO_MATERIAL_RETENTION_LOSS_SUPPORTED
D0-C_SAME_HIDDEN_SEQUENCE_POOLING_STUDY,C_seed3409,C,3409,SAME_CAPACITY_REFIT_PROBE_PER_VIEW,last,mean,interaction,raw33.mean_rel_speed,continuous,R2,0.89175353150194,0.1385201431645503,-0.10191220448469518,0.2728559736084988,False,False,False,400,80,79,"five-fold GroupKFold grouped by scenario_token; identical rows/folds/targets/ridge-logistic grid across views; paired loss CI uses 5,000 log-cluster bootstrap replicates",ego13 from frozen Stage7L ego_seq plus mask; raw33 from frozen Stage7L interaction_feat_style raw-equivalent report array,True,DEVELOPMENT_DIAGNOSTIC_EVIDENCE,NO_MATERIAL_RETENTION_LOSS_SUPPORTED
D0-D_MASK_PADDING_SENSITIVITY,A_seed3407,A,3407,FROZEN_PROBE_ACROSS_VIEW,last,final_valid,longitudinal,ego13.end_minus_start_speed,continuous,R2,0.7870697694811493,-0.06678237162703472,-0.21613519075293672,0.2456608493705508,False,False,False,400,80,79,"five-fold GroupKFold grouped by scenario_token; identical rows/folds/targets/ridge-logistic grid across views; paired loss CI uses 5,000 log-cluster bootstrap replicates",ego13 from frozen Stage7L ego_seq plus mask; raw33 from frozen Stage7L interaction_feat_style raw-equivalent report array,True,DEVELOPMENT_DIAGNOSTIC_EVIDENCE,NO_MATERIAL_RETENTION_LOSS_SUPPORTED
D0-D_MASK_PADDING_SENSITIVITY,A_seed3407,A,3407,FROZEN_PROBE_ACROSS_VIEW,last,final_valid,lateral,ego13.heading_change_abs_total,continuous,R2,-0.030941376108914342,-0.14115093059448264,-0.2507289189670767,0.09800301919251851,False,False,False,400,80,79,"five-fold GroupKFold grouped by scenario_token; identical rows/folds/targets/ridge-logistic grid across views; paired loss CI uses 5,000 log-cluster bootstrap replicates",ego13 from frozen Stage7L ego_seq plus mask; raw33 from frozen Stage7L interaction_feat_style raw-equivalent report array,True,DEVELOPMENT_DIAGNOSTIC_EVIDENCE,NO_MATERIAL_RETENTION_LOSS_SUPPORTED
D0-D_MASK_PADDING_SENSITIVITY,A_seed3407,A,3407,FROZEN_PROBE_ACROSS_VIEW,last,final_valid,longitudinal,ego13.mean_speed,continuous,R2,0.8056423984948313,-0.07091440746899422,-0.20693291032259192,0.24062718289113882,False,False,False,400,80,79,"five-fold GroupKFold grouped by scenario_token; identical rows/folds/targets/ridge-logistic grid across views; paired loss CI uses 5,000 log-cluster bootstrap replicates",ego13 from frozen Stage7L ego_seq plus mask; raw33 from frozen Stage7L interaction_feat_style raw-equivalent report array,True,DEVELOPMENT_DIAGNOSTIC_EVIDENCE,NO_MATERIAL_RETENTION_LOSS_SUPPORTED
D0-D_MASK_PADDING_SENSITIVITY,A_seed3407,A,3407,FROZEN_PROBE_ACROSS_VIEW,last,final_valid,longitudinal,ego13.rms_accel,continuous,R2,0.5697355858720833,-0.030178987881912252,-0.18766396648902797,0.38132406370105165,False,False,False,400,80,79,"five-fold GroupKFold grouped by scenario_token; identical rows/folds/targets/ridge-logistic grid across views; paired loss CI uses 5,000 log-cluster bootstrap replicates",ego13 from frozen Stage7L ego_seq plus mask; raw33 from frozen Stage7L interaction_feat_style raw-equivalent report array,True,DEVELOPMENT_DIAGNOSTIC_EVIDENCE,NO_MATERIAL_RETENTION_LOSS_SUPPORTED
D0-D_MASK_PADDING_SENSITIVITY,A_seed3407,A,3407,FROZEN_PROBE_ACROSS_VIEW,last,final_valid,lateral,ego13.rms_yaw_rate,continuous,R2,0.021505425095370567,-0.024212325028179788,-0.2582873504287573,0.18806027109025394,False,False,False,400,80,79,"five-fold GroupKFold grouped by scenario_token; identical rows/folds/targets/ridge-logistic grid across views; paired loss CI uses 5,000 log-cluster bootstrap replicates",ego13 from frozen Stage7L ego_seq plus mask; raw33 from frozen Stage7L interaction_feat_style raw-equivalent report array,True,DEVELOPMENT_DIAGNOSTIC_EVIDENCE,NO_MATERIAL_RETENTION_LOSS_SUPPORTED
D0-D_MASK_PADDING_SENSITIVITY,A_seed3407,A,3407,FROZEN_PROBE_ACROSS_VIEW,last,final_valid,interaction,raw33.front_pressure_score,continuous,R2,0.8109822983655859,0.06737448130048947,-0.16333232825257366,0.28219498044150426,False,False,False,400,80,79,"five-fold GroupKFold grouped by scenario_token; identical rows/folds/targets/ridge-logistic grid across views; paired loss CI uses 5,000 log-cluster bootstrap replicates",ego13 from frozen Stage7L ego_seq plus mask; raw33 from frozen Stage7L interaction_feat_style raw-equivalent report array,True,DEVELOPMENT_DIAGNOSTIC_EVIDENCE,REFIT_VIEW_GAIN_NOT_INFORMATION_LOSS
D0-D_MASK_PADDING_SENSITIVITY,A_seed3407,A,3407,FROZEN_PROBE_ACROSS_VIEW,last,final_valid,lateral,raw33.lane_change_count_proxy,categorical,balanced_accuracy,0.6388888888888888,0.0,0.0,0.0,False,False,False,400,80,79,"five-fold GroupKFold grouped by scenario_token; identical rows/folds/targets/ridge-logistic grid across views; paired loss CI uses 5,000 log-cluster bootstrap replicates",ego13 from frozen Stage7L ego_seq plus mask; raw33 from frozen Stage7L interaction_feat_style raw-equivalent report array,True,DEVELOPMENT_DIAGNOSTIC_EVIDENCE,NO_MATERIAL_RETENTION_LOSS_SUPPORTED
D0-D_MASK_PADDING_SENSITIVITY,A_seed3407,A,3407,FROZEN_PROBE_ACROSS_VIEW,last,final_valid,interaction,raw33.mean_front_distance,continuous,R2,0.9398000015482871,0.03362002201189631,-0.19131658415114886,0.2542956845693444,False,False,False,400,80,79,"five-fold GroupKFold grouped by scenario_token; identical rows/folds/targets/ridge-logistic grid across views; paired loss CI uses 5,000 log-cluster bootstrap replicates",ego13 from frozen Stage7L ego_seq plus mask; raw33 from frozen Stage7L interaction_feat_style raw-equivalent report array,True,DEVELOPMENT_DIAGNOSTIC_EVIDENCE,NO_MATERIAL_RETENTION_LOSS_SUPPORTED
D0-D_MASK_PADDING_SENSITIVITY,A_seed3407,A,3407,FROZEN_PROBE_ACROSS_VIEW,last,final_valid,interaction,raw33.mean_rel_speed,continuous,R2,0.9132110512451992,0.051164830979402894,-0.18602340409618254,0.2549731113525552,False,False,False,400,80,79,"five-fold GroupKFold grouped by scenario_token; identical rows/folds/targets/ridge-logistic grid across views; paired loss CI uses 5,000 log-cluster bootstrap replicates",ego13 from frozen Stage7L ego_seq plus mask; raw33 from frozen Stage7L interaction_feat_style raw-equivalent report array,True,DEVELOPMENT_DIAGNOSTIC_EVIDENCE,NO_MATERIAL_RETENTION_LOSS_SUPPORTED
D0-D_MASK_PADDING_SENSITIVITY,A_seed3407,A,3407,FROZEN_PROBE_ACROSS_VIEW,last,last,longitudinal,ego13.end_minus_start_speed,continuous,R2,0.7640330915079536,0.0,0.0,0.0,False,False,False,400,80,79,"five-fold GroupKFold grouped by scenario_token; identical rows/folds/targets/ridge-logistic grid across views; paired loss CI uses 5,000 log-cluster bootstrap replicates",ego13 from frozen Stage7L ego_seq plus mask; raw33 from frozen Stage7L interaction_feat_style raw-equivalent report array,False,DEVELOPMENT_DIAGNOSTIC_EVIDENCE,NO_MATERIAL_RETENTION_LOSS_SUPPORTED
D0-D_MASK_PADDING_SENSITIVITY,A_seed3407,A,3407,FROZEN_PROBE_ACROSS_VIEW,last,last,lateral,ego13.heading_change_abs_total,continuous,R2,-0.04523011802597399,0.0,0.0,0.0,False,False,False,400,80,79,"five-fold GroupKFold grouped by scenario_token; identical rows/folds/targets/ridge-logistic grid across views; paired loss CI uses 5,000 log-cluster bootstrap replicates",ego13 from frozen Stage7L ego_seq plus mask; raw33 from frozen Stage7L interaction_feat_style raw-equivalent report array,False,DEVELOPMENT_DIAGNOSTIC_EVIDENCE,NO_MATERIAL_RETENTION_LOSS_SUPPORTED
D0-D_MASK_PADDING_SENSITIVITY,A_seed3407,A,3407,FROZEN_PROBE_ACROSS_VIEW,last,last,longitudinal,ego13.mean_speed,continuous,R2,0.7740548829726689,0.0,0.0,0.0,False,False,False,400,80,79,"five-fold GroupKFold grouped by scenario_token; identical rows/folds/targets/ridge-logistic grid across views; paired loss CI uses 5,000 log-cluster bootstrap replicates",ego13 from frozen Stage7L ego_seq plus mask; raw33 from frozen Stage7L interaction_feat_style raw-equivalent report array,False,DEVELOPMENT_DIAGNOSTIC_EVIDENCE,NO_MATERIAL_RETENTION_LOSS_SUPPORTED
D0-D_MASK_PADDING_SENSITIVITY,A_seed3407,A,3407,FROZEN_PROBE_ACROSS_VIEW,last,last,longitudinal,ego13.rms_accel,continuous,R2,0.5567276109517441,0.0,0.0,0.0,False,False,False,400,80,79,"five-fold GroupKFold grouped by scenario_token; identical rows/folds/targets/ridge-logistic grid across views; paired loss CI uses 5,000 log-cluster bootstrap replicates",ego13 from frozen Stage7L ego_seq plus mask; raw33 from frozen Stage7L interaction_feat_style raw-equivalent report array,False,DEVELOPMENT_DIAGNOSTIC_EVIDENCE,NO_MATERIAL_RETENTION_LOSS_SUPPORTED
D0-D_MASK_PADDING_SENSITIVITY,A_seed3407,A,3407,FROZEN_PROBE_ACROSS_VIEW,last,last,lateral,ego13.rms_yaw_rate,continuous,R2,0.018957738862982354,0.0,0.0,0.0,False,False,False,400,80,79,"five-fold GroupKFold grouped by scenario_token; identical rows/folds/targets/ridge-logistic grid across views; paired loss CI uses 5,000 log-cluster bootstrap replicates",ego13 from frozen Stage7L ego_seq plus mask; raw33 from frozen Stage7L interaction_feat_style raw-equivalent report array,False,DEVELOPMENT_DIAGNOSTIC_EVIDENCE,NO_MATERIAL_RETENTION_LOSS_SUPPORTED
D0-D_MASK_PADDING_SENSITIVITY,A_seed3407,A,3407,FROZEN_PROBE_ACROSS_VIEW,last,last,interaction,raw33.front_pressure_score,continuous,R2,0.8147371707144422,0.0,0.0,0.0,False,False,False,400,80,79,"five-fold GroupKFold grouped by scenario_token; identical rows/folds/targets/ridge-logistic grid across views; paired loss CI uses 5,000 log-cluster bootstrap replicates",ego13 from frozen Stage7L ego_seq plus mask; raw33 from frozen Stage7L interaction_feat_style raw-equivalent report array,False,DEVELOPMENT_DIAGNOSTIC_EVIDENCE,NO_MATERIAL_RETENTION_LOSS_SUPPORTED
D0-D_MASK_PADDING_SENSITIVITY,A_seed3407,A,3407,FROZEN_PROBE_ACROSS_VIEW,last,last,lateral,raw33.lane_change_count_proxy,categorical,balanced_accuracy,0.6388888888888888,0.0,0.0,0.0,False,False,False,400,80,79,"five-fold GroupKFold grouped by scenario_token; identical rows/folds/targets/ridge-logistic grid across views; paired loss CI uses 5,000 log-cluster bootstrap replicates",ego13 from frozen Stage7L ego_seq plus mask; raw33 from frozen Stage7L interaction_feat_style raw-equivalent report array,False,DEVELOPMENT_DIAGNOSTIC_EVIDENCE,NO_MATERIAL_RETENTION_LOSS_SUPPORTED
D0-D_MASK_PADDING_SENSITIVITY,A_seed3407,A,3407,FROZEN_PROBE_ACROSS_VIEW,last,last,interaction,raw33.mean_front_distance,continuous,R2,0.9404346210099432,0.0,0.0,0.0,False,False,False,400,80,79,"five-fold GroupKFold grouped by scenario_token; identical rows/folds/targets/ridge-logistic grid across views; paired loss CI uses 5,000 log-cluster bootstrap replicates",ego13 from frozen Stage7L ego_seq plus mask; raw33 from frozen Stage7L interaction_feat_style raw-equivalent report array,False,DEVELOPMENT_DIAGNOSTIC_EVIDENCE,NO_MATERIAL_RETENTION_LOSS_SUPPORTED
D0-D_MASK_PADDING_SENSITIVITY,A_seed3407,A,3407,FROZEN_PROBE_ACROSS_VIEW,last,last,interaction,raw33.mean_rel_speed,continuous,R2,0.9153715462598445,0.0,0.0,0.0,False,False,False,400,80,79,"five-fold GroupKFold grouped by scenario_token; identical rows/folds/targets/ridge-logistic grid across views; paired loss CI uses 5,000 log-cluster bootstrap replicates",ego13 from frozen Stage7L ego_seq plus mask; raw33 from frozen Stage7L interaction_feat_style raw-equivalent report array,False,DEVELOPMENT_DIAGNOSTIC_EVIDENCE,NO_MATERIAL_RETENTION_LOSS_SUPPORTED
D0-D_MASK_PADDING_SENSITIVITY,A_seed3407,A,3407,FROZEN_PROBE_ACROSS_VIEW,last,masked_mean,longitudinal,ego13.end_minus_start_speed,continuous,R2,-3.1619610045797684,1.1107298055167953,0.9364741214566775,1.3362226220742892,True,True,False,400,80,79,"five-fold GroupKFold grouped by scenario_token; identical rows/folds/targets/ridge-logistic grid across views; paired loss CI uses 5,000 log-cluster bootstrap replicates",ego13 from frozen Stage7L ego_seq plus mask; raw33 from frozen Stage7L interaction_feat_style raw-equivalent report array,True,DEVELOPMENT_DIAGNOSTIC_EVIDENCE,COORDINATE_GEOMETRY_SHIFT_FAVORED
D0-D_MASK_PADDING_SENSITIVITY,A_seed3407,A,3407,FROZEN_PROBE_ACROSS_VIEW,last,masked_mean,lateral,ego13.heading_change_abs_total,continuous,R2,-0.015561804736861529,-0.0679246243842054,-0.24007225654339062,0.19380385383869334,False,False,False,400,80,79,"five-fold GroupKFold grouped by scenario_token; identical rows/folds/targets/ridge-logistic grid across views; paired loss CI uses 5,000 log-cluster bootstrap replicates",ego13 from frozen Stage7L ego_seq plus mask; raw33 from frozen Stage7L interaction_feat_style raw-equivalent report array,True,DEVELOPMENT_DIAGNOSTIC_EVIDENCE,NO_MATERIAL_RETENTION_LOSS_SUPPORTED
D0-D_MASK_PADDING_SENSITIVITY,A_seed3407,A,3407,FROZEN_PROBE_ACROSS_VIEW,last,masked_mean,longitudinal,ego13.mean_speed,continuous,R2,-0.5957212910753473,0.7442711259194227,0.6009951894700671,0.9934777682597112,True,True,False,400,80,79,"five-fold GroupKFold grouped by scenario_token; identical rows/folds/targets/ridge-logistic grid across views; paired loss CI uses 5,000 log-cluster bootstrap replicates",ego13 from frozen Stage7L ego_seq plus mask; raw33 from frozen Stage7L interaction_feat_style raw-equivalent report array,True,DEVELOPMENT_DIAGNOSTIC_EVIDENCE,COORDINATE_GEOMETRY_SHIFT_FAVORED
D0-D_MASK_PADDING_SENSITIVITY,A_seed3407,A,3407,FROZEN_PROBE_ACROSS_VIEW,last,masked_mean,longitudinal,ego13.rms_accel,continuous,R2,-5.049900506334989,1.1665792786377782,0.9640726090205788,1.405760203576811,True,True,False,400,80,79,"five-fold GroupKFold grouped by scenario_token; identical rows/folds/targets/ridge-logistic grid across views; paired loss CI uses 5,000 log-cluster bootstrap replicates",ego13 from frozen Stage7L ego_seq plus mask; raw33 from frozen Stage7L interaction_feat_style raw-equivalent report array,True,DEVELOPMENT_DIAGNOSTIC_EVIDENCE,COORDINATE_GEOMETRY_SHIFT_FAVORED
D0-D_MASK_PADDING_SENSITIVITY,A_seed3407,A,3407,FROZEN_PROBE_ACROSS_VIEW,last,masked_mean,lateral,ego13.rms_yaw_rate,continuous,R2,-0.0786691750526145,0.1830760816128339,-0.03842524885141122,0.41235243503086094,False,False,False,400,80,79,"five-fold GroupKFold grouped by scenario_token; identical rows/folds/targets/ridge-logistic grid across views; paired loss CI uses 5,000 log-cluster bootstrap replicates",ego13 from frozen Stage7L ego_seq plus mask; raw33 from frozen Stage7L interaction_feat_style raw-equivalent report array,True,DEVELOPMENT_DIAGNOSTIC_EVIDENCE,NO_MATERIAL_RETENTION_LOSS_SUPPORTED
D0-D_MASK_PADDING_SENSITIVITY,A_seed3407,A,3407,FROZEN_PROBE_ACROSS_VIEW,last,masked_mean,interaction,raw33.front_pressure_score,continuous,R2,0.8035249088845807,0.07166498160196932,-0.22994119076067682,0.2095123975739948,False,False,False,400,80,79,"five-fold GroupKFold grouped by scenario_token; identical rows/folds/targets/ridge-logistic grid across views; paired loss CI uses 5,000 log-cluster bootstrap replicates",ego13 from frozen Stage7L ego_seq plus mask; raw33 from frozen Stage7L interaction_feat_style raw-equivalent report array,True,DEVELOPMENT_DIAGNOSTIC_EVIDENCE,NO_MATERIAL_RETENTION_LOSS_SUPPORTED
D0-D_MASK_PADDING_SENSITIVITY,A_seed3407,A,3407,FROZEN_PROBE_ACROSS_VIEW,last,masked_mean,lateral,raw33.lane_change_count_proxy,categorical,balanced_accuracy,0.6388888888888888,0.0,0.0,0.0,False,False,False,400,80,79,"five-fold GroupKFold grouped by scenario_token; identical rows/folds/targets/ridge-logistic grid across views; paired loss CI uses 5,000 log-cluster bootstrap replicates",ego13 from frozen Stage7L ego_seq plus mask; raw33 from frozen Stage7L interaction_feat_style raw-equivalent report array,True,DEVELOPMENT_DIAGNOSTIC_EVIDENCE,NO_MATERIAL_RETENTION_LOSS_SUPPORTED
D0-D_MASK_PADDING_SENSITIVITY,A_seed3407,A,3407,FROZEN_PROBE_ACROSS_VIEW,last,masked_mean,interaction,raw33.mean_front_distance,continuous,R2,0.936179618797787,0.05755591485870848,-0.1984615591114613,0.24115764975382634,False,False,False,400,80,79,"five-fold GroupKFold grouped by scenario_token; identical rows/folds/targets/ridge-logistic grid across views; paired loss CI uses 5,000 log-cluster bootstrap replicates",ego13 from frozen Stage7L ego_seq plus mask; raw33 from frozen Stage7L interaction_feat_style raw-equivalent report array,True,DEVELOPMENT_DIAGNOSTIC_EVIDENCE,REFIT_VIEW_GAIN_NOT_INFORMATION_LOSS
D0-D_MASK_PADDING_SENSITIVITY,A_seed3407,A,3407,FROZEN_PROBE_ACROSS_VIEW,last,masked_mean,interaction,raw33.mean_rel_speed,continuous,R2,0.9116785952986951,0.05012220847593828,-0.18951350552253732,0.25583631598008594,False,False,False,400,80,79,"five-fold GroupKFold grouped by scenario_token; identical rows/folds/targets/ridge-logistic grid across views; paired loss CI uses 5,000 log-cluster bootstrap replicates",ego13 from frozen Stage7L ego_seq plus mask; raw33 from frozen Stage7L interaction_feat_style raw-equivalent report array,True,DEVELOPMENT_DIAGNOSTIC_EVIDENCE,NO_MATERIAL_RETENTION_LOSS_SUPPORTED
D0-D_MASK_PADDING_SENSITIVITY,A_seed3407,A,3407,SAME_CAPACITY_REFIT_PROBE_PER_VIEW,last,final_valid,longitudinal,ego13.end_minus_start_speed,continuous,R2,0.7575276485429472,0.019507062079734752,-0.21214789699120928,0.21545750013567386,False,False,False,400,80,79,"five-fold GroupKFold grouped by scenario_token; identical rows/folds/targets/ridge-logistic grid across views; paired loss CI uses 5,000 log-cluster bootstrap replicates",ego13 from frozen Stage7L ego_seq plus mask; raw33 from frozen Stage7L interaction_feat_style raw-equivalent report array,True,DEVELOPMENT_DIAGNOSTIC_EVIDENCE,NO_MATERIAL_RETENTION_LOSS_SUPPORTED
D0-D_MASK_PADDING_SENSITIVITY,A_seed3407,A,3407,SAME_CAPACITY_REFIT_PROBE_PER_VIEW,last,final_valid,lateral,ego13.heading_change_abs_total,continuous,R2,-0.045771878557371304,0.0019677835875482395,-0.21599696363545484,0.22573806603015847,False,False,False,400,80,79,"five-fold GroupKFold grouped by scenario_token; identical rows/folds/targets/ridge-logistic grid across views; paired loss CI uses 5,000 log-cluster bootstrap replicates",ego13 from frozen Stage7L ego_seq plus mask; raw33 from frozen Stage7L interaction_feat_style raw-equivalent report array,True,DEVELOPMENT_DIAGNOSTIC_EVIDENCE,NO_MATERIAL_RETENTION_LOSS_SUPPORTED
D0-D_MASK_PADDING_SENSITIVITY,A_seed3407,A,3407,SAME_CAPACITY_REFIT_PROBE_PER_VIEW,last,final_valid,longitudinal,ego13.mean_speed,continuous,R2,0.7918625082879307,-0.05955462529976105,-0.2607412751167947,0.16877575056683808,False,False,False,400,80,79,"five-fold GroupKFold grouped by scenario_token; identical rows/folds/targets/ridge-logistic grid across views; paired loss CI uses 5,000 log-cluster bootstrap replicates",ego13 from frozen Stage7L ego_seq plus mask; raw33 from frozen Stage7L interaction_feat_style raw-equivalent report array,True,DEVELOPMENT_DIAGNOSTIC_EVIDENCE,NO_MATERIAL_RETENTION_LOSS_SUPPORTED
D0-D_MASK_PADDING_SENSITIVITY,A_seed3407,A,3407,SAME_CAPACITY_REFIT_PROBE_PER_VIEW,last,final_valid,longitudinal,ego13.rms_accel,continuous,R2,0.6433670431797291,-0.1335098115914475,-0.3018795162904382,0.08580212994489568,False,False,False,400,80,79,"five-fold GroupKFold grouped by scenario_token; identical rows/folds/targets/ridge-logistic grid across views; paired loss CI uses 5,000 log-cluster bootstrap replicates",ego13 from frozen Stage7L ego_seq plus mask; raw33 from frozen Stage7L interaction_feat_style raw-equivalent report array,True,DEVELOPMENT_DIAGNOSTIC_EVIDENCE,NO_MATERIAL_RETENTION_LOSS_SUPPORTED
D0-D_MASK_PADDING_SENSITIVITY,A_seed3407,A,3407,SAME_CAPACITY_REFIT_PROBE_PER_VIEW,last,final_valid,lateral,ego13.rms_yaw_rate,continuous,R2,0.01645871688657785,0.011501344489652163,-0.2036515754328044,0.2409812687206714,False,False,False,400,80,79,"five-fold GroupKFold grouped by scenario_token; identical rows/folds/targets/ridge-logistic grid across views; paired loss CI uses 5,000 log-cluster bootstrap replicates",ego13 from frozen Stage7L ego_seq plus mask; raw33 from frozen Stage7L interaction_feat_style raw-equivalent report array,True,DEVELOPMENT_DIAGNOSTIC_EVIDENCE,NO_MATERIAL_RETENTION_LOSS_SUPPORTED
D0-D_MASK_PADDING_SENSITIVITY,A_seed3407,A,3407,SAME_CAPACITY_REFIT_PROBE_PER_VIEW,last,final_valid,interaction,raw33.front_pressure_score,continuous,R2,0.8412055263588255,-0.27051929575456213,-0.4203749759525207,-0.09859734989290005,True,False,True,400,80,79,"five-fold GroupKFold grouped by scenario_token; identical rows/folds/targets/ridge-logistic grid across views; paired loss CI uses 5,000 log-cluster bootstrap replicates",ego13 from frozen Stage7L ego_seq plus mask; raw33 from frozen Stage7L interaction_feat_style raw-equivalent report array,True,DEVELOPMENT_DIAGNOSTIC_EVIDENCE,REFIT_VIEW_GAIN_NOT_INFORMATION_LOSS
D0-D_MASK_PADDING_SENSITIVITY,A_seed3407,A,3407,SAME_CAPACITY_REFIT_PROBE_PER_VIEW,last,final_valid,lateral,raw33.lane_change_count_proxy,categorical,balanced_accuracy,0.6388888888888888,0.0,0.0,0.0,False,False,False,400,80,79,"five-fold GroupKFold grouped by scenario_token; identical rows/folds/targets/ridge-logistic grid across views; paired loss CI uses 5,000 log-cluster bootstrap replicates",ego13 from frozen Stage7L ego_seq plus mask; raw33 from frozen Stage7L interaction_feat_style raw-equivalent report array,True,DEVELOPMENT_DIAGNOSTIC_EVIDENCE,NO_MATERIAL_RETENTION_LOSS_SUPPORTED
D0-D_MASK_PADDING_SENSITIVITY,A_seed3407,A,3407,SAME_CAPACITY_REFIT_PROBE_PER_VIEW,last,final_valid,interaction,raw33.mean_front_distance,continuous,R2,0.9403729521977309,0.0026037364166285465,-0.2516159363991944,0.20299499443662966,False,False,False,400,80,79,"five-fold GroupKFold grouped by scenario_token; identical rows/folds/targets/ridge-logistic grid across views; paired loss CI uses 5,000 log-cluster bootstrap replicates",ego13 from frozen Stage7L ego_seq plus mask; raw33 from frozen Stage7L interaction_feat_style raw-equivalent report array,True,DEVELOPMENT_DIAGNOSTIC_EVIDENCE,NO_MATERIAL_RETENTION_LOSS_SUPPORTED
D0-D_MASK_PADDING_SENSITIVITY,A_seed3407,A,3407,SAME_CAPACITY_REFIT_PROBE_PER_VIEW,last,final_valid,interaction,raw33.mean_rel_speed,continuous,R2,0.9179939484279876,-0.08278453898763805,-0.2760748127836882,0.14931892475598668,False,False,False,400,80,79,"five-fold GroupKFold grouped by scenario_token; identical rows/folds/targets/ridge-logistic grid across views; paired loss CI uses 5,000 log-cluster bootstrap replicates",ego13 from frozen Stage7L ego_seq plus mask; raw33 from frozen Stage7L interaction_feat_style raw-equivalent report array,True,DEVELOPMENT_DIAGNOSTIC_EVIDENCE,NO_MATERIAL_RETENTION_LOSS_SUPPORTED
D0-D_MASK_PADDING_SENSITIVITY,A_seed3407,A,3407,SAME_CAPACITY_REFIT_PROBE_PER_VIEW,last,last,longitudinal,ego13.end_minus_start_speed,continuous,R2,0.7640330915079536,0.0,0.0,0.0,False,False,False,400,80,79,"five-fold GroupKFold grouped by scenario_token; identical rows/folds/targets/ridge-logistic grid across views; paired loss CI uses 5,000 log-cluster bootstrap replicates",ego13 from frozen Stage7L ego_seq plus mask; raw33 from frozen Stage7L interaction_feat_style raw-equivalent report array,False,DEVELOPMENT_DIAGNOSTIC_EVIDENCE,NO_MATERIAL_RETENTION_LOSS_SUPPORTED
D0-D_MASK_PADDING_SENSITIVITY,A_seed3407,A,3407,SAME_CAPACITY_REFIT_PROBE_PER_VIEW,last,last,lateral,ego13.heading_change_abs_total,continuous,R2,-0.04523011802597399,0.0,0.0,0.0,False,False,False,400,80,79,"five-fold GroupKFold grouped by scenario_token; identical rows/folds/targets/ridge-logistic grid across views; paired loss CI uses 5,000 log-cluster bootstrap replicates",ego13 from frozen Stage7L ego_seq plus mask; raw33 from frozen Stage7L interaction_feat_style raw-equivalent report array,False,DEVELOPMENT_DIAGNOSTIC_EVIDENCE,NO_MATERIAL_RETENTION_LOSS_SUPPORTED
D0-D_MASK_PADDING_SENSITIVITY,A_seed3407,A,3407,SAME_CAPACITY_REFIT_PROBE_PER_VIEW,last,last,longitudinal,ego13.mean_speed,continuous,R2,0.7740548829726689,0.0,0.0,0.0,False,False,False,400,80,79,"five-fold GroupKFold grouped by scenario_token; identical rows/folds/targets/ridge-logistic grid across views; paired loss CI uses 5,000 log-cluster bootstrap replicates",ego13 from frozen Stage7L ego_seq plus mask; raw33 from frozen Stage7L interaction_feat_style raw-equivalent report array,False,DEVELOPMENT_DIAGNOSTIC_EVIDENCE,NO_MATERIAL_RETENTION_LOSS_SUPPORTED
D0-D_MASK_PADDING_SENSITIVITY,A_seed3407,A,3407,SAME_CAPACITY_REFIT_PROBE_PER_VIEW,last,last,longitudinal,ego13.rms_accel,continuous,R2,0.5567276109517441,0.0,0.0,0.0,False,False,False,400,80,79,"five-fold GroupKFold grouped by scenario_token; identical rows/folds/targets/ridge-logistic grid across views; paired loss CI uses 5,000 log-cluster bootstrap replicates",ego13 from frozen Stage7L ego_seq plus mask; raw33 from frozen Stage7L interaction_feat_style raw-equivalent report array,False,DEVELOPMENT_DIAGNOSTIC_EVIDENCE,NO_MATERIAL_RETENTION_LOSS_SUPPORTED
D0-D_MASK_PADDING_SENSITIVITY,A_seed3407,A,3407,SAME_CAPACITY_REFIT_PROBE_PER_VIEW,last,last,lateral,ego13.rms_yaw_rate,continuous,R2,0.018957738862982354,0.0,0.0,0.0,False,False,False,400,80,79,"five-fold GroupKFold grouped by scenario_token; identical rows/folds/targets/ridge-logistic grid across views; paired loss CI uses 5,000 log-cluster bootstrap replicates",ego13 from frozen Stage7L ego_seq plus mask; raw33 from frozen Stage7L interaction_feat_style raw-equivalent report array,False,DEVELOPMENT_DIAGNOSTIC_EVIDENCE,NO_MATERIAL_RETENTION_LOSS_SUPPORTED
D0-D_MASK_PADDING_SENSITIVITY,A_seed3407,A,3407,SAME_CAPACITY_REFIT_PROBE_PER_VIEW,last,last,interaction,raw33.front_pressure_score,continuous,R2,0.8147371707144422,0.0,0.0,0.0,False,False,False,400,80,79,"five-fold GroupKFold grouped by scenario_token; identical rows/folds/targets/ridge-logistic grid across views; paired loss CI uses 5,000 log-cluster bootstrap replicates",ego13 from frozen Stage7L ego_seq plus mask; raw33 from frozen Stage7L interaction_feat_style raw-equivalent report array,False,DEVELOPMENT_DIAGNOSTIC_EVIDENCE,NO_MATERIAL_RETENTION_LOSS_SUPPORTED
D0-D_MASK_PADDING_SENSITIVITY,A_seed3407,A,3407,SAME_CAPACITY_REFIT_PROBE_PER_VIEW,last,last,lateral,raw33.lane_change_count_proxy,categorical,balanced_accuracy,0.6388888888888888,0.0,0.0,0.0,False,False,False,400,80,79,"five-fold GroupKFold grouped by scenario_token; identical rows/folds/targets/ridge-logistic grid across views; paired loss CI uses 5,000 log-cluster bootstrap replicates",ego13 from frozen Stage7L ego_seq plus mask; raw33 from frozen Stage7L interaction_feat_style raw-equivalent report array,False,DEVELOPMENT_DIAGNOSTIC_EVIDENCE,NO_MATERIAL_RETENTION_LOSS_SUPPORTED
D0-D_MASK_PADDING_SENSITIVITY,A_seed3407,A,3407,SAME_CAPACITY_REFIT_PROBE_PER_VIEW,last,last,interaction,raw33.mean_front_distance,continuous,R2,0.9404346210099432,0.0,0.0,0.0,False,False,False,400,80,79,"five-fold GroupKFold grouped by scenario_token; identical rows/folds/targets/ridge-logistic grid across views; paired loss CI uses 5,000 log-cluster bootstrap replicates",ego13 from frozen Stage7L ego_seq plus mask; raw33 from frozen Stage7L interaction_feat_style raw-equivalent report array,False,DEVELOPMENT_DIAGNOSTIC_EVIDENCE,NO_MATERIAL_RETENTION_LOSS_SUPPORTED
D0-D_MASK_PADDING_SENSITIVITY,A_seed3407,A,3407,SAME_CAPACITY_REFIT_PROBE_PER_VIEW,last,last,interaction,raw33.mean_rel_speed,continuous,R2,0.9153715462598445,0.0,0.0,0.0,False,False,False,400,80,79,"five-fold GroupKFold grouped by scenario_token; identical rows/folds/targets/ridge-logistic grid across views; paired loss CI uses 5,000 log-cluster bootstrap replicates",ego13 from frozen Stage7L ego_seq plus mask; raw33 from frozen Stage7L interaction_feat_style raw-equivalent report array,False,DEVELOPMENT_DIAGNOSTIC_EVIDENCE,NO_MATERIAL_RETENTION_LOSS_SUPPORTED
D0-D_MASK_PADDING_SENSITIVITY,A_seed3407,A,3407,SAME_CAPACITY_REFIT_PROBE_PER_VIEW,last,masked_mean,longitudinal,ego13.end_minus_start_speed,continuous,R2,0.7915134900024338,-0.06441152978572368,-0.23495372602054443,0.19271197250902233,False,False,False,400,80,79,"five-fold GroupKFold grouped by scenario_token; identical rows/folds/targets/ridge-logistic grid across views; paired loss CI uses 5,000 log-cluster bootstrap replicates",ego13 from frozen Stage7L ego_seq plus mask; raw33 from frozen Stage7L interaction_feat_style raw-equivalent report array,True,DEVELOPMENT_DIAGNOSTIC_EVIDENCE,COORDINATE_GEOMETRY_SHIFT_FAVORED
D0-D_MASK_PADDING_SENSITIVITY,A_seed3407,A,3407,SAME_CAPACITY_REFIT_PROBE_PER_VIEW,last,masked_mean,lateral,ego13.heading_change_abs_total,continuous,R2,0.007311714382878698,-0.09884265959202064,-0.262955965718716,0.159113479934267,False,False,False,400,80,79,"five-fold GroupKFold grouped by scenario_token; identical rows/folds/targets/ridge-logistic grid across views; paired loss CI uses 5,000 log-cluster bootstrap replicates",ego13 from frozen Stage7L ego_seq plus mask; raw33 from frozen Stage7L interaction_feat_style raw-equivalent report array,True,DEVELOPMENT_DIAGNOSTIC_EVIDENCE,NO_MATERIAL_RETENTION_LOSS_SUPPORTED
D0-D_MASK_PADDING_SENSITIVITY,A_seed3407,A,3407,SAME_CAPACITY_REFIT_PROBE_PER_VIEW,last,masked_mean,longitudinal,ego13.mean_speed,continuous,R2,0.702135620991996,0.12096560635854729,-0.08297033463173004,0.4758207954214561,False,False,False,400,80,79,"five-fold GroupKFold grouped by scenario_token; identical rows/folds/targets/ridge-logistic grid across views; paired loss CI uses 5,000 log-cluster bootstrap replicates",ego13 from frozen Stage7L ego_seq plus mask; raw33 from frozen Stage7L interaction_feat_style raw-equivalent report array,True,DEVELOPMENT_DIAGNOSTIC_EVIDENCE,COORDINATE_GEOMETRY_SHIFT_FAVORED
D0-D_MASK_PADDING_SENSITIVITY,A_seed3407,A,3407,SAME_CAPACITY_REFIT_PROBE_PER_VIEW,last,masked_mean,longitudinal,ego13.rms_accel,continuous,R2,0.6742392621455683,-0.17818165230852287,-0.3217536495567646,0.03481738941737184,False,False,False,400,80,79,"five-fold GroupKFold grouped by scenario_token; identical rows/folds/targets/ridge-logistic grid across views; paired loss CI uses 5,000 log-cluster bootstrap replicates",ego13 from frozen Stage7L ego_seq plus mask; raw33 from frozen Stage7L interaction_feat_style raw-equivalent report array,True,DEVELOPMENT_DIAGNOSTIC_EVIDENCE,COORDINATE_GEOMETRY_SHIFT_FAVORED
D0-D_MASK_PADDING_SENSITIVITY,A_seed3407,A,3407,SAME_CAPACITY_REFIT_PROBE_PER_VIEW,last,masked_mean,lateral,ego13.rms_yaw_rate,continuous,R2,0.0852249116603544,-0.12284192180599214,-0.3077891832967431,0.10078801937193664,False,False,False,400,80,79,"five-fold GroupKFold grouped by scenario_token; identical rows/folds/targets/ridge-logistic grid across views; paired loss CI uses 5,000 log-cluster bootstrap replicates",ego13 from frozen Stage7L ego_seq plus mask; raw33 from frozen Stage7L interaction_feat_style raw-equivalent report array,True,DEVELOPMENT_DIAGNOSTIC_EVIDENCE,NO_MATERIAL_RETENTION_LOSS_SUPPORTED
D0-D_MASK_PADDING_SENSITIVITY,A_seed3407,A,3407,SAME_CAPACITY_REFIT_PROBE_PER_VIEW,last,masked_mean,interaction,raw33.front_pressure_score,continuous,R2,0.7990200427134503,0.11540045872042641,-0.13357114782510435,0.26918491134059336,False,False,False,400,80,79,"five-fold GroupKFold grouped by scenario_token; identical rows/folds/targets/ridge-logistic grid across views; paired loss CI uses 5,000 log-cluster bootstrap replicates",ego13 from frozen Stage7L ego_seq plus mask; raw33 from frozen Stage7L interaction_feat_style raw-equivalent report array,True,DEVELOPMENT_DIAGNOSTIC_EVIDENCE,NO_MATERIAL_RETENTION_LOSS_SUPPORTED
D0-D_MASK_PADDING_SENSITIVITY,A_seed3407,A,3407,SAME_CAPACITY_REFIT_PROBE_PER_VIEW,last,masked_mean,lateral,raw33.lane_change_count_proxy,categorical,balanced_accuracy,0.9166666666666667,-0.16014131520352343,-0.2582872081659395,0.0,False,False,False,400,80,79,"five-fold GroupKFold grouped by scenario_token; identical rows/folds/targets/ridge-logistic grid across views; paired loss CI uses 5,000 log-cluster bootstrap replicates",ego13 from frozen Stage7L ego_seq plus mask; raw33 from frozen Stage7L interaction_feat_style raw-equivalent report array,True,DEVELOPMENT_DIAGNOSTIC_EVIDENCE,NO_MATERIAL_RETENTION_LOSS_SUPPORTED
D0-D_MASK_PADDING_SENSITIVITY,A_seed3407,A,3407,SAME_CAPACITY_REFIT_PROBE_PER_VIEW,last,masked_mean,interaction,raw33.mean_front_distance,continuous,R2,0.9522015947325767,-0.2522723027352126,-0.43657171851999826,-0.05901509167317472,True,False,True,400,80,79,"five-fold GroupKFold grouped by scenario_token; identical rows/folds/targets/ridge-logistic grid across views; paired loss CI uses 5,000 log-cluster bootstrap replicates",ego13 from frozen Stage7L ego_seq plus mask; raw33 from frozen Stage7L interaction_feat_style raw-equivalent report array,True,DEVELOPMENT_DIAGNOSTIC_EVIDENCE,REFIT_VIEW_GAIN_NOT_INFORMATION_LOSS
D0-D_MASK_PADDING_SENSITIVITY,A_seed3407,A,3407,SAME_CAPACITY_REFIT_PROBE_PER_VIEW,last,masked_mean,interaction,raw33.mean_rel_speed,continuous,R2,0.9148019237877786,0.010926913508894237,-0.2518343013526886,0.2061608357831672,False,False,False,400,80,79,"five-fold GroupKFold grouped by scenario_token; identical rows/folds/targets/ridge-logistic grid across views; paired loss CI uses 5,000 log-cluster bootstrap replicates",ego13 from frozen Stage7L ego_seq plus mask; raw33 from frozen Stage7L interaction_feat_style raw-equivalent report array,True,DEVELOPMENT_DIAGNOSTIC_EVIDENCE,NO_MATERIAL_RETENTION_LOSS_SUPPORTED
D0-D_MASK_PADDING_SENSITIVITY,A_seed3408,A,3408,FROZEN_PROBE_ACROSS_VIEW,last,final_valid,longitudinal,ego13.end_minus_start_speed,continuous,R2,0.5169808588905447,-0.005106167834161781,-0.18497543303503558,0.28365526486301285,False,False,False,400,80,79,"five-fold GroupKFold grouped by scenario_token; identical rows/folds/targets/ridge-logistic grid across views; paired loss CI uses 5,000 log-cluster bootstrap replicates",ego13 from frozen Stage7L ego_seq plus mask; raw33 from frozen Stage7L interaction_feat_style raw-equivalent report array,True,DEVELOPMENT_DIAGNOSTIC_EVIDENCE,NO_MATERIAL_RETENTION_LOSS_SUPPORTED
D0-D_MASK_PADDING_SENSITIVITY,A_seed3408,A,3408,FROZEN_PROBE_ACROSS_VIEW,last,final_valid,lateral,ego13.heading_change_abs_total,continuous,R2,-0.03962430870475675,0.011942030885267853,-0.22811327274971238,0.2114487894224045,False,False,False,400,80,79,"five-fold GroupKFold grouped by scenario_token; identical rows/folds/targets/ridge-logistic grid across views; paired loss CI uses 5,000 log-cluster bootstrap replicates",ego13 from frozen Stage7L ego_seq plus mask; raw33 from frozen Stage7L interaction_feat_style raw-equivalent report array,True,DEVELOPMENT_DIAGNOSTIC_EVIDENCE,NO_MATERIAL_RETENTION_LOSS_SUPPORTED
D0-D_MASK_PADDING_SENSITIVITY,A_seed3408,A,3408,FROZEN_PROBE_ACROSS_VIEW,last,final_valid,longitudinal,ego13.mean_speed,continuous,R2,0.5485312385526604,0.038108256444307154,-0.1653390018516633,0.2838594844861175,False,False,False,400,80,79,"five-fold GroupKFold grouped by scenario_token; identical rows/folds/targets/ridge-logistic grid across views; paired loss CI uses 5,000 log-cluster bootstrap replicates",ego13 from frozen Stage7L ego_seq plus mask; raw33 from frozen Stage7L interaction_feat_style raw-equivalent report array,True,DEVELOPMENT_DIAGNOSTIC_EVIDENCE,NO_MATERIAL_RETENTION_LOSS_SUPPORTED
D0-D_MASK_PADDING_SENSITIVITY,A_seed3408,A,3408,FROZEN_PROBE_ACROSS_VIEW,last,final_valid,longitudinal,ego13.rms_accel,continuous,R2,0.3924129461259358,-0.033086977746861784,-0.21344177860822264,0.2507998726184432,False,False,False,400,80,79,"five-fold GroupKFold grouped by scenario_token; identical rows/folds/targets/ridge-logistic grid across views; paired loss CI uses 5,000 log-cluster bootstrap replicates",ego13 from frozen Stage7L ego_seq plus mask; raw33 from frozen Stage7L interaction_feat_style raw-equivalent report array,True,DEVELOPMENT_DIAGNOSTIC_EVIDENCE,NO_MATERIAL_RETENTION_LOSS_SUPPORTED
D0-D_MASK_PADDING_SENSITIVITY,A_seed3408,A,3408,FROZEN_PROBE_ACROSS_VIEW,last,final_valid,lateral,ego13.rms_yaw_rate,continuous,R2,0.041306169815002236,0.03080361672505143,-0.22704605464421906,0.2226588207624018,False,False,False,400,80,79,"five-fold GroupKFold grouped by scenario_token; identical rows/folds/targets/ridge-logistic grid across views; paired loss CI uses 5,000 log-cluster bootstrap replicates",ego13 from frozen Stage7L ego_seq plus mask; raw33 from frozen Stage7L interaction_feat_style raw-equivalent report array,True,DEVELOPMENT_DIAGNOSTIC_EVIDENCE,NO_MATERIAL_RETENTION_LOSS_SUPPORTED
D0-D_MASK_PADDING_SENSITIVITY,A_seed3408,A,3408,FROZEN_PROBE_ACROSS_VIEW,last,final_valid,interaction,raw33.front_pressure_score,continuous,R2,0.6207874092693906,-0.021495227086786316,-0.27034030243666557,0.19100648107996893,False,False,False,400,80,79,"five-fold GroupKFold grouped by scenario_token; identical rows/folds/targets/ridge-logistic grid across views; paired loss CI uses 5,000 log-cluster bootstrap replicates",ego13 from frozen Stage7L ego_seq plus mask; raw33 from frozen Stage7L interaction_feat_style raw-equivalent report array,True,DEVELOPMENT_DIAGNOSTIC_EVIDENCE,NO_MATERIAL_RETENTION_LOSS_SUPPORTED
D0-D_MASK_PADDING_SENSITIVITY,A_seed3408,A,3408,FROZEN_PROBE_ACROSS_VIEW,last,final_valid,lateral,raw33.lane_change_count_proxy,categorical,balanced_accuracy,0.7222222222222222,-0.0624018105107938,-0.19741838141820905,0.16014131520352345,False,False,False,400,80,79,"five-fold GroupKFold grouped by scenario_token; identical rows/folds/targets/ridge-logistic grid across views; paired loss CI uses 5,000 log-cluster bootstrap replicates",ego13 from frozen Stage7L ego_seq plus mask; raw33 from frozen Stage7L interaction_feat_style raw-equivalent report array,True,DEVELOPMENT_DIAGNOSTIC_EVIDENCE,NO_MATERIAL_RETENTION_LOSS_SUPPORTED
D0-D_MASK_PADDING_SENSITIVITY,A_seed3408,A,3408,FROZEN_PROBE_ACROSS_VIEW,last,final_valid,interaction,raw33.mean_front_distance,continuous,R2,0.9471618475079727,-0.023423266183196647,-0.21082947286650996,0.2375724866659799,False,False,False,400,80,79,"five-fold GroupKFold grouped by scenario_token; identical rows/folds/targets/ridge-logistic grid across views; paired loss CI uses 5,000 log-cluster bootstrap replicates",ego13 from frozen Stage7L ego_seq plus mask; raw33 from frozen Stage7L interaction_feat_style raw-equivalent report array,True,DEVELOPMENT_DIAGNOSTIC_EVIDENCE,NO_MATERIAL_RETENTION_LOSS_SUPPORTED
D0-D_MASK_PADDING_SENSITIVITY,A_seed3408,A,3408,FROZEN_PROBE_ACROSS_VIEW,last,final_valid,interaction,raw33.mean_rel_speed,continuous,R2,0.9236201583034666,-0.03719413892538385,-0.31851917487822007,0.15409047349127278,False,False,False,400,80,79,"five-fold GroupKFold grouped by scenario_token; identical rows/folds/targets/ridge-logistic grid across views; paired loss CI uses 5,000 log-cluster bootstrap replicates",ego13 from frozen Stage7L ego_seq plus mask; raw33 from frozen Stage7L interaction_feat_style raw-equivalent report array,True,DEVELOPMENT_DIAGNOSTIC_EVIDENCE,NO_MATERIAL_RETENTION_LOSS_SUPPORTED
D0-D_MASK_PADDING_SENSITIVITY,A_seed3408,A,3408,FROZEN_PROBE_ACROSS_VIEW,last,last,longitudinal,ego13.end_minus_start_speed,continuous,R2,0.5155785804551003,0.0,0.0,0.0,False,False,False,400,80,79,"five-fold GroupKFold grouped by scenario_token; identical rows/folds/targets/ridge-logistic grid across views; paired loss CI uses 5,000 log-cluster bootstrap replicates",ego13 from frozen Stage7L ego_seq plus mask; raw33 from frozen Stage7L interaction_feat_style raw-equivalent report array,False,DEVELOPMENT_DIAGNOSTIC_EVIDENCE,NO_MATERIAL_RETENTION_LOSS_SUPPORTED
D0-D_MASK_PADDING_SENSITIVITY,A_seed3408,A,3408,FROZEN_PROBE_ACROSS_VIEW,last,last,lateral,ego13.heading_change_abs_total,continuous,R2,-0.037978502680618975,0.0,0.0,0.0,False,False,False,400,80,79,"five-fold GroupKFold grouped by scenario_token; identical rows/folds/targets/ridge-logistic grid across views; paired loss CI uses 5,000 log-cluster bootstrap replicates",ego13 from frozen Stage7L ego_seq plus mask; raw33 from frozen Stage7L interaction_feat_style raw-equivalent report array,False,DEVELOPMENT_DIAGNOSTIC_EVIDENCE,NO_MATERIAL_RETENTION_LOSS_SUPPORTED
D0-D_MASK_PADDING_SENSITIVITY,A_seed3408,A,3408,FROZEN_PROBE_ACROSS_VIEW,last,last,longitudinal,ego13.mean_speed,continuous,R2,0.576163558743783,0.0,0.0,0.0,False,False,False,400,80,79,"five-fold GroupKFold grouped by scenario_token; identical rows/folds/targets/ridge-logistic grid across views; paired loss CI uses 5,000 log-cluster bootstrap replicates",ego13 from frozen Stage7L ego_seq plus mask; raw33 from frozen Stage7L interaction_feat_style raw-equivalent report array,False,DEVELOPMENT_DIAGNOSTIC_EVIDENCE,NO_MATERIAL_RETENTION_LOSS_SUPPORTED
D0-D_MASK_PADDING_SENSITIVITY,A_seed3408,A,3408,FROZEN_PROBE_ACROSS_VIEW,last,last,longitudinal,ego13.rms_accel,continuous,R2,0.3736174617609428,0.0,0.0,0.0,False,False,False,400,80,79,"five-fold GroupKFold grouped by scenario_token; identical rows/folds/targets/ridge-logistic grid across views; paired loss CI uses 5,000 log-cluster bootstrap replicates",ego13 from frozen Stage7L ego_seq plus mask; raw33 from frozen Stage7L interaction_feat_style raw-equivalent report array,False,DEVELOPMENT_DIAGNOSTIC_EVIDENCE,NO_MATERIAL_RETENTION_LOSS_SUPPORTED
D0-D_MASK_PADDING_SENSITIVITY,A_seed3408,A,3408,FROZEN_PROBE_ACROSS_VIEW,last,last,lateral,ego13.rms_yaw_rate,continuous,R2,0.042268723293849786,0.0,0.0,0.0,False,False,False,400,80,79,"five-fold GroupKFold grouped by scenario_token; identical rows/folds/targets/ridge-logistic grid across views; paired loss CI uses 5,000 log-cluster bootstrap replicates",ego13 from frozen Stage7L ego_seq plus mask; raw33 from frozen Stage7L interaction_feat_style raw-equivalent report array,False,DEVELOPMENT_DIAGNOSTIC_EVIDENCE,NO_MATERIAL_RETENTION_LOSS_SUPPORTED
D0-D_MASK_PADDING_SENSITIVITY,A_seed3408,A,3408,FROZEN_PROBE_ACROSS_VIEW,last,last,interaction,raw33.front_pressure_score,continuous,R2,0.6185077660794502,0.0,0.0,0.0,False,False,False,400,80,79,"five-fold GroupKFold grouped by scenario_token; identical rows/folds/targets/ridge-logistic grid across views; paired loss CI uses 5,000 log-cluster bootstrap replicates",ego13 from frozen Stage7L ego_seq plus mask; raw33 from frozen Stage7L interaction_feat_style raw-equivalent report array,False,DEVELOPMENT_DIAGNOSTIC_EVIDENCE,NO_MATERIAL_RETENTION_LOSS_SUPPORTED
D0-D_MASK_PADDING_SENSITIVITY,A_seed3408,A,3408,FROZEN_PROBE_ACROSS_VIEW,last,last,lateral,raw33.lane_change_count_proxy,categorical,balanced_accuracy,0.7712332751599767,0.0,0.0,0.0,False,False,False,400,80,79,"five-fold GroupKFold grouped by scenario_token; identical rows/folds/targets/ridge-logistic grid across views; paired loss CI uses 5,000 log-cluster bootstrap replicates",ego13 from frozen Stage7L ego_seq plus mask; raw33 from frozen Stage7L interaction_feat_style raw-equivalent report array,False,DEVELOPMENT_DIAGNOSTIC_EVIDENCE,NO_MATERIAL_RETENTION_LOSS_SUPPORTED
D0-D_MASK_PADDING_SENSITIVITY,A_seed3408,A,3408,FROZEN_PROBE_ACROSS_VIEW,last,last,interaction,raw33.mean_front_distance,continuous,R2,0.946715698617894,0.0,0.0,0.0,False,False,False,400,80,79,"five-fold GroupKFold grouped by scenario_token; identical rows/folds/targets/ridge-logistic grid across views; paired loss CI uses 5,000 log-cluster bootstrap replicates",ego13 from frozen Stage7L ego_seq plus mask; raw33 from frozen Stage7L interaction_feat_style raw-equivalent report array,False,DEVELOPMENT_DIAGNOSTIC_EVIDENCE,NO_MATERIAL_RETENTION_LOSS_SUPPORTED
D0-D_MASK_PADDING_SENSITIVITY,A_seed3408,A,3408,FROZEN_PROBE_ACROSS_VIEW,last,last,interaction,raw33.mean_rel_speed,continuous,R2,0.922360069893951,0.0,0.0,0.0,False,False,False,400,80,79,"five-fold GroupKFold grouped by scenario_token; identical rows/folds/targets/ridge-logistic grid across views; paired loss CI uses 5,000 log-cluster bootstrap replicates",ego13 from frozen Stage7L ego_seq plus mask; raw33 from frozen Stage7L interaction_feat_style raw-equivalent report array,False,DEVELOPMENT_DIAGNOSTIC_EVIDENCE,NO_MATERIAL_RETENTION_LOSS_SUPPORTED
D0-D_MASK_PADDING_SENSITIVITY,A_seed3408,A,3408,FROZEN_PROBE_ACROSS_VIEW,last,masked_mean,longitudinal,ego13.end_minus_start_speed,continuous,R2,-0.8049205808610538,0.5227370363506398,0.4085280748487997,0.6690513923607245,True,True,False,400,80,79,"five-fold GroupKFold grouped by scenario_token; identical rows/folds/targets/ridge-logistic grid across views; paired loss CI uses 5,000 log-cluster bootstrap replicates",ego13 from frozen Stage7L ego_seq plus mask; raw33 from frozen Stage7L interaction_feat_style raw-equivalent report array,True,DEVELOPMENT_DIAGNOSTIC_EVIDENCE,COORDINATE_GEOMETRY_SHIFT_FAVORED
D0-D_MASK_PADDING_SENSITIVITY,A_seed3408,A,3408,FROZEN_PROBE_ACROSS_VIEW,last,masked_mean,lateral,ego13.heading_change_abs_total,continuous,R2,-0.01984258062360822,-0.09632479461733755,-0.2969199869949646,0.12923569415533437,False,False,False,400,80,79,"five-fold GroupKFold grouped by scenario_token; identical rows/folds/targets/ridge-logistic grid across views; paired loss CI uses 5,000 log-cluster bootstrap replicates",ego13 from frozen Stage7L ego_seq plus mask; raw33 from frozen Stage7L interaction_feat_style raw-equivalent report array,True,DEVELOPMENT_DIAGNOSTIC_EVIDENCE,NO_MATERIAL_RETENTION_LOSS_SUPPORTED
D0-D_MASK_PADDING_SENSITIVITY,A_seed3408,A,3408,FROZEN_PROBE_ACROSS_VIEW,last,masked_mean,longitudinal,ego13.mean_speed,continuous,R2,-1.207689332774787,0.5989516549327536,0.48531491164358337,0.7768271845503841,True,True,False,400,80,79,"five-fold GroupKFold grouped by scenario_token; identical rows/folds/targets/ridge-logistic grid across views; paired loss CI uses 5,000 log-cluster bootstrap replicates",ego13 from frozen Stage7L ego_seq plus mask; raw33 from frozen Stage7L interaction_feat_style raw-equivalent report array,True,DEVELOPMENT_DIAGNOSTIC_EVIDENCE,COORDINATE_GEOMETRY_SHIFT_FAVORED
D0-D_MASK_PADDING_SENSITIVITY,A_seed3408,A,3408,FROZEN_PROBE_ACROSS_VIEW,last,masked_mean,longitudinal,ego13.rms_accel,continuous,R2,-0.3951682824458769,0.3862800117951909,0.2104525452571867,0.560763837579967,True,True,False,400,80,79,"five-fold GroupKFold grouped by scenario_token; identical rows/folds/targets/ridge-logistic grid across views; paired loss CI uses 5,000 log-cluster bootstrap replicates",ego13 from frozen Stage7L ego_seq plus mask; raw33 from frozen Stage7L interaction_feat_style raw-equivalent report array,True,DEVELOPMENT_DIAGNOSTIC_EVIDENCE,COORDINATE_GEOMETRY_SHIFT_FAVORED
D0-D_MASK_PADDING_SENSITIVITY,A_seed3408,A,3408,FROZEN_PROBE_ACROSS_VIEW,last,masked_mean,lateral,ego13.rms_yaw_rate,continuous,R2,0.02718276879514081,0.2117073425706364,-0.006716599083702227,0.4157259724403973,False,False,False,400,80,79,"five-fold GroupKFold grouped by scenario_token; identical rows/folds/targets/ridge-logistic grid across views; paired loss CI uses 5,000 log-cluster bootstrap replicates",ego13 from frozen Stage7L ego_seq plus mask; raw33 from frozen Stage7L interaction_feat_style raw-equivalent report array,True,DEVELOPMENT_DIAGNOSTIC_EVIDENCE,NO_MATERIAL_RETENTION_LOSS_SUPPORTED
D0-D_MASK_PADDING_SENSITIVITY,A_seed3408,A,3408,FROZEN_PROBE_ACROSS_VIEW,last,masked_mean,interaction,raw33.front_pressure_score,continuous,R2,0.6771262043944981,-0.08913611855031196,-0.21503785092015018,0.19826081393966855,False,False,False,400,80,79,"five-fold GroupKFold grouped by scenario_token; identical rows/folds/targets/ridge-logistic grid across views; paired loss CI uses 5,000 log-cluster bootstrap replicates",ego13 from frozen Stage7L ego_seq plus mask; raw33 from frozen Stage7L interaction_feat_style raw-equivalent report array,True,DEVELOPMENT_DIAGNOSTIC_EVIDENCE,REFIT_VIEW_GAIN_NOT_INFORMATION_LOSS
D0-D_MASK_PADDING_SENSITIVITY,A_seed3408,A,3408,FROZEN_PROBE_ACROSS_VIEW,last,masked_mean,lateral,raw33.lane_change_count_proxy,categorical,balanced_accuracy,0.8760907504363002,0.17526969714187973,-0.042467082370455045,0.3783033276580161,False,False,False,400,80,79,"five-fold GroupKFold grouped by scenario_token; identical rows/folds/targets/ridge-logistic grid across views; paired loss CI uses 5,000 log-cluster bootstrap replicates",ego13 from frozen Stage7L ego_seq plus mask; raw33 from frozen Stage7L interaction_feat_style raw-equivalent report array,True,DEVELOPMENT_DIAGNOSTIC_EVIDENCE,NO_MATERIAL_RETENTION_LOSS_SUPPORTED
D0-D_MASK_PADDING_SENSITIVITY,A_seed3408,A,3408,FROZEN_PROBE_ACROSS_VIEW,last,masked_mean,interaction,raw33.mean_front_distance,continuous,R2,0.9478059498545778,-0.03410731149961686,-0.22287774102341046,0.22135074157114615,False,False,False,400,80,79,"five-fold GroupKFold grouped by scenario_token; identical rows/folds/targets/ridge-logistic grid across views; paired loss CI uses 5,000 log-cluster bootstrap replicates",ego13 from frozen Stage7L ego_seq plus mask; raw33 from frozen Stage7L interaction_feat_style raw-equivalent report array,True,DEVELOPMENT_DIAGNOSTIC_EVIDENCE,NO_MATERIAL_RETENTION_LOSS_SUPPORTED
D0-D_MASK_PADDING_SENSITIVITY,A_seed3408,A,3408,FROZEN_PROBE_ACROSS_VIEW,last,masked_mean,interaction,raw33.mean_rel_speed,continuous,R2,0.9243680027892771,-0.02368966533083558,-0.2747566769772635,0.17987908510527037,False,False,False,400,80,79,"five-fold GroupKFold grouped by scenario_token; identical rows/folds/targets/ridge-logistic grid across views; paired loss CI uses 5,000 log-cluster bootstrap replicates",ego13 from frozen Stage7L ego_seq plus mask; raw33 from frozen Stage7L interaction_feat_style raw-equivalent report array,True,DEVELOPMENT_DIAGNOSTIC_EVIDENCE,NO_MATERIAL_RETENTION_LOSS_SUPPORTED
D0-D_MASK_PADDING_SENSITIVITY,A_seed3408,A,3408,SAME_CAPACITY_REFIT_PROBE_PER_VIEW,last,final_valid,longitudinal,ego13.end_minus_start_speed,continuous,R2,0.635725827755376,-0.14625157713683662,-0.2926969657360175,0.07811506383136298,False,False,False,400,80,79,"five-fold GroupKFold grouped by scenario_token; identical rows/folds/targets/ridge-logistic grid across views; paired loss CI uses 5,000 log-cluster bootstrap replicates",ego13 from frozen Stage7L ego_seq plus mask; raw33 from frozen Stage7L interaction_feat_style raw-equivalent report array,True,DEVELOPMENT_DIAGNOSTIC_EVIDENCE,NO_MATERIAL_RETENTION_LOSS_SUPPORTED
D0-D_MASK_PADDING_SENSITIVITY,A_seed3408,A,3408,SAME_CAPACITY_REFIT_PROBE_PER_VIEW,last,final_valid,lateral,ego13.heading_change_abs_total,continuous,R2,-0.0239113177921777,-0.10516357349930736,-0.2793249430953835,0.13109881058610637,False,False,False,400,80,79,"five-fold GroupKFold grouped by scenario_token; identical rows/folds/targets/ridge-logistic grid across views; paired loss CI uses 5,000 log-cluster bootstrap replicates",ego13 from frozen Stage7L ego_seq plus mask; raw33 from frozen Stage7L interaction_feat_style raw-equivalent report array,True,DEVELOPMENT_DIAGNOSTIC_EVIDENCE,NO_MATERIAL_RETENTION_LOSS_SUPPORTED
D0-D_MASK_PADDING_SENSITIVITY,A_seed3408,A,3408,SAME_CAPACITY_REFIT_PROBE_PER_VIEW,last,final_valid,longitudinal,ego13.mean_speed,continuous,R2,0.6705437484338168,-0.1003406364354642,-0.24043131304944945,0.15350509629852335,False,False,False,400,80,79,"five-fold GroupKFold grouped by scenario_token; identical rows/folds/targets/ridge-logistic grid across views; paired loss CI uses 5,000 log-cluster bootstrap replicates",ego13 from frozen Stage7L ego_seq plus mask; raw33 from frozen Stage7L interaction_feat_style raw-equivalent report array,True,DEVELOPMENT_DIAGNOSTIC_EVIDENCE,NO_MATERIAL_RETENTION_LOSS_SUPPORTED
D0-D_MASK_PADDING_SENSITIVITY,A_seed3408,A,3408,SAME_CAPACITY_REFIT_PROBE_PER_VIEW,last,final_valid,longitudinal,ego13.rms_accel,continuous,R2,0.4904613034758778,-0.14857118435178546,-0.29870033021094927,0.08025955518321386,False,False,False,400,80,79,"five-fold GroupKFold grouped by scenario_token; identical rows/folds/targets/ridge-logistic grid across views; paired loss CI uses 5,000 log-cluster bootstrap replicates",ego13 from frozen Stage7L ego_seq plus mask; raw33 from frozen Stage7L interaction_feat_style raw-equivalent report array,True,DEVELOPMENT_DIAGNOSTIC_EVIDENCE,NO_MATERIAL_RETENTION_LOSS_SUPPORTED
D0-D_MASK_PADDING_SENSITIVITY,A_seed3408,A,3408,SAME_CAPACITY_REFIT_PROBE_PER_VIEW,last,final_valid,lateral,ego13.rms_yaw_rate,continuous,R2,0.043627000334428234,-0.03597463637261637,-0.21984484613404992,0.24037042242816642,False,False,False,400,80,79,"five-fold GroupKFold grouped by scenario_token; identical rows/folds/targets/ridge-logistic grid across views; paired loss CI uses 5,000 log-cluster bootstrap replicates",ego13 from frozen Stage7L ego_seq plus mask; raw33 from frozen Stage7L interaction_feat_style raw-equivalent report array,True,DEVELOPMENT_DIAGNOSTIC_EVIDENCE,NO_MATERIAL_RETENTION_LOSS_SUPPORTED
D0-D_MASK_PADDING_SENSITIVITY,A_seed3408,A,3408,SAME_CAPACITY_REFIT_PROBE_PER_VIEW,last,final_valid,interaction,raw33.front_pressure_score,continuous,R2,0.6089964380194426,0.04095126141756416,-0.24289999591487366,0.19258098983029756,False,False,False,400,80,79,"five-fold GroupKFold grouped by scenario_token; identical rows/folds/targets/ridge-logistic grid across views; paired loss CI uses 5,000 log-cluster bootstrap replicates",ego13 from frozen Stage7L ego_seq plus mask; raw33 from frozen Stage7L interaction_feat_style raw-equivalent report array,True,DEVELOPMENT_DIAGNOSTIC_EVIDENCE,NO_MATERIAL_RETENTION_LOSS_SUPPORTED
D0-D_MASK_PADDING_SENSITIVITY,A_seed3408,A,3408,SAME_CAPACITY_REFIT_PROBE_PER_VIEW,last,final_valid,lateral,raw33.lane_change_count_proxy,categorical,balanced_accuracy,0.7777777777777778,-0.11250879009260237,-0.19741838141820905,0.0,False,False,False,400,80,79,"five-fold GroupKFold grouped by scenario_token; identical rows/folds/targets/ridge-logistic grid across views; paired loss CI uses 5,000 log-cluster bootstrap replicates",ego13 from frozen Stage7L ego_seq plus mask; raw33 from frozen Stage7L interaction_feat_style raw-equivalent report array,True,DEVELOPMENT_DIAGNOSTIC_EVIDENCE,NO_MATERIAL_RETENTION_LOSS_SUPPORTED
D0-D_MASK_PADDING_SENSITIVITY,A_seed3408,A,3408,SAME_CAPACITY_REFIT_PROBE_PER_VIEW,last,final_valid,interaction,raw33.mean_front_distance,continuous,R2,0.9484968053613019,-0.10408614572426672,-0.2970053082007156,0.13067179054961356,False,False,False,400,80,79,"five-fold GroupKFold grouped by scenario_token; identical rows/folds/targets/ridge-logistic grid across views; paired loss CI uses 5,000 log-cluster bootstrap replicates",ego13 from frozen Stage7L ego_seq plus mask; raw33 from frozen Stage7L interaction_feat_style raw-equivalent report array,True,DEVELOPMENT_DIAGNOSTIC_EVIDENCE,NO_MATERIAL_RETENTION_LOSS_SUPPORTED
D0-D_MASK_PADDING_SENSITIVITY,A_seed3408,A,3408,SAME_CAPACITY_REFIT_PROBE_PER_VIEW,last,final_valid,interaction,raw33.mean_rel_speed,continuous,R2,0.9300996456494376,-0.1753032976553411,-0.3652082465494972,0.03734477272395497,False,False,False,400,80,79,"five-fold GroupKFold grouped by scenario_token; identical rows/folds/targets/ridge-logistic grid across views; paired loss CI uses 5,000 log-cluster bootstrap replicates",ego13 from frozen Stage7L ego_seq plus mask; raw33 from frozen Stage7L interaction_feat_style raw-equivalent report array,True,DEVELOPMENT_DIAGNOSTIC_EVIDENCE,NO_MATERIAL_RETENTION_LOSS_SUPPORTED
D0-D_MASK_PADDING_SENSITIVITY,A_seed3408,A,3408,SAME_CAPACITY_REFIT_PROBE_PER_VIEW,last,last,longitudinal,ego13.end_minus_start_speed,continuous,R2,0.5155785804551003,0.0,0.0,0.0,False,False,False,400,80,79,"five-fold GroupKFold grouped by scenario_token; identical rows/folds/targets/ridge-logistic grid across views; paired loss CI uses 5,000 log-cluster bootstrap replicates",ego13 from frozen Stage7L ego_seq plus mask; raw33 from frozen Stage7L interaction_feat_style raw-equivalent report array,False,DEVELOPMENT_DIAGNOSTIC_EVIDENCE,NO_MATERIAL_RETENTION_LOSS_SUPPORTED
D0-D_MASK_PADDING_SENSITIVITY,A_seed3408,A,3408,SAME_CAPACITY_REFIT_PROBE_PER_VIEW,last,last,lateral,ego13.heading_change_abs_total,continuous,R2,-0.037978502680618975,0.0,0.0,0.0,False,False,False,400,80,79,"five-fold GroupKFold grouped by scenario_token; identical rows/folds/targets/ridge-logistic grid across views; paired loss CI uses 5,000 log-cluster bootstrap replicates",ego13 from frozen Stage7L ego_seq plus mask; raw33 from frozen Stage7L interaction_feat_style raw-equivalent report array,False,DEVELOPMENT_DIAGNOSTIC_EVIDENCE,NO_MATERIAL_RETENTION_LOSS_SUPPORTED
D0-D_MASK_PADDING_SENSITIVITY,A_seed3408,A,3408,SAME_CAPACITY_REFIT_PROBE_PER_VIEW,last,last,longitudinal,ego13.mean_speed,continuous,R2,0.576163558743783,0.0,0.0,0.0,False,False,False,400,80,79,"five-fold GroupKFold grouped by scenario_token; identical rows/folds/targets/ridge-logistic grid across views; paired loss CI uses 5,000 log-cluster bootstrap replicates",ego13 from frozen Stage7L ego_seq plus mask; raw33 from frozen Stage7L interaction_feat_style raw-equivalent report array,False,DEVELOPMENT_DIAGNOSTIC_EVIDENCE,NO_MATERIAL_RETENTION_LOSS_SUPPORTED
D0-D_MASK_PADDING_SENSITIVITY,A_seed3408,A,3408,SAME_CAPACITY_REFIT_PROBE_PER_VIEW,last,last,longitudinal,ego13.rms_accel,continuous,R2,0.3736174617609428,0.0,0.0,0.0,False,False,False,400,80,79,"five-fold GroupKFold grouped by scenario_token; identical rows/folds/targets/ridge-logistic grid across views; paired loss CI uses 5,000 log-cluster bootstrap replicates",ego13 from frozen Stage7L ego_seq plus mask; raw33 from frozen Stage7L interaction_feat_style raw-equivalent report array,False,DEVELOPMENT_DIAGNOSTIC_EVIDENCE,NO_MATERIAL_RETENTION_LOSS_SUPPORTED
D0-D_MASK_PADDING_SENSITIVITY,A_seed3408,A,3408,SAME_CAPACITY_REFIT_PROBE_PER_VIEW,last,last,lateral,ego13.rms_yaw_rate,continuous,R2,0.042268723293849786,0.0,0.0,0.0,False,False,False,400,80,79,"five-fold GroupKFold grouped by scenario_token; identical rows/folds/targets/ridge-logistic grid across views; paired loss CI uses 5,000 log-cluster bootstrap replicates",ego13 from frozen Stage7L ego_seq plus mask; raw33 from frozen Stage7L interaction_feat_style raw-equivalent report array,False,DEVELOPMENT_DIAGNOSTIC_EVIDENCE,NO_MATERIAL_RETENTION_LOSS_SUPPORTED
D0-D_MASK_PADDING_SENSITIVITY,A_seed3408,A,3408,SAME_CAPACITY_REFIT_PROBE_PER_VIEW,last,last,interaction,raw33.front_pressure_score,continuous,R2,0.6185077660794502,0.0,0.0,0.0,False,False,False,400,80,79,"five-fold GroupKFold grouped by scenario_token; identical rows/folds/targets/ridge-logistic grid across views; paired loss CI uses 5,000 log-cluster bootstrap replicates",ego13 from frozen Stage7L ego_seq plus mask; raw33 from frozen Stage7L interaction_feat_style raw-equivalent report array,False,DEVELOPMENT_DIAGNOSTIC_EVIDENCE,NO_MATERIAL_RETENTION_LOSS_SUPPORTED
D0-D_MASK_PADDING_SENSITIVITY,A_seed3408,A,3408,SAME_CAPACITY_REFIT_PROBE_PER_VIEW,last,last,lateral,raw33.lane_change_count_proxy,categorical,balanced_accuracy,0.7712332751599767,0.0,0.0,0.0,False,False,False,400,80,79,"five-fold GroupKFold grouped by scenario_token; identical rows/folds/targets/ridge-logistic grid across views; paired loss CI uses 5,000 log-cluster bootstrap replicates",ego13 from frozen Stage7L ego_seq plus mask; raw33 from frozen Stage7L interaction_feat_style raw-equivalent report array,False,DEVELOPMENT_DIAGNOSTIC_EVIDENCE,NO_MATERIAL_RETENTION_LOSS_SUPPORTED
D0-D_MASK_PADDING_SENSITIVITY,A_seed3408,A,3408,SAME_CAPACITY_REFIT_PROBE_PER_VIEW,last,last,interaction,raw33.mean_front_distance,continuous,R2,0.946715698617894,0.0,0.0,0.0,False,False,False,400,80,79,"five-fold GroupKFold grouped by scenario_token; identical rows/folds/targets/ridge-logistic grid across views; paired loss CI uses 5,000 log-cluster bootstrap replicates",ego13 from frozen Stage7L ego_seq plus mask; raw33 from frozen Stage7L interaction_feat_style raw-equivalent report array,False,DEVELOPMENT_DIAGNOSTIC_EVIDENCE,NO_MATERIAL_RETENTION_LOSS_SUPPORTED
D0-D_MASK_PADDING_SENSITIVITY,A_seed3408,A,3408,SAME_CAPACITY_REFIT_PROBE_PER_VIEW,last,last,interaction,raw33.mean_rel_speed,continuous,R2,0.922360069893951,0.0,0.0,0.0,False,False,False,400,80,79,"five-fold GroupKFold grouped by scenario_token; identical rows/folds/targets/ridge-logistic grid across views; paired loss CI uses 5,000 log-cluster bootstrap replicates",ego13 from frozen Stage7L ego_seq plus mask; raw33 from frozen Stage7L interaction_feat_style raw-equivalent report array,False,DEVELOPMENT_DIAGNOSTIC_EVIDENCE,NO_MATERIAL_RETENTION_LOSS_SUPPORTED
D0-D_MASK_PADDING_SENSITIVITY,A_seed3408,A,3408,SAME_CAPACITY_REFIT_PROBE_PER_VIEW,last,masked_mean,longitudinal,ego13.end_minus_start_speed,continuous,R2,0.7152772493964625,-0.19579868372865278,-0.3603371456664818,0.002564313949523334,False,False,False,400,80,79,"five-fold GroupKFold grouped by scenario_token; identical rows/folds/targets/ridge-logistic grid across views; paired loss CI uses 5,000 log-cluster bootstrap replicates",ego13 from frozen Stage7L ego_seq plus mask; raw33 from frozen Stage7L interaction_feat_style raw-equivalent report array,True,DEVELOPMENT_DIAGNOSTIC_EVIDENCE,COORDINATE_GEOMETRY_SHIFT_FAVORED
D0-D_MASK_PADDING_SENSITIVITY,A_seed3408,A,3408,SAME_CAPACITY_REFIT_PROBE_PER_VIEW,last,masked_mean,lateral,ego13.heading_change_abs_total,continuous,R2,0.009486011887883228,-0.09326631107334346,-0.33626817017673466,0.11181363883296824,False,False,False,400,80,79,"five-fold GroupKFold grouped by scenario_token; identical rows/folds/targets/ridge-logistic grid across views; paired loss CI uses 5,000 log-cluster bootstrap replicates",ego13 from frozen Stage7L ego_seq plus mask; raw33 from frozen Stage7L interaction_feat_style raw-equivalent report array,True,DEVELOPMENT_DIAGNOSTIC_EVIDENCE,NO_MATERIAL_RETENTION_LOSS_SUPPORTED
D0-D_MASK_PADDING_SENSITIVITY,A_seed3408,A,3408,SAME_CAPACITY_REFIT_PROBE_PER_VIEW,last,masked_mean,longitudinal,ego13.mean_speed,continuous,R2,0.6637412993084901,-0.10298969699899813,-0.27805952595422834,0.1322816121755696,False,False,False,400,80,79,"five-fold GroupKFold grouped by scenario_token; identical rows/folds/targets/ridge-logistic grid across views; paired loss CI uses 5,000 log-cluster bootstrap replicates",ego13 from frozen Stage7L ego_seq plus mask; raw33 from frozen Stage7L interaction_feat_style raw-equivalent report array,True,DEVELOPMENT_DIAGNOSTIC_EVIDENCE,COORDINATE_GEOMETRY_SHIFT_FAVORED
D0-D_MASK_PADDING_SENSITIVITY,A_seed3408,A,3408,SAME_CAPACITY_REFIT_PROBE_PER_VIEW,last,masked_mean,longitudinal,ego13.rms_accel,continuous,R2,0.4953626280389394,-0.09752818238209772,-0.2675043772323285,0.13469906718486674,False,False,False,400,80,79,"five-fold GroupKFold grouped by scenario_token; identical rows/folds/targets/ridge-logistic grid across views; paired loss CI uses 5,000 log-cluster bootstrap replicates",ego13 from frozen Stage7L ego_seq plus mask; raw33 from frozen Stage7L interaction_feat_style raw-equivalent report array,True,DEVELOPMENT_DIAGNOSTIC_EVIDENCE,COORDINATE_GEOMETRY_SHIFT_FAVORED
D0-D_MASK_PADDING_SENSITIVITY,A_seed3408,A,3408,SAME_CAPACITY_REFIT_PROBE_PER_VIEW,last,masked_mean,lateral,ego13.rms_yaw_rate,continuous,R2,0.09705405690663893,-0.16763071034752133,-0.3748729925054851,0.0539757826919036,False,False,False,400,80,79,"five-fold GroupKFold grouped by scenario_token; identical rows/folds/targets/ridge-logistic grid across views; paired loss CI uses 5,000 log-cluster bootstrap replicates",ego13 from frozen Stage7L ego_seq plus mask; raw33 from frozen Stage7L interaction_feat_style raw-equivalent report array,True,DEVELOPMENT_DIAGNOSTIC_EVIDENCE,NO_MATERIAL_RETENTION_LOSS_SUPPORTED
D0-D_MASK_PADDING_SENSITIVITY,A_seed3408,A,3408,SAME_CAPACITY_REFIT_PROBE_PER_VIEW,last,masked_mean,interaction,raw33.front_pressure_score,continuous,R2,0.7446702944850891,-0.21198954411808113,-0.4544821025034871,-0.14386902961825107,True,False,True,400,80,79,"five-fold GroupKFold grouped by scenario_token; identical rows/folds/targets/ridge-logistic grid across views; paired loss CI uses 5,000 log-cluster bootstrap replicates",ego13 from frozen Stage7L ego_seq plus mask; raw33 from frozen Stage7L interaction_feat_style raw-equivalent report array,True,DEVELOPMENT_DIAGNOSTIC_EVIDENCE,REFIT_VIEW_GAIN_NOT_INFORMATION_LOSS
D0-D_MASK_PADDING_SENSITIVITY,A_seed3408,A,3408,SAME_CAPACITY_REFIT_PROBE_PER_VIEW,last,masked_mean,lateral,raw33.lane_change_count_proxy,categorical,balanced_accuracy,0.9166666666666667,-0.16014131520352345,-0.2582872081659395,0.0,False,False,False,400,80,79,"five-fold GroupKFold grouped by scenario_token; identical rows/folds/targets/ridge-logistic grid across views; paired loss CI uses 5,000 log-cluster bootstrap replicates",ego13 from frozen Stage7L ego_seq plus mask; raw33 from frozen Stage7L interaction_feat_style raw-equivalent report array,True,DEVELOPMENT_DIAGNOSTIC_EVIDENCE,NO_MATERIAL_RETENTION_LOSS_SUPPORTED
D0-D_MASK_PADDING_SENSITIVITY,A_seed3408,A,3408,SAME_CAPACITY_REFIT_PROBE_PER_VIEW,last,masked_mean,interaction,raw33.mean_front_distance,continuous,R2,0.9496587086889908,-0.07226014831780184,-0.27371616804927335,0.16482168357416588,False,False,False,400,80,79,"five-fold GroupKFold grouped by scenario_token; identical rows/folds/targets/ridge-logistic grid across views; paired loss CI uses 5,000 log-cluster bootstrap replicates",ego13 from frozen Stage7L ego_seq plus mask; raw33 from frozen Stage7L interaction_feat_style raw-equivalent report array,True,DEVELOPMENT_DIAGNOSTIC_EVIDENCE,NO_MATERIAL_RETENTION_LOSS_SUPPORTED
D0-D_MASK_PADDING_SENSITIVITY,A_seed3408,A,3408,SAME_CAPACITY_REFIT_PROBE_PER_VIEW,last,masked_mean,interaction,raw33.mean_rel_speed,continuous,R2,0.926885644490351,-0.0477813265842765,-0.32258354084304497,0.15961749837670552,False,False,False,400,80,79,"five-fold GroupKFold grouped by scenario_token; identical rows/folds/targets/ridge-logistic grid across views; paired loss CI uses 5,000 log-cluster bootstrap replicates",ego13 from frozen Stage7L ego_seq plus mask; raw33 from frozen Stage7L interaction_feat_style raw-equivalent report array,True,DEVELOPMENT_DIAGNOSTIC_EVIDENCE,NO_MATERIAL_RETENTION_LOSS_SUPPORTED
D0-D_MASK_PADDING_SENSITIVITY,A_seed3409,A,3409,FROZEN_PROBE_ACROSS_VIEW,last,final_valid,longitudinal,ego13.end_minus_start_speed,continuous,R2,0.7267681284556416,0.10526005501265012,-0.11081498939940827,0.32469475137997067,False,False,False,400,80,79,"five-fold GroupKFold grouped by scenario_token; identical rows/folds/targets/ridge-logistic grid across views; paired loss CI uses 5,000 log-cluster bootstrap replicates",ego13 from frozen Stage7L ego_seq plus mask; raw33 from frozen Stage7L interaction_feat_style raw-equivalent report array,True,DEVELOPMENT_DIAGNOSTIC_EVIDENCE,NO_MATERIAL_RETENTION_LOSS_SUPPORTED
D0-D_MASK_PADDING_SENSITIVITY,A_seed3409,A,3409,FROZEN_PROBE_ACROSS_VIEW,last,final_valid,lateral,ego13.heading_change_abs_total,continuous,R2,0.029102544625637994,-0.002114262199091798,-0.2973630537116479,0.17662411579084875,False,False,False,400,80,79,"five-fold GroupKFold grouped by scenario_token; identical rows/folds/targets/ridge-logistic grid across views; paired loss CI uses 5,000 log-cluster bootstrap replicates",ego13 from frozen Stage7L ego_seq plus mask; raw33 from frozen Stage7L interaction_feat_style raw-equivalent report array,True,DEVELOPMENT_DIAGNOSTIC_EVIDENCE,NO_MATERIAL_RETENTION_LOSS_SUPPORTED
D0-D_MASK_PADDING_SENSITIVITY,A_seed3409,A,3409,FROZEN_PROBE_ACROSS_VIEW,last,final_valid,longitudinal,ego13.mean_speed,continuous,R2,0.7195365782812312,0.016590734524870327,-0.18936694622022635,0.24902083143672946,False,False,False,400,80,79,"five-fold GroupKFold grouped by scenario_token; identical rows/folds/targets/ridge-logistic grid across views; paired loss CI uses 5,000 log-cluster bootstrap replicates",ego13 from frozen Stage7L ego_seq plus mask; raw33 from frozen Stage7L interaction_feat_style raw-equivalent report array,True,DEVELOPMENT_DIAGNOSTIC_EVIDENCE,NO_MATERIAL_RETENTION_LOSS_SUPPORTED
D0-D_MASK_PADDING_SENSITIVITY,A_seed3409,A,3409,FROZEN_PROBE_ACROSS_VIEW,last,final_valid,longitudinal,ego13.rms_accel,continuous,R2,0.49534256197249205,0.13430125932626735,-0.07651359738178322,0.39286280324731376,False,False,False,400,80,79,"five-fold GroupKFold grouped by scenario_token; identical rows/folds/targets/ridge-logistic grid across views; paired loss CI uses 5,000 log-cluster bootstrap replicates",ego13 from frozen Stage7L ego_seq plus mask; raw33 from frozen Stage7L interaction_feat_style raw-equivalent report array,True,DEVELOPMENT_DIAGNOSTIC_EVIDENCE,NO_MATERIAL_RETENTION_LOSS_SUPPORTED
D0-D_MASK_PADDING_SENSITIVITY,A_seed3409,A,3409,FROZEN_PROBE_ACROSS_VIEW,last,final_valid,lateral,ego13.rms_yaw_rate,continuous,R2,0.2301071768016798,-0.03326323327949969,-0.23350023799734143,0.20949329335101508,False,False,False,400,80,79,"five-fold GroupKFold grouped by scenario_token; identical rows/folds/targets/ridge-logistic grid across views; paired loss CI uses 5,000 log-cluster bootstrap replicates",ego13 from frozen Stage7L ego_seq plus mask; raw33 from frozen Stage7L interaction_feat_style raw-equivalent report array,True,DEVELOPMENT_DIAGNOSTIC_EVIDENCE,NO_MATERIAL_RETENTION_LOSS_SUPPORTED
D0-D_MASK_PADDING_SENSITIVITY,A_seed3409,A,3409,FROZEN_PROBE_ACROSS_VIEW,last,final_valid,interaction,raw33.front_pressure_score,continuous,R2,0.8918431702372326,0.19502802952304327,-0.016295585463956243,0.37562546096468047,False,False,False,400,80,79,"five-fold GroupKFold grouped by scenario_token; identical rows/folds/targets/ridge-logistic grid across views; paired loss CI uses 5,000 log-cluster bootstrap replicates",ego13 from frozen Stage7L ego_seq plus mask; raw33 from frozen Stage7L interaction_feat_style raw-equivalent report array,True,DEVELOPMENT_DIAGNOSTIC_EVIDENCE,NO_MATERIAL_RETENTION_LOSS_SUPPORTED
D0-D_MASK_PADDING_SENSITIVITY,A_seed3409,A,3409,FROZEN_PROBE_ACROSS_VIEW,last,final_valid,lateral,raw33.lane_change_count_proxy,categorical,balanced_accuracy,0.9166666666666667,0.0,0.0,0.0,False,False,False,400,80,79,"five-fold GroupKFold grouped by scenario_token; identical rows/folds/targets/ridge-logistic grid across views; paired loss CI uses 5,000 log-cluster bootstrap replicates",ego13 from frozen Stage7L ego_seq plus mask; raw33 from frozen Stage7L interaction_feat_style raw-equivalent report array,True,DEVELOPMENT_DIAGNOSTIC_EVIDENCE,NO_MATERIAL_RETENTION_LOSS_SUPPORTED
D0-D_MASK_PADDING_SENSITIVITY,A_seed3409,A,3409,FROZEN_PROBE_ACROSS_VIEW,last,final_valid,interaction,raw33.mean_front_distance,continuous,R2,0.9449885482527258,-0.0394185081815571,-0.2565687339726252,0.18893078214929349,False,False,False,400,80,79,"five-fold GroupKFold grouped by scenario_token; identical rows/folds/targets/ridge-logistic grid across views; paired loss CI uses 5,000 log-cluster bootstrap replicates",ego13 from frozen Stage7L ego_seq plus mask; raw33 from frozen Stage7L interaction_feat_style raw-equivalent report array,True,DEVELOPMENT_DIAGNOSTIC_EVIDENCE,REFIT_VIEW_GAIN_NOT_INFORMATION_LOSS
D0-D_MASK_PADDING_SENSITIVITY,A_seed3409,A,3409,FROZEN_PROBE_ACROSS_VIEW,last,final_valid,interaction,raw33.mean_rel_speed,continuous,R2,0.9011938348724088,-0.07610752862667115,-0.24798099510047406,0.18051422184885033,False,False,False,400,80,79,"five-fold GroupKFold grouped by scenario_token; identical rows/folds/targets/ridge-logistic grid across views; paired loss CI uses 5,000 log-cluster bootstrap replicates",ego13 from frozen Stage7L ego_seq plus mask; raw33 from frozen Stage7L interaction_feat_style raw-equivalent report array,True,DEVELOPMENT_DIAGNOSTIC_EVIDENCE,NO_MATERIAL_RETENTION_LOSS_SUPPORTED
D0-D_MASK_PADDING_SENSITIVITY,A_seed3409,A,3409,FROZEN_PROBE_ACROSS_VIEW,last,last,longitudinal,ego13.end_minus_start_speed,continuous,R2,0.7440457602658141,0.0,0.0,0.0,False,False,False,400,80,79,"five-fold GroupKFold grouped by scenario_token; identical rows/folds/targets/ridge-logistic grid across views; paired loss CI uses 5,000 log-cluster bootstrap replicates",ego13 from frozen Stage7L ego_seq plus mask; raw33 from frozen Stage7L interaction_feat_style raw-equivalent report array,False,DEVELOPMENT_DIAGNOSTIC_EVIDENCE,NO_MATERIAL_RETENTION_LOSS_SUPPORTED
D0-D_MASK_PADDING_SENSITIVITY,A_seed3409,A,3409,FROZEN_PROBE_ACROSS_VIEW,last,last,lateral,ego13.heading_change_abs_total,continuous,R2,0.029125070798749375,0.0,0.0,0.0,False,False,False,400,80,79,"five-fold GroupKFold grouped by scenario_token; identical rows/folds/targets/ridge-logistic grid across views; paired loss CI uses 5,000 log-cluster bootstrap replicates",ego13 from frozen Stage7L ego_seq plus mask; raw33 from frozen Stage7L interaction_feat_style raw-equivalent report array,False,DEVELOPMENT_DIAGNOSTIC_EVIDENCE,NO_MATERIAL_RETENTION_LOSS_SUPPORTED
D0-D_MASK_PADDING_SENSITIVITY,A_seed3409,A,3409,FROZEN_PROBE_ACROSS_VIEW,last,last,longitudinal,ego13.mean_speed,continuous,R2,0.7226524764511838,0.0,0.0,0.0,False,False,False,400,80,79,"five-fold GroupKFold grouped by scenario_token; identical rows/folds/targets/ridge-logistic grid across views; paired loss CI uses 5,000 log-cluster bootstrap replicates",ego13 from frozen Stage7L ego_seq plus mask; raw33 from frozen Stage7L interaction_feat_style raw-equivalent report array,False,DEVELOPMENT_DIAGNOSTIC_EVIDENCE,NO_MATERIAL_RETENTION_LOSS_SUPPORTED
D0-D_MASK_PADDING_SENSITIVITY,A_seed3409,A,3409,FROZEN_PROBE_ACROSS_VIEW,last,last,longitudinal,ego13.rms_accel,continuous,R2,0.5389465871474468,0.0,0.0,0.0,False,False,False,400,80,79,"five-fold GroupKFold grouped by scenario_token; identical rows/folds/targets/ridge-logistic grid across views; paired loss CI uses 5,000 log-cluster bootstrap replicates",ego13 from frozen Stage7L ego_seq plus mask; raw33 from frozen Stage7L interaction_feat_style raw-equivalent report array,False,DEVELOPMENT_DIAGNOSTIC_EVIDENCE,NO_MATERIAL_RETENTION_LOSS_SUPPORTED
D0-D_MASK_PADDING_SENSITIVITY,A_seed3409,A,3409,FROZEN_PROBE_ACROSS_VIEW,last,last,lateral,ego13.rms_yaw_rate,continuous,R2,0.22287170513996368,0.0,0.0,0.0,False,False,False,400,80,79,"five-fold GroupKFold grouped by scenario_token; identical rows/folds/targets/ridge-logistic grid across views; paired loss CI uses 5,000 log-cluster bootstrap replicates",ego13 from frozen Stage7L ego_seq plus mask; raw33 from frozen Stage7L interaction_feat_style raw-equivalent report array,False,DEVELOPMENT_DIAGNOSTIC_EVIDENCE,NO_MATERIAL_RETENTION_LOSS_SUPPORTED
D0-D_MASK_PADDING_SENSITIVITY,A_seed3409,A,3409,FROZEN_PROBE_ACROSS_VIEW,last,last,interaction,raw33.front_pressure_score,continuous,R2,0.9099176439259348,0.0,0.0,0.0,False,False,False,400,80,79,"five-fold GroupKFold grouped by scenario_token; identical rows/folds/targets/ridge-logistic grid across views; paired loss CI uses 5,000 log-cluster bootstrap replicates",ego13 from frozen Stage7L ego_seq plus mask; raw33 from frozen Stage7L interaction_feat_style raw-equivalent report array,False,DEVELOPMENT_DIAGNOSTIC_EVIDENCE,NO_MATERIAL_RETENTION_LOSS_SUPPORTED
D0-D_MASK_PADDING_SENSITIVITY,A_seed3409,A,3409,FROZEN_PROBE_ACROSS_VIEW,last,last,lateral,raw33.lane_change_count_proxy,categorical,balanced_accuracy,0.9166666666666667,0.0,0.0,0.0,False,False,False,400,80,79,"five-fold GroupKFold grouped by scenario_token; identical rows/folds/targets/ridge-logistic grid across views; paired loss CI uses 5,000 log-cluster bootstrap replicates",ego13 from frozen Stage7L ego_seq plus mask; raw33 from frozen Stage7L interaction_feat_style raw-equivalent report array,False,DEVELOPMENT_DIAGNOSTIC_EVIDENCE,NO_MATERIAL_RETENTION_LOSS_SUPPORTED
D0-D_MASK_PADDING_SENSITIVITY,A_seed3409,A,3409,FROZEN_PROBE_ACROSS_VIEW,last,last,interaction,raw33.mean_front_distance,continuous,R2,0.9444261969636271,0.0,0.0,0.0,False,False,False,400,80,79,"five-fold GroupKFold grouped by scenario_token; identical rows/folds/targets/ridge-logistic grid across views; paired loss CI uses 5,000 log-cluster bootstrap replicates",ego13 from frozen Stage7L ego_seq plus mask; raw33 from frozen Stage7L interaction_feat_style raw-equivalent report array,False,DEVELOPMENT_DIAGNOSTIC_EVIDENCE,NO_MATERIAL_RETENTION_LOSS_SUPPORTED
D0-D_MASK_PADDING_SENSITIVITY,A_seed3409,A,3409,FROZEN_PROBE_ACROSS_VIEW,last,last,interaction,raw33.mean_rel_speed,continuous,R2,0.8992999758013647,0.0,0.0,0.0,False,False,False,400,80,79,"five-fold GroupKFold grouped by scenario_token; identical rows/folds/targets/ridge-logistic grid across views; paired loss CI uses 5,000 log-cluster bootstrap replicates",ego13 from frozen Stage7L ego_seq plus mask; raw33 from frozen Stage7L interaction_feat_style raw-equivalent report array,False,DEVELOPMENT_DIAGNOSTIC_EVIDENCE,NO_MATERIAL_RETENTION_LOSS_SUPPORTED
D0-D_MASK_PADDING_SENSITIVITY,A_seed3409,A,3409,FROZEN_PROBE_ACROSS_VIEW,last,masked_mean,longitudinal,ego13.end_minus_start_speed,continuous,R2,-0.4618305999937553,0.5192230348889743,0.39978364984242226,0.6523864384770071,True,True,False,400,80,79,"five-fold GroupKFold grouped by scenario_token; identical rows/folds/targets/ridge-logistic grid across views; paired loss CI uses 5,000 log-cluster bootstrap replicates",ego13 from frozen Stage7L ego_seq plus mask; raw33 from frozen Stage7L interaction_feat_style raw-equivalent report array,True,DEVELOPMENT_DIAGNOSTIC_EVIDENCE,COORDINATE_GEOMETRY_SHIFT_FAVORED
D0-D_MASK_PADDING_SENSITIVITY,A_seed3409,A,3409,FROZEN_PROBE_ACROSS_VIEW,last,masked_mean,lateral,ego13.heading_change_abs_total,continuous,R2,-0.29219171514269915,0.2281529991906917,0.03735820039389458,0.4091525559225871,True,True,False,400,80,79,"five-fold GroupKFold grouped by scenario_token; identical rows/folds/targets/ridge-logistic grid across views; paired loss CI uses 5,000 log-cluster bootstrap replicates",ego13 from frozen Stage7L ego_seq plus mask; raw33 from frozen Stage7L interaction_feat_style raw-equivalent report array,True,DEVELOPMENT_DIAGNOSTIC_EVIDENCE,COORDINATE_GEOMETRY_SHIFT_FAVORED
D0-D_MASK_PADDING_SENSITIVITY,A_seed3409,A,3409,FROZEN_PROBE_ACROSS_VIEW,last,masked_mean,longitudinal,ego13.mean_speed,continuous,R2,-0.01920938281949458,0.5714364278978026,0.41436827265909815,0.7438377912986834,True,True,False,400,80,79,"five-fold GroupKFold grouped by scenario_token; identical rows/folds/targets/ridge-logistic grid across views; paired loss CI uses 5,000 log-cluster bootstrap replicates",ego13 from frozen Stage7L ego_seq plus mask; raw33 from frozen Stage7L interaction_feat_style raw-equivalent report array,True,DEVELOPMENT_DIAGNOSTIC_EVIDENCE,COORDINATE_GEOMETRY_SHIFT_FAVORED
D0-D_MASK_PADDING_SENSITIVITY,A_seed3409,A,3409,FROZEN_PROBE_ACROSS_VIEW,last,masked_mean,longitudinal,ego13.rms_accel,continuous,R2,-1.4091346955121726,0.4832164897449293,0.3549010129372618,0.6375659471542937,True,True,False,400,80,79,"five-fold GroupKFold grouped by scenario_token; identical rows/folds/targets/ridge-logistic grid across views; paired loss CI uses 5,000 log-cluster bootstrap replicates",ego13 from frozen Stage7L ego_seq plus mask; raw33 from frozen Stage7L interaction_feat_style raw-equivalent report array,True,DEVELOPMENT_DIAGNOSTIC_EVIDENCE,COORDINATE_GEOMETRY_SHIFT_FAVORED
D0-D_MASK_PADDING_SENSITIVITY,A_seed3409,A,3409,FROZEN_PROBE_ACROSS_VIEW,last,masked_mean,lateral,ego13.rms_yaw_rate,continuous,R2,-0.7809777940364746,0.46773369220015576,0.28044765011231676,0.6814811042841369,True,True,False,400,80,79,"five-fold GroupKFold grouped by scenario_token; identical rows/folds/targets/ridge-logistic grid across views; paired loss CI uses 5,000 log-cluster bootstrap replicates",ego13 from frozen Stage7L ego_seq plus mask; raw33 from frozen Stage7L interaction_feat_style raw-equivalent report array,True,DEVELOPMENT_DIAGNOSTIC_EVIDENCE,COORDINATE_GEOMETRY_SHIFT_FAVORED
D0-D_MASK_PADDING_SENSITIVITY,A_seed3409,A,3409,FROZEN_PROBE_ACROSS_VIEW,last,masked_mean,interaction,raw33.front_pressure_score,continuous,R2,0.87413222474441,0.28507099602208075,0.0639407719675592,0.5030268394974511,True,True,False,400,80,79,"five-fold GroupKFold grouped by scenario_token; identical rows/folds/targets/ridge-logistic grid across views; paired loss CI uses 5,000 log-cluster bootstrap replicates",ego13 from frozen Stage7L ego_seq plus mask; raw33 from frozen Stage7L interaction_feat_style raw-equivalent report array,True,DEVELOPMENT_DIAGNOSTIC_EVIDENCE,COORDINATE_GEOMETRY_SHIFT_FAVORED
D0-D_MASK_PADDING_SENSITIVITY,A_seed3409,A,3409,FROZEN_PROBE_ACROSS_VIEW,last,masked_mean,lateral,raw33.lane_change_count_proxy,categorical,balanced_accuracy,0.9166666666666667,0.0,0.0,0.0,False,False,False,400,80,79,"five-fold GroupKFold grouped by scenario_token; identical rows/folds/targets/ridge-logistic grid across views; paired loss CI uses 5,000 log-cluster bootstrap replicates",ego13 from frozen Stage7L ego_seq plus mask; raw33 from frozen Stage7L interaction_feat_style raw-equivalent report array,True,DEVELOPMENT_DIAGNOSTIC_EVIDENCE,NO_MATERIAL_RETENTION_LOSS_SUPPORTED
D0-D_MASK_PADDING_SENSITIVITY,A_seed3409,A,3409,FROZEN_PROBE_ACROSS_VIEW,last,masked_mean,interaction,raw33.mean_front_distance,continuous,R2,0.9513358416744815,-0.13381690523736253,-0.32846187827806195,0.09161614319635493,False,False,False,400,80,79,"five-fold GroupKFold grouped by scenario_token; identical rows/folds/targets/ridge-logistic grid across views; paired loss CI uses 5,000 log-cluster bootstrap replicates",ego13 from frozen Stage7L ego_seq plus mask; raw33 from frozen Stage7L interaction_feat_style raw-equivalent report array,True,DEVELOPMENT_DIAGNOSTIC_EVIDENCE,REFIT_VIEW_GAIN_NOT_INFORMATION_LOSS
D0-D_MASK_PADDING_SENSITIVITY,A_seed3409,A,3409,FROZEN_PROBE_ACROSS_VIEW,last,masked_mean,interaction,raw33.mean_rel_speed,continuous,R2,0.8736539473769142,0.25784764114421627,0.036601296992352574,0.5078124991341205,True,True,False,400,80,79,"five-fold GroupKFold grouped by scenario_token; identical rows/folds/targets/ridge-logistic grid across views; paired loss CI uses 5,000 log-cluster bootstrap replicates",ego13 from frozen Stage7L ego_seq plus mask; raw33 from frozen Stage7L interaction_feat_style raw-equivalent report array,True,DEVELOPMENT_DIAGNOSTIC_EVIDENCE,REFIT_VIEW_GAIN_NOT_INFORMATION_LOSS
D0-D_MASK_PADDING_SENSITIVITY,A_seed3409,A,3409,SAME_CAPACITY_REFIT_PROBE_PER_VIEW,last,final_valid,longitudinal,ego13.end_minus_start_speed,continuous,R2,0.7764824578049399,-0.06985747974724975,-0.32862832205439835,0.1389488109265477,False,False,False,400,80,79,"five-fold GroupKFold grouped by scenario_token; identical rows/folds/targets/ridge-logistic grid across views; paired loss CI uses 5,000 log-cluster bootstrap replicates",ego13 from frozen Stage7L ego_seq plus mask; raw33 from frozen Stage7L interaction_feat_style raw-equivalent report array,True,DEVELOPMENT_DIAGNOSTIC_EVIDENCE,NO_MATERIAL_RETENTION_LOSS_SUPPORTED
D0-D_MASK_PADDING_SENSITIVITY,A_seed3409,A,3409,SAME_CAPACITY_REFIT_PROBE_PER_VIEW,last,final_valid,lateral,ego13.heading_change_abs_total,continuous,R2,0.1503734888221162,-0.1032143816220793,-0.20898672654300995,0.22159220368005725,False,False,False,400,80,79,"five-fold GroupKFold grouped by scenario_token; identical rows/folds/targets/ridge-logistic grid across views; paired loss CI uses 5,000 log-cluster bootstrap replicates",ego13 from frozen Stage7L ego_seq plus mask; raw33 from frozen Stage7L interaction_feat_style raw-equivalent report array,True,DEVELOPMENT_DIAGNOSTIC_EVIDENCE,NO_MATERIAL_RETENTION_LOSS_SUPPORTED
D0-D_MASK_PADDING_SENSITIVITY,A_seed3409,A,3409,SAME_CAPACITY_REFIT_PROBE_PER_VIEW,last,final_valid,longitudinal,ego13.mean_speed,continuous,R2,0.7530555116227141,-0.06623105181442526,-0.27016085746534463,0.16169390690163746,False,False,False,400,80,79,"five-fold GroupKFold grouped by scenario_token; identical rows/folds/targets/ridge-logistic grid across views; paired loss CI uses 5,000 log-cluster bootstrap replicates",ego13 from frozen Stage7L ego_seq plus mask; raw33 from frozen Stage7L interaction_feat_style raw-equivalent report array,True,DEVELOPMENT_DIAGNOSTIC_EVIDENCE,NO_MATERIAL_RETENTION_LOSS_SUPPORTED
D0-D_MASK_PADDING_SENSITIVITY,A_seed3409,A,3409,SAME_CAPACITY_REFIT_PROBE_PER_VIEW,last,final_valid,longitudinal,ego13.rms_accel,continuous,R2,0.556800532310058,-0.006667581739862372,-0.2526973515440897,0.1898145571522231,False,False,False,400,80,79,"five-fold GroupKFold grouped by scenario_token; identical rows/folds/targets/ridge-logistic grid across views; paired loss CI uses 5,000 log-cluster bootstrap replicates",ego13 from frozen Stage7L ego_seq plus mask; raw33 from frozen Stage7L interaction_feat_style raw-equivalent report array,True,DEVELOPMENT_DIAGNOSTIC_EVIDENCE,NO_MATERIAL_RETENTION_LOSS_SUPPORTED
D0-D_MASK_PADDING_SENSITIVITY,A_seed3409,A,3409,SAME_CAPACITY_REFIT_PROBE_PER_VIEW,last,final_valid,lateral,ego13.rms_yaw_rate,continuous,R2,0.20756398833011536,0.032473600819977244,-0.1813444099610021,0.25318499859894955,False,False,False,400,80,79,"five-fold GroupKFold grouped by scenario_token; identical rows/folds/targets/ridge-logistic grid across views; paired loss CI uses 5,000 log-cluster bootstrap replicates",ego13 from frozen Stage7L ego_seq plus mask; raw33 from frozen Stage7L interaction_feat_style raw-equivalent report array,True,DEVELOPMENT_DIAGNOSTIC_EVIDENCE,NO_MATERIAL_RETENTION_LOSS_SUPPORTED
D0-D_MASK_PADDING_SENSITIVITY,A_seed3409,A,3409,SAME_CAPACITY_REFIT_PROBE_PER_VIEW,last,final_valid,interaction,raw33.front_pressure_score,continuous,R2,0.902237445192043,0.07929331533424241,-0.2184718137101641,0.21856685760966219,False,False,False,400,80,79,"five-fold GroupKFold grouped by scenario_token; identical rows/folds/targets/ridge-logistic grid across views; paired loss CI uses 5,000 log-cluster bootstrap replicates",ego13 from frozen Stage7L ego_seq plus mask; raw33 from frozen Stage7L interaction_feat_style raw-equivalent report array,True,DEVELOPMENT_DIAGNOSTIC_EVIDENCE,NO_MATERIAL_RETENTION_LOSS_SUPPORTED
D0-D_MASK_PADDING_SENSITIVITY,A_seed3409,A,3409,SAME_CAPACITY_REFIT_PROBE_PER_VIEW,last,final_valid,lateral,raw33.lane_change_count_proxy,categorical,balanced_accuracy,0.9166666666666667,0.0,0.0,0.0,False,False,False,400,80,79,"five-fold GroupKFold grouped by scenario_token; identical rows/folds/targets/ridge-logistic grid across views; paired loss CI uses 5,000 log-cluster bootstrap replicates",ego13 from frozen Stage7L ego_seq plus mask; raw33 from frozen Stage7L interaction_feat_style raw-equivalent report array,True,DEVELOPMENT_DIAGNOSTIC_EVIDENCE,NO_MATERIAL_RETENTION_LOSS_SUPPORTED
D0-D_MASK_PADDING_SENSITIVITY,A_seed3409,A,3409,SAME_CAPACITY_REFIT_PROBE_PER_VIEW,last,final_valid,interaction,raw33.mean_front_distance,continuous,R2,0.9475672338010874,-0.24244286352868274,-0.4481885178102098,-0.03324049996898979,True,False,True,400,80,79,"five-fold GroupKFold grouped by scenario_token; identical rows/folds/targets/ridge-logistic grid across views; paired loss CI uses 5,000 log-cluster bootstrap replicates",ego13 from frozen Stage7L ego_seq plus mask; raw33 from frozen Stage7L interaction_feat_style raw-equivalent report array,True,DEVELOPMENT_DIAGNOSTIC_EVIDENCE,REFIT_VIEW_GAIN_NOT_INFORMATION_LOSS
D0-D_MASK_PADDING_SENSITIVITY,A_seed3409,A,3409,SAME_CAPACITY_REFIT_PROBE_PER_VIEW,last,final_valid,interaction,raw33.mean_rel_speed,continuous,R2,0.8976983909355225,0.022716108483578832,-0.2152300108151382,0.22538358478340853,False,False,False,400,80,79,"five-fold GroupKFold grouped by scenario_token; identical rows/folds/targets/ridge-logistic grid across views; paired loss CI uses 5,000 log-cluster bootstrap replicates",ego13 from frozen Stage7L ego_seq plus mask; raw33 from frozen Stage7L interaction_feat_style raw-equivalent report array,True,DEVELOPMENT_DIAGNOSTIC_EVIDENCE,NO_MATERIAL_RETENTION_LOSS_SUPPORTED
D0-D_MASK_PADDING_SENSITIVITY,A_seed3409,A,3409,SAME_CAPACITY_REFIT_PROBE_PER_VIEW,last,last,longitudinal,ego13.end_minus_start_speed,continuous,R2,0.7440457602658141,0.0,0.0,0.0,False,False,False,400,80,79,"five-fold GroupKFold grouped by scenario_token; identical rows/folds/targets/ridge-logistic grid across views; paired loss CI uses 5,000 log-cluster bootstrap replicates",ego13 from frozen Stage7L ego_seq plus mask; raw33 from frozen Stage7L interaction_feat_style raw-equivalent report array,False,DEVELOPMENT_DIAGNOSTIC_EVIDENCE,NO_MATERIAL_RETENTION_LOSS_SUPPORTED
D0-D_MASK_PADDING_SENSITIVITY,A_seed3409,A,3409,SAME_CAPACITY_REFIT_PROBE_PER_VIEW,last,last,lateral,ego13.heading_change_abs_total,continuous,R2,0.029125070798749375,0.0,0.0,0.0,False,False,False,400,80,79,"five-fold GroupKFold grouped by scenario_token; identical rows/folds/targets/ridge-logistic grid across views; paired loss CI uses 5,000 log-cluster bootstrap replicates",ego13 from frozen Stage7L ego_seq plus mask; raw33 from frozen Stage7L interaction_feat_style raw-equivalent report array,False,DEVELOPMENT_DIAGNOSTIC_EVIDENCE,NO_MATERIAL_RETENTION_LOSS_SUPPORTED
D0-D_MASK_PADDING_SENSITIVITY,A_seed3409,A,3409,SAME_CAPACITY_REFIT_PROBE_PER_VIEW,last,last,longitudinal,ego13.mean_speed,continuous,R2,0.7226524764511838,0.0,0.0,0.0,False,False,False,400,80,79,"five-fold GroupKFold grouped by scenario_token; identical rows/folds/targets/ridge-logistic grid across views; paired loss CI uses 5,000 log-cluster bootstrap replicates",ego13 from frozen Stage7L ego_seq plus mask; raw33 from frozen Stage7L interaction_feat_style raw-equivalent report array,False,DEVELOPMENT_DIAGNOSTIC_EVIDENCE,NO_MATERIAL_RETENTION_LOSS_SUPPORTED
D0-D_MASK_PADDING_SENSITIVITY,A_seed3409,A,3409,SAME_CAPACITY_REFIT_PROBE_PER_VIEW,last,last,longitudinal,ego13.rms_accel,continuous,R2,0.5389465871474468,0.0,0.0,0.0,False,False,False,400,80,79,"five-fold GroupKFold grouped by scenario_token; identical rows/folds/targets/ridge-logistic grid across views; paired loss CI uses 5,000 log-cluster bootstrap replicates",ego13 from frozen Stage7L ego_seq plus mask; raw33 from frozen Stage7L interaction_feat_style raw-equivalent report array,False,DEVELOPMENT_DIAGNOSTIC_EVIDENCE,NO_MATERIAL_RETENTION_LOSS_SUPPORTED
D0-D_MASK_PADDING_SENSITIVITY,A_seed3409,A,3409,SAME_CAPACITY_REFIT_PROBE_PER_VIEW,last,last,lateral,ego13.rms_yaw_rate,continuous,R2,0.22287170513996368,0.0,0.0,0.0,False,False,False,400,80,79,"five-fold GroupKFold grouped by scenario_token; identical rows/folds/targets/ridge-logistic grid across views; paired loss CI uses 5,000 log-cluster bootstrap replicates",ego13 from frozen Stage7L ego_seq plus mask; raw33 from frozen Stage7L interaction_feat_style raw-equivalent report array,False,DEVELOPMENT_DIAGNOSTIC_EVIDENCE,NO_MATERIAL_RETENTION_LOSS_SUPPORTED
D0-D_MASK_PADDING_SENSITIVITY,A_seed3409,A,3409,SAME_CAPACITY_REFIT_PROBE_PER_VIEW,last,last,interaction,raw33.front_pressure_score,continuous,R2,0.9099176439259348,0.0,0.0,0.0,False,False,False,400,80,79,"five-fold GroupKFold grouped by scenario_token; identical rows/folds/targets/ridge-logistic grid across views; paired loss CI uses 5,000 log-cluster bootstrap replicates",ego13 from frozen Stage7L ego_seq plus mask; raw33 from frozen Stage7L interaction_feat_style raw-equivalent report array,False,DEVELOPMENT_DIAGNOSTIC_EVIDENCE,NO_MATERIAL_RETENTION_LOSS_SUPPORTED
D0-D_MASK_PADDING_SENSITIVITY,A_seed3409,A,3409,SAME_CAPACITY_REFIT_PROBE_PER_VIEW,last,last,lateral,raw33.lane_change_count_proxy,categorical,balanced_accuracy,0.9166666666666667,0.0,0.0,0.0,False,False,False,400,80,79,"five-fold GroupKFold grouped by scenario_token; identical rows/folds/targets/ridge-logistic grid across views; paired loss CI uses 5,000 log-cluster bootstrap replicates",ego13 from frozen Stage7L ego_seq plus mask; raw33 from frozen Stage7L interaction_feat_style raw-equivalent report array,False,DEVELOPMENT_DIAGNOSTIC_EVIDENCE,NO_MATERIAL_RETENTION_LOSS_SUPPORTED
D0-D_MASK_PADDING_SENSITIVITY,A_seed3409,A,3409,SAME_CAPACITY_REFIT_PROBE_PER_VIEW,last,last,interaction,raw33.mean_front_distance,continuous,R2,0.9444261969636271,0.0,0.0,0.0,False,False,False,400,80,79,"five-fold GroupKFold grouped by scenario_token; identical rows/folds/targets/ridge-logistic grid across views; paired loss CI uses 5,000 log-cluster bootstrap replicates",ego13 from frozen Stage7L ego_seq plus mask; raw33 from frozen Stage7L interaction_feat_style raw-equivalent report array,False,DEVELOPMENT_DIAGNOSTIC_EVIDENCE,NO_MATERIAL_RETENTION_LOSS_SUPPORTED
D0-D_MASK_PADDING_SENSITIVITY,A_seed3409,A,3409,SAME_CAPACITY_REFIT_PROBE_PER_VIEW,last,last,interaction,raw33.mean_rel_speed,continuous,R2,0.8992999758013647,0.0,0.0,0.0,False,False,False,400,80,79,"five-fold GroupKFold grouped by scenario_token; identical rows/folds/targets/ridge-logistic grid across views; paired loss CI uses 5,000 log-cluster bootstrap replicates",ego13 from frozen Stage7L ego_seq plus mask; raw33 from frozen Stage7L interaction_feat_style raw-equivalent report array,False,DEVELOPMENT_DIAGNOSTIC_EVIDENCE,NO_MATERIAL_RETENTION_LOSS_SUPPORTED
D0-D_MASK_PADDING_SENSITIVITY,A_seed3409,A,3409,SAME_CAPACITY_REFIT_PROBE_PER_VIEW,last,masked_mean,longitudinal,ego13.end_minus_start_speed,continuous,R2,0.7151687586823128,0.057661302812749816,-0.21144529875576165,0.22158399650245778,False,False,False,400,80,79,"five-fold GroupKFold grouped by scenario_token; identical rows/folds/targets/ridge-logistic grid across views; paired loss CI uses 5,000 log-cluster bootstrap replicates",ego13 from frozen Stage7L ego_seq plus mask; raw33 from frozen Stage7L interaction_feat_style raw-equivalent report array,True,DEVELOPMENT_DIAGNOSTIC_EVIDENCE,COORDINATE_GEOMETRY_SHIFT_FAVORED
D0-D_MASK_PADDING_SENSITIVITY,A_seed3409,A,3409,SAME_CAPACITY_REFIT_PROBE_PER_VIEW,last,masked_mean,lateral,ego13.heading_change_abs_total,continuous,R2,0.0882097962425803,-0.08790826650605327,-0.27419588874680834,0.1607334140245629,False,False,False,400,80,79,"five-fold GroupKFold grouped by scenario_token; identical rows/folds/targets/ridge-logistic grid across views; paired loss CI uses 5,000 log-cluster bootstrap replicates",ego13 from frozen Stage7L ego_seq plus mask; raw33 from frozen Stage7L interaction_feat_style raw-equivalent report array,True,DEVELOPMENT_DIAGNOSTIC_EVIDENCE,COORDINATE_GEOMETRY_SHIFT_FAVORED
D0-D_MASK_PADDING_SENSITIVITY,A_seed3409,A,3409,SAME_CAPACITY_REFIT_PROBE_PER_VIEW,last,masked_mean,longitudinal,ego13.mean_speed,continuous,R2,0.796366103719342,-0.11847328045835837,-0.3270414082351651,0.0979536006150221,False,False,False,400,80,79,"five-fold GroupKFold grouped by scenario_token; identical rows/folds/targets/ridge-logistic grid across views; paired loss CI uses 5,000 log-cluster bootstrap replicates",ego13 from frozen Stage7L ego_seq plus mask; raw33 from frozen Stage7L interaction_feat_style raw-equivalent report array,True,DEVELOPMENT_DIAGNOSTIC_EVIDENCE,COORDINATE_GEOMETRY_SHIFT_FAVORED
D0-D_MASK_PADDING_SENSITIVITY,A_seed3409,A,3409,SAME_CAPACITY_REFIT_PROBE_PER_VIEW,last,masked_mean,longitudinal,ego13.rms_accel,continuous,R2,0.5193937880903197,0.03957321351151971,-0.24927972783695088,0.1999193228280949,False,False,False,400,80,79,"five-fold GroupKFold grouped by scenario_token; identical rows/folds/targets/ridge-logistic grid across views; paired loss CI uses 5,000 log-cluster bootstrap replicates",ego13 from frozen Stage7L ego_seq plus mask; raw33 from frozen Stage7L interaction_feat_style raw-equivalent report array,True,DEVELOPMENT_DIAGNOSTIC_EVIDENCE,COORDINATE_GEOMETRY_SHIFT_FAVORED
D0-D_MASK_PADDING_SENSITIVITY,A_seed3409,A,3409,SAME_CAPACITY_REFIT_PROBE_PER_VIEW,last,masked_mean,lateral,ego13.rms_yaw_rate,continuous,R2,0.09047836153187883,0.09774813400669279,-0.14590462109383634,0.2562821518021915,False,False,False,400,80,79,"five-fold GroupKFold grouped by scenario_token; identical rows/folds/targets/ridge-logistic grid across views; paired loss CI uses 5,000 log-cluster bootstrap replicates",ego13 from frozen Stage7L ego_seq plus mask; raw33 from frozen Stage7L interaction_feat_style raw-equivalent report array,True,DEVELOPMENT_DIAGNOSTIC_EVIDENCE,COORDINATE_GEOMETRY_SHIFT_FAVORED
D0-D_MASK_PADDING_SENSITIVITY,A_seed3409,A,3409,SAME_CAPACITY_REFIT_PROBE_PER_VIEW,last,masked_mean,interaction,raw33.front_pressure_score,continuous,R2,0.9019883684869279,0.05557019769844917,-0.25261809805624924,0.22146396484891884,False,False,False,400,80,79,"five-fold GroupKFold grouped by scenario_token; identical rows/folds/targets/ridge-logistic grid across views; paired loss CI uses 5,000 log-cluster bootstrap replicates",ego13 from frozen Stage7L ego_seq plus mask; raw33 from frozen Stage7L interaction_feat_style raw-equivalent report array,True,DEVELOPMENT_DIAGNOSTIC_EVIDENCE,COORDINATE_GEOMETRY_SHIFT_FAVORED
D0-D_MASK_PADDING_SENSITIVITY,A_seed3409,A,3409,SAME_CAPACITY_REFIT_PROBE_PER_VIEW,last,masked_mean,lateral,raw33.lane_change_count_proxy,categorical,balanced_accuracy,0.9166666666666667,0.0,0.0,0.0,False,False,False,400,80,79,"five-fold GroupKFold grouped by scenario_token; identical rows/folds/targets/ridge-logistic grid across views; paired loss CI uses 5,000 log-cluster bootstrap replicates",ego13 from frozen Stage7L ego_seq plus mask; raw33 from frozen Stage7L interaction_feat_style raw-equivalent report array,True,DEVELOPMENT_DIAGNOSTIC_EVIDENCE,NO_MATERIAL_RETENTION_LOSS_SUPPORTED
D0-D_MASK_PADDING_SENSITIVITY,A_seed3409,A,3409,SAME_CAPACITY_REFIT_PROBE_PER_VIEW,last,masked_mean,interaction,raw33.mean_front_distance,continuous,R2,0.9569869110666634,-0.2703672889645048,-0.5227502253134678,-0.03137449700558207,True,False,True,400,80,79,"five-fold GroupKFold grouped by scenario_token; identical rows/folds/targets/ridge-logistic grid across views; paired loss CI uses 5,000 log-cluster bootstrap replicates",ego13 from frozen Stage7L ego_seq plus mask; raw33 from frozen Stage7L interaction_feat_style raw-equivalent report array,True,DEVELOPMENT_DIAGNOSTIC_EVIDENCE,REFIT_VIEW_GAIN_NOT_INFORMATION_LOSS
D0-D_MASK_PADDING_SENSITIVITY,A_seed3409,A,3409,SAME_CAPACITY_REFIT_PROBE_PER_VIEW,last,masked_mean,interaction,raw33.mean_rel_speed,continuous,R2,0.9193104600347992,-0.30788743125102164,-0.4623490814184898,-0.15260158593601697,True,False,True,400,80,79,"five-fold GroupKFold grouped by scenario_token; identical rows/folds/targets/ridge-logistic grid across views; paired loss CI uses 5,000 log-cluster bootstrap replicates",ego13 from frozen Stage7L ego_seq plus mask; raw33 from frozen Stage7L interaction_feat_style raw-equivalent report array,True,DEVELOPMENT_DIAGNOSTIC_EVIDENCE,REFIT_VIEW_GAIN_NOT_INFORMATION_LOSS
D0-D_MASK_PADDING_SENSITIVITY,B_seed3407,B,3407,FROZEN_PROBE_ACROSS_VIEW,last,final_valid,longitudinal,ego13.end_minus_start_speed,continuous,R2,0.7940472714705318,0.059631058571871884,-0.13968659877259962,0.3588999383636989,False,False,False,400,80,79,"five-fold GroupKFold grouped by scenario_token; identical rows/folds/targets/ridge-logistic grid across views; paired loss CI uses 5,000 log-cluster bootstrap replicates",ego13 from frozen Stage7L ego_seq plus mask; raw33 from frozen Stage7L interaction_feat_style raw-equivalent report array,True,DEVELOPMENT_DIAGNOSTIC_EVIDENCE,NO_MATERIAL_RETENTION_LOSS_SUPPORTED
D0-D_MASK_PADDING_SENSITIVITY,B_seed3407,B,3407,FROZEN_PROBE_ACROSS_VIEW,last,final_valid,lateral,ego13.heading_change_abs_total,continuous,R2,-0.03025439329376578,0.20503520462853833,0.03359511608166421,0.3331570234661425,True,True,False,400,80,79,"five-fold GroupKFold grouped by scenario_token; identical rows/folds/targets/ridge-logistic grid across views; paired loss CI uses 5,000 log-cluster bootstrap replicates",ego13 from frozen Stage7L ego_seq plus mask; raw33 from frozen Stage7L interaction_feat_style raw-equivalent report array,True,DEVELOPMENT_DIAGNOSTIC_EVIDENCE,COORDINATE_GEOMETRY_SHIFT_FAVORED
D0-D_MASK_PADDING_SENSITIVITY,B_seed3407,B,3407,FROZEN_PROBE_ACROSS_VIEW,last,final_valid,longitudinal,ego13.mean_speed,continuous,R2,0.8817770052139319,0.11112118589623479,-0.10614478689980554,0.3522915986682005,False,False,False,400,80,79,"five-fold GroupKFold grouped by scenario_token; identical rows/folds/targets/ridge-logistic grid across views; paired loss CI uses 5,000 log-cluster bootstrap replicates",ego13 from frozen Stage7L ego_seq plus mask; raw33 from frozen Stage7L interaction_feat_style raw-equivalent report array,True,DEVELOPMENT_DIAGNOSTIC_EVIDENCE,REFIT_VIEW_GAIN_NOT_INFORMATION_LOSS
D0-D_MASK_PADDING_SENSITIVITY,B_seed3407,B,3407,FROZEN_PROBE_ACROSS_VIEW,last,final_valid,longitudinal,ego13.rms_accel,continuous,R2,0.49598740903318217,0.1598087491437665,-0.04873285217902812,0.3185181633208193,False,False,False,400,80,79,"five-fold GroupKFold grouped by scenario_token; identical rows/folds/targets/ridge-logistic grid across views; paired loss CI uses 5,000 log-cluster bootstrap replicates",ego13 from frozen Stage7L ego_seq plus mask; raw33 from frozen Stage7L interaction_feat_style raw-equivalent report array,True,DEVELOPMENT_DIAGNOSTIC_EVIDENCE,REFIT_VIEW_GAIN_NOT_INFORMATION_LOSS
D0-D_MASK_PADDING_SENSITIVITY,B_seed3407,B,3407,FROZEN_PROBE_ACROSS_VIEW,last,final_valid,lateral,ego13.rms_yaw_rate,continuous,R2,0.013963873773323532,0.2573163258696303,0.13499021694754787,0.3859161921108793,True,True,False,400,80,79,"five-fold GroupKFold grouped by scenario_token; identical rows/folds/targets/ridge-logistic grid across views; paired loss CI uses 5,000 log-cluster bootstrap replicates",ego13 from frozen Stage7L ego_seq plus mask; raw33 from frozen Stage7L interaction_feat_style raw-equivalent report array,True,DEVELOPMENT_DIAGNOSTIC_EVIDENCE,COORDINATE_GEOMETRY_SHIFT_FAVORED
D0-D_MASK_PADDING_SENSITIVITY,B_seed3407,B,3407,FROZEN_PROBE_ACROSS_VIEW,last,final_valid,interaction,raw33.front_pressure_score,continuous,R2,0.8292277003300966,0.23597415120145665,0.05341489912978705,0.37130158296023974,True,True,False,400,80,79,"five-fold GroupKFold grouped by scenario_token; identical rows/folds/targets/ridge-logistic grid across views; paired loss CI uses 5,000 log-cluster bootstrap replicates",ego13 from frozen Stage7L ego_seq plus mask; raw33 from frozen Stage7L interaction_feat_style raw-equivalent report array,True,DEVELOPMENT_DIAGNOSTIC_EVIDENCE,COORDINATE_GEOMETRY_SHIFT_FAVORED
D0-D_MASK_PADDING_SENSITIVITY,B_seed3407,B,3407,FROZEN_PROBE_ACROSS_VIEW,last,final_valid,lateral,raw33.lane_change_count_proxy,categorical,balanced_accuracy,0.6388888888888888,0.0,0.0,0.0,False,False,False,400,80,79,"five-fold GroupKFold grouped by scenario_token; identical rows/folds/targets/ridge-logistic grid across views; paired loss CI uses 5,000 log-cluster bootstrap replicates",ego13 from frozen Stage7L ego_seq plus mask; raw33 from frozen Stage7L interaction_feat_style raw-equivalent report array,True,DEVELOPMENT_DIAGNOSTIC_EVIDENCE,NO_MATERIAL_RETENTION_LOSS_SUPPORTED
D0-D_MASK_PADDING_SENSITIVITY,B_seed3407,B,3407,FROZEN_PROBE_ACROSS_VIEW,last,final_valid,interaction,raw33.mean_front_distance,continuous,R2,0.9515123311421824,0.04230165842685262,-0.1693802046127184,0.29197213441028974,False,False,False,400,80,79,"five-fold GroupKFold grouped by scenario_token; identical rows/folds/targets/ridge-logistic grid across views; paired loss CI uses 5,000 log-cluster bootstrap replicates",ego13 from frozen Stage7L ego_seq plus mask; raw33 from frozen Stage7L interaction_feat_style raw-equivalent report array,True,DEVELOPMENT_DIAGNOSTIC_EVIDENCE,NO_MATERIAL_RETENTION_LOSS_SUPPORTED
D0-D_MASK_PADDING_SENSITIVITY,B_seed3407,B,3407,FROZEN_PROBE_ACROSS_VIEW,last,final_valid,interaction,raw33.mean_rel_speed,continuous,R2,0.8838714469056852,-0.024111437704912773,-0.22723842897737095,0.21712231280299554,False,False,False,400,80,79,"five-fold GroupKFold grouped by scenario_token; identical rows/folds/targets/ridge-logistic grid across views; paired loss CI uses 5,000 log-cluster bootstrap replicates",ego13 from frozen Stage7L ego_seq plus mask; raw33 from frozen Stage7L interaction_feat_style raw-equivalent report array,True,DEVELOPMENT_DIAGNOSTIC_EVIDENCE,NO_MATERIAL_RETENTION_LOSS_SUPPORTED
D0-D_MASK_PADDING_SENSITIVITY,B_seed3407,B,3407,FROZEN_PROBE_ACROSS_VIEW,last,last,longitudinal,ego13.end_minus_start_speed,continuous,R2,0.8006616644871372,0.0,0.0,0.0,False,False,False,400,80,79,"five-fold GroupKFold grouped by scenario_token; identical rows/folds/targets/ridge-logistic grid across views; paired loss CI uses 5,000 log-cluster bootstrap replicates",ego13 from frozen Stage7L ego_seq plus mask; raw33 from frozen Stage7L interaction_feat_style raw-equivalent report array,False,DEVELOPMENT_DIAGNOSTIC_EVIDENCE,NO_MATERIAL_RETENTION_LOSS_SUPPORTED
D0-D_MASK_PADDING_SENSITIVITY,B_seed3407,B,3407,FROZEN_PROBE_ACROSS_VIEW,last,last,lateral,ego13.heading_change_abs_total,continuous,R2,0.0039608233044380325,0.0,0.0,0.0,False,False,False,400,80,79,"five-fold GroupKFold grouped by scenario_token; identical rows/folds/targets/ridge-logistic grid across views; paired loss CI uses 5,000 log-cluster bootstrap replicates",ego13 from frozen Stage7L ego_seq plus mask; raw33 from frozen Stage7L interaction_feat_style raw-equivalent report array,False,DEVELOPMENT_DIAGNOSTIC_EVIDENCE,NO_MATERIAL_RETENTION_LOSS_SUPPORTED
D0-D_MASK_PADDING_SENSITIVITY,B_seed3407,B,3407,FROZEN_PROBE_ACROSS_VIEW,last,last,longitudinal,ego13.mean_speed,continuous,R2,0.8917173459822911,0.0,0.0,0.0,False,False,False,400,80,79,"five-fold GroupKFold grouped by scenario_token; identical rows/folds/targets/ridge-logistic grid across views; paired loss CI uses 5,000 log-cluster bootstrap replicates",ego13 from frozen Stage7L ego_seq plus mask; raw33 from frozen Stage7L interaction_feat_style raw-equivalent report array,False,DEVELOPMENT_DIAGNOSTIC_EVIDENCE,NO_MATERIAL_RETENTION_LOSS_SUPPORTED
D0-D_MASK_PADDING_SENSITIVITY,B_seed3407,B,3407,FROZEN_PROBE_ACROSS_VIEW,last,last,longitudinal,ego13.rms_accel,continuous,R2,0.5190268808248172,0.0,0.0,0.0,False,False,False,400,80,79,"five-fold GroupKFold grouped by scenario_token; identical rows/folds/targets/ridge-logistic grid across views; paired loss CI uses 5,000 log-cluster bootstrap replicates",ego13 from frozen Stage7L ego_seq plus mask; raw33 from frozen Stage7L interaction_feat_style raw-equivalent report array,False,DEVELOPMENT_DIAGNOSTIC_EVIDENCE,NO_MATERIAL_RETENTION_LOSS_SUPPORTED
D0-D_MASK_PADDING_SENSITIVITY,B_seed3407,B,3407,FROZEN_PROBE_ACROSS_VIEW,last,last,lateral,ego13.rms_yaw_rate,continuous,R2,0.07661549211892571,0.0,0.0,0.0,False,False,False,400,80,79,"five-fold GroupKFold grouped by scenario_token; identical rows/folds/targets/ridge-logistic grid across views; paired loss CI uses 5,000 log-cluster bootstrap replicates",ego13 from frozen Stage7L ego_seq plus mask; raw33 from frozen Stage7L interaction_feat_style raw-equivalent report array,False,DEVELOPMENT_DIAGNOSTIC_EVIDENCE,NO_MATERIAL_RETENTION_LOSS_SUPPORTED
D0-D_MASK_PADDING_SENSITIVITY,B_seed3407,B,3407,FROZEN_PROBE_ACROSS_VIEW,last,last,interaction,raw33.front_pressure_score,continuous,R2,0.8630162374923294,0.0,0.0,0.0,False,False,False,400,80,79,"five-fold GroupKFold grouped by scenario_token; identical rows/folds/targets/ridge-logistic grid across views; paired loss CI uses 5,000 log-cluster bootstrap replicates",ego13 from frozen Stage7L ego_seq plus mask; raw33 from frozen Stage7L interaction_feat_style raw-equivalent report array,False,DEVELOPMENT_DIAGNOSTIC_EVIDENCE,NO_MATERIAL_RETENTION_LOSS_SUPPORTED
D0-D_MASK_PADDING_SENSITIVITY,B_seed3407,B,3407,FROZEN_PROBE_ACROSS_VIEW,last,last,lateral,raw33.lane_change_count_proxy,categorical,balanced_accuracy,0.6388888888888888,0.0,0.0,0.0,False,False,False,400,80,79,"five-fold GroupKFold grouped by scenario_token; identical rows/folds/targets/ridge-logistic grid across views; paired loss CI uses 5,000 log-cluster bootstrap replicates",ego13 from frozen Stage7L ego_seq plus mask; raw33 from frozen Stage7L interaction_feat_style raw-equivalent report array,False,DEVELOPMENT_DIAGNOSTIC_EVIDENCE,NO_MATERIAL_RETENTION_LOSS_SUPPORTED
D0-D_MASK_PADDING_SENSITIVITY,B_seed3407,B,3407,FROZEN_PROBE_ACROSS_VIEW,last,last,interaction,raw33.mean_front_distance,continuous,R2,0.9520442005184748,0.0,0.0,0.0,False,False,False,400,80,79,"five-fold GroupKFold grouped by scenario_token; identical rows/folds/targets/ridge-logistic grid across views; paired loss CI uses 5,000 log-cluster bootstrap replicates",ego13 from frozen Stage7L ego_seq plus mask; raw33 from frozen Stage7L interaction_feat_style raw-equivalent report array,False,DEVELOPMENT_DIAGNOSTIC_EVIDENCE,NO_MATERIAL_RETENTION_LOSS_SUPPORTED
D0-D_MASK_PADDING_SENSITIVITY,B_seed3407,B,3407,FROZEN_PROBE_ACROSS_VIEW,last,last,interaction,raw33.mean_rel_speed,continuous,R2,0.8820997110170915,0.0,0.0,0.0,False,False,False,400,80,79,"five-fold GroupKFold grouped by scenario_token; identical rows/folds/targets/ridge-logistic grid across views; paired loss CI uses 5,000 log-cluster bootstrap replicates",ego13 from frozen Stage7L ego_seq plus mask; raw33 from frozen Stage7L interaction_feat_style raw-equivalent report array,False,DEVELOPMENT_DIAGNOSTIC_EVIDENCE,NO_MATERIAL_RETENTION_LOSS_SUPPORTED
D0-D_MASK_PADDING_SENSITIVITY,B_seed3407,B,3407,FROZEN_PROBE_ACROSS_VIEW,last,masked_mean,longitudinal,ego13.end_minus_start_speed,continuous,R2,-1.8134492512548244,1.389179172674749,1.1763353487711936,1.6884178414840256,True,True,False,400,80,79,"five-fold GroupKFold grouped by scenario_token; identical rows/folds/targets/ridge-logistic grid across views; paired loss CI uses 5,000 log-cluster bootstrap replicates",ego13 from frozen Stage7L ego_seq plus mask; raw33 from frozen Stage7L interaction_feat_style raw-equivalent report array,True,DEVELOPMENT_DIAGNOSTIC_EVIDENCE,REFIT_VIEW_GAIN_NOT_INFORMATION_LOSS
D0-D_MASK_PADDING_SENSITIVITY,B_seed3407,B,3407,FROZEN_PROBE_ACROSS_VIEW,last,masked_mean,lateral,ego13.heading_change_abs_total,continuous,R2,-0.5727712058926642,0.270123995752567,0.07540592316288508,0.43369835094271864,True,True,False,400,80,79,"five-fold GroupKFold grouped by scenario_token; identical rows/folds/targets/ridge-logistic grid across views; paired loss CI uses 5,000 log-cluster bootstrap replicates",ego13 from frozen Stage7L ego_seq plus mask; raw33 from frozen Stage7L interaction_feat_style raw-equivalent report array,True,DEVELOPMENT_DIAGNOSTIC_EVIDENCE,COORDINATE_GEOMETRY_SHIFT_FAVORED
D0-D_MASK_PADDING_SENSITIVITY,B_seed3407,B,3407,FROZEN_PROBE_ACROSS_VIEW,last,masked_mean,longitudinal,ego13.mean_speed,continuous,R2,-5.649982249878035,2.1290021496626634,1.8544205756054146,2.5033884874916725,True,True,False,400,80,79,"five-fold GroupKFold grouped by scenario_token; identical rows/folds/targets/ridge-logistic grid across views; paired loss CI uses 5,000 log-cluster bootstrap replicates",ego13 from frozen Stage7L ego_seq plus mask; raw33 from frozen Stage7L interaction_feat_style raw-equivalent report array,True,DEVELOPMENT_DIAGNOSTIC_EVIDENCE,REFIT_VIEW_GAIN_NOT_INFORMATION_LOSS
D0-D_MASK_PADDING_SENSITIVITY,B_seed3407,B,3407,FROZEN_PROBE_ACROSS_VIEW,last,masked_mean,longitudinal,ego13.rms_accel,continuous,R2,0.08808967519721389,0.42373676363678425,0.3124001950741473,0.595793393020715,True,True,False,400,80,79,"five-fold GroupKFold grouped by scenario_token; identical rows/folds/targets/ridge-logistic grid across views; paired loss CI uses 5,000 log-cluster bootstrap replicates",ego13 from frozen Stage7L ego_seq plus mask; raw33 from frozen Stage7L interaction_feat_style raw-equivalent report array,True,DEVELOPMENT_DIAGNOSTIC_EVIDENCE,COORDINATE_GEOMETRY_SHIFT_FAVORED
D0-D_MASK_PADDING_SENSITIVITY,B_seed3407,B,3407,FROZEN_PROBE_ACROSS_VIEW,last,masked_mean,lateral,ego13.rms_yaw_rate,continuous,R2,-0.5790140175158018,0.29664187521180796,0.10073904982136381,0.4683745891678331,True,True,False,400,80,79,"five-fold GroupKFold grouped by scenario_token; identical rows/folds/targets/ridge-logistic grid across views; paired loss CI uses 5,000 log-cluster bootstrap replicates",ego13 from frozen Stage7L ego_seq plus mask; raw33 from frozen Stage7L interaction_feat_style raw-equivalent report array,True,DEVELOPMENT_DIAGNOSTIC_EVIDENCE,COORDINATE_GEOMETRY_SHIFT_FAVORED
D0-D_MASK_PADDING_SENSITIVITY,B_seed3407,B,3407,FROZEN_PROBE_ACROSS_VIEW,last,masked_mean,interaction,raw33.front_pressure_score,continuous,R2,0.7627746714247416,0.2700861146777416,0.09345529393378459,0.4198460266571555,True,True,False,400,80,79,"five-fold GroupKFold grouped by scenario_token; identical rows/folds/targets/ridge-logistic grid across views; paired loss CI uses 5,000 log-cluster bootstrap replicates",ego13 from frozen Stage7L ego_seq plus mask; raw33 from frozen Stage7L interaction_feat_style raw-equivalent report array,True,DEVELOPMENT_DIAGNOSTIC_EVIDENCE,COORDINATE_GEOMETRY_SHIFT_FAVORED
D0-D_MASK_PADDING_SENSITIVITY,B_seed3407,B,3407,FROZEN_PROBE_ACROSS_VIEW,last,masked_mean,lateral,raw33.lane_change_count_proxy,categorical,balanced_accuracy,0.6388888888888888,0.0,0.0,0.0,False,False,False,400,80,79,"five-fold GroupKFold grouped by scenario_token; identical rows/folds/targets/ridge-logistic grid across views; paired loss CI uses 5,000 log-cluster bootstrap replicates",ego13 from frozen Stage7L ego_seq plus mask; raw33 from frozen Stage7L interaction_feat_style raw-equivalent report array,True,DEVELOPMENT_DIAGNOSTIC_EVIDENCE,NO_MATERIAL_RETENTION_LOSS_SUPPORTED
D0-D_MASK_PADDING_SENSITIVITY,B_seed3407,B,3407,FROZEN_PROBE_ACROSS_VIEW,last,masked_mean,interaction,raw33.mean_front_distance,continuous,R2,0.9481971126111728,0.1317682882699592,-0.08718998729516518,0.3349102568163928,False,False,False,400,80,79,"five-fold GroupKFold grouped by scenario_token; identical rows/folds/targets/ridge-logistic grid across views; paired loss CI uses 5,000 log-cluster bootstrap replicates",ego13 from frozen Stage7L ego_seq plus mask; raw33 from frozen Stage7L interaction_feat_style raw-equivalent report array,True,DEVELOPMENT_DIAGNOSTIC_EVIDENCE,NO_MATERIAL_RETENTION_LOSS_SUPPORTED
D0-D_MASK_PADDING_SENSITIVITY,B_seed3407,B,3407,FROZEN_PROBE_ACROSS_VIEW,last,masked_mean,interaction,raw33.mean_rel_speed,continuous,R2,0.901146580280501,-0.18297491068830465,-0.33160385013506655,0.026094413585395368,False,False,False,400,80,79,"five-fold GroupKFold grouped by scenario_token; identical rows/folds/targets/ridge-logistic grid across views; paired loss CI uses 5,000 log-cluster bootstrap replicates",ego13 from frozen Stage7L ego_seq plus mask; raw33 from frozen Stage7L interaction_feat_style raw-equivalent report array,True,DEVELOPMENT_DIAGNOSTIC_EVIDENCE,NO_MATERIAL_RETENTION_LOSS_SUPPORTED
D0-D_MASK_PADDING_SENSITIVITY,B_seed3407,B,3407,SAME_CAPACITY_REFIT_PROBE_PER_VIEW,last,final_valid,longitudinal,ego13.end_minus_start_speed,continuous,R2,0.8564536572943962,-0.12721239963762143,-0.3465239142233954,0.08426329428198517,False,False,False,400,80,79,"five-fold GroupKFold grouped by scenario_token; identical rows/folds/targets/ridge-logistic grid across views; paired loss CI uses 5,000 log-cluster bootstrap replicates",ego13 from frozen Stage7L ego_seq plus mask; raw33 from frozen Stage7L interaction_feat_style raw-equivalent report array,True,DEVELOPMENT_DIAGNOSTIC_EVIDENCE,NO_MATERIAL_RETENTION_LOSS_SUPPORTED
D0-D_MASK_PADDING_SENSITIVITY,B_seed3407,B,3407,SAME_CAPACITY_REFIT_PROBE_PER_VIEW,last,final_valid,lateral,ego13.heading_change_abs_total,continuous,R2,0.0859680052683901,-0.10766536499132132,-0.29264859286946826,0.12081533963422145,False,False,False,400,80,79,"five-fold GroupKFold grouped by scenario_token; identical rows/folds/targets/ridge-logistic grid across views; paired loss CI uses 5,000 log-cluster bootstrap replicates",ego13 from frozen Stage7L ego_seq plus mask; raw33 from frozen Stage7L interaction_feat_style raw-equivalent report array,True,DEVELOPMENT_DIAGNOSTIC_EVIDENCE,COORDINATE_GEOMETRY_SHIFT_FAVORED
D0-D_MASK_PADDING_SENSITIVITY,B_seed3407,B,3407,SAME_CAPACITY_REFIT_PROBE_PER_VIEW,last,final_valid,longitudinal,ego13.mean_speed,continuous,R2,0.9567598604040842,-0.2685463248581853,-0.5363099976127043,-0.10121497317802762,True,False,True,400,80,79,"five-fold GroupKFold grouped by scenario_token; identical rows/folds/targets/ridge-logistic grid across views; paired loss CI uses 5,000 log-cluster bootstrap replicates",ego13 from frozen Stage7L ego_seq plus mask; raw33 from frozen Stage7L interaction_feat_style raw-equivalent report array,True,DEVELOPMENT_DIAGNOSTIC_EVIDENCE,REFIT_VIEW_GAIN_NOT_INFORMATION_LOSS
D0-D_MASK_PADDING_SENSITIVITY,B_seed3407,B,3407,SAME_CAPACITY_REFIT_PROBE_PER_VIEW,last,final_valid,longitudinal,ego13.rms_accel,continuous,R2,0.6936043754250962,-0.20874850776032128,-0.3141318765050653,-0.07349020289920631,True,False,True,400,80,79,"five-fold GroupKFold grouped by scenario_token; identical rows/folds/targets/ridge-logistic grid across views; paired loss CI uses 5,000 log-cluster bootstrap replicates",ego13 from frozen Stage7L ego_seq plus mask; raw33 from frozen Stage7L interaction_feat_style raw-equivalent report array,True,DEVELOPMENT_DIAGNOSTIC_EVIDENCE,REFIT_VIEW_GAIN_NOT_INFORMATION_LOSS
D0-D_MASK_PADDING_SENSITIVITY,B_seed3407,B,3407,SAME_CAPACITY_REFIT_PROBE_PER_VIEW,last,final_valid,lateral,ego13.rms_yaw_rate,continuous,R2,0.15484852381835046,-0.12125177990418864,-0.38782470841394256,0.0952404952548319,False,False,False,400,80,79,"five-fold GroupKFold grouped by scenario_token; identical rows/folds/targets/ridge-logistic grid across views; paired loss CI uses 5,000 log-cluster bootstrap replicates",ego13 from frozen Stage7L ego_seq plus mask; raw33 from frozen Stage7L interaction_feat_style raw-equivalent report array,True,DEVELOPMENT_DIAGNOSTIC_EVIDENCE,COORDINATE_GEOMETRY_SHIFT_FAVORED
D0-D_MASK_PADDING_SENSITIVITY,B_seed3407,B,3407,SAME_CAPACITY_REFIT_PROBE_PER_VIEW,last,final_valid,interaction,raw33.front_pressure_score,continuous,R2,0.8716724140300905,-0.06770199888082601,-0.2812365552615627,0.14298965313804252,False,False,False,400,80,79,"five-fold GroupKFold grouped by scenario_token; identical rows/folds/targets/ridge-logistic grid across views; paired loss CI uses 5,000 log-cluster bootstrap replicates",ego13 from frozen Stage7L ego_seq plus mask; raw33 from frozen Stage7L interaction_feat_style raw-equivalent report array,True,DEVELOPMENT_DIAGNOSTIC_EVIDENCE,COORDINATE_GEOMETRY_SHIFT_FAVORED
D0-D_MASK_PADDING_SENSITIVITY,B_seed3407,B,3407,SAME_CAPACITY_REFIT_PROBE_PER_VIEW,last,final_valid,lateral,raw33.lane_change_count_proxy,categorical,balanced_accuracy,0.6388888888888888,0.0,0.0,0.0,False,False,False,400,80,79,"five-fold GroupKFold grouped by scenario_token; identical rows/folds/targets/ridge-logistic grid across views; paired loss CI uses 5,000 log-cluster bootstrap replicates",ego13 from frozen Stage7L ego_seq plus mask; raw33 from frozen Stage7L interaction_feat_style raw-equivalent report array,True,DEVELOPMENT_DIAGNOSTIC_EVIDENCE,NO_MATERIAL_RETENTION_LOSS_SUPPORTED
D0-D_MASK_PADDING_SENSITIVITY,B_seed3407,B,3407,SAME_CAPACITY_REFIT_PROBE_PER_VIEW,last,final_valid,interaction,raw33.mean_front_distance,continuous,R2,0.9537498075681292,-0.16114164214413462,-0.3549896193349722,0.06834889612906647,False,False,False,400,80,79,"five-fold GroupKFold grouped by scenario_token; identical rows/folds/targets/ridge-logistic grid across views; paired loss CI uses 5,000 log-cluster bootstrap replicates",ego13 from frozen Stage7L ego_seq plus mask; raw33 from frozen Stage7L interaction_feat_style raw-equivalent report array,True,DEVELOPMENT_DIAGNOSTIC_EVIDENCE,NO_MATERIAL_RETENTION_LOSS_SUPPORTED
D0-D_MASK_PADDING_SENSITIVITY,B_seed3407,B,3407,SAME_CAPACITY_REFIT_PROBE_PER_VIEW,last,final_valid,interaction,raw33.mean_rel_speed,continuous,R2,0.8886141358789332,-0.10943039656053047,-0.27255694429082794,0.139605287279288,False,False,False,400,80,79,"five-fold GroupKFold grouped by scenario_token; identical rows/folds/targets/ridge-logistic grid across views; paired loss CI uses 5,000 log-cluster bootstrap replicates",ego13 from frozen Stage7L ego_seq plus mask; raw33 from frozen Stage7L interaction_feat_style raw-equivalent report array,True,DEVELOPMENT_DIAGNOSTIC_EVIDENCE,NO_MATERIAL_RETENTION_LOSS_SUPPORTED
D0-D_MASK_PADDING_SENSITIVITY,B_seed3407,B,3407,SAME_CAPACITY_REFIT_PROBE_PER_VIEW,last,last,longitudinal,ego13.end_minus_start_speed,continuous,R2,0.8006616644871372,0.0,0.0,0.0,False,False,False,400,80,79,"five-fold GroupKFold grouped by scenario_token; identical rows/folds/targets/ridge-logistic grid across views; paired loss CI uses 5,000 log-cluster bootstrap replicates",ego13 from frozen Stage7L ego_seq plus mask; raw33 from frozen Stage7L interaction_feat_style raw-equivalent report array,False,DEVELOPMENT_DIAGNOSTIC_EVIDENCE,NO_MATERIAL_RETENTION_LOSS_SUPPORTED
D0-D_MASK_PADDING_SENSITIVITY,B_seed3407,B,3407,SAME_CAPACITY_REFIT_PROBE_PER_VIEW,last,last,lateral,ego13.heading_change_abs_total,continuous,R2,0.0039608233044380325,0.0,0.0,0.0,False,False,False,400,80,79,"five-fold GroupKFold grouped by scenario_token; identical rows/folds/targets/ridge-logistic grid across views; paired loss CI uses 5,000 log-cluster bootstrap replicates",ego13 from frozen Stage7L ego_seq plus mask; raw33 from frozen Stage7L interaction_feat_style raw-equivalent report array,False,DEVELOPMENT_DIAGNOSTIC_EVIDENCE,NO_MATERIAL_RETENTION_LOSS_SUPPORTED
D0-D_MASK_PADDING_SENSITIVITY,B_seed3407,B,3407,SAME_CAPACITY_REFIT_PROBE_PER_VIEW,last,last,longitudinal,ego13.mean_speed,continuous,R2,0.8917173459822911,0.0,0.0,0.0,False,False,False,400,80,79,"five-fold GroupKFold grouped by scenario_token; identical rows/folds/targets/ridge-logistic grid across views; paired loss CI uses 5,000 log-cluster bootstrap replicates",ego13 from frozen Stage7L ego_seq plus mask; raw33 from frozen Stage7L interaction_feat_style raw-equivalent report array,False,DEVELOPMENT_DIAGNOSTIC_EVIDENCE,NO_MATERIAL_RETENTION_LOSS_SUPPORTED
D0-D_MASK_PADDING_SENSITIVITY,B_seed3407,B,3407,SAME_CAPACITY_REFIT_PROBE_PER_VIEW,last,last,longitudinal,ego13.rms_accel,continuous,R2,0.5190268808248172,0.0,0.0,0.0,False,False,False,400,80,79,"five-fold GroupKFold grouped by scenario_token; identical rows/folds/targets/ridge-logistic grid across views; paired loss CI uses 5,000 log-cluster bootstrap replicates",ego13 from frozen Stage7L ego_seq plus mask; raw33 from frozen Stage7L interaction_feat_style raw-equivalent report array,False,DEVELOPMENT_DIAGNOSTIC_EVIDENCE,NO_MATERIAL_RETENTION_LOSS_SUPPORTED
D0-D_MASK_PADDING_SENSITIVITY,B_seed3407,B,3407,SAME_CAPACITY_REFIT_PROBE_PER_VIEW,last,last,lateral,ego13.rms_yaw_rate,continuous,R2,0.07661549211892571,0.0,0.0,0.0,False,False,False,400,80,79,"five-fold GroupKFold grouped by scenario_token; identical rows/folds/targets/ridge-logistic grid across views; paired loss CI uses 5,000 log-cluster bootstrap replicates",ego13 from frozen Stage7L ego_seq plus mask; raw33 from frozen Stage7L interaction_feat_style raw-equivalent report array,False,DEVELOPMENT_DIAGNOSTIC_EVIDENCE,NO_MATERIAL_RETENTION_LOSS_SUPPORTED
D0-D_MASK_PADDING_SENSITIVITY,B_seed3407,B,3407,SAME_CAPACITY_REFIT_PROBE_PER_VIEW,last,last,interaction,raw33.front_pressure_score,continuous,R2,0.8630162374923294,0.0,0.0,0.0,False,False,False,400,80,79,"five-fold GroupKFold grouped by scenario_token; identical rows/folds/targets/ridge-logistic grid across views; paired loss CI uses 5,000 log-cluster bootstrap replicates",ego13 from frozen Stage7L ego_seq plus mask; raw33 from frozen Stage7L interaction_feat_style raw-equivalent report array,False,DEVELOPMENT_DIAGNOSTIC_EVIDENCE,NO_MATERIAL_RETENTION_LOSS_SUPPORTED
D0-D_MASK_PADDING_SENSITIVITY,B_seed3407,B,3407,SAME_CAPACITY_REFIT_PROBE_PER_VIEW,last,last,lateral,raw33.lane_change_count_proxy,categorical,balanced_accuracy,0.6388888888888888,0.0,0.0,0.0,False,False,False,400,80,79,"five-fold GroupKFold grouped by scenario_token; identical rows/folds/targets/ridge-logistic grid across views; paired loss CI uses 5,000 log-cluster bootstrap replicates",ego13 from frozen Stage7L ego_seq plus mask; raw33 from frozen Stage7L interaction_feat_style raw-equivalent report array,False,DEVELOPMENT_DIAGNOSTIC_EVIDENCE,NO_MATERIAL_RETENTION_LOSS_SUPPORTED
D0-D_MASK_PADDING_SENSITIVITY,B_seed3407,B,3407,SAME_CAPACITY_REFIT_PROBE_PER_VIEW,last,last,interaction,raw33.mean_front_distance,continuous,R2,0.9520442005184748,0.0,0.0,0.0,False,False,False,400,80,79,"five-fold GroupKFold grouped by scenario_token; identical rows/folds/targets/ridge-logistic grid across views; paired loss CI uses 5,000 log-cluster bootstrap replicates",ego13 from frozen Stage7L ego_seq plus mask; raw33 from frozen Stage7L interaction_feat_style raw-equivalent report array,False,DEVELOPMENT_DIAGNOSTIC_EVIDENCE,NO_MATERIAL_RETENTION_LOSS_SUPPORTED
D0-D_MASK_PADDING_SENSITIVITY,B_seed3407,B,3407,SAME_CAPACITY_REFIT_PROBE_PER_VIEW,last,last,interaction,raw33.mean_rel_speed,continuous,R2,0.8820997110170915,0.0,0.0,0.0,False,False,False,400,80,79,"five-fold GroupKFold grouped by scenario_token; identical rows/folds/targets/ridge-logistic grid across views; paired loss CI uses 5,000 log-cluster bootstrap replicates",ego13 from frozen Stage7L ego_seq plus mask; raw33 from frozen Stage7L interaction_feat_style raw-equivalent report array,False,DEVELOPMENT_DIAGNOSTIC_EVIDENCE,NO_MATERIAL_RETENTION_LOSS_SUPPORTED
D0-D_MASK_PADDING_SENSITIVITY,B_seed3407,B,3407,SAME_CAPACITY_REFIT_PROBE_PER_VIEW,last,masked_mean,longitudinal,ego13.end_minus_start_speed,continuous,R2,0.9094233000233048,-0.21169615362975666,-0.3751181791348956,-0.14218630255516837,True,False,True,400,80,79,"five-fold GroupKFold grouped by scenario_token; identical rows/folds/targets/ridge-logistic grid across views; paired loss CI uses 5,000 log-cluster bootstrap replicates",ego13 from frozen Stage7L ego_seq plus mask; raw33 from frozen Stage7L interaction_feat_style raw-equivalent report array,True,DEVELOPMENT_DIAGNOSTIC_EVIDENCE,REFIT_VIEW_GAIN_NOT_INFORMATION_LOSS
D0-D_MASK_PADDING_SENSITIVITY,B_seed3407,B,3407,SAME_CAPACITY_REFIT_PROBE_PER_VIEW,last,masked_mean,lateral,ego13.heading_change_abs_total,continuous,R2,0.04790364854149487,-0.04737565432847355,-0.3392228088996912,0.14278813589876896,False,False,False,400,80,79,"five-fold GroupKFold grouped by scenario_token; identical rows/folds/targets/ridge-logistic grid across views; paired loss CI uses 5,000 log-cluster bootstrap replicates",ego13 from frozen Stage7L ego_seq plus mask; raw33 from frozen Stage7L interaction_feat_style raw-equivalent report array,True,DEVELOPMENT_DIAGNOSTIC_EVIDENCE,COORDINATE_GEOMETRY_SHIFT_FAVORED
D0-D_MASK_PADDING_SENSITIVITY,B_seed3407,B,3407,SAME_CAPACITY_REFIT_PROBE_PER_VIEW,last,masked_mean,longitudinal,ego13.mean_speed,continuous,R2,0.9711994353327321,-0.29720513678855404,-0.4237250839741317,-0.17274500927787717,True,False,True,400,80,79,"five-fold GroupKFold grouped by scenario_token; identical rows/folds/targets/ridge-logistic grid across views; paired loss CI uses 5,000 log-cluster bootstrap replicates",ego13 from frozen Stage7L ego_seq plus mask; raw33 from frozen Stage7L interaction_feat_style raw-equivalent report array,True,DEVELOPMENT_DIAGNOSTIC_EVIDENCE,REFIT_VIEW_GAIN_NOT_INFORMATION_LOSS
D0-D_MASK_PADDING_SENSITIVITY,B_seed3407,B,3407,SAME_CAPACITY_REFIT_PROBE_PER_VIEW,last,masked_mean,longitudinal,ego13.rms_accel,continuous,R2,0.6736336601149089,-0.18011481356660008,-0.3142566290752193,0.002118015621754689,False,False,False,400,80,79,"five-fold GroupKFold grouped by scenario_token; identical rows/folds/targets/ridge-logistic grid across views; paired loss CI uses 5,000 log-cluster bootstrap replicates",ego13 from frozen Stage7L ego_seq plus mask; raw33 from frozen Stage7L interaction_feat_style raw-equivalent report array,True,DEVELOPMENT_DIAGNOSTIC_EVIDENCE,COORDINATE_GEOMETRY_SHIFT_FAVORED
D0-D_MASK_PADDING_SENSITIVITY,B_seed3407,B,3407,SAME_CAPACITY_REFIT_PROBE_PER_VIEW,last,masked_mean,lateral,ego13.rms_yaw_rate,continuous,R2,0.2561709713309386,-0.1392527349692143,-0.3023543538232269,0.08112111143355073,False,False,False,400,80,79,"five-fold GroupKFold grouped by scenario_token; identical rows/folds/targets/ridge-logistic grid across views; paired loss CI uses 5,000 log-cluster bootstrap replicates",ego13 from frozen Stage7L ego_seq plus mask; raw33 from frozen Stage7L interaction_feat_style raw-equivalent report array,True,DEVELOPMENT_DIAGNOSTIC_EVIDENCE,COORDINATE_GEOMETRY_SHIFT_FAVORED
D0-D_MASK_PADDING_SENSITIVITY,B_seed3407,B,3407,SAME_CAPACITY_REFIT_PROBE_PER_VIEW,last,masked_mean,interaction,raw33.front_pressure_score,continuous,R2,0.8604019877308506,0.01641059780164659,-0.2080543754058549,0.22763860827359522,False,False,False,400,80,79,"five-fold GroupKFold grouped by scenario_token; identical rows/folds/targets/ridge-logistic grid across views; paired loss CI uses 5,000 log-cluster bootstrap replicates",ego13 from frozen Stage7L ego_seq plus mask; raw33 from frozen Stage7L interaction_feat_style raw-equivalent report array,True,DEVELOPMENT_DIAGNOSTIC_EVIDENCE,COORDINATE_GEOMETRY_SHIFT_FAVORED
D0-D_MASK_PADDING_SENSITIVITY,B_seed3407,B,3407,SAME_CAPACITY_REFIT_PROBE_PER_VIEW,last,masked_mean,lateral,raw33.lane_change_count_proxy,categorical,balanced_accuracy,0.9166666666666667,-0.16014131520352343,-0.2582872081659395,0.0,False,False,False,400,80,79,"five-fold GroupKFold grouped by scenario_token; identical rows/folds/targets/ridge-logistic grid across views; paired loss CI uses 5,000 log-cluster bootstrap replicates",ego13 from frozen Stage7L ego_seq plus mask; raw33 from frozen Stage7L interaction_feat_style raw-equivalent report array,True,DEVELOPMENT_DIAGNOSTIC_EVIDENCE,NO_MATERIAL_RETENTION_LOSS_SUPPORTED
D0-D_MASK_PADDING_SENSITIVITY,B_seed3407,B,3407,SAME_CAPACITY_REFIT_PROBE_PER_VIEW,last,masked_mean,interaction,raw33.mean_front_distance,continuous,R2,0.9550017297352301,-0.0959780167803639,-0.34138441138600556,0.12187833221877883,False,False,False,400,80,79,"five-fold GroupKFold grouped by scenario_token; identical rows/folds/targets/ridge-logistic grid across views; paired loss CI uses 5,000 log-cluster bootstrap replicates",ego13 from frozen Stage7L ego_seq plus mask; raw33 from frozen Stage7L interaction_feat_style raw-equivalent report array,True,DEVELOPMENT_DIAGNOSTIC_EVIDENCE,NO_MATERIAL_RETENTION_LOSS_SUPPORTED
D0-D_MASK_PADDING_SENSITIVITY,B_seed3407,B,3407,SAME_CAPACITY_REFIT_PROBE_PER_VIEW,last,masked_mean,interaction,raw33.mean_rel_speed,continuous,R2,0.9102799647685857,-0.11165985030531368,-0.3476805392724017,0.10947233881742172,False,False,False,400,80,79,"five-fold GroupKFold grouped by scenario_token; identical rows/folds/targets/ridge-logistic grid across views; paired loss CI uses 5,000 log-cluster bootstrap replicates",ego13 from frozen Stage7L ego_seq plus mask; raw33 from frozen Stage7L interaction_feat_style raw-equivalent report array,True,DEVELOPMENT_DIAGNOSTIC_EVIDENCE,NO_MATERIAL_RETENTION_LOSS_SUPPORTED
D0-D_MASK_PADDING_SENSITIVITY,B_seed3408,B,3408,FROZEN_PROBE_ACROSS_VIEW,last,final_valid,longitudinal,ego13.end_minus_start_speed,continuous,R2,0.7576693740466547,-0.063565433964064,-0.22887928739340788,0.22337443115455877,False,False,False,400,80,79,"five-fold GroupKFold grouped by scenario_token; identical rows/folds/targets/ridge-logistic grid across views; paired loss CI uses 5,000 log-cluster bootstrap replicates",ego13 from frozen Stage7L ego_seq plus mask; raw33 from frozen Stage7L interaction_feat_style raw-equivalent report array,True,DEVELOPMENT_DIAGNOSTIC_EVIDENCE,REFIT_VIEW_GAIN_NOT_INFORMATION_LOSS
D0-D_MASK_PADDING_SENSITIVITY,B_seed3408,B,3408,FROZEN_PROBE_ACROSS_VIEW,last,final_valid,lateral,ego13.heading_change_abs_total,continuous,R2,-0.003750673467749266,0.08975197506510854,-0.14201768402915302,0.28903895507368876,False,False,False,400,80,79,"five-fold GroupKFold grouped by scenario_token; identical rows/folds/targets/ridge-logistic grid across views; paired loss CI uses 5,000 log-cluster bootstrap replicates",ego13 from frozen Stage7L ego_seq plus mask; raw33 from frozen Stage7L interaction_feat_style raw-equivalent report array,True,DEVELOPMENT_DIAGNOSTIC_EVIDENCE,NO_MATERIAL_RETENTION_LOSS_SUPPORTED
D0-D_MASK_PADDING_SENSITIVITY,B_seed3408,B,3408,FROZEN_PROBE_ACROSS_VIEW,last,final_valid,longitudinal,ego13.mean_speed,continuous,R2,0.8990281340247033,0.03488491753249354,-0.17567454380526193,0.2856280217645529,False,False,False,400,80,79,"five-fold GroupKFold grouped by scenario_token; identical rows/folds/targets/ridge-logistic grid across views; paired loss CI uses 5,000 log-cluster bootstrap replicates",ego13 from frozen Stage7L ego_seq plus mask; raw33 from frozen Stage7L interaction_feat_style raw-equivalent report array,True,DEVELOPMENT_DIAGNOSTIC_EVIDENCE,REFIT_VIEW_GAIN_NOT_INFORMATION_LOSS
D0-D_MASK_PADDING_SENSITIVITY,B_seed3408,B,3408,FROZEN_PROBE_ACROSS_VIEW,last,final_valid,longitudinal,ego13.rms_accel,continuous,R2,0.516508459721714,0.0011097778376571539,-0.21113435009856632,0.2345862489196712,False,False,False,400,80,79,"five-fold GroupKFold grouped by scenario_token; identical rows/folds/targets/ridge-logistic grid across views; paired loss CI uses 5,000 log-cluster bootstrap replicates",ego13 from frozen Stage7L ego_seq plus mask; raw33 from frozen Stage7L interaction_feat_style raw-equivalent report array,True,DEVELOPMENT_DIAGNOSTIC_EVIDENCE,NO_MATERIAL_RETENTION_LOSS_SUPPORTED
D0-D_MASK_PADDING_SENSITIVITY,B_seed3408,B,3408,FROZEN_PROBE_ACROSS_VIEW,last,final_valid,lateral,ego13.rms_yaw_rate,continuous,R2,0.07882665058366745,0.2023659255196359,-0.004809346826744299,0.37776297055990055,False,False,False,400,80,79,"five-fold GroupKFold grouped by scenario_token; identical rows/folds/targets/ridge-logistic grid across views; paired loss CI uses 5,000 log-cluster bootstrap replicates",ego13 from frozen Stage7L ego_seq plus mask; raw33 from frozen Stage7L interaction_feat_style raw-equivalent report array,True,DEVELOPMENT_DIAGNOSTIC_EVIDENCE,NO_MATERIAL_RETENTION_LOSS_SUPPORTED
D0-D_MASK_PADDING_SENSITIVITY,B_seed3408,B,3408,FROZEN_PROBE_ACROSS_VIEW,last,final_valid,interaction,raw33.front_pressure_score,continuous,R2,0.8668883338310591,0.07601879336755432,-0.2116570939777453,0.23688177402498772,False,False,False,400,80,79,"five-fold GroupKFold grouped by scenario_token; identical rows/folds/targets/ridge-logistic grid across views; paired loss CI uses 5,000 log-cluster bootstrap replicates",ego13 from frozen Stage7L ego_seq plus mask; raw33 from frozen Stage7L interaction_feat_style raw-equivalent report array,True,DEVELOPMENT_DIAGNOSTIC_EVIDENCE,NO_MATERIAL_RETENTION_LOSS_SUPPORTED
D0-D_MASK_PADDING_SENSITIVITY,B_seed3408,B,3408,FROZEN_PROBE_ACROSS_VIEW,last,final_valid,lateral,raw33.lane_change_count_proxy,categorical,balanced_accuracy,0.6388888888888888,0.0,0.0,0.0,False,False,False,400,80,79,"five-fold GroupKFold grouped by scenario_token; identical rows/folds/targets/ridge-logistic grid across views; paired loss CI uses 5,000 log-cluster bootstrap replicates",ego13 from frozen Stage7L ego_seq plus mask; raw33 from frozen Stage7L interaction_feat_style raw-equivalent report array,True,DEVELOPMENT_DIAGNOSTIC_EVIDENCE,NO_MATERIAL_RETENTION_LOSS_SUPPORTED
D0-D_MASK_PADDING_SENSITIVITY,B_seed3408,B,3408,FROZEN_PROBE_ACROSS_VIEW,last,final_valid,interaction,raw33.mean_front_distance,continuous,R2,0.9535384241925428,-0.1381915350790878,-0.32267288250552645,0.08087244463971595,False,False,False,400,80,79,"five-fold GroupKFold grouped by scenario_token; identical rows/folds/targets/ridge-logistic grid across views; paired loss CI uses 5,000 log-cluster bootstrap replicates",ego13 from frozen Stage7L ego_seq plus mask; raw33 from frozen Stage7L interaction_feat_style raw-equivalent report array,True,DEVELOPMENT_DIAGNOSTIC_EVIDENCE,NO_MATERIAL_RETENTION_LOSS_SUPPORTED
D0-D_MASK_PADDING_SENSITIVITY,B_seed3408,B,3408,FROZEN_PROBE_ACROSS_VIEW,last,final_valid,interaction,raw33.mean_rel_speed,continuous,R2,0.8844771092606016,-0.13373718169652893,-0.26036559542218507,0.1542362548227128,False,False,False,400,80,79,"five-fold GroupKFold grouped by scenario_token; identical rows/folds/targets/ridge-logistic grid across views; paired loss CI uses 5,000 log-cluster bootstrap replicates",ego13 from frozen Stage7L ego_seq plus mask; raw33 from frozen Stage7L interaction_feat_style raw-equivalent report array,True,DEVELOPMENT_DIAGNOSTIC_EVIDENCE,NO_MATERIAL_RETENTION_LOSS_SUPPORTED
D0-D_MASK_PADDING_SENSITIVITY,B_seed3408,B,3408,FROZEN_PROBE_ACROSS_VIEW,last,last,longitudinal,ego13.end_minus_start_speed,continuous,R2,0.7423336662303608,0.0,0.0,0.0,False,False,False,400,80,79,"five-fold GroupKFold grouped by scenario_token; identical rows/folds/targets/ridge-logistic grid across views; paired loss CI uses 5,000 log-cluster bootstrap replicates",ego13 from frozen Stage7L ego_seq plus mask; raw33 from frozen Stage7L interaction_feat_style raw-equivalent report array,False,DEVELOPMENT_DIAGNOSTIC_EVIDENCE,NO_MATERIAL_RETENTION_LOSS_SUPPORTED
D0-D_MASK_PADDING_SENSITIVITY,B_seed3408,B,3408,FROZEN_PROBE_ACROSS_VIEW,last,last,lateral,ego13.heading_change_abs_total,continuous,R2,-0.0015223349927098173,0.0,0.0,0.0,False,False,False,400,80,79,"five-fold GroupKFold grouped by scenario_token; identical rows/folds/targets/ridge-logistic grid across views; paired loss CI uses 5,000 log-cluster bootstrap replicates",ego13 from frozen Stage7L ego_seq plus mask; raw33 from frozen Stage7L interaction_feat_style raw-equivalent report array,False,DEVELOPMENT_DIAGNOSTIC_EVIDENCE,NO_MATERIAL_RETENTION_LOSS_SUPPORTED
D0-D_MASK_PADDING_SENSITIVITY,B_seed3408,B,3408,FROZEN_PROBE_ACROSS_VIEW,last,last,longitudinal,ego13.mean_speed,continuous,R2,0.903227002073126,0.0,0.0,0.0,False,False,False,400,80,79,"five-fold GroupKFold grouped by scenario_token; identical rows/folds/targets/ridge-logistic grid across views; paired loss CI uses 5,000 log-cluster bootstrap replicates",ego13 from frozen Stage7L ego_seq plus mask; raw33 from frozen Stage7L interaction_feat_style raw-equivalent report array,False,DEVELOPMENT_DIAGNOSTIC_EVIDENCE,NO_MATERIAL_RETENTION_LOSS_SUPPORTED
D0-D_MASK_PADDING_SENSITIVITY,B_seed3408,B,3408,FROZEN_PROBE_ACROSS_VIEW,last,last,longitudinal,ego13.rms_accel,continuous,R2,0.5166624140049668,0.0,0.0,0.0,False,False,False,400,80,79,"five-fold GroupKFold grouped by scenario_token; identical rows/folds/targets/ridge-logistic grid across views; paired loss CI uses 5,000 log-cluster bootstrap replicates",ego13 from frozen Stage7L ego_seq plus mask; raw33 from frozen Stage7L interaction_feat_style raw-equivalent report array,False,DEVELOPMENT_DIAGNOSTIC_EVIDENCE,NO_MATERIAL_RETENTION_LOSS_SUPPORTED
D0-D_MASK_PADDING_SENSITIVITY,B_seed3408,B,3408,FROZEN_PROBE_ACROSS_VIEW,last,last,lateral,ego13.rms_yaw_rate,continuous,R2,0.13951050493148243,0.0,0.0,0.0,False,False,False,400,80,79,"five-fold GroupKFold grouped by scenario_token; identical rows/folds/targets/ridge-logistic grid across views; paired loss CI uses 5,000 log-cluster bootstrap replicates",ego13 from frozen Stage7L ego_seq plus mask; raw33 from frozen Stage7L interaction_feat_style raw-equivalent report array,False,DEVELOPMENT_DIAGNOSTIC_EVIDENCE,NO_MATERIAL_RETENTION_LOSS_SUPPORTED
D0-D_MASK_PADDING_SENSITIVITY,B_seed3408,B,3408,FROZEN_PROBE_ACROSS_VIEW,last,last,interaction,raw33.front_pressure_score,continuous,R2,0.8699742593382003,0.0,0.0,0.0,False,False,False,400,80,79,"five-fold GroupKFold grouped by scenario_token; identical rows/folds/targets/ridge-logistic grid across views; paired loss CI uses 5,000 log-cluster bootstrap replicates",ego13 from frozen Stage7L ego_seq plus mask; raw33 from frozen Stage7L interaction_feat_style raw-equivalent report array,False,DEVELOPMENT_DIAGNOSTIC_EVIDENCE,NO_MATERIAL_RETENTION_LOSS_SUPPORTED
D0-D_MASK_PADDING_SENSITIVITY,B_seed3408,B,3408,FROZEN_PROBE_ACROSS_VIEW,last,last,lateral,raw33.lane_change_count_proxy,categorical,balanced_accuracy,0.6388888888888888,0.0,0.0,0.0,False,False,False,400,80,79,"five-fold GroupKFold grouped by scenario_token; identical rows/folds/targets/ridge-logistic grid across views; paired loss CI uses 5,000 log-cluster bootstrap replicates",ego13 from frozen Stage7L ego_seq plus mask; raw33 from frozen Stage7L interaction_feat_style raw-equivalent report array,False,DEVELOPMENT_DIAGNOSTIC_EVIDENCE,NO_MATERIAL_RETENTION_LOSS_SUPPORTED
D0-D_MASK_PADDING_SENSITIVITY,B_seed3408,B,3408,FROZEN_PROBE_ACROSS_VIEW,last,last,interaction,raw33.mean_front_distance,continuous,R2,0.952250264783401,0.0,0.0,0.0,False,False,False,400,80,79,"five-fold GroupKFold grouped by scenario_token; identical rows/folds/targets/ridge-logistic grid across views; paired loss CI uses 5,000 log-cluster bootstrap replicates",ego13 from frozen Stage7L ego_seq plus mask; raw33 from frozen Stage7L interaction_feat_style raw-equivalent report array,False,DEVELOPMENT_DIAGNOSTIC_EVIDENCE,NO_MATERIAL_RETENTION_LOSS_SUPPORTED
D0-D_MASK_PADDING_SENSITIVITY,B_seed3408,B,3408,FROZEN_PROBE_ACROSS_VIEW,last,last,interaction,raw33.mean_rel_speed,continuous,R2,0.8636532012699532,0.0,0.0,0.0,False,False,False,400,80,79,"five-fold GroupKFold grouped by scenario_token; identical rows/folds/targets/ridge-logistic grid across views; paired loss CI uses 5,000 log-cluster bootstrap replicates",ego13 from frozen Stage7L ego_seq plus mask; raw33 from frozen Stage7L interaction_feat_style raw-equivalent report array,False,DEVELOPMENT_DIAGNOSTIC_EVIDENCE,NO_MATERIAL_RETENTION_LOSS_SUPPORTED
D0-D_MASK_PADDING_SENSITIVITY,B_seed3408,B,3408,FROZEN_PROBE_ACROSS_VIEW,last,masked_mean,longitudinal,ego13.end_minus_start_speed,continuous,R2,0.37352863044887763,0.40038395032208784,0.21825501988125026,0.5828701547501905,True,True,False,400,80,79,"five-fold GroupKFold grouped by scenario_token; identical rows/folds/targets/ridge-logistic grid across views; paired loss CI uses 5,000 log-cluster bootstrap replicates",ego13 from frozen Stage7L ego_seq plus mask; raw33 from frozen Stage7L interaction_feat_style raw-equivalent report array,True,DEVELOPMENT_DIAGNOSTIC_EVIDENCE,REFIT_VIEW_GAIN_NOT_INFORMATION_LOSS
D0-D_MASK_PADDING_SENSITIVITY,B_seed3408,B,3408,FROZEN_PROBE_ACROSS_VIEW,last,masked_mean,lateral,ego13.heading_change_abs_total,continuous,R2,-0.0024888260904361026,0.040107372958126435,-0.20794384287792422,0.2307045997326253,False,False,False,400,80,79,"five-fold GroupKFold grouped by scenario_token; identical rows/folds/targets/ridge-logistic grid across views; paired loss CI uses 5,000 log-cluster bootstrap replicates",ego13 from frozen Stage7L ego_seq plus mask; raw33 from frozen Stage7L interaction_feat_style raw-equivalent report array,True,DEVELOPMENT_DIAGNOSTIC_EVIDENCE,NO_MATERIAL_RETENTION_LOSS_SUPPORTED
D0-D_MASK_PADDING_SENSITIVITY,B_seed3408,B,3408,FROZEN_PROBE_ACROSS_VIEW,last,masked_mean,longitudinal,ego13.mean_speed,continuous,R2,-0.9641228028676934,0.8016849438420035,0.677996444397922,0.9498515237447358,True,True,False,400,80,79,"five-fold GroupKFold grouped by scenario_token; identical rows/folds/targets/ridge-logistic grid across views; paired loss CI uses 5,000 log-cluster bootstrap replicates",ego13 from frozen Stage7L ego_seq plus mask; raw33 from frozen Stage7L interaction_feat_style raw-equivalent report array,True,DEVELOPMENT_DIAGNOSTIC_EVIDENCE,COORDINATE_GEOMETRY_SHIFT_FAVORED
D0-D_MASK_PADDING_SENSITIVITY,B_seed3408,B,3408,FROZEN_PROBE_ACROSS_VIEW,last,masked_mean,longitudinal,ego13.rms_accel,continuous,R2,-0.9346506013440561,0.4843700424178871,0.3447073548610666,0.6307276392788286,True,True,False,400,80,79,"five-fold GroupKFold grouped by scenario_token; identical rows/folds/targets/ridge-logistic grid across views; paired loss CI uses 5,000 log-cluster bootstrap replicates",ego13 from frozen Stage7L ego_seq plus mask; raw33 from frozen Stage7L interaction_feat_style raw-equivalent report array,True,DEVELOPMENT_DIAGNOSTIC_EVIDENCE,COORDINATE_GEOMETRY_SHIFT_FAVORED
D0-D_MASK_PADDING_SENSITIVITY,B_seed3408,B,3408,FROZEN_PROBE_ACROSS_VIEW,last,masked_mean,lateral,ego13.rms_yaw_rate,continuous,R2,-0.5046950548309921,0.32012814477019597,0.12611318165186022,0.5119625533049176,True,True,False,400,80,79,"five-fold GroupKFold grouped by scenario_token; identical rows/folds/targets/ridge-logistic grid across views; paired loss CI uses 5,000 log-cluster bootstrap replicates",ego13 from frozen Stage7L ego_seq plus mask; raw33 from frozen Stage7L interaction_feat_style raw-equivalent report array,True,DEVELOPMENT_DIAGNOSTIC_EVIDENCE,COORDINATE_GEOMETRY_SHIFT_FAVORED
D0-D_MASK_PADDING_SENSITIVITY,B_seed3408,B,3408,FROZEN_PROBE_ACROSS_VIEW,last,masked_mean,interaction,raw33.front_pressure_score,continuous,R2,0.8680098481083395,0.012889211972513128,-0.1753487665435708,0.31175789078280225,False,False,False,400,80,79,"five-fold GroupKFold grouped by scenario_token; identical rows/folds/targets/ridge-logistic grid across views; paired loss CI uses 5,000 log-cluster bootstrap replicates",ego13 from frozen Stage7L ego_seq plus mask; raw33 from frozen Stage7L interaction_feat_style raw-equivalent report array,True,DEVELOPMENT_DIAGNOSTIC_EVIDENCE,NO_MATERIAL_RETENTION_LOSS_SUPPORTED
D0-D_MASK_PADDING_SENSITIVITY,B_seed3408,B,3408,FROZEN_PROBE_ACROSS_VIEW,last,masked_mean,lateral,raw33.lane_change_count_proxy,categorical,balanced_accuracy,0.6388888888888888,0.0,0.0,0.0,False,False,False,400,80,79,"five-fold GroupKFold grouped by scenario_token; identical rows/folds/targets/ridge-logistic grid across views; paired loss CI uses 5,000 log-cluster bootstrap replicates",ego13 from frozen Stage7L ego_seq plus mask; raw33 from frozen Stage7L interaction_feat_style raw-equivalent report array,True,DEVELOPMENT_DIAGNOSTIC_EVIDENCE,NO_MATERIAL_RETENTION_LOSS_SUPPORTED
D0-D_MASK_PADDING_SENSITIVITY,B_seed3408,B,3408,FROZEN_PROBE_ACROSS_VIEW,last,masked_mean,interaction,raw33.mean_front_distance,continuous,R2,0.9391183354196704,0.23952623329192663,0.02490625910208485,0.4380486287654216,True,True,False,400,80,79,"five-fold GroupKFold grouped by scenario_token; identical rows/folds/targets/ridge-logistic grid across views; paired loss CI uses 5,000 log-cluster bootstrap replicates",ego13 from frozen Stage7L ego_seq plus mask; raw33 from frozen Stage7L interaction_feat_style raw-equivalent report array,True,DEVELOPMENT_DIAGNOSTIC_EVIDENCE,COORDINATE_GEOMETRY_SHIFT_FAVORED
D0-D_MASK_PADDING_SENSITIVITY,B_seed3408,B,3408,FROZEN_PROBE_ACROSS_VIEW,last,masked_mean,interaction,raw33.mean_rel_speed,continuous,R2,0.8816861412080736,-0.10360434131272776,-0.2624668339043818,0.14517936998094227,False,False,False,400,80,79,"five-fold GroupKFold grouped by scenario_token; identical rows/folds/targets/ridge-logistic grid across views; paired loss CI uses 5,000 log-cluster bootstrap replicates",ego13 from frozen Stage7L ego_seq plus mask; raw33 from frozen Stage7L interaction_feat_style raw-equivalent report array,True,DEVELOPMENT_DIAGNOSTIC_EVIDENCE,NO_MATERIAL_RETENTION_LOSS_SUPPORTED
D0-D_MASK_PADDING_SENSITIVITY,B_seed3408,B,3408,SAME_CAPACITY_REFIT_PROBE_PER_VIEW,last,final_valid,longitudinal,ego13.end_minus_start_speed,continuous,R2,0.8617684963821759,-0.2579088914627161,-0.37302123916663515,-0.12987816014468154,True,False,True,400,80,79,"five-fold GroupKFold grouped by scenario_token; identical rows/folds/targets/ridge-logistic grid across views; paired loss CI uses 5,000 log-cluster bootstrap replicates",ego13 from frozen Stage7L ego_seq plus mask; raw33 from frozen Stage7L interaction_feat_style raw-equivalent report array,True,DEVELOPMENT_DIAGNOSTIC_EVIDENCE,REFIT_VIEW_GAIN_NOT_INFORMATION_LOSS
D0-D_MASK_PADDING_SENSITIVITY,B_seed3408,B,3408,SAME_CAPACITY_REFIT_PROBE_PER_VIEW,last,final_valid,lateral,ego13.heading_change_abs_total,continuous,R2,0.021456034155003634,-0.03855635929191368,-0.295778113141422,0.1663482248678323,False,False,False,400,80,79,"five-fold GroupKFold grouped by scenario_token; identical rows/folds/targets/ridge-logistic grid across views; paired loss CI uses 5,000 log-cluster bootstrap replicates",ego13 from frozen Stage7L ego_seq plus mask; raw33 from frozen Stage7L interaction_feat_style raw-equivalent report array,True,DEVELOPMENT_DIAGNOSTIC_EVIDENCE,NO_MATERIAL_RETENTION_LOSS_SUPPORTED
D0-D_MASK_PADDING_SENSITIVITY,B_seed3408,B,3408,SAME_CAPACITY_REFIT_PROBE_PER_VIEW,last,final_valid,longitudinal,ego13.mean_speed,continuous,R2,0.943746894605808,-0.23813562438141758,-0.4025191279208928,-0.03762887174783273,True,False,True,400,80,79,"five-fold GroupKFold grouped by scenario_token; identical rows/folds/targets/ridge-logistic grid across views; paired loss CI uses 5,000 log-cluster bootstrap replicates",ego13 from frozen Stage7L ego_seq plus mask; raw33 from frozen Stage7L interaction_feat_style raw-equivalent report array,True,DEVELOPMENT_DIAGNOSTIC_EVIDENCE,REFIT_VIEW_GAIN_NOT_INFORMATION_LOSS
D0-D_MASK_PADDING_SENSITIVITY,B_seed3408,B,3408,SAME_CAPACITY_REFIT_PROBE_PER_VIEW,last,final_valid,longitudinal,ego13.rms_accel,continuous,R2,0.5689452423395336,-0.10058167482659057,-0.26298773369461786,0.13818251473002358,False,False,False,400,80,79,"five-fold GroupKFold grouped by scenario_token; identical rows/folds/targets/ridge-logistic grid across views; paired loss CI uses 5,000 log-cluster bootstrap replicates",ego13 from frozen Stage7L ego_seq plus mask; raw33 from frozen Stage7L interaction_feat_style raw-equivalent report array,True,DEVELOPMENT_DIAGNOSTIC_EVIDENCE,NO_MATERIAL_RETENTION_LOSS_SUPPORTED
D0-D_MASK_PADDING_SENSITIVITY,B_seed3408,B,3408,SAME_CAPACITY_REFIT_PROBE_PER_VIEW,last,final_valid,lateral,ego13.rms_yaw_rate,continuous,R2,0.037187596975478576,0.1845588200043298,-0.030431710932167937,0.33294749778362076,False,False,False,400,80,79,"five-fold GroupKFold grouped by scenario_token; identical rows/folds/targets/ridge-logistic grid across views; paired loss CI uses 5,000 log-cluster bootstrap replicates",ego13 from frozen Stage7L ego_seq plus mask; raw33 from frozen Stage7L interaction_feat_style raw-equivalent report array,True,DEVELOPMENT_DIAGNOSTIC_EVIDENCE,NO_MATERIAL_RETENTION_LOSS_SUPPORTED
D0-D_MASK_PADDING_SENSITIVITY,B_seed3408,B,3408,SAME_CAPACITY_REFIT_PROBE_PER_VIEW,last,final_valid,interaction,raw33.front_pressure_score,continuous,R2,0.875218550845644,-0.10290611723030564,-0.3219300121371531,0.10888170560886888,False,False,False,400,80,79,"five-fold GroupKFold grouped by scenario_token; identical rows/folds/targets/ridge-logistic grid across views; paired loss CI uses 5,000 log-cluster bootstrap replicates",ego13 from frozen Stage7L ego_seq plus mask; raw33 from frozen Stage7L interaction_feat_style raw-equivalent report array,True,DEVELOPMENT_DIAGNOSTIC_EVIDENCE,NO_MATERIAL_RETENTION_LOSS_SUPPORTED
D0-D_MASK_PADDING_SENSITIVITY,B_seed3408,B,3408,SAME_CAPACITY_REFIT_PROBE_PER_VIEW,last,final_valid,lateral,raw33.lane_change_count_proxy,categorical,balanced_accuracy,0.6388888888888888,0.0,0.0,0.0,False,False,False,400,80,79,"five-fold GroupKFold grouped by scenario_token; identical rows/folds/targets/ridge-logistic grid across views; paired loss CI uses 5,000 log-cluster bootstrap replicates",ego13 from frozen Stage7L ego_seq plus mask; raw33 from frozen Stage7L interaction_feat_style raw-equivalent report array,True,DEVELOPMENT_DIAGNOSTIC_EVIDENCE,NO_MATERIAL_RETENTION_LOSS_SUPPORTED
D0-D_MASK_PADDING_SENSITIVITY,B_seed3408,B,3408,SAME_CAPACITY_REFIT_PROBE_PER_VIEW,last,final_valid,interaction,raw33.mean_front_distance,continuous,R2,0.9449673952836591,0.13161062022660344,-0.08382182992950779,0.36874509588486515,False,False,False,400,80,79,"five-fold GroupKFold grouped by scenario_token; identical rows/folds/targets/ridge-logistic grid across views; paired loss CI uses 5,000 log-cluster bootstrap replicates",ego13 from frozen Stage7L ego_seq plus mask; raw33 from frozen Stage7L interaction_feat_style raw-equivalent report array,True,DEVELOPMENT_DIAGNOSTIC_EVIDENCE,NO_MATERIAL_RETENTION_LOSS_SUPPORTED
D0-D_MASK_PADDING_SENSITIVITY,B_seed3408,B,3408,SAME_CAPACITY_REFIT_PROBE_PER_VIEW,last,final_valid,interaction,raw33.mean_rel_speed,continuous,R2,0.8981283624110542,-0.17323869003529654,-0.36596924851416324,0.04569634327411298,False,False,False,400,80,79,"five-fold GroupKFold grouped by scenario_token; identical rows/folds/targets/ridge-logistic grid across views; paired loss CI uses 5,000 log-cluster bootstrap replicates",ego13 from frozen Stage7L ego_seq plus mask; raw33 from frozen Stage7L interaction_feat_style raw-equivalent report array,True,DEVELOPMENT_DIAGNOSTIC_EVIDENCE,NO_MATERIAL_RETENTION_LOSS_SUPPORTED
D0-D_MASK_PADDING_SENSITIVITY,B_seed3408,B,3408,SAME_CAPACITY_REFIT_PROBE_PER_VIEW,last,last,longitudinal,ego13.end_minus_start_speed,continuous,R2,0.7423336662303608,0.0,0.0,0.0,False,False,False,400,80,79,"five-fold GroupKFold grouped by scenario_token; identical rows/folds/targets/ridge-logistic grid across views; paired loss CI uses 5,000 log-cluster bootstrap replicates",ego13 from frozen Stage7L ego_seq plus mask; raw33 from frozen Stage7L interaction_feat_style raw-equivalent report array,False,DEVELOPMENT_DIAGNOSTIC_EVIDENCE,NO_MATERIAL_RETENTION_LOSS_SUPPORTED
D0-D_MASK_PADDING_SENSITIVITY,B_seed3408,B,3408,SAME_CAPACITY_REFIT_PROBE_PER_VIEW,last,last,lateral,ego13.heading_change_abs_total,continuous,R2,-0.0015223349927098173,0.0,0.0,0.0,False,False,False,400,80,79,"five-fold GroupKFold grouped by scenario_token; identical rows/folds/targets/ridge-logistic grid across views; paired loss CI uses 5,000 log-cluster bootstrap replicates",ego13 from frozen Stage7L ego_seq plus mask; raw33 from frozen Stage7L interaction_feat_style raw-equivalent report array,False,DEVELOPMENT_DIAGNOSTIC_EVIDENCE,NO_MATERIAL_RETENTION_LOSS_SUPPORTED
D0-D_MASK_PADDING_SENSITIVITY,B_seed3408,B,3408,SAME_CAPACITY_REFIT_PROBE_PER_VIEW,last,last,longitudinal,ego13.mean_speed,continuous,R2,0.903227002073126,0.0,0.0,0.0,False,False,False,400,80,79,"five-fold GroupKFold grouped by scenario_token; identical rows/folds/targets/ridge-logistic grid across views; paired loss CI uses 5,000 log-cluster bootstrap replicates",ego13 from frozen Stage7L ego_seq plus mask; raw33 from frozen Stage7L interaction_feat_style raw-equivalent report array,False,DEVELOPMENT_DIAGNOSTIC_EVIDENCE,NO_MATERIAL_RETENTION_LOSS_SUPPORTED
D0-D_MASK_PADDING_SENSITIVITY,B_seed3408,B,3408,SAME_CAPACITY_REFIT_PROBE_PER_VIEW,last,last,longitudinal,ego13.rms_accel,continuous,R2,0.5166624140049668,0.0,0.0,0.0,False,False,False,400,80,79,"five-fold GroupKFold grouped by scenario_token; identical rows/folds/targets/ridge-logistic grid across views; paired loss CI uses 5,000 log-cluster bootstrap replicates",ego13 from frozen Stage7L ego_seq plus mask; raw33 from frozen Stage7L interaction_feat_style raw-equivalent report array,False,DEVELOPMENT_DIAGNOSTIC_EVIDENCE,NO_MATERIAL_RETENTION_LOSS_SUPPORTED
D0-D_MASK_PADDING_SENSITIVITY,B_seed3408,B,3408,SAME_CAPACITY_REFIT_PROBE_PER_VIEW,last,last,lateral,ego13.rms_yaw_rate,continuous,R2,0.13951050493148243,0.0,0.0,0.0,False,False,False,400,80,79,"five-fold GroupKFold grouped by scenario_token; identical rows/folds/targets/ridge-logistic grid across views; paired loss CI uses 5,000 log-cluster bootstrap replicates",ego13 from frozen Stage7L ego_seq plus mask; raw33 from frozen Stage7L interaction_feat_style raw-equivalent report array,False,DEVELOPMENT_DIAGNOSTIC_EVIDENCE,NO_MATERIAL_RETENTION_LOSS_SUPPORTED
D0-D_MASK_PADDING_SENSITIVITY,B_seed3408,B,3408,SAME_CAPACITY_REFIT_PROBE_PER_VIEW,last,last,interaction,raw33.front_pressure_score,continuous,R2,0.8699742593382003,0.0,0.0,0.0,False,False,False,400,80,79,"five-fold GroupKFold grouped by scenario_token; identical rows/folds/targets/ridge-logistic grid across views; paired loss CI uses 5,000 log-cluster bootstrap replicates",ego13 from frozen Stage7L ego_seq plus mask; raw33 from frozen Stage7L interaction_feat_style raw-equivalent report array,False,DEVELOPMENT_DIAGNOSTIC_EVIDENCE,NO_MATERIAL_RETENTION_LOSS_SUPPORTED
D0-D_MASK_PADDING_SENSITIVITY,B_seed3408,B,3408,SAME_CAPACITY_REFIT_PROBE_PER_VIEW,last,last,lateral,raw33.lane_change_count_proxy,categorical,balanced_accuracy,0.6388888888888888,0.0,0.0,0.0,False,False,False,400,80,79,"five-fold GroupKFold grouped by scenario_token; identical rows/folds/targets/ridge-logistic grid across views; paired loss CI uses 5,000 log-cluster bootstrap replicates",ego13 from frozen Stage7L ego_seq plus mask; raw33 from frozen Stage7L interaction_feat_style raw-equivalent report array,False,DEVELOPMENT_DIAGNOSTIC_EVIDENCE,NO_MATERIAL_RETENTION_LOSS_SUPPORTED
D0-D_MASK_PADDING_SENSITIVITY,B_seed3408,B,3408,SAME_CAPACITY_REFIT_PROBE_PER_VIEW,last,last,interaction,raw33.mean_front_distance,continuous,R2,0.952250264783401,0.0,0.0,0.0,False,False,False,400,80,79,"five-fold GroupKFold grouped by scenario_token; identical rows/folds/targets/ridge-logistic grid across views; paired loss CI uses 5,000 log-cluster bootstrap replicates",ego13 from frozen Stage7L ego_seq plus mask; raw33 from frozen Stage7L interaction_feat_style raw-equivalent report array,False,DEVELOPMENT_DIAGNOSTIC_EVIDENCE,NO_MATERIAL_RETENTION_LOSS_SUPPORTED
D0-D_MASK_PADDING_SENSITIVITY,B_seed3408,B,3408,SAME_CAPACITY_REFIT_PROBE_PER_VIEW,last,last,interaction,raw33.mean_rel_speed,continuous,R2,0.8636532012699532,0.0,0.0,0.0,False,False,False,400,80,79,"five-fold GroupKFold grouped by scenario_token; identical rows/folds/targets/ridge-logistic grid across views; paired loss CI uses 5,000 log-cluster bootstrap replicates",ego13 from frozen Stage7L ego_seq plus mask; raw33 from frozen Stage7L interaction_feat_style raw-equivalent report array,False,DEVELOPMENT_DIAGNOSTIC_EVIDENCE,NO_MATERIAL_RETENTION_LOSS_SUPPORTED
D0-D_MASK_PADDING_SENSITIVITY,B_seed3408,B,3408,SAME_CAPACITY_REFIT_PROBE_PER_VIEW,last,masked_mean,longitudinal,ego13.end_minus_start_speed,continuous,R2,0.8768078126418346,-0.27694945239617397,-0.4326340411235443,-0.09413331949201854,True,False,True,400,80,79,"five-fold GroupKFold grouped by scenario_token; identical rows/folds/targets/ridge-logistic grid across views; paired loss CI uses 5,000 log-cluster bootstrap replicates",ego13 from frozen Stage7L ego_seq plus mask; raw33 from frozen Stage7L interaction_feat_style raw-equivalent report array,True,DEVELOPMENT_DIAGNOSTIC_EVIDENCE,REFIT_VIEW_GAIN_NOT_INFORMATION_LOSS
D0-D_MASK_PADDING_SENSITIVITY,B_seed3408,B,3408,SAME_CAPACITY_REFIT_PROBE_PER_VIEW,last,masked_mean,lateral,ego13.heading_change_abs_total,continuous,R2,0.08616475075324848,-0.19324857701504064,-0.380433550392378,0.024515306615271557,False,False,False,400,80,79,"five-fold GroupKFold grouped by scenario_token; identical rows/folds/targets/ridge-logistic grid across views; paired loss CI uses 5,000 log-cluster bootstrap replicates",ego13 from frozen Stage7L ego_seq plus mask; raw33 from frozen Stage7L interaction_feat_style raw-equivalent report array,True,DEVELOPMENT_DIAGNOSTIC_EVIDENCE,NO_MATERIAL_RETENTION_LOSS_SUPPORTED
D0-D_MASK_PADDING_SENSITIVITY,B_seed3408,B,3408,SAME_CAPACITY_REFIT_PROBE_PER_VIEW,last,masked_mean,longitudinal,ego13.mean_speed,continuous,R2,0.9336472965932824,-0.1425390630867837,-0.44757428767953467,0.07491223184681334,False,False,False,400,80,79,"five-fold GroupKFold grouped by scenario_token; identical rows/folds/targets/ridge-logistic grid across views; paired loss CI uses 5,000 log-cluster bootstrap replicates",ego13 from frozen Stage7L ego_seq plus mask; raw33 from frozen Stage7L interaction_feat_style raw-equivalent report array,True,DEVELOPMENT_DIAGNOSTIC_EVIDENCE,COORDINATE_GEOMETRY_SHIFT_FAVORED
D0-D_MASK_PADDING_SENSITIVITY,B_seed3408,B,3408,SAME_CAPACITY_REFIT_PROBE_PER_VIEW,last,masked_mean,longitudinal,ego13.rms_accel,continuous,R2,0.6319434796174341,-0.1278991588835874,-0.34001043629917815,0.0850854941976996,False,False,False,400,80,79,"five-fold GroupKFold grouped by scenario_token; identical rows/folds/targets/ridge-logistic grid across views; paired loss CI uses 5,000 log-cluster bootstrap replicates",ego13 from frozen Stage7L ego_seq plus mask; raw33 from frozen Stage7L interaction_feat_style raw-equivalent report array,True,DEVELOPMENT_DIAGNOSTIC_EVIDENCE,COORDINATE_GEOMETRY_SHIFT_FAVORED
D0-D_MASK_PADDING_SENSITIVITY,B_seed3408,B,3408,SAME_CAPACITY_REFIT_PROBE_PER_VIEW,last,masked_mean,lateral,ego13.rms_yaw_rate,continuous,R2,0.11167892172569405,0.04047563896947034,-0.18071928807425935,0.27263355548158286,False,False,False,400,80,79,"five-fold GroupKFold grouped by scenario_token; identical rows/folds/targets/ridge-logistic grid across views; paired loss CI uses 5,000 log-cluster bootstrap replicates",ego13 from frozen Stage7L ego_seq plus mask; raw33 from frozen Stage7L interaction_feat_style raw-equivalent report array,True,DEVELOPMENT_DIAGNOSTIC_EVIDENCE,COORDINATE_GEOMETRY_SHIFT_FAVORED
D0-D_MASK_PADDING_SENSITIVITY,B_seed3408,B,3408,SAME_CAPACITY_REFIT_PROBE_PER_VIEW,last,masked_mean,interaction,raw33.front_pressure_score,continuous,R2,0.8810747896537836,-0.11593784683641609,-0.278779480443304,0.11899397082913328,False,False,False,400,80,79,"five-fold GroupKFold grouped by scenario_token; identical rows/folds/targets/ridge-logistic grid across views; paired loss CI uses 5,000 log-cluster bootstrap replicates",ego13 from frozen Stage7L ego_seq plus mask; raw33 from frozen Stage7L interaction_feat_style raw-equivalent report array,True,DEVELOPMENT_DIAGNOSTIC_EVIDENCE,NO_MATERIAL_RETENTION_LOSS_SUPPORTED
D0-D_MASK_PADDING_SENSITIVITY,B_seed3408,B,3408,SAME_CAPACITY_REFIT_PROBE_PER_VIEW,last,masked_mean,lateral,raw33.lane_change_count_proxy,categorical,balanced_accuracy,0.9166666666666667,-0.16014131520352343,-0.2582872081659395,0.0,False,False,False,400,80,79,"five-fold GroupKFold grouped by scenario_token; identical rows/folds/targets/ridge-logistic grid across views; paired loss CI uses 5,000 log-cluster bootstrap replicates",ego13 from frozen Stage7L ego_seq plus mask; raw33 from frozen Stage7L interaction_feat_style raw-equivalent report array,True,DEVELOPMENT_DIAGNOSTIC_EVIDENCE,NO_MATERIAL_RETENTION_LOSS_SUPPORTED
D0-D_MASK_PADDING_SENSITIVITY,B_seed3408,B,3408,SAME_CAPACITY_REFIT_PROBE_PER_VIEW,last,masked_mean,interaction,raw33.mean_front_distance,continuous,R2,0.952840083913932,-0.015776688257743813,-0.22601805839552017,0.23033812785639424,False,False,False,400,80,79,"five-fold GroupKFold grouped by scenario_token; identical rows/folds/targets/ridge-logistic grid across views; paired loss CI uses 5,000 log-cluster bootstrap replicates",ego13 from frozen Stage7L ego_seq plus mask; raw33 from frozen Stage7L interaction_feat_style raw-equivalent report array,True,DEVELOPMENT_DIAGNOSTIC_EVIDENCE,COORDINATE_GEOMETRY_SHIFT_FAVORED
D0-D_MASK_PADDING_SENSITIVITY,B_seed3408,B,3408,SAME_CAPACITY_REFIT_PROBE_PER_VIEW,last,masked_mean,interaction,raw33.mean_rel_speed,continuous,R2,0.883692943079252,-0.10365743813385975,-0.24890496837632992,0.1733433277331583,False,False,False,400,80,79,"five-fold GroupKFold grouped by scenario_token; identical rows/folds/targets/ridge-logistic grid across views; paired loss CI uses 5,000 log-cluster bootstrap replicates",ego13 from frozen Stage7L ego_seq plus mask; raw33 from frozen Stage7L interaction_feat_style raw-equivalent report array,True,DEVELOPMENT_DIAGNOSTIC_EVIDENCE,NO_MATERIAL_RETENTION_LOSS_SUPPORTED
D0-D_MASK_PADDING_SENSITIVITY,B_seed3409,B,3409,FROZEN_PROBE_ACROSS_VIEW,last,final_valid,longitudinal,ego13.end_minus_start_speed,continuous,R2,0.9043390234946722,0.028953772421740128,-0.1990646065371367,0.25491486804013525,False,False,False,400,80,79,"five-fold GroupKFold grouped by scenario_token; identical rows/folds/targets/ridge-logistic grid across views; paired loss CI uses 5,000 log-cluster bootstrap replicates",ego13 from frozen Stage7L ego_seq plus mask; raw33 from frozen Stage7L interaction_feat_style raw-equivalent report array,True,DEVELOPMENT_DIAGNOSTIC_EVIDENCE,NO_MATERIAL_RETENTION_LOSS_SUPPORTED
D0-D_MASK_PADDING_SENSITIVITY,B_seed3409,B,3409,FROZEN_PROBE_ACROSS_VIEW,last,final_valid,lateral,ego13.heading_change_abs_total,continuous,R2,-0.06921367198405148,0.13403496394777303,-0.11228963999907525,0.2591749607186665,False,False,False,400,80,79,"five-fold GroupKFold grouped by scenario_token; identical rows/folds/targets/ridge-logistic grid across views; paired loss CI uses 5,000 log-cluster bootstrap replicates",ego13 from frozen Stage7L ego_seq plus mask; raw33 from frozen Stage7L interaction_feat_style raw-equivalent report array,True,DEVELOPMENT_DIAGNOSTIC_EVIDENCE,NO_MATERIAL_RETENTION_LOSS_SUPPORTED
D0-D_MASK_PADDING_SENSITIVITY,B_seed3409,B,3409,FROZEN_PROBE_ACROSS_VIEW,last,final_valid,longitudinal,ego13.mean_speed,continuous,R2,0.8538362568639808,-0.09219339482655743,-0.24375589880519744,0.17457005245180438,False,False,False,400,80,79,"five-fold GroupKFold grouped by scenario_token; identical rows/folds/targets/ridge-logistic grid across views; paired loss CI uses 5,000 log-cluster bootstrap replicates",ego13 from frozen Stage7L ego_seq plus mask; raw33 from frozen Stage7L interaction_feat_style raw-equivalent report array,True,DEVELOPMENT_DIAGNOSTIC_EVIDENCE,NO_MATERIAL_RETENTION_LOSS_SUPPORTED
D0-D_MASK_PADDING_SENSITIVITY,B_seed3409,B,3409,FROZEN_PROBE_ACROSS_VIEW,last,final_valid,longitudinal,ego13.rms_accel,continuous,R2,0.8215220010072217,0.24727502051575187,0.043756219558569134,0.4498699647838912,True,True,False,400,80,79,"five-fold GroupKFold grouped by scenario_token; identical rows/folds/targets/ridge-logistic grid across views; paired loss CI uses 5,000 log-cluster bootstrap replicates",ego13 from frozen Stage7L ego_seq plus mask; raw33 from frozen Stage7L interaction_feat_style raw-equivalent report array,True,DEVELOPMENT_DIAGNOSTIC_EVIDENCE,COORDINATE_GEOMETRY_SHIFT_FAVORED
D0-D_MASK_PADDING_SENSITIVITY,B_seed3409,B,3409,FROZEN_PROBE_ACROSS_VIEW,last,final_valid,lateral,ego13.rms_yaw_rate,continuous,R2,-0.06587105322962894,0.19742308357693067,0.09464357846048177,0.3116355115155363,True,True,False,400,80,79,"five-fold GroupKFold grouped by scenario_token; identical rows/folds/targets/ridge-logistic grid across views; paired loss CI uses 5,000 log-cluster bootstrap replicates",ego13 from frozen Stage7L ego_seq plus mask; raw33 from frozen Stage7L interaction_feat_style raw-equivalent report array,True,DEVELOPMENT_DIAGNOSTIC_EVIDENCE,COORDINATE_GEOMETRY_SHIFT_FAVORED
D0-D_MASK_PADDING_SENSITIVITY,B_seed3409,B,3409,FROZEN_PROBE_ACROSS_VIEW,last,final_valid,interaction,raw33.front_pressure_score,continuous,R2,0.8789459767090606,0.10593620211231841,-0.11713724697708415,0.32917529641033216,False,False,False,400,80,79,"five-fold GroupKFold grouped by scenario_token; identical rows/folds/targets/ridge-logistic grid across views; paired loss CI uses 5,000 log-cluster bootstrap replicates",ego13 from frozen Stage7L ego_seq plus mask; raw33 from frozen Stage7L interaction_feat_style raw-equivalent report array,True,DEVELOPMENT_DIAGNOSTIC_EVIDENCE,NO_MATERIAL_RETENTION_LOSS_SUPPORTED
D0-D_MASK_PADDING_SENSITIVITY,B_seed3409,B,3409,FROZEN_PROBE_ACROSS_VIEW,last,final_valid,lateral,raw33.lane_change_count_proxy,categorical,balanced_accuracy,0.9166666666666667,0.0,0.0,0.0,False,False,False,400,80,79,"five-fold GroupKFold grouped by scenario_token; identical rows/folds/targets/ridge-logistic grid across views; paired loss CI uses 5,000 log-cluster bootstrap replicates",ego13 from frozen Stage7L ego_seq plus mask; raw33 from frozen Stage7L interaction_feat_style raw-equivalent report array,True,DEVELOPMENT_DIAGNOSTIC_EVIDENCE,NO_MATERIAL_RETENTION_LOSS_SUPPORTED
D0-D_MASK_PADDING_SENSITIVITY,B_seed3409,B,3409,FROZEN_PROBE_ACROSS_VIEW,last,final_valid,interaction,raw33.mean_front_distance,continuous,R2,0.9501600423720641,0.004099450249718085,-0.224037449369159,0.21463728345969937,False,False,False,400,80,79,"five-fold GroupKFold grouped by scenario_token; identical rows/folds/targets/ridge-logistic grid across views; paired loss CI uses 5,000 log-cluster bootstrap replicates",ego13 from frozen Stage7L ego_seq plus mask; raw33 from frozen Stage7L interaction_feat_style raw-equivalent report array,True,DEVELOPMENT_DIAGNOSTIC_EVIDENCE,NO_MATERIAL_RETENTION_LOSS_SUPPORTED
D0-D_MASK_PADDING_SENSITIVITY,B_seed3409,B,3409,FROZEN_PROBE_ACROSS_VIEW,last,final_valid,interaction,raw33.mean_rel_speed,continuous,R2,0.9090940361934766,0.031057518599023625,-0.17851147514812563,0.2763986801825196,False,False,False,400,80,79,"five-fold GroupKFold grouped by scenario_token; identical rows/folds/targets/ridge-logistic grid across views; paired loss CI uses 5,000 log-cluster bootstrap replicates",ego13 from frozen Stage7L ego_seq plus mask; raw33 from frozen Stage7L interaction_feat_style raw-equivalent report array,True,DEVELOPMENT_DIAGNOSTIC_EVIDENCE,NO_MATERIAL_RETENTION_LOSS_SUPPORTED
D0-D_MASK_PADDING_SENSITIVITY,B_seed3409,B,3409,FROZEN_PROBE_ACROSS_VIEW,last,last,longitudinal,ego13.end_minus_start_speed,continuous,R2,0.9081664702909304,0.0,0.0,0.0,False,False,False,400,80,79,"five-fold GroupKFold grouped by scenario_token; identical rows/folds/targets/ridge-logistic grid across views; paired loss CI uses 5,000 log-cluster bootstrap replicates",ego13 from frozen Stage7L ego_seq plus mask; raw33 from frozen Stage7L interaction_feat_style raw-equivalent report array,False,DEVELOPMENT_DIAGNOSTIC_EVIDENCE,NO_MATERIAL_RETENTION_LOSS_SUPPORTED
D0-D_MASK_PADDING_SENSITIVITY,B_seed3409,B,3409,FROZEN_PROBE_ACROSS_VIEW,last,last,lateral,ego13.heading_change_abs_total,continuous,R2,-0.0029880184782773433,0.0,0.0,0.0,False,False,False,400,80,79,"five-fold GroupKFold grouped by scenario_token; identical rows/folds/targets/ridge-logistic grid across views; paired loss CI uses 5,000 log-cluster bootstrap replicates",ego13 from frozen Stage7L ego_seq plus mask; raw33 from frozen Stage7L interaction_feat_style raw-equivalent report array,False,DEVELOPMENT_DIAGNOSTIC_EVIDENCE,NO_MATERIAL_RETENTION_LOSS_SUPPORTED
D0-D_MASK_PADDING_SENSITIVITY,B_seed3409,B,3409,FROZEN_PROBE_ACROSS_VIEW,last,last,longitudinal,ego13.mean_speed,continuous,R2,0.8356727616772277,0.0,0.0,0.0,False,False,False,400,80,79,"five-fold GroupKFold grouped by scenario_token; identical rows/folds/targets/ridge-logistic grid across views; paired loss CI uses 5,000 log-cluster bootstrap replicates",ego13 from frozen Stage7L ego_seq plus mask; raw33 from frozen Stage7L interaction_feat_style raw-equivalent report array,False,DEVELOPMENT_DIAGNOSTIC_EVIDENCE,NO_MATERIAL_RETENTION_LOSS_SUPPORTED
D0-D_MASK_PADDING_SENSITIVITY,B_seed3409,B,3409,FROZEN_PROBE_ACROSS_VIEW,last,last,longitudinal,ego13.rms_accel,continuous,R2,0.8618286946198225,0.0,0.0,0.0,False,False,False,400,80,79,"five-fold GroupKFold grouped by scenario_token; identical rows/folds/targets/ridge-logistic grid across views; paired loss CI uses 5,000 log-cluster bootstrap replicates",ego13 from frozen Stage7L ego_seq plus mask; raw33 from frozen Stage7L interaction_feat_style raw-equivalent report array,False,DEVELOPMENT_DIAGNOSTIC_EVIDENCE,NO_MATERIAL_RETENTION_LOSS_SUPPORTED
D0-D_MASK_PADDING_SENSITIVITY,B_seed3409,B,3409,FROZEN_PROBE_ACROSS_VIEW,last,last,lateral,ego13.rms_yaw_rate,continuous,R2,0.08044756556229171,0.0,0.0,0.0,False,False,False,400,80,79,"five-fold GroupKFold grouped by scenario_token; identical rows/folds/targets/ridge-logistic grid across views; paired loss CI uses 5,000 log-cluster bootstrap replicates",ego13 from frozen Stage7L ego_seq plus mask; raw33 from frozen Stage7L interaction_feat_style raw-equivalent report array,False,DEVELOPMENT_DIAGNOSTIC_EVIDENCE,NO_MATERIAL_RETENTION_LOSS_SUPPORTED
D0-D_MASK_PADDING_SENSITIVITY,B_seed3409,B,3409,FROZEN_PROBE_ACROSS_VIEW,last,last,interaction,raw33.front_pressure_score,continuous,R2,0.883643982252882,0.0,0.0,0.0,False,False,False,400,80,79,"five-fold GroupKFold grouped by scenario_token; identical rows/folds/targets/ridge-logistic grid across views; paired loss CI uses 5,000 log-cluster bootstrap replicates",ego13 from frozen Stage7L ego_seq plus mask; raw33 from frozen Stage7L interaction_feat_style raw-equivalent report array,False,DEVELOPMENT_DIAGNOSTIC_EVIDENCE,NO_MATERIAL_RETENTION_LOSS_SUPPORTED
D0-D_MASK_PADDING_SENSITIVITY,B_seed3409,B,3409,FROZEN_PROBE_ACROSS_VIEW,last,last,lateral,raw33.lane_change_count_proxy,categorical,balanced_accuracy,0.9166666666666667,0.0,0.0,0.0,False,False,False,400,80,79,"five-fold GroupKFold grouped by scenario_token; identical rows/folds/targets/ridge-logistic grid across views; paired loss CI uses 5,000 log-cluster bootstrap replicates",ego13 from frozen Stage7L ego_seq plus mask; raw33 from frozen Stage7L interaction_feat_style raw-equivalent report array,False,DEVELOPMENT_DIAGNOSTIC_EVIDENCE,NO_MATERIAL_RETENTION_LOSS_SUPPORTED
D0-D_MASK_PADDING_SENSITIVITY,B_seed3409,B,3409,FROZEN_PROBE_ACROSS_VIEW,last,last,interaction,raw33.mean_front_distance,continuous,R2,0.9502135035697189,0.0,0.0,0.0,False,False,False,400,80,79,"five-fold GroupKFold grouped by scenario_token; identical rows/folds/targets/ridge-logistic grid across views; paired loss CI uses 5,000 log-cluster bootstrap replicates",ego13 from frozen Stage7L ego_seq plus mask; raw33 from frozen Stage7L interaction_feat_style raw-equivalent report array,False,DEVELOPMENT_DIAGNOSTIC_EVIDENCE,NO_MATERIAL_RETENTION_LOSS_SUPPORTED
D0-D_MASK_PADDING_SENSITIVITY,B_seed3409,B,3409,FROZEN_PROBE_ACROSS_VIEW,last,last,interaction,raw33.mean_rel_speed,continuous,R2,0.9118327936189885,0.0,0.0,0.0,False,False,False,400,80,79,"five-fold GroupKFold grouped by scenario_token; identical rows/folds/targets/ridge-logistic grid across views; paired loss CI uses 5,000 log-cluster bootstrap replicates",ego13 from frozen Stage7L ego_seq plus mask; raw33 from frozen Stage7L interaction_feat_style raw-equivalent report array,False,DEVELOPMENT_DIAGNOSTIC_EVIDENCE,NO_MATERIAL_RETENTION_LOSS_SUPPORTED
D0-D_MASK_PADDING_SENSITIVITY,B_seed3409,B,3409,FROZEN_PROBE_ACROSS_VIEW,last,masked_mean,longitudinal,ego13.end_minus_start_speed,continuous,R2,0.15139986806335248,0.584271522116826,0.4715035884449904,0.7431009068653776,True,True,False,400,80,79,"five-fold GroupKFold grouped by scenario_token; identical rows/folds/targets/ridge-logistic grid across views; paired loss CI uses 5,000 log-cluster bootstrap replicates",ego13 from frozen Stage7L ego_seq plus mask; raw33 from frozen Stage7L interaction_feat_style raw-equivalent report array,True,DEVELOPMENT_DIAGNOSTIC_EVIDENCE,COORDINATE_GEOMETRY_SHIFT_FAVORED
D0-D_MASK_PADDING_SENSITIVITY,B_seed3409,B,3409,FROZEN_PROBE_ACROSS_VIEW,last,masked_mean,lateral,ego13.heading_change_abs_total,continuous,R2,-0.7251688215002752,0.28661626107932414,0.12593217578442206,0.42469935640260775,True,True,False,400,80,79,"five-fold GroupKFold grouped by scenario_token; identical rows/folds/targets/ridge-logistic grid across views; paired loss CI uses 5,000 log-cluster bootstrap replicates",ego13 from frozen Stage7L ego_seq plus mask; raw33 from frozen Stage7L interaction_feat_style raw-equivalent report array,True,DEVELOPMENT_DIAGNOSTIC_EVIDENCE,COORDINATE_GEOMETRY_SHIFT_FAVORED
D0-D_MASK_PADDING_SENSITIVITY,B_seed3409,B,3409,FROZEN_PROBE_ACROSS_VIEW,last,masked_mean,longitudinal,ego13.mean_speed,continuous,R2,0.380138101001846,0.4653312069940181,0.29910427866225053,0.6286183473924638,True,True,False,400,80,79,"five-fold GroupKFold grouped by scenario_token; identical rows/folds/targets/ridge-logistic grid across views; paired loss CI uses 5,000 log-cluster bootstrap replicates",ego13 from frozen Stage7L ego_seq plus mask; raw33 from frozen Stage7L interaction_feat_style raw-equivalent report array,True,DEVELOPMENT_DIAGNOSTIC_EVIDENCE,REFIT_VIEW_GAIN_NOT_INFORMATION_LOSS
D0-D_MASK_PADDING_SENSITIVITY,B_seed3409,B,3409,FROZEN_PROBE_ACROSS_VIEW,last,masked_mean,longitudinal,ego13.rms_accel,continuous,R2,-0.9779793037685358,0.483330816568393,0.3890332749796797,0.6094051580443652,True,True,False,400,80,79,"five-fold GroupKFold grouped by scenario_token; identical rows/folds/targets/ridge-logistic grid across views; paired loss CI uses 5,000 log-cluster bootstrap replicates",ego13 from frozen Stage7L ego_seq plus mask; raw33 from frozen Stage7L interaction_feat_style raw-equivalent report array,True,DEVELOPMENT_DIAGNOSTIC_EVIDENCE,INFORMATION_RETENTION_LOSS_FAVORED
D0-D_MASK_PADDING_SENSITIVITY,B_seed3409,B,3409,FROZEN_PROBE_ACROSS_VIEW,last,masked_mean,lateral,ego13.rms_yaw_rate,continuous,R2,0.048864623920527595,0.034588483633299555,-0.16231900318331757,0.3010088889970237,False,False,False,400,80,79,"five-fold GroupKFold grouped by scenario_token; identical rows/folds/targets/ridge-logistic grid across views; paired loss CI uses 5,000 log-cluster bootstrap replicates",ego13 from frozen Stage7L ego_seq plus mask; raw33 from frozen Stage7L interaction_feat_style raw-equivalent report array,True,DEVELOPMENT_DIAGNOSTIC_EVIDENCE,NO_MATERIAL_RETENTION_LOSS_SUPPORTED
D0-D_MASK_PADDING_SENSITIVITY,B_seed3409,B,3409,FROZEN_PROBE_ACROSS_VIEW,last,masked_mean,interaction,raw33.front_pressure_score,continuous,R2,0.8663559919580481,0.09221312793025935,-0.17550582433767842,0.2533420464972905,False,False,False,400,80,79,"five-fold GroupKFold grouped by scenario_token; identical rows/folds/targets/ridge-logistic grid across views; paired loss CI uses 5,000 log-cluster bootstrap replicates",ego13 from frozen Stage7L ego_seq plus mask; raw33 from frozen Stage7L interaction_feat_style raw-equivalent report array,True,DEVELOPMENT_DIAGNOSTIC_EVIDENCE,NO_MATERIAL_RETENTION_LOSS_SUPPORTED
D0-D_MASK_PADDING_SENSITIVITY,B_seed3409,B,3409,FROZEN_PROBE_ACROSS_VIEW,last,masked_mean,lateral,raw33.lane_change_count_proxy,categorical,balanced_accuracy,0.9166666666666667,0.0,0.0,0.0,False,False,False,400,80,79,"five-fold GroupKFold grouped by scenario_token; identical rows/folds/targets/ridge-logistic grid across views; paired loss CI uses 5,000 log-cluster bootstrap replicates",ego13 from frozen Stage7L ego_seq plus mask; raw33 from frozen Stage7L interaction_feat_style raw-equivalent report array,True,DEVELOPMENT_DIAGNOSTIC_EVIDENCE,NO_MATERIAL_RETENTION_LOSS_SUPPORTED
D0-D_MASK_PADDING_SENSITIVITY,B_seed3409,B,3409,FROZEN_PROBE_ACROSS_VIEW,last,masked_mean,interaction,raw33.mean_front_distance,continuous,R2,0.9175039376459144,0.33123662940882515,0.12504435133550626,0.5487013046694033,True,True,False,400,80,79,"five-fold GroupKFold grouped by scenario_token; identical rows/folds/targets/ridge-logistic grid across views; paired loss CI uses 5,000 log-cluster bootstrap replicates",ego13 from frozen Stage7L ego_seq plus mask; raw33 from frozen Stage7L interaction_feat_style raw-equivalent report array,True,DEVELOPMENT_DIAGNOSTIC_EVIDENCE,INFORMATION_RETENTION_LOSS_FAVORED
D0-D_MASK_PADDING_SENSITIVITY,B_seed3409,B,3409,FROZEN_PROBE_ACROSS_VIEW,last,masked_mean,interaction,raw33.mean_rel_speed,continuous,R2,0.8713650087920863,0.1941835001028486,-0.016665553295790562,0.3918856045949113,False,False,False,400,80,79,"five-fold GroupKFold grouped by scenario_token; identical rows/folds/targets/ridge-logistic grid across views; paired loss CI uses 5,000 log-cluster bootstrap replicates",ego13 from frozen Stage7L ego_seq plus mask; raw33 from frozen Stage7L interaction_feat_style raw-equivalent report array,True,DEVELOPMENT_DIAGNOSTIC_EVIDENCE,NO_MATERIAL_RETENTION_LOSS_SUPPORTED
D0-D_MASK_PADDING_SENSITIVITY,B_seed3409,B,3409,SAME_CAPACITY_REFIT_PROBE_PER_VIEW,last,final_valid,longitudinal,ego13.end_minus_start_speed,continuous,R2,0.9383642470282075,-0.16168020583822215,-0.39987490426350153,0.06048093278554051,False,False,False,400,80,79,"five-fold GroupKFold grouped by scenario_token; identical rows/folds/targets/ridge-logistic grid across views; paired loss CI uses 5,000 log-cluster bootstrap replicates",ego13 from frozen Stage7L ego_seq plus mask; raw33 from frozen Stage7L interaction_feat_style raw-equivalent report array,True,DEVELOPMENT_DIAGNOSTIC_EVIDENCE,NO_MATERIAL_RETENTION_LOSS_SUPPORTED
D0-D_MASK_PADDING_SENSITIVITY,B_seed3409,B,3409,SAME_CAPACITY_REFIT_PROBE_PER_VIEW,last,final_valid,lateral,ego13.heading_change_abs_total,continuous,R2,-0.02895110087758157,0.04918872356423479,-0.15829083083700313,0.29001924252402994,False,False,False,400,80,79,"five-fold GroupKFold grouped by scenario_token; identical rows/folds/targets/ridge-logistic grid across views; paired loss CI uses 5,000 log-cluster bootstrap replicates",ego13 from frozen Stage7L ego_seq plus mask; raw33 from frozen Stage7L interaction_feat_style raw-equivalent report array,True,DEVELOPMENT_DIAGNOSTIC_EVIDENCE,NO_MATERIAL_RETENTION_LOSS_SUPPORTED
D0-D_MASK_PADDING_SENSITIVITY,B_seed3409,B,3409,SAME_CAPACITY_REFIT_PROBE_PER_VIEW,last,final_valid,longitudinal,ego13.mean_speed,continuous,R2,0.8898210748144212,-0.15069143981804584,-0.352197747925538,0.062138390402881015,False,False,False,400,80,79,"five-fold GroupKFold grouped by scenario_token; identical rows/folds/targets/ridge-logistic grid across views; paired loss CI uses 5,000 log-cluster bootstrap replicates",ego13 from frozen Stage7L ego_seq plus mask; raw33 from frozen Stage7L interaction_feat_style raw-equivalent report array,True,DEVELOPMENT_DIAGNOSTIC_EVIDENCE,NO_MATERIAL_RETENTION_LOSS_SUPPORTED
D0-D_MASK_PADDING_SENSITIVITY,B_seed3409,B,3409,SAME_CAPACITY_REFIT_PROBE_PER_VIEW,last,final_valid,longitudinal,ego13.rms_accel,continuous,R2,0.8470148058906934,0.07893427747377928,-0.16953091705781081,0.2542135952042663,False,False,False,400,80,79,"five-fold GroupKFold grouped by scenario_token; identical rows/folds/targets/ridge-logistic grid across views; paired loss CI uses 5,000 log-cluster bootstrap replicates",ego13 from frozen Stage7L ego_seq plus mask; raw33 from frozen Stage7L interaction_feat_style raw-equivalent report array,True,DEVELOPMENT_DIAGNOSTIC_EVIDENCE,COORDINATE_GEOMETRY_SHIFT_FAVORED
D0-D_MASK_PADDING_SENSITIVITY,B_seed3409,B,3409,SAME_CAPACITY_REFIT_PROBE_PER_VIEW,last,final_valid,lateral,ego13.rms_yaw_rate,continuous,R2,0.02229332736786782,0.10902131218651816,-0.15269061887815888,0.25425657198473955,False,False,False,400,80,79,"five-fold GroupKFold grouped by scenario_token; identical rows/folds/targets/ridge-logistic grid across views; paired loss CI uses 5,000 log-cluster bootstrap replicates",ego13 from frozen Stage7L ego_seq plus mask; raw33 from frozen Stage7L interaction_feat_style raw-equivalent report array,True,DEVELOPMENT_DIAGNOSTIC_EVIDENCE,COORDINATE_GEOMETRY_SHIFT_FAVORED
D0-D_MASK_PADDING_SENSITIVITY,B_seed3409,B,3409,SAME_CAPACITY_REFIT_PROBE_PER_VIEW,last,final_valid,interaction,raw33.front_pressure_score,continuous,R2,0.8767217820689597,0.10082129488615667,-0.1280461764919542,0.286737215710096,False,False,False,400,80,79,"five-fold GroupKFold grouped by scenario_token; identical rows/folds/targets/ridge-logistic grid across views; paired loss CI uses 5,000 log-cluster bootstrap replicates",ego13 from frozen Stage7L ego_seq plus mask; raw33 from frozen Stage7L interaction_feat_style raw-equivalent report array,True,DEVELOPMENT_DIAGNOSTIC_EVIDENCE,NO_MATERIAL_RETENTION_LOSS_SUPPORTED
D0-D_MASK_PADDING_SENSITIVITY,B_seed3409,B,3409,SAME_CAPACITY_REFIT_PROBE_PER_VIEW,last,final_valid,lateral,raw33.lane_change_count_proxy,categorical,balanced_accuracy,0.9444444444444444,-0.11250879009260241,-0.1974183814182091,0.0,False,False,False,400,80,79,"five-fold GroupKFold grouped by scenario_token; identical rows/folds/targets/ridge-logistic grid across views; paired loss CI uses 5,000 log-cluster bootstrap replicates",ego13 from frozen Stage7L ego_seq plus mask; raw33 from frozen Stage7L interaction_feat_style raw-equivalent report array,True,DEVELOPMENT_DIAGNOSTIC_EVIDENCE,NO_MATERIAL_RETENTION_LOSS_SUPPORTED
D0-D_MASK_PADDING_SENSITIVITY,B_seed3409,B,3409,SAME_CAPACITY_REFIT_PROBE_PER_VIEW,last,final_valid,interaction,raw33.mean_front_distance,continuous,R2,0.950635135261718,-0.02443463636585727,-0.27002375365215586,0.1856632944387765,False,False,False,400,80,79,"five-fold GroupKFold grouped by scenario_token; identical rows/folds/targets/ridge-logistic grid across views; paired loss CI uses 5,000 log-cluster bootstrap replicates",ego13 from frozen Stage7L ego_seq plus mask; raw33 from frozen Stage7L interaction_feat_style raw-equivalent report array,True,DEVELOPMENT_DIAGNOSTIC_EVIDENCE,NO_MATERIAL_RETENTION_LOSS_SUPPORTED
D0-D_MASK_PADDING_SENSITIVITY,B_seed3409,B,3409,SAME_CAPACITY_REFIT_PROBE_PER_VIEW,last,final_valid,interaction,raw33.mean_rel_speed,continuous,R2,0.9222639863398608,-0.20313138618823479,-0.3823401100693947,0.01665314442338654,False,False,False,400,80,79,"five-fold GroupKFold grouped by scenario_token; identical rows/folds/targets/ridge-logistic grid across views; paired loss CI uses 5,000 log-cluster bootstrap replicates",ego13 from frozen Stage7L ego_seq plus mask; raw33 from frozen Stage7L interaction_feat_style raw-equivalent report array,True,DEVELOPMENT_DIAGNOSTIC_EVIDENCE,NO_MATERIAL_RETENTION_LOSS_SUPPORTED
D0-D_MASK_PADDING_SENSITIVITY,B_seed3409,B,3409,SAME_CAPACITY_REFIT_PROBE_PER_VIEW,last,last,longitudinal,ego13.end_minus_start_speed,continuous,R2,0.9081664702909304,0.0,0.0,0.0,False,False,False,400,80,79,"five-fold GroupKFold grouped by scenario_token; identical rows/folds/targets/ridge-logistic grid across views; paired loss CI uses 5,000 log-cluster bootstrap replicates",ego13 from frozen Stage7L ego_seq plus mask; raw33 from frozen Stage7L interaction_feat_style raw-equivalent report array,False,DEVELOPMENT_DIAGNOSTIC_EVIDENCE,NO_MATERIAL_RETENTION_LOSS_SUPPORTED
D0-D_MASK_PADDING_SENSITIVITY,B_seed3409,B,3409,SAME_CAPACITY_REFIT_PROBE_PER_VIEW,last,last,lateral,ego13.heading_change_abs_total,continuous,R2,-0.0029880184782773433,0.0,0.0,0.0,False,False,False,400,80,79,"five-fold GroupKFold grouped by scenario_token; identical rows/folds/targets/ridge-logistic grid across views; paired loss CI uses 5,000 log-cluster bootstrap replicates",ego13 from frozen Stage7L ego_seq plus mask; raw33 from frozen Stage7L interaction_feat_style raw-equivalent report array,False,DEVELOPMENT_DIAGNOSTIC_EVIDENCE,NO_MATERIAL_RETENTION_LOSS_SUPPORTED
D0-D_MASK_PADDING_SENSITIVITY,B_seed3409,B,3409,SAME_CAPACITY_REFIT_PROBE_PER_VIEW,last,last,longitudinal,ego13.mean_speed,continuous,R2,0.8356727616772277,0.0,0.0,0.0,False,False,False,400,80,79,"five-fold GroupKFold grouped by scenario_token; identical rows/folds/targets/ridge-logistic grid across views; paired loss CI uses 5,000 log-cluster bootstrap replicates",ego13 from frozen Stage7L ego_seq plus mask; raw33 from frozen Stage7L interaction_feat_style raw-equivalent report array,False,DEVELOPMENT_DIAGNOSTIC_EVIDENCE,NO_MATERIAL_RETENTION_LOSS_SUPPORTED
D0-D_MASK_PADDING_SENSITIVITY,B_seed3409,B,3409,SAME_CAPACITY_REFIT_PROBE_PER_VIEW,last,last,longitudinal,ego13.rms_accel,continuous,R2,0.8618286946198225,0.0,0.0,0.0,False,False,False,400,80,79,"five-fold GroupKFold grouped by scenario_token; identical rows/folds/targets/ridge-logistic grid across views; paired loss CI uses 5,000 log-cluster bootstrap replicates",ego13 from frozen Stage7L ego_seq plus mask; raw33 from frozen Stage7L interaction_feat_style raw-equivalent report array,False,DEVELOPMENT_DIAGNOSTIC_EVIDENCE,NO_MATERIAL_RETENTION_LOSS_SUPPORTED
D0-D_MASK_PADDING_SENSITIVITY,B_seed3409,B,3409,SAME_CAPACITY_REFIT_PROBE_PER_VIEW,last,last,lateral,ego13.rms_yaw_rate,continuous,R2,0.08044756556229171,0.0,0.0,0.0,False,False,False,400,80,79,"five-fold GroupKFold grouped by scenario_token; identical rows/folds/targets/ridge-logistic grid across views; paired loss CI uses 5,000 log-cluster bootstrap replicates",ego13 from frozen Stage7L ego_seq plus mask; raw33 from frozen Stage7L interaction_feat_style raw-equivalent report array,False,DEVELOPMENT_DIAGNOSTIC_EVIDENCE,NO_MATERIAL_RETENTION_LOSS_SUPPORTED
D0-D_MASK_PADDING_SENSITIVITY,B_seed3409,B,3409,SAME_CAPACITY_REFIT_PROBE_PER_VIEW,last,last,interaction,raw33.front_pressure_score,continuous,R2,0.883643982252882,0.0,0.0,0.0,False,False,False,400,80,79,"five-fold GroupKFold grouped by scenario_token; identical rows/folds/targets/ridge-logistic grid across views; paired loss CI uses 5,000 log-cluster bootstrap replicates",ego13 from frozen Stage7L ego_seq plus mask; raw33 from frozen Stage7L interaction_feat_style raw-equivalent report array,False,DEVELOPMENT_DIAGNOSTIC_EVIDENCE,NO_MATERIAL_RETENTION_LOSS_SUPPORTED
D0-D_MASK_PADDING_SENSITIVITY,B_seed3409,B,3409,SAME_CAPACITY_REFIT_PROBE_PER_VIEW,last,last,lateral,raw33.lane_change_count_proxy,categorical,balanced_accuracy,0.9166666666666667,0.0,0.0,0.0,False,False,False,400,80,79,"five-fold GroupKFold grouped by scenario_token; identical rows/folds/targets/ridge-logistic grid across views; paired loss CI uses 5,000 log-cluster bootstrap replicates",ego13 from frozen Stage7L ego_seq plus mask; raw33 from frozen Stage7L interaction_feat_style raw-equivalent report array,False,DEVELOPMENT_DIAGNOSTIC_EVIDENCE,NO_MATERIAL_RETENTION_LOSS_SUPPORTED
D0-D_MASK_PADDING_SENSITIVITY,B_seed3409,B,3409,SAME_CAPACITY_REFIT_PROBE_PER_VIEW,last,last,interaction,raw33.mean_front_distance,continuous,R2,0.9502135035697189,0.0,0.0,0.0,False,False,False,400,80,79,"five-fold GroupKFold grouped by scenario_token; identical rows/folds/targets/ridge-logistic grid across views; paired loss CI uses 5,000 log-cluster bootstrap replicates",ego13 from frozen Stage7L ego_seq plus mask; raw33 from frozen Stage7L interaction_feat_style raw-equivalent report array,False,DEVELOPMENT_DIAGNOSTIC_EVIDENCE,NO_MATERIAL_RETENTION_LOSS_SUPPORTED
D0-D_MASK_PADDING_SENSITIVITY,B_seed3409,B,3409,SAME_CAPACITY_REFIT_PROBE_PER_VIEW,last,last,interaction,raw33.mean_rel_speed,continuous,R2,0.9118327936189885,0.0,0.0,0.0,False,False,False,400,80,79,"five-fold GroupKFold grouped by scenario_token; identical rows/folds/targets/ridge-logistic grid across views; paired loss CI uses 5,000 log-cluster bootstrap replicates",ego13 from frozen Stage7L ego_seq plus mask; raw33 from frozen Stage7L interaction_feat_style raw-equivalent report array,False,DEVELOPMENT_DIAGNOSTIC_EVIDENCE,NO_MATERIAL_RETENTION_LOSS_SUPPORTED
D0-D_MASK_PADDING_SENSITIVITY,B_seed3409,B,3409,SAME_CAPACITY_REFIT_PROBE_PER_VIEW,last,masked_mean,longitudinal,ego13.end_minus_start_speed,continuous,R2,0.8758243580880427,0.07546930959598254,-0.30316281981244414,0.21784159714915097,False,False,False,400,80,79,"five-fold GroupKFold grouped by scenario_token; identical rows/folds/targets/ridge-logistic grid across views; paired loss CI uses 5,000 log-cluster bootstrap replicates",ego13 from frozen Stage7L ego_seq plus mask; raw33 from frozen Stage7L interaction_feat_style raw-equivalent report array,True,DEVELOPMENT_DIAGNOSTIC_EVIDENCE,COORDINATE_GEOMETRY_SHIFT_FAVORED
D0-D_MASK_PADDING_SENSITIVITY,B_seed3409,B,3409,SAME_CAPACITY_REFIT_PROBE_PER_VIEW,last,masked_mean,lateral,ego13.heading_change_abs_total,continuous,R2,0.004606883237860182,-0.007582589947496171,-0.24168237288052774,0.19654493211057392,False,False,False,400,80,79,"five-fold GroupKFold grouped by scenario_token; identical rows/folds/targets/ridge-logistic grid across views; paired loss CI uses 5,000 log-cluster bootstrap replicates",ego13 from frozen Stage7L ego_seq plus mask; raw33 from frozen Stage7L interaction_feat_style raw-equivalent report array,True,DEVELOPMENT_DIAGNOSTIC_EVIDENCE,COORDINATE_GEOMETRY_SHIFT_FAVORED
D0-D_MASK_PADDING_SENSITIVITY,B_seed3409,B,3409,SAME_CAPACITY_REFIT_PROBE_PER_VIEW,last,masked_mean,longitudinal,ego13.mean_speed,continuous,R2,0.9713733636923902,-0.414561649976334,-0.553911438348398,-0.32743510433055256,True,False,True,400,80,79,"five-fold GroupKFold grouped by scenario_token; identical rows/folds/targets/ridge-logistic grid across views; paired loss CI uses 5,000 log-cluster bootstrap replicates",ego13 from frozen Stage7L ego_seq plus mask; raw33 from frozen Stage7L interaction_feat_style raw-equivalent report array,True,DEVELOPMENT_DIAGNOSTIC_EVIDENCE,REFIT_VIEW_GAIN_NOT_INFORMATION_LOSS
D0-D_MASK_PADDING_SENSITIVITY,B_seed3409,B,3409,SAME_CAPACITY_REFIT_PROBE_PER_VIEW,last,masked_mean,longitudinal,ego13.rms_accel,continuous,R2,0.657450152284218,0.2322371545868901,0.11679249754887423,0.3383161007997372,True,True,False,400,80,79,"five-fold GroupKFold grouped by scenario_token; identical rows/folds/targets/ridge-logistic grid across views; paired loss CI uses 5,000 log-cluster bootstrap replicates",ego13 from frozen Stage7L ego_seq plus mask; raw33 from frozen Stage7L interaction_feat_style raw-equivalent report array,True,DEVELOPMENT_DIAGNOSTIC_EVIDENCE,INFORMATION_RETENTION_LOSS_FAVORED
D0-D_MASK_PADDING_SENSITIVITY,B_seed3409,B,3409,SAME_CAPACITY_REFIT_PROBE_PER_VIEW,last,masked_mean,lateral,ego13.rms_yaw_rate,continuous,R2,0.10425349078434887,-0.026102994076233246,-0.271991972341423,0.18774709038987084,False,False,False,400,80,79,"five-fold GroupKFold grouped by scenario_token; identical rows/folds/targets/ridge-logistic grid across views; paired loss CI uses 5,000 log-cluster bootstrap replicates",ego13 from frozen Stage7L ego_seq plus mask; raw33 from frozen Stage7L interaction_feat_style raw-equivalent report array,True,DEVELOPMENT_DIAGNOSTIC_EVIDENCE,NO_MATERIAL_RETENTION_LOSS_SUPPORTED
D0-D_MASK_PADDING_SENSITIVITY,B_seed3409,B,3409,SAME_CAPACITY_REFIT_PROBE_PER_VIEW,last,masked_mean,interaction,raw33.front_pressure_score,continuous,R2,0.8853255648141866,-0.01969689349037545,-0.26345483268494485,0.18493751699141492,False,False,False,400,80,79,"five-fold GroupKFold grouped by scenario_token; identical rows/folds/targets/ridge-logistic grid across views; paired loss CI uses 5,000 log-cluster bootstrap replicates",ego13 from frozen Stage7L ego_seq plus mask; raw33 from frozen Stage7L interaction_feat_style raw-equivalent report array,True,DEVELOPMENT_DIAGNOSTIC_EVIDENCE,NO_MATERIAL_RETENTION_LOSS_SUPPORTED
D0-D_MASK_PADDING_SENSITIVITY,B_seed3409,B,3409,SAME_CAPACITY_REFIT_PROBE_PER_VIEW,last,masked_mean,lateral,raw33.lane_change_count_proxy,categorical,balanced_accuracy,0.9166666666666667,0.0,0.0,0.0,False,False,False,400,80,79,"five-fold GroupKFold grouped by scenario_token; identical rows/folds/targets/ridge-logistic grid across views; paired loss CI uses 5,000 log-cluster bootstrap replicates",ego13 from frozen Stage7L ego_seq plus mask; raw33 from frozen Stage7L interaction_feat_style raw-equivalent report array,True,DEVELOPMENT_DIAGNOSTIC_EVIDENCE,NO_MATERIAL_RETENTION_LOSS_SUPPORTED
D0-D_MASK_PADDING_SENSITIVITY,B_seed3409,B,3409,SAME_CAPACITY_REFIT_PROBE_PER_VIEW,last,masked_mean,interaction,raw33.mean_front_distance,continuous,R2,0.922067337745645,0.20771596137629927,0.015527540505926442,0.33497036965138427,True,True,False,400,80,79,"five-fold GroupKFold grouped by scenario_token; identical rows/folds/targets/ridge-logistic grid across views; paired loss CI uses 5,000 log-cluster bootstrap replicates",ego13 from frozen Stage7L ego_seq plus mask; raw33 from frozen Stage7L interaction_feat_style raw-equivalent report array,True,DEVELOPMENT_DIAGNOSTIC_EVIDENCE,INFORMATION_RETENTION_LOSS_FAVORED
D0-D_MASK_PADDING_SENSITIVITY,B_seed3409,B,3409,SAME_CAPACITY_REFIT_PROBE_PER_VIEW,last,masked_mean,interaction,raw33.mean_rel_speed,continuous,R2,0.9025388845596573,0.09947578125309638,-0.14345764772394118,0.2857930577349946,False,False,False,400,80,79,"five-fold GroupKFold grouped by scenario_token; identical rows/folds/targets/ridge-logistic grid across views; paired loss CI uses 5,000 log-cluster bootstrap replicates",ego13 from frozen Stage7L ego_seq plus mask; raw33 from frozen Stage7L interaction_feat_style raw-equivalent report array,True,DEVELOPMENT_DIAGNOSTIC_EVIDENCE,NO_MATERIAL_RETENTION_LOSS_SUPPORTED
D0-D_MASK_PADDING_SENSITIVITY,C_seed3407,C,3407,FROZEN_PROBE_ACROSS_VIEW,last,final_valid,longitudinal,ego13.end_minus_start_speed,continuous,R2,0.906164205743915,0.17324755435253675,0.09146019666260534,0.37667425818436406,True,True,False,400,80,79,"five-fold GroupKFold grouped by scenario_token; identical rows/folds/targets/ridge-logistic grid across views; paired loss CI uses 5,000 log-cluster bootstrap replicates",ego13 from frozen Stage7L ego_seq plus mask; raw33 from frozen Stage7L interaction_feat_style raw-equivalent report array,True,DEVELOPMENT_DIAGNOSTIC_EVIDENCE,REFIT_VIEW_GAIN_NOT_INFORMATION_LOSS
D0-D_MASK_PADDING_SENSITIVITY,C_seed3407,C,3407,FROZEN_PROBE_ACROSS_VIEW,last,final_valid,lateral,ego13.heading_change_abs_total,continuous,R2,-0.002176540479201794,-0.20249894809198205,-0.33764945333249075,-0.1360488415358406,True,False,True,400,80,79,"five-fold GroupKFold grouped by scenario_token; identical rows/folds/targets/ridge-logistic grid across views; paired loss CI uses 5,000 log-cluster bootstrap replicates",ego13 from frozen Stage7L ego_seq plus mask; raw33 from frozen Stage7L interaction_feat_style raw-equivalent report array,True,DEVELOPMENT_DIAGNOSTIC_EVIDENCE,MIXED_OR_UNRESOLVED
D0-D_MASK_PADDING_SENSITIVITY,C_seed3407,C,3407,FROZEN_PROBE_ACROSS_VIEW,last,final_valid,longitudinal,ego13.mean_speed,continuous,R2,0.9707761398409391,0.29976134753988376,0.18910320666937633,0.4198072711973181,True,True,False,400,80,79,"five-fold GroupKFold grouped by scenario_token; identical rows/folds/targets/ridge-logistic grid across views; paired loss CI uses 5,000 log-cluster bootstrap replicates",ego13 from frozen Stage7L ego_seq plus mask; raw33 from frozen Stage7L interaction_feat_style raw-equivalent report array,True,DEVELOPMENT_DIAGNOSTIC_EVIDENCE,REFIT_VIEW_GAIN_NOT_INFORMATION_LOSS
D0-D_MASK_PADDING_SENSITIVITY,C_seed3407,C,3407,FROZEN_PROBE_ACROSS_VIEW,last,final_valid,longitudinal,ego13.rms_accel,continuous,R2,0.7293291587767956,0.10294985526155553,-0.12278698491883475,0.31039402958789825,False,False,False,400,80,79,"five-fold GroupKFold grouped by scenario_token; identical rows/folds/targets/ridge-logistic grid across views; paired loss CI uses 5,000 log-cluster bootstrap replicates",ego13 from frozen Stage7L ego_seq plus mask; raw33 from frozen Stage7L interaction_feat_style raw-equivalent report array,True,DEVELOPMENT_DIAGNOSTIC_EVIDENCE,REFIT_VIEW_GAIN_NOT_INFORMATION_LOSS
D0-D_MASK_PADDING_SENSITIVITY,C_seed3407,C,3407,FROZEN_PROBE_ACROSS_VIEW,last,final_valid,lateral,ego13.rms_yaw_rate,continuous,R2,0.2914655043528789,0.009518566962963144,-0.2957557143288253,0.1736445484602989,False,False,False,400,80,79,"five-fold GroupKFold grouped by scenario_token; identical rows/folds/targets/ridge-logistic grid across views; paired loss CI uses 5,000 log-cluster bootstrap replicates",ego13 from frozen Stage7L ego_seq plus mask; raw33 from frozen Stage7L interaction_feat_style raw-equivalent report array,True,DEVELOPMENT_DIAGNOSTIC_EVIDENCE,REFIT_VIEW_GAIN_NOT_INFORMATION_LOSS
D0-D_MASK_PADDING_SENSITIVITY,C_seed3407,C,3407,FROZEN_PROBE_ACROSS_VIEW,last,final_valid,interaction,raw33.front_pressure_score,continuous,R2,0.8382692691201556,0.13910875895929006,-0.07910486803400213,0.3391418323787573,False,False,False,400,80,79,"five-fold GroupKFold grouped by scenario_token; identical rows/folds/targets/ridge-logistic grid across views; paired loss CI uses 5,000 log-cluster bootstrap replicates",ego13 from frozen Stage7L ego_seq plus mask; raw33 from frozen Stage7L interaction_feat_style raw-equivalent report array,True,DEVELOPMENT_DIAGNOSTIC_EVIDENCE,NO_MATERIAL_RETENTION_LOSS_SUPPORTED
D0-D_MASK_PADDING_SENSITIVITY,C_seed3407,C,3407,FROZEN_PROBE_ACROSS_VIEW,last,final_valid,lateral,raw33.lane_change_count_proxy,categorical,balanced_accuracy,0.9166666666666667,-0.11250879009260241,-0.1974183814182091,0.0,False,False,False,400,80,79,"five-fold GroupKFold grouped by scenario_token; identical rows/folds/targets/ridge-logistic grid across views; paired loss CI uses 5,000 log-cluster bootstrap replicates",ego13 from frozen Stage7L ego_seq plus mask; raw33 from frozen Stage7L interaction_feat_style raw-equivalent report array,True,DEVELOPMENT_DIAGNOSTIC_EVIDENCE,NO_MATERIAL_RETENTION_LOSS_SUPPORTED
D0-D_MASK_PADDING_SENSITIVITY,C_seed3407,C,3407,FROZEN_PROBE_ACROSS_VIEW,last,final_valid,interaction,raw33.mean_front_distance,continuous,R2,0.9471863994609928,0.09734450435522879,-0.1288037582841935,0.29477596338912454,False,False,False,400,80,79,"five-fold GroupKFold grouped by scenario_token; identical rows/folds/targets/ridge-logistic grid across views; paired loss CI uses 5,000 log-cluster bootstrap replicates",ego13 from frozen Stage7L ego_seq plus mask; raw33 from frozen Stage7L interaction_feat_style raw-equivalent report array,True,DEVELOPMENT_DIAGNOSTIC_EVIDENCE,NO_MATERIAL_RETENTION_LOSS_SUPPORTED
D0-D_MASK_PADDING_SENSITIVITY,C_seed3407,C,3407,FROZEN_PROBE_ACROSS_VIEW,last,final_valid,interaction,raw33.mean_rel_speed,continuous,R2,0.9153257107460981,0.05240583373244155,-0.17239804079151447,0.2654076491832332,False,False,False,400,80,79,"five-fold GroupKFold grouped by scenario_token; identical rows/folds/targets/ridge-logistic grid across views; paired loss CI uses 5,000 log-cluster bootstrap replicates",ego13 from frozen Stage7L ego_seq plus mask; raw33 from frozen Stage7L interaction_feat_style raw-equivalent report array,True,DEVELOPMENT_DIAGNOSTIC_EVIDENCE,NO_MATERIAL_RETENTION_LOSS_SUPPORTED
D0-D_MASK_PADDING_SENSITIVITY,C_seed3407,C,3407,FROZEN_PROBE_ACROSS_VIEW,last,last,longitudinal,ego13.end_minus_start_speed,continuous,R2,0.934367454674296,0.0,0.0,0.0,False,False,False,400,80,79,"five-fold GroupKFold grouped by scenario_token; identical rows/folds/targets/ridge-logistic grid across views; paired loss CI uses 5,000 log-cluster bootstrap replicates",ego13 from frozen Stage7L ego_seq plus mask; raw33 from frozen Stage7L interaction_feat_style raw-equivalent report array,False,DEVELOPMENT_DIAGNOSTIC_EVIDENCE,NO_MATERIAL_RETENTION_LOSS_SUPPORTED
D0-D_MASK_PADDING_SENSITIVITY,C_seed3407,C,3407,FROZEN_PROBE_ACROSS_VIEW,last,last,lateral,ego13.heading_change_abs_total,continuous,R2,-0.03319741919534547,0.0,0.0,0.0,False,False,False,400,80,79,"five-fold GroupKFold grouped by scenario_token; identical rows/folds/targets/ridge-logistic grid across views; paired loss CI uses 5,000 log-cluster bootstrap replicates",ego13 from frozen Stage7L ego_seq plus mask; raw33 from frozen Stage7L interaction_feat_style raw-equivalent report array,False,DEVELOPMENT_DIAGNOSTIC_EVIDENCE,NO_MATERIAL_RETENTION_LOSS_SUPPORTED
D0-D_MASK_PADDING_SENSITIVITY,C_seed3407,C,3407,FROZEN_PROBE_ACROSS_VIEW,last,last,longitudinal,ego13.mean_speed,continuous,R2,0.9857400472188077,0.0,0.0,0.0,False,False,False,400,80,79,"five-fold GroupKFold grouped by scenario_token; identical rows/folds/targets/ridge-logistic grid across views; paired loss CI uses 5,000 log-cluster bootstrap replicates",ego13 from frozen Stage7L ego_seq plus mask; raw33 from frozen Stage7L interaction_feat_style raw-equivalent report array,False,DEVELOPMENT_DIAGNOSTIC_EVIDENCE,NO_MATERIAL_RETENTION_LOSS_SUPPORTED
D0-D_MASK_PADDING_SENSITIVITY,C_seed3407,C,3407,FROZEN_PROBE_ACROSS_VIEW,last,last,longitudinal,ego13.rms_accel,continuous,R2,0.7640514802229974,0.0,0.0,0.0,False,False,False,400,80,79,"five-fold GroupKFold grouped by scenario_token; identical rows/folds/targets/ridge-logistic grid across views; paired loss CI uses 5,000 log-cluster bootstrap replicates",ego13 from frozen Stage7L ego_seq plus mask; raw33 from frozen Stage7L interaction_feat_style raw-equivalent report array,False,DEVELOPMENT_DIAGNOSTIC_EVIDENCE,NO_MATERIAL_RETENTION_LOSS_SUPPORTED
D0-D_MASK_PADDING_SENSITIVITY,C_seed3407,C,3407,FROZEN_PROBE_ACROSS_VIEW,last,last,lateral,ego13.rms_yaw_rate,continuous,R2,0.2988069833251815,0.0,0.0,0.0,False,False,False,400,80,79,"five-fold GroupKFold grouped by scenario_token; identical rows/folds/targets/ridge-logistic grid across views; paired loss CI uses 5,000 log-cluster bootstrap replicates",ego13 from frozen Stage7L ego_seq plus mask; raw33 from frozen Stage7L interaction_feat_style raw-equivalent report array,False,DEVELOPMENT_DIAGNOSTIC_EVIDENCE,NO_MATERIAL_RETENTION_LOSS_SUPPORTED
D0-D_MASK_PADDING_SENSITIVITY,C_seed3407,C,3407,FROZEN_PROBE_ACROSS_VIEW,last,last,interaction,raw33.front_pressure_score,continuous,R2,0.8493896326548055,0.0,0.0,0.0,False,False,False,400,80,79,"five-fold GroupKFold grouped by scenario_token; identical rows/folds/targets/ridge-logistic grid across views; paired loss CI uses 5,000 log-cluster bootstrap replicates",ego13 from frozen Stage7L ego_seq plus mask; raw33 from frozen Stage7L interaction_feat_style raw-equivalent report array,False,DEVELOPMENT_DIAGNOSTIC_EVIDENCE,NO_MATERIAL_RETENTION_LOSS_SUPPORTED
D0-D_MASK_PADDING_SENSITIVITY,C_seed3407,C,3407,FROZEN_PROBE_ACROSS_VIEW,last,last,lateral,raw33.lane_change_count_proxy,categorical,balanced_accuracy,0.9153577661431065,0.0,0.0,0.0,False,False,False,400,80,79,"five-fold GroupKFold grouped by scenario_token; identical rows/folds/targets/ridge-logistic grid across views; paired loss CI uses 5,000 log-cluster bootstrap replicates",ego13 from frozen Stage7L ego_seq plus mask; raw33 from frozen Stage7L interaction_feat_style raw-equivalent report array,False,DEVELOPMENT_DIAGNOSTIC_EVIDENCE,NO_MATERIAL_RETENTION_LOSS_SUPPORTED
D0-D_MASK_PADDING_SENSITIVITY,C_seed3407,C,3407,FROZEN_PROBE_ACROSS_VIEW,last,last,interaction,raw33.mean_front_distance,continuous,R2,0.9500160821758097,0.0,0.0,0.0,False,False,False,400,80,79,"five-fold GroupKFold grouped by scenario_token; identical rows/folds/targets/ridge-logistic grid across views; paired loss CI uses 5,000 log-cluster bootstrap replicates",ego13 from frozen Stage7L ego_seq plus mask; raw33 from frozen Stage7L interaction_feat_style raw-equivalent report array,False,DEVELOPMENT_DIAGNOSTIC_EVIDENCE,NO_MATERIAL_RETENTION_LOSS_SUPPORTED
D0-D_MASK_PADDING_SENSITIVITY,C_seed3407,C,3407,FROZEN_PROBE_ACROSS_VIEW,last,last,interaction,raw33.mean_rel_speed,continuous,R2,0.9172663989083436,0.0,0.0,0.0,False,False,False,400,80,79,"five-fold GroupKFold grouped by scenario_token; identical rows/folds/targets/ridge-logistic grid across views; paired loss CI uses 5,000 log-cluster bootstrap replicates",ego13 from frozen Stage7L ego_seq plus mask; raw33 from frozen Stage7L interaction_feat_style raw-equivalent report array,False,DEVELOPMENT_DIAGNOSTIC_EVIDENCE,NO_MATERIAL_RETENTION_LOSS_SUPPORTED
D0-D_MASK_PADDING_SENSITIVITY,C_seed3407,C,3407,FROZEN_PROBE_ACROSS_VIEW,last,masked_mean,longitudinal,ego13.end_minus_start_speed,continuous,R2,-18.01985946883965,1.4120283550503445,1.212205125096996,1.6792166879830457,True,True,False,400,80,79,"five-fold GroupKFold grouped by scenario_token; identical rows/folds/targets/ridge-logistic grid across views; paired loss CI uses 5,000 log-cluster bootstrap replicates",ego13 from frozen Stage7L ego_seq plus mask; raw33 from frozen Stage7L interaction_feat_style raw-equivalent report array,True,DEVELOPMENT_DIAGNOSTIC_EVIDENCE,REFIT_VIEW_GAIN_NOT_INFORMATION_LOSS
D0-D_MASK_PADDING_SENSITIVITY,C_seed3407,C,3407,FROZEN_PROBE_ACROSS_VIEW,last,masked_mean,lateral,ego13.heading_change_abs_total,continuous,R2,-0.7373977175977529,0.33690906553932964,0.21869107680406746,0.47150945553681656,True,True,False,400,80,79,"five-fold GroupKFold grouped by scenario_token; identical rows/folds/targets/ridge-logistic grid across views; paired loss CI uses 5,000 log-cluster bootstrap replicates",ego13 from frozen Stage7L ego_seq plus mask; raw33 from frozen Stage7L interaction_feat_style raw-equivalent report array,True,DEVELOPMENT_DIAGNOSTIC_EVIDENCE,REFIT_VIEW_GAIN_NOT_INFORMATION_LOSS
D0-D_MASK_PADDING_SENSITIVITY,C_seed3407,C,3407,FROZEN_PROBE_ACROSS_VIEW,last,masked_mean,longitudinal,ego13.mean_speed,continuous,R2,-30.207237863476905,3.0022362620348044,2.6838069431430953,3.45624015248104,True,True,False,400,80,79,"five-fold GroupKFold grouped by scenario_token; identical rows/folds/targets/ridge-logistic grid across views; paired loss CI uses 5,000 log-cluster bootstrap replicates",ego13 from frozen Stage7L ego_seq plus mask; raw33 from frozen Stage7L interaction_feat_style raw-equivalent report array,True,DEVELOPMENT_DIAGNOSTIC_EVIDENCE,REFIT_VIEW_GAIN_NOT_INFORMATION_LOSS
D0-D_MASK_PADDING_SENSITIVITY,C_seed3407,C,3407,FROZEN_PROBE_ACROSS_VIEW,last,masked_mean,longitudinal,ego13.rms_accel,continuous,R2,-75.51756816611474,1.2621790886780442,1.088331298063236,1.5039305460422283,True,True,False,400,80,79,"five-fold GroupKFold grouped by scenario_token; identical rows/folds/targets/ridge-logistic grid across views; paired loss CI uses 5,000 log-cluster bootstrap replicates",ego13 from frozen Stage7L ego_seq plus mask; raw33 from frozen Stage7L interaction_feat_style raw-equivalent report array,True,DEVELOPMENT_DIAGNOSTIC_EVIDENCE,REFIT_VIEW_GAIN_NOT_INFORMATION_LOSS
D0-D_MASK_PADDING_SENSITIVITY,C_seed3407,C,3407,FROZEN_PROBE_ACROSS_VIEW,last,masked_mean,lateral,ego13.rms_yaw_rate,continuous,R2,-3.1802694437939474,0.9897052703814073,0.7772524168225464,1.366907470329129,True,True,False,400,80,79,"five-fold GroupKFold grouped by scenario_token; identical rows/folds/targets/ridge-logistic grid across views; paired loss CI uses 5,000 log-cluster bootstrap replicates",ego13 from frozen Stage7L ego_seq plus mask; raw33 from frozen Stage7L interaction_feat_style raw-equivalent report array,True,DEVELOPMENT_DIAGNOSTIC_EVIDENCE,COORDINATE_GEOMETRY_SHIFT_FAVORED
D0-D_MASK_PADDING_SENSITIVITY,C_seed3407,C,3407,FROZEN_PROBE_ACROSS_VIEW,last,masked_mean,interaction,raw33.front_pressure_score,continuous,R2,0.7337606738329456,0.3103239252071602,0.1626417563343656,0.44641674894859945,True,True,False,400,80,79,"five-fold GroupKFold grouped by scenario_token; identical rows/folds/targets/ridge-logistic grid across views; paired loss CI uses 5,000 log-cluster bootstrap replicates",ego13 from frozen Stage7L ego_seq plus mask; raw33 from frozen Stage7L interaction_feat_style raw-equivalent report array,True,DEVELOPMENT_DIAGNOSTIC_EVIDENCE,COORDINATE_GEOMETRY_SHIFT_FAVORED
D0-D_MASK_PADDING_SENSITIVITY,C_seed3407,C,3407,FROZEN_PROBE_ACROSS_VIEW,last,masked_mean,lateral,raw33.lane_change_count_proxy,categorical,balanced_accuracy,0.9166666666666667,-0.11250879009260241,-0.1974183814182091,0.0,False,False,False,400,80,79,"five-fold GroupKFold grouped by scenario_token; identical rows/folds/targets/ridge-logistic grid across views; paired loss CI uses 5,000 log-cluster bootstrap replicates",ego13 from frozen Stage7L ego_seq plus mask; raw33 from frozen Stage7L interaction_feat_style raw-equivalent report array,True,DEVELOPMENT_DIAGNOSTIC_EVIDENCE,NO_MATERIAL_RETENTION_LOSS_SUPPORTED
D0-D_MASK_PADDING_SENSITIVITY,C_seed3407,C,3407,FROZEN_PROBE_ACROSS_VIEW,last,masked_mean,interaction,raw33.mean_front_distance,continuous,R2,0.8146951752932503,0.4586810013732704,0.3428247601488178,0.5927104174587288,True,True,False,400,80,79,"five-fold GroupKFold grouped by scenario_token; identical rows/folds/targets/ridge-logistic grid across views; paired loss CI uses 5,000 log-cluster bootstrap replicates",ego13 from frozen Stage7L ego_seq plus mask; raw33 from frozen Stage7L interaction_feat_style raw-equivalent report array,True,DEVELOPMENT_DIAGNOSTIC_EVIDENCE,COORDINATE_GEOMETRY_SHIFT_FAVORED
D0-D_MASK_PADDING_SENSITIVITY,C_seed3407,C,3407,FROZEN_PROBE_ACROSS_VIEW,last,masked_mean,interaction,raw33.mean_rel_speed,continuous,R2,0.911519912905429,0.049987516968654576,-0.16200844993569927,0.29812846362913376,False,False,False,400,80,79,"five-fold GroupKFold grouped by scenario_token; identical rows/folds/targets/ridge-logistic grid across views; paired loss CI uses 5,000 log-cluster bootstrap replicates",ego13 from frozen Stage7L ego_seq plus mask; raw33 from frozen Stage7L interaction_feat_style raw-equivalent report array,True,DEVELOPMENT_DIAGNOSTIC_EVIDENCE,NO_MATERIAL_RETENTION_LOSS_SUPPORTED
D0-D_MASK_PADDING_SENSITIVITY,C_seed3407,C,3407,SAME_CAPACITY_REFIT_PROBE_PER_VIEW,last,final_valid,longitudinal,ego13.end_minus_start_speed,continuous,R2,0.9851156402413839,-0.27122555957071753,-0.48242728712476307,-0.2091939363271581,True,False,True,400,80,79,"five-fold GroupKFold grouped by scenario_token; identical rows/folds/targets/ridge-logistic grid across views; paired loss CI uses 5,000 log-cluster bootstrap replicates",ego13 from frozen Stage7L ego_seq plus mask; raw33 from frozen Stage7L interaction_feat_style raw-equivalent report array,True,DEVELOPMENT_DIAGNOSTIC_EVIDENCE,REFIT_VIEW_GAIN_NOT_INFORMATION_LOSS
D0-D_MASK_PADDING_SENSITIVITY,C_seed3407,C,3407,SAME_CAPACITY_REFIT_PROBE_PER_VIEW,last,final_valid,lateral,ego13.heading_change_abs_total,continuous,R2,0.23981129868058892,-0.18033707181145955,-0.3343652459727523,0.009443296309529715,False,False,False,400,80,79,"five-fold GroupKFold grouped by scenario_token; identical rows/folds/targets/ridge-logistic grid across views; paired loss CI uses 5,000 log-cluster bootstrap replicates",ego13 from frozen Stage7L ego_seq plus mask; raw33 from frozen Stage7L interaction_feat_style raw-equivalent report array,True,DEVELOPMENT_DIAGNOSTIC_EVIDENCE,MIXED_OR_UNRESOLVED
D0-D_MASK_PADDING_SENSITIVITY,C_seed3407,C,3407,SAME_CAPACITY_REFIT_PROBE_PER_VIEW,last,final_valid,longitudinal,ego13.mean_speed,continuous,R2,0.9984856731341217,-0.3658468022324044,-0.4867979791281756,-0.2885279402190603,True,False,True,400,80,79,"five-fold GroupKFold grouped by scenario_token; identical rows/folds/targets/ridge-logistic grid across views; paired loss CI uses 5,000 log-cluster bootstrap replicates",ego13 from frozen Stage7L ego_seq plus mask; raw33 from frozen Stage7L interaction_feat_style raw-equivalent report array,True,DEVELOPMENT_DIAGNOSTIC_EVIDENCE,REFIT_VIEW_GAIN_NOT_INFORMATION_LOSS
D0-D_MASK_PADDING_SENSITIVITY,C_seed3407,C,3407,SAME_CAPACITY_REFIT_PROBE_PER_VIEW,last,final_valid,longitudinal,ego13.rms_accel,continuous,R2,0.8966226191556329,-0.23091537724227096,-0.39734382179515076,-0.16878734267569379,True,False,True,400,80,79,"five-fold GroupKFold grouped by scenario_token; identical rows/folds/targets/ridge-logistic grid across views; paired loss CI uses 5,000 log-cluster bootstrap replicates",ego13 from frozen Stage7L ego_seq plus mask; raw33 from frozen Stage7L interaction_feat_style raw-equivalent report array,True,DEVELOPMENT_DIAGNOSTIC_EVIDENCE,REFIT_VIEW_GAIN_NOT_INFORMATION_LOSS
D0-D_MASK_PADDING_SENSITIVITY,C_seed3407,C,3407,SAME_CAPACITY_REFIT_PROBE_PER_VIEW,last,final_valid,lateral,ego13.rms_yaw_rate,continuous,R2,0.3704549190598905,-0.22754367948943877,-0.3999366309943744,-0.027259349243641692,True,False,True,400,80,79,"five-fold GroupKFold grouped by scenario_token; identical rows/folds/targets/ridge-logistic grid across views; paired loss CI uses 5,000 log-cluster bootstrap replicates",ego13 from frozen Stage7L ego_seq plus mask; raw33 from frozen Stage7L interaction_feat_style raw-equivalent report array,True,DEVELOPMENT_DIAGNOSTIC_EVIDENCE,REFIT_VIEW_GAIN_NOT_INFORMATION_LOSS
D0-D_MASK_PADDING_SENSITIVITY,C_seed3407,C,3407,SAME_CAPACITY_REFIT_PROBE_PER_VIEW,last,final_valid,interaction,raw33.front_pressure_score,continuous,R2,0.8664801741994996,-0.10677346185512512,-0.2805060926304468,0.12952162406346865,False,False,False,400,80,79,"five-fold GroupKFold grouped by scenario_token; identical rows/folds/targets/ridge-logistic grid across views; paired loss CI uses 5,000 log-cluster bootstrap replicates",ego13 from frozen Stage7L ego_seq plus mask; raw33 from frozen Stage7L interaction_feat_style raw-equivalent report array,True,DEVELOPMENT_DIAGNOSTIC_EVIDENCE,NO_MATERIAL_RETENTION_LOSS_SUPPORTED
D0-D_MASK_PADDING_SENSITIVITY,C_seed3407,C,3407,SAME_CAPACITY_REFIT_PROBE_PER_VIEW,last,final_valid,lateral,raw33.lane_change_count_proxy,categorical,balanced_accuracy,0.8055555555555556,0.08161633628662149,-0.19741838141820908,0.1974183814182091,False,False,False,400,80,79,"five-fold GroupKFold grouped by scenario_token; identical rows/folds/targets/ridge-logistic grid across views; paired loss CI uses 5,000 log-cluster bootstrap replicates",ego13 from frozen Stage7L ego_seq plus mask; raw33 from frozen Stage7L interaction_feat_style raw-equivalent report array,True,DEVELOPMENT_DIAGNOSTIC_EVIDENCE,NO_MATERIAL_RETENTION_LOSS_SUPPORTED
D0-D_MASK_PADDING_SENSITIVITY,C_seed3407,C,3407,SAME_CAPACITY_REFIT_PROBE_PER_VIEW,last,final_valid,interaction,raw33.mean_front_distance,continuous,R2,0.9476690144479389,0.05122075760462836,-0.22274170772403093,0.22089686068565295,False,False,False,400,80,79,"five-fold GroupKFold grouped by scenario_token; identical rows/folds/targets/ridge-logistic grid across views; paired loss CI uses 5,000 log-cluster bootstrap replicates",ego13 from frozen Stage7L ego_seq plus mask; raw33 from frozen Stage7L interaction_feat_style raw-equivalent report array,True,DEVELOPMENT_DIAGNOSTIC_EVIDENCE,NO_MATERIAL_RETENTION_LOSS_SUPPORTED
D0-D_MASK_PADDING_SENSITIVITY,C_seed3407,C,3407,SAME_CAPACITY_REFIT_PROBE_PER_VIEW,last,final_valid,interaction,raw33.mean_rel_speed,continuous,R2,0.9242724248237243,-0.10259555824599774,-0.3131026548249461,0.11557295132667791,False,False,False,400,80,79,"five-fold GroupKFold grouped by scenario_token; identical rows/folds/targets/ridge-logistic grid across views; paired loss CI uses 5,000 log-cluster bootstrap replicates",ego13 from frozen Stage7L ego_seq plus mask; raw33 from frozen Stage7L interaction_feat_style raw-equivalent report array,True,DEVELOPMENT_DIAGNOSTIC_EVIDENCE,NO_MATERIAL_RETENTION_LOSS_SUPPORTED
D0-D_MASK_PADDING_SENSITIVITY,C_seed3407,C,3407,SAME_CAPACITY_REFIT_PROBE_PER_VIEW,last,last,longitudinal,ego13.end_minus_start_speed,continuous,R2,0.934367454674296,0.0,0.0,0.0,False,False,False,400,80,79,"five-fold GroupKFold grouped by scenario_token; identical rows/folds/targets/ridge-logistic grid across views; paired loss CI uses 5,000 log-cluster bootstrap replicates",ego13 from frozen Stage7L ego_seq plus mask; raw33 from frozen Stage7L interaction_feat_style raw-equivalent report array,False,DEVELOPMENT_DIAGNOSTIC_EVIDENCE,NO_MATERIAL_RETENTION_LOSS_SUPPORTED
D0-D_MASK_PADDING_SENSITIVITY,C_seed3407,C,3407,SAME_CAPACITY_REFIT_PROBE_PER_VIEW,last,last,lateral,ego13.heading_change_abs_total,continuous,R2,-0.03319741919534547,0.0,0.0,0.0,False,False,False,400,80,79,"five-fold GroupKFold grouped by scenario_token; identical rows/folds/targets/ridge-logistic grid across views; paired loss CI uses 5,000 log-cluster bootstrap replicates",ego13 from frozen Stage7L ego_seq plus mask; raw33 from frozen Stage7L interaction_feat_style raw-equivalent report array,False,DEVELOPMENT_DIAGNOSTIC_EVIDENCE,NO_MATERIAL_RETENTION_LOSS_SUPPORTED
D0-D_MASK_PADDING_SENSITIVITY,C_seed3407,C,3407,SAME_CAPACITY_REFIT_PROBE_PER_VIEW,last,last,longitudinal,ego13.mean_speed,continuous,R2,0.9857400472188077,0.0,0.0,0.0,False,False,False,400,80,79,"five-fold GroupKFold grouped by scenario_token; identical rows/folds/targets/ridge-logistic grid across views; paired loss CI uses 5,000 log-cluster bootstrap replicates",ego13 from frozen Stage7L ego_seq plus mask; raw33 from frozen Stage7L interaction_feat_style raw-equivalent report array,False,DEVELOPMENT_DIAGNOSTIC_EVIDENCE,NO_MATERIAL_RETENTION_LOSS_SUPPORTED
D0-D_MASK_PADDING_SENSITIVITY,C_seed3407,C,3407,SAME_CAPACITY_REFIT_PROBE_PER_VIEW,last,last,longitudinal,ego13.rms_accel,continuous,R2,0.7640514802229974,0.0,0.0,0.0,False,False,False,400,80,79,"five-fold GroupKFold grouped by scenario_token; identical rows/folds/targets/ridge-logistic grid across views; paired loss CI uses 5,000 log-cluster bootstrap replicates",ego13 from frozen Stage7L ego_seq plus mask; raw33 from frozen Stage7L interaction_feat_style raw-equivalent report array,False,DEVELOPMENT_DIAGNOSTIC_EVIDENCE,NO_MATERIAL_RETENTION_LOSS_SUPPORTED
D0-D_MASK_PADDING_SENSITIVITY,C_seed3407,C,3407,SAME_CAPACITY_REFIT_PROBE_PER_VIEW,last,last,lateral,ego13.rms_yaw_rate,continuous,R2,0.2988069833251815,0.0,0.0,0.0,False,False,False,400,80,79,"five-fold GroupKFold grouped by scenario_token; identical rows/folds/targets/ridge-logistic grid across views; paired loss CI uses 5,000 log-cluster bootstrap replicates",ego13 from frozen Stage7L ego_seq plus mask; raw33 from frozen Stage7L interaction_feat_style raw-equivalent report array,False,DEVELOPMENT_DIAGNOSTIC_EVIDENCE,NO_MATERIAL_RETENTION_LOSS_SUPPORTED
D0-D_MASK_PADDING_SENSITIVITY,C_seed3407,C,3407,SAME_CAPACITY_REFIT_PROBE_PER_VIEW,last,last,interaction,raw33.front_pressure_score,continuous,R2,0.8493896326548055,0.0,0.0,0.0,False,False,False,400,80,79,"five-fold GroupKFold grouped by scenario_token; identical rows/folds/targets/ridge-logistic grid across views; paired loss CI uses 5,000 log-cluster bootstrap replicates",ego13 from frozen Stage7L ego_seq plus mask; raw33 from frozen Stage7L interaction_feat_style raw-equivalent report array,False,DEVELOPMENT_DIAGNOSTIC_EVIDENCE,NO_MATERIAL_RETENTION_LOSS_SUPPORTED
D0-D_MASK_PADDING_SENSITIVITY,C_seed3407,C,3407,SAME_CAPACITY_REFIT_PROBE_PER_VIEW,last,last,lateral,raw33.lane_change_count_proxy,categorical,balanced_accuracy,0.9153577661431065,0.0,0.0,0.0,False,False,False,400,80,79,"five-fold GroupKFold grouped by scenario_token; identical rows/folds/targets/ridge-logistic grid across views; paired loss CI uses 5,000 log-cluster bootstrap replicates",ego13 from frozen Stage7L ego_seq plus mask; raw33 from frozen Stage7L interaction_feat_style raw-equivalent report array,False,DEVELOPMENT_DIAGNOSTIC_EVIDENCE,NO_MATERIAL_RETENTION_LOSS_SUPPORTED
D0-D_MASK_PADDING_SENSITIVITY,C_seed3407,C,3407,SAME_CAPACITY_REFIT_PROBE_PER_VIEW,last,last,interaction,raw33.mean_front_distance,continuous,R2,0.9500160821758097,0.0,0.0,0.0,False,False,False,400,80,79,"five-fold GroupKFold grouped by scenario_token; identical rows/folds/targets/ridge-logistic grid across views; paired loss CI uses 5,000 log-cluster bootstrap replicates",ego13 from frozen Stage7L ego_seq plus mask; raw33 from frozen Stage7L interaction_feat_style raw-equivalent report array,False,DEVELOPMENT_DIAGNOSTIC_EVIDENCE,NO_MATERIAL_RETENTION_LOSS_SUPPORTED
D0-D_MASK_PADDING_SENSITIVITY,C_seed3407,C,3407,SAME_CAPACITY_REFIT_PROBE_PER_VIEW,last,last,interaction,raw33.mean_rel_speed,continuous,R2,0.9172663989083436,0.0,0.0,0.0,False,False,False,400,80,79,"five-fold GroupKFold grouped by scenario_token; identical rows/folds/targets/ridge-logistic grid across views; paired loss CI uses 5,000 log-cluster bootstrap replicates",ego13 from frozen Stage7L ego_seq plus mask; raw33 from frozen Stage7L interaction_feat_style raw-equivalent report array,False,DEVELOPMENT_DIAGNOSTIC_EVIDENCE,NO_MATERIAL_RETENTION_LOSS_SUPPORTED
D0-D_MASK_PADDING_SENSITIVITY,C_seed3407,C,3407,SAME_CAPACITY_REFIT_PROBE_PER_VIEW,last,masked_mean,longitudinal,ego13.end_minus_start_speed,continuous,R2,0.9966838407236587,-0.2617595741539296,-0.5506435881515477,-0.20272087389245844,True,False,True,400,80,79,"five-fold GroupKFold grouped by scenario_token; identical rows/folds/targets/ridge-logistic grid across views; paired loss CI uses 5,000 log-cluster bootstrap replicates",ego13 from frozen Stage7L ego_seq plus mask; raw33 from frozen Stage7L interaction_feat_style raw-equivalent report array,True,DEVELOPMENT_DIAGNOSTIC_EVIDENCE,REFIT_VIEW_GAIN_NOT_INFORMATION_LOSS
D0-D_MASK_PADDING_SENSITIVITY,C_seed3407,C,3407,SAME_CAPACITY_REFIT_PROBE_PER_VIEW,last,masked_mean,lateral,ego13.heading_change_abs_total,continuous,R2,0.2629030954868897,-0.23439526444062772,-0.4023710469362106,-0.06210663889315294,True,False,True,400,80,79,"five-fold GroupKFold grouped by scenario_token; identical rows/folds/targets/ridge-logistic grid across views; paired loss CI uses 5,000 log-cluster bootstrap replicates",ego13 from frozen Stage7L ego_seq plus mask; raw33 from frozen Stage7L interaction_feat_style raw-equivalent report array,True,DEVELOPMENT_DIAGNOSTIC_EVIDENCE,REFIT_VIEW_GAIN_NOT_INFORMATION_LOSS
D0-D_MASK_PADDING_SENSITIVITY,C_seed3407,C,3407,SAME_CAPACITY_REFIT_PROBE_PER_VIEW,last,masked_mean,longitudinal,ego13.mean_speed,continuous,R2,0.9989271395468398,-0.40211150032960785,-0.5224279025069981,-0.3221151814830909,True,False,True,400,80,79,"five-fold GroupKFold grouped by scenario_token; identical rows/folds/targets/ridge-logistic grid across views; paired loss CI uses 5,000 log-cluster bootstrap replicates",ego13 from frozen Stage7L ego_seq plus mask; raw33 from frozen Stage7L interaction_feat_style raw-equivalent report array,True,DEVELOPMENT_DIAGNOSTIC_EVIDENCE,REFIT_VIEW_GAIN_NOT_INFORMATION_LOSS
D0-D_MASK_PADDING_SENSITIVITY,C_seed3407,C,3407,SAME_CAPACITY_REFIT_PROBE_PER_VIEW,last,masked_mean,longitudinal,ego13.rms_accel,continuous,R2,0.9600249325340473,-0.22220916222932607,-0.5028244640404336,-0.1720028197861092,True,False,True,400,80,79,"five-fold GroupKFold grouped by scenario_token; identical rows/folds/targets/ridge-logistic grid across views; paired loss CI uses 5,000 log-cluster bootstrap replicates",ego13 from frozen Stage7L ego_seq plus mask; raw33 from frozen Stage7L interaction_feat_style raw-equivalent report array,True,DEVELOPMENT_DIAGNOSTIC_EVIDENCE,REFIT_VIEW_GAIN_NOT_INFORMATION_LOSS
D0-D_MASK_PADDING_SENSITIVITY,C_seed3407,C,3407,SAME_CAPACITY_REFIT_PROBE_PER_VIEW,last,masked_mean,lateral,ego13.rms_yaw_rate,continuous,R2,0.3106804388957476,-0.02183343501451381,-0.2389848391808489,0.19294526777958101,False,False,False,400,80,79,"five-fold GroupKFold grouped by scenario_token; identical rows/folds/targets/ridge-logistic grid across views; paired loss CI uses 5,000 log-cluster bootstrap replicates",ego13 from frozen Stage7L ego_seq plus mask; raw33 from frozen Stage7L interaction_feat_style raw-equivalent report array,True,DEVELOPMENT_DIAGNOSTIC_EVIDENCE,COORDINATE_GEOMETRY_SHIFT_FAVORED
D0-D_MASK_PADDING_SENSITIVITY,C_seed3407,C,3407,SAME_CAPACITY_REFIT_PROBE_PER_VIEW,last,masked_mean,interaction,raw33.front_pressure_score,continuous,R2,0.855256751328519,-0.02671948816884638,-0.2550892136925576,0.1955742398413163,False,False,False,400,80,79,"five-fold GroupKFold grouped by scenario_token; identical rows/folds/targets/ridge-logistic grid across views; paired loss CI uses 5,000 log-cluster bootstrap replicates",ego13 from frozen Stage7L ego_seq plus mask; raw33 from frozen Stage7L interaction_feat_style raw-equivalent report array,True,DEVELOPMENT_DIAGNOSTIC_EVIDENCE,COORDINATE_GEOMETRY_SHIFT_FAVORED
D0-D_MASK_PADDING_SENSITIVITY,C_seed3407,C,3407,SAME_CAPACITY_REFIT_PROBE_PER_VIEW,last,masked_mean,lateral,raw33.lane_change_count_proxy,categorical,balanced_accuracy,0.9166666666666667,-0.11250879009260241,-0.1974183814182091,0.0,False,False,False,400,80,79,"five-fold GroupKFold grouped by scenario_token; identical rows/folds/targets/ridge-logistic grid across views; paired loss CI uses 5,000 log-cluster bootstrap replicates",ego13 from frozen Stage7L ego_seq plus mask; raw33 from frozen Stage7L interaction_feat_style raw-equivalent report array,True,DEVELOPMENT_DIAGNOSTIC_EVIDENCE,NO_MATERIAL_RETENTION_LOSS_SUPPORTED
D0-D_MASK_PADDING_SENSITIVITY,C_seed3407,C,3407,SAME_CAPACITY_REFIT_PROBE_PER_VIEW,last,masked_mean,interaction,raw33.mean_front_distance,continuous,R2,0.9501590127476803,-0.0008882176121654987,-0.22092580359158956,0.21728891509117584,False,False,False,400,80,79,"five-fold GroupKFold grouped by scenario_token; identical rows/folds/targets/ridge-logistic grid across views; paired loss CI uses 5,000 log-cluster bootstrap replicates",ego13 from frozen Stage7L ego_seq plus mask; raw33 from frozen Stage7L interaction_feat_style raw-equivalent report array,True,DEVELOPMENT_DIAGNOSTIC_EVIDENCE,COORDINATE_GEOMETRY_SHIFT_FAVORED
D0-D_MASK_PADDING_SENSITIVITY,C_seed3407,C,3407,SAME_CAPACITY_REFIT_PROBE_PER_VIEW,last,masked_mean,interaction,raw33.mean_rel_speed,continuous,R2,0.9186056734159898,-0.01186963122697546,-0.2538014791277124,0.18485672809145892,False,False,False,400,80,79,"five-fold GroupKFold grouped by scenario_token; identical rows/folds/targets/ridge-logistic grid across views; paired loss CI uses 5,000 log-cluster bootstrap replicates",ego13 from frozen Stage7L ego_seq plus mask; raw33 from frozen Stage7L interaction_feat_style raw-equivalent report array,True,DEVELOPMENT_DIAGNOSTIC_EVIDENCE,NO_MATERIAL_RETENTION_LOSS_SUPPORTED
D0-D_MASK_PADDING_SENSITIVITY,C_seed3408,C,3408,FROZEN_PROBE_ACROSS_VIEW,last,final_valid,longitudinal,ego13.end_minus_start_speed,continuous,R2,0.9703834465502144,-0.048858411474656735,-0.21487947616261036,0.2562171567655046,False,False,False,400,80,79,"five-fold GroupKFold grouped by scenario_token; identical rows/folds/targets/ridge-logistic grid across views; paired loss CI uses 5,000 log-cluster bootstrap replicates",ego13 from frozen Stage7L ego_seq plus mask; raw33 from frozen Stage7L interaction_feat_style raw-equivalent report array,True,DEVELOPMENT_DIAGNOSTIC_EVIDENCE,NO_MATERIAL_RETENTION_LOSS_SUPPORTED
D0-D_MASK_PADDING_SENSITIVITY,C_seed3408,C,3408,FROZEN_PROBE_ACROSS_VIEW,last,final_valid,lateral,ego13.heading_change_abs_total,continuous,R2,0.0008270561275897093,0.19053103438211863,-0.006287215412519244,0.3287434128661011,False,False,False,400,80,79,"five-fold GroupKFold grouped by scenario_token; identical rows/folds/targets/ridge-logistic grid across views; paired loss CI uses 5,000 log-cluster bootstrap replicates",ego13 from frozen Stage7L ego_seq plus mask; raw33 from frozen Stage7L interaction_feat_style raw-equivalent report array,True,DEVELOPMENT_DIAGNOSTIC_EVIDENCE,NO_MATERIAL_RETENTION_LOSS_SUPPORTED
D0-D_MASK_PADDING_SENSITIVITY,C_seed3408,C,3408,FROZEN_PROBE_ACROSS_VIEW,last,final_valid,longitudinal,ego13.mean_speed,continuous,R2,0.9959767170445286,0.013074865192374772,-0.17885219603981056,0.283274726981114,False,False,False,400,80,79,"five-fold GroupKFold grouped by scenario_token; identical rows/folds/targets/ridge-logistic grid across views; paired loss CI uses 5,000 log-cluster bootstrap replicates",ego13 from frozen Stage7L ego_seq plus mask; raw33 from frozen Stage7L interaction_feat_style raw-equivalent report array,True,DEVELOPMENT_DIAGNOSTIC_EVIDENCE,REFIT_VIEW_GAIN_NOT_INFORMATION_LOSS
D0-D_MASK_PADDING_SENSITIVITY,C_seed3408,C,3408,FROZEN_PROBE_ACROSS_VIEW,last,final_valid,longitudinal,ego13.rms_accel,continuous,R2,0.8871525692588877,-0.05814606577611059,-0.20699374125793532,0.2533357475940685,False,False,False,400,80,79,"five-fold GroupKFold grouped by scenario_token; identical rows/folds/targets/ridge-logistic grid across views; paired loss CI uses 5,000 log-cluster bootstrap replicates",ego13 from frozen Stage7L ego_seq plus mask; raw33 from frozen Stage7L interaction_feat_style raw-equivalent report array,True,DEVELOPMENT_DIAGNOSTIC_EVIDENCE,NO_MATERIAL_RETENTION_LOSS_SUPPORTED
D0-D_MASK_PADDING_SENSITIVITY,C_seed3408,C,3408,FROZEN_PROBE_ACROSS_VIEW,last,final_valid,lateral,ego13.rms_yaw_rate,continuous,R2,0.1490099872179953,0.12444745821238361,-0.09813918837942864,0.3188823266395901,False,False,False,400,80,79,"five-fold GroupKFold grouped by scenario_token; identical rows/folds/targets/ridge-logistic grid across views; paired loss CI uses 5,000 log-cluster bootstrap replicates",ego13 from frozen Stage7L ego_seq plus mask; raw33 from frozen Stage7L interaction_feat_style raw-equivalent report array,True,DEVELOPMENT_DIAGNOSTIC_EVIDENCE,NO_MATERIAL_RETENTION_LOSS_SUPPORTED
D0-D_MASK_PADDING_SENSITIVITY,C_seed3408,C,3408,FROZEN_PROBE_ACROSS_VIEW,last,final_valid,interaction,raw33.front_pressure_score,continuous,R2,0.8289889784888679,-0.0722744612222447,-0.23958804389374347,0.19411876555014176,False,False,False,400,80,79,"five-fold GroupKFold grouped by scenario_token; identical rows/folds/targets/ridge-logistic grid across views; paired loss CI uses 5,000 log-cluster bootstrap replicates",ego13 from frozen Stage7L ego_seq plus mask; raw33 from frozen Stage7L interaction_feat_style raw-equivalent report array,True,DEVELOPMENT_DIAGNOSTIC_EVIDENCE,NO_MATERIAL_RETENTION_LOSS_SUPPORTED
D0-D_MASK_PADDING_SENSITIVITY,C_seed3408,C,3408,FROZEN_PROBE_ACROSS_VIEW,last,final_valid,lateral,raw33.lane_change_count_proxy,categorical,balanced_accuracy,0.9166666666666667,0.0,0.0,0.0,False,False,False,400,80,79,"five-fold GroupKFold grouped by scenario_token; identical rows/folds/targets/ridge-logistic grid across views; paired loss CI uses 5,000 log-cluster bootstrap replicates",ego13 from frozen Stage7L ego_seq plus mask; raw33 from frozen Stage7L interaction_feat_style raw-equivalent report array,True,DEVELOPMENT_DIAGNOSTIC_EVIDENCE,NO_MATERIAL_RETENTION_LOSS_SUPPORTED
D0-D_MASK_PADDING_SENSITIVITY,C_seed3408,C,3408,FROZEN_PROBE_ACROSS_VIEW,last,final_valid,interaction,raw33.mean_front_distance,continuous,R2,0.948808145573097,0.030994123174700454,-0.2292916660696887,0.22674398578818994,False,False,False,400,80,79,"five-fold GroupKFold grouped by scenario_token; identical rows/folds/targets/ridge-logistic grid across views; paired loss CI uses 5,000 log-cluster bootstrap replicates",ego13 from frozen Stage7L ego_seq plus mask; raw33 from frozen Stage7L interaction_feat_style raw-equivalent report array,True,DEVELOPMENT_DIAGNOSTIC_EVIDENCE,NO_MATERIAL_RETENTION_LOSS_SUPPORTED
D0-D_MASK_PADDING_SENSITIVITY,C_seed3408,C,3408,FROZEN_PROBE_ACROSS_VIEW,last,final_valid,interaction,raw33.mean_rel_speed,continuous,R2,0.8990326855097667,0.0593691612133143,-0.15574768672203088,0.28317179696027445,False,False,False,400,80,79,"five-fold GroupKFold grouped by scenario_token; identical rows/folds/targets/ridge-logistic grid across views; paired loss CI uses 5,000 log-cluster bootstrap replicates",ego13 from frozen Stage7L ego_seq plus mask; raw33 from frozen Stage7L interaction_feat_style raw-equivalent report array,True,DEVELOPMENT_DIAGNOSTIC_EVIDENCE,NO_MATERIAL_RETENTION_LOSS_SUPPORTED
D0-D_MASK_PADDING_SENSITIVITY,C_seed3408,C,3408,FROZEN_PROBE_ACROSS_VIEW,last,last,longitudinal,ego13.end_minus_start_speed,continuous,R2,0.9677174041386272,0.0,0.0,0.0,False,False,False,400,80,79,"five-fold GroupKFold grouped by scenario_token; identical rows/folds/targets/ridge-logistic grid across views; paired loss CI uses 5,000 log-cluster bootstrap replicates",ego13 from frozen Stage7L ego_seq plus mask; raw33 from frozen Stage7L interaction_feat_style raw-equivalent report array,False,DEVELOPMENT_DIAGNOSTIC_EVIDENCE,NO_MATERIAL_RETENTION_LOSS_SUPPORTED
D0-D_MASK_PADDING_SENSITIVITY,C_seed3408,C,3408,FROZEN_PROBE_ACROSS_VIEW,last,last,lateral,ego13.heading_change_abs_total,continuous,R2,0.04644676473520537,0.0,0.0,0.0,False,False,False,400,80,79,"five-fold GroupKFold grouped by scenario_token; identical rows/folds/targets/ridge-logistic grid across views; paired loss CI uses 5,000 log-cluster bootstrap replicates",ego13 from frozen Stage7L ego_seq plus mask; raw33 from frozen Stage7L interaction_feat_style raw-equivalent report array,False,DEVELOPMENT_DIAGNOSTIC_EVIDENCE,NO_MATERIAL_RETENTION_LOSS_SUPPORTED
D0-D_MASK_PADDING_SENSITIVITY,C_seed3408,C,3408,FROZEN_PROBE_ACROSS_VIEW,last,last,longitudinal,ego13.mean_speed,continuous,R2,0.9960678553628445,0.0,0.0,0.0,False,False,False,400,80,79,"five-fold GroupKFold grouped by scenario_token; identical rows/folds/targets/ridge-logistic grid across views; paired loss CI uses 5,000 log-cluster bootstrap replicates",ego13 from frozen Stage7L ego_seq plus mask; raw33 from frozen Stage7L interaction_feat_style raw-equivalent report array,False,DEVELOPMENT_DIAGNOSTIC_EVIDENCE,NO_MATERIAL_RETENTION_LOSS_SUPPORTED
D0-D_MASK_PADDING_SENSITIVITY,C_seed3408,C,3408,FROZEN_PROBE_ACROSS_VIEW,last,last,longitudinal,ego13.rms_accel,continuous,R2,0.8740773195946601,0.0,0.0,0.0,False,False,False,400,80,79,"five-fold GroupKFold grouped by scenario_token; identical rows/folds/targets/ridge-logistic grid across views; paired loss CI uses 5,000 log-cluster bootstrap replicates",ego13 from frozen Stage7L ego_seq plus mask; raw33 from frozen Stage7L interaction_feat_style raw-equivalent report array,False,DEVELOPMENT_DIAGNOSTIC_EVIDENCE,NO_MATERIAL_RETENTION_LOSS_SUPPORTED
D0-D_MASK_PADDING_SENSITIVITY,C_seed3408,C,3408,FROZEN_PROBE_ACROSS_VIEW,last,last,lateral,ego13.rms_yaw_rate,continuous,R2,0.1833570286922207,0.0,0.0,0.0,False,False,False,400,80,79,"five-fold GroupKFold grouped by scenario_token; identical rows/folds/targets/ridge-logistic grid across views; paired loss CI uses 5,000 log-cluster bootstrap replicates",ego13 from frozen Stage7L ego_seq plus mask; raw33 from frozen Stage7L interaction_feat_style raw-equivalent report array,False,DEVELOPMENT_DIAGNOSTIC_EVIDENCE,NO_MATERIAL_RETENTION_LOSS_SUPPORTED
D0-D_MASK_PADDING_SENSITIVITY,C_seed3408,C,3408,FROZEN_PROBE_ACROSS_VIEW,last,last,interaction,raw33.front_pressure_score,continuous,R2,0.825591674123398,0.0,0.0,0.0,False,False,False,400,80,79,"five-fold GroupKFold grouped by scenario_token; identical rows/folds/targets/ridge-logistic grid across views; paired loss CI uses 5,000 log-cluster bootstrap replicates",ego13 from frozen Stage7L ego_seq plus mask; raw33 from frozen Stage7L interaction_feat_style raw-equivalent report array,False,DEVELOPMENT_DIAGNOSTIC_EVIDENCE,NO_MATERIAL_RETENTION_LOSS_SUPPORTED
D0-D_MASK_PADDING_SENSITIVITY,C_seed3408,C,3408,FROZEN_PROBE_ACROSS_VIEW,last,last,lateral,raw33.lane_change_count_proxy,categorical,balanced_accuracy,0.9166666666666667,0.0,0.0,0.0,False,False,False,400,80,79,"five-fold GroupKFold grouped by scenario_token; identical rows/folds/targets/ridge-logistic grid across views; paired loss CI uses 5,000 log-cluster bootstrap replicates",ego13 from frozen Stage7L ego_seq plus mask; raw33 from frozen Stage7L interaction_feat_style raw-equivalent report array,False,DEVELOPMENT_DIAGNOSTIC_EVIDENCE,NO_MATERIAL_RETENTION_LOSS_SUPPORTED
D0-D_MASK_PADDING_SENSITIVITY,C_seed3408,C,3408,FROZEN_PROBE_ACROSS_VIEW,last,last,interaction,raw33.mean_front_distance,continuous,R2,0.9492317359870975,0.0,0.0,0.0,False,False,False,400,80,79,"five-fold GroupKFold grouped by scenario_token; identical rows/folds/targets/ridge-logistic grid across views; paired loss CI uses 5,000 log-cluster bootstrap replicates",ego13 from frozen Stage7L ego_seq plus mask; raw33 from frozen Stage7L interaction_feat_style raw-equivalent report array,False,DEVELOPMENT_DIAGNOSTIC_EVIDENCE,NO_MATERIAL_RETENTION_LOSS_SUPPORTED
D0-D_MASK_PADDING_SENSITIVITY,C_seed3408,C,3408,FROZEN_PROBE_ACROSS_VIEW,last,last,interaction,raw33.mean_rel_speed,continuous,R2,0.9032161307798909,0.0,0.0,0.0,False,False,False,400,80,79,"five-fold GroupKFold grouped by scenario_token; identical rows/folds/targets/ridge-logistic grid across views; paired loss CI uses 5,000 log-cluster bootstrap replicates",ego13 from frozen Stage7L ego_seq plus mask; raw33 from frozen Stage7L interaction_feat_style raw-equivalent report array,False,DEVELOPMENT_DIAGNOSTIC_EVIDENCE,NO_MATERIAL_RETENTION_LOSS_SUPPORTED
D0-D_MASK_PADDING_SENSITIVITY,C_seed3408,C,3408,FROZEN_PROBE_ACROSS_VIEW,last,masked_mean,longitudinal,ego13.end_minus_start_speed,continuous,R2,-22.510624181572915,1.471665846748213,1.2216549803899597,1.805598572495267,True,True,False,400,80,79,"five-fold GroupKFold grouped by scenario_token; identical rows/folds/targets/ridge-logistic grid across views; paired loss CI uses 5,000 log-cluster bootstrap replicates",ego13 from frozen Stage7L ego_seq plus mask; raw33 from frozen Stage7L interaction_feat_style raw-equivalent report array,True,DEVELOPMENT_DIAGNOSTIC_EVIDENCE,REFIT_VIEW_GAIN_NOT_INFORMATION_LOSS
D0-D_MASK_PADDING_SENSITIVITY,C_seed3408,C,3408,FROZEN_PROBE_ACROSS_VIEW,last,masked_mean,lateral,ego13.heading_change_abs_total,continuous,R2,-0.13237958833739105,0.26113751076070435,0.09348248061770618,0.392824682576023,True,True,False,400,80,79,"five-fold GroupKFold grouped by scenario_token; identical rows/folds/targets/ridge-logistic grid across views; paired loss CI uses 5,000 log-cluster bootstrap replicates",ego13 from frozen Stage7L ego_seq plus mask; raw33 from frozen Stage7L interaction_feat_style raw-equivalent report array,True,DEVELOPMENT_DIAGNOSTIC_EVIDENCE,COORDINATE_GEOMETRY_SHIFT_FAVORED
D0-D_MASK_PADDING_SENSITIVITY,C_seed3408,C,3408,FROZEN_PROBE_ACROSS_VIEW,last,masked_mean,longitudinal,ego13.mean_speed,continuous,R2,-0.4110970675834187,0.5858396641884637,0.4775323694761994,0.7113525788264385,True,True,False,400,80,79,"five-fold GroupKFold grouped by scenario_token; identical rows/folds/targets/ridge-logistic grid across views; paired loss CI uses 5,000 log-cluster bootstrap replicates",ego13 from frozen Stage7L ego_seq plus mask; raw33 from frozen Stage7L interaction_feat_style raw-equivalent report array,True,DEVELOPMENT_DIAGNOSTIC_EVIDENCE,REFIT_VIEW_GAIN_NOT_INFORMATION_LOSS
D0-D_MASK_PADDING_SENSITIVITY,C_seed3408,C,3408,FROZEN_PROBE_ACROSS_VIEW,last,masked_mean,longitudinal,ego13.rms_accel,continuous,R2,-88.56833559011004,1.4127819047340264,1.1891101934922965,1.7132167382777608,True,True,False,400,80,79,"five-fold GroupKFold grouped by scenario_token; identical rows/folds/targets/ridge-logistic grid across views; paired loss CI uses 5,000 log-cluster bootstrap replicates",ego13 from frozen Stage7L ego_seq plus mask; raw33 from frozen Stage7L interaction_feat_style raw-equivalent report array,True,DEVELOPMENT_DIAGNOSTIC_EVIDENCE,REFIT_VIEW_GAIN_NOT_INFORMATION_LOSS
D0-D_MASK_PADDING_SENSITIVITY,C_seed3408,C,3408,FROZEN_PROBE_ACROSS_VIEW,last,masked_mean,lateral,ego13.rms_yaw_rate,continuous,R2,-0.10954824326736445,0.3598142863900381,0.19236252266526863,0.5227733968043576,True,True,False,400,80,79,"five-fold GroupKFold grouped by scenario_token; identical rows/folds/targets/ridge-logistic grid across views; paired loss CI uses 5,000 log-cluster bootstrap replicates",ego13 from frozen Stage7L ego_seq plus mask; raw33 from frozen Stage7L interaction_feat_style raw-equivalent report array,True,DEVELOPMENT_DIAGNOSTIC_EVIDENCE,COORDINATE_GEOMETRY_SHIFT_FAVORED
D0-D_MASK_PADDING_SENSITIVITY,C_seed3408,C,3408,FROZEN_PROBE_ACROSS_VIEW,last,masked_mean,interaction,raw33.front_pressure_score,continuous,R2,0.8320666170436416,-0.06140242630430823,-0.2420442213098427,0.1913141503927657,False,False,False,400,80,79,"five-fold GroupKFold grouped by scenario_token; identical rows/folds/targets/ridge-logistic grid across views; paired loss CI uses 5,000 log-cluster bootstrap replicates",ego13 from frozen Stage7L ego_seq plus mask; raw33 from frozen Stage7L interaction_feat_style raw-equivalent report array,True,DEVELOPMENT_DIAGNOSTIC_EVIDENCE,NO_MATERIAL_RETENTION_LOSS_SUPPORTED
D0-D_MASK_PADDING_SENSITIVITY,C_seed3408,C,3408,FROZEN_PROBE_ACROSS_VIEW,last,masked_mean,lateral,raw33.lane_change_count_proxy,categorical,balanced_accuracy,0.9166666666666667,0.0,0.0,0.0,False,False,False,400,80,79,"five-fold GroupKFold grouped by scenario_token; identical rows/folds/targets/ridge-logistic grid across views; paired loss CI uses 5,000 log-cluster bootstrap replicates",ego13 from frozen Stage7L ego_seq plus mask; raw33 from frozen Stage7L interaction_feat_style raw-equivalent report array,True,DEVELOPMENT_DIAGNOSTIC_EVIDENCE,NO_MATERIAL_RETENTION_LOSS_SUPPORTED
D0-D_MASK_PADDING_SENSITIVITY,C_seed3408,C,3408,FROZEN_PROBE_ACROSS_VIEW,last,masked_mean,interaction,raw33.mean_front_distance,continuous,R2,0.9431051866306617,0.13414028889971974,-0.09235143005587558,0.3232517301500915,False,False,False,400,80,79,"five-fold GroupKFold grouped by scenario_token; identical rows/folds/targets/ridge-logistic grid across views; paired loss CI uses 5,000 log-cluster bootstrap replicates",ego13 from frozen Stage7L ego_seq plus mask; raw33 from frozen Stage7L interaction_feat_style raw-equivalent report array,True,DEVELOPMENT_DIAGNOSTIC_EVIDENCE,NO_MATERIAL_RETENTION_LOSS_SUPPORTED
D0-D_MASK_PADDING_SENSITIVITY,C_seed3408,C,3408,FROZEN_PROBE_ACROSS_VIEW,last,masked_mean,interaction,raw33.mean_rel_speed,continuous,R2,0.9112180259836233,-0.0652521515246993,-0.23990590264570189,0.2072444682089405,False,False,False,400,80,79,"five-fold GroupKFold grouped by scenario_token; identical rows/folds/targets/ridge-logistic grid across views; paired loss CI uses 5,000 log-cluster bootstrap replicates",ego13 from frozen Stage7L ego_seq plus mask; raw33 from frozen Stage7L interaction_feat_style raw-equivalent report array,True,DEVELOPMENT_DIAGNOSTIC_EVIDENCE,NO_MATERIAL_RETENTION_LOSS_SUPPORTED
D0-D_MASK_PADDING_SENSITIVITY,C_seed3408,C,3408,SAME_CAPACITY_REFIT_PROBE_PER_VIEW,last,final_valid,longitudinal,ego13.end_minus_start_speed,continuous,R2,0.9799656315638128,-0.17627161768744368,-0.3706703931506827,0.039733495343881035,False,False,False,400,80,79,"five-fold GroupKFold grouped by scenario_token; identical rows/folds/targets/ridge-logistic grid across views; paired loss CI uses 5,000 log-cluster bootstrap replicates",ego13 from frozen Stage7L ego_seq plus mask; raw33 from frozen Stage7L interaction_feat_style raw-equivalent report array,True,DEVELOPMENT_DIAGNOSTIC_EVIDENCE,NO_MATERIAL_RETENTION_LOSS_SUPPORTED
D0-D_MASK_PADDING_SENSITIVITY,C_seed3408,C,3408,SAME_CAPACITY_REFIT_PROBE_PER_VIEW,last,final_valid,lateral,ego13.heading_change_abs_total,continuous,R2,0.17982506769691498,-0.1765764620957086,-0.36366165232036013,0.03362640790762938,False,False,False,400,80,79,"five-fold GroupKFold grouped by scenario_token; identical rows/folds/targets/ridge-logistic grid across views; paired loss CI uses 5,000 log-cluster bootstrap replicates",ego13 from frozen Stage7L ego_seq plus mask; raw33 from frozen Stage7L interaction_feat_style raw-equivalent report array,True,DEVELOPMENT_DIAGNOSTIC_EVIDENCE,NO_MATERIAL_RETENTION_LOSS_SUPPORTED
D0-D_MASK_PADDING_SENSITIVITY,C_seed3408,C,3408,SAME_CAPACITY_REFIT_PROBE_PER_VIEW,last,final_valid,longitudinal,ego13.mean_speed,continuous,R2,0.9977649428981686,-0.284464383724414,-0.4711607624435356,-0.07673220052799473,True,False,True,400,80,79,"five-fold GroupKFold grouped by scenario_token; identical rows/folds/targets/ridge-logistic grid across views; paired loss CI uses 5,000 log-cluster bootstrap replicates",ego13 from frozen Stage7L ego_seq plus mask; raw33 from frozen Stage7L interaction_feat_style raw-equivalent report array,True,DEVELOPMENT_DIAGNOSTIC_EVIDENCE,REFIT_VIEW_GAIN_NOT_INFORMATION_LOSS
D0-D_MASK_PADDING_SENSITIVITY,C_seed3408,C,3408,SAME_CAPACITY_REFIT_PROBE_PER_VIEW,last,final_valid,longitudinal,ego13.rms_accel,continuous,R2,0.793510631500076,0.08149999524134834,-0.2781754923058032,0.197801827150811,False,False,False,400,80,79,"five-fold GroupKFold grouped by scenario_token; identical rows/folds/targets/ridge-logistic grid across views; paired loss CI uses 5,000 log-cluster bootstrap replicates",ego13 from frozen Stage7L ego_seq plus mask; raw33 from frozen Stage7L interaction_feat_style raw-equivalent report array,True,DEVELOPMENT_DIAGNOSTIC_EVIDENCE,NO_MATERIAL_RETENTION_LOSS_SUPPORTED
D0-D_MASK_PADDING_SENSITIVITY,C_seed3408,C,3408,SAME_CAPACITY_REFIT_PROBE_PER_VIEW,last,final_valid,lateral,ego13.rms_yaw_rate,continuous,R2,0.22335254644217195,-0.09852083684387627,-0.24725676266091473,0.1669175621617851,False,False,False,400,80,79,"five-fold GroupKFold grouped by scenario_token; identical rows/folds/targets/ridge-logistic grid across views; paired loss CI uses 5,000 log-cluster bootstrap replicates",ego13 from frozen Stage7L ego_seq plus mask; raw33 from frozen Stage7L interaction_feat_style raw-equivalent report array,True,DEVELOPMENT_DIAGNOSTIC_EVIDENCE,NO_MATERIAL_RETENTION_LOSS_SUPPORTED
D0-D_MASK_PADDING_SENSITIVITY,C_seed3408,C,3408,SAME_CAPACITY_REFIT_PROBE_PER_VIEW,last,final_valid,interaction,raw33.front_pressure_score,continuous,R2,0.8319642786673207,-0.10150968604962225,-0.26127509366944907,0.14543295793907576,False,False,False,400,80,79,"five-fold GroupKFold grouped by scenario_token; identical rows/folds/targets/ridge-logistic grid across views; paired loss CI uses 5,000 log-cluster bootstrap replicates",ego13 from frozen Stage7L ego_seq plus mask; raw33 from frozen Stage7L interaction_feat_style raw-equivalent report array,True,DEVELOPMENT_DIAGNOSTIC_EVIDENCE,NO_MATERIAL_RETENTION_LOSS_SUPPORTED
D0-D_MASK_PADDING_SENSITIVITY,C_seed3408,C,3408,SAME_CAPACITY_REFIT_PROBE_PER_VIEW,last,final_valid,lateral,raw33.lane_change_count_proxy,categorical,balanced_accuracy,0.9166666666666667,0.0,0.0,0.0,False,False,False,400,80,79,"five-fold GroupKFold grouped by scenario_token; identical rows/folds/targets/ridge-logistic grid across views; paired loss CI uses 5,000 log-cluster bootstrap replicates",ego13 from frozen Stage7L ego_seq plus mask; raw33 from frozen Stage7L interaction_feat_style raw-equivalent report array,True,DEVELOPMENT_DIAGNOSTIC_EVIDENCE,NO_MATERIAL_RETENTION_LOSS_SUPPORTED
D0-D_MASK_PADDING_SENSITIVITY,C_seed3408,C,3408,SAME_CAPACITY_REFIT_PROBE_PER_VIEW,last,final_valid,interaction,raw33.mean_front_distance,continuous,R2,0.9477993762237754,0.052661223791223274,-0.2454860121281915,0.21147924668706305,False,False,False,400,80,79,"five-fold GroupKFold grouped by scenario_token; identical rows/folds/targets/ridge-logistic grid across views; paired loss CI uses 5,000 log-cluster bootstrap replicates",ego13 from frozen Stage7L ego_seq plus mask; raw33 from frozen Stage7L interaction_feat_style raw-equivalent report array,True,DEVELOPMENT_DIAGNOSTIC_EVIDENCE,NO_MATERIAL_RETENTION_LOSS_SUPPORTED
D0-D_MASK_PADDING_SENSITIVITY,C_seed3408,C,3408,SAME_CAPACITY_REFIT_PROBE_PER_VIEW,last,final_valid,interaction,raw33.mean_rel_speed,continuous,R2,0.9051169094284146,-0.032716396815192776,-0.2849007140667422,0.1703208933633921,False,False,False,400,80,79,"five-fold GroupKFold grouped by scenario_token; identical rows/folds/targets/ridge-logistic grid across views; paired loss CI uses 5,000 log-cluster bootstrap replicates",ego13 from frozen Stage7L ego_seq plus mask; raw33 from frozen Stage7L interaction_feat_style raw-equivalent report array,True,DEVELOPMENT_DIAGNOSTIC_EVIDENCE,NO_MATERIAL_RETENTION_LOSS_SUPPORTED
D0-D_MASK_PADDING_SENSITIVITY,C_seed3408,C,3408,SAME_CAPACITY_REFIT_PROBE_PER_VIEW,last,last,longitudinal,ego13.end_minus_start_speed,continuous,R2,0.9677174041386272,0.0,0.0,0.0,False,False,False,400,80,79,"five-fold GroupKFold grouped by scenario_token; identical rows/folds/targets/ridge-logistic grid across views; paired loss CI uses 5,000 log-cluster bootstrap replicates",ego13 from frozen Stage7L ego_seq plus mask; raw33 from frozen Stage7L interaction_feat_style raw-equivalent report array,False,DEVELOPMENT_DIAGNOSTIC_EVIDENCE,NO_MATERIAL_RETENTION_LOSS_SUPPORTED
D0-D_MASK_PADDING_SENSITIVITY,C_seed3408,C,3408,SAME_CAPACITY_REFIT_PROBE_PER_VIEW,last,last,lateral,ego13.heading_change_abs_total,continuous,R2,0.04644676473520537,0.0,0.0,0.0,False,False,False,400,80,79,"five-fold GroupKFold grouped by scenario_token; identical rows/folds/targets/ridge-logistic grid across views; paired loss CI uses 5,000 log-cluster bootstrap replicates",ego13 from frozen Stage7L ego_seq plus mask; raw33 from frozen Stage7L interaction_feat_style raw-equivalent report array,False,DEVELOPMENT_DIAGNOSTIC_EVIDENCE,NO_MATERIAL_RETENTION_LOSS_SUPPORTED
D0-D_MASK_PADDING_SENSITIVITY,C_seed3408,C,3408,SAME_CAPACITY_REFIT_PROBE_PER_VIEW,last,last,longitudinal,ego13.mean_speed,continuous,R2,0.9960678553628445,0.0,0.0,0.0,False,False,False,400,80,79,"five-fold GroupKFold grouped by scenario_token; identical rows/folds/targets/ridge-logistic grid across views; paired loss CI uses 5,000 log-cluster bootstrap replicates",ego13 from frozen Stage7L ego_seq plus mask; raw33 from frozen Stage7L interaction_feat_style raw-equivalent report array,False,DEVELOPMENT_DIAGNOSTIC_EVIDENCE,NO_MATERIAL_RETENTION_LOSS_SUPPORTED
D0-D_MASK_PADDING_SENSITIVITY,C_seed3408,C,3408,SAME_CAPACITY_REFIT_PROBE_PER_VIEW,last,last,longitudinal,ego13.rms_accel,continuous,R2,0.8740773195946601,0.0,0.0,0.0,False,False,False,400,80,79,"five-fold GroupKFold grouped by scenario_token; identical rows/folds/targets/ridge-logistic grid across views; paired loss CI uses 5,000 log-cluster bootstrap replicates",ego13 from frozen Stage7L ego_seq plus mask; raw33 from frozen Stage7L interaction_feat_style raw-equivalent report array,False,DEVELOPMENT_DIAGNOSTIC_EVIDENCE,NO_MATERIAL_RETENTION_LOSS_SUPPORTED
D0-D_MASK_PADDING_SENSITIVITY,C_seed3408,C,3408,SAME_CAPACITY_REFIT_PROBE_PER_VIEW,last,last,lateral,ego13.rms_yaw_rate,continuous,R2,0.1833570286922207,0.0,0.0,0.0,False,False,False,400,80,79,"five-fold GroupKFold grouped by scenario_token; identical rows/folds/targets/ridge-logistic grid across views; paired loss CI uses 5,000 log-cluster bootstrap replicates",ego13 from frozen Stage7L ego_seq plus mask; raw33 from frozen Stage7L interaction_feat_style raw-equivalent report array,False,DEVELOPMENT_DIAGNOSTIC_EVIDENCE,NO_MATERIAL_RETENTION_LOSS_SUPPORTED
D0-D_MASK_PADDING_SENSITIVITY,C_seed3408,C,3408,SAME_CAPACITY_REFIT_PROBE_PER_VIEW,last,last,interaction,raw33.front_pressure_score,continuous,R2,0.825591674123398,0.0,0.0,0.0,False,False,False,400,80,79,"five-fold GroupKFold grouped by scenario_token; identical rows/folds/targets/ridge-logistic grid across views; paired loss CI uses 5,000 log-cluster bootstrap replicates",ego13 from frozen Stage7L ego_seq plus mask; raw33 from frozen Stage7L interaction_feat_style raw-equivalent report array,False,DEVELOPMENT_DIAGNOSTIC_EVIDENCE,NO_MATERIAL_RETENTION_LOSS_SUPPORTED
D0-D_MASK_PADDING_SENSITIVITY,C_seed3408,C,3408,SAME_CAPACITY_REFIT_PROBE_PER_VIEW,last,last,lateral,raw33.lane_change_count_proxy,categorical,balanced_accuracy,0.9166666666666667,0.0,0.0,0.0,False,False,False,400,80,79,"five-fold GroupKFold grouped by scenario_token; identical rows/folds/targets/ridge-logistic grid across views; paired loss CI uses 5,000 log-cluster bootstrap replicates",ego13 from frozen Stage7L ego_seq plus mask; raw33 from frozen Stage7L interaction_feat_style raw-equivalent report array,False,DEVELOPMENT_DIAGNOSTIC_EVIDENCE,NO_MATERIAL_RETENTION_LOSS_SUPPORTED
D0-D_MASK_PADDING_SENSITIVITY,C_seed3408,C,3408,SAME_CAPACITY_REFIT_PROBE_PER_VIEW,last,last,interaction,raw33.mean_front_distance,continuous,R2,0.9492317359870975,0.0,0.0,0.0,False,False,False,400,80,79,"five-fold GroupKFold grouped by scenario_token; identical rows/folds/targets/ridge-logistic grid across views; paired loss CI uses 5,000 log-cluster bootstrap replicates",ego13 from frozen Stage7L ego_seq plus mask; raw33 from frozen Stage7L interaction_feat_style raw-equivalent report array,False,DEVELOPMENT_DIAGNOSTIC_EVIDENCE,NO_MATERIAL_RETENTION_LOSS_SUPPORTED
D0-D_MASK_PADDING_SENSITIVITY,C_seed3408,C,3408,SAME_CAPACITY_REFIT_PROBE_PER_VIEW,last,last,interaction,raw33.mean_rel_speed,continuous,R2,0.9032161307798909,0.0,0.0,0.0,False,False,False,400,80,79,"five-fold GroupKFold grouped by scenario_token; identical rows/folds/targets/ridge-logistic grid across views; paired loss CI uses 5,000 log-cluster bootstrap replicates",ego13 from frozen Stage7L ego_seq plus mask; raw33 from frozen Stage7L interaction_feat_style raw-equivalent report array,False,DEVELOPMENT_DIAGNOSTIC_EVIDENCE,NO_MATERIAL_RETENTION_LOSS_SUPPORTED
D0-D_MASK_PADDING_SENSITIVITY,C_seed3408,C,3408,SAME_CAPACITY_REFIT_PROBE_PER_VIEW,last,masked_mean,longitudinal,ego13.end_minus_start_speed,continuous,R2,0.9938947289884138,-0.376299955703969,-0.5050292840913196,-0.25702989976577356,True,False,True,400,80,79,"five-fold GroupKFold grouped by scenario_token; identical rows/folds/targets/ridge-logistic grid across views; paired loss CI uses 5,000 log-cluster bootstrap replicates",ego13 from frozen Stage7L ego_seq plus mask; raw33 from frozen Stage7L interaction_feat_style raw-equivalent report array,True,DEVELOPMENT_DIAGNOSTIC_EVIDENCE,REFIT_VIEW_GAIN_NOT_INFORMATION_LOSS
D0-D_MASK_PADDING_SENSITIVITY,C_seed3408,C,3408,SAME_CAPACITY_REFIT_PROBE_PER_VIEW,last,masked_mean,lateral,ego13.heading_change_abs_total,continuous,R2,0.10247653468127571,-0.031757645961738704,-0.20557246396373868,0.22217976065706518,False,False,False,400,80,79,"five-fold GroupKFold grouped by scenario_token; identical rows/folds/targets/ridge-logistic grid across views; paired loss CI uses 5,000 log-cluster bootstrap replicates",ego13 from frozen Stage7L ego_seq plus mask; raw33 from frozen Stage7L interaction_feat_style raw-equivalent report array,True,DEVELOPMENT_DIAGNOSTIC_EVIDENCE,COORDINATE_GEOMETRY_SHIFT_FAVORED
D0-D_MASK_PADDING_SENSITIVITY,C_seed3408,C,3408,SAME_CAPACITY_REFIT_PROBE_PER_VIEW,last,masked_mean,longitudinal,ego13.mean_speed,continuous,R2,0.9992667259991538,-0.4928186901774165,-0.6256028826433864,-0.3934138023397337,True,False,True,400,80,79,"five-fold GroupKFold grouped by scenario_token; identical rows/folds/targets/ridge-logistic grid across views; paired loss CI uses 5,000 log-cluster bootstrap replicates",ego13 from frozen Stage7L ego_seq plus mask; raw33 from frozen Stage7L interaction_feat_style raw-equivalent report array,True,DEVELOPMENT_DIAGNOSTIC_EVIDENCE,REFIT_VIEW_GAIN_NOT_INFORMATION_LOSS
D0-D_MASK_PADDING_SENSITIVITY,C_seed3408,C,3408,SAME_CAPACITY_REFIT_PROBE_PER_VIEW,last,masked_mean,longitudinal,ego13.rms_accel,continuous,R2,0.9612655132366488,-0.32039794861020976,-0.4641887411879034,-0.16769730436907282,True,False,True,400,80,79,"five-fold GroupKFold grouped by scenario_token; identical rows/folds/targets/ridge-logistic grid across views; paired loss CI uses 5,000 log-cluster bootstrap replicates",ego13 from frozen Stage7L ego_seq plus mask; raw33 from frozen Stage7L interaction_feat_style raw-equivalent report array,True,DEVELOPMENT_DIAGNOSTIC_EVIDENCE,REFIT_VIEW_GAIN_NOT_INFORMATION_LOSS
D0-D_MASK_PADDING_SENSITIVITY,C_seed3408,C,3408,SAME_CAPACITY_REFIT_PROBE_PER_VIEW,last,masked_mean,lateral,ego13.rms_yaw_rate,continuous,R2,0.16246606973161237,0.01751856603861011,-0.16801340495111153,0.3086508095083342,False,False,False,400,80,79,"five-fold GroupKFold grouped by scenario_token; identical rows/folds/targets/ridge-logistic grid across views; paired loss CI uses 5,000 log-cluster bootstrap replicates",ego13 from frozen Stage7L ego_seq plus mask; raw33 from frozen Stage7L interaction_feat_style raw-equivalent report array,True,DEVELOPMENT_DIAGNOSTIC_EVIDENCE,COORDINATE_GEOMETRY_SHIFT_FAVORED
D0-D_MASK_PADDING_SENSITIVITY,C_seed3408,C,3408,SAME_CAPACITY_REFIT_PROBE_PER_VIEW,last,masked_mean,interaction,raw33.front_pressure_score,continuous,R2,0.8045581531613325,0.061878496242370254,-0.20375264602260007,0.2353307935033002,False,False,False,400,80,79,"five-fold GroupKFold grouped by scenario_token; identical rows/folds/targets/ridge-logistic grid across views; paired loss CI uses 5,000 log-cluster bootstrap replicates",ego13 from frozen Stage7L ego_seq plus mask; raw33 from frozen Stage7L interaction_feat_style raw-equivalent report array,True,DEVELOPMENT_DIAGNOSTIC_EVIDENCE,NO_MATERIAL_RETENTION_LOSS_SUPPORTED
D0-D_MASK_PADDING_SENSITIVITY,C_seed3408,C,3408,SAME_CAPACITY_REFIT_PROBE_PER_VIEW,last,masked_mean,lateral,raw33.lane_change_count_proxy,categorical,balanced_accuracy,0.9166666666666667,0.0,0.0,0.0,False,False,False,400,80,79,"five-fold GroupKFold grouped by scenario_token; identical rows/folds/targets/ridge-logistic grid across views; paired loss CI uses 5,000 log-cluster bootstrap replicates",ego13 from frozen Stage7L ego_seq plus mask; raw33 from frozen Stage7L interaction_feat_style raw-equivalent report array,True,DEVELOPMENT_DIAGNOSTIC_EVIDENCE,NO_MATERIAL_RETENTION_LOSS_SUPPORTED
D0-D_MASK_PADDING_SENSITIVITY,C_seed3408,C,3408,SAME_CAPACITY_REFIT_PROBE_PER_VIEW,last,masked_mean,interaction,raw33.mean_front_distance,continuous,R2,0.939681969607197,0.19328900350030495,-0.011100010984059312,0.3510962675177191,False,False,False,400,80,79,"five-fold GroupKFold grouped by scenario_token; identical rows/folds/targets/ridge-logistic grid across views; paired loss CI uses 5,000 log-cluster bootstrap replicates",ego13 from frozen Stage7L ego_seq plus mask; raw33 from frozen Stage7L interaction_feat_style raw-equivalent report array,True,DEVELOPMENT_DIAGNOSTIC_EVIDENCE,NO_MATERIAL_RETENTION_LOSS_SUPPORTED
D0-D_MASK_PADDING_SENSITIVITY,C_seed3408,C,3408,SAME_CAPACITY_REFIT_PROBE_PER_VIEW,last,masked_mean,interaction,raw33.mean_rel_speed,continuous,R2,0.8998633782973976,0.023070079192929447,-0.23886992975619775,0.20031429671123738,False,False,False,400,80,79,"five-fold GroupKFold grouped by scenario_token; identical rows/folds/targets/ridge-logistic grid across views; paired loss CI uses 5,000 log-cluster bootstrap replicates",ego13 from frozen Stage7L ego_seq plus mask; raw33 from frozen Stage7L interaction_feat_style raw-equivalent report array,True,DEVELOPMENT_DIAGNOSTIC_EVIDENCE,NO_MATERIAL_RETENTION_LOSS_SUPPORTED
D0-D_MASK_PADDING_SENSITIVITY,C_seed3409,C,3409,FROZEN_PROBE_ACROSS_VIEW,last,final_valid,longitudinal,ego13.end_minus_start_speed,continuous,R2,0.9886098091619406,0.28203863941970264,0.21251579635951887,0.475860659984951,True,True,False,400,80,79,"five-fold GroupKFold grouped by scenario_token; identical rows/folds/targets/ridge-logistic grid across views; paired loss CI uses 5,000 log-cluster bootstrap replicates",ego13 from frozen Stage7L ego_seq plus mask; raw33 from frozen Stage7L interaction_feat_style raw-equivalent report array,True,DEVELOPMENT_DIAGNOSTIC_EVIDENCE,COORDINATE_GEOMETRY_SHIFT_FAVORED
D0-D_MASK_PADDING_SENSITIVITY,C_seed3409,C,3409,FROZEN_PROBE_ACROSS_VIEW,last,final_valid,lateral,ego13.heading_change_abs_total,continuous,R2,0.05242678962732439,-0.01632348658165816,-0.20101184737541777,0.21655474999932472,False,False,False,400,80,79,"five-fold GroupKFold grouped by scenario_token; identical rows/folds/targets/ridge-logistic grid across views; paired loss CI uses 5,000 log-cluster bootstrap replicates",ego13 from frozen Stage7L ego_seq plus mask; raw33 from frozen Stage7L interaction_feat_style raw-equivalent report array,True,DEVELOPMENT_DIAGNOSTIC_EVIDENCE,REFIT_VIEW_GAIN_NOT_INFORMATION_LOSS
D0-D_MASK_PADDING_SENSITIVITY,C_seed3409,C,3409,FROZEN_PROBE_ACROSS_VIEW,last,final_valid,longitudinal,ego13.mean_speed,continuous,R2,0.9905344149083332,0.06368219495420112,-0.14290850718847947,0.2999127020576561,False,False,False,400,80,79,"five-fold GroupKFold grouped by scenario_token; identical rows/folds/targets/ridge-logistic grid across views; paired loss CI uses 5,000 log-cluster bootstrap replicates",ego13 from frozen Stage7L ego_seq plus mask; raw33 from frozen Stage7L interaction_feat_style raw-equivalent report array,True,DEVELOPMENT_DIAGNOSTIC_EVIDENCE,REFIT_VIEW_GAIN_NOT_INFORMATION_LOSS
D0-D_MASK_PADDING_SENSITIVITY,C_seed3409,C,3409,FROZEN_PROBE_ACROSS_VIEW,last,final_valid,longitudinal,ego13.rms_accel,continuous,R2,0.9402648027573862,0.2236446098642984,0.11574911039633103,0.36428188070580697,True,True,False,400,80,79,"five-fold GroupKFold grouped by scenario_token; identical rows/folds/targets/ridge-logistic grid across views; paired loss CI uses 5,000 log-cluster bootstrap replicates",ego13 from frozen Stage7L ego_seq plus mask; raw33 from frozen Stage7L interaction_feat_style raw-equivalent report array,True,DEVELOPMENT_DIAGNOSTIC_EVIDENCE,COORDINATE_GEOMETRY_SHIFT_FAVORED
D0-D_MASK_PADDING_SENSITIVITY,C_seed3409,C,3409,FROZEN_PROBE_ACROSS_VIEW,last,final_valid,lateral,ego13.rms_yaw_rate,continuous,R2,0.3368130458469367,-0.04199227705693883,-0.20131481908232718,0.23891947965539498,False,False,False,400,80,79,"five-fold GroupKFold grouped by scenario_token; identical rows/folds/targets/ridge-logistic grid across views; paired loss CI uses 5,000 log-cluster bootstrap replicates",ego13 from frozen Stage7L ego_seq plus mask; raw33 from frozen Stage7L interaction_feat_style raw-equivalent report array,True,DEVELOPMENT_DIAGNOSTIC_EVIDENCE,REFIT_VIEW_GAIN_NOT_INFORMATION_LOSS
D0-D_MASK_PADDING_SENSITIVITY,C_seed3409,C,3409,FROZEN_PROBE_ACROSS_VIEW,last,final_valid,interaction,raw33.front_pressure_score,continuous,R2,0.8746713133382478,0.1347966066561546,-0.09760363677309657,0.286041826870979,False,False,False,400,80,79,"five-fold GroupKFold grouped by scenario_token; identical rows/folds/targets/ridge-logistic grid across views; paired loss CI uses 5,000 log-cluster bootstrap replicates",ego13 from frozen Stage7L ego_seq plus mask; raw33 from frozen Stage7L interaction_feat_style raw-equivalent report array,True,DEVELOPMENT_DIAGNOSTIC_EVIDENCE,REFIT_SPLIT_OR_CALIBRATION_ANOMALY_REVIEW
D0-D_MASK_PADDING_SENSITIVITY,C_seed3409,C,3409,FROZEN_PROBE_ACROSS_VIEW,last,final_valid,lateral,raw33.lane_change_count_proxy,categorical,balanced_accuracy,0.9166666666666667,0.0,0.0,0.0,False,False,False,400,80,79,"five-fold GroupKFold grouped by scenario_token; identical rows/folds/targets/ridge-logistic grid across views; paired loss CI uses 5,000 log-cluster bootstrap replicates",ego13 from frozen Stage7L ego_seq plus mask; raw33 from frozen Stage7L interaction_feat_style raw-equivalent report array,True,DEVELOPMENT_DIAGNOSTIC_EVIDENCE,NO_MATERIAL_RETENTION_LOSS_SUPPORTED
D0-D_MASK_PADDING_SENSITIVITY,C_seed3409,C,3409,FROZEN_PROBE_ACROSS_VIEW,last,final_valid,interaction,raw33.mean_front_distance,continuous,R2,0.9536163442649598,0.021931558966107774,-0.18692963016321332,0.25779987187051,False,False,False,400,80,79,"five-fold GroupKFold grouped by scenario_token; identical rows/folds/targets/ridge-logistic grid across views; paired loss CI uses 5,000 log-cluster bootstrap replicates",ego13 from frozen Stage7L ego_seq plus mask; raw33 from frozen Stage7L interaction_feat_style raw-equivalent report array,True,DEVELOPMENT_DIAGNOSTIC_EVIDENCE,NO_MATERIAL_RETENTION_LOSS_SUPPORTED
D0-D_MASK_PADDING_SENSITIVITY,C_seed3409,C,3409,FROZEN_PROBE_ACROSS_VIEW,last,final_valid,interaction,raw33.mean_rel_speed,continuous,R2,0.9080627983370473,0.05459429772668314,-0.17221298299067547,0.2683771713589043,False,False,False,400,80,79,"five-fold GroupKFold grouped by scenario_token; identical rows/folds/targets/ridge-logistic grid across views; paired loss CI uses 5,000 log-cluster bootstrap replicates",ego13 from frozen Stage7L ego_seq plus mask; raw33 from frozen Stage7L interaction_feat_style raw-equivalent report array,True,DEVELOPMENT_DIAGNOSTIC_EVIDENCE,NO_MATERIAL_RETENTION_LOSS_SUPPORTED
D0-D_MASK_PADDING_SENSITIVITY,C_seed3409,C,3409,FROZEN_PROBE_ACROSS_VIEW,last,last,longitudinal,ego13.end_minus_start_speed,continuous,R2,0.9928852845365045,0.0,0.0,0.0,False,False,False,400,80,79,"five-fold GroupKFold grouped by scenario_token; identical rows/folds/targets/ridge-logistic grid across views; paired loss CI uses 5,000 log-cluster bootstrap replicates",ego13 from frozen Stage7L ego_seq plus mask; raw33 from frozen Stage7L interaction_feat_style raw-equivalent report array,False,DEVELOPMENT_DIAGNOSTIC_EVIDENCE,NO_MATERIAL_RETENTION_LOSS_SUPPORTED
D0-D_MASK_PADDING_SENSITIVITY,C_seed3409,C,3409,FROZEN_PROBE_ACROSS_VIEW,last,last,lateral,ego13.heading_change_abs_total,continuous,R2,0.04976880440712561,0.0,0.0,0.0,False,False,False,400,80,79,"five-fold GroupKFold grouped by scenario_token; identical rows/folds/targets/ridge-logistic grid across views; paired loss CI uses 5,000 log-cluster bootstrap replicates",ego13 from frozen Stage7L ego_seq plus mask; raw33 from frozen Stage7L interaction_feat_style raw-equivalent report array,False,DEVELOPMENT_DIAGNOSTIC_EVIDENCE,NO_MATERIAL_RETENTION_LOSS_SUPPORTED
D0-D_MASK_PADDING_SENSITIVITY,C_seed3409,C,3409,FROZEN_PROBE_ACROSS_VIEW,last,last,longitudinal,ego13.mean_speed,continuous,R2,0.9916290084887376,0.0,0.0,0.0,False,False,False,400,80,79,"five-fold GroupKFold grouped by scenario_token; identical rows/folds/targets/ridge-logistic grid across views; paired loss CI uses 5,000 log-cluster bootstrap replicates",ego13 from frozen Stage7L ego_seq plus mask; raw33 from frozen Stage7L interaction_feat_style raw-equivalent report array,False,DEVELOPMENT_DIAGNOSTIC_EVIDENCE,NO_MATERIAL_RETENTION_LOSS_SUPPORTED
D0-D_MASK_PADDING_SENSITIVITY,C_seed3409,C,3409,FROZEN_PROBE_ACROSS_VIEW,last,last,longitudinal,ego13.rms_accel,continuous,R2,0.9561786479779494,0.0,0.0,0.0,False,False,False,400,80,79,"five-fold GroupKFold grouped by scenario_token; identical rows/folds/targets/ridge-logistic grid across views; paired loss CI uses 5,000 log-cluster bootstrap replicates",ego13 from frozen Stage7L ego_seq plus mask; raw33 from frozen Stage7L interaction_feat_style raw-equivalent report array,False,DEVELOPMENT_DIAGNOSTIC_EVIDENCE,NO_MATERIAL_RETENTION_LOSS_SUPPORTED
D0-D_MASK_PADDING_SENSITIVITY,C_seed3409,C,3409,FROZEN_PROBE_ACROSS_VIEW,last,last,lateral,ego13.rms_yaw_rate,continuous,R2,0.3212661681331994,0.0,0.0,0.0,False,False,False,400,80,79,"five-fold GroupKFold grouped by scenario_token; identical rows/folds/targets/ridge-logistic grid across views; paired loss CI uses 5,000 log-cluster bootstrap replicates",ego13 from frozen Stage7L ego_seq plus mask; raw33 from frozen Stage7L interaction_feat_style raw-equivalent report array,False,DEVELOPMENT_DIAGNOSTIC_EVIDENCE,NO_MATERIAL_RETENTION_LOSS_SUPPORTED
D0-D_MASK_PADDING_SENSITIVITY,C_seed3409,C,3409,FROZEN_PROBE_ACROSS_VIEW,last,last,interaction,raw33.front_pressure_score,continuous,R2,0.882897778212491,0.0,0.0,0.0,False,False,False,400,80,79,"five-fold GroupKFold grouped by scenario_token; identical rows/folds/targets/ridge-logistic grid across views; paired loss CI uses 5,000 log-cluster bootstrap replicates",ego13 from frozen Stage7L ego_seq plus mask; raw33 from frozen Stage7L interaction_feat_style raw-equivalent report array,False,DEVELOPMENT_DIAGNOSTIC_EVIDENCE,NO_MATERIAL_RETENTION_LOSS_SUPPORTED
D0-D_MASK_PADDING_SENSITIVITY,C_seed3409,C,3409,FROZEN_PROBE_ACROSS_VIEW,last,last,lateral,raw33.lane_change_count_proxy,categorical,balanced_accuracy,0.9166666666666667,0.0,0.0,0.0,False,False,False,400,80,79,"five-fold GroupKFold grouped by scenario_token; identical rows/folds/targets/ridge-logistic grid across views; paired loss CI uses 5,000 log-cluster bootstrap replicates",ego13 from frozen Stage7L ego_seq plus mask; raw33 from frozen Stage7L interaction_feat_style raw-equivalent report array,False,DEVELOPMENT_DIAGNOSTIC_EVIDENCE,NO_MATERIAL_RETENTION_LOSS_SUPPORTED
D0-D_MASK_PADDING_SENSITIVITY,C_seed3409,C,3409,FROZEN_PROBE_ACROSS_VIEW,last,last,interaction,raw33.mean_front_distance,continuous,R2,0.9539451280902014,0.0,0.0,0.0,False,False,False,400,80,79,"five-fold GroupKFold grouped by scenario_token; identical rows/folds/targets/ridge-logistic grid across views; paired loss CI uses 5,000 log-cluster bootstrap replicates",ego13 from frozen Stage7L ego_seq plus mask; raw33 from frozen Stage7L interaction_feat_style raw-equivalent report array,False,DEVELOPMENT_DIAGNOSTIC_EVIDENCE,NO_MATERIAL_RETENTION_LOSS_SUPPORTED
D0-D_MASK_PADDING_SENSITIVITY,C_seed3409,C,3409,FROZEN_PROBE_ACROSS_VIEW,last,last,interaction,raw33.mean_rel_speed,continuous,R2,0.9102547637916882,0.0,0.0,0.0,False,False,False,400,80,79,"five-fold GroupKFold grouped by scenario_token; identical rows/folds/targets/ridge-logistic grid across views; paired loss CI uses 5,000 log-cluster bootstrap replicates",ego13 from frozen Stage7L ego_seq plus mask; raw33 from frozen Stage7L interaction_feat_style raw-equivalent report array,False,DEVELOPMENT_DIAGNOSTIC_EVIDENCE,NO_MATERIAL_RETENTION_LOSS_SUPPORTED
D0-D_MASK_PADDING_SENSITIVITY,C_seed3409,C,3409,FROZEN_PROBE_ACROSS_VIEW,last,masked_mean,longitudinal,ego13.end_minus_start_speed,continuous,R2,0.22322548562874267,0.8976419869267721,0.7581426373681809,1.1374464882978481,True,True,False,400,80,79,"five-fold GroupKFold grouped by scenario_token; identical rows/folds/targets/ridge-logistic grid across views; paired loss CI uses 5,000 log-cluster bootstrap replicates",ego13 from frozen Stage7L ego_seq plus mask; raw33 from frozen Stage7L interaction_feat_style raw-equivalent report array,True,DEVELOPMENT_DIAGNOSTIC_EVIDENCE,REFIT_VIEW_GAIN_NOT_INFORMATION_LOSS
D0-D_MASK_PADDING_SENSITIVITY,C_seed3409,C,3409,FROZEN_PROBE_ACROSS_VIEW,last,masked_mean,lateral,ego13.heading_change_abs_total,continuous,R2,-3.438449735364336,0.43142672814220023,0.31462554633538514,0.552714459055,True,True,False,400,80,79,"five-fold GroupKFold grouped by scenario_token; identical rows/folds/targets/ridge-logistic grid across views; paired loss CI uses 5,000 log-cluster bootstrap replicates",ego13 from frozen Stage7L ego_seq plus mask; raw33 from frozen Stage7L interaction_feat_style raw-equivalent report array,True,DEVELOPMENT_DIAGNOSTIC_EVIDENCE,COORDINATE_GEOMETRY_SHIFT_FAVORED
D0-D_MASK_PADDING_SENSITIVITY,C_seed3409,C,3409,FROZEN_PROBE_ACROSS_VIEW,last,masked_mean,longitudinal,ego13.mean_speed,continuous,R2,-21.92024949058691,4.740986450023126,4.3006551270645295,5.409268215567685,True,True,False,400,80,79,"five-fold GroupKFold grouped by scenario_token; identical rows/folds/targets/ridge-logistic grid across views; paired loss CI uses 5,000 log-cluster bootstrap replicates",ego13 from frozen Stage7L ego_seq plus mask; raw33 from frozen Stage7L interaction_feat_style raw-equivalent report array,True,DEVELOPMENT_DIAGNOSTIC_EVIDENCE,REFIT_VIEW_GAIN_NOT_INFORMATION_LOSS
D0-D_MASK_PADDING_SENSITIVITY,C_seed3409,C,3409,FROZEN_PROBE_ACROSS_VIEW,last,masked_mean,longitudinal,ego13.rms_accel,continuous,R2,-41.675343514058945,2.4118985846793097,2.0125529779156035,3.0572878940851664,True,True,False,400,80,79,"five-fold GroupKFold grouped by scenario_token; identical rows/folds/targets/ridge-logistic grid across views; paired loss CI uses 5,000 log-cluster bootstrap replicates",ego13 from frozen Stage7L ego_seq plus mask; raw33 from frozen Stage7L interaction_feat_style raw-equivalent report array,True,DEVELOPMENT_DIAGNOSTIC_EVIDENCE,REFIT_VIEW_GAIN_NOT_INFORMATION_LOSS
D0-D_MASK_PADDING_SENSITIVITY,C_seed3409,C,3409,FROZEN_PROBE_ACROSS_VIEW,last,masked_mean,lateral,ego13.rms_yaw_rate,continuous,R2,-2.37394556876709,0.5877214082775768,0.4587072313700018,0.731194200561213,True,True,False,400,80,79,"five-fold GroupKFold grouped by scenario_token; identical rows/folds/targets/ridge-logistic grid across views; paired loss CI uses 5,000 log-cluster bootstrap replicates",ego13 from frozen Stage7L ego_seq plus mask; raw33 from frozen Stage7L interaction_feat_style raw-equivalent report array,True,DEVELOPMENT_DIAGNOSTIC_EVIDENCE,COORDINATE_GEOMETRY_SHIFT_FAVORED
D0-D_MASK_PADDING_SENSITIVITY,C_seed3409,C,3409,FROZEN_PROBE_ACROSS_VIEW,last,masked_mean,interaction,raw33.front_pressure_score,continuous,R2,0.8761438162588451,0.05698393685083415,-0.18555221425299098,0.24660490064351645,False,False,False,400,80,79,"five-fold GroupKFold grouped by scenario_token; identical rows/folds/targets/ridge-logistic grid across views; paired loss CI uses 5,000 log-cluster bootstrap replicates",ego13 from frozen Stage7L ego_seq plus mask; raw33 from frozen Stage7L interaction_feat_style raw-equivalent report array,True,DEVELOPMENT_DIAGNOSTIC_EVIDENCE,NO_MATERIAL_RETENTION_LOSS_SUPPORTED
D0-D_MASK_PADDING_SENSITIVITY,C_seed3409,C,3409,FROZEN_PROBE_ACROSS_VIEW,last,masked_mean,lateral,raw33.lane_change_count_proxy,categorical,balanced_accuracy,0.9166666666666667,0.0,0.0,0.0,False,False,False,400,80,79,"five-fold GroupKFold grouped by scenario_token; identical rows/folds/targets/ridge-logistic grid across views; paired loss CI uses 5,000 log-cluster bootstrap replicates",ego13 from frozen Stage7L ego_seq plus mask; raw33 from frozen Stage7L interaction_feat_style raw-equivalent report array,True,DEVELOPMENT_DIAGNOSTIC_EVIDENCE,NO_MATERIAL_RETENTION_LOSS_SUPPORTED
D0-D_MASK_PADDING_SENSITIVITY,C_seed3409,C,3409,FROZEN_PROBE_ACROSS_VIEW,last,masked_mean,interaction,raw33.mean_front_distance,continuous,R2,0.9474846774001491,0.13027816864032463,-0.08763232323542276,0.34342081756425047,False,False,False,400,80,79,"five-fold GroupKFold grouped by scenario_token; identical rows/folds/targets/ridge-logistic grid across views; paired loss CI uses 5,000 log-cluster bootstrap replicates",ego13 from frozen Stage7L ego_seq plus mask; raw33 from frozen Stage7L interaction_feat_style raw-equivalent report array,True,DEVELOPMENT_DIAGNOSTIC_EVIDENCE,NO_MATERIAL_RETENTION_LOSS_SUPPORTED
D0-D_MASK_PADDING_SENSITIVITY,C_seed3409,C,3409,FROZEN_PROBE_ACROSS_VIEW,last,masked_mean,interaction,raw33.mean_rel_speed,continuous,R2,0.8936092745392205,0.15338051969452698,-0.06680809396719932,0.31293250672065664,False,False,False,400,80,79,"five-fold GroupKFold grouped by scenario_token; identical rows/folds/targets/ridge-logistic grid across views; paired loss CI uses 5,000 log-cluster bootstrap replicates",ego13 from frozen Stage7L ego_seq plus mask; raw33 from frozen Stage7L interaction_feat_style raw-equivalent report array,True,DEVELOPMENT_DIAGNOSTIC_EVIDENCE,NO_MATERIAL_RETENTION_LOSS_SUPPORTED
D0-D_MASK_PADDING_SENSITIVITY,C_seed3409,C,3409,SAME_CAPACITY_REFIT_PROBE_PER_VIEW,last,final_valid,longitudinal,ego13.end_minus_start_speed,continuous,R2,0.9966339870875371,-0.1374077475431025,-0.264878802358494,0.0733317733118888,False,False,False,400,80,79,"five-fold GroupKFold grouped by scenario_token; identical rows/folds/targets/ridge-logistic grid across views; paired loss CI uses 5,000 log-cluster bootstrap replicates",ego13 from frozen Stage7L ego_seq plus mask; raw33 from frozen Stage7L interaction_feat_style raw-equivalent report array,True,DEVELOPMENT_DIAGNOSTIC_EVIDENCE,COORDINATE_GEOMETRY_SHIFT_FAVORED
D0-D_MASK_PADDING_SENSITIVITY,C_seed3409,C,3409,SAME_CAPACITY_REFIT_PROBE_PER_VIEW,last,final_valid,lateral,ego13.heading_change_abs_total,continuous,R2,0.24040838252878938,-0.21486220420980687,-0.3714193095660968,-0.05160606503331988,True,False,True,400,80,79,"five-fold GroupKFold grouped by scenario_token; identical rows/folds/targets/ridge-logistic grid across views; paired loss CI uses 5,000 log-cluster bootstrap replicates",ego13 from frozen Stage7L ego_seq plus mask; raw33 from frozen Stage7L interaction_feat_style raw-equivalent report array,True,DEVELOPMENT_DIAGNOSTIC_EVIDENCE,REFIT_VIEW_GAIN_NOT_INFORMATION_LOSS
D0-D_MASK_PADDING_SENSITIVITY,C_seed3409,C,3409,SAME_CAPACITY_REFIT_PROBE_PER_VIEW,last,final_valid,longitudinal,ego13.mean_speed,continuous,R2,0.9997983877957604,-0.46648336415499386,-0.5956228184570316,-0.37974431574479944,True,False,True,400,80,79,"five-fold GroupKFold grouped by scenario_token; identical rows/folds/targets/ridge-logistic grid across views; paired loss CI uses 5,000 log-cluster bootstrap replicates",ego13 from frozen Stage7L ego_seq plus mask; raw33 from frozen Stage7L interaction_feat_style raw-equivalent report array,True,DEVELOPMENT_DIAGNOSTIC_EVIDENCE,REFIT_VIEW_GAIN_NOT_INFORMATION_LOSS
D0-D_MASK_PADDING_SENSITIVITY,C_seed3409,C,3409,SAME_CAPACITY_REFIT_PROBE_PER_VIEW,last,final_valid,longitudinal,ego13.rms_accel,continuous,R2,0.9827042524912298,-0.12709130972784669,-0.2884405094740228,0.0823497742484651,False,False,False,400,80,79,"five-fold GroupKFold grouped by scenario_token; identical rows/folds/targets/ridge-logistic grid across views; paired loss CI uses 5,000 log-cluster bootstrap replicates",ego13 from frozen Stage7L ego_seq plus mask; raw33 from frozen Stage7L interaction_feat_style raw-equivalent report array,True,DEVELOPMENT_DIAGNOSTIC_EVIDENCE,COORDINATE_GEOMETRY_SHIFT_FAVORED
D0-D_MASK_PADDING_SENSITIVITY,C_seed3409,C,3409,SAME_CAPACITY_REFIT_PROBE_PER_VIEW,last,final_valid,lateral,ego13.rms_yaw_rate,continuous,R2,0.4085731032222294,-0.21373086308965794,-0.3751407551117622,-0.015561216327317495,True,False,True,400,80,79,"five-fold GroupKFold grouped by scenario_token; identical rows/folds/targets/ridge-logistic grid across views; paired loss CI uses 5,000 log-cluster bootstrap replicates",ego13 from frozen Stage7L ego_seq plus mask; raw33 from frozen Stage7L interaction_feat_style raw-equivalent report array,True,DEVELOPMENT_DIAGNOSTIC_EVIDENCE,REFIT_VIEW_GAIN_NOT_INFORMATION_LOSS
D0-D_MASK_PADDING_SENSITIVITY,C_seed3409,C,3409,SAME_CAPACITY_REFIT_PROBE_PER_VIEW,last,final_valid,interaction,raw33.front_pressure_score,continuous,R2,0.8748515429362008,0.2519988596186449,0.08794615986982414,0.3868867274707389,True,True,False,400,80,79,"five-fold GroupKFold grouped by scenario_token; identical rows/folds/targets/ridge-logistic grid across views; paired loss CI uses 5,000 log-cluster bootstrap replicates",ego13 from frozen Stage7L ego_seq plus mask; raw33 from frozen Stage7L interaction_feat_style raw-equivalent report array,True,DEVELOPMENT_DIAGNOSTIC_EVIDENCE,REFIT_SPLIT_OR_CALIBRATION_ANOMALY_REVIEW
D0-D_MASK_PADDING_SENSITIVITY,C_seed3409,C,3409,SAME_CAPACITY_REFIT_PROBE_PER_VIEW,last,final_valid,lateral,raw33.lane_change_count_proxy,categorical,balanced_accuracy,0.9166666666666667,0.0,0.0,0.0,False,False,False,400,80,79,"five-fold GroupKFold grouped by scenario_token; identical rows/folds/targets/ridge-logistic grid across views; paired loss CI uses 5,000 log-cluster bootstrap replicates",ego13 from frozen Stage7L ego_seq plus mask; raw33 from frozen Stage7L interaction_feat_style raw-equivalent report array,True,DEVELOPMENT_DIAGNOSTIC_EVIDENCE,NO_MATERIAL_RETENTION_LOSS_SUPPORTED
D0-D_MASK_PADDING_SENSITIVITY,C_seed3409,C,3409,SAME_CAPACITY_REFIT_PROBE_PER_VIEW,last,final_valid,interaction,raw33.mean_front_distance,continuous,R2,0.9554871389189715,-0.10755741057349205,-0.37476171651897205,0.10107860514896433,False,False,False,400,80,79,"five-fold GroupKFold grouped by scenario_token; identical rows/folds/targets/ridge-logistic grid across views; paired loss CI uses 5,000 log-cluster bootstrap replicates",ego13 from frozen Stage7L ego_seq plus mask; raw33 from frozen Stage7L interaction_feat_style raw-equivalent report array,True,DEVELOPMENT_DIAGNOSTIC_EVIDENCE,NO_MATERIAL_RETENTION_LOSS_SUPPORTED
D0-D_MASK_PADDING_SENSITIVITY,C_seed3409,C,3409,SAME_CAPACITY_REFIT_PROBE_PER_VIEW,last,final_valid,interaction,raw33.mean_rel_speed,continuous,R2,0.9095765506300807,0.014859658318924267,-0.21475926348454488,0.23183450103052308,False,False,False,400,80,79,"five-fold GroupKFold grouped by scenario_token; identical rows/folds/targets/ridge-logistic grid across views; paired loss CI uses 5,000 log-cluster bootstrap replicates",ego13 from frozen Stage7L ego_seq plus mask; raw33 from frozen Stage7L interaction_feat_style raw-equivalent report array,True,DEVELOPMENT_DIAGNOSTIC_EVIDENCE,NO_MATERIAL_RETENTION_LOSS_SUPPORTED
D0-D_MASK_PADDING_SENSITIVITY,C_seed3409,C,3409,SAME_CAPACITY_REFIT_PROBE_PER_VIEW,last,last,longitudinal,ego13.end_minus_start_speed,continuous,R2,0.9928852845365045,0.0,0.0,0.0,False,False,False,400,80,79,"five-fold GroupKFold grouped by scenario_token; identical rows/folds/targets/ridge-logistic grid across views; paired loss CI uses 5,000 log-cluster bootstrap replicates",ego13 from frozen Stage7L ego_seq plus mask; raw33 from frozen Stage7L interaction_feat_style raw-equivalent report array,False,DEVELOPMENT_DIAGNOSTIC_EVIDENCE,NO_MATERIAL_RETENTION_LOSS_SUPPORTED
D0-D_MASK_PADDING_SENSITIVITY,C_seed3409,C,3409,SAME_CAPACITY_REFIT_PROBE_PER_VIEW,last,last,lateral,ego13.heading_change_abs_total,continuous,R2,0.04976880440712561,0.0,0.0,0.0,False,False,False,400,80,79,"five-fold GroupKFold grouped by scenario_token; identical rows/folds/targets/ridge-logistic grid across views; paired loss CI uses 5,000 log-cluster bootstrap replicates",ego13 from frozen Stage7L ego_seq plus mask; raw33 from frozen Stage7L interaction_feat_style raw-equivalent report array,False,DEVELOPMENT_DIAGNOSTIC_EVIDENCE,NO_MATERIAL_RETENTION_LOSS_SUPPORTED
D0-D_MASK_PADDING_SENSITIVITY,C_seed3409,C,3409,SAME_CAPACITY_REFIT_PROBE_PER_VIEW,last,last,longitudinal,ego13.mean_speed,continuous,R2,0.9916290084887376,0.0,0.0,0.0,False,False,False,400,80,79,"five-fold GroupKFold grouped by scenario_token; identical rows/folds/targets/ridge-logistic grid across views; paired loss CI uses 5,000 log-cluster bootstrap replicates",ego13 from frozen Stage7L ego_seq plus mask; raw33 from frozen Stage7L interaction_feat_style raw-equivalent report array,False,DEVELOPMENT_DIAGNOSTIC_EVIDENCE,NO_MATERIAL_RETENTION_LOSS_SUPPORTED
D0-D_MASK_PADDING_SENSITIVITY,C_seed3409,C,3409,SAME_CAPACITY_REFIT_PROBE_PER_VIEW,last,last,longitudinal,ego13.rms_accel,continuous,R2,0.9561786479779494,0.0,0.0,0.0,False,False,False,400,80,79,"five-fold GroupKFold grouped by scenario_token; identical rows/folds/targets/ridge-logistic grid across views; paired loss CI uses 5,000 log-cluster bootstrap replicates",ego13 from frozen Stage7L ego_seq plus mask; raw33 from frozen Stage7L interaction_feat_style raw-equivalent report array,False,DEVELOPMENT_DIAGNOSTIC_EVIDENCE,NO_MATERIAL_RETENTION_LOSS_SUPPORTED
D0-D_MASK_PADDING_SENSITIVITY,C_seed3409,C,3409,SAME_CAPACITY_REFIT_PROBE_PER_VIEW,last,last,lateral,ego13.rms_yaw_rate,continuous,R2,0.3212661681331994,0.0,0.0,0.0,False,False,False,400,80,79,"five-fold GroupKFold grouped by scenario_token; identical rows/folds/targets/ridge-logistic grid across views; paired loss CI uses 5,000 log-cluster bootstrap replicates",ego13 from frozen Stage7L ego_seq plus mask; raw33 from frozen Stage7L interaction_feat_style raw-equivalent report array,False,DEVELOPMENT_DIAGNOSTIC_EVIDENCE,NO_MATERIAL_RETENTION_LOSS_SUPPORTED
D0-D_MASK_PADDING_SENSITIVITY,C_seed3409,C,3409,SAME_CAPACITY_REFIT_PROBE_PER_VIEW,last,last,interaction,raw33.front_pressure_score,continuous,R2,0.882897778212491,0.0,0.0,0.0,False,False,False,400,80,79,"five-fold GroupKFold grouped by scenario_token; identical rows/folds/targets/ridge-logistic grid across views; paired loss CI uses 5,000 log-cluster bootstrap replicates",ego13 from frozen Stage7L ego_seq plus mask; raw33 from frozen Stage7L interaction_feat_style raw-equivalent report array,False,DEVELOPMENT_DIAGNOSTIC_EVIDENCE,NO_MATERIAL_RETENTION_LOSS_SUPPORTED
D0-D_MASK_PADDING_SENSITIVITY,C_seed3409,C,3409,SAME_CAPACITY_REFIT_PROBE_PER_VIEW,last,last,lateral,raw33.lane_change_count_proxy,categorical,balanced_accuracy,0.9166666666666667,0.0,0.0,0.0,False,False,False,400,80,79,"five-fold GroupKFold grouped by scenario_token; identical rows/folds/targets/ridge-logistic grid across views; paired loss CI uses 5,000 log-cluster bootstrap replicates",ego13 from frozen Stage7L ego_seq plus mask; raw33 from frozen Stage7L interaction_feat_style raw-equivalent report array,False,DEVELOPMENT_DIAGNOSTIC_EVIDENCE,NO_MATERIAL_RETENTION_LOSS_SUPPORTED
D0-D_MASK_PADDING_SENSITIVITY,C_seed3409,C,3409,SAME_CAPACITY_REFIT_PROBE_PER_VIEW,last,last,interaction,raw33.mean_front_distance,continuous,R2,0.9539451280902014,0.0,0.0,0.0,False,False,False,400,80,79,"five-fold GroupKFold grouped by scenario_token; identical rows/folds/targets/ridge-logistic grid across views; paired loss CI uses 5,000 log-cluster bootstrap replicates",ego13 from frozen Stage7L ego_seq plus mask; raw33 from frozen Stage7L interaction_feat_style raw-equivalent report array,False,DEVELOPMENT_DIAGNOSTIC_EVIDENCE,NO_MATERIAL_RETENTION_LOSS_SUPPORTED
D0-D_MASK_PADDING_SENSITIVITY,C_seed3409,C,3409,SAME_CAPACITY_REFIT_PROBE_PER_VIEW,last,last,interaction,raw33.mean_rel_speed,continuous,R2,0.9102547637916882,0.0,0.0,0.0,False,False,False,400,80,79,"five-fold GroupKFold grouped by scenario_token; identical rows/folds/targets/ridge-logistic grid across views; paired loss CI uses 5,000 log-cluster bootstrap replicates",ego13 from frozen Stage7L ego_seq plus mask; raw33 from frozen Stage7L interaction_feat_style raw-equivalent report array,False,DEVELOPMENT_DIAGNOSTIC_EVIDENCE,NO_MATERIAL_RETENTION_LOSS_SUPPORTED
D0-D_MASK_PADDING_SENSITIVITY,C_seed3409,C,3409,SAME_CAPACITY_REFIT_PROBE_PER_VIEW,last,masked_mean,longitudinal,ego13.end_minus_start_speed,continuous,R2,0.9985509181543144,-0.2145588612843874,-0.4530900839145172,-0.15723966076199616,True,False,True,400,80,79,"five-fold GroupKFold grouped by scenario_token; identical rows/folds/targets/ridge-logistic grid across views; paired loss CI uses 5,000 log-cluster bootstrap replicates",ego13 from frozen Stage7L ego_seq plus mask; raw33 from frozen Stage7L interaction_feat_style raw-equivalent report array,True,DEVELOPMENT_DIAGNOSTIC_EVIDENCE,REFIT_VIEW_GAIN_NOT_INFORMATION_LOSS
D0-D_MASK_PADDING_SENSITIVITY,C_seed3409,C,3409,SAME_CAPACITY_REFIT_PROBE_PER_VIEW,last,masked_mean,lateral,ego13.heading_change_abs_total,continuous,R2,0.3287650532931604,-0.16425949884219795,-0.32491188425066553,0.002443760517082048,False,False,False,400,80,79,"five-fold GroupKFold grouped by scenario_token; identical rows/folds/targets/ridge-logistic grid across views; paired loss CI uses 5,000 log-cluster bootstrap replicates",ego13 from frozen Stage7L ego_seq plus mask; raw33 from frozen Stage7L interaction_feat_style raw-equivalent report array,True,DEVELOPMENT_DIAGNOSTIC_EVIDENCE,COORDINATE_GEOMETRY_SHIFT_FAVORED
D0-D_MASK_PADDING_SENSITIVITY,C_seed3409,C,3409,SAME_CAPACITY_REFIT_PROBE_PER_VIEW,last,masked_mean,longitudinal,ego13.mean_speed,continuous,R2,0.9988176972023265,-0.4459117486504901,-0.5633729782441284,-0.3484911461532091,True,False,True,400,80,79,"five-fold GroupKFold grouped by scenario_token; identical rows/folds/targets/ridge-logistic grid across views; paired loss CI uses 5,000 log-cluster bootstrap replicates",ego13 from frozen Stage7L ego_seq plus mask; raw33 from frozen Stage7L interaction_feat_style raw-equivalent report array,True,DEVELOPMENT_DIAGNOSTIC_EVIDENCE,REFIT_VIEW_GAIN_NOT_INFORMATION_LOSS
D0-D_MASK_PADDING_SENSITIVITY,C_seed3409,C,3409,SAME_CAPACITY_REFIT_PROBE_PER_VIEW,last,masked_mean,longitudinal,ego13.rms_accel,continuous,R2,0.99039665013013,-0.16263983692895403,-0.502987434678136,-0.140969818136582,True,False,True,400,80,79,"five-fold GroupKFold grouped by scenario_token; identical rows/folds/targets/ridge-logistic grid across views; paired loss CI uses 5,000 log-cluster bootstrap replicates",ego13 from frozen Stage7L ego_seq plus mask; raw33 from frozen Stage7L interaction_feat_style raw-equivalent report array,True,DEVELOPMENT_DIAGNOSTIC_EVIDENCE,REFIT_VIEW_GAIN_NOT_INFORMATION_LOSS
D0-D_MASK_PADDING_SENSITIVITY,C_seed3409,C,3409,SAME_CAPACITY_REFIT_PROBE_PER_VIEW,last,masked_mean,lateral,ego13.rms_yaw_rate,continuous,R2,0.35674436137778487,-0.03403355029596431,-0.24937534292952002,0.18798125927045906,False,False,False,400,80,79,"five-fold GroupKFold grouped by scenario_token; identical rows/folds/targets/ridge-logistic grid across views; paired loss CI uses 5,000 log-cluster bootstrap replicates",ego13 from frozen Stage7L ego_seq plus mask; raw33 from frozen Stage7L interaction_feat_style raw-equivalent report array,True,DEVELOPMENT_DIAGNOSTIC_EVIDENCE,COORDINATE_GEOMETRY_SHIFT_FAVORED
D0-D_MASK_PADDING_SENSITIVITY,C_seed3409,C,3409,SAME_CAPACITY_REFIT_PROBE_PER_VIEW,last,masked_mean,interaction,raw33.front_pressure_score,continuous,R2,0.8645494989539054,0.1405094878746626,-0.09197229939043086,0.27965105060551254,False,False,False,400,80,79,"five-fold GroupKFold grouped by scenario_token; identical rows/folds/targets/ridge-logistic grid across views; paired loss CI uses 5,000 log-cluster bootstrap replicates",ego13 from frozen Stage7L ego_seq plus mask; raw33 from frozen Stage7L interaction_feat_style raw-equivalent report array,True,DEVELOPMENT_DIAGNOSTIC_EVIDENCE,NO_MATERIAL_RETENTION_LOSS_SUPPORTED
D0-D_MASK_PADDING_SENSITIVITY,C_seed3409,C,3409,SAME_CAPACITY_REFIT_PROBE_PER_VIEW,last,masked_mean,lateral,raw33.lane_change_count_proxy,categorical,balanced_accuracy,0.9166666666666667,0.0,0.0,0.0,False,False,False,400,80,79,"five-fold GroupKFold grouped by scenario_token; identical rows/folds/targets/ridge-logistic grid across views; paired loss CI uses 5,000 log-cluster bootstrap replicates",ego13 from frozen Stage7L ego_seq plus mask; raw33 from frozen Stage7L interaction_feat_style raw-equivalent report array,True,DEVELOPMENT_DIAGNOSTIC_EVIDENCE,NO_MATERIAL_RETENTION_LOSS_SUPPORTED
D0-D_MASK_PADDING_SENSITIVITY,C_seed3409,C,3409,SAME_CAPACITY_REFIT_PROBE_PER_VIEW,last,masked_mean,interaction,raw33.mean_front_distance,continuous,R2,0.9556902030567958,-0.05013595329754909,-0.28305011257273216,0.17173919168662416,False,False,False,400,80,79,"five-fold GroupKFold grouped by scenario_token; identical rows/folds/targets/ridge-logistic grid across views; paired loss CI uses 5,000 log-cluster bootstrap replicates",ego13 from frozen Stage7L ego_seq plus mask; raw33 from frozen Stage7L interaction_feat_style raw-equivalent report array,True,DEVELOPMENT_DIAGNOSTIC_EVIDENCE,NO_MATERIAL_RETENTION_LOSS_SUPPORTED
D0-D_MASK_PADDING_SENSITIVITY,C_seed3409,C,3409,SAME_CAPACITY_REFIT_PROBE_PER_VIEW,last,masked_mean,interaction,raw33.mean_rel_speed,continuous,R2,0.891742411593852,0.1382341622660572,-0.10156594855498871,0.27217386562270685,False,False,False,400,80,79,"five-fold GroupKFold grouped by scenario_token; identical rows/folds/targets/ridge-logistic grid across views; paired loss CI uses 5,000 log-cluster bootstrap replicates",ego13 from frozen Stage7L ego_seq plus mask; raw33 from frozen Stage7L interaction_feat_style raw-equivalent report array,True,DEVELOPMENT_DIAGNOSTIC_EVIDENCE,NO_MATERIAL_RETENTION_LOSS_SUPPORTED
