session_id,declared_outcome_exposed,reservation_or_permanent_conflict,exposure_stage,exposure_type,development_or_evaluation_use,training_use,confidence,evidence_sources,notes
2021.05.12.22.00.38_veh-35,true,true,MULTI_STAGE_FROZEN_AGGREGATE,DECLARED_HISTORICAL_OUTCOME_EXPOSURE;RESERVATION_OR_PERMANENT_CONFLICT,DECLARED_IN_FROZEN_AGGREGATE,UNKNOWN_NOT_SEPARATELY_MATERIALIZED,HIGH_FOR_AGGREGATE_CLASSIFICATION;STAGE_SPECIFICITY_NOT_MATERIALIZED,docs/stageR/s2_preflight/S2_Preflight_Exposure_Exclusion_Ledger_v1.json;docs/stageR/r0/manifests/r0_nuplan_historical_use_ledger_v0.1.csv,Derived from frozen identity sets only; no historical result payload was reopened.
2021.05.12.22.28.35_veh-35,true,true,MULTI_STAGE_FROZEN_AGGREGATE,DECLARED_HISTORICAL_OUTCOME_EXPOSURE;RESERVATION_OR_PERMANENT_CONFLICT,DECLARED_IN_FROZEN_AGGREGATE,UNKNOWN_NOT_SEPARATELY_MATERIALIZED,HIGH_FOR_AGGREGATE_CLASSIFICATION;STAGE_SPECIFICITY_NOT_MATERIALIZED,docs/stageR/s2_preflight/S2_Preflight_Exposure_Exclusion_Ledger_v1.json;docs/stageR/r0/manifests/r0_nuplan_historical_use_ledger_v0.1.csv,Derived from frozen identity sets only; no historical result payload was reopened.
2021.05.12.23.36.44_veh-35,true,true,MULTI_STAGE_FROZEN_AGGREGATE,DECLARED_HISTORICAL_OUTCOME_EXPOSURE;RESERVATION_OR_PERMANENT_CONFLICT,DECLARED_IN_FROZEN_AGGREGATE,UNKNOWN_NOT_SEPARATELY_MATERIALIZED,HIGH_FOR_AGGREGATE_CLASSIFICATION;STAGE_SPECIFICITY_NOT_MATERIALIZED,docs/stageR/s2_preflight/S2_Preflight_Exposure_Exclusion_Ledger_v1.json;docs/stageR/r0/manifests/r0_nuplan_historical_use_ledger_v0.1.csv,Derived from frozen identity sets only; no historical result payload was reopened.
2021.05.25.14.16.10_veh-35,true,true,MULTI_STAGE_FROZEN_AGGREGATE,DECLARED_HISTORICAL_OUTCOME_EXPOSURE;RESERVATION_OR_PERMANENT_CONFLICT,DECLARED_IN_FROZEN_AGGREGATE,UNKNOWN_NOT_SEPARATELY_MATERIALIZED,HIGH_FOR_AGGREGATE_CLASSIFICATION;STAGE_SPECIFICITY_NOT_MATERIALIZED,docs/stageR/s2_preflight/S2_Preflight_Exposure_Exclusion_Ledger_v1.json;docs/stageR/r0/manifests/r0_nuplan_historical_use_ledger_v0.1.csv,Derived from frozen identity sets only; no historical result payload was reopened.
2021.06.03.12.02.06_veh-35,true,true,MULTI_STAGE_FROZEN_AGGREGATE,DECLARED_HISTORICAL_OUTCOME_EXPOSURE;RESERVATION_OR_PERMANENT_CONFLICT,DECLARED_IN_FROZEN_AGGREGATE,UNKNOWN_NOT_SEPARATELY_MATERIALIZED,HIGH_FOR_AGGREGATE_CLASSIFICATION;STAGE_SPECIFICITY_NOT_MATERIALIZED,docs/stageR/s2_preflight/S2_Preflight_Exposure_Exclusion_Ledger_v1.json;docs/stageR/r0/manifests/r0_nuplan_historical_use_ledger_v0.1.csv,Derived from frozen identity sets only; no historical result payload was reopened.
2021.06.03.13.55.17_veh-35,true,true,MULTI_STAGE_FROZEN_AGGREGATE,DECLARED_HISTORICAL_OUTCOME_EXPOSURE;RESERVATION_OR_PERMANENT_CONFLICT,DECLARED_IN_FROZEN_AGGREGATE,UNKNOWN_NOT_SEPARATELY_MATERIALIZED,HIGH_FOR_AGGREGATE_CLASSIFICATION;STAGE_SPECIFICITY_NOT_MATERIALIZED,docs/stageR/s2_preflight/S2_Preflight_Exposure_Exclusion_Ledger_v1.json;docs/stageR/r0/manifests/r0_nuplan_historical_use_ledger_v0.1.csv,Derived from frozen identity sets only; no historical result payload was reopened.
2021.06.07.12.54.00_veh-35,true,true,MULTI_STAGE_FROZEN_AGGREGATE,DECLARED_HISTORICAL_OUTCOME_EXPOSURE;RESERVATION_OR_PERMANENT_CONFLICT,DECLARED_IN_FROZEN_AGGREGATE,UNKNOWN_NOT_SEPARATELY_MATERIALIZED,HIGH_FOR_AGGREGATE_CLASSIFICATION;STAGE_SPECIFICITY_NOT_MATERIALIZED,docs/stageR/s2_preflight/S2_Preflight_Exposure_Exclusion_Ledger_v1.json;docs/stageR/r0/manifests/r0_nuplan_historical_use_ledger_v0.1.csv,Derived from frozen identity sets only; no historical result payload was reopened.
2021.06.07.18.53.26_veh-26,true,true,MULTI_STAGE_FROZEN_AGGREGATE,DECLARED_HISTORICAL_OUTCOME_EXPOSURE;RESERVATION_OR_PERMANENT_CONFLICT,DECLARED_IN_FROZEN_AGGREGATE,UNKNOWN_NOT_SEPARATELY_MATERIALIZED,HIGH_FOR_AGGREGATE_CLASSIFICATION;STAGE_SPECIFICITY_NOT_MATERIALIZED,docs/stageR/s2_preflight/S2_Preflight_Exposure_Exclusion_Ledger_v1.json;docs/stageR/r0/manifests/r0_nuplan_historical_use_ledger_v0.1.csv,Derived from frozen identity sets only; no historical result payload was reopened.
2021.06.08.12.54.54_veh-26,true,true,MULTI_STAGE_FROZEN_AGGREGATE,DECLARED_HISTORICAL_OUTCOME_EXPOSURE;RESERVATION_OR_PERMANENT_CONFLICT,DECLARED_IN_FROZEN_AGGREGATE,UNKNOWN_NOT_SEPARATELY_MATERIALIZED,HIGH_FOR_AGGREGATE_CLASSIFICATION;STAGE_SPECIFICITY_NOT_MATERIALIZED,docs/stageR/s2_preflight/S2_Preflight_Exposure_Exclusion_Ledger_v1.json;docs/stageR/r0/manifests/r0_nuplan_historical_use_ledger_v0.1.csv,Derived from frozen identity sets only; no historical result payload was reopened.
2021.06.08.14.35.24_veh-26,true,true,MULTI_STAGE_FROZEN_AGGREGATE,DECLARED_HISTORICAL_OUTCOME_EXPOSURE;RESERVATION_OR_PERMANENT_CONFLICT,DECLARED_IN_FROZEN_AGGREGATE,UNKNOWN_NOT_SEPARATELY_MATERIALIZED,HIGH_FOR_AGGREGATE_CLASSIFICATION;STAGE_SPECIFICITY_NOT_MATERIALIZED,docs/stageR/s2_preflight/S2_Preflight_Exposure_Exclusion_Ledger_v1.json;docs/stageR/r0/manifests/r0_nuplan_historical_use_ledger_v0.1.csv,Derived from frozen identity sets only; no historical result payload was reopened.
2021.06.08.16.31.33_veh-38,true,true,MULTI_STAGE_FROZEN_AGGREGATE,DECLARED_HISTORICAL_OUTCOME_EXPOSURE;RESERVATION_OR_PERMANENT_CONFLICT,DECLARED_IN_FROZEN_AGGREGATE,UNKNOWN_NOT_SEPARATELY_MATERIALIZED,HIGH_FOR_AGGREGATE_CLASSIFICATION;STAGE_SPECIFICITY_NOT_MATERIALIZED,docs/stageR/s2_preflight/S2_Preflight_Exposure_Exclusion_Ledger_v1.json;docs/stageR/r0/manifests/r0_nuplan_historical_use_ledger_v0.1.csv,Derived from frozen identity sets only; no historical result payload was reopened.
2021.06.09.11.54.15_veh-12,true,true,MULTI_STAGE_FROZEN_AGGREGATE,DECLARED_HISTORICAL_OUTCOME_EXPOSURE;RESERVATION_OR_PERMANENT_CONFLICT,DECLARED_IN_FROZEN_AGGREGATE,UNKNOWN_NOT_SEPARATELY_MATERIALIZED,HIGH_FOR_AGGREGATE_CLASSIFICATION;STAGE_SPECIFICITY_NOT_MATERIALIZED,docs/stageR/s2_preflight/S2_Preflight_Exposure_Exclusion_Ledger_v1.json;docs/stageR/r0/manifests/r0_nuplan_historical_use_ledger_v0.1.csv,Derived from frozen identity sets only; no historical result payload was reopened.
2021.06.09.14.03.17_veh-12,true,true,MULTI_STAGE_FROZEN_AGGREGATE,DECLARED_HISTORICAL_OUTCOME_EXPOSURE;RESERVATION_OR_PERMANENT_CONFLICT,DECLARED_IN_FROZEN_AGGREGATE,UNKNOWN_NOT_SEPARATELY_MATERIALIZED,HIGH_FOR_AGGREGATE_CLASSIFICATION;STAGE_SPECIFICITY_NOT_MATERIALIZED,docs/stageR/s2_preflight/S2_Preflight_Exposure_Exclusion_Ledger_v1.json;docs/stageR/r0/manifests/r0_nuplan_historical_use_ledger_v0.1.csv,Derived from frozen identity sets only; no historical result payload was reopened.
2021.06.09.14.58.55_veh-35,true,true,MULTI_STAGE_FROZEN_AGGREGATE,DECLARED_HISTORICAL_OUTCOME_EXPOSURE;RESERVATION_OR_PERMANENT_CONFLICT,DECLARED_IN_FROZEN_AGGREGATE,UNKNOWN_NOT_SEPARATELY_MATERIALIZED,HIGH_FOR_AGGREGATE_CLASSIFICATION;STAGE_SPECIFICITY_NOT_MATERIALIZED,docs/stageR/s2_preflight/S2_Preflight_Exposure_Exclusion_Ledger_v1.json;docs/stageR/r0/manifests/r0_nuplan_historical_use_ledger_v0.1.csv,Derived from frozen identity sets only; no historical result payload was reopened.
2021.06.09.17.23.18_veh-38,true,true,MULTI_STAGE_FROZEN_AGGREGATE,DECLARED_HISTORICAL_OUTCOME_EXPOSURE;RESERVATION_OR_PERMANENT_CONFLICT,DECLARED_IN_FROZEN_AGGREGATE,UNKNOWN_NOT_SEPARATELY_MATERIALIZED,HIGH_FOR_AGGREGATE_CLASSIFICATION;STAGE_SPECIFICITY_NOT_MATERIALIZED,docs/stageR/s2_preflight/S2_Preflight_Exposure_Exclusion_Ledger_v1.json;docs/stageR/r0/manifests/r0_nuplan_historical_use_ledger_v0.1.csv,Derived from frozen identity sets only; no historical result payload was reopened.
2021.06.09.17.37.09_veh-12,true,true,MULTI_STAGE_FROZEN_AGGREGATE,DECLARED_HISTORICAL_OUTCOME_EXPOSURE;RESERVATION_OR_PERMANENT_CONFLICT,DECLARED_IN_FROZEN_AGGREGATE,UNKNOWN_NOT_SEPARATELY_MATERIALIZED,HIGH_FOR_AGGREGATE_CLASSIFICATION;STAGE_SPECIFICITY_NOT_MATERIALIZED,docs/stageR/s2_preflight/S2_Preflight_Exposure_Exclusion_Ledger_v1.json;docs/stageR/r0/manifests/r0_nuplan_historical_use_ledger_v0.1.csv,Derived from frozen identity sets only; no historical result payload was reopened.
2021.06.14.16.32.09_veh-35,true,true,MULTI_STAGE_FROZEN_AGGREGATE,DECLARED_HISTORICAL_OUTCOME_EXPOSURE;RESERVATION_OR_PERMANENT_CONFLICT,DECLARED_IN_FROZEN_AGGREGATE,UNKNOWN_NOT_SEPARATELY_MATERIALIZED,HIGH_FOR_AGGREGATE_CLASSIFICATION;STAGE_SPECIFICITY_NOT_MATERIALIZED,docs/stageR/s2_preflight/S2_Preflight_Exposure_Exclusion_Ledger_v1.json;docs/stageR/r0/manifests/r0_nuplan_historical_use_ledger_v0.1.csv,Derived from frozen identity sets only; no historical result payload was reopened.
2021.06.14.16.48.02_veh-12,true,true,MULTI_STAGE_FROZEN_AGGREGATE,DECLARED_HISTORICAL_OUTCOME_EXPOSURE;RESERVATION_OR_PERMANENT_CONFLICT,DECLARED_IN_FROZEN_AGGREGATE,UNKNOWN_NOT_SEPARATELY_MATERIALIZED,HIGH_FOR_AGGREGATE_CLASSIFICATION;STAGE_SPECIFICITY_NOT_MATERIALIZED,docs/stageR/s2_preflight/S2_Preflight_Exposure_Exclusion_Ledger_v1.json;docs/stageR/r0/manifests/r0_nuplan_historical_use_ledger_v0.1.csv,Derived from frozen identity sets only; no historical result payload was reopened.
2021.06.14.17.26.26_veh-38,true,true,MULTI_STAGE_FROZEN_AGGREGATE,DECLARED_HISTORICAL_OUTCOME_EXPOSURE;RESERVATION_OR_PERMANENT_CONFLICT,DECLARED_IN_FROZEN_AGGREGATE,UNKNOWN_NOT_SEPARATELY_MATERIALIZED,HIGH_FOR_AGGREGATE_CLASSIFICATION;STAGE_SPECIFICITY_NOT_MATERIALIZED,docs/stageR/s2_preflight/S2_Preflight_Exposure_Exclusion_Ledger_v1.json;docs/stageR/r0/manifests/r0_nuplan_historical_use_ledger_v0.1.csv,Derived from frozen identity sets only; no historical result payload was reopened.
2021.06.14.18.33.41_veh-35,true,true,MULTI_STAGE_FROZEN_AGGREGATE,DECLARED_HISTORICAL_OUTCOME_EXPOSURE;RESERVATION_OR_PERMANENT_CONFLICT,DECLARED_IN_FROZEN_AGGREGATE,UNKNOWN_NOT_SEPARATELY_MATERIALIZED,HIGH_FOR_AGGREGATE_CLASSIFICATION;STAGE_SPECIFICITY_NOT_MATERIALIZED,docs/stageR/s2_preflight/S2_Preflight_Exposure_Exclusion_Ledger_v1.json;docs/stageR/r0/manifests/r0_nuplan_historical_use_ledger_v0.1.csv,Derived from frozen identity sets only; no historical result payload was reopened.
2021.06.14.18.42.45_veh-12,true,true,MULTI_STAGE_FROZEN_AGGREGATE,DECLARED_HISTORICAL_OUTCOME_EXPOSURE;RESERVATION_OR_PERMANENT_CONFLICT,DECLARED_IN_FROZEN_AGGREGATE,UNKNOWN_NOT_SEPARATELY_MATERIALIZED,HIGH_FOR_AGGREGATE_CLASSIFICATION;STAGE_SPECIFICITY_NOT_MATERIALIZED,docs/stageR/s2_preflight/S2_Preflight_Exposure_Exclusion_Ledger_v1.json;docs/stageR/r0/manifests/r0_nuplan_historical_use_ledger_v0.1.csv,Derived from frozen identity sets only; no historical result payload was reopened.
2021.06.14.19.22.11_veh-38,true,true,MULTI_STAGE_FROZEN_AGGREGATE,DECLARED_HISTORICAL_OUTCOME_EXPOSURE;RESERVATION_OR_PERMANENT_CONFLICT,DECLARED_IN_FROZEN_AGGREGATE,UNKNOWN_NOT_SEPARATELY_MATERIALIZED,HIGH_FOR_AGGREGATE_CLASSIFICATION;STAGE_SPECIFICITY_NOT_MATERIALIZED,docs/stageR/s2_preflight/S2_Preflight_Exposure_Exclusion_Ledger_v1.json;docs/stageR/r0/manifests/r0_nuplan_historical_use_ledger_v0.1.csv,Derived from frozen identity sets only; no historical result payload was reopened.
2021.06.23.15.56.12_veh-16,true,true,MULTI_STAGE_FROZEN_AGGREGATE,DECLARED_HISTORICAL_OUTCOME_EXPOSURE;RESERVATION_OR_PERMANENT_CONFLICT,DECLARED_IN_FROZEN_AGGREGATE,UNKNOWN_NOT_SEPARATELY_MATERIALIZED,HIGH_FOR_AGGREGATE_CLASSIFICATION;STAGE_SPECIFICITY_NOT_MATERIALIZED,docs/stageR/s2_preflight/S2_Preflight_Exposure_Exclusion_Ledger_v1.json;docs/stageR/r0/manifests/r0_nuplan_historical_use_ledger_v0.1.csv,Derived from frozen identity sets only; no historical result payload was reopened.
2021.06.23.16.54.19_veh-35,true,true,MULTI_STAGE_FROZEN_AGGREGATE,DECLARED_HISTORICAL_OUTCOME_EXPOSURE;RESERVATION_OR_PERMANENT_CONFLICT,DECLARED_IN_FROZEN_AGGREGATE,UNKNOWN_NOT_SEPARATELY_MATERIALIZED,HIGH_FOR_AGGREGATE_CLASSIFICATION;STAGE_SPECIFICITY_NOT_MATERIALIZED,docs/stageR/s2_preflight/S2_Preflight_Exposure_Exclusion_Ledger_v1.json;docs/stageR/r0/manifests/r0_nuplan_historical_use_ledger_v0.1.csv,Derived from frozen identity sets only; no historical result payload was reopened.
2021.06.23.17.31.36_veh-16,true,true,MULTI_STAGE_FROZEN_AGGREGATE,DECLARED_HISTORICAL_OUTCOME_EXPOSURE;RESERVATION_OR_PERMANENT_CONFLICT,DECLARED_IN_FROZEN_AGGREGATE,UNKNOWN_NOT_SEPARATELY_MATERIALIZED,HIGH_FOR_AGGREGATE_CLASSIFICATION;STAGE_SPECIFICITY_NOT_MATERIALIZED,docs/stageR/s2_preflight/S2_Preflight_Exposure_Exclusion_Ledger_v1.json;docs/stageR/r0/manifests/r0_nuplan_historical_use_ledger_v0.1.csv,Derived from frozen identity sets only; no historical result payload was reopened.
2021.06.28.15.02.02_veh-38,true,true,MULTI_STAGE_FROZEN_AGGREGATE,DECLARED_HISTORICAL_OUTCOME_EXPOSURE;RESERVATION_OR_PERMANENT_CONFLICT,DECLARED_IN_FROZEN_AGGREGATE,UNKNOWN_NOT_SEPARATELY_MATERIALIZED,HIGH_FOR_AGGREGATE_CLASSIFICATION;STAGE_SPECIFICITY_NOT_MATERIALIZED,docs/stageR/s2_preflight/S2_Preflight_Exposure_Exclusion_Ledger_v1.json;docs/stageR/r0/manifests/r0_nuplan_historical_use_ledger_v0.1.csv,Derived from frozen identity sets only; no historical result payload was reopened.
2021.06.28.16.29.11_veh-38,true,true,MULTI_STAGE_FROZEN_AGGREGATE,DECLARED_HISTORICAL_OUTCOME_EXPOSURE;RESERVATION_OR_PERMANENT_CONFLICT,DECLARED_IN_FROZEN_AGGREGATE,UNKNOWN_NOT_SEPARATELY_MATERIALIZED,HIGH_FOR_AGGREGATE_CLASSIFICATION;STAGE_SPECIFICITY_NOT_MATERIALIZED,docs/stageR/s2_preflight/S2_Preflight_Exposure_Exclusion_Ledger_v1.json;docs/stageR/r0/manifests/r0_nuplan_historical_use_ledger_v0.1.csv,Derived from frozen identity sets only; no historical result payload was reopened.
2021.06.28.16.57.59_veh-26,true,true,MULTI_STAGE_FROZEN_AGGREGATE,DECLARED_HISTORICAL_OUTCOME_EXPOSURE;RESERVATION_OR_PERMANENT_CONFLICT,DECLARED_IN_FROZEN_AGGREGATE,UNKNOWN_NOT_SEPARATELY_MATERIALIZED,HIGH_FOR_AGGREGATE_CLASSIFICATION;STAGE_SPECIFICITY_NOT_MATERIALIZED,docs/stageR/s2_preflight/S2_Preflight_Exposure_Exclusion_Ledger_v1.json;docs/stageR/r0/manifests/r0_nuplan_historical_use_ledger_v0.1.csv,Derived from frozen identity sets only; no historical result payload was reopened.
2021.07.09.17.06.37_veh-35,true,true,MULTI_STAGE_FROZEN_AGGREGATE,DECLARED_HISTORICAL_OUTCOME_EXPOSURE;RESERVATION_OR_PERMANENT_CONFLICT,DECLARED_IN_FROZEN_AGGREGATE,UNKNOWN_NOT_SEPARATELY_MATERIALIZED,HIGH_FOR_AGGREGATE_CLASSIFICATION;STAGE_SPECIFICITY_NOT_MATERIALIZED,docs/stageR/s2_preflight/S2_Preflight_Exposure_Exclusion_Ledger_v1.json;docs/stageR/r0/manifests/r0_nuplan_historical_use_ledger_v0.1.csv,Derived from frozen identity sets only; no historical result payload was reopened.
2021.07.09.20.59.12_veh-38,true,true,MULTI_STAGE_FROZEN_AGGREGATE,DECLARED_HISTORICAL_OUTCOME_EXPOSURE;RESERVATION_OR_PERMANENT_CONFLICT,DECLARED_IN_FROZEN_AGGREGATE,UNKNOWN_NOT_SEPARATELY_MATERIALIZED,HIGH_FOR_AGGREGATE_CLASSIFICATION;STAGE_SPECIFICITY_NOT_MATERIALIZED,docs/stageR/s2_preflight/S2_Preflight_Exposure_Exclusion_Ledger_v1.json;docs/stageR/r0/manifests/r0_nuplan_historical_use_ledger_v0.1.csv,Derived from frozen identity sets only; no historical result payload was reopened.
2021.07.16.00.51.05_veh-17,true,true,MULTI_STAGE_FROZEN_AGGREGATE,DECLARED_HISTORICAL_OUTCOME_EXPOSURE;RESERVATION_OR_PERMANENT_CONFLICT,DECLARED_IN_FROZEN_AGGREGATE,UNKNOWN_NOT_SEPARATELY_MATERIALIZED,HIGH_FOR_AGGREGATE_CLASSIFICATION;STAGE_SPECIFICITY_NOT_MATERIALIZED,docs/stageR/s2_preflight/S2_Preflight_Exposure_Exclusion_Ledger_v1.json;docs/stageR/r0/manifests/r0_nuplan_historical_use_ledger_v0.1.csv,Derived from frozen identity sets only; no historical result payload was reopened.
2021.07.16.18.06.21_veh-38,true,true,MULTI_STAGE_FROZEN_AGGREGATE,DECLARED_HISTORICAL_OUTCOME_EXPOSURE;RESERVATION_OR_PERMANENT_CONFLICT,DECLARED_IN_FROZEN_AGGREGATE,UNKNOWN_NOT_SEPARATELY_MATERIALIZED,HIGH_FOR_AGGREGATE_CLASSIFICATION;STAGE_SPECIFICITY_NOT_MATERIALIZED,docs/stageR/s2_preflight/S2_Preflight_Exposure_Exclusion_Ledger_v1.json;docs/stageR/r0/manifests/r0_nuplan_historical_use_ledger_v0.1.csv,Derived from frozen identity sets only; no historical result payload was reopened.
2021.07.16.18.19.22_veh-35,true,true,MULTI_STAGE_FROZEN_AGGREGATE,DECLARED_HISTORICAL_OUTCOME_EXPOSURE;RESERVATION_OR_PERMANENT_CONFLICT,DECLARED_IN_FROZEN_AGGREGATE,UNKNOWN_NOT_SEPARATELY_MATERIALIZED,HIGH_FOR_AGGREGATE_CLASSIFICATION;STAGE_SPECIFICITY_NOT_MATERIALIZED,docs/stageR/s2_preflight/S2_Preflight_Exposure_Exclusion_Ledger_v1.json;docs/stageR/r0/manifests/r0_nuplan_historical_use_ledger_v0.1.csv,Derived from frozen identity sets only; no historical result payload was reopened.
2021.07.16.20.45.29_veh-35,true,true,MULTI_STAGE_FROZEN_AGGREGATE,DECLARED_HISTORICAL_OUTCOME_EXPOSURE;RESERVATION_OR_PERMANENT_CONFLICT,DECLARED_IN_FROZEN_AGGREGATE,UNKNOWN_NOT_SEPARATELY_MATERIALIZED,HIGH_FOR_AGGREGATE_CLASSIFICATION;STAGE_SPECIFICITY_NOT_MATERIALIZED,docs/stageR/s2_preflight/S2_Preflight_Exposure_Exclusion_Ledger_v1.json;docs/stageR/r0/manifests/r0_nuplan_historical_use_ledger_v0.1.csv,Derived from frozen identity sets only; no historical result payload was reopened.
2021.07.24.20.37.45_veh-17,true,true,MULTI_STAGE_FROZEN_AGGREGATE,DECLARED_HISTORICAL_OUTCOME_EXPOSURE;RESERVATION_OR_PERMANENT_CONFLICT,DECLARED_IN_FROZEN_AGGREGATE,UNKNOWN_NOT_SEPARATELY_MATERIALIZED,HIGH_FOR_AGGREGATE_CLASSIFICATION;STAGE_SPECIFICITY_NOT_MATERIALIZED,docs/stageR/s2_preflight/S2_Preflight_Exposure_Exclusion_Ledger_v1.json;docs/stageR/r0/manifests/r0_nuplan_historical_use_ledger_v0.1.csv,Derived from frozen identity sets only; no historical result payload was reopened.
2021.07.24.23.50.16_veh-17,true,true,MULTI_STAGE_FROZEN_AGGREGATE,DECLARED_HISTORICAL_OUTCOME_EXPOSURE;RESERVATION_OR_PERMANENT_CONFLICT,DECLARED_IN_FROZEN_AGGREGATE,UNKNOWN_NOT_SEPARATELY_MATERIALIZED,HIGH_FOR_AGGREGATE_CLASSIFICATION;STAGE_SPECIFICITY_NOT_MATERIALIZED,docs/stageR/s2_preflight/S2_Preflight_Exposure_Exclusion_Ledger_v1.json;docs/stageR/r0/manifests/r0_nuplan_historical_use_ledger_v0.1.csv,Derived from frozen identity sets only; no historical result payload was reopened.
2021.08.17.13.10.50_veh-08,true,true,MULTI_STAGE_FROZEN_AGGREGATE,DECLARED_HISTORICAL_OUTCOME_EXPOSURE;RESERVATION_OR_PERMANENT_CONFLICT,DECLARED_IN_FROZEN_AGGREGATE,UNKNOWN_NOT_SEPARATELY_MATERIALIZED,HIGH_FOR_AGGREGATE_CLASSIFICATION;STAGE_SPECIFICITY_NOT_MATERIALIZED,docs/stageR/s2_preflight/S2_Preflight_Exposure_Exclusion_Ledger_v1.json;docs/stageR/r0/manifests/r0_nuplan_historical_use_ledger_v0.1.csv,Derived from frozen identity sets only; no historical result payload was reopened.
2021.08.17.13.15.12_veh-45,true,true,MULTI_STAGE_FROZEN_AGGREGATE,DECLARED_HISTORICAL_OUTCOME_EXPOSURE;RESERVATION_OR_PERMANENT_CONFLICT,DECLARED_IN_FROZEN_AGGREGATE,UNKNOWN_NOT_SEPARATELY_MATERIALIZED,HIGH_FOR_AGGREGATE_CLASSIFICATION;STAGE_SPECIFICITY_NOT_MATERIALIZED,docs/stageR/s2_preflight/S2_Preflight_Exposure_Exclusion_Ledger_v1.json;docs/stageR/r0/manifests/r0_nuplan_historical_use_ledger_v0.1.csv,Derived from frozen identity sets only; no historical result payload was reopened.
2021.08.17.14.32.33_veh-08,true,true,MULTI_STAGE_FROZEN_AGGREGATE,DECLARED_HISTORICAL_OUTCOME_EXPOSURE;RESERVATION_OR_PERMANENT_CONFLICT,DECLARED_IN_FROZEN_AGGREGATE,UNKNOWN_NOT_SEPARATELY_MATERIALIZED,HIGH_FOR_AGGREGATE_CLASSIFICATION;STAGE_SPECIFICITY_NOT_MATERIALIZED,docs/stageR/s2_preflight/S2_Preflight_Exposure_Exclusion_Ledger_v1.json;docs/stageR/r0/manifests/r0_nuplan_historical_use_ledger_v0.1.csv,Derived from frozen identity sets only; no historical result payload was reopened.
2021.08.17.14.45.12_veh-42,true,true,MULTI_STAGE_FROZEN_AGGREGATE,DECLARED_HISTORICAL_OUTCOME_EXPOSURE;RESERVATION_OR_PERMANENT_CONFLICT,DECLARED_IN_FROZEN_AGGREGATE,UNKNOWN_NOT_SEPARATELY_MATERIALIZED,HIGH_FOR_AGGREGATE_CLASSIFICATION;STAGE_SPECIFICITY_NOT_MATERIALIZED,docs/stageR/s2_preflight/S2_Preflight_Exposure_Exclusion_Ledger_v1.json;docs/stageR/r0/manifests/r0_nuplan_historical_use_ledger_v0.1.csv,Derived from frozen identity sets only; no historical result payload was reopened.
2021.08.17.16.48.45_veh-43,true,true,MULTI_STAGE_FROZEN_AGGREGATE,DECLARED_HISTORICAL_OUTCOME_EXPOSURE;RESERVATION_OR_PERMANENT_CONFLICT,DECLARED_IN_FROZEN_AGGREGATE,UNKNOWN_NOT_SEPARATELY_MATERIALIZED,HIGH_FOR_AGGREGATE_CLASSIFICATION;STAGE_SPECIFICITY_NOT_MATERIALIZED,docs/stageR/s2_preflight/S2_Preflight_Exposure_Exclusion_Ledger_v1.json;docs/stageR/r0/manifests/r0_nuplan_historical_use_ledger_v0.1.csv,Derived from frozen identity sets only; no historical result payload was reopened.
2021.08.17.16.57.11_veh-08,true,true,MULTI_STAGE_FROZEN_AGGREGATE,DECLARED_HISTORICAL_OUTCOME_EXPOSURE;RESERVATION_OR_PERMANENT_CONFLICT,DECLARED_IN_FROZEN_AGGREGATE,UNKNOWN_NOT_SEPARATELY_MATERIALIZED,HIGH_FOR_AGGREGATE_CLASSIFICATION;STAGE_SPECIFICITY_NOT_MATERIALIZED,docs/stageR/s2_preflight/S2_Preflight_Exposure_Exclusion_Ledger_v1.json;docs/stageR/r0/manifests/r0_nuplan_historical_use_ledger_v0.1.csv,Derived from frozen identity sets only; no historical result payload was reopened.
2021.08.17.17.17.01_veh-45,true,true,MULTI_STAGE_FROZEN_AGGREGATE,DECLARED_HISTORICAL_OUTCOME_EXPOSURE;RESERVATION_OR_PERMANENT_CONFLICT,DECLARED_IN_FROZEN_AGGREGATE,UNKNOWN_NOT_SEPARATELY_MATERIALIZED,HIGH_FOR_AGGREGATE_CLASSIFICATION;STAGE_SPECIFICITY_NOT_MATERIALIZED,docs/stageR/s2_preflight/S2_Preflight_Exposure_Exclusion_Ledger_v1.json;docs/stageR/r0/manifests/r0_nuplan_historical_use_ledger_v0.1.csv,Derived from frozen identity sets only; no historical result payload was reopened.
2021.08.17.17.55.18_veh-43,true,true,MULTI_STAGE_FROZEN_AGGREGATE,DECLARED_HISTORICAL_OUTCOME_EXPOSURE;RESERVATION_OR_PERMANENT_CONFLICT,DECLARED_IN_FROZEN_AGGREGATE,UNKNOWN_NOT_SEPARATELY_MATERIALIZED,HIGH_FOR_AGGREGATE_CLASSIFICATION;STAGE_SPECIFICITY_NOT_MATERIALIZED,docs/stageR/s2_preflight/S2_Preflight_Exposure_Exclusion_Ledger_v1.json;docs/stageR/r0/manifests/r0_nuplan_historical_use_ledger_v0.1.csv,Derived from frozen identity sets only; no historical result payload was reopened.
2021.08.17.18.11.12_veh-08,true,true,MULTI_STAGE_FROZEN_AGGREGATE,DECLARED_HISTORICAL_OUTCOME_EXPOSURE;RESERVATION_OR_PERMANENT_CONFLICT,DECLARED_IN_FROZEN_AGGREGATE,UNKNOWN_NOT_SEPARATELY_MATERIALIZED,HIGH_FOR_AGGREGATE_CLASSIFICATION;STAGE_SPECIFICITY_NOT_MATERIALIZED,docs/stageR/s2_preflight/S2_Preflight_Exposure_Exclusion_Ledger_v1.json;docs/stageR/r0/manifests/r0_nuplan_historical_use_ledger_v0.1.csv,Derived from frozen identity sets only; no historical result payload was reopened.
2021.08.17.18.13.38_veh-45,true,true,MULTI_STAGE_FROZEN_AGGREGATE,DECLARED_HISTORICAL_OUTCOME_EXPOSURE;RESERVATION_OR_PERMANENT_CONFLICT,DECLARED_IN_FROZEN_AGGREGATE,UNKNOWN_NOT_SEPARATELY_MATERIALIZED,HIGH_FOR_AGGREGATE_CLASSIFICATION;STAGE_SPECIFICITY_NOT_MATERIALIZED,docs/stageR/s2_preflight/S2_Preflight_Exposure_Exclusion_Ledger_v1.json;docs/stageR/r0/manifests/r0_nuplan_historical_use_ledger_v0.1.csv,Derived from frozen identity sets only; no historical result payload was reopened.
2021.08.17.18.44.32_veh-08,true,true,MULTI_STAGE_FROZEN_AGGREGATE,DECLARED_HISTORICAL_OUTCOME_EXPOSURE;RESERVATION_OR_PERMANENT_CONFLICT,DECLARED_IN_FROZEN_AGGREGATE,UNKNOWN_NOT_SEPARATELY_MATERIALIZED,HIGH_FOR_AGGREGATE_CLASSIFICATION;STAGE_SPECIFICITY_NOT_MATERIALIZED,docs/stageR/s2_preflight/S2_Preflight_Exposure_Exclusion_Ledger_v1.json;docs/stageR/r0/manifests/r0_nuplan_historical_use_ledger_v0.1.csv,Derived from frozen identity sets only; no historical result payload was reopened.
2021.08.17.18.54.02_veh-45,true,true,MULTI_STAGE_FROZEN_AGGREGATE,DECLARED_HISTORICAL_OUTCOME_EXPOSURE;RESERVATION_OR_PERMANENT_CONFLICT,DECLARED_IN_FROZEN_AGGREGATE,UNKNOWN_NOT_SEPARATELY_MATERIALIZED,HIGH_FOR_AGGREGATE_CLASSIFICATION;STAGE_SPECIFICITY_NOT_MATERIALIZED,docs/stageR/s2_preflight/S2_Preflight_Exposure_Exclusion_Ledger_v1.json;docs/stageR/r0/manifests/r0_nuplan_historical_use_ledger_v0.1.csv,Derived from frozen identity sets only; no historical result payload was reopened.
2021.08.17.19.18.39_veh-08,true,true,MULTI_STAGE_FROZEN_AGGREGATE,DECLARED_HISTORICAL_OUTCOME_EXPOSURE;RESERVATION_OR_PERMANENT_CONFLICT,DECLARED_IN_FROZEN_AGGREGATE,UNKNOWN_NOT_SEPARATELY_MATERIALIZED,HIGH_FOR_AGGREGATE_CLASSIFICATION;STAGE_SPECIFICITY_NOT_MATERIALIZED,docs/stageR/s2_preflight/S2_Preflight_Exposure_Exclusion_Ledger_v1.json;docs/stageR/r0/manifests/r0_nuplan_historical_use_ledger_v0.1.csv,Derived from frozen identity sets only; no historical result payload was reopened.
2021.08.19.14.06.23_veh-45,true,true,MULTI_STAGE_FROZEN_AGGREGATE,DECLARED_HISTORICAL_OUTCOME_EXPOSURE;RESERVATION_OR_PERMANENT_CONFLICT,DECLARED_IN_FROZEN_AGGREGATE,UNKNOWN_NOT_SEPARATELY_MATERIALIZED,HIGH_FOR_AGGREGATE_CLASSIFICATION;STAGE_SPECIFICITY_NOT_MATERIALIZED,docs/stageR/s2_preflight/S2_Preflight_Exposure_Exclusion_Ledger_v1.json;docs/stageR/r0/manifests/r0_nuplan_historical_use_ledger_v0.1.csv,Derived from frozen identity sets only; no historical result payload was reopened.
2021.08.19.15.03.05_veh-45,true,true,MULTI_STAGE_FROZEN_AGGREGATE,DECLARED_HISTORICAL_OUTCOME_EXPOSURE;RESERVATION_OR_PERMANENT_CONFLICT,DECLARED_IN_FROZEN_AGGREGATE,UNKNOWN_NOT_SEPARATELY_MATERIALIZED,HIGH_FOR_AGGREGATE_CLASSIFICATION;STAGE_SPECIFICITY_NOT_MATERIALIZED,docs/stageR/s2_preflight/S2_Preflight_Exposure_Exclusion_Ledger_v1.json;docs/stageR/r0/manifests/r0_nuplan_historical_use_ledger_v0.1.csv,Derived from frozen identity sets only; no historical result payload was reopened.
2021.08.19.17.06.41_veh-08,true,true,MULTI_STAGE_FROZEN_AGGREGATE,DECLARED_HISTORICAL_OUTCOME_EXPOSURE;RESERVATION_OR_PERMANENT_CONFLICT,DECLARED_IN_FROZEN_AGGREGATE,UNKNOWN_NOT_SEPARATELY_MATERIALIZED,HIGH_FOR_AGGREGATE_CLASSIFICATION;STAGE_SPECIFICITY_NOT_MATERIALIZED,docs/stageR/s2_preflight/S2_Preflight_Exposure_Exclusion_Ledger_v1.json;docs/stageR/r0/manifests/r0_nuplan_historical_use_ledger_v0.1.csv,Derived from frozen identity sets only; no historical result payload was reopened.
2021.08.19.17.14.40_veh-45,true,true,MULTI_STAGE_FROZEN_AGGREGATE,DECLARED_HISTORICAL_OUTCOME_EXPOSURE;RESERVATION_OR_PERMANENT_CONFLICT,DECLARED_IN_FROZEN_AGGREGATE,UNKNOWN_NOT_SEPARATELY_MATERIALIZED,HIGH_FOR_AGGREGATE_CLASSIFICATION;STAGE_SPECIFICITY_NOT_MATERIALIZED,docs/stageR/s2_preflight/S2_Preflight_Exposure_Exclusion_Ledger_v1.json;docs/stageR/r0/manifests/r0_nuplan_historical_use_ledger_v0.1.csv,Derived from frozen identity sets only; no historical result payload was reopened.
2021.08.19.17.42.11_veh-08,true,true,MULTI_STAGE_FROZEN_AGGREGATE,DECLARED_HISTORICAL_OUTCOME_EXPOSURE;RESERVATION_OR_PERMANENT_CONFLICT,DECLARED_IN_FROZEN_AGGREGATE,UNKNOWN_NOT_SEPARATELY_MATERIALIZED,HIGH_FOR_AGGREGATE_CLASSIFICATION;STAGE_SPECIFICITY_NOT_MATERIALIZED,docs/stageR/s2_preflight/S2_Preflight_Exposure_Exclusion_Ledger_v1.json;docs/stageR/r0/manifests/r0_nuplan_historical_use_ledger_v0.1.csv,Derived from frozen identity sets only; no historical result payload was reopened.
2021.08.19.18.08.28_veh-45,true,true,MULTI_STAGE_FROZEN_AGGREGATE,DECLARED_HISTORICAL_OUTCOME_EXPOSURE;RESERVATION_OR_PERMANENT_CONFLICT,DECLARED_IN_FROZEN_AGGREGATE,UNKNOWN_NOT_SEPARATELY_MATERIALIZED,HIGH_FOR_AGGREGATE_CLASSIFICATION;STAGE_SPECIFICITY_NOT_MATERIALIZED,docs/stageR/s2_preflight/S2_Preflight_Exposure_Exclusion_Ledger_v1.json;docs/stageR/r0/manifests/r0_nuplan_historical_use_ledger_v0.1.csv,Derived from frozen identity sets only; no historical result payload was reopened.
2021.08.19.19.03.27_veh-45,true,true,MULTI_STAGE_FROZEN_AGGREGATE,DECLARED_HISTORICAL_OUTCOME_EXPOSURE;RESERVATION_OR_PERMANENT_CONFLICT,DECLARED_IN_FROZEN_AGGREGATE,UNKNOWN_NOT_SEPARATELY_MATERIALIZED,HIGH_FOR_AGGREGATE_CLASSIFICATION;STAGE_SPECIFICITY_NOT_MATERIALIZED,docs/stageR/s2_preflight/S2_Preflight_Exposure_Exclusion_Ledger_v1.json;docs/stageR/r0/manifests/r0_nuplan_historical_use_ledger_v0.1.csv,Derived from frozen identity sets only; no historical result payload was reopened.
2021.08.19.19.22.25_veh-08,true,true,MULTI_STAGE_FROZEN_AGGREGATE,DECLARED_HISTORICAL_OUTCOME_EXPOSURE;RESERVATION_OR_PERMANENT_CONFLICT,DECLARED_IN_FROZEN_AGGREGATE,UNKNOWN_NOT_SEPARATELY_MATERIALIZED,HIGH_FOR_AGGREGATE_CLASSIFICATION;STAGE_SPECIFICITY_NOT_MATERIALIZED,docs/stageR/s2_preflight/S2_Preflight_Exposure_Exclusion_Ledger_v1.json;docs/stageR/r0/manifests/r0_nuplan_historical_use_ledger_v0.1.csv,Derived from frozen identity sets only; no historical result payload was reopened.
2021.08.20.12.28.52_veh-42,true,true,MULTI_STAGE_FROZEN_AGGREGATE,DECLARED_HISTORICAL_OUTCOME_EXPOSURE;RESERVATION_OR_PERMANENT_CONFLICT,DECLARED_IN_FROZEN_AGGREGATE,UNKNOWN_NOT_SEPARATELY_MATERIALIZED,HIGH_FOR_AGGREGATE_CLASSIFICATION;STAGE_SPECIFICITY_NOT_MATERIALIZED,docs/stageR/s2_preflight/S2_Preflight_Exposure_Exclusion_Ledger_v1.json;docs/stageR/r0/manifests/r0_nuplan_historical_use_ledger_v0.1.csv,Derived from frozen identity sets only; no historical result payload was reopened.
2021.08.20.13.00.37_veh-08,true,true,MULTI_STAGE_FROZEN_AGGREGATE,DECLARED_HISTORICAL_OUTCOME_EXPOSURE;RESERVATION_OR_PERMANENT_CONFLICT,DECLARED_IN_FROZEN_AGGREGATE,UNKNOWN_NOT_SEPARATELY_MATERIALIZED,HIGH_FOR_AGGREGATE_CLASSIFICATION;STAGE_SPECIFICITY_NOT_MATERIALIZED,docs/stageR/s2_preflight/S2_Preflight_Exposure_Exclusion_Ledger_v1.json;docs/stageR/r0/manifests/r0_nuplan_historical_use_ledger_v0.1.csv,Derived from frozen identity sets only; no historical result payload was reopened.
2021.08.20.13.02.56_veh-42,true,true,MULTI_STAGE_FROZEN_AGGREGATE,DECLARED_HISTORICAL_OUTCOME_EXPOSURE;RESERVATION_OR_PERMANENT_CONFLICT,DECLARED_IN_FROZEN_AGGREGATE,UNKNOWN_NOT_SEPARATELY_MATERIALIZED,HIGH_FOR_AGGREGATE_CLASSIFICATION;STAGE_SPECIFICITY_NOT_MATERIALIZED,docs/stageR/s2_preflight/S2_Preflight_Exposure_Exclusion_Ledger_v1.json;docs/stageR/r0/manifests/r0_nuplan_historical_use_ledger_v0.1.csv,Derived from frozen identity sets only; no historical result payload was reopened.
2021.08.20.13.34.11_veh-45,true,true,MULTI_STAGE_FROZEN_AGGREGATE,DECLARED_HISTORICAL_OUTCOME_EXPOSURE;RESERVATION_OR_PERMANENT_CONFLICT,DECLARED_IN_FROZEN_AGGREGATE,UNKNOWN_NOT_SEPARATELY_MATERIALIZED,HIGH_FOR_AGGREGATE_CLASSIFICATION;STAGE_SPECIFICITY_NOT_MATERIALIZED,docs/stageR/s2_preflight/S2_Preflight_Exposure_Exclusion_Ledger_v1.json;docs/stageR/r0/manifests/r0_nuplan_historical_use_ledger_v0.1.csv,Derived from frozen identity sets only; no historical result payload was reopened.
2021.08.20.14.28.03_veh-45,true,true,MULTI_STAGE_FROZEN_AGGREGATE,DECLARED_HISTORICAL_OUTCOME_EXPOSURE;RESERVATION_OR_PERMANENT_CONFLICT,DECLARED_IN_FROZEN_AGGREGATE,UNKNOWN_NOT_SEPARATELY_MATERIALIZED,HIGH_FOR_AGGREGATE_CLASSIFICATION;STAGE_SPECIFICITY_NOT_MATERIALIZED,docs/stageR/s2_preflight/S2_Preflight_Exposure_Exclusion_Ledger_v1.json;docs/stageR/r0/manifests/r0_nuplan_historical_use_ledger_v0.1.csv,Derived from frozen identity sets only; no historical result payload was reopened.
2021.08.20.16.40.09_veh-45,true,true,MULTI_STAGE_FROZEN_AGGREGATE,DECLARED_HISTORICAL_OUTCOME_EXPOSURE;RESERVATION_OR_PERMANENT_CONFLICT,DECLARED_IN_FROZEN_AGGREGATE,UNKNOWN_NOT_SEPARATELY_MATERIALIZED,HIGH_FOR_AGGREGATE_CLASSIFICATION;STAGE_SPECIFICITY_NOT_MATERIALIZED,docs/stageR/s2_preflight/S2_Preflight_Exposure_Exclusion_Ledger_v1.json;docs/stageR/r0/manifests/r0_nuplan_historical_use_ledger_v0.1.csv,Derived from frozen identity sets only; no historical result payload was reopened.
2021.08.20.16.54.30_veh-08,true,true,MULTI_STAGE_FROZEN_AGGREGATE,DECLARED_HISTORICAL_OUTCOME_EXPOSURE;RESERVATION_OR_PERMANENT_CONFLICT,DECLARED_IN_FROZEN_AGGREGATE,UNKNOWN_NOT_SEPARATELY_MATERIALIZED,HIGH_FOR_AGGREGATE_CLASSIFICATION;STAGE_SPECIFICITY_NOT_MATERIALIZED,docs/stageR/s2_preflight/S2_Preflight_Exposure_Exclusion_Ledger_v1.json;docs/stageR/r0/manifests/r0_nuplan_historical_use_ledger_v0.1.csv,Derived from frozen identity sets only; no historical result payload was reopened.
2021.08.20.17.52.54_veh-08,true,true,MULTI_STAGE_FROZEN_AGGREGATE,DECLARED_HISTORICAL_OUTCOME_EXPOSURE;RESERVATION_OR_PERMANENT_CONFLICT,DECLARED_IN_FROZEN_AGGREGATE,UNKNOWN_NOT_SEPARATELY_MATERIALIZED,HIGH_FOR_AGGREGATE_CLASSIFICATION;STAGE_SPECIFICITY_NOT_MATERIALIZED,docs/stageR/s2_preflight/S2_Preflight_Exposure_Exclusion_Ledger_v1.json;docs/stageR/r0/manifests/r0_nuplan_historical_use_ledger_v0.1.csv,Derived from frozen identity sets only; no historical result payload was reopened.
2021.08.20.17.54.47_veh-45,true,true,MULTI_STAGE_FROZEN_AGGREGATE,DECLARED_HISTORICAL_OUTCOME_EXPOSURE;RESERVATION_OR_PERMANENT_CONFLICT,DECLARED_IN_FROZEN_AGGREGATE,UNKNOWN_NOT_SEPARATELY_MATERIALIZED,HIGH_FOR_AGGREGATE_CLASSIFICATION;STAGE_SPECIFICITY_NOT_MATERIALIZED,docs/stageR/s2_preflight/S2_Preflight_Exposure_Exclusion_Ledger_v1.json;docs/stageR/r0/manifests/r0_nuplan_historical_use_ledger_v0.1.csv,Derived from frozen identity sets only; no historical result payload was reopened.
2021.08.20.18.44.47_veh-08,true,true,MULTI_STAGE_FROZEN_AGGREGATE,DECLARED_HISTORICAL_OUTCOME_EXPOSURE;RESERVATION_OR_PERMANENT_CONFLICT,DECLARED_IN_FROZEN_AGGREGATE,UNKNOWN_NOT_SEPARATELY_MATERIALIZED,HIGH_FOR_AGGREGATE_CLASSIFICATION;STAGE_SPECIFICITY_NOT_MATERIALIZED,docs/stageR/s2_preflight/S2_Preflight_Exposure_Exclusion_Ledger_v1.json;docs/stageR/r0/manifests/r0_nuplan_historical_use_ledger_v0.1.csv,Derived from frozen identity sets only; no historical result payload was reopened.
2021.08.20.19.10.41_veh-45,true,true,MULTI_STAGE_FROZEN_AGGREGATE,DECLARED_HISTORICAL_OUTCOME_EXPOSURE;RESERVATION_OR_PERMANENT_CONFLICT,DECLARED_IN_FROZEN_AGGREGATE,UNKNOWN_NOT_SEPARATELY_MATERIALIZED,HIGH_FOR_AGGREGATE_CLASSIFICATION;STAGE_SPECIFICITY_NOT_MATERIALIZED,docs/stageR/s2_preflight/S2_Preflight_Exposure_Exclusion_Ledger_v1.json;docs/stageR/r0/manifests/r0_nuplan_historical_use_ledger_v0.1.csv,Derived from frozen identity sets only; no historical result payload was reopened.
2021.08.23.12.33.24_veh-42,true,true,MULTI_STAGE_FROZEN_AGGREGATE,DECLARED_HISTORICAL_OUTCOME_EXPOSURE;RESERVATION_OR_PERMANENT_CONFLICT,DECLARED_IN_FROZEN_AGGREGATE,UNKNOWN_NOT_SEPARATELY_MATERIALIZED,HIGH_FOR_AGGREGATE_CLASSIFICATION;STAGE_SPECIFICITY_NOT_MATERIALIZED,docs/stageR/s2_preflight/S2_Preflight_Exposure_Exclusion_Ledger_v1.json;docs/stageR/r0/manifests/r0_nuplan_historical_use_ledger_v0.1.csv,Derived from frozen identity sets only; no historical result payload was reopened.
2021.08.23.12.37.38_veh-45,true,true,MULTI_STAGE_FROZEN_AGGREGATE,DECLARED_HISTORICAL_OUTCOME_EXPOSURE;RESERVATION_OR_PERMANENT_CONFLICT,DECLARED_IN_FROZEN_AGGREGATE,UNKNOWN_NOT_SEPARATELY_MATERIALIZED,HIGH_FOR_AGGREGATE_CLASSIFICATION;STAGE_SPECIFICITY_NOT_MATERIALIZED,docs/stageR/s2_preflight/S2_Preflight_Exposure_Exclusion_Ledger_v1.json;docs/stageR/r0/manifests/r0_nuplan_historical_use_ledger_v0.1.csv,Derived from frozen identity sets only; no historical result payload was reopened.
2021.08.23.13.17.08_veh-42,true,true,MULTI_STAGE_FROZEN_AGGREGATE,DECLARED_HISTORICAL_OUTCOME_EXPOSURE;RESERVATION_OR_PERMANENT_CONFLICT,DECLARED_IN_FROZEN_AGGREGATE,UNKNOWN_NOT_SEPARATELY_MATERIALIZED,HIGH_FOR_AGGREGATE_CLASSIFICATION;STAGE_SPECIFICITY_NOT_MATERIALIZED,docs/stageR/s2_preflight/S2_Preflight_Exposure_Exclusion_Ledger_v1.json;docs/stageR/r0/manifests/r0_nuplan_historical_use_ledger_v0.1.csv,Derived from frozen identity sets only; no historical result payload was reopened.
2021.08.23.13.26.46_veh-45,true,true,MULTI_STAGE_FROZEN_AGGREGATE,DECLARED_HISTORICAL_OUTCOME_EXPOSURE;RESERVATION_OR_PERMANENT_CONFLICT,DECLARED_IN_FROZEN_AGGREGATE,UNKNOWN_NOT_SEPARATELY_MATERIALIZED,HIGH_FOR_AGGREGATE_CLASSIFICATION;STAGE_SPECIFICITY_NOT_MATERIALIZED,docs/stageR/s2_preflight/S2_Preflight_Exposure_Exclusion_Ledger_v1.json;docs/stageR/r0/manifests/r0_nuplan_historical_use_ledger_v0.1.csv,Derived from frozen identity sets only; no historical result payload was reopened.
2021.08.23.13.28.21_veh-08,true,true,MULTI_STAGE_FROZEN_AGGREGATE,DECLARED_HISTORICAL_OUTCOME_EXPOSURE;RESERVATION_OR_PERMANENT_CONFLICT,DECLARED_IN_FROZEN_AGGREGATE,UNKNOWN_NOT_SEPARATELY_MATERIALIZED,HIGH_FOR_AGGREGATE_CLASSIFICATION;STAGE_SPECIFICITY_NOT_MATERIALIZED,docs/stageR/s2_preflight/S2_Preflight_Exposure_Exclusion_Ledger_v1.json;docs/stageR/r0/manifests/r0_nuplan_historical_use_ledger_v0.1.csv,Derived from frozen identity sets only; no historical result payload was reopened.
2021.08.23.14.02.02_veh-42,true,true,MULTI_STAGE_FROZEN_AGGREGATE,DECLARED_HISTORICAL_OUTCOME_EXPOSURE;RESERVATION_OR_PERMANENT_CONFLICT,DECLARED_IN_FROZEN_AGGREGATE,UNKNOWN_NOT_SEPARATELY_MATERIALIZED,HIGH_FOR_AGGREGATE_CLASSIFICATION;STAGE_SPECIFICITY_NOT_MATERIALIZED,docs/stageR/s2_preflight/S2_Preflight_Exposure_Exclusion_Ledger_v1.json;docs/stageR/r0/manifests/r0_nuplan_historical_use_ledger_v0.1.csv,Derived from frozen identity sets only; no historical result payload was reopened.
2021.08.23.14.27.31_veh-45,true,true,MULTI_STAGE_FROZEN_AGGREGATE,DECLARED_HISTORICAL_OUTCOME_EXPOSURE;RESERVATION_OR_PERMANENT_CONFLICT,DECLARED_IN_FROZEN_AGGREGATE,UNKNOWN_NOT_SEPARATELY_MATERIALIZED,HIGH_FOR_AGGREGATE_CLASSIFICATION;STAGE_SPECIFICITY_NOT_MATERIALIZED,docs/stageR/s2_preflight/S2_Preflight_Exposure_Exclusion_Ledger_v1.json;docs/stageR/r0/manifests/r0_nuplan_historical_use_ledger_v0.1.csv,Derived from frozen identity sets only; no historical result payload was reopened.
2021.08.23.15.14.44_veh-08,true,true,MULTI_STAGE_FROZEN_AGGREGATE,DECLARED_HISTORICAL_OUTCOME_EXPOSURE;RESERVATION_OR_PERMANENT_CONFLICT,DECLARED_IN_FROZEN_AGGREGATE,UNKNOWN_NOT_SEPARATELY_MATERIALIZED,HIGH_FOR_AGGREGATE_CLASSIFICATION;STAGE_SPECIFICITY_NOT_MATERIALIZED,docs/stageR/s2_preflight/S2_Preflight_Exposure_Exclusion_Ledger_v1.json;docs/stageR/r0/manifests/r0_nuplan_historical_use_ledger_v0.1.csv,Derived from frozen identity sets only; no historical result payload was reopened.
2021.08.23.16.32.43_veh-45,true,true,MULTI_STAGE_FROZEN_AGGREGATE,DECLARED_HISTORICAL_OUTCOME_EXPOSURE;RESERVATION_OR_PERMANENT_CONFLICT,DECLARED_IN_FROZEN_AGGREGATE,UNKNOWN_NOT_SEPARATELY_MATERIALIZED,HIGH_FOR_AGGREGATE_CLASSIFICATION;STAGE_SPECIFICITY_NOT_MATERIALIZED,docs/stageR/s2_preflight/S2_Preflight_Exposure_Exclusion_Ledger_v1.json;docs/stageR/r0/manifests/r0_nuplan_historical_use_ledger_v0.1.csv,Derived from frozen identity sets only; no historical result payload was reopened.
2021.08.23.16.51.29_veh-42,true,true,MULTI_STAGE_FROZEN_AGGREGATE,DECLARED_HISTORICAL_OUTCOME_EXPOSURE;RESERVATION_OR_PERMANENT_CONFLICT,DECLARED_IN_FROZEN_AGGREGATE,UNKNOWN_NOT_SEPARATELY_MATERIALIZED,HIGH_FOR_AGGREGATE_CLASSIFICATION;STAGE_SPECIFICITY_NOT_MATERIALIZED,docs/stageR/s2_preflight/S2_Preflight_Exposure_Exclusion_Ledger_v1.json;docs/stageR/r0/manifests/r0_nuplan_historical_use_ledger_v0.1.csv,Derived from frozen identity sets only; no historical result payload was reopened.
2021.08.23.16.53.37_veh-08,true,true,MULTI_STAGE_FROZEN_AGGREGATE,DECLARED_HISTORICAL_OUTCOME_EXPOSURE;RESERVATION_OR_PERMANENT_CONFLICT,DECLARED_IN_FROZEN_AGGREGATE,UNKNOWN_NOT_SEPARATELY_MATERIALIZED,HIGH_FOR_AGGREGATE_CLASSIFICATION;STAGE_SPECIFICITY_NOT_MATERIALIZED,docs/stageR/s2_preflight/S2_Preflight_Exposure_Exclusion_Ledger_v1.json;docs/stageR/r0/manifests/r0_nuplan_historical_use_ledger_v0.1.csv,Derived from frozen identity sets only; no historical result payload was reopened.
2021.08.23.17.20.10_veh-45,true,true,MULTI_STAGE_FROZEN_AGGREGATE,DECLARED_HISTORICAL_OUTCOME_EXPOSURE;RESERVATION_OR_PERMANENT_CONFLICT,DECLARED_IN_FROZEN_AGGREGATE,UNKNOWN_NOT_SEPARATELY_MATERIALIZED,HIGH_FOR_AGGREGATE_CLASSIFICATION;STAGE_SPECIFICITY_NOT_MATERIALIZED,docs/stageR/s2_preflight/S2_Preflight_Exposure_Exclusion_Ledger_v1.json;docs/stageR/r0/manifests/r0_nuplan_historical_use_ledger_v0.1.csv,Derived from frozen identity sets only; no historical result payload was reopened.
2021.08.23.17.33.08_veh-08,true,true,MULTI_STAGE_FROZEN_AGGREGATE,DECLARED_HISTORICAL_OUTCOME_EXPOSURE;RESERVATION_OR_PERMANENT_CONFLICT,DECLARED_IN_FROZEN_AGGREGATE,UNKNOWN_NOT_SEPARATELY_MATERIALIZED,HIGH_FOR_AGGREGATE_CLASSIFICATION;STAGE_SPECIFICITY_NOT_MATERIALIZED,docs/stageR/s2_preflight/S2_Preflight_Exposure_Exclusion_Ledger_v1.json;docs/stageR/r0/manifests/r0_nuplan_historical_use_ledger_v0.1.csv,Derived from frozen identity sets only; no historical result payload was reopened.
2021.08.23.17.36.45_veh-42,true,true,MULTI_STAGE_FROZEN_AGGREGATE,DECLARED_HISTORICAL_OUTCOME_EXPOSURE;RESERVATION_OR_PERMANENT_CONFLICT,DECLARED_IN_FROZEN_AGGREGATE,UNKNOWN_NOT_SEPARATELY_MATERIALIZED,HIGH_FOR_AGGREGATE_CLASSIFICATION;STAGE_SPECIFICITY_NOT_MATERIALIZED,docs/stageR/s2_preflight/S2_Preflight_Exposure_Exclusion_Ledger_v1.json;docs/stageR/r0/manifests/r0_nuplan_historical_use_ledger_v0.1.csv,Derived from frozen identity sets only; no historical result payload was reopened.
2021.08.23.18.16.02_veh-42,true,true,MULTI_STAGE_FROZEN_AGGREGATE,DECLARED_HISTORICAL_OUTCOME_EXPOSURE;RESERVATION_OR_PERMANENT_CONFLICT,DECLARED_IN_FROZEN_AGGREGATE,UNKNOWN_NOT_SEPARATELY_MATERIALIZED,HIGH_FOR_AGGREGATE_CLASSIFICATION;STAGE_SPECIFICITY_NOT_MATERIALIZED,docs/stageR/s2_preflight/S2_Preflight_Exposure_Exclusion_Ledger_v1.json;docs/stageR/r0/manifests/r0_nuplan_historical_use_ledger_v0.1.csv,Derived from frozen identity sets only; no historical result payload was reopened.
2021.08.23.18.22.47_veh-45,true,true,MULTI_STAGE_FROZEN_AGGREGATE,DECLARED_HISTORICAL_OUTCOME_EXPOSURE;RESERVATION_OR_PERMANENT_CONFLICT,DECLARED_IN_FROZEN_AGGREGATE,UNKNOWN_NOT_SEPARATELY_MATERIALIZED,HIGH_FOR_AGGREGATE_CLASSIFICATION;STAGE_SPECIFICITY_NOT_MATERIALIZED,docs/stageR/s2_preflight/S2_Preflight_Exposure_Exclusion_Ledger_v1.json;docs/stageR/r0/manifests/r0_nuplan_historical_use_ledger_v0.1.csv,Derived from frozen identity sets only; no historical result payload was reopened.
2021.08.23.19.08.29_veh-42,true,true,MULTI_STAGE_FROZEN_AGGREGATE,DECLARED_HISTORICAL_OUTCOME_EXPOSURE;RESERVATION_OR_PERMANENT_CONFLICT,DECLARED_IN_FROZEN_AGGREGATE,UNKNOWN_NOT_SEPARATELY_MATERIALIZED,HIGH_FOR_AGGREGATE_CLASSIFICATION;STAGE_SPECIFICITY_NOT_MATERIALIZED,docs/stageR/s2_preflight/S2_Preflight_Exposure_Exclusion_Ledger_v1.json;docs/stageR/r0/manifests/r0_nuplan_historical_use_ledger_v0.1.csv,Derived from frozen identity sets only; no historical result payload was reopened.
2021.08.23.19.12.30_veh-45,true,true,MULTI_STAGE_FROZEN_AGGREGATE,DECLARED_HISTORICAL_OUTCOME_EXPOSURE;RESERVATION_OR_PERMANENT_CONFLICT,DECLARED_IN_FROZEN_AGGREGATE,UNKNOWN_NOT_SEPARATELY_MATERIALIZED,HIGH_FOR_AGGREGATE_CLASSIFICATION;STAGE_SPECIFICITY_NOT_MATERIALIZED,docs/stageR/s2_preflight/S2_Preflight_Exposure_Exclusion_Ledger_v1.json;docs/stageR/r0/manifests/r0_nuplan_historical_use_ledger_v0.1.csv,Derived from frozen identity sets only; no historical result payload was reopened.
2021.08.23.19.33.55_veh-08,true,true,MULTI_STAGE_FROZEN_AGGREGATE,DECLARED_HISTORICAL_OUTCOME_EXPOSURE;RESERVATION_OR_PERMANENT_CONFLICT,DECLARED_IN_FROZEN_AGGREGATE,UNKNOWN_NOT_SEPARATELY_MATERIALIZED,HIGH_FOR_AGGREGATE_CLASSIFICATION;STAGE_SPECIFICITY_NOT_MATERIALIZED,docs/stageR/s2_preflight/S2_Preflight_Exposure_Exclusion_Ledger_v1.json;docs/stageR/r0/manifests/r0_nuplan_historical_use_ledger_v0.1.csv,Derived from frozen identity sets only; no historical result payload was reopened.
2021.08.23.19.47.22_veh-42,true,true,MULTI_STAGE_FROZEN_AGGREGATE,DECLARED_HISTORICAL_OUTCOME_EXPOSURE;RESERVATION_OR_PERMANENT_CONFLICT,DECLARED_IN_FROZEN_AGGREGATE,UNKNOWN_NOT_SEPARATELY_MATERIALIZED,HIGH_FOR_AGGREGATE_CLASSIFICATION;STAGE_SPECIFICITY_NOT_MATERIALIZED,docs/stageR/s2_preflight/S2_Preflight_Exposure_Exclusion_Ledger_v1.json;docs/stageR/r0/manifests/r0_nuplan_historical_use_ledger_v0.1.csv,Derived from frozen identity sets only; no historical result payload was reopened.
2021.08.23.20.15.12_veh-45,true,true,MULTI_STAGE_FROZEN_AGGREGATE,DECLARED_HISTORICAL_OUTCOME_EXPOSURE;RESERVATION_OR_PERMANENT_CONFLICT,DECLARED_IN_FROZEN_AGGREGATE,UNKNOWN_NOT_SEPARATELY_MATERIALIZED,HIGH_FOR_AGGREGATE_CLASSIFICATION;STAGE_SPECIFICITY_NOT_MATERIALIZED,docs/stageR/s2_preflight/S2_Preflight_Exposure_Exclusion_Ledger_v1.json;docs/stageR/r0/manifests/r0_nuplan_historical_use_ledger_v0.1.csv,Derived from frozen identity sets only; no historical result payload was reopened.
2021.08.25.13.09.17_veh-08,true,true,MULTI_STAGE_FROZEN_AGGREGATE,DECLARED_HISTORICAL_OUTCOME_EXPOSURE;RESERVATION_OR_PERMANENT_CONFLICT,DECLARED_IN_FROZEN_AGGREGATE,UNKNOWN_NOT_SEPARATELY_MATERIALIZED,HIGH_FOR_AGGREGATE_CLASSIFICATION;STAGE_SPECIFICITY_NOT_MATERIALIZED,docs/stageR/s2_preflight/S2_Preflight_Exposure_Exclusion_Ledger_v1.json;docs/stageR/r0/manifests/r0_nuplan_historical_use_ledger_v0.1.csv,Derived from frozen identity sets only; no historical result payload was reopened.
2021.08.25.14.12.46_veh-08,true,true,MULTI_STAGE_FROZEN_AGGREGATE,DECLARED_HISTORICAL_OUTCOME_EXPOSURE;RESERVATION_OR_PERMANENT_CONFLICT,DECLARED_IN_FROZEN_AGGREGATE,UNKNOWN_NOT_SEPARATELY_MATERIALIZED,HIGH_FOR_AGGREGATE_CLASSIFICATION;STAGE_SPECIFICITY_NOT_MATERIALIZED,docs/stageR/s2_preflight/S2_Preflight_Exposure_Exclusion_Ledger_v1.json;docs/stageR/r0/manifests/r0_nuplan_historical_use_ledger_v0.1.csv,Derived from frozen identity sets only; no historical result payload was reopened.
2021.08.25.14.46.50_veh-45,true,true,MULTI_STAGE_FROZEN_AGGREGATE,DECLARED_HISTORICAL_OUTCOME_EXPOSURE;RESERVATION_OR_PERMANENT_CONFLICT,DECLARED_IN_FROZEN_AGGREGATE,UNKNOWN_NOT_SEPARATELY_MATERIALIZED,HIGH_FOR_AGGREGATE_CLASSIFICATION;STAGE_SPECIFICITY_NOT_MATERIALIZED,docs/stageR/s2_preflight/S2_Preflight_Exposure_Exclusion_Ledger_v1.json;docs/stageR/r0/manifests/r0_nuplan_historical_use_ledger_v0.1.csv,Derived from frozen identity sets only; no historical result payload was reopened.
2021.08.25.17.10.24_veh-45,true,true,MULTI_STAGE_FROZEN_AGGREGATE,DECLARED_HISTORICAL_OUTCOME_EXPOSURE;RESERVATION_OR_PERMANENT_CONFLICT,DECLARED_IN_FROZEN_AGGREGATE,UNKNOWN_NOT_SEPARATELY_MATERIALIZED,HIGH_FOR_AGGREGATE_CLASSIFICATION;STAGE_SPECIFICITY_NOT_MATERIALIZED,docs/stageR/s2_preflight/S2_Preflight_Exposure_Exclusion_Ledger_v1.json;docs/stageR/r0/manifests/r0_nuplan_historical_use_ledger_v0.1.csv,Derived from frozen identity sets only; no historical result payload was reopened.
2021.08.25.17.17.57_veh-42,true,true,MULTI_STAGE_FROZEN_AGGREGATE,DECLARED_HISTORICAL_OUTCOME_EXPOSURE;RESERVATION_OR_PERMANENT_CONFLICT,DECLARED_IN_FROZEN_AGGREGATE,UNKNOWN_NOT_SEPARATELY_MATERIALIZED,HIGH_FOR_AGGREGATE_CLASSIFICATION;STAGE_SPECIFICITY_NOT_MATERIALIZED,docs/stageR/s2_preflight/S2_Preflight_Exposure_Exclusion_Ledger_v1.json;docs/stageR/r0/manifests/r0_nuplan_historical_use_ledger_v0.1.csv,Derived from frozen identity sets only; no historical result payload was reopened.
2021.08.25.17.54.16_veh-42,true,true,MULTI_STAGE_FROZEN_AGGREGATE,DECLARED_HISTORICAL_OUTCOME_EXPOSURE;RESERVATION_OR_PERMANENT_CONFLICT,DECLARED_IN_FROZEN_AGGREGATE,UNKNOWN_NOT_SEPARATELY_MATERIALIZED,HIGH_FOR_AGGREGATE_CLASSIFICATION;STAGE_SPECIFICITY_NOT_MATERIALIZED,docs/stageR/s2_preflight/S2_Preflight_Exposure_Exclusion_Ledger_v1.json;docs/stageR/r0/manifests/r0_nuplan_historical_use_ledger_v0.1.csv,Derived from frozen identity sets only; no historical result payload was reopened.
2021.08.25.18.07.15_veh-45,true,true,MULTI_STAGE_FROZEN_AGGREGATE,DECLARED_HISTORICAL_OUTCOME_EXPOSURE;RESERVATION_OR_PERMANENT_CONFLICT,DECLARED_IN_FROZEN_AGGREGATE,UNKNOWN_NOT_SEPARATELY_MATERIALIZED,HIGH_FOR_AGGREGATE_CLASSIFICATION;STAGE_SPECIFICITY_NOT_MATERIALIZED,docs/stageR/s2_preflight/S2_Preflight_Exposure_Exclusion_Ledger_v1.json;docs/stageR/r0/manifests/r0_nuplan_historical_use_ledger_v0.1.csv,Derived from frozen identity sets only; no historical result payload was reopened.
2021.08.25.18.29.43_veh-42,true,true,MULTI_STAGE_FROZEN_AGGREGATE,DECLARED_HISTORICAL_OUTCOME_EXPOSURE;RESERVATION_OR_PERMANENT_CONFLICT,DECLARED_IN_FROZEN_AGGREGATE,UNKNOWN_NOT_SEPARATELY_MATERIALIZED,HIGH_FOR_AGGREGATE_CLASSIFICATION;STAGE_SPECIFICITY_NOT_MATERIALIZED,docs/stageR/s2_preflight/S2_Preflight_Exposure_Exclusion_Ledger_v1.json;docs/stageR/r0/manifests/r0_nuplan_historical_use_ledger_v0.1.csv,Derived from frozen identity sets only; no historical result payload was reopened.
2021.08.25.19.06.07_veh-42,true,true,MULTI_STAGE_FROZEN_AGGREGATE,DECLARED_HISTORICAL_OUTCOME_EXPOSURE;RESERVATION_OR_PERMANENT_CONFLICT,DECLARED_IN_FROZEN_AGGREGATE,UNKNOWN_NOT_SEPARATELY_MATERIALIZED,HIGH_FOR_AGGREGATE_CLASSIFICATION;STAGE_SPECIFICITY_NOT_MATERIALIZED,docs/stageR/s2_preflight/S2_Preflight_Exposure_Exclusion_Ledger_v1.json;docs/stageR/r0/manifests/r0_nuplan_historical_use_ledger_v0.1.csv,Derived from frozen identity sets only; no historical result payload was reopened.
2021.08.25.19.15.01_veh-45,true,true,MULTI_STAGE_FROZEN_AGGREGATE,DECLARED_HISTORICAL_OUTCOME_EXPOSURE;RESERVATION_OR_PERMANENT_CONFLICT,DECLARED_IN_FROZEN_AGGREGATE,UNKNOWN_NOT_SEPARATELY_MATERIALIZED,HIGH_FOR_AGGREGATE_CLASSIFICATION;STAGE_SPECIFICITY_NOT_MATERIALIZED,docs/stageR/s2_preflight/S2_Preflight_Exposure_Exclusion_Ledger_v1.json;docs/stageR/r0/manifests/r0_nuplan_historical_use_ledger_v0.1.csv,Derived from frozen identity sets only; no historical result payload was reopened.
2021.08.25.19.30.22_veh-08,true,true,MULTI_STAGE_FROZEN_AGGREGATE,DECLARED_HISTORICAL_OUTCOME_EXPOSURE;RESERVATION_OR_PERMANENT_CONFLICT,DECLARED_IN_FROZEN_AGGREGATE,UNKNOWN_NOT_SEPARATELY_MATERIALIZED,HIGH_FOR_AGGREGATE_CLASSIFICATION;STAGE_SPECIFICITY_NOT_MATERIALIZED,docs/stageR/s2_preflight/S2_Preflight_Exposure_Exclusion_Ledger_v1.json;docs/stageR/r0/manifests/r0_nuplan_historical_use_ledger_v0.1.csv,Derived from frozen identity sets only; no historical result payload was reopened.
2021.08.25.19.45.41_veh-42,true,true,MULTI_STAGE_FROZEN_AGGREGATE,DECLARED_HISTORICAL_OUTCOME_EXPOSURE;RESERVATION_OR_PERMANENT_CONFLICT,DECLARED_IN_FROZEN_AGGREGATE,UNKNOWN_NOT_SEPARATELY_MATERIALIZED,HIGH_FOR_AGGREGATE_CLASSIFICATION;STAGE_SPECIFICITY_NOT_MATERIALIZED,docs/stageR/s2_preflight/S2_Preflight_Exposure_Exclusion_Ledger_v1.json;docs/stageR/r0/manifests/r0_nuplan_historical_use_ledger_v0.1.csv,Derived from frozen identity sets only; no historical result payload was reopened.
2021.08.25.20.03.09_veh-08,true,true,MULTI_STAGE_FROZEN_AGGREGATE,DECLARED_HISTORICAL_OUTCOME_EXPOSURE;RESERVATION_OR_PERMANENT_CONFLICT,DECLARED_IN_FROZEN_AGGREGATE,UNKNOWN_NOT_SEPARATELY_MATERIALIZED,HIGH_FOR_AGGREGATE_CLASSIFICATION;STAGE_SPECIFICITY_NOT_MATERIALIZED,docs/stageR/s2_preflight/S2_Preflight_Exposure_Exclusion_Ledger_v1.json;docs/stageR/r0/manifests/r0_nuplan_historical_use_ledger_v0.1.csv,Derived from frozen identity sets only; no historical result payload was reopened.
2021.08.25.20.03.37_veh-45,true,true,MULTI_STAGE_FROZEN_AGGREGATE,DECLARED_HISTORICAL_OUTCOME_EXPOSURE;RESERVATION_OR_PERMANENT_CONFLICT,DECLARED_IN_FROZEN_AGGREGATE,UNKNOWN_NOT_SEPARATELY_MATERIALIZED,HIGH_FOR_AGGREGATE_CLASSIFICATION;STAGE_SPECIFICITY_NOT_MATERIALIZED,docs/stageR/s2_preflight/S2_Preflight_Exposure_Exclusion_Ledger_v1.json;docs/stageR/r0/manifests/r0_nuplan_historical_use_ledger_v0.1.csv,Derived from frozen identity sets only; no historical result payload was reopened.
2021.08.25.20.20.58_veh-42,true,true,MULTI_STAGE_FROZEN_AGGREGATE,DECLARED_HISTORICAL_OUTCOME_EXPOSURE;RESERVATION_OR_PERMANENT_CONFLICT,DECLARED_IN_FROZEN_AGGREGATE,UNKNOWN_NOT_SEPARATELY_MATERIALIZED,HIGH_FOR_AGGREGATE_CLASSIFICATION;STAGE_SPECIFICITY_NOT_MATERIALIZED,docs/stageR/s2_preflight/S2_Preflight_Exposure_Exclusion_Ledger_v1.json;docs/stageR/r0/manifests/r0_nuplan_historical_use_ledger_v0.1.csv,Derived from frozen identity sets only; no historical result payload was reopened.
2021.08.26.14.34.54_veh-08,true,true,MULTI_STAGE_FROZEN_AGGREGATE,DECLARED_HISTORICAL_OUTCOME_EXPOSURE;RESERVATION_OR_PERMANENT_CONFLICT,DECLARED_IN_FROZEN_AGGREGATE,UNKNOWN_NOT_SEPARATELY_MATERIALIZED,HIGH_FOR_AGGREGATE_CLASSIFICATION;STAGE_SPECIFICITY_NOT_MATERIALIZED,docs/stageR/s2_preflight/S2_Preflight_Exposure_Exclusion_Ledger_v1.json;docs/stageR/r0/manifests/r0_nuplan_historical_use_ledger_v0.1.csv,Derived from frozen identity sets only; no historical result payload was reopened.
2021.08.26.15.12.21_veh-42,true,true,MULTI_STAGE_FROZEN_AGGREGATE,DECLARED_HISTORICAL_OUTCOME_EXPOSURE;RESERVATION_OR_PERMANENT_CONFLICT,DECLARED_IN_FROZEN_AGGREGATE,UNKNOWN_NOT_SEPARATELY_MATERIALIZED,HIGH_FOR_AGGREGATE_CLASSIFICATION;STAGE_SPECIFICITY_NOT_MATERIALIZED,docs/stageR/s2_preflight/S2_Preflight_Exposure_Exclusion_Ledger_v1.json;docs/stageR/r0/manifests/r0_nuplan_historical_use_ledger_v0.1.csv,Derived from frozen identity sets only; no historical result payload was reopened.
2021.08.26.15.22.00_veh-08,true,true,MULTI_STAGE_FROZEN_AGGREGATE,DECLARED_HISTORICAL_OUTCOME_EXPOSURE;RESERVATION_OR_PERMANENT_CONFLICT,DECLARED_IN_FROZEN_AGGREGATE,UNKNOWN_NOT_SEPARATELY_MATERIALIZED,HIGH_FOR_AGGREGATE_CLASSIFICATION;STAGE_SPECIFICITY_NOT_MATERIALIZED,docs/stageR/s2_preflight/S2_Preflight_Exposure_Exclusion_Ledger_v1.json;docs/stageR/r0/manifests/r0_nuplan_historical_use_ledger_v0.1.csv,Derived from frozen identity sets only; no historical result payload was reopened.
2021.08.26.17.14.36_veh-08,true,true,MULTI_STAGE_FROZEN_AGGREGATE,DECLARED_HISTORICAL_OUTCOME_EXPOSURE;RESERVATION_OR_PERMANENT_CONFLICT,DECLARED_IN_FROZEN_AGGREGATE,UNKNOWN_NOT_SEPARATELY_MATERIALIZED,HIGH_FOR_AGGREGATE_CLASSIFICATION;STAGE_SPECIFICITY_NOT_MATERIALIZED,docs/stageR/s2_preflight/S2_Preflight_Exposure_Exclusion_Ledger_v1.json;docs/stageR/r0/manifests/r0_nuplan_historical_use_ledger_v0.1.csv,Derived from frozen identity sets only; no historical result payload was reopened.
2021.08.26.18.17.33_veh-08,true,true,MULTI_STAGE_FROZEN_AGGREGATE,DECLARED_HISTORICAL_OUTCOME_EXPOSURE;RESERVATION_OR_PERMANENT_CONFLICT,DECLARED_IN_FROZEN_AGGREGATE,UNKNOWN_NOT_SEPARATELY_MATERIALIZED,HIGH_FOR_AGGREGATE_CLASSIFICATION;STAGE_SPECIFICITY_NOT_MATERIALIZED,docs/stageR/s2_preflight/S2_Preflight_Exposure_Exclusion_Ledger_v1.json;docs/stageR/r0/manifests/r0_nuplan_historical_use_ledger_v0.1.csv,Derived from frozen identity sets only; no historical result payload was reopened.
2021.08.27.13.08.25_veh-42,true,true,MULTI_STAGE_FROZEN_AGGREGATE,DECLARED_HISTORICAL_OUTCOME_EXPOSURE;RESERVATION_OR_PERMANENT_CONFLICT,DECLARED_IN_FROZEN_AGGREGATE,UNKNOWN_NOT_SEPARATELY_MATERIALIZED,HIGH_FOR_AGGREGATE_CLASSIFICATION;STAGE_SPECIFICITY_NOT_MATERIALIZED,docs/stageR/s2_preflight/S2_Preflight_Exposure_Exclusion_Ledger_v1.json;docs/stageR/r0/manifests/r0_nuplan_historical_use_ledger_v0.1.csv,Derived from frozen identity sets only; no historical result payload was reopened.
2021.08.27.13.48.56_veh-08,true,true,MULTI_STAGE_FROZEN_AGGREGATE,DECLARED_HISTORICAL_OUTCOME_EXPOSURE;RESERVATION_OR_PERMANENT_CONFLICT,DECLARED_IN_FROZEN_AGGREGATE,UNKNOWN_NOT_SEPARATELY_MATERIALIZED,HIGH_FOR_AGGREGATE_CLASSIFICATION;STAGE_SPECIFICITY_NOT_MATERIALIZED,docs/stageR/s2_preflight/S2_Preflight_Exposure_Exclusion_Ledger_v1.json;docs/stageR/r0/manifests/r0_nuplan_historical_use_ledger_v0.1.csv,Derived from frozen identity sets only; no historical result payload was reopened.
2021.08.27.14.14.40_veh-45,true,true,MULTI_STAGE_FROZEN_AGGREGATE,DECLARED_HISTORICAL_OUTCOME_EXPOSURE;RESERVATION_OR_PERMANENT_CONFLICT,DECLARED_IN_FROZEN_AGGREGATE,UNKNOWN_NOT_SEPARATELY_MATERIALIZED,HIGH_FOR_AGGREGATE_CLASSIFICATION;STAGE_SPECIFICITY_NOT_MATERIALIZED,docs/stageR/s2_preflight/S2_Preflight_Exposure_Exclusion_Ledger_v1.json;docs/stageR/r0/manifests/r0_nuplan_historical_use_ledger_v0.1.csv,Derived from frozen identity sets only; no historical result payload was reopened.
2021.08.27.14.24.38_veh-42,true,true,MULTI_STAGE_FROZEN_AGGREGATE,DECLARED_HISTORICAL_OUTCOME_EXPOSURE;RESERVATION_OR_PERMANENT_CONFLICT,DECLARED_IN_FROZEN_AGGREGATE,UNKNOWN_NOT_SEPARATELY_MATERIALIZED,HIGH_FOR_AGGREGATE_CLASSIFICATION;STAGE_SPECIFICITY_NOT_MATERIALIZED,docs/stageR/s2_preflight/S2_Preflight_Exposure_Exclusion_Ledger_v1.json;docs/stageR/r0/manifests/r0_nuplan_historical_use_ledger_v0.1.csv,Derived from frozen identity sets only; no historical result payload was reopened.
2021.08.27.14.37.47_veh-08,true,true,MULTI_STAGE_FROZEN_AGGREGATE,DECLARED_HISTORICAL_OUTCOME_EXPOSURE;RESERVATION_OR_PERMANENT_CONFLICT,DECLARED_IN_FROZEN_AGGREGATE,UNKNOWN_NOT_SEPARATELY_MATERIALIZED,HIGH_FOR_AGGREGATE_CLASSIFICATION;STAGE_SPECIFICITY_NOT_MATERIALIZED,docs/stageR/s2_preflight/S2_Preflight_Exposure_Exclusion_Ledger_v1.json;docs/stageR/r0/manifests/r0_nuplan_historical_use_ledger_v0.1.csv,Derived from frozen identity sets only; no historical result payload was reopened.
2021.08.27.16.46.47_veh-45,true,true,MULTI_STAGE_FROZEN_AGGREGATE,DECLARED_HISTORICAL_OUTCOME_EXPOSURE;RESERVATION_OR_PERMANENT_CONFLICT,DECLARED_IN_FROZEN_AGGREGATE,UNKNOWN_NOT_SEPARATELY_MATERIALIZED,HIGH_FOR_AGGREGATE_CLASSIFICATION;STAGE_SPECIFICITY_NOT_MATERIALIZED,docs/stageR/s2_preflight/S2_Preflight_Exposure_Exclusion_Ledger_v1.json;docs/stageR/r0/manifests/r0_nuplan_historical_use_ledger_v0.1.csv,Derived from frozen identity sets only; no historical result payload was reopened.
2021.08.30.13.08.03_veh-08,true,true,MULTI_STAGE_FROZEN_AGGREGATE,DECLARED_HISTORICAL_OUTCOME_EXPOSURE;RESERVATION_OR_PERMANENT_CONFLICT,DECLARED_IN_FROZEN_AGGREGATE,UNKNOWN_NOT_SEPARATELY_MATERIALIZED,HIGH_FOR_AGGREGATE_CLASSIFICATION;STAGE_SPECIFICITY_NOT_MATERIALIZED,docs/stageR/s2_preflight/S2_Preflight_Exposure_Exclusion_Ledger_v1.json;docs/stageR/r0/manifests/r0_nuplan_historical_use_ledger_v0.1.csv,Derived from frozen identity sets only; no historical result payload was reopened.
2021.08.30.13.47.20_veh-08,true,true,MULTI_STAGE_FROZEN_AGGREGATE,DECLARED_HISTORICAL_OUTCOME_EXPOSURE;RESERVATION_OR_PERMANENT_CONFLICT,DECLARED_IN_FROZEN_AGGREGATE,UNKNOWN_NOT_SEPARATELY_MATERIALIZED,HIGH_FOR_AGGREGATE_CLASSIFICATION;STAGE_SPECIFICITY_NOT_MATERIALIZED,docs/stageR/s2_preflight/S2_Preflight_Exposure_Exclusion_Ledger_v1.json;docs/stageR/r0/manifests/r0_nuplan_historical_use_ledger_v0.1.csv,Derived from frozen identity sets only; no historical result payload was reopened.
2021.08.30.14.29.08_veh-45,true,true,MULTI_STAGE_FROZEN_AGGREGATE,DECLARED_HISTORICAL_OUTCOME_EXPOSURE;RESERVATION_OR_PERMANENT_CONFLICT,DECLARED_IN_FROZEN_AGGREGATE,UNKNOWN_NOT_SEPARATELY_MATERIALIZED,HIGH_FOR_AGGREGATE_CLASSIFICATION;STAGE_SPECIFICITY_NOT_MATERIALIZED,docs/stageR/s2_preflight/S2_Preflight_Exposure_Exclusion_Ledger_v1.json;docs/stageR/r0/manifests/r0_nuplan_historical_use_ledger_v0.1.csv,Derived from frozen identity sets only; no historical result payload was reopened.
2021.08.30.14.36.46_veh-08,true,true,MULTI_STAGE_FROZEN_AGGREGATE,DECLARED_HISTORICAL_OUTCOME_EXPOSURE;RESERVATION_OR_PERMANENT_CONFLICT,DECLARED_IN_FROZEN_AGGREGATE,UNKNOWN_NOT_SEPARATELY_MATERIALIZED,HIGH_FOR_AGGREGATE_CLASSIFICATION;STAGE_SPECIFICITY_NOT_MATERIALIZED,docs/stageR/s2_preflight/S2_Preflight_Exposure_Exclusion_Ledger_v1.json;docs/stageR/r0/manifests/r0_nuplan_historical_use_ledger_v0.1.csv,Derived from frozen identity sets only; no historical result payload was reopened.
2021.08.30.14.41.24_veh-42,true,true,MULTI_STAGE_FROZEN_AGGREGATE,DECLARED_HISTORICAL_OUTCOME_EXPOSURE;RESERVATION_OR_PERMANENT_CONFLICT,DECLARED_IN_FROZEN_AGGREGATE,UNKNOWN_NOT_SEPARATELY_MATERIALIZED,HIGH_FOR_AGGREGATE_CLASSIFICATION;STAGE_SPECIFICITY_NOT_MATERIALIZED,docs/stageR/s2_preflight/S2_Preflight_Exposure_Exclusion_Ledger_v1.json;docs/stageR/r0/manifests/r0_nuplan_historical_use_ledger_v0.1.csv,Derived from frozen identity sets only; no historical result payload was reopened.
2021.08.30.14.54.34_veh-40,true,true,MULTI_STAGE_FROZEN_AGGREGATE,DECLARED_HISTORICAL_OUTCOME_EXPOSURE;RESERVATION_OR_PERMANENT_CONFLICT,DECLARED_IN_FROZEN_AGGREGATE,UNKNOWN_NOT_SEPARATELY_MATERIALIZED,HIGH_FOR_AGGREGATE_CLASSIFICATION;STAGE_SPECIFICITY_NOT_MATERIALIZED,docs/stageR/s2_preflight/S2_Preflight_Exposure_Exclusion_Ledger_v1.json;docs/stageR/r0/manifests/r0_nuplan_historical_use_ledger_v0.1.csv,Derived from frozen identity sets only; no historical result payload was reopened.
2021.08.30.15.12.56_veh-08,true,true,MULTI_STAGE_FROZEN_AGGREGATE,DECLARED_HISTORICAL_OUTCOME_EXPOSURE;RESERVATION_OR_PERMANENT_CONFLICT,DECLARED_IN_FROZEN_AGGREGATE,UNKNOWN_NOT_SEPARATELY_MATERIALIZED,HIGH_FOR_AGGREGATE_CLASSIFICATION;STAGE_SPECIFICITY_NOT_MATERIALIZED,docs/stageR/s2_preflight/S2_Preflight_Exposure_Exclusion_Ledger_v1.json;docs/stageR/r0/manifests/r0_nuplan_historical_use_ledger_v0.1.csv,Derived from frozen identity sets only; no historical result payload was reopened.
2021.08.30.16.39.44_veh-45,true,true,MULTI_STAGE_FROZEN_AGGREGATE,DECLARED_HISTORICAL_OUTCOME_EXPOSURE;RESERVATION_OR_PERMANENT_CONFLICT,DECLARED_IN_FROZEN_AGGREGATE,UNKNOWN_NOT_SEPARATELY_MATERIALIZED,HIGH_FOR_AGGREGATE_CLASSIFICATION;STAGE_SPECIFICITY_NOT_MATERIALIZED,docs/stageR/s2_preflight/S2_Preflight_Exposure_Exclusion_Ledger_v1.json;docs/stageR/r0/manifests/r0_nuplan_historical_use_ledger_v0.1.csv,Derived from frozen identity sets only; no historical result payload was reopened.
2021.08.30.17.40.28_veh-45,true,true,MULTI_STAGE_FROZEN_AGGREGATE,DECLARED_HISTORICAL_OUTCOME_EXPOSURE;RESERVATION_OR_PERMANENT_CONFLICT,DECLARED_IN_FROZEN_AGGREGATE,UNKNOWN_NOT_SEPARATELY_MATERIALIZED,HIGH_FOR_AGGREGATE_CLASSIFICATION;STAGE_SPECIFICITY_NOT_MATERIALIZED,docs/stageR/s2_preflight/S2_Preflight_Exposure_Exclusion_Ledger_v1.json;docs/stageR/r0/manifests/r0_nuplan_historical_use_ledger_v0.1.csv,Derived from frozen identity sets only; no historical result payload was reopened.
2021.08.30.18.54.11_veh-45,true,true,MULTI_STAGE_FROZEN_AGGREGATE,DECLARED_HISTORICAL_OUTCOME_EXPOSURE;RESERVATION_OR_PERMANENT_CONFLICT,DECLARED_IN_FROZEN_AGGREGATE,UNKNOWN_NOT_SEPARATELY_MATERIALIZED,HIGH_FOR_AGGREGATE_CLASSIFICATION;STAGE_SPECIFICITY_NOT_MATERIALIZED,docs/stageR/s2_preflight/S2_Preflight_Exposure_Exclusion_Ledger_v1.json;docs/stageR/r0/manifests/r0_nuplan_historical_use_ledger_v0.1.csv,Derived from frozen identity sets only; no historical result payload was reopened.
2021.08.30.19.47.46_veh-45,true,true,MULTI_STAGE_FROZEN_AGGREGATE,DECLARED_HISTORICAL_OUTCOME_EXPOSURE;RESERVATION_OR_PERMANENT_CONFLICT,DECLARED_IN_FROZEN_AGGREGATE,UNKNOWN_NOT_SEPARATELY_MATERIALIZED,HIGH_FOR_AGGREGATE_CLASSIFICATION;STAGE_SPECIFICITY_NOT_MATERIALIZED,docs/stageR/s2_preflight/S2_Preflight_Exposure_Exclusion_Ledger_v1.json;docs/stageR/r0/manifests/r0_nuplan_historical_use_ledger_v0.1.csv,Derived from frozen identity sets only; no historical result payload was reopened.
2021.08.31.14.55.32_veh-08,true,true,MULTI_STAGE_FROZEN_AGGREGATE,DECLARED_HISTORICAL_OUTCOME_EXPOSURE;RESERVATION_OR_PERMANENT_CONFLICT,DECLARED_IN_FROZEN_AGGREGATE,UNKNOWN_NOT_SEPARATELY_MATERIALIZED,HIGH_FOR_AGGREGATE_CLASSIFICATION;STAGE_SPECIFICITY_NOT_MATERIALIZED,docs/stageR/s2_preflight/S2_Preflight_Exposure_Exclusion_Ledger_v1.json;docs/stageR/r0/manifests/r0_nuplan_historical_use_ledger_v0.1.csv,Derived from frozen identity sets only; no historical result payload was reopened.
2021.09.02.12.54.17_veh-08,true,true,MULTI_STAGE_FROZEN_AGGREGATE,DECLARED_HISTORICAL_OUTCOME_EXPOSURE;RESERVATION_OR_PERMANENT_CONFLICT,DECLARED_IN_FROZEN_AGGREGATE,UNKNOWN_NOT_SEPARATELY_MATERIALIZED,HIGH_FOR_AGGREGATE_CLASSIFICATION;STAGE_SPECIFICITY_NOT_MATERIALIZED,docs/stageR/s2_preflight/S2_Preflight_Exposure_Exclusion_Ledger_v1.json;docs/stageR/r0/manifests/r0_nuplan_historical_use_ledger_v0.1.csv,Derived from frozen identity sets only; no historical result payload was reopened.
2021.09.02.14.10.27_veh-08,true,true,MULTI_STAGE_FROZEN_AGGREGATE,DECLARED_HISTORICAL_OUTCOME_EXPOSURE;RESERVATION_OR_PERMANENT_CONFLICT,DECLARED_IN_FROZEN_AGGREGATE,UNKNOWN_NOT_SEPARATELY_MATERIALIZED,HIGH_FOR_AGGREGATE_CLASSIFICATION;STAGE_SPECIFICITY_NOT_MATERIALIZED,docs/stageR/s2_preflight/S2_Preflight_Exposure_Exclusion_Ledger_v1.json;docs/stageR/r0/manifests/r0_nuplan_historical_use_ledger_v0.1.csv,Derived from frozen identity sets only; no historical result payload was reopened.
2021.09.02.15.07.50_veh-08,true,true,MULTI_STAGE_FROZEN_AGGREGATE,DECLARED_HISTORICAL_OUTCOME_EXPOSURE;RESERVATION_OR_PERMANENT_CONFLICT,DECLARED_IN_FROZEN_AGGREGATE,UNKNOWN_NOT_SEPARATELY_MATERIALIZED,HIGH_FOR_AGGREGATE_CLASSIFICATION;STAGE_SPECIFICITY_NOT_MATERIALIZED,docs/stageR/s2_preflight/S2_Preflight_Exposure_Exclusion_Ledger_v1.json;docs/stageR/r0/manifests/r0_nuplan_historical_use_ledger_v0.1.csv,Derived from frozen identity sets only; no historical result payload was reopened.
2021.09.02.17.04.02_veh-08,true,true,MULTI_STAGE_FROZEN_AGGREGATE,DECLARED_HISTORICAL_OUTCOME_EXPOSURE;RESERVATION_OR_PERMANENT_CONFLICT,DECLARED_IN_FROZEN_AGGREGATE,UNKNOWN_NOT_SEPARATELY_MATERIALIZED,HIGH_FOR_AGGREGATE_CLASSIFICATION;STAGE_SPECIFICITY_NOT_MATERIALIZED,docs/stageR/s2_preflight/S2_Preflight_Exposure_Exclusion_Ledger_v1.json;docs/stageR/r0/manifests/r0_nuplan_historical_use_ledger_v0.1.csv,Derived from frozen identity sets only; no historical result payload was reopened.
2021.09.03.14.16.10_veh-08,true,true,MULTI_STAGE_FROZEN_AGGREGATE,DECLARED_HISTORICAL_OUTCOME_EXPOSURE;RESERVATION_OR_PERMANENT_CONFLICT,DECLARED_IN_FROZEN_AGGREGATE,UNKNOWN_NOT_SEPARATELY_MATERIALIZED,HIGH_FOR_AGGREGATE_CLASSIFICATION;STAGE_SPECIFICITY_NOT_MATERIALIZED,docs/stageR/s2_preflight/S2_Preflight_Exposure_Exclusion_Ledger_v1.json;docs/stageR/r0/manifests/r0_nuplan_historical_use_ledger_v0.1.csv,Derived from frozen identity sets only; no historical result payload was reopened.
2021.09.03.16.25.50_veh-42,true,true,MULTI_STAGE_FROZEN_AGGREGATE,DECLARED_HISTORICAL_OUTCOME_EXPOSURE;RESERVATION_OR_PERMANENT_CONFLICT,DECLARED_IN_FROZEN_AGGREGATE,UNKNOWN_NOT_SEPARATELY_MATERIALIZED,HIGH_FOR_AGGREGATE_CLASSIFICATION;STAGE_SPECIFICITY_NOT_MATERIALIZED,docs/stageR/s2_preflight/S2_Preflight_Exposure_Exclusion_Ledger_v1.json;docs/stageR/r0/manifests/r0_nuplan_historical_use_ledger_v0.1.csv,Derived from frozen identity sets only; no historical result payload was reopened.
2021.09.03.16.38.35_veh-08,true,true,MULTI_STAGE_FROZEN_AGGREGATE,DECLARED_HISTORICAL_OUTCOME_EXPOSURE;RESERVATION_OR_PERMANENT_CONFLICT,DECLARED_IN_FROZEN_AGGREGATE,UNKNOWN_NOT_SEPARATELY_MATERIALIZED,HIGH_FOR_AGGREGATE_CLASSIFICATION;STAGE_SPECIFICITY_NOT_MATERIALIZED,docs/stageR/s2_preflight/S2_Preflight_Exposure_Exclusion_Ledger_v1.json;docs/stageR/r0/manifests/r0_nuplan_historical_use_ledger_v0.1.csv,Derived from frozen identity sets only; no historical result payload was reopened.
2021.09.03.17.02.10_veh-42,true,true,MULTI_STAGE_FROZEN_AGGREGATE,DECLARED_HISTORICAL_OUTCOME_EXPOSURE;RESERVATION_OR_PERMANENT_CONFLICT,DECLARED_IN_FROZEN_AGGREGATE,UNKNOWN_NOT_SEPARATELY_MATERIALIZED,HIGH_FOR_AGGREGATE_CLASSIFICATION;STAGE_SPECIFICITY_NOT_MATERIALIZED,docs/stageR/s2_preflight/S2_Preflight_Exposure_Exclusion_Ledger_v1.json;docs/stageR/r0/manifests/r0_nuplan_historical_use_ledger_v0.1.csv,Derived from frozen identity sets only; no historical result payload was reopened.
2021.09.03.17.40.20_veh-42,true,true,MULTI_STAGE_FROZEN_AGGREGATE,DECLARED_HISTORICAL_OUTCOME_EXPOSURE;RESERVATION_OR_PERMANENT_CONFLICT,DECLARED_IN_FROZEN_AGGREGATE,UNKNOWN_NOT_SEPARATELY_MATERIALIZED,HIGH_FOR_AGGREGATE_CLASSIFICATION;STAGE_SPECIFICITY_NOT_MATERIALIZED,docs/stageR/s2_preflight/S2_Preflight_Exposure_Exclusion_Ledger_v1.json;docs/stageR/r0/manifests/r0_nuplan_historical_use_ledger_v0.1.csv,Derived from frozen identity sets only; no historical result payload was reopened.
2021.09.07.13.06.36_veh-42,true,true,MULTI_STAGE_FROZEN_AGGREGATE,DECLARED_HISTORICAL_OUTCOME_EXPOSURE;RESERVATION_OR_PERMANENT_CONFLICT,DECLARED_IN_FROZEN_AGGREGATE,UNKNOWN_NOT_SEPARATELY_MATERIALIZED,HIGH_FOR_AGGREGATE_CLASSIFICATION;STAGE_SPECIFICITY_NOT_MATERIALIZED,docs/stageR/s2_preflight/S2_Preflight_Exposure_Exclusion_Ledger_v1.json;docs/stageR/r0/manifests/r0_nuplan_historical_use_ledger_v0.1.csv,Derived from frozen identity sets only; no historical result payload was reopened.
2021.09.09.13.32.12_veh-43,true,true,MULTI_STAGE_FROZEN_AGGREGATE,DECLARED_HISTORICAL_OUTCOME_EXPOSURE;RESERVATION_OR_PERMANENT_CONFLICT,DECLARED_IN_FROZEN_AGGREGATE,UNKNOWN_NOT_SEPARATELY_MATERIALIZED,HIGH_FOR_AGGREGATE_CLASSIFICATION;STAGE_SPECIFICITY_NOT_MATERIALIZED,docs/stageR/s2_preflight/S2_Preflight_Exposure_Exclusion_Ledger_v1.json;docs/stageR/r0/manifests/r0_nuplan_historical_use_ledger_v0.1.csv,Derived from frozen identity sets only; no historical result payload was reopened.
2021.09.09.14.34.34_veh-43,true,true,MULTI_STAGE_FROZEN_AGGREGATE,DECLARED_HISTORICAL_OUTCOME_EXPOSURE;RESERVATION_OR_PERMANENT_CONFLICT,DECLARED_IN_FROZEN_AGGREGATE,UNKNOWN_NOT_SEPARATELY_MATERIALIZED,HIGH_FOR_AGGREGATE_CLASSIFICATION;STAGE_SPECIFICITY_NOT_MATERIALIZED,docs/stageR/s2_preflight/S2_Preflight_Exposure_Exclusion_Ledger_v1.json;docs/stageR/r0/manifests/r0_nuplan_historical_use_ledger_v0.1.csv,Derived from frozen identity sets only; no historical result payload was reopened.
2021.09.09.16.51.32_veh-42,true,true,MULTI_STAGE_FROZEN_AGGREGATE,DECLARED_HISTORICAL_OUTCOME_EXPOSURE;RESERVATION_OR_PERMANENT_CONFLICT,DECLARED_IN_FROZEN_AGGREGATE,UNKNOWN_NOT_SEPARATELY_MATERIALIZED,HIGH_FOR_AGGREGATE_CLASSIFICATION;STAGE_SPECIFICITY_NOT_MATERIALIZED,docs/stageR/s2_preflight/S2_Preflight_Exposure_Exclusion_Ledger_v1.json;docs/stageR/r0/manifests/r0_nuplan_historical_use_ledger_v0.1.csv,Derived from frozen identity sets only; no historical result payload was reopened.
2021.09.09.17.29.55_veh-42,true,true,MULTI_STAGE_FROZEN_AGGREGATE,DECLARED_HISTORICAL_OUTCOME_EXPOSURE;RESERVATION_OR_PERMANENT_CONFLICT,DECLARED_IN_FROZEN_AGGREGATE,UNKNOWN_NOT_SEPARATELY_MATERIALIZED,HIGH_FOR_AGGREGATE_CLASSIFICATION;STAGE_SPECIFICITY_NOT_MATERIALIZED,docs/stageR/s2_preflight/S2_Preflight_Exposure_Exclusion_Ledger_v1.json;docs/stageR/r0/manifests/r0_nuplan_historical_use_ledger_v0.1.csv,Derived from frozen identity sets only; no historical result payload was reopened.
2021.09.09.18.12.06_veh-42,true,true,MULTI_STAGE_FROZEN_AGGREGATE,DECLARED_HISTORICAL_OUTCOME_EXPOSURE;RESERVATION_OR_PERMANENT_CONFLICT,DECLARED_IN_FROZEN_AGGREGATE,UNKNOWN_NOT_SEPARATELY_MATERIALIZED,HIGH_FOR_AGGREGATE_CLASSIFICATION;STAGE_SPECIFICITY_NOT_MATERIALIZED,docs/stageR/s2_preflight/S2_Preflight_Exposure_Exclusion_Ledger_v1.json;docs/stageR/r0/manifests/r0_nuplan_historical_use_ledger_v0.1.csv,Derived from frozen identity sets only; no historical result payload was reopened.
2021.09.09.18.47.17_veh-45,true,true,MULTI_STAGE_FROZEN_AGGREGATE,DECLARED_HISTORICAL_OUTCOME_EXPOSURE;RESERVATION_OR_PERMANENT_CONFLICT,DECLARED_IN_FROZEN_AGGREGATE,UNKNOWN_NOT_SEPARATELY_MATERIALIZED,HIGH_FOR_AGGREGATE_CLASSIFICATION;STAGE_SPECIFICITY_NOT_MATERIALIZED,docs/stageR/s2_preflight/S2_Preflight_Exposure_Exclusion_Ledger_v1.json;docs/stageR/r0/manifests/r0_nuplan_historical_use_ledger_v0.1.csv,Derived from frozen identity sets only; no historical result payload was reopened.
2021.09.09.19.17.35_veh-42,true,true,MULTI_STAGE_FROZEN_AGGREGATE,DECLARED_HISTORICAL_OUTCOME_EXPOSURE;RESERVATION_OR_PERMANENT_CONFLICT,DECLARED_IN_FROZEN_AGGREGATE,UNKNOWN_NOT_SEPARATELY_MATERIALIZED,HIGH_FOR_AGGREGATE_CLASSIFICATION;STAGE_SPECIFICITY_NOT_MATERIALIZED,docs/stageR/s2_preflight/S2_Preflight_Exposure_Exclusion_Ledger_v1.json;docs/stageR/r0/manifests/r0_nuplan_historical_use_ledger_v0.1.csv,Derived from frozen identity sets only; no historical result payload was reopened.
2021.09.09.19.47.56_veh-45,true,true,MULTI_STAGE_FROZEN_AGGREGATE,DECLARED_HISTORICAL_OUTCOME_EXPOSURE;RESERVATION_OR_PERMANENT_CONFLICT,DECLARED_IN_FROZEN_AGGREGATE,UNKNOWN_NOT_SEPARATELY_MATERIALIZED,HIGH_FOR_AGGREGATE_CLASSIFICATION;STAGE_SPECIFICITY_NOT_MATERIALIZED,docs/stageR/s2_preflight/S2_Preflight_Exposure_Exclusion_Ledger_v1.json;docs/stageR/r0/manifests/r0_nuplan_historical_use_ledger_v0.1.csv,Derived from frozen identity sets only; no historical result payload was reopened.
2021.09.09.20.07.29_veh-42,true,true,MULTI_STAGE_FROZEN_AGGREGATE,DECLARED_HISTORICAL_OUTCOME_EXPOSURE;RESERVATION_OR_PERMANENT_CONFLICT,DECLARED_IN_FROZEN_AGGREGATE,UNKNOWN_NOT_SEPARATELY_MATERIALIZED,HIGH_FOR_AGGREGATE_CLASSIFICATION;STAGE_SPECIFICITY_NOT_MATERIALIZED,docs/stageR/s2_preflight/S2_Preflight_Exposure_Exclusion_Ledger_v1.json;docs/stageR/r0/manifests/r0_nuplan_historical_use_ledger_v0.1.csv,Derived from frozen identity sets only; no historical result payload was reopened.
2021.09.10.13.58.49_veh-42,true,true,MULTI_STAGE_FROZEN_AGGREGATE,DECLARED_HISTORICAL_OUTCOME_EXPOSURE;RESERVATION_OR_PERMANENT_CONFLICT,DECLARED_IN_FROZEN_AGGREGATE,UNKNOWN_NOT_SEPARATELY_MATERIALIZED,HIGH_FOR_AGGREGATE_CLASSIFICATION;STAGE_SPECIFICITY_NOT_MATERIALIZED,docs/stageR/s2_preflight/S2_Preflight_Exposure_Exclusion_Ledger_v1.json;docs/stageR/r0/manifests/r0_nuplan_historical_use_ledger_v0.1.csv,Derived from frozen identity sets only; no historical result payload was reopened.
2021.09.10.14.26.51_veh-45,true,true,MULTI_STAGE_FROZEN_AGGREGATE,DECLARED_HISTORICAL_OUTCOME_EXPOSURE;RESERVATION_OR_PERMANENT_CONFLICT,DECLARED_IN_FROZEN_AGGREGATE,UNKNOWN_NOT_SEPARATELY_MATERIALIZED,HIGH_FOR_AGGREGATE_CLASSIFICATION;STAGE_SPECIFICITY_NOT_MATERIALIZED,docs/stageR/s2_preflight/S2_Preflight_Exposure_Exclusion_Ledger_v1.json;docs/stageR/r0/manifests/r0_nuplan_historical_use_ledger_v0.1.csv,Derived from frozen identity sets only; no historical result payload was reopened.
2021.09.10.14.44.55_veh-42,true,true,MULTI_STAGE_FROZEN_AGGREGATE,DECLARED_HISTORICAL_OUTCOME_EXPOSURE;RESERVATION_OR_PERMANENT_CONFLICT,DECLARED_IN_FROZEN_AGGREGATE,UNKNOWN_NOT_SEPARATELY_MATERIALIZED,HIGH_FOR_AGGREGATE_CLASSIFICATION;STAGE_SPECIFICITY_NOT_MATERIALIZED,docs/stageR/s2_preflight/S2_Preflight_Exposure_Exclusion_Ledger_v1.json;docs/stageR/r0/manifests/r0_nuplan_historical_use_ledger_v0.1.csv,Derived from frozen identity sets only; no historical result payload was reopened.
2021.09.10.15.00.33_veh-45,false,true,R1_R2_OR_A5_RESERVATION_AGGREGATE,RESERVATION_OR_PERMANENT_CONFLICT_ONLY,NOT_ESTABLISHED,UNKNOWN_NOT_SEPARATELY_MATERIALIZED,HIGH_FOR_AGGREGATE_CLASSIFICATION;STAGE_SPECIFICITY_NOT_MATERIALIZED,docs/stageR/s2_preflight/S2_Preflight_Exposure_Exclusion_Ledger_v1.json;docs/stageR/r0/manifests/r0_nuplan_historical_use_ledger_v0.1.csv,Derived from frozen identity sets only; no historical result payload was reopened.
2021.09.10.17.09.03_veh-42,true,true,MULTI_STAGE_FROZEN_AGGREGATE,DECLARED_HISTORICAL_OUTCOME_EXPOSURE;RESERVATION_OR_PERMANENT_CONFLICT,DECLARED_IN_FROZEN_AGGREGATE,UNKNOWN_NOT_SEPARATELY_MATERIALIZED,HIGH_FOR_AGGREGATE_CLASSIFICATION;STAGE_SPECIFICITY_NOT_MATERIALIZED,docs/stageR/s2_preflight/S2_Preflight_Exposure_Exclusion_Ledger_v1.json;docs/stageR/r0/manifests/r0_nuplan_historical_use_ledger_v0.1.csv,Derived from frozen identity sets only; no historical result payload was reopened.
2021.09.10.18.03.24_veh-42,true,true,MULTI_STAGE_FROZEN_AGGREGATE,DECLARED_HISTORICAL_OUTCOME_EXPOSURE;RESERVATION_OR_PERMANENT_CONFLICT,DECLARED_IN_FROZEN_AGGREGATE,UNKNOWN_NOT_SEPARATELY_MATERIALIZED,HIGH_FOR_AGGREGATE_CLASSIFICATION;STAGE_SPECIFICITY_NOT_MATERIALIZED,docs/stageR/s2_preflight/S2_Preflight_Exposure_Exclusion_Ledger_v1.json;docs/stageR/r0/manifests/r0_nuplan_historical_use_ledger_v0.1.csv,Derived from frozen identity sets only; no historical result payload was reopened.
2021.09.10.19.22.47_veh-42,true,true,MULTI_STAGE_FROZEN_AGGREGATE,DECLARED_HISTORICAL_OUTCOME_EXPOSURE;RESERVATION_OR_PERMANENT_CONFLICT,DECLARED_IN_FROZEN_AGGREGATE,UNKNOWN_NOT_SEPARATELY_MATERIALIZED,HIGH_FOR_AGGREGATE_CLASSIFICATION;STAGE_SPECIFICITY_NOT_MATERIALIZED,docs/stageR/s2_preflight/S2_Preflight_Exposure_Exclusion_Ledger_v1.json;docs/stageR/r0/manifests/r0_nuplan_historical_use_ledger_v0.1.csv,Derived from frozen identity sets only; no historical result payload was reopened.
2021.09.10.20.06.13_veh-42,true,true,MULTI_STAGE_FROZEN_AGGREGATE,DECLARED_HISTORICAL_OUTCOME_EXPOSURE;RESERVATION_OR_PERMANENT_CONFLICT,DECLARED_IN_FROZEN_AGGREGATE,UNKNOWN_NOT_SEPARATELY_MATERIALIZED,HIGH_FOR_AGGREGATE_CLASSIFICATION;STAGE_SPECIFICITY_NOT_MATERIALIZED,docs/stageR/s2_preflight/S2_Preflight_Exposure_Exclusion_Ledger_v1.json;docs/stageR/r0/manifests/r0_nuplan_historical_use_ledger_v0.1.csv,Derived from frozen identity sets only; no historical result payload was reopened.
2021.09.13.13.20.43_veh-45,true,true,MULTI_STAGE_FROZEN_AGGREGATE,DECLARED_HISTORICAL_OUTCOME_EXPOSURE;RESERVATION_OR_PERMANENT_CONFLICT,DECLARED_IN_FROZEN_AGGREGATE,UNKNOWN_NOT_SEPARATELY_MATERIALIZED,HIGH_FOR_AGGREGATE_CLASSIFICATION;STAGE_SPECIFICITY_NOT_MATERIALIZED,docs/stageR/s2_preflight/S2_Preflight_Exposure_Exclusion_Ledger_v1.json;docs/stageR/r0/manifests/r0_nuplan_historical_use_ledger_v0.1.csv,Derived from frozen identity sets only; no historical result payload was reopened.
2021.09.13.14.24.27_veh-45,true,true,MULTI_STAGE_FROZEN_AGGREGATE,DECLARED_HISTORICAL_OUTCOME_EXPOSURE;RESERVATION_OR_PERMANENT_CONFLICT,DECLARED_IN_FROZEN_AGGREGATE,UNKNOWN_NOT_SEPARATELY_MATERIALIZED,HIGH_FOR_AGGREGATE_CLASSIFICATION;STAGE_SPECIFICITY_NOT_MATERIALIZED,docs/stageR/s2_preflight/S2_Preflight_Exposure_Exclusion_Ledger_v1.json;docs/stageR/r0/manifests/r0_nuplan_historical_use_ledger_v0.1.csv,Derived from frozen identity sets only; no historical result payload was reopened.
2021.09.13.18.55.23_veh-45,true,true,MULTI_STAGE_FROZEN_AGGREGATE,DECLARED_HISTORICAL_OUTCOME_EXPOSURE;RESERVATION_OR_PERMANENT_CONFLICT,DECLARED_IN_FROZEN_AGGREGATE,UNKNOWN_NOT_SEPARATELY_MATERIALIZED,HIGH_FOR_AGGREGATE_CLASSIFICATION;STAGE_SPECIFICITY_NOT_MATERIALIZED,docs/stageR/s2_preflight/S2_Preflight_Exposure_Exclusion_Ledger_v1.json;docs/stageR/r0/manifests/r0_nuplan_historical_use_ledger_v0.1.csv,Derived from frozen identity sets only; no historical result payload was reopened.
2021.09.13.19.54.06_veh-45,true,true,MULTI_STAGE_FROZEN_AGGREGATE,DECLARED_HISTORICAL_OUTCOME_EXPOSURE;RESERVATION_OR_PERMANENT_CONFLICT,DECLARED_IN_FROZEN_AGGREGATE,UNKNOWN_NOT_SEPARATELY_MATERIALIZED,HIGH_FOR_AGGREGATE_CLASSIFICATION;STAGE_SPECIFICITY_NOT_MATERIALIZED,docs/stageR/s2_preflight/S2_Preflight_Exposure_Exclusion_Ledger_v1.json;docs/stageR/r0/manifests/r0_nuplan_historical_use_ledger_v0.1.csv,Derived from frozen identity sets only; no historical result payload was reopened.
2021.09.13.21.07.09_veh-45,true,true,MULTI_STAGE_FROZEN_AGGREGATE,DECLARED_HISTORICAL_OUTCOME_EXPOSURE;RESERVATION_OR_PERMANENT_CONFLICT,DECLARED_IN_FROZEN_AGGREGATE,UNKNOWN_NOT_SEPARATELY_MATERIALIZED,HIGH_FOR_AGGREGATE_CLASSIFICATION;STAGE_SPECIFICITY_NOT_MATERIALIZED,docs/stageR/s2_preflight/S2_Preflight_Exposure_Exclusion_Ledger_v1.json;docs/stageR/r0/manifests/r0_nuplan_historical_use_ledger_v0.1.csv,Derived from frozen identity sets only; no historical result payload was reopened.
2021.09.15.12.49.18_veh-45,true,true,MULTI_STAGE_FROZEN_AGGREGATE,DECLARED_HISTORICAL_OUTCOME_EXPOSURE;RESERVATION_OR_PERMANENT_CONFLICT,DECLARED_IN_FROZEN_AGGREGATE,UNKNOWN_NOT_SEPARATELY_MATERIALIZED,HIGH_FOR_AGGREGATE_CLASSIFICATION;STAGE_SPECIFICITY_NOT_MATERIALIZED,docs/stageR/s2_preflight/S2_Preflight_Exposure_Exclusion_Ledger_v1.json;docs/stageR/r0/manifests/r0_nuplan_historical_use_ledger_v0.1.csv,Derived from frozen identity sets only; no historical result payload was reopened.
2021.09.15.13.06.21_veh-42,true,true,MULTI_STAGE_FROZEN_AGGREGATE,DECLARED_HISTORICAL_OUTCOME_EXPOSURE;RESERVATION_OR_PERMANENT_CONFLICT,DECLARED_IN_FROZEN_AGGREGATE,UNKNOWN_NOT_SEPARATELY_MATERIALIZED,HIGH_FOR_AGGREGATE_CLASSIFICATION;STAGE_SPECIFICITY_NOT_MATERIALIZED,docs/stageR/s2_preflight/S2_Preflight_Exposure_Exclusion_Ledger_v1.json;docs/stageR/r0/manifests/r0_nuplan_historical_use_ledger_v0.1.csv,Derived from frozen identity sets only; no historical result payload was reopened.
2021.09.15.13.26.07_veh-45,true,true,MULTI_STAGE_FROZEN_AGGREGATE,DECLARED_HISTORICAL_OUTCOME_EXPOSURE;RESERVATION_OR_PERMANENT_CONFLICT,DECLARED_IN_FROZEN_AGGREGATE,UNKNOWN_NOT_SEPARATELY_MATERIALIZED,HIGH_FOR_AGGREGATE_CLASSIFICATION;STAGE_SPECIFICITY_NOT_MATERIALIZED,docs/stageR/s2_preflight/S2_Preflight_Exposure_Exclusion_Ledger_v1.json;docs/stageR/r0/manifests/r0_nuplan_historical_use_ledger_v0.1.csv,Derived from frozen identity sets only; no historical result payload was reopened.
2021.09.15.14.18.26_veh-45,true,true,MULTI_STAGE_FROZEN_AGGREGATE,DECLARED_HISTORICAL_OUTCOME_EXPOSURE;RESERVATION_OR_PERMANENT_CONFLICT,DECLARED_IN_FROZEN_AGGREGATE,UNKNOWN_NOT_SEPARATELY_MATERIALIZED,HIGH_FOR_AGGREGATE_CLASSIFICATION;STAGE_SPECIFICITY_NOT_MATERIALIZED,docs/stageR/s2_preflight/S2_Preflight_Exposure_Exclusion_Ledger_v1.json;docs/stageR/r0/manifests/r0_nuplan_historical_use_ledger_v0.1.csv,Derived from frozen identity sets only; no historical result payload was reopened.
2021.09.15.14.30.33_veh-42,true,true,MULTI_STAGE_FROZEN_AGGREGATE,DECLARED_HISTORICAL_OUTCOME_EXPOSURE;RESERVATION_OR_PERMANENT_CONFLICT,DECLARED_IN_FROZEN_AGGREGATE,UNKNOWN_NOT_SEPARATELY_MATERIALIZED,HIGH_FOR_AGGREGATE_CLASSIFICATION;STAGE_SPECIFICITY_NOT_MATERIALIZED,docs/stageR/s2_preflight/S2_Preflight_Exposure_Exclusion_Ledger_v1.json;docs/stageR/r0/manifests/r0_nuplan_historical_use_ledger_v0.1.csv,Derived from frozen identity sets only; no historical result payload was reopened.
2021.09.15.14.57.57_veh-45,true,true,MULTI_STAGE_FROZEN_AGGREGATE,DECLARED_HISTORICAL_OUTCOME_EXPOSURE;RESERVATION_OR_PERMANENT_CONFLICT,DECLARED_IN_FROZEN_AGGREGATE,UNKNOWN_NOT_SEPARATELY_MATERIALIZED,HIGH_FOR_AGGREGATE_CLASSIFICATION;STAGE_SPECIFICITY_NOT_MATERIALIZED,docs/stageR/s2_preflight/S2_Preflight_Exposure_Exclusion_Ledger_v1.json;docs/stageR/r0/manifests/r0_nuplan_historical_use_ledger_v0.1.csv,Derived from frozen identity sets only; no historical result payload was reopened.
2021.09.15.17.01.41_veh-45,true,true,MULTI_STAGE_FROZEN_AGGREGATE,DECLARED_HISTORICAL_OUTCOME_EXPOSURE;RESERVATION_OR_PERMANENT_CONFLICT,DECLARED_IN_FROZEN_AGGREGATE,UNKNOWN_NOT_SEPARATELY_MATERIALIZED,HIGH_FOR_AGGREGATE_CLASSIFICATION;STAGE_SPECIFICITY_NOT_MATERIALIZED,docs/stageR/s2_preflight/S2_Preflight_Exposure_Exclusion_Ledger_v1.json;docs/stageR/r0/manifests/r0_nuplan_historical_use_ledger_v0.1.csv,Derived from frozen identity sets only; no historical result payload was reopened.
2021.09.15.17.41.38_veh-45,true,true,MULTI_STAGE_FROZEN_AGGREGATE,DECLARED_HISTORICAL_OUTCOME_EXPOSURE;RESERVATION_OR_PERMANENT_CONFLICT,DECLARED_IN_FROZEN_AGGREGATE,UNKNOWN_NOT_SEPARATELY_MATERIALIZED,HIGH_FOR_AGGREGATE_CLASSIFICATION;STAGE_SPECIFICITY_NOT_MATERIALIZED,docs/stageR/s2_preflight/S2_Preflight_Exposure_Exclusion_Ledger_v1.json;docs/stageR/r0/manifests/r0_nuplan_historical_use_ledger_v0.1.csv,Derived from frozen identity sets only; no historical result payload was reopened.
2021.09.15.18.28.05_veh-45,true,true,MULTI_STAGE_FROZEN_AGGREGATE,DECLARED_HISTORICAL_OUTCOME_EXPOSURE;RESERVATION_OR_PERMANENT_CONFLICT,DECLARED_IN_FROZEN_AGGREGATE,UNKNOWN_NOT_SEPARATELY_MATERIALIZED,HIGH_FOR_AGGREGATE_CLASSIFICATION;STAGE_SPECIFICITY_NOT_MATERIALIZED,docs/stageR/s2_preflight/S2_Preflight_Exposure_Exclusion_Ledger_v1.json;docs/stageR/r0/manifests/r0_nuplan_historical_use_ledger_v0.1.csv,Derived from frozen identity sets only; no historical result payload was reopened.
2021.09.16.15.12.03_veh-42,true,true,MULTI_STAGE_FROZEN_AGGREGATE,DECLARED_HISTORICAL_OUTCOME_EXPOSURE;RESERVATION_OR_PERMANENT_CONFLICT,DECLARED_IN_FROZEN_AGGREGATE,UNKNOWN_NOT_SEPARATELY_MATERIALIZED,HIGH_FOR_AGGREGATE_CLASSIFICATION;STAGE_SPECIFICITY_NOT_MATERIALIZED,docs/stageR/s2_preflight/S2_Preflight_Exposure_Exclusion_Ledger_v1.json;docs/stageR/r0/manifests/r0_nuplan_historical_use_ledger_v0.1.csv,Derived from frozen identity sets only; no historical result payload was reopened.
2021.09.17.12.58.10_veh-45,true,true,MULTI_STAGE_FROZEN_AGGREGATE,DECLARED_HISTORICAL_OUTCOME_EXPOSURE;RESERVATION_OR_PERMANENT_CONFLICT,DECLARED_IN_FROZEN_AGGREGATE,UNKNOWN_NOT_SEPARATELY_MATERIALIZED,HIGH_FOR_AGGREGATE_CLASSIFICATION;STAGE_SPECIFICITY_NOT_MATERIALIZED,docs/stageR/s2_preflight/S2_Preflight_Exposure_Exclusion_Ledger_v1.json;docs/stageR/r0/manifests/r0_nuplan_historical_use_ledger_v0.1.csv,Derived from frozen identity sets only; no historical result payload was reopened.
2021.09.17.13.27.08_veh-42,true,true,MULTI_STAGE_FROZEN_AGGREGATE,DECLARED_HISTORICAL_OUTCOME_EXPOSURE;RESERVATION_OR_PERMANENT_CONFLICT,DECLARED_IN_FROZEN_AGGREGATE,UNKNOWN_NOT_SEPARATELY_MATERIALIZED,HIGH_FOR_AGGREGATE_CLASSIFICATION;STAGE_SPECIFICITY_NOT_MATERIALIZED,docs/stageR/s2_preflight/S2_Preflight_Exposure_Exclusion_Ledger_v1.json;docs/stageR/r0/manifests/r0_nuplan_historical_use_ledger_v0.1.csv,Derived from frozen identity sets only; no historical result payload was reopened.
2021.09.17.14.16.10_veh-42,true,true,MULTI_STAGE_FROZEN_AGGREGATE,DECLARED_HISTORICAL_OUTCOME_EXPOSURE;RESERVATION_OR_PERMANENT_CONFLICT,DECLARED_IN_FROZEN_AGGREGATE,UNKNOWN_NOT_SEPARATELY_MATERIALIZED,HIGH_FOR_AGGREGATE_CLASSIFICATION;STAGE_SPECIFICITY_NOT_MATERIALIZED,docs/stageR/s2_preflight/S2_Preflight_Exposure_Exclusion_Ledger_v1.json;docs/stageR/r0/manifests/r0_nuplan_historical_use_ledger_v0.1.csv,Derived from frozen identity sets only; no historical result payload was reopened.
2021.09.17.14.16.24_veh-45,true,true,MULTI_STAGE_FROZEN_AGGREGATE,DECLARED_HISTORICAL_OUTCOME_EXPOSURE;RESERVATION_OR_PERMANENT_CONFLICT,DECLARED_IN_FROZEN_AGGREGATE,UNKNOWN_NOT_SEPARATELY_MATERIALIZED,HIGH_FOR_AGGREGATE_CLASSIFICATION;STAGE_SPECIFICITY_NOT_MATERIALIZED,docs/stageR/s2_preflight/S2_Preflight_Exposure_Exclusion_Ledger_v1.json;docs/stageR/r0/manifests/r0_nuplan_historical_use_ledger_v0.1.csv,Derived from frozen identity sets only; no historical result payload was reopened.
2021.09.17.14.49.23_veh-42,true,true,MULTI_STAGE_FROZEN_AGGREGATE,DECLARED_HISTORICAL_OUTCOME_EXPOSURE;RESERVATION_OR_PERMANENT_CONFLICT,DECLARED_IN_FROZEN_AGGREGATE,UNKNOWN_NOT_SEPARATELY_MATERIALIZED,HIGH_FOR_AGGREGATE_CLASSIFICATION;STAGE_SPECIFICITY_NOT_MATERIALIZED,docs/stageR/s2_preflight/S2_Preflight_Exposure_Exclusion_Ledger_v1.json;docs/stageR/r0/manifests/r0_nuplan_historical_use_ledger_v0.1.csv,Derived from frozen identity sets only; no historical result payload was reopened.
2021.09.17.16.35.20_veh-45,true,true,MULTI_STAGE_FROZEN_AGGREGATE,DECLARED_HISTORICAL_OUTCOME_EXPOSURE;RESERVATION_OR_PERMANENT_CONFLICT,DECLARED_IN_FROZEN_AGGREGATE,UNKNOWN_NOT_SEPARATELY_MATERIALIZED,HIGH_FOR_AGGREGATE_CLASSIFICATION;STAGE_SPECIFICITY_NOT_MATERIALIZED,docs/stageR/s2_preflight/S2_Preflight_Exposure_Exclusion_Ledger_v1.json;docs/stageR/r0/manifests/r0_nuplan_historical_use_ledger_v0.1.csv,Derived from frozen identity sets only; no historical result payload was reopened.
2021.09.17.17.36.45_veh-45,true,true,MULTI_STAGE_FROZEN_AGGREGATE,DECLARED_HISTORICAL_OUTCOME_EXPOSURE;RESERVATION_OR_PERMANENT_CONFLICT,DECLARED_IN_FROZEN_AGGREGATE,UNKNOWN_NOT_SEPARATELY_MATERIALIZED,HIGH_FOR_AGGREGATE_CLASSIFICATION;STAGE_SPECIFICITY_NOT_MATERIALIZED,docs/stageR/s2_preflight/S2_Preflight_Exposure_Exclusion_Ledger_v1.json;docs/stageR/r0/manifests/r0_nuplan_historical_use_ledger_v0.1.csv,Derived from frozen identity sets only; no historical result payload was reopened.
2021.09.17.18.16.32_veh-45,true,true,MULTI_STAGE_FROZEN_AGGREGATE,DECLARED_HISTORICAL_OUTCOME_EXPOSURE;RESERVATION_OR_PERMANENT_CONFLICT,DECLARED_IN_FROZEN_AGGREGATE,UNKNOWN_NOT_SEPARATELY_MATERIALIZED,HIGH_FOR_AGGREGATE_CLASSIFICATION;STAGE_SPECIFICITY_NOT_MATERIALIZED,docs/stageR/s2_preflight/S2_Preflight_Exposure_Exclusion_Ledger_v1.json;docs/stageR/r0/manifests/r0_nuplan_historical_use_ledger_v0.1.csv,Derived from frozen identity sets only; no historical result payload was reopened.
2021.09.17.18.42.25_veh-08,true,true,MULTI_STAGE_FROZEN_AGGREGATE,DECLARED_HISTORICAL_OUTCOME_EXPOSURE;RESERVATION_OR_PERMANENT_CONFLICT,DECLARED_IN_FROZEN_AGGREGATE,UNKNOWN_NOT_SEPARATELY_MATERIALIZED,HIGH_FOR_AGGREGATE_CLASSIFICATION;STAGE_SPECIFICITY_NOT_MATERIALIZED,docs/stageR/s2_preflight/S2_Preflight_Exposure_Exclusion_Ledger_v1.json;docs/stageR/r0/manifests/r0_nuplan_historical_use_ledger_v0.1.csv,Derived from frozen identity sets only; no historical result payload was reopened.
2021.09.17.19.20.02_veh-45,true,true,MULTI_STAGE_FROZEN_AGGREGATE,DECLARED_HISTORICAL_OUTCOME_EXPOSURE;RESERVATION_OR_PERMANENT_CONFLICT,DECLARED_IN_FROZEN_AGGREGATE,UNKNOWN_NOT_SEPARATELY_MATERIALIZED,HIGH_FOR_AGGREGATE_CLASSIFICATION;STAGE_SPECIFICITY_NOT_MATERIALIZED,docs/stageR/s2_preflight/S2_Preflight_Exposure_Exclusion_Ledger_v1.json;docs/stageR/r0/manifests/r0_nuplan_historical_use_ledger_v0.1.csv,Derived from frozen identity sets only; no historical result payload was reopened.
2021.09.17.19.38.59_veh-08,true,true,MULTI_STAGE_FROZEN_AGGREGATE,DECLARED_HISTORICAL_OUTCOME_EXPOSURE;RESERVATION_OR_PERMANENT_CONFLICT,DECLARED_IN_FROZEN_AGGREGATE,UNKNOWN_NOT_SEPARATELY_MATERIALIZED,HIGH_FOR_AGGREGATE_CLASSIFICATION;STAGE_SPECIFICITY_NOT_MATERIALIZED,docs/stageR/s2_preflight/S2_Preflight_Exposure_Exclusion_Ledger_v1.json;docs/stageR/r0/manifests/r0_nuplan_historical_use_ledger_v0.1.csv,Derived from frozen identity sets only; no historical result payload was reopened.
2021.09.17.20.30.55_veh-08,true,true,MULTI_STAGE_FROZEN_AGGREGATE,DECLARED_HISTORICAL_OUTCOME_EXPOSURE;RESERVATION_OR_PERMANENT_CONFLICT,DECLARED_IN_FROZEN_AGGREGATE,UNKNOWN_NOT_SEPARATELY_MATERIALIZED,HIGH_FOR_AGGREGATE_CLASSIFICATION;STAGE_SPECIFICITY_NOT_MATERIALIZED,docs/stageR/s2_preflight/S2_Preflight_Exposure_Exclusion_Ledger_v1.json;docs/stageR/r0/manifests/r0_nuplan_historical_use_ledger_v0.1.csv,Derived from frozen identity sets only; no historical result payload was reopened.
2021.09.17.20.31.03_veh-45,true,true,MULTI_STAGE_FROZEN_AGGREGATE,DECLARED_HISTORICAL_OUTCOME_EXPOSURE;RESERVATION_OR_PERMANENT_CONFLICT,DECLARED_IN_FROZEN_AGGREGATE,UNKNOWN_NOT_SEPARATELY_MATERIALIZED,HIGH_FOR_AGGREGATE_CLASSIFICATION;STAGE_SPECIFICITY_NOT_MATERIALIZED,docs/stageR/s2_preflight/S2_Preflight_Exposure_Exclusion_Ledger_v1.json;docs/stageR/r0/manifests/r0_nuplan_historical_use_ledger_v0.1.csv,Derived from frozen identity sets only; no historical result payload was reopened.
2021.09.20.12.58.53_veh-42,true,true,MULTI_STAGE_FROZEN_AGGREGATE,DECLARED_HISTORICAL_OUTCOME_EXPOSURE;RESERVATION_OR_PERMANENT_CONFLICT,DECLARED_IN_FROZEN_AGGREGATE,UNKNOWN_NOT_SEPARATELY_MATERIALIZED,HIGH_FOR_AGGREGATE_CLASSIFICATION;STAGE_SPECIFICITY_NOT_MATERIALIZED,docs/stageR/s2_preflight/S2_Preflight_Exposure_Exclusion_Ledger_v1.json;docs/stageR/r0/manifests/r0_nuplan_historical_use_ledger_v0.1.csv,Derived from frozen identity sets only; no historical result payload was reopened.
2021.09.20.13.46.45_veh-42,true,true,MULTI_STAGE_FROZEN_AGGREGATE,DECLARED_HISTORICAL_OUTCOME_EXPOSURE;RESERVATION_OR_PERMANENT_CONFLICT,DECLARED_IN_FROZEN_AGGREGATE,UNKNOWN_NOT_SEPARATELY_MATERIALIZED,HIGH_FOR_AGGREGATE_CLASSIFICATION;STAGE_SPECIFICITY_NOT_MATERIALIZED,docs/stageR/s2_preflight/S2_Preflight_Exposure_Exclusion_Ledger_v1.json;docs/stageR/r0/manifests/r0_nuplan_historical_use_ledger_v0.1.csv,Derived from frozen identity sets only; no historical result payload was reopened.
2021.09.20.14.04.18_veh-08,true,true,MULTI_STAGE_FROZEN_AGGREGATE,DECLARED_HISTORICAL_OUTCOME_EXPOSURE;RESERVATION_OR_PERMANENT_CONFLICT,DECLARED_IN_FROZEN_AGGREGATE,UNKNOWN_NOT_SEPARATELY_MATERIALIZED,HIGH_FOR_AGGREGATE_CLASSIFICATION;STAGE_SPECIFICITY_NOT_MATERIALIZED,docs/stageR/s2_preflight/S2_Preflight_Exposure_Exclusion_Ledger_v1.json;docs/stageR/r0/manifests/r0_nuplan_historical_use_ledger_v0.1.csv,Derived from frozen identity sets only; no historical result payload was reopened.
2021.09.20.14.38.07_veh-42,true,true,MULTI_STAGE_FROZEN_AGGREGATE,DECLARED_HISTORICAL_OUTCOME_EXPOSURE;RESERVATION_OR_PERMANENT_CONFLICT,DECLARED_IN_FROZEN_AGGREGATE,UNKNOWN_NOT_SEPARATELY_MATERIALIZED,HIGH_FOR_AGGREGATE_CLASSIFICATION;STAGE_SPECIFICITY_NOT_MATERIALIZED,docs/stageR/s2_preflight/S2_Preflight_Exposure_Exclusion_Ledger_v1.json;docs/stageR/r0/manifests/r0_nuplan_historical_use_ledger_v0.1.csv,Derived from frozen identity sets only; no historical result payload was reopened.
2021.09.20.14.50.11_veh-08,true,true,MULTI_STAGE_FROZEN_AGGREGATE,DECLARED_HISTORICAL_OUTCOME_EXPOSURE;RESERVATION_OR_PERMANENT_CONFLICT,DECLARED_IN_FROZEN_AGGREGATE,UNKNOWN_NOT_SEPARATELY_MATERIALIZED,HIGH_FOR_AGGREGATE_CLASSIFICATION;STAGE_SPECIFICITY_NOT_MATERIALIZED,docs/stageR/s2_preflight/S2_Preflight_Exposure_Exclusion_Ledger_v1.json;docs/stageR/r0/manifests/r0_nuplan_historical_use_ledger_v0.1.csv,Derived from frozen identity sets only; no historical result payload was reopened.
2021.09.20.17.01.23_veh-08,true,true,MULTI_STAGE_FROZEN_AGGREGATE,DECLARED_HISTORICAL_OUTCOME_EXPOSURE;RESERVATION_OR_PERMANENT_CONFLICT,DECLARED_IN_FROZEN_AGGREGATE,UNKNOWN_NOT_SEPARATELY_MATERIALIZED,HIGH_FOR_AGGREGATE_CLASSIFICATION;STAGE_SPECIFICITY_NOT_MATERIALIZED,docs/stageR/s2_preflight/S2_Preflight_Exposure_Exclusion_Ledger_v1.json;docs/stageR/r0/manifests/r0_nuplan_historical_use_ledger_v0.1.csv,Derived from frozen identity sets only; no historical result payload was reopened.
2021.09.20.17.42.50_veh-08,true,true,MULTI_STAGE_FROZEN_AGGREGATE,DECLARED_HISTORICAL_OUTCOME_EXPOSURE;RESERVATION_OR_PERMANENT_CONFLICT,DECLARED_IN_FROZEN_AGGREGATE,UNKNOWN_NOT_SEPARATELY_MATERIALIZED,HIGH_FOR_AGGREGATE_CLASSIFICATION;STAGE_SPECIFICITY_NOT_MATERIALIZED,docs/stageR/s2_preflight/S2_Preflight_Exposure_Exclusion_Ledger_v1.json;docs/stageR/r0/manifests/r0_nuplan_historical_use_ledger_v0.1.csv,Derived from frozen identity sets only; no historical result payload was reopened.
2021.09.20.18.15.46_veh-08,true,true,MULTI_STAGE_FROZEN_AGGREGATE,DECLARED_HISTORICAL_OUTCOME_EXPOSURE;RESERVATION_OR_PERMANENT_CONFLICT,DECLARED_IN_FROZEN_AGGREGATE,UNKNOWN_NOT_SEPARATELY_MATERIALIZED,HIGH_FOR_AGGREGATE_CLASSIFICATION;STAGE_SPECIFICITY_NOT_MATERIALIZED,docs/stageR/s2_preflight/S2_Preflight_Exposure_Exclusion_Ledger_v1.json;docs/stageR/r0/manifests/r0_nuplan_historical_use_ledger_v0.1.csv,Derived from frozen identity sets only; no historical result payload was reopened.
2021.09.20.18.55.11_veh-08,true,true,MULTI_STAGE_FROZEN_AGGREGATE,DECLARED_HISTORICAL_OUTCOME_EXPOSURE;RESERVATION_OR_PERMANENT_CONFLICT,DECLARED_IN_FROZEN_AGGREGATE,UNKNOWN_NOT_SEPARATELY_MATERIALIZED,HIGH_FOR_AGGREGATE_CLASSIFICATION;STAGE_SPECIFICITY_NOT_MATERIALIZED,docs/stageR/s2_preflight/S2_Preflight_Exposure_Exclusion_Ledger_v1.json;docs/stageR/r0/manifests/r0_nuplan_historical_use_ledger_v0.1.csv,Derived from frozen identity sets only; no historical result payload was reopened.
2021.09.20.19.38.32_veh-08,true,true,MULTI_STAGE_FROZEN_AGGREGATE,DECLARED_HISTORICAL_OUTCOME_EXPOSURE;RESERVATION_OR_PERMANENT_CONFLICT,DECLARED_IN_FROZEN_AGGREGATE,UNKNOWN_NOT_SEPARATELY_MATERIALIZED,HIGH_FOR_AGGREGATE_CLASSIFICATION;STAGE_SPECIFICITY_NOT_MATERIALIZED,docs/stageR/s2_preflight/S2_Preflight_Exposure_Exclusion_Ledger_v1.json;docs/stageR/r0/manifests/r0_nuplan_historical_use_ledger_v0.1.csv,Derived from frozen identity sets only; no historical result payload was reopened.
2021.09.20.20.32.00_veh-08,true,true,MULTI_STAGE_FROZEN_AGGREGATE,DECLARED_HISTORICAL_OUTCOME_EXPOSURE;RESERVATION_OR_PERMANENT_CONFLICT,DECLARED_IN_FROZEN_AGGREGATE,UNKNOWN_NOT_SEPARATELY_MATERIALIZED,HIGH_FOR_AGGREGATE_CLASSIFICATION;STAGE_SPECIFICITY_NOT_MATERIALIZED,docs/stageR/s2_preflight/S2_Preflight_Exposure_Exclusion_Ledger_v1.json;docs/stageR/r0/manifests/r0_nuplan_historical_use_ledger_v0.1.csv,Derived from frozen identity sets only; no historical result payload was reopened.
2021.09.21.16.42.24_veh-08,true,true,MULTI_STAGE_FROZEN_AGGREGATE,DECLARED_HISTORICAL_OUTCOME_EXPOSURE;RESERVATION_OR_PERMANENT_CONFLICT,DECLARED_IN_FROZEN_AGGREGATE,UNKNOWN_NOT_SEPARATELY_MATERIALIZED,HIGH_FOR_AGGREGATE_CLASSIFICATION;STAGE_SPECIFICITY_NOT_MATERIALIZED,docs/stageR/s2_preflight/S2_Preflight_Exposure_Exclusion_Ledger_v1.json;docs/stageR/r0/manifests/r0_nuplan_historical_use_ledger_v0.1.csv,Derived from frozen identity sets only; no historical result payload was reopened.
2021.09.21.17.53.12_veh-08,true,true,MULTI_STAGE_FROZEN_AGGREGATE,DECLARED_HISTORICAL_OUTCOME_EXPOSURE;RESERVATION_OR_PERMANENT_CONFLICT,DECLARED_IN_FROZEN_AGGREGATE,UNKNOWN_NOT_SEPARATELY_MATERIALIZED,HIGH_FOR_AGGREGATE_CLASSIFICATION;STAGE_SPECIFICITY_NOT_MATERIALIZED,docs/stageR/s2_preflight/S2_Preflight_Exposure_Exclusion_Ledger_v1.json;docs/stageR/r0/manifests/r0_nuplan_historical_use_ledger_v0.1.csv,Derived from frozen identity sets only; no historical result payload was reopened.
2021.09.21.18.07.37_veh-45,true,true,MULTI_STAGE_FROZEN_AGGREGATE,DECLARED_HISTORICAL_OUTCOME_EXPOSURE;RESERVATION_OR_PERMANENT_CONFLICT,DECLARED_IN_FROZEN_AGGREGATE,UNKNOWN_NOT_SEPARATELY_MATERIALIZED,HIGH_FOR_AGGREGATE_CLASSIFICATION;STAGE_SPECIFICITY_NOT_MATERIALIZED,docs/stageR/s2_preflight/S2_Preflight_Exposure_Exclusion_Ledger_v1.json;docs/stageR/r0/manifests/r0_nuplan_historical_use_ledger_v0.1.csv,Derived from frozen identity sets only; no historical result payload was reopened.
2021.09.21.18.54.31_veh-45,true,true,MULTI_STAGE_FROZEN_AGGREGATE,DECLARED_HISTORICAL_OUTCOME_EXPOSURE;RESERVATION_OR_PERMANENT_CONFLICT,DECLARED_IN_FROZEN_AGGREGATE,UNKNOWN_NOT_SEPARATELY_MATERIALIZED,HIGH_FOR_AGGREGATE_CLASSIFICATION;STAGE_SPECIFICITY_NOT_MATERIALIZED,docs/stageR/s2_preflight/S2_Preflight_Exposure_Exclusion_Ledger_v1.json;docs/stageR/r0/manifests/r0_nuplan_historical_use_ledger_v0.1.csv,Derived from frozen identity sets only; no historical result payload was reopened.
2021.09.21.19.41.31_veh-45,true,true,MULTI_STAGE_FROZEN_AGGREGATE,DECLARED_HISTORICAL_OUTCOME_EXPOSURE;RESERVATION_OR_PERMANENT_CONFLICT,DECLARED_IN_FROZEN_AGGREGATE,UNKNOWN_NOT_SEPARATELY_MATERIALIZED,HIGH_FOR_AGGREGATE_CLASSIFICATION;STAGE_SPECIFICITY_NOT_MATERIALIZED,docs/stageR/s2_preflight/S2_Preflight_Exposure_Exclusion_Ledger_v1.json;docs/stageR/r0/manifests/r0_nuplan_historical_use_ledger_v0.1.csv,Derived from frozen identity sets only; no historical result payload was reopened.
2021.09.21.20.04.35_veh-08,true,true,MULTI_STAGE_FROZEN_AGGREGATE,DECLARED_HISTORICAL_OUTCOME_EXPOSURE;RESERVATION_OR_PERMANENT_CONFLICT,DECLARED_IN_FROZEN_AGGREGATE,UNKNOWN_NOT_SEPARATELY_MATERIALIZED,HIGH_FOR_AGGREGATE_CLASSIFICATION;STAGE_SPECIFICITY_NOT_MATERIALIZED,docs/stageR/s2_preflight/S2_Preflight_Exposure_Exclusion_Ledger_v1.json;docs/stageR/r0/manifests/r0_nuplan_historical_use_ledger_v0.1.csv,Derived from frozen identity sets only; no historical result payload was reopened.
2021.09.21.20.37.06_veh-45,true,true,MULTI_STAGE_FROZEN_AGGREGATE,DECLARED_HISTORICAL_OUTCOME_EXPOSURE;RESERVATION_OR_PERMANENT_CONFLICT,DECLARED_IN_FROZEN_AGGREGATE,UNKNOWN_NOT_SEPARATELY_MATERIALIZED,HIGH_FOR_AGGREGATE_CLASSIFICATION;STAGE_SPECIFICITY_NOT_MATERIALIZED,docs/stageR/s2_preflight/S2_Preflight_Exposure_Exclusion_Ledger_v1.json;docs/stageR/r0/manifests/r0_nuplan_historical_use_ledger_v0.1.csv,Derived from frozen identity sets only; no historical result payload was reopened.
2021.09.23.13.07.52_veh-45,true,true,MULTI_STAGE_FROZEN_AGGREGATE,DECLARED_HISTORICAL_OUTCOME_EXPOSURE;RESERVATION_OR_PERMANENT_CONFLICT,DECLARED_IN_FROZEN_AGGREGATE,UNKNOWN_NOT_SEPARATELY_MATERIALIZED,HIGH_FOR_AGGREGATE_CLASSIFICATION;STAGE_SPECIFICITY_NOT_MATERIALIZED,docs/stageR/s2_preflight/S2_Preflight_Exposure_Exclusion_Ledger_v1.json;docs/stageR/r0/manifests/r0_nuplan_historical_use_ledger_v0.1.csv,Derived from frozen identity sets only; no historical result payload was reopened.
2021.09.23.13.54.40_veh-45,true,true,MULTI_STAGE_FROZEN_AGGREGATE,DECLARED_HISTORICAL_OUTCOME_EXPOSURE;RESERVATION_OR_PERMANENT_CONFLICT,DECLARED_IN_FROZEN_AGGREGATE,UNKNOWN_NOT_SEPARATELY_MATERIALIZED,HIGH_FOR_AGGREGATE_CLASSIFICATION;STAGE_SPECIFICITY_NOT_MATERIALIZED,docs/stageR/s2_preflight/S2_Preflight_Exposure_Exclusion_Ledger_v1.json;docs/stageR/r0/manifests/r0_nuplan_historical_use_ledger_v0.1.csv,Derived from frozen identity sets only; no historical result payload was reopened.
2021.09.23.14.44.24_veh-45,true,true,MULTI_STAGE_FROZEN_AGGREGATE,DECLARED_HISTORICAL_OUTCOME_EXPOSURE;RESERVATION_OR_PERMANENT_CONFLICT,DECLARED_IN_FROZEN_AGGREGATE,UNKNOWN_NOT_SEPARATELY_MATERIALIZED,HIGH_FOR_AGGREGATE_CLASSIFICATION;STAGE_SPECIFICITY_NOT_MATERIALIZED,docs/stageR/s2_preflight/S2_Preflight_Exposure_Exclusion_Ledger_v1.json;docs/stageR/r0/manifests/r0_nuplan_historical_use_ledger_v0.1.csv,Derived from frozen identity sets only; no historical result payload was reopened.
2021.09.23.17.03.56_veh-45,true,true,MULTI_STAGE_FROZEN_AGGREGATE,DECLARED_HISTORICAL_OUTCOME_EXPOSURE;RESERVATION_OR_PERMANENT_CONFLICT,DECLARED_IN_FROZEN_AGGREGATE,UNKNOWN_NOT_SEPARATELY_MATERIALIZED,HIGH_FOR_AGGREGATE_CLASSIFICATION;STAGE_SPECIFICITY_NOT_MATERIALIZED,docs/stageR/s2_preflight/S2_Preflight_Exposure_Exclusion_Ledger_v1.json;docs/stageR/r0/manifests/r0_nuplan_historical_use_ledger_v0.1.csv,Derived from frozen identity sets only; no historical result payload was reopened.
2021.09.23.17.57.13_veh-45,true,true,MULTI_STAGE_FROZEN_AGGREGATE,DECLARED_HISTORICAL_OUTCOME_EXPOSURE;RESERVATION_OR_PERMANENT_CONFLICT,DECLARED_IN_FROZEN_AGGREGATE,UNKNOWN_NOT_SEPARATELY_MATERIALIZED,HIGH_FOR_AGGREGATE_CLASSIFICATION;STAGE_SPECIFICITY_NOT_MATERIALIZED,docs/stageR/s2_preflight/S2_Preflight_Exposure_Exclusion_Ledger_v1.json;docs/stageR/r0/manifests/r0_nuplan_historical_use_ledger_v0.1.csv,Derived from frozen identity sets only; no historical result payload was reopened.
2021.09.23.18.57.19_veh-45,true,true,MULTI_STAGE_FROZEN_AGGREGATE,DECLARED_HISTORICAL_OUTCOME_EXPOSURE;RESERVATION_OR_PERMANENT_CONFLICT,DECLARED_IN_FROZEN_AGGREGATE,UNKNOWN_NOT_SEPARATELY_MATERIALIZED,HIGH_FOR_AGGREGATE_CLASSIFICATION;STAGE_SPECIFICITY_NOT_MATERIALIZED,docs/stageR/s2_preflight/S2_Preflight_Exposure_Exclusion_Ledger_v1.json;docs/stageR/r0/manifests/r0_nuplan_historical_use_ledger_v0.1.csv,Derived from frozen identity sets only; no historical result payload was reopened.
2021.09.23.19.52.54_veh-45,true,true,MULTI_STAGE_FROZEN_AGGREGATE,DECLARED_HISTORICAL_OUTCOME_EXPOSURE;RESERVATION_OR_PERMANENT_CONFLICT,DECLARED_IN_FROZEN_AGGREGATE,UNKNOWN_NOT_SEPARATELY_MATERIALIZED,HIGH_FOR_AGGREGATE_CLASSIFICATION;STAGE_SPECIFICITY_NOT_MATERIALIZED,docs/stageR/s2_preflight/S2_Preflight_Exposure_Exclusion_Ledger_v1.json;docs/stageR/r0/manifests/r0_nuplan_historical_use_ledger_v0.1.csv,Derived from frozen identity sets only; no historical result payload was reopened.
2021.09.23.20.37.33_veh-45,true,true,MULTI_STAGE_FROZEN_AGGREGATE,DECLARED_HISTORICAL_OUTCOME_EXPOSURE;RESERVATION_OR_PERMANENT_CONFLICT,DECLARED_IN_FROZEN_AGGREGATE,UNKNOWN_NOT_SEPARATELY_MATERIALIZED,HIGH_FOR_AGGREGATE_CLASSIFICATION;STAGE_SPECIFICITY_NOT_MATERIALIZED,docs/stageR/s2_preflight/S2_Preflight_Exposure_Exclusion_Ledger_v1.json;docs/stageR/r0/manifests/r0_nuplan_historical_use_ledger_v0.1.csv,Derived from frozen identity sets only; no historical result payload was reopened.
2021.09.24.14.23.05_veh-45,true,true,MULTI_STAGE_FROZEN_AGGREGATE,DECLARED_HISTORICAL_OUTCOME_EXPOSURE;RESERVATION_OR_PERMANENT_CONFLICT,DECLARED_IN_FROZEN_AGGREGATE,UNKNOWN_NOT_SEPARATELY_MATERIALIZED,HIGH_FOR_AGGREGATE_CLASSIFICATION;STAGE_SPECIFICITY_NOT_MATERIALIZED,docs/stageR/s2_preflight/S2_Preflight_Exposure_Exclusion_Ledger_v1.json;docs/stageR/r0/manifests/r0_nuplan_historical_use_ledger_v0.1.csv,Derived from frozen identity sets only; no historical result payload was reopened.
2021.09.27.14.45.42_veh-44,true,true,MULTI_STAGE_FROZEN_AGGREGATE,DECLARED_HISTORICAL_OUTCOME_EXPOSURE;RESERVATION_OR_PERMANENT_CONFLICT,DECLARED_IN_FROZEN_AGGREGATE,UNKNOWN_NOT_SEPARATELY_MATERIALIZED,HIGH_FOR_AGGREGATE_CLASSIFICATION;STAGE_SPECIFICITY_NOT_MATERIALIZED,docs/stageR/s2_preflight/S2_Preflight_Exposure_Exclusion_Ledger_v1.json;docs/stageR/r0/manifests/r0_nuplan_historical_use_ledger_v0.1.csv,Derived from frozen identity sets only; no historical result payload was reopened.
2021.09.27.17.06.43_veh-44,true,true,MULTI_STAGE_FROZEN_AGGREGATE,DECLARED_HISTORICAL_OUTCOME_EXPOSURE;RESERVATION_OR_PERMANENT_CONFLICT,DECLARED_IN_FROZEN_AGGREGATE,UNKNOWN_NOT_SEPARATELY_MATERIALIZED,HIGH_FOR_AGGREGATE_CLASSIFICATION;STAGE_SPECIFICITY_NOT_MATERIALIZED,docs/stageR/s2_preflight/S2_Preflight_Exposure_Exclusion_Ledger_v1.json;docs/stageR/r0/manifests/r0_nuplan_historical_use_ledger_v0.1.csv,Derived from frozen identity sets only; no historical result payload was reopened.
2021.09.27.17.52.47_veh-44,true,true,MULTI_STAGE_FROZEN_AGGREGATE,DECLARED_HISTORICAL_OUTCOME_EXPOSURE;RESERVATION_OR_PERMANENT_CONFLICT,DECLARED_IN_FROZEN_AGGREGATE,UNKNOWN_NOT_SEPARATELY_MATERIALIZED,HIGH_FOR_AGGREGATE_CLASSIFICATION;STAGE_SPECIFICITY_NOT_MATERIALIZED,docs/stageR/s2_preflight/S2_Preflight_Exposure_Exclusion_Ledger_v1.json;docs/stageR/r0/manifests/r0_nuplan_historical_use_ledger_v0.1.csv,Derived from frozen identity sets only; no historical result payload was reopened.
2021.09.27.18.51.35_veh-44,true,true,MULTI_STAGE_FROZEN_AGGREGATE,DECLARED_HISTORICAL_OUTCOME_EXPOSURE;RESERVATION_OR_PERMANENT_CONFLICT,DECLARED_IN_FROZEN_AGGREGATE,UNKNOWN_NOT_SEPARATELY_MATERIALIZED,HIGH_FOR_AGGREGATE_CLASSIFICATION;STAGE_SPECIFICITY_NOT_MATERIALIZED,docs/stageR/s2_preflight/S2_Preflight_Exposure_Exclusion_Ledger_v1.json;docs/stageR/r0/manifests/r0_nuplan_historical_use_ledger_v0.1.csv,Derived from frozen identity sets only; no historical result payload was reopened.
2021.09.27.19.43.19_veh-44,true,true,MULTI_STAGE_FROZEN_AGGREGATE,DECLARED_HISTORICAL_OUTCOME_EXPOSURE;RESERVATION_OR_PERMANENT_CONFLICT,DECLARED_IN_FROZEN_AGGREGATE,UNKNOWN_NOT_SEPARATELY_MATERIALIZED,HIGH_FOR_AGGREGATE_CLASSIFICATION;STAGE_SPECIFICITY_NOT_MATERIALIZED,docs/stageR/s2_preflight/S2_Preflight_Exposure_Exclusion_Ledger_v1.json;docs/stageR/r0/manifests/r0_nuplan_historical_use_ledger_v0.1.csv,Derived from frozen identity sets only; no historical result payload was reopened.
2021.09.28.13.24.06_veh-44,true,true,MULTI_STAGE_FROZEN_AGGREGATE,DECLARED_HISTORICAL_OUTCOME_EXPOSURE;RESERVATION_OR_PERMANENT_CONFLICT,DECLARED_IN_FROZEN_AGGREGATE,UNKNOWN_NOT_SEPARATELY_MATERIALIZED,HIGH_FOR_AGGREGATE_CLASSIFICATION;STAGE_SPECIFICITY_NOT_MATERIALIZED,docs/stageR/s2_preflight/S2_Preflight_Exposure_Exclusion_Ledger_v1.json;docs/stageR/r0/manifests/r0_nuplan_historical_use_ledger_v0.1.csv,Derived from frozen identity sets only; no historical result payload was reopened.
2021.09.28.14.23.32_veh-44,true,true,MULTI_STAGE_FROZEN_AGGREGATE,DECLARED_HISTORICAL_OUTCOME_EXPOSURE;RESERVATION_OR_PERMANENT_CONFLICT,DECLARED_IN_FROZEN_AGGREGATE,UNKNOWN_NOT_SEPARATELY_MATERIALIZED,HIGH_FOR_AGGREGATE_CLASSIFICATION;STAGE_SPECIFICITY_NOT_MATERIALIZED,docs/stageR/s2_preflight/S2_Preflight_Exposure_Exclusion_Ledger_v1.json;docs/stageR/r0/manifests/r0_nuplan_historical_use_ledger_v0.1.csv,Derived from frozen identity sets only; no historical result payload was reopened.
2021.09.28.15.17.00_veh-44,true,true,MULTI_STAGE_FROZEN_AGGREGATE,DECLARED_HISTORICAL_OUTCOME_EXPOSURE;RESERVATION_OR_PERMANENT_CONFLICT,DECLARED_IN_FROZEN_AGGREGATE,UNKNOWN_NOT_SEPARATELY_MATERIALIZED,HIGH_FOR_AGGREGATE_CLASSIFICATION;STAGE_SPECIFICITY_NOT_MATERIALIZED,docs/stageR/s2_preflight/S2_Preflight_Exposure_Exclusion_Ledger_v1.json;docs/stageR/r0/manifests/r0_nuplan_historical_use_ledger_v0.1.csv,Derived from frozen identity sets only; no historical result payload was reopened.
2021.09.28.16.09.49_veh-44,true,true,MULTI_STAGE_FROZEN_AGGREGATE,DECLARED_HISTORICAL_OUTCOME_EXPOSURE;RESERVATION_OR_PERMANENT_CONFLICT,DECLARED_IN_FROZEN_AGGREGATE,UNKNOWN_NOT_SEPARATELY_MATERIALIZED,HIGH_FOR_AGGREGATE_CLASSIFICATION;STAGE_SPECIFICITY_NOT_MATERIALIZED,docs/stageR/s2_preflight/S2_Preflight_Exposure_Exclusion_Ledger_v1.json;docs/stageR/r0/manifests/r0_nuplan_historical_use_ledger_v0.1.csv,Derived from frozen identity sets only; no historical result payload was reopened.
2021.09.28.16.50.03_veh-44,true,true,MULTI_STAGE_FROZEN_AGGREGATE,DECLARED_HISTORICAL_OUTCOME_EXPOSURE;RESERVATION_OR_PERMANENT_CONFLICT,DECLARED_IN_FROZEN_AGGREGATE,UNKNOWN_NOT_SEPARATELY_MATERIALIZED,HIGH_FOR_AGGREGATE_CLASSIFICATION;STAGE_SPECIFICITY_NOT_MATERIALIZED,docs/stageR/s2_preflight/S2_Preflight_Exposure_Exclusion_Ledger_v1.json;docs/stageR/r0/manifests/r0_nuplan_historical_use_ledger_v0.1.csv,Derived from frozen identity sets only; no historical result payload was reopened.
2021.09.28.17.43.06_veh-44,true,true,MULTI_STAGE_FROZEN_AGGREGATE,DECLARED_HISTORICAL_OUTCOME_EXPOSURE;RESERVATION_OR_PERMANENT_CONFLICT,DECLARED_IN_FROZEN_AGGREGATE,UNKNOWN_NOT_SEPARATELY_MATERIALIZED,HIGH_FOR_AGGREGATE_CLASSIFICATION;STAGE_SPECIFICITY_NOT_MATERIALIZED,docs/stageR/s2_preflight/S2_Preflight_Exposure_Exclusion_Ledger_v1.json;docs/stageR/r0/manifests/r0_nuplan_historical_use_ledger_v0.1.csv,Derived from frozen identity sets only; no historical result payload was reopened.
2021.09.28.18.22.59_veh-44,true,true,MULTI_STAGE_FROZEN_AGGREGATE,DECLARED_HISTORICAL_OUTCOME_EXPOSURE;RESERVATION_OR_PERMANENT_CONFLICT,DECLARED_IN_FROZEN_AGGREGATE,UNKNOWN_NOT_SEPARATELY_MATERIALIZED,HIGH_FOR_AGGREGATE_CLASSIFICATION;STAGE_SPECIFICITY_NOT_MATERIALIZED,docs/stageR/s2_preflight/S2_Preflight_Exposure_Exclusion_Ledger_v1.json;docs/stageR/r0/manifests/r0_nuplan_historical_use_ledger_v0.1.csv,Derived from frozen identity sets only; no historical result payload was reopened.
2021.09.28.18.57.35_veh-44,true,true,MULTI_STAGE_FROZEN_AGGREGATE,DECLARED_HISTORICAL_OUTCOME_EXPOSURE;RESERVATION_OR_PERMANENT_CONFLICT,DECLARED_IN_FROZEN_AGGREGATE,UNKNOWN_NOT_SEPARATELY_MATERIALIZED,HIGH_FOR_AGGREGATE_CLASSIFICATION;STAGE_SPECIFICITY_NOT_MATERIALIZED,docs/stageR/s2_preflight/S2_Preflight_Exposure_Exclusion_Ledger_v1.json;docs/stageR/r0/manifests/r0_nuplan_historical_use_ledger_v0.1.csv,Derived from frozen identity sets only; no historical result payload was reopened.
2021.09.28.19.55.30_veh-44,true,true,MULTI_STAGE_FROZEN_AGGREGATE,DECLARED_HISTORICAL_OUTCOME_EXPOSURE;RESERVATION_OR_PERMANENT_CONFLICT,DECLARED_IN_FROZEN_AGGREGATE,UNKNOWN_NOT_SEPARATELY_MATERIALIZED,HIGH_FOR_AGGREGATE_CLASSIFICATION;STAGE_SPECIFICITY_NOT_MATERIALIZED,docs/stageR/s2_preflight/S2_Preflight_Exposure_Exclusion_Ledger_v1.json;docs/stageR/r0/manifests/r0_nuplan_historical_use_ledger_v0.1.csv,Derived from frozen identity sets only; no historical result payload was reopened.
2021.09.30.13.08.26_veh-44,true,true,MULTI_STAGE_FROZEN_AGGREGATE,DECLARED_HISTORICAL_OUTCOME_EXPOSURE;RESERVATION_OR_PERMANENT_CONFLICT,DECLARED_IN_FROZEN_AGGREGATE,UNKNOWN_NOT_SEPARATELY_MATERIALIZED,HIGH_FOR_AGGREGATE_CLASSIFICATION;STAGE_SPECIFICITY_NOT_MATERIALIZED,docs/stageR/s2_preflight/S2_Preflight_Exposure_Exclusion_Ledger_v1.json;docs/stageR/r0/manifests/r0_nuplan_historical_use_ledger_v0.1.csv,Derived from frozen identity sets only; no historical result payload was reopened.
2021.09.30.13.54.09_veh-44,true,true,MULTI_STAGE_FROZEN_AGGREGATE,DECLARED_HISTORICAL_OUTCOME_EXPOSURE;RESERVATION_OR_PERMANENT_CONFLICT,DECLARED_IN_FROZEN_AGGREGATE,UNKNOWN_NOT_SEPARATELY_MATERIALIZED,HIGH_FOR_AGGREGATE_CLASSIFICATION;STAGE_SPECIFICITY_NOT_MATERIALIZED,docs/stageR/s2_preflight/S2_Preflight_Exposure_Exclusion_Ledger_v1.json;docs/stageR/r0/manifests/r0_nuplan_historical_use_ledger_v0.1.csv,Derived from frozen identity sets only; no historical result payload was reopened.
2021.09.30.15.05.51_veh-44,true,true,MULTI_STAGE_FROZEN_AGGREGATE,DECLARED_HISTORICAL_OUTCOME_EXPOSURE;RESERVATION_OR_PERMANENT_CONFLICT,DECLARED_IN_FROZEN_AGGREGATE,UNKNOWN_NOT_SEPARATELY_MATERIALIZED,HIGH_FOR_AGGREGATE_CLASSIFICATION;STAGE_SPECIFICITY_NOT_MATERIALIZED,docs/stageR/s2_preflight/S2_Preflight_Exposure_Exclusion_Ledger_v1.json;docs/stageR/r0/manifests/r0_nuplan_historical_use_ledger_v0.1.csv,Derived from frozen identity sets only; no historical result payload was reopened.
2021.09.30.17.20.14_veh-44,true,true,MULTI_STAGE_FROZEN_AGGREGATE,DECLARED_HISTORICAL_OUTCOME_EXPOSURE;RESERVATION_OR_PERMANENT_CONFLICT,DECLARED_IN_FROZEN_AGGREGATE,UNKNOWN_NOT_SEPARATELY_MATERIALIZED,HIGH_FOR_AGGREGATE_CLASSIFICATION;STAGE_SPECIFICITY_NOT_MATERIALIZED,docs/stageR/s2_preflight/S2_Preflight_Exposure_Exclusion_Ledger_v1.json;docs/stageR/r0/manifests/r0_nuplan_historical_use_ledger_v0.1.csv,Derived from frozen identity sets only; no historical result payload was reopened.
2021.09.30.18.01.05_veh-44,true,true,MULTI_STAGE_FROZEN_AGGREGATE,DECLARED_HISTORICAL_OUTCOME_EXPOSURE;RESERVATION_OR_PERMANENT_CONFLICT,DECLARED_IN_FROZEN_AGGREGATE,UNKNOWN_NOT_SEPARATELY_MATERIALIZED,HIGH_FOR_AGGREGATE_CLASSIFICATION;STAGE_SPECIFICITY_NOT_MATERIALIZED,docs/stageR/s2_preflight/S2_Preflight_Exposure_Exclusion_Ledger_v1.json;docs/stageR/r0/manifests/r0_nuplan_historical_use_ledger_v0.1.csv,Derived from frozen identity sets only; no historical result payload was reopened.
2021.09.30.19.11.40_veh-44,true,true,MULTI_STAGE_FROZEN_AGGREGATE,DECLARED_HISTORICAL_OUTCOME_EXPOSURE;RESERVATION_OR_PERMANENT_CONFLICT,DECLARED_IN_FROZEN_AGGREGATE,UNKNOWN_NOT_SEPARATELY_MATERIALIZED,HIGH_FOR_AGGREGATE_CLASSIFICATION;STAGE_SPECIFICITY_NOT_MATERIALIZED,docs/stageR/s2_preflight/S2_Preflight_Exposure_Exclusion_Ledger_v1.json;docs/stageR/r0/manifests/r0_nuplan_historical_use_ledger_v0.1.csv,Derived from frozen identity sets only; no historical result payload was reopened.
2021.10.01.12.54.53_veh-44,true,true,MULTI_STAGE_FROZEN_AGGREGATE,DECLARED_HISTORICAL_OUTCOME_EXPOSURE;RESERVATION_OR_PERMANENT_CONFLICT,DECLARED_IN_FROZEN_AGGREGATE,UNKNOWN_NOT_SEPARATELY_MATERIALIZED,HIGH_FOR_AGGREGATE_CLASSIFICATION;STAGE_SPECIFICITY_NOT_MATERIALIZED,docs/stageR/s2_preflight/S2_Preflight_Exposure_Exclusion_Ledger_v1.json;docs/stageR/r0/manifests/r0_nuplan_historical_use_ledger_v0.1.csv,Derived from frozen identity sets only; no historical result payload was reopened.
2021.10.01.14.16.29_veh-44,true,true,MULTI_STAGE_FROZEN_AGGREGATE,DECLARED_HISTORICAL_OUTCOME_EXPOSURE;RESERVATION_OR_PERMANENT_CONFLICT,DECLARED_IN_FROZEN_AGGREGATE,UNKNOWN_NOT_SEPARATELY_MATERIALIZED,HIGH_FOR_AGGREGATE_CLASSIFICATION;STAGE_SPECIFICITY_NOT_MATERIALIZED,docs/stageR/s2_preflight/S2_Preflight_Exposure_Exclusion_Ledger_v1.json;docs/stageR/r0/manifests/r0_nuplan_historical_use_ledger_v0.1.csv,Derived from frozen identity sets only; no historical result payload was reopened.
2021.10.01.14.49.24_veh-44,true,true,MULTI_STAGE_FROZEN_AGGREGATE,DECLARED_HISTORICAL_OUTCOME_EXPOSURE;RESERVATION_OR_PERMANENT_CONFLICT,DECLARED_IN_FROZEN_AGGREGATE,UNKNOWN_NOT_SEPARATELY_MATERIALIZED,HIGH_FOR_AGGREGATE_CLASSIFICATION;STAGE_SPECIFICITY_NOT_MATERIALIZED,docs/stageR/s2_preflight/S2_Preflight_Exposure_Exclusion_Ledger_v1.json;docs/stageR/r0/manifests/r0_nuplan_historical_use_ledger_v0.1.csv,Derived from frozen identity sets only; no historical result payload was reopened.
2021.10.01.16.53.37_veh-44,true,true,MULTI_STAGE_FROZEN_AGGREGATE,DECLARED_HISTORICAL_OUTCOME_EXPOSURE;RESERVATION_OR_PERMANENT_CONFLICT,DECLARED_IN_FROZEN_AGGREGATE,UNKNOWN_NOT_SEPARATELY_MATERIALIZED,HIGH_FOR_AGGREGATE_CLASSIFICATION;STAGE_SPECIFICITY_NOT_MATERIALIZED,docs/stageR/s2_preflight/S2_Preflight_Exposure_Exclusion_Ledger_v1.json;docs/stageR/r0/manifests/r0_nuplan_historical_use_ledger_v0.1.csv,Derived from frozen identity sets only; no historical result payload was reopened.
2021.10.01.17.28.18_veh-44,true,true,MULTI_STAGE_FROZEN_AGGREGATE,DECLARED_HISTORICAL_OUTCOME_EXPOSURE;RESERVATION_OR_PERMANENT_CONFLICT,DECLARED_IN_FROZEN_AGGREGATE,UNKNOWN_NOT_SEPARATELY_MATERIALIZED,HIGH_FOR_AGGREGATE_CLASSIFICATION;STAGE_SPECIFICITY_NOT_MATERIALIZED,docs/stageR/s2_preflight/S2_Preflight_Exposure_Exclusion_Ledger_v1.json;docs/stageR/r0/manifests/r0_nuplan_historical_use_ledger_v0.1.csv,Derived from frozen identity sets only; no historical result payload was reopened.
2021.10.01.18.24.31_veh-44,true,true,MULTI_STAGE_FROZEN_AGGREGATE,DECLARED_HISTORICAL_OUTCOME_EXPOSURE;RESERVATION_OR_PERMANENT_CONFLICT,DECLARED_IN_FROZEN_AGGREGATE,UNKNOWN_NOT_SEPARATELY_MATERIALIZED,HIGH_FOR_AGGREGATE_CLASSIFICATION;STAGE_SPECIFICITY_NOT_MATERIALIZED,docs/stageR/s2_preflight/S2_Preflight_Exposure_Exclusion_Ledger_v1.json;docs/stageR/r0/manifests/r0_nuplan_historical_use_ledger_v0.1.csv,Derived from frozen identity sets only; no historical result payload was reopened.
2021.10.01.18.57.27_veh-44,true,true,MULTI_STAGE_FROZEN_AGGREGATE,DECLARED_HISTORICAL_OUTCOME_EXPOSURE;RESERVATION_OR_PERMANENT_CONFLICT,DECLARED_IN_FROZEN_AGGREGATE,UNKNOWN_NOT_SEPARATELY_MATERIALIZED,HIGH_FOR_AGGREGATE_CLASSIFICATION;STAGE_SPECIFICITY_NOT_MATERIALIZED,docs/stageR/s2_preflight/S2_Preflight_Exposure_Exclusion_Ledger_v1.json;docs/stageR/r0/manifests/r0_nuplan_historical_use_ledger_v0.1.csv,Derived from frozen identity sets only; no historical result payload was reopened.
2021.10.01.19.16.42_veh-28,true,true,MULTI_STAGE_FROZEN_AGGREGATE,DECLARED_HISTORICAL_OUTCOME_EXPOSURE;RESERVATION_OR_PERMANENT_CONFLICT,DECLARED_IN_FROZEN_AGGREGATE,UNKNOWN_NOT_SEPARATELY_MATERIALIZED,HIGH_FOR_AGGREGATE_CLASSIFICATION;STAGE_SPECIFICITY_NOT_MATERIALIZED,docs/stageR/s2_preflight/S2_Preflight_Exposure_Exclusion_Ledger_v1.json;docs/stageR/r0/manifests/r0_nuplan_historical_use_ledger_v0.1.csv,Derived from frozen identity sets only; no historical result payload was reopened.
2021.10.05.07.10.04_veh-52,true,true,MULTI_STAGE_FROZEN_AGGREGATE,DECLARED_HISTORICAL_OUTCOME_EXPOSURE;RESERVATION_OR_PERMANENT_CONFLICT,DECLARED_IN_FROZEN_AGGREGATE,UNKNOWN_NOT_SEPARATELY_MATERIALIZED,HIGH_FOR_AGGREGATE_CLASSIFICATION;STAGE_SPECIFICITY_NOT_MATERIALIZED,docs/stageR/s2_preflight/S2_Preflight_Exposure_Exclusion_Ledger_v1.json;docs/stageR/r0/manifests/r0_nuplan_historical_use_ledger_v0.1.csv,Derived from frozen identity sets only; no historical result payload was reopened.
2021.10.06.07.26.10_veh-52,true,true,MULTI_STAGE_FROZEN_AGGREGATE,DECLARED_HISTORICAL_OUTCOME_EXPOSURE;RESERVATION_OR_PERMANENT_CONFLICT,DECLARED_IN_FROZEN_AGGREGATE,UNKNOWN_NOT_SEPARATELY_MATERIALIZED,HIGH_FOR_AGGREGATE_CLASSIFICATION;STAGE_SPECIFICITY_NOT_MATERIALIZED,docs/stageR/s2_preflight/S2_Preflight_Exposure_Exclusion_Ledger_v1.json;docs/stageR/r0/manifests/r0_nuplan_historical_use_ledger_v0.1.csv,Derived from frozen identity sets only; no historical result payload was reopened.
2021.10.06.17.43.07_veh-28,true,true,MULTI_STAGE_FROZEN_AGGREGATE,DECLARED_HISTORICAL_OUTCOME_EXPOSURE;RESERVATION_OR_PERMANENT_CONFLICT,DECLARED_IN_FROZEN_AGGREGATE,UNKNOWN_NOT_SEPARATELY_MATERIALIZED,HIGH_FOR_AGGREGATE_CLASSIFICATION;STAGE_SPECIFICITY_NOT_MATERIALIZED,docs/stageR/s2_preflight/S2_Preflight_Exposure_Exclusion_Ledger_v1.json;docs/stageR/r0/manifests/r0_nuplan_historical_use_ledger_v0.1.csv,Derived from frozen identity sets only; no historical result payload was reopened.
2021.10.11.02.57.41_veh-50,true,true,MULTI_STAGE_FROZEN_AGGREGATE,DECLARED_HISTORICAL_OUTCOME_EXPOSURE;RESERVATION_OR_PERMANENT_CONFLICT,DECLARED_IN_FROZEN_AGGREGATE,UNKNOWN_NOT_SEPARATELY_MATERIALIZED,HIGH_FOR_AGGREGATE_CLASSIFICATION;STAGE_SPECIFICITY_NOT_MATERIALIZED,docs/stageR/s2_preflight/S2_Preflight_Exposure_Exclusion_Ledger_v1.json;docs/stageR/r0/manifests/r0_nuplan_historical_use_ledger_v0.1.csv,Derived from frozen identity sets only; no historical result payload was reopened.
2021.10.11.07.12.18_veh-50,true,true,MULTI_STAGE_FROZEN_AGGREGATE,DECLARED_HISTORICAL_OUTCOME_EXPOSURE;RESERVATION_OR_PERMANENT_CONFLICT,DECLARED_IN_FROZEN_AGGREGATE,UNKNOWN_NOT_SEPARATELY_MATERIALIZED,HIGH_FOR_AGGREGATE_CLASSIFICATION;STAGE_SPECIFICITY_NOT_MATERIALIZED,docs/stageR/s2_preflight/S2_Preflight_Exposure_Exclusion_Ledger_v1.json;docs/stageR/r0/manifests/r0_nuplan_historical_use_ledger_v0.1.csv,Derived from frozen identity sets only; no historical result payload was reopened.
2021.10.11.08.31.07_veh-50,true,true,MULTI_STAGE_FROZEN_AGGREGATE,DECLARED_HISTORICAL_OUTCOME_EXPOSURE;RESERVATION_OR_PERMANENT_CONFLICT,DECLARED_IN_FROZEN_AGGREGATE,UNKNOWN_NOT_SEPARATELY_MATERIALIZED,HIGH_FOR_AGGREGATE_CLASSIFICATION;STAGE_SPECIFICITY_NOT_MATERIALIZED,docs/stageR/s2_preflight/S2_Preflight_Exposure_Exclusion_Ledger_v1.json;docs/stageR/r0/manifests/r0_nuplan_historical_use_ledger_v0.1.csv,Derived from frozen identity sets only; no historical result payload was reopened.
